x	y
0.800086445972338	0.946911688358059
0.256126153540278	0.286878254280035
1.06169703810827	0.527106169202424
1.325541173279	0.596317804415036
0.609606831450494	0.456495941867013
0.382977861773991	0.173399486459477
0.157056474373317	0.0303984095560313
0.599475823370975	0.316333860255882
1.57062312759593	0.798124052962526
1.56251873611041	0.792025869992769
1.45207421539656	0.485631123308653
-0.157429928516155	0.0563246787393181
0.132294927891351	0.056942707707551
1.55819382074698	0.785193524974265
1.9613717712777	0.470903909509444
0.884156785481943	1.17606387530536
0.254578421320604	0.23283038969991
-0.0642264158788471	0.0403874327513935
1.44263408822009	0.905388234124268
0.692164136492928	0.776498275208073
0.782336551267902	0.728636859139911
-0.0543304284688572	0.0401303350303361
0.186405697228765	0.136365255645255
-0.212459100283454	0.0694889731401476
1.45730188638128	0.488260410534648
0.317214202749806	0.201906820460812
0.88132810868173	0.996255223472511
0.737097337304112	0.896912267175883
0.188615859816966	0.157272267444457
0.984754655482199	1.35296376208663
-0.0594678068579698	0.0261805048059701
-0.29127914145174	0.208551366788194
0.448255911848636	0.319673250186153
0.0225474869894767	0.0187614045708813
0.252967942974146	0.218445798496438
-1.67692592394509	0.973200620856142
-0.52305527712639	0.201845077333667
0.314466668344469	0.186999959946074
3.92874288694813	1.75035531053454
2.75863284516271	0.79267969100207
0.953397312790705	0.252738122158945
0.157056474373317	0.0303984095560313
1.96463092715103	0.470372342687103
1.57038684410817	0.807034365925312
1.82336730645351	0.727498434871424
1.45875777005853	0.49161470941807
0.669700188276656	0.216836591054402
-1.34492479987824	0.832383708197274
0.167211965822622	0.0499310747495658
1.82217654089451	0.725748167802471
1.95091599911854	1.24022220190779
-0.349006134070706	0.101786523630064
-0.960244855195355	0.590329228215385
0.1550686105067	0.039449504415366
0.157631418222578	0.0304971390385879
1.9613717712777	0.470903909509444
0.152059452718086	0.029590171141199
-1.79522376365631	0.406159618358576
-1.79522376365631	0.406159618358576
1.96463092715103	0.470372342687103
1.9613717712777	0.470903909509444
0.157056474373317	0.0303984095560313
-1.80012731460838	0.40572439661199
1.96463092715103	0.470372342687103
0.158853586683032	0.0400451082866164
1.96025897070573	0.471212877436839
-1.79541110556836	0.406108159138969
0.158321872008447	0.03054890339565
3.64031826737114	1.45820478057553
0.170907934848088	0.043117938222106
0.165310764697054	0.0422104497686673
0.157631418222578	0.0304971390385879
0.668337249898722	0.213347782342272
2.75734920342264	0.799800653832186
0.682787050335203	0.214730868456889
0.157056474373317	0.0303984095560313
-0.62578517099276	0.152177768086576
1.9613717712777	0.470903909509444
2.762173012355	0.796052683519412
1.96025897070573	0.471212877436839
1.45207421539656	0.485631123308653
-1.51396593073936	0.54893460092185
1.45461172869713	0.491065821848087
0.672365927723615	0.21584689717513
0.956965590292449	0.254225160809089
-0.147689713388894	0.054302242157111
-1.48762416015307	0.767995752527931
0.145837129647114	0.050508335078259
1.45351865984672	0.48998410568291
-2.57450915234243	0.686119713628322
0.149753042092279	0.0513775172434915
1.05989018252894	0.522651345178673
0.315709412610373	0.188747659977133
0.905168344832546	0.760028594358673
0.336432824220694	0.183462299034757
0.348543442015972	0.174525034307841
0.840155979392696	0.755577306148764
0.949179223324765	0.63927930543932
0.167565693401252	0.117507633237898
0.465543784725584	0.313450001685679
0.387080134369189	0.176834600669231
-0.103108245468062	0.0414262982029437
0.312456909556706	0.200024422452503
1.58430590594349	0.776973203207176
0.600381801701785	0.314664057881441
1.76520644642443	1.34747988635918
1.77593308340252	1.01191243407977
0.35441750461925	0.179326478645246
0.386888833782198	0.175375073750176
0.1535714904589	0.0530493054972145
-3.45442672204145	1.24810798046793
0.44012960476333	0.180773267026075
1.75653572848267	1.33380343785561
1.57545477110877	0.793844573566136
0.895106216014338	0.488254417584299
1.96277491585181	1.25715130566345
1.07158510393809	1.23950342586209
-0.428803943435813	0.429649391300714
-0.229505410798325	0.0753532432921718
0.899563699291533	0.493503891378626
0.378894306449534	0.330703983033828
-0.0831672453799471	0.0611954339393537
0.505486978040019	0.512256752250384
0.165674434882817	0.0422257308822068
0.472940575240969	0.31981654261465
1.23616041890684	1.45664618097418
-0.0665650983709391	0.048592160327602
0.597662241467725	0.314949505765137
-0.178113725082279	0.160441353115937
-2.35191172551482	2.98065356595627
0.338801158516093	0.31703259966535
-0.0295723777266221	0.0192210403915123
0.463280535566036	0.310147584650465
0.899563699291533	0.493503891378626
-1.24251411447139	0.924966138278699
0.392675529463565	0.179936093229491
-0.163360049441566	0.0592738806217109
0.650605755925561	0.45002805398467
-0.321486324682003	0.148589743568557
0.600945199584089	0.31448054781532
0.644805495575746	0.449976936432484
1.11395951913851	0.989256544187023
0.676942597881894	0.319582914433932
-0.0594678068579698	0.0261805048059701
-2.35700731014177	2.09472105556688
0.173233781722069	0.0985969419818313
-0.110227454682548	0.064770603347288
0.0470718428436566	0.0287551145636774
2.24616893981017	2.43084948297267
0.647377741930499	0.583019856927559
0.823928627919689	0.952838356019389
0.168209700018051	0.108088060277885
1.53634939727667	1.29652523697423
0.662030287312804	0.590085035545677
0.180687260545143	0.133395554889734
0.186662743898862	0.137257359309622
0.420684748859981	0.406389202677341
-0.62409333671727	0.15194082521988
0.329531159143259	0.178882010156649
0.177560317027639	0.114861846623742
1.68551377367945	1.9186653012896
-0.115179200462388	0.0815023979014475
0.482038189142146	0.423288250239276
-0.799709146359091	0.681940285539953
0.388250939967202	0.328040760727434
0.481017976947576	0.439376727571
0.33937660386133	0.187473410645589
-0.335382427157093	0.200502384729431
-0.406507077193562	0.226692154661366
0.00125411006019113	0.000498062350842814
0.154276835937564	0.0741332975952862
0.1465405233427	0.0566450450736671
1.23381569018742	1.02036172951387
1.56351435452967	0.783250075911372
2.4046037526289	2.04970481136555
0.301454628505036	0.19134960600974
-1.10039612556496	0.748741984460697
0.152044490767477	0.0729965054247213
0.151877457598593	0.0801611724132129
0.606868060437385	0.319371836719166
-0.151756236463228	0.0557391336018927
-0.393059459925194	0.217571692396565
-0.196513260748731	0.131295342923204
0.31730170988391	0.32256398106545
0.11491780897116	0.0891711285410534
-0.403367960325776	0.223433824178664
1.3912474375845	1.06917122864192
0.177867514298702	0.113460168475008
0.0525986922480469	0.02999767907952
1.9613717712777	0.470903909509444
0.391207634083038	0.177834905659041
0.334748226887763	0.180976561315845
0.301340473401714	0.202513552257883
-0.40146648526907	0.269619010274289
0.607794951329579	0.316739665979552
0.0916749812195573	0.0666484873579045
-0.195502067550205	0.149483287980867
-1.02343569411272	0.905600966304477
-0.467565461701207	0.388206730540794
0.685804936005516	0.3264113043121
1.03228256529356	0.39631348486546
0.684244863758359	0.325476385061808
0.138920554075148	0.0478149779208171
2.35332561110829	1.20318471800451
1.57304047546568	0.805716297602441
0.334392749233272	0.183045010129409
0.348285106625776	0.190940381978498
-0.232161573578204	0.147742334792432
0.0942464602032956	0.0672490811989298
0.0557108666489102	0.0357071343399393
0.721725475626749	0.714526629475196
-0.29682095536811	0.214982892499886
0.298758404751528	0.20392669001029
0.350194084827507	0.321449890643052
0.597804640246033	0.65088123466059
0.665831802672584	0.825082825934317
0.181868104038734	0.128315586243414
0.483511497477659	0.421801502685506
-0.397689518077629	0.274198272464736
0.482584045633355	0.590941550344606
0.895194449633419	0.901034679636591
0.16344205217709	0.0920480912679176
0.844209375806939	0.870995206059469
-0.343268806146835	0.0999183449449793
1.05523616489369	0.518655543701015
0.950654218295308	0.25253240285929
-0.0290142535201503	0.0137542230945568
0.326604191652875	0.178596507307098
0.387283247940577	0.175687185886347
-0.648860346788976	0.622167413644617
-0.0269735831602235	0.0127378698404696
0.488074428474988	0.429297538802848
-0.614951701291774	0.497220203606774
-0.106885809439127	0.0426225398083229
-0.736974202582871	0.25698901940374
3.26821961846391	1.12055426106264
-0.148712408233657	0.0546464053678112
-0.145243705028264	0.0814775727549371
0.682284101830331	0.324026467909836
-1.22171689618797	0.896692209255703
0.176413248679639	0.114243798211851
-0.0095176804345512	0.00734890130186481
1.10792452049696	1.46702224476573
0.518859807673435	0.546930381462724
0.525250813628876	0.536508759303245
1.44363095651863	2.13517388958431
0.332670868353289	0.33413412655417
0.389562580998689	0.327064823257126
0.343017191136948	0.167895034525086
0.288098454676669	0.224216982375045
0.173495707981754	0.117993710111264
0.521966068848203	0.531459752816383
0.683956023000004	0.321985225947607
0.678233728913857	0.322034529176371
0.169500822342444	0.103320064788455
0.561906774741795	0.438945713360623
-0.611337341427924	0.495138415486644
0.58405977349211	0.5587166140718
0.613594511880238	0.457433220729844
0.383886969187111	0.174624801075651
-0.343542423818443	0.10090975164114
1.06401084594047	0.530069212232045
1.06194942317421	0.523340149187415
0.897689689355742	0.491637407482036
-0.927871230310124	0.670801583994722
0.446585379791805	0.183721184032664
0.345922393888794	0.190348009585995
1.40777072668298	1.72360751778923
0.0910304259042368	0.0656259768513399
0.576908704191462	0.541429016774194
0.279518256646561	0.216299867213483
3.26735525568462	1.11469211429917
-0.0446852542322183	0.0206111855892799
0.160400851667561	0.0483731984970343
-0.402275069733286	0.171940950121467
0.319386509410928	0.191971236002303
-0.118309077081421	0.069797800578777
0.508727138423697	0.434809735395941
0.309198675472558	0.210629810942055
1.02381338754745	0.956442422844192
0.44710736026815	0.427150607023085
0.604211330966139	0.319344587716958
-0.0559164464586537	0.0245617663343845
0.323070289316494	0.193742342236606
-0.724489220764226	0.25507339261849
-0.777898816341768	0.348631200573361
2.75863284516271	0.79267969100207
0.393041040810021	0.179952823576791
1.03654154158417	0.402707767551167
0.1683284801037	0.0881129199488625
-0.0549324392000638	0.0241101131830825
-0.51004204381343	0.38213908793189
-0.403158605954692	0.225778271586202
-0.00424561717195066	0.00213410744530376
1.06522744281522	1.19729010011202
0.431298319682541	0.433644731661449
1.16351115161337	1.70463918610449
0.612120434692795	0.767108446671724
0.63475771252336	0.65658426903006
0.440480997422345	0.417700189229608
0.952383911329885	0.923856898600347
0.899924032092889	1.34731035435733
0.175447549690709	0.12419628337251
0.854807197416472	0.948195489739516
-2.57994643475892	0.682934722662173
1.02411335305146	0.95075489945975
-0.400914956040968	0.221117849601664
1.07307691123601	0.658708914320812
0.160792218592371	0.0848810459402872
-0.50622371203115	0.265602440040445
0.083278531723627	0.0560460734760171
0.467528754746533	0.315886362650646
0.943539442576884	1.13334141802564
0.435228553436571	0.328741804744787
0.1502236116069	0.0721032676604493
-0.650003868406761	0.383107917074778
0.603305616358923	0.318625443315838
1.03922988577136	0.400124112296972
1.8219271179281	0.726018448121517
-1.02734963908132	0.419609489752489
-0.98967097149241	0.502860102612123
-0.110964285136927	0.0446593629488768
0.789882233974888	0.473412192686086
-0.307054075675235	0.141889807779027
0.329830857312506	0.197177259501692
0.703650820008093	0.699701923174784
-0.352219700845832	0.249316209858917
-0.571066470698267	0.513588495988898
0.0967464885975152	0.0698256922237056
0.470086399428489	0.428536524602006
0.385771962945323	0.325698198283356
0.513022153090935	0.534989764240221
-0.312051458394623	0.144452926263228
0.178675940452175	0.119140714185006
-0.604020902110781	0.487984386776664
0.162378104800928	0.0310834456145106
-0.0476847429413661	0.0208312069901775
-0.790433983093676	0.432770530923929
-0.493845680698758	0.257496190239847
0.154149877156799	0.0667539132620519
-1.28187489657804	0.591911920368312
0.533510380012856	0.549353712508397
0.166522702184962	0.101811258690796
1.03548828344237	0.956775522155331
0.879687999388841	1.09385794973553
0.721663380048943	0.462691348304559
0.35758699559787	0.180227051071045
0.146696149903828	0.0705377483029001
-1.17143679472324	0.666916664569592
2.1110217653764	0.962555227661631
0.474921847722342	0.317588943403816
1.44006986638871	0.897825978678627
-0.0695347745751546	0.0304385311438849
-1.47389672473581	1.02104517259166
-0.315454987701551	0.256794812933707
0.505634798994952	0.529380403788969
-0.105441642634353	0.0748295794579038
-0.00143151763664582	0.00102464333360034
0.275490013537237	0.236093836949629
0.756640395361733	0.82899594821231
0.890967745531523	0.904038228007371
0.632275138647053	0.887268058266413
0.944233207647909	0.629530674351341
0.548493732862467	0.31635946026893
-0.880200343273559	0.938327241848982
4.17385632901306	2.04689516277779
-2.46754735152783	1.3833522785775
-0.151540264597381	0.0553347237091548
-1.32705014469648	0.83546996186503
0.808856832713135	0.346851612844531
-0.0731387690665572	0.0316852653081269
0.615993916050974	0.658665342965772
-0.00206923825311539	0.0010616512828728
-0.14121178309017	0.0794794416613955
0.163542596178248	0.104360373222716
0.172903765076792	0.117431928322988
0.458680892726169	0.304437799214134
2.35481657035742	1.20953636231127
1.04021638335115	0.398783042992239
-0.724489220764226	0.25507339261849
2.89713960660234	1.98611224510676
-0.221342553774888	0.0725818506925159
1.24903799583027	0.865698124165188
-0.674519229011866	0.468605031098438
0.429538762678734	0.422626612510909
-0.1550956152641	0.1186236899705
0.429837839638972	0.40891258497117
0.689223041498153	0.672957630984602
0.327126009328632	0.311284149867815
0.51810084676485	0.525138516474806
1.55093444118044	2.48415124783215
0.643197899316901	0.669175882316332
0.67510176025545	0.983650852650432
0.171543170787978	0.116257118426035
-1.02620966872653	0.41818337996543
0.721809426985457	0.586998554053241
-0.551978417851225	0.347296108175297
1.4531651131754	0.486692367864221
-0.98623770485444	0.501884047923389
-0.776596766990149	0.34470048142242
1.76432258222703	1.36103466647005
-0.159782311103711	0.0581470514010481
0.156362079123358	0.0596414178295527
-0.230363013785918	0.147597720934363
-0.343778504625385	0.205139746197643
0.961799926326295	0.934513488039394
0.377216465589564	0.300421601576612
0.155527670757333	0.0745668071060878
0.895443901675948	0.48741654733456
1.45974817561396	0.923437913170731
1.45875777005853	0.49161470941807
-0.774843523169183	0.346849078323959
0.143445720753174	0.0557160838352611
0.453161961106726	0.323813994424225
0.137495444484056	0.0597099792716302
-0.0364336572886564	0.0171148445105212
1.34348851142325	1.38502463329948
0.0468333468674677	0.0286907620402157
-0.285264153676565	0.203755058635498
0.0776517731271216	0.0517177354131825
0.169660466763079	0.123656125432829
0.872955412187272	0.992716854407126
1.38767459311098	1.06427402548611
0.948870227392766	0.928147896634575
0.340304132148247	0.297150281070952
0.499991640632812	0.598727915676361
0.807083617303908	1.34719101378403
0.71714601991912	0.854086314547245
0.362757488753591	0.428848898268972
0.359167607917579	0.35376215614776
0.500479978551382	0.444151835887643
-0.913550185455447	0.756785079414697
-0.785060478140712	0.8433620246438
0.578465466720527	0.456058976825793
0.519274334222245	0.189240619758764
0.598896237858314	0.309673725930072
0.99005491552174	0.787799068617459
-1.03439373371663	0.41922059845391
0.685224283557541	0.323531312076611
0.00091014447647428	0.000713888402223818
-0.300118435988429	0.217578947258745
0.639378139944122	0.571553654726508
0.274616093909506	0.247901195772855
1.32394876811964	1.52449001859494
-0.0508807272482204	0.0220871614615947
0.538232602313762	0.308738283935595
-0.796937085826692	0.439419711255689
-0.804897809885825	0.528776284865509
0.694516125098928	0.68701799689808
-0.19280432925076	0.162764782310424
2.10308342870236	3.13429614141353
-0.0519102359466404	0.038510073840822
0.392763364467948	0.442191023079914
0.412259703066866	0.42253122611967
0.254718339867462	0.24164569620562
0.763038745178424	1.06787232217613
0.798429691130399	1.02953650429806
0.389241985750442	0.413722037642864
0.949100823309553	0.9205519352151
1.05990943537018	1.21367482837999
0.295419689986152	0.211955037472473
0.462406051588224	0.591580254319914
0.612223602246863	0.648242439770164
0.565247429876957	0.447062656372887
0.267778758445077	0.234871716128657
-0.229335047274369	0.148868386814346
0.951414185174262	0.640910571264313
0.146849141005884	0.0568003585590321
-0.0664075490831525	0.0289816569429793
0.0332056338234095	0.0188426896928531
-0.309888080210794	0.143138314822719
1.56629393122933	0.800830556955224
-0.492907497147047	0.256771278272086
0.387080134369189	0.176834600669231
1.00047183337034	1.16487272248006
-0.804347985731775	0.442201781767738
0.167218965048446	0.0947255931624515
1.8219271179281	0.726018448121517
-0.984370173910544	0.498898517233409
1.03912222698575	0.39971781200683
1.1062078481566	0.820566184102321
0.141869992089368	0.0543333328532659
-0.490893346561473	0.409158671175307
0.326129913033384	0.195004720183801
0.889744711650779	1.18476646849594
-0.712487304948967	0.674450432468728
0.788627254379843	0.93059792689161
-0.473359952402507	0.398617979513395
-0.662576909048172	0.631439027253978
0.542830259091892	0.628256695225966
0.259447140893724	0.22645861406977
-0.404652986151602	0.279200892746145
0.897335696061997	0.492448294228436
0.789181058478453	0.61333433078444
0.665822632275332	0.829962641967323
0.532061602754827	0.436997180384294
0.978989056278541	1.05796725996408
-0.333953197794469	0.296128475549931
0.853631554274723	0.615604804330215
0.560389637639815	0.438372940599926
0.172010238640468	0.116608001072301
2.75863284516271	0.79267969100207
-0.790602706285443	0.517688486068579
0.387647419270421	0.177333401199497
-0.311238773868407	0.144906116820247
0.147198894985633	0.056556748710402
-0.0170617214364757	0.0127623584867673
0.848510450110215	0.766167607274619
0.603257332863641	0.554240002925867
0.392681072385655	0.318928890667157
1.12418548787434	0.985668616185471
0.443232887814582	0.180488409106863
0.616108843094652	0.320893394388125
0.952024225447137	0.254550165942042
-0.147413525125714	0.0541557128042683
-0.32551125000159	0.149305492987448
1.33458883575617	0.582708843043995
-0.324052228426134	0.191531479569443
-0.0567953515640857	0.0249611544161382
-0.26671944485524	0.19876801530451
0.36800812826189	0.314570379576577
0.366014479122005	0.317356563698557
-0.0183481928785978	0.0120252431793287
0.59700293745666	0.571628583545816
1.09819075478017	1.45656644289981
0.40649054210495	0.427032076746326
-0.781932151643022	0.835657451672665
0.920045458840167	1.1988437779309
0.995791850320992	0.807279509242195
1.77143882436854	1.75076601840079
0.534036568797988	0.548242278717442
0.535188730919106	0.532699365822593
-0.0255832497012493	0.0121270450468336
0.089765242046297	0.065011403125398
-0.0263208549982908	0.0197017875986083
0.0501402751250367	0.0401421172727995
0.763718846819318	0.834700688672056
-0.511461027388958	0.384507886791445
-0.226994851075598	0.074404091761554
0.74517677812878	0.612256044009863
0.0191191051263233	0.0103279821810326
0.161910749638676	0.0490513039831909
0.398103889241863	0.181475912925545
0.683555054936013	0.324866642542886
-0.219259833165648	0.0720995324237527
-0.0398667618942258	0.0251177395621169
1.53131092932497	1.8018771009271
0.175840071230227	0.119263762699121
0.160077972681706	0.0959994750584148
-0.065449021002455	0.0283602877436484
1.38897579286786	1.04485035962867
-0.348742022466301	0.10134765260469
-0.15387456759466	0.0564152538997517
-0.524131265471028	0.202505065683573
-0.583123382763383	0.42038917482913
0.654345324394404	0.453162421248777
0.0623629115574548	0.0397476107767016
0.66922625194528	0.775675462114207
0.479397341724275	0.519411539830395
0.0327725678839643	0.0273492805483069
0.180204328969682	0.149750659719158
0.369736538579973	0.330732557843619
0.194379321990268	0.171768211598348
2.01937859424738	1.87250572476143
0.284120119105726	0.219368604177809
0.437336361385505	0.178476256204279
0.364457584306451	0.183699430200832
0.732653180337264	0.888504535658983
0.252298119544077	0.241195929197628
0.204213485438317	0.213395766490223
0.336314475321611	0.32959921515699
1.00364562265208	1.16907114430515
-0.0135638440853516	0.0066168995864365
0.379058224425114	0.171656137597561
0.29552969371821	0.218581994613155
-0.893406423044803	0.822246840802751
1.96025897070573	0.471212877436839
1.82723433620716	0.72976386465442
1.2311933049219	1.80671161930217
-1.09623978877009	0.73250433777228
0.16951617628625	0.103384875691492
1.32420347578211	0.594323880877371
0.159003857627083	0.0480265128738231
0.15140740070063	0.0522724297544451
-0.654437362112135	0.384874185307543
0.516090940874209	0.441506392922069
0.289591857495726	0.214050731376569
-0.13558001715074	0.0941363161190223
0.466251611944518	0.436073019706218
-0.0270296737112535	0.0202279486449472
0.64643219939622	0.679431773897995
-0.42481486062956	0.363231881401815
0.562850028459587	0.703751614464929
1.08293595735646	1.64529693208169
1.08004346602564	0.663320315508927
0.512786979745578	0.437426235731492
0.561889892137782	0.542860395741829
0.150264158191587	0.0788639397514714
1.82593245405849	0.716861715776998
3.64031826737114	1.45820478057553
1.9613717712777	0.470903909509444
1.05788914828126	0.518635623589795
-0.399596519605918	0.224762027392955
-0.418154352622704	0.387317478900692
-0.0652693361441986	0.0551231799008945
0.184180681550297	0.168848516901789
0.697742748870774	0.85917238835116
0.558438456341861	0.6901588090804
0.243180916301543	0.216780352764869
0.920321627489725	1.02176757872433
0.533071416711962	0.436132356902866
0.144930270614982	0.0622164967222681
-0.148727361340597	0.0827831179246833
0.662986622188358	0.671547537497954
-0.624582031923329	0.153403426322781
1.62108255309914	1.14394989801968
1.57232509712989	2.13878281449446
1.15038591591574	1.28323135247477
1.02264318628437	0.38762850877396
1.06298049234632	0.529003721857717
1.45846230507283	0.923739548640697
1.46257104927093	0.48578937094864
1.75877077125174	1.33890936268964
0.144360057617073	0.0496936999572725
0.68731840095904	0.32854249379088
-0.256828248186444	0.127361465009751
-1.33508054922586	0.849390925504846
-0.654471954957404	0.389110990109234
0.398170493122472	0.326059401453109
-0.041402361578684	0.0264549758883233
0.89695356317508	1.18741283183382
1.15838305155464	1.62651597507851
0.123139975338317	0.100891275310767
0.161493481995068	0.0924395556916392
0.486632027354327	0.429114950877342
2.11769700263871	0.971078644340133
0.778637372153071	0.602956305253972
-0.574209212103965	0.518116191361622
0.19164144729981	0.161009391096778
-0.673707893375244	0.962694035211134
-0.350240210407986	0.411938499885262
-0.275783335400592	0.261458368084191
0.778678037852224	1.20277029218249
-0.739094894878307	0.749212539669949
0.19222135490665	0.176303800636957
0.472659720941178	0.444362593318904
0.178745644154534	0.108937787155638
0.59905368757327	0.313695114210242
-0.290501534909064	0.211122804073126
0.181535335514362	0.127140426146072
0.528873779674063	0.193445629021568
0.680770020981355	0.321772549290662
0.858343128922587	0.624421515385277
0.493045609831043	0.436173389869294
0.283297215684631	0.220290920424334
1.12163743167532	0.989319775698677
1.39300293313394	1.06974214346094
0.1569402923211	0.0752688022321877
0.674740147390516	0.216998162235432
1.05892340645215	0.524213355234419
1.06123864299848	0.52521734174828
1.04690223635623	0.400154019909315
1.23971658060111	0.848199426627141
0.142679564838216	0.0491455222440914
0.992096267017077	0.780849162487943
0.128478453974718	0.0547306823467089
1.10446525054415	0.82915678481122
0.297493971375545	0.201414890738649
0.284649113905638	0.211906139005354
0.0586171114736022	0.0356184830524444
0.643211038684187	0.674565005392568
-0.46787464719468	0.490956567993124
0.0916591824168381	0.0664329484642764
-0.560079497312033	0.586687084982813
1.15478733851167	1.59460116284736
0.497794245480265	0.496980542130742
-0.103661141028937	0.0420042327055223
0.291249432603944	0.217846108840617
0.681282811989922	0.582175174717839
0.331630578887461	0.322937031362596
0.413925318153724	0.327065731178053
1.065040484914	0.526179950612369
0.632540176710695	0.88884773083618
-0.254923760212802	0.228437277688986
0.226928015500314	0.257261762902639
-0.442859481695858	0.557866698263513
0.0508737997997982	0.0469422860320064
0.190902576770984	0.176082612909816
0.0576083598342428	0.0369927983762883
0.18757902348625	0.146884897492255
0.969739550013077	1.24394244163615
-0.0352089553499036	0.0224233171446853
-0.69607171791749	0.553168830894605
0.161366074930799	0.0846761201628365
0.522387735697778	0.44807623151464
0.951547874681655	0.253003737941398
0.399875236444686	0.310584695448891
0.82066012645514	0.941777325982469
0.102442658625361	0.0768227809359953
0.266043047246908	0.211559073565183
-0.275627295015257	0.171974667547366
0.170330196432775	0.108028777597229
1.07398872011809	0.654429324521611
1.08197600508373	0.671805047482294
0.952208917424439	0.631668072311785
0.166760634916841	0.0427859605507963
0.164495633504715	0.0495456538908044
0.730506231548238	0.605137567285081
0.54001346086926	0.31247037138848
1.57038684410817	0.807034365925312
0.0225997152244416	0.0120788158943802
0.371207535393194	0.321540749248846
0.475507286593214	0.413561494244565
-0.122038573190595	0.0963549026564955
0.261624963772189	0.273167171087022
0.351874379023628	0.310394902011441
1.00607491233915	1.17639758987256
0.947764402707612	1.4858081206243
0.187057131372654	0.155733587693266
-0.154080721580194	0.0564960500422514
2.2464075791516	2.38550956832367
1.01183160884986	1.48025662296079
0.614088490045947	0.654746007403112
1.77315905933478	1.00717883013889
1.47295810749098	1.43191086640461
0.743121708014696	0.714453329769433
0.611096688587471	0.742393264316434
0.0975346153903659	0.0899432024194871
0.182749564831122	0.179663290612934
0.109834327913139	0.102829266950712
0.137352865211831	0.130920608823024
-0.145440300640004	0.148407293303872
1.01993741848914	0.938237150383983
-0.131014811382686	0.103892473345317
-0.0639724951292293	0.0526935341150639
1.87593572170422	2.02936252065144
0.108219027882682	0.0815491961118784
0.1588995276689	0.0306480879354901
0.287732152142335	0.2024679985502
1.07286740551303	1.23432205400944
0.374028940936884	0.313648331416182
0.536877149223316	0.308202081765242
-0.260192697200528	0.156834563593617
0.782187283001233	0.468761547542832
1.57015137982675	0.798112285981421
4.16981931866655	2.0382482289107
0.14921208224623	0.0834235348702081
-1.85190600201428	1.17685791366758
0.793107452815782	0.475496806422704
0.383762431775122	0.324703801520495
-0.00407934360285027	0.00275531815684541
0.427331507600937	0.427153528286575
-0.065452804971767	0.0530410543888011
-0.790586397438653	0.796381898227003
0.840735181506748	0.867940903590999
0.53272391762375	0.532356305215054
0.3182540761483	0.189964649218214
0.419504048236472	0.31519033083464
0.743560967968593	0.712569541685554
0.667957673803761	0.850515151561605
0.790399486237018	1.31189756653581
0.501722141723839	0.826331012336851
0.629273095031632	0.915560741251598
-0.167465557327193	0.142134756530897
0.832850816676129	0.966747118253448
0.520128606976962	0.443573603228815
0.139311745359041	0.132805861666052
0.672064560580441	0.842056957118986
0.932871799373239	1.31437263695985
-0.132341016539361	0.115583294981476
1.12734898370165	1.95256750554471
0.512200088632652	0.43842601925287
-0.0273169459765612	0.0209705214721366
0.889178390450407	0.896999953701407
0.636685802178821	0.660040626674968
-0.00777515668444835	0.00385023229110958
0.607678832620457	0.45731288961558
0.366546229799752	0.328496654678003
0.385432345765409	0.310676118284398
-0.0431402906043405	0.0356848769631871
0.117247045930105	0.0879712814893494
-0.610692390784196	0.496220566700576
0.15281457847905	0.0661031141000901
0.322506029076756	0.19365201264255
1.02017868925282	0.953830722115965
1.76564739323789	1.36382949756268
1.52715835053264	1.29074878068211
0.170748684487577	0.114985160764537
0.0756330175365032	0.053802836032819
-0.42926415058965	0.366622508019892
-0.353908920484228	0.331363667506148
-0.194981446535789	0.164690930036937
0.010810416543612	0.00779225360657955
0.676690202304711	0.687333198180139
0.639378432748749	0.669809437396285
0.269993712835534	0.250115156327627
0.457445006639002	0.513174726682709
0.184401031183592	0.161113278514669
0.998708923054386	0.808128469900766
-0.578931737935535	0.560947280248721
0.38087228078952	0.331578549535878
0.478666303104669	0.319888207882673
0.637630362320733	1.13534984086156
-0.503754488544422	0.778791408011188
0.624477460010373	1.0303071735917
0.354040520203733	0.518939207868813
0.738786831411981	0.908108555366532
0.403214123493901	0.31637760947961
0.416506579350179	0.31207900820134
0.473788073595924	0.319319982572488
0.95292022183415	0.255029382628136
0.0208266685882239	0.014204878004439
0.311721632831758	0.306815309683193
0.81455503289236	1.17537248885878
-0.0621660868441686	0.0462141849106332
0.173061419559126	0.168727188179401
1.33861307250117	1.38176474542094
-1.17091059471194	1.64834231159545
0.367528335343163	0.303967376327867
0.311253380041159	0.200390871541745
-0.199664997614676	0.10617243499286
0.0371164981464972	0.0213199153732486
0.635509058956792	0.653517640086443
0.785068874152312	0.834068216185372
0.386691197465913	0.419106368849579
1.22980014215566	1.33419979842769
-0.266906326434595	0.164303404213791
-1.34642054428848	1.10223595849364
-0.877838755264808	0.879291830863118
-0.905021429143284	0.751368986868427
0.655085815595132	0.458960031173863
-0.794361267426771	0.523645028164917
1.89248266570031	1.59769627819992
0.143747269175704	0.0559041635309843
0.445295933976001	0.18296521501244
-1.17638733836416	0.66423855229565
0.975508949967924	1.50576135636961
0.041253950809663	0.0372036025371233
0.523787196468579	0.192297988976743
-0.0677453907749047	0.029652546523512
0.856103305172809	0.62117583034261
0.550560924608346	0.553247620194491
0.311537312754918	0.35696087667687
0.397846183604014	0.433961886664781
0.335155833695982	0.423136902010032
0.394039665582992	0.429503598120462
0.599153583023582	0.729967604458995
0.393155964057426	0.417729380399871
0.29564489628536	0.346444473174596
0.469480772439337	0.661289579013757
0.175437462456439	0.137574955932372
0.389543431200841	0.316836257617376
0.869014387092953	1.08170124606333
0.642704397166896	0.576563275461395
0.0707210616537951	0.0473778028916827
0.381161067000234	0.321263553849029
0.903106662648343	0.492369781667281
0.616013856455006	0.572124137462474
-0.69306501695414	0.87919235574501
-0.466861003288528	0.431954575762492
0.36151596421773	0.310188578071374
-0.282879258993531	0.251773685045688
0.684383684154409	0.59363414132702
-0.316238268413668	0.278410402447506
0.982040873327371	1.06080658287176
1.33356976854466	0.596130774866653
1.0759109660707	0.665123259938942
0.896415275634722	0.487598460807257
0.779551258036885	0.725675841626719
0.544897344839298	0.314922803069734
-1.0993791924106	0.742056027346525
0.394340726947812	0.180095090167645
0.964303745793912	0.936561889271144
-1.33464962756842	0.848045274979162
0.783463091611604	0.730305871710625
0.176680688185399	0.112639089077589
0.411342882150677	0.302915338189082
0.304805572120641	0.195216520685141
0.580966441081181	0.626277409660891
-0.257628024862676	0.191460017668943
-0.11637184449994	0.0828197135618651
0.194217609499861	0.158756075158924
0.187233807912096	0.142309821996747
0.0820211889524166	0.0719324184290466
0.639674690449614	0.679732271064482
0.459178540469097	0.43113263705561
0.856255735369003	0.770250283608662
0.47363555609078	0.587168642991398
0.865197579921729	1.31433719629712
0.549383028382029	0.315918517498054
0.421552781060935	0.316924385650956
0.382259778688347	0.499361356355746
1.04549700946723	1.08979156916057
0.899604356502497	0.751109213152338
0.826534100499874	0.954861784824027
0.669440224929851	0.215480111776117
0.164897241959321	0.085623199242913
0.167125285140998	0.0422176691573725
-0.0990154351992337	0.0400367073340722
-0.15821957159593	0.0580782796952436
0.865675525678548	0.627601740372352
0.547430659972805	0.548145822792047
-0.935743778056287	0.676239395369691
-0.0576975610374741	0.0416262939963248
-0.65602495749461	0.674472395179644
0.896044911912935	0.490178953213375
0.162487231834664	0.103821606251823
1.24589119126446	0.85410419675383
1.45641688249062	0.4860389300833
0.439178149517754	0.179838225414641
0.781192945813709	0.464377777897901
-0.0641040223256365	0.0282490171992017
0.367571210113224	0.184743634105315
0.340240581838967	0.188081256081305
0.443555521774665	0.180587495247054
2.73597617930938	1.70618402842073
1.95747165384479	1.25841510477163
0.79077498417502	0.47409851802487
-0.492648898137614	0.259583417827019
0.564483784511345	0.315821281893399
-0.808914062538919	0.524649932453646
0.844112027290831	0.875421434369587
-0.606983339307032	0.630174755162983
0.755318110932694	0.90187124177452
0.189108983835409	0.15424725110595
0.764792082645902	0.924153261546664
0.821827412785619	1.03274376668413
0.428378694970924	0.419202620542018
-0.319151961185956	0.344990165603664
-0.716154075797624	0.726886003626862
0.391377590712201	0.178942731741699
0.610628549856804	0.565247347527338
0.0344532780502549	0.0261658669198504
0.704519904310323	1.0223296743876
1.14285933610302	1.28326934786309
2.34946932765502	1.20004188926087
0.604862252500263	0.453171951624227
0.920812478794203	1.53201165668678
0.124694263426542	0.109923127662367
-0.618243429513538	0.543789375490851
0.941042222801756	1.23315605073078
0.649731242282438	0.580689670592283
0.99006655027617	0.798738742344178
0.536206043364234	0.442765080390058
0.166394015894957	0.0421995715384941
-0.532276703088154	0.205902875815849
-0.496727565671555	0.261274697948765
0.164653536373934	0.0936509906992729
0.325456892352298	0.195867846190237
0.957196060044102	0.645931013461212
0.543615510148453	0.543137616028566
-0.196619224095319	0.13142124027555
0.160957712458178	0.0909988989939751
0.757796049024122	0.732587762223485
0.320250845933819	0.189278115383487
-0.114945783647488	0.0673885917044601
0.166892324024208	0.107619710506515
0.539601194539226	0.193617170347842
0.144455913259947	0.0625950346418914
1.03912222698575	0.39971781200683
-0.551447889935616	0.348221843819822
-1.09714372755953	0.74279025777146
-0.609520921070317	0.298082193005535
0.610575903480182	0.453067775145865
1.77848388545146	1.01741144222038
0.525131259349727	0.192999914873943
1.61653552101092	1.14304976312402
-1.85967416466032	1.1698944301424
0.90590753613705	0.490735036927848
1.12448608371509	0.995750427944061
-0.256818935502069	0.19029256562787
-0.39444363228396	0.310721269959811
0.430191184901014	0.422279552962849
0.404388545810437	0.317466471671449
0.908066688218315	0.990811027144864
0.988472525775991	1.36299689771457
0.399071380667373	0.404782336468997
0.610320594181049	0.721514404429066
-0.16987786297211	0.131813072322717
0.661981992964467	0.461290400938056
0.0338595934726066	0.0196262859311119
0.941071709939151	1.12176195087266
0.140614099873317	0.129689242193138
-0.414948739722995	0.381804192045092
-0.152782075404647	0.0560846680959654
0.149452063954369	0.051056015789228
0.591917532858269	0.566598175681727
1.03635327158665	1.93346616169471
0.121631063759253	0.10017700853367
0.193657401426617	0.182473814414812
0.677299857678327	0.934991805351168
0.393544904324485	0.32153532356105
0.539341742665663	0.445632582242403
-3.46164602167476	1.25116087441461
0.676677467928914	0.320328293498265
-1.27822758284302	0.594160090070886
2.26998809084998	1.77025542125883
1.07025397026223	0.652602605089609
0.164278215865622	0.0494439084469955
0.084645049868033	0.0604367097146454
0.185265996765939	0.14053697445893
0.774665762706425	0.596735542116596
-0.532015969971194	0.520453081007496
-0.402275069733286	0.171940950121467
0.727999869269608	0.597532980475129
0.599745924503196	0.314384004135651
-1.14508574724039	0.346861667774683
0.668515656075028	0.214587613419762
0.673553513601153	0.218109822226041
0.150987968499307	0.0459422956002911
-0.238528520008431	0.119023559509709
0.689565129067195	0.330030148097795
0.445295933976001	0.18296521501244
0.522313970026089	0.190452758516715
1.04021638335115	0.398783042992239
1.35460991032989	1.21480415106183
0.376638909642792	0.167444704492977
1.25136461947665	0.857694476100459
0.506632809059548	0.316235911910596
0.065718128916625	0.0399868725362224
0.752133602004517	0.817416221100802
0.906074314548874	1.09963001290903
0.488631287011872	0.42511913843683
0.704604509267219	0.799218322315918
-0.449762272413305	0.347516183238875
-0.0456212028279642	0.0378100803716547
0.900367700226353	1.09023128273377
0.79823058956803	0.948095689864311
1.23731017826734	1.19065144703559
-0.428615220140316	0.367419743410017
1.62567216837994	2.05513334799938
0.951251101604893	1.1392861609881
0.188818792327333	0.14827479250349
0.39490637349598	0.18058330767659
0.376985353720173	0.433562570452699
0.213408028687295	0.243361362664769
-0.0516804579485828	0.0473230532811141
-0.706989284646009	1.01015989069019
0.196268190610636	0.206349868384578
0.588112095621891	0.639198950756245
0.66363658351462	0.464336289757165
1.03902671883926	0.401278580186936
1.27521242260931	0.71707524836946
0.364800191037741	0.183176986454545
0.438210842961565	0.310785730809559
0.450719393254559	0.294680137171838
1.22343934717117	1.69027837234462
1.15308302462542	1.39966582320565
0.273221643423667	0.249791450329748
0.416680524186888	0.327670840056862
-0.690234196272449	0.537980936063009
0.158693733798873	0.0902634574649551
0.858343128922587	0.624421515385277
0.362141216943204	0.182588614174649
-0.0714267892820125	0.0309644465226589
0.676191819364127	0.216171302955092
1.56905957384716	0.80439629318691
0.147735428904545	0.0643443069297352
0.392675529463565	0.179936093229491
1.88761919242552	1.57439653246222
-0.39811919819778	0.169202407581422
-0.98623770485444	0.501884047923389
0.154428813017043	0.0593792861679439
0.154448018981696	0.0812458639804418
1.03654154158417	0.402707767551167
1.00172496769844	0.804864088003775
0.0509625494976237	0.0310112155833486
0.751394439791209	0.722793322309998
0.331198889544996	0.316131814783655
0.379523118455792	0.329818778813003
-0.231505946175001	0.148939231194447
-0.43557407093003	0.423890559962256
0.259114262691386	0.237293550083712
0.435246779845576	0.429861380688002
0.911716998463535	1.10584461860457
-0.31590994120961	0.27789583664202
-0.0774516860687708	0.0565321496192642
1.77685991163733	2.11560357447734
0.0705549808553771	0.0453595617320816
0.247866517993244	0.264098015250051
0.392136087622068	0.316464789124466
-0.104212959960013	0.0420300105483996
0.427091703974004	0.419370463055877
0.0754533236727716	0.05029568847396
0.401598304024764	0.427799433274373
0.446385440533144	0.412285650036766
0.889741583021818	1.27066209872963
0.258494161779493	0.247798611133143
0.447858201675066	0.587878752791316
0.162378104800928	0.0310834456145106
0.170606631941958	0.09664025808712
1.58655113664789	2.35462601508948
-0.136220087814937	0.117780341010366
0.898543995502209	0.902517942494322
-0.0998784175421649	0.0602302772095363
-0.231205892627826	0.150399315365833
0.747793317240889	0.708464789728385
-0.638858944318193	0.565868229804516
1.25043058914625	0.861051585612926
-0.949404712468517	0.577590701186472
1.52825984953174	2.22829043469295
0.605116504894479	0.319158142854426
0.183068872283029	0.12469510620551
0.15780079459169	0.0900922608158445
-0.337444657684139	0.202141395506107
-0.353017647839668	0.249879179953604
-0.392582843116978	0.306350401152328
0.330937529101293	0.180171129290304
0.654231416220346	0.457987382813942
0.34171000837936	0.165739185023373
-0.660389602627171	0.387584361312407
0.0242115552205258	0.0127213648711075
1.70278804814044	2.25865179088936
0.464655752745329	0.311194410792937
0.17860782521451	0.115895647804538
0.901943732345757	0.766907399216211
0.396982621423295	0.309096307948248
0.644685635452438	0.572457275875113
0.546103439748221	0.550321048424171
-0.219006782621202	0.164313572829456
-0.232849230901046	0.209560588883257
0.883870385856775	1.31310984614636
1.59260699661396	1.69341996790664
0.937634517342911	1.23587351746939
-0.135037762393746	0.104954924578288
0.815745992170621	1.19486041207052
-0.521034829978897	0.503136049509627
0.0800157414828662	0.0546793965351911
0.107682996417006	0.0828969047058799
0.334268691713328	0.342806457258021
0.393788249123202	0.407662185889169
-0.199976430666584	0.152133711215464
-0.449316437538708	0.444731962277975
-0.0376801829610948	0.024054991911731
0.308731019661461	0.20834516392299
0.162935899016754	0.0854844972174417
0.329051289688996	0.178682594021538
-0.448993340611329	0.340129413651724
-0.0948360567928204	0.0682035178833185
0.164226724221899	0.0416602681945232
0.34810216404256	0.174576084791999
0.888187438187754	0.482718759208642
0.0202423961825038	0.0109250043518547
0.546256871138421	0.316014829650952
1.3262017200731	1.51505130270365
0.848014721924009	0.612385564237498
0.697221171552665	0.598945923934823
-0.285683225273185	0.177718332289615
0.719930753109058	0.466817801668088
0.938882927805255	0.614265678402713
1.82868259121074	0.729942315494172
2.55315954610828	1.44575430450393
1.61653552101092	1.14304976312402
1.95617677543009	1.23738996699492
0.78767812419087	0.472977753985954
-0.933481116789795	0.674062195153957
0.999347290543987	0.806590193468261
0.5968981950024	0.31172306308341
-0.674519229011866	0.468605031098438
-0.773826407262892	0.34645590203316
1.78825319626574	1.01370058330111
0.13914610977105	0.059974172675481
-0.488869855612948	0.256984591995053
1.95648749836469	1.24269746071539
0.508038872921443	0.31755450362106
0.168210699664477	0.113159608289452
1.52207458828515	1.79911339758359
-0.233807281843854	0.176932813505156
0.169294928622958	0.109400972657391
0.293428959276198	0.210393576463419
-0.973880271438901	0.933948167035423
0.396360407013552	0.307081496195976
0.996232769291658	0.801541259311626
-0.376648319926895	0.351559269782508
0.0419979079980776	0.0241181825272571
0.441965254886876	0.331692475323489
-0.256058318366935	0.188831502396547
1.28895346386483	1.71086402253037
1.23300736382574	1.19190609906149
-0.986307707209315	0.500533328307261
0.527431899623247	0.192654585358379
0.621840981744088	0.571080802571626
0.703540847307404	0.703203968517812
0.485960122340784	0.29587780131673
0.0236079730237122	0.0168069460596318
0.151480516584264	0.0651561823880368
0.19406627561638	0.174936040531294
-0.0194607265502751	0.016347869413123
0.600635300833459	0.730757060522853
1.09021433705319	1.83509260383763
-0.56566205664462	0.593461152251791
-0.0562344368291477	0.0461793467318789
0.0936731622853635	0.0692973177745925
0.169965267691797	0.113490183526446
0.0891075299927818	0.0645306961056971
0.713227941845992	0.464851345150848
1.68781644594041	1.93251733926155
0.178043977736824	0.120899873887347
0.157056474373317	0.0303984095560313
0.606545146647254	0.452302027267731
0.145618402952985	0.050071266673943
0.60589334095218	0.45098297674307
0.581455849407081	0.552803131754316
0.57325099109384	0.452550158347958
0.300313267635096	0.215645126157593
1.52778349485753	1.27057331408436
2.13652135967077	2.1531846213185
0.346963537422153	0.190918335511884
0.684534862790765	0.326199707602974
0.139401418080985	0.0538887022817839
-0.525747247337843	0.203116302300938
0.167846042512584	0.0427707788849589
3.93420427087175	1.75919703683862
0.441153686229378	0.180149564860552
-1.28947810728584	0.590321823347361
-1.15858935010307	0.635043126141567
0.446585379791805	0.183721184032664
1.06019633832329	0.509980957753785
1.06298049234632	0.529003721857717
0.676237290541346	0.214209989094312
-0.0590936318529139	0.0258734233105888
0.69391760199383	0.330522549102325
0.156605756480995	0.0536780455606234
-0.402187750380948	0.224676548449472
0.152461540844192	0.0734262513516032
1.13346129555363	1.15094010685931
1.77470847522326	2.49129840054408
0.889368804060287	1.0765928321529
0.372717941884613	0.311915435824215
-0.508130358244356	0.462834836106033
0.724010984547932	0.802328705455784
0.17167163491445	0.125801676280421
-0.199476175041084	0.152107664750499
-0.434557382933616	0.372798656600374
-0.42807105350396	0.365929860174087
-0.543006757407566	0.338446797893118
0.648308293802077	0.452487537284419
0.504250089189877	0.426674404093301
0.556821367879322	0.543697359423806
-1.03530796870446	0.422510492431002
0.33937660386133	0.187473410645589
-0.537799343612527	0.330260666434294
0.280155274705736	0.21724028210894
0.862160875789187	0.960936720599786
0.833446309596934	0.857444307364116
0.649744234920981	0.584257677296744
0.141493790786818	0.0550477805246781
0.883726458207955	0.473702105433658
0.41757331797515	0.511208061791882
0.0410425844986935	0.041442030631004
-0.479124510692573	0.588688345297475
-0.471660100366864	0.525663297838764
0.575896277529527	0.706870122612894
-1.0733122610176	1.32127980368051
0.0846208599858426	0.0611189228357589
0.574250229981362	0.544333115859981
-0.0111884860619653	0.00744565197462965
0.787620199270027	0.466583806997444
0.683182496552439	0.695050705246902
1.48176746396064	1.4616502096129
1.26683100215595	0.71152660635486
0.388157396068943	0.326512831676793
0.122728539087454	0.102449619139135
1.08689890021726	0.798167457039234
0.69180943354097	0.328571535931391
2.36153413428412	1.20076442425722
-0.794915591289788	0.436176015756917
-1.50518587810885	0.775854451559305
0.391741880756504	0.179388671736555
0.136480040151752	0.0530402961094183
1.08745594472016	0.673719348917961
2.9018836942746	1.99652594887893
0.338351705826272	0.18492242266877
4.572131612094	2.59851374463852
0.693619616758266	0.329565977560922
1.45461172869713	0.491065821848087
0.369461239738139	0.184670131518831
1.4536627082784	0.91410467010281
1.95872846210525	1.25890735264424
0.502995649052109	0.314142018026276
0.0688759766161428	0.0434604333206589
1.2844218635058	1.70906165467571
0.729681494195769	0.816964643090619
0.419498110354516	0.409564405237577
0.66860993808142	0.774680012715599
0.0456523345652136	0.0345728694145321
-0.385370036321657	0.326423549979467
0.27337140987767	0.23898543304321
0.324485997033146	0.333307396953577
1.13646328526187	1.8014077901128
0.540349030615164	0.447065791175527
0.192390443988406	0.159971470760251
0.447063047841631	0.431390905213591
0.141602194651346	0.138574615797708
0.199270083958402	0.16305756958108
0.677235168554864	0.317977789664978
-1.27930512577485	0.595095920645693
-0.276175989843674	0.172950813742993
-0.0485506619599846	0.0302310104592499
0.440956262036336	0.330507062925092
0.190143016598282	0.149537920749068
-0.21431402918401	0.15961351632011
-0.396655424877798	0.273370043599914
0.587426886417262	0.427243259843372
0.857173367154281	1.62811403952912
0.581010795537329	0.733211316801345
0.412151190771889	0.545961963423497
0.71977777429273	1.03444815382656
-0.118797441996778	0.118686996129671
-0.00691085503198983	0.00594116317376023
-0.223110949433442	0.187230864223883
0.449592506584051	0.430006182855315
0.186895336624315	0.120607855505971
0.908981645025056	0.780754319169801
0.472940575240969	0.31981654261465
1.23563726143161	1.02584637445074
0.740222275510294	0.609366641583974
0.934413278366128	0.609414499572646
0.356747919426804	0.178410312689345
1.56360986405764	0.793010187764851
1.05995694464377	0.525270491251717
-0.158488679171333	0.058060458869062
-0.623203514518812	0.152886975065438
-0.0193480332591068	0.0092704886441889
0.438146946531997	0.178030223087271
0.792651926494444	0.475150331476548
0.145556924338648	0.0566880143520423
-0.393086887328918	0.16589011333814
0.152489836004519	0.052740500279662
1.25446384802485	0.86060680349328
0.139263887816188	0.0542111153871456
0.384655966483163	0.173420789070504
0.408464850564055	0.32218358790827
1.14190618624371	1.38257934808698
0.95452098423517	1.32589863065882
0.860712879078085	1.16911849626658
0.902234378647582	1.09454096839483
0.762320451855075	0.914698219823275
0.106899444646424	0.0800931589112052
0.0521296761707665	0.0409359505553702
0.860482297819136	1.19381216575151
0.435186820243431	0.427991683005481
0.520134129831746	0.447900400774295
-0.278668877035961	0.174799123847118
1.22958459897724	1.5605021936901
0.557279765732227	0.633797984824123
1.07496164559745	1.32689504195121
-0.393708986939887	0.165389426901342
-0.771731103251104	0.34418423749677
-0.345544793848236	0.244488085572672
-0.0243677538089034	0.0185516701532022
0.018033767051534	0.00977370584864128
0.0140092352746325	0.00997320122120524
1.22583716154182	1.00270220251289
0.00296207012522137	0.00132429592455247
1.58419362141028	1.67862413344564
0.667170680707681	0.463456263202714
0.340014476517565	0.401619912418174
0.296136370242024	0.352972954586489
0.42638802689773	0.529830550603243
-0.2687380096949	0.257283812234936
0.480392198354552	0.679735265033577
-0.0458836916141744	0.0386012032604436
-0.422166523854396	0.355295596482654
0.452222118570463	0.435085258523987
1.75607459695105	1.34188010251132
0.461826440738151	0.308547811016522
0.608380050344806	0.320357111735903
1.06043144646641	0.517032936419873
1.78695850881753	1.01472945541005
0.15217592618318	0.0460645385354346
1.82578795240992	0.72409353488536
0.167846042512584	0.0427707788849589
1.45641688249062	0.4860389300833
0.151147710779537	0.0523193888171726
-0.0608021948587106	0.0267041273360175
-0.622228177450647	0.302438150335973
0.158031704426094	0.0479750742787413
0.527724335535867	0.192856985908082
0.528774895140429	0.192704403574892
-0.0060773006844551	0.00302797962514663
0.638635503597292	0.434263736284152
0.737818314463837	0.703654985045188
0.289510655712298	0.206847914198226
0.586587522940509	0.561444761611209
0.90337133900295	1.10988920296215
0.505316193744707	0.509980880414768
0.706672896359854	0.777955869766789
0.0819427732862695	0.0551503212534395
0.673340673766858	0.929057400414499
-0.730950387829979	0.836084071795149
0.455310416462391	0.43806430067418
0.784905752789029	0.604632780269148
0.57155435049305	0.555164206456076
0.744996641177802	0.807638523910753
0.0143944675803031	0.0119708519396538
-0.391232111599818	0.308504417957933
0.69978471257484	0.447230785906901
1.76697390857729	1.36458282499591
-0.423005560929541	0.233819002230306
0.277606768857591	0.214946521411584
0.296026604725994	0.222381540413003
0.341371536046712	0.319568824752784
1.26683100215595	0.71152660635486
1.13303682063557	1.14631357124005
0.43538564590261	0.496850974261387
1.25983600568944	2.40264716939615
0.496912595543364	0.66689284328787
0.265443787672249	0.256743266477444
0.903325523614493	1.10689984058324
0.179844689631567	0.156556020787585
0.277606768857591	0.214946521411584
0.158711113140469	0.0965123767438848
1.13925777530601	1.26083176219244
0.391741880756504	0.179388671736555
-0.158974241046153	0.0577805018988967
-0.148718663488667	0.05422206968055
1.46368058676195	0.48685860015717
2.11650162991155	0.968694798816402
0.161486408205213	0.0413117168731846
1.24544377272535	0.861723654240754
0.89862698703768	0.493580741846168
1.26332390942316	0.696994883965929
1.57015137982675	0.798112285981421
0.446585379791805	0.183721184032664
1.09010331390629	0.672255101669136
-0.092646087031874	0.0371954446855587
0.78718759627813	0.471834842130094
-2.28722169854347	1.18341425292792
0.555619409956102	0.318938358498605
-0.116657612967426	0.0687542286644108
1.08323755603427	1.33183945505153
0.178646423316259	0.138333690140231
0.340756753491108	0.187920709570928
1.22494381307374	1.45940244904481
-0.388481631074519	0.304736276051175
-0.175601741524557	0.136633748629258
0.632901648911595	0.819135339703972
0.96734341345676	1.43177976404147
0.796241836137171	0.621879225506263
-0.798222413096495	0.679523535998037
0.0801074498204447	0.0536335329536368
0.317831079433945	0.32429914371491
-0.153333468095832	0.104017831740347
-0.311591586476853	0.144202523155851
0.782298375307939	0.465397179469979
-0.055394036515614	0.0242910438054145
0.111440365521856	0.0836501009297483
0.384316495609239	0.321955536922194
1.45723823200169	2.02616595644414
0.656414424850868	0.588729977272308
0.888406025752388	0.897459378324754
0.18159228979874	0.146020826392082
0.65735881193918	0.590163579613734
0.146118169631192	0.0867065565671184
0.576827837327292	0.454683660145171
0.845822617579866	0.879835751300444
0.786624080835596	1.00538569283182
0.524938478553276	0.192889918548823
-1.81437844413432	0.746436419448748
0.147142932159236	0.0509873558125847
2.27673580868828	1.76784346205428
0.150616974331677	0.0516592164010643
0.143452831699835	0.0555931267323073
1.27618903151361	0.718385922319908
-2.47826676690419	1.4001163336298
0.153675927942395	0.0461772426183708
-0.0626653780540737	0.0273925685084344
0.140510148384066	0.048664068301297
0.530234735136755	0.195115554796289
0.360773206066236	0.181805189739224
-0.400289218845477	0.220650960985471
0.790340096115447	0.470004014837144
0.725852821098777	0.594643677274848
0.873050463382658	0.866896351989294
0.172215091050989	0.13324331922956
0.823850429844378	0.715096842212256
0.188378145128022	0.153135374027058
0.391248620917808	0.42771940289131
0.171660809766859	0.128634620539209
0.895760737331846	1.09608142762675
0.388716430701079	0.422186496172458
0.597953269202679	0.650870696177209
0.0472379474595404	0.0286815617897496
-0.0824951862373079	0.0593380011162633
-0.147096155591288	0.102944457150533
-0.0728380680030483	0.0662563542379793
0.0174206083609103	0.0144348198623958
1.26683100215595	0.71152660635486
0.160400851667561	0.0483731984970343
-0.657035974155085	0.388430107172905
0.298127351195425	0.212549059247658
0.279540491719941	0.216340677802647
0.296547938893892	0.211320574209678
0.302501927151748	0.203318027524756
0.544845393745619	0.448684800137326
1.23344295661164	1.4640676278877
-0.571250080577556	0.409279303720523
0.483767780294908	0.323558611084324
0.858783782120911	0.624899265371971
0.720116346881072	0.672827133863753
0.491352478466332	0.43378105510894
0.679211942715075	0.322720793319865
0.672365927723615	0.21584689717513
1.06400694705087	0.521398437676491
1.0652929919458	0.530579447044945
1.82604050116992	0.728003309996437
-0.522090122901257	0.201430520847148
0.388545734267567	0.177080838165714
0.145998375108123	0.0565046941171979
1.81384811378872	0.711979528312714
1.25824097088533	0.695957090143211
-3.45442672204145	1.24810798046793
-1.22738030406307	0.914917736612812
0.329717630458419	0.181384491379526
1.45717691380574	0.92208865263228
0.719759450484705	0.586965608065605
1.77488815259647	2.12651799043287
-0.0374730581277006	0.0239828916866517
0.736870932125055	0.610592986428818
-0.194156651104439	0.147704734560088
0.700241302137203	0.688340344803477
-0.101534395741817	0.0711680004768467
0.177703623040391	0.150207334682775
0.827842542089523	1.05221689339458
0.31491523449436	0.320304883401624
0.573475263475854	0.451569799698149
-0.717234224113172	0.684306412113594
-0.510389915417726	0.384907314244631
-0.0586225030961697	0.0481769066638209
-0.282713962016931	0.232660857569307
-2.07241483008846	0.968046925511113
0.895459114755808	0.485422809929514
1.09564964317149	0.822387013668156
-1.10273308357755	1.28772346533043
-0.78059985366295	0.720859136174976
0.0384514654080759	0.0222194584694395
0.568362073186133	0.445383122499464
1.00549379399839	0.802495519417491
0.570515876487344	0.634382702358531
0.134780505909585	0.110811256052748
0.793609986165219	0.845680561556264
1.42400788153173	1.55835995374865
0.303238493891377	0.173427019766109
1.05475345229322	0.519924754602443
0.732511368103727	0.704099300353709
0.572568390466409	0.449147231273448
0.867829949597152	0.982353344753902
0.162518136080898	0.0985715388179734
0.435073964832285	0.302874010588314
1.45846230507283	0.923739548640697
0.147815925668082	0.0571128254805538
0.353925249241203	0.176551422581574
-0.0248946956424651	0.0117192817299674
0.38129214250284	0.173522313952091
-0.309888080210794	0.143138314822719
2.1163607011182	1.48203827230707
1.82480935034987	0.726106092264881
0.152044490767477	0.0729965054247213
-0.104085245392243	0.041980675436062
0.790877653429175	0.471906863460957
0.1371538869908	0.0533638752545688
-0.139759382288435	0.0783171257039852
0.897335696061997	0.492448294228436
-0.796447783099558	0.608742282308962
0.153591635046613	0.0810298484337261
-0.599435225153142	0.621968529260772
0.446839330229949	0.314403631363419
-0.286012740711317	0.234599082688993
1.3507929982666	2.02938200644888
-0.167957253414394	0.130064746336166
-0.433217024781163	0.370546429315918
0.984933542362817	1.46312416623066
-0.249562125714985	0.183497174988703
0.4224572911719	0.313611092212897
0.670758546260406	0.683403664142563
0.144570095456943	0.136429566036025
0.384298135988288	0.324681241685811
0.320919536771135	0.192204522847897
-0.344627611377552	0.205638600740375
0.0576094612820882	0.0364544184696591
0.464201489126415	0.420951062990138
0.292894781743482	0.217534357826481
0.30435064832111	0.206704971376589
0.44827061586629	0.315448602375222
0.719119436409532	0.585553828247178
0.865073632337334	0.63178198943188
1.2721072091184	0.708594866363252
-0.226511280154025	0.146919979958005
1.27394815478016	0.714590294473457
0.313893175578897	0.187430565762141
0.179473808477529	0.132182387199135
0.141308385835543	0.0675070363877654
0.700864322186998	0.697329976508095
0.331340262170374	0.197315055757883
0.350761310502226	0.174554692642262
1.56493266273026	0.795584214388428
-0.215091100919037	0.0708081397941703
0.148421761864247	0.0572271527720665
1.90276752427459	1.62287098744334
0.690834825061164	0.330577258585932
3.06386825234676	2.23699093272333
1.39921337756897	1.07247368952632
0.369472553524798	0.183462201034238
2.55990637720619	1.44076091531474
0.651295204342281	0.456404634923909
1.26655242969638	0.704011443710313
0.501017796973407	0.314960550952437
-0.0243717597721406	0.0115555314686887
0.450071505667336	0.321859618478711
0.593165605053041	0.565236562592862
0.346325668797948	0.325886334780418
0.938805914575688	0.906984300468042
-1.23498251100277	1.57714003123047
0.61543372741165	0.651162259954707
-0.247822354582792	0.206179107433448
0.274133356810529	0.233158635512144
0.848637418680936	0.7628814412587
0.369855116371517	0.318813426909526
0.0688586451774718	0.0443003638848243
-0.258613075107767	0.249913830176771
-0.186378023206477	0.123235357679314
0.60463376659722	0.3189880214819
0.147815925668082	0.0571128254805538
1.15027201011045	1.29175860473065
0.314466668344469	0.186999959946074
0.388945171934782	0.177897064583215
1.65576015051543	1.52664113537105
0.423388627032828	0.319425979469577
0.681387634245024	0.58721995678084
0.267798990283037	0.228631367855897
-0.0288835274608534	0.0185905733733931
1.45496621180374	0.489974899858239
0.597806200245749	0.313287900912832
0.601559475846798	0.316680161366068
1.297584984523	1.58828099932002
1.04201116263037	0.966960797145292
0.753643254068979	0.61387351003009
0.100784302782067	0.0807229208123278
0.1792775151262	0.130965124179355
0.832626567930123	0.736635191488256
0.0896154740789525	0.0627807122341137
1.45151856043971	0.910868578043114
0.539145363853186	0.307960562603274
0.335766365419236	0.1839102913104
0.996642808397799	0.799084338587149
0.510492232984556	0.31916331456542
-0.103152862860473	0.0415929454699209
2.11287749237747	1.46763237798351
2.41089932025044	2.02600798333307
0.492748144647919	0.300845644274204
0.16190635342687	0.0848036091313248
-0.146667709227714	0.0538386221135798
1.02132812120761	0.943814632565938
-0.165902867829166	0.113976498961947
-0.0136618755864767	0.00905603788151466
0.19582698536295	0.181245859817461
-0.89062525777957	0.945164306939677
1.42639843159966	1.73141832677253
0.84794679306624	0.763725798550115
0.436601081429986	0.430732040978986
0.574852888437917	0.543788267749632
0.55308578848828	0.454657701586319
1.27115992199819	0.718531324632175
0.372634230003252	0.312810804429989
0.422689394354974	0.313020189807016
0.389168113300447	0.401355718480612
0.661345980122341	0.211138174827968
0.35890678950514	0.324975144643966
0.0572059431726458	0.0366962513310405
-0.165423812433697	0.127764539153458
-0.158257062871795	0.121555490745035
0.596486852755347	0.567185751520976
-0.293431875514934	0.233768072495449
0.282181958685459	0.219342660553301
1.47808742863289	1.46022772621535
0.149918332921196	0.0788009183740608
0.0629020813462696	0.040320473106117
0.533643567969966	0.439019791228895
0.176229822455293	0.128885319637469
0.380358913169982	0.318969640584509
0.394945699846144	0.31884693472937
0.858112360422097	0.616543567511264
1.05892340645215	0.524213355234419
0.387609724793668	0.176537761381268
0.475825649203687	0.318985562813556
0.0701471580403829	0.0486050685132853
-0.481259003114282	0.470047706750028
-0.348671295513759	0.206679883278348
0.325564921310045	0.194508811847072
0.0582673736477156	0.0356783288751133
0.55230310417942	0.625958294729494
0.651972868614394	0.457528322291101
1.96463092715103	0.470372342687103
0.946765399319523	0.252386055990515
0.955341768069491	0.640145842974486
0.0962079458798127	0.0718777390637296
-0.307049112593188	0.248283614174069
-0.193728376577508	0.18941987667511
-1.26768421881242	1.33891943392274
-0.442893807840482	0.438900380704859
0.357189511230593	0.179169675422769
0.147304623244964	0.0640069055113325
0.881827753598129	0.885530966693878
0.317710227897388	0.204399214746419
0.100059461501993	0.0721595447911766
0.556807748983178	0.530392674499405
0.603176629711392	0.312752712151592
4.17124403981929	2.04004671683172
0.439949152229908	0.180027197422973
1.08138324361143	0.667589114551293
0.563199022012333	0.549694886046375
0.911679691421456	1.21671067321227
0.149595457307736	0.0452624594369959
0.396242157199035	0.17993982276779
0.284627587403301	0.219641565345873
0.814406706085001	0.350217790330299
0.167846042512584	0.0427707788849589
0.480511611749615	0.521830530066028
0.034330568352264	0.0244728289428454
0.651285524221883	0.587538373094401
-0.203484140109767	0.167048064200789
-0.789226133550642	0.511872925925625
0.00281843853920869	0.00198310310500857
0.923809647942954	1.01423604332303
0.152179559679679	0.07978471959077
0.301663022523041	0.192580492368324
0.183303278599455	0.134818772733743
0.261828278082702	0.251187876887761
1.14231178983229	1.15374062154788
-0.204680402228835	0.136677711602639
0.513493948769086	0.519098367463212
0.170173297058991	0.108683785068328
0.961251086983277	0.644673077642013
0.683264803449209	0.325356660226696
2.73363662259229	1.70435907905984
0.614324098212577	0.456677086088748
0.534447987144892	0.194750706851383
1.96025897070573	0.471212877436839
0.307661135161186	0.193642569164966
-0.233884580635835	0.150980829976687
-0.331585657001057	0.230596370471083
-0.383886312404935	0.297853392886384
-0.473840360866221	0.39565130212125
0.251908225798734	0.233704517712829
0.564917275328777	0.444627491170341
0.485361940314172	0.425873090529158
0.948231787634276	0.915820452583131
0.158345091424323	0.0891993535905249
0.509508279629553	0.43642655210606
0.141207809048545	0.054994308517659
0.166623350295703	0.0945660784575678
-0.154154862490974	0.0566375929839067
1.28121454871941	0.707097274474291
0.891724254635645	0.480075055425584
0.0649999783270802	0.0418094875302003
0.519331281068833	0.532070071356015
3.27475268127972	1.11306798677358
0.95292022183415	0.255029382628136
0.0182839800879264	0.00989096642582572
1.07530930335502	0.654654241302158
3.26962954853743	1.12822867523572
0.282697490857692	0.217681486058072
0.30091334817975	0.214357427743824
0.314765995003498	0.328438872999682
0.277779901883613	0.222805952675485
-0.351446329201406	0.375276462501874
-0.474044557081763	0.438168725824966
0.484880061002504	0.515599226667351
-0.920334039107227	0.660991594992083
-0.733185631329247	0.797504059404074
0.179586649942496	0.109276236981695
0.316643477107051	0.212778841297495
0.796644147914407	0.741948419070787
1.02428202308177	0.959058206929955
0.279841650278504	0.202993673618613
1.60584416940529	1.99476160520729
0.963499174535129	0.939645288547001
0.842650009988687	0.87585467971565
0.356834088918763	0.179448648465633
-0.0617574983131198	0.026899006453888
0.613078233282295	0.458543185487599
0.466643549239381	0.311514509973317
-0.392138926490322	0.26809888098548
-0.240823570431757	0.120128501052964
0.536877149223316	0.308202081765242
0.941661701747195	1.12528950368141
0.76780657080191	0.923379172316151
-0.734733481146646	0.84334904841199
0.254841928354511	0.255654839775456
1.31342769376348	1.7833754886886
0.906266804573136	0.493639693075308
1.45461172869713	0.491065821848087
0.526282024246712	0.193593170961761
0.46582410404599	0.312474658753429
0.605665366857978	0.314854834215909
1.82480935034987	0.726106092264881
-0.0769805211441857	0.0468246087916237
-0.407953797877459	0.318671250946192
0.169888546389985	0.109982632757728
0.290482235880374	0.207722704276579
-1.17916413132276	1.4555496768586
-0.30520262965918	0.221638623368633
0.102617351843177	0.074521854851952
0.18053237291784	0.128356133498423
0.182995910932367	0.118296471945202
0.314466668344469	0.186999959946074
1.22199652323716	1.55007234815005
0.333343494850475	0.199110454394044
0.903170484558434	0.76743636195446
0.152044490767477	0.0729965054247213
-0.196091884500769	0.104177452110446
0.696298559475799	0.442616551336418
0.329543623229992	0.197306406837286
0.545773311581398	0.314798140437119
-0.441009933466677	0.338450540329764
-1.10996635308935	0.748933276008273
-0.0576747568240062	0.0253265391163604
0.139732650133251	0.0605935074945269
0.79077498417502	0.47409851802487
0.547159854104917	0.310289697880776
0.684172998708112	0.579276329326853
0.565148499696127	0.552043916450464
0.173765473813253	0.139459071139278
0.349612608614039	0.327586123125622
-0.0360199434530814	0.0234681850120134
0.947398297317189	0.625952945904155
0.154970102371974	0.0881023488089942
1.41485737912427	1.73424092980084
-0.630732478411191	0.153857382309032
-0.60713121217363	0.294013358529956
0.347826338947904	0.191208415075697
-0.152142519732026	0.0855184298074499
0.290101561931858	0.23135893426359
0.180091622599162	0.137052684503491
-1.79541110556836	0.406108159138969
0.0286344182025584	0.0152139312101202
0.784614032701106	0.613773969188735
0.189349221622738	0.139316865345519
0.298666070061291	0.209165536163285
0.0824935243126231	0.0571907923807156
0.409051570449902	0.322554415906374
0.0155663236223675	0.0114493270521438
0.574285641724666	0.45490324838306
-0.81027455485676	0.52772659895037
0.497011806521659	0.441935376606421
1.45623392465079	0.910224804648219
-0.148144924248366	0.082674109149007
0.478361378309684	0.319459242982922
1.03810226237344	0.962528873965602
-0.444646846373933	0.343139334125753
0.786789760559377	0.470641672882502
0.439754911342737	0.31166903585168
1.38856016907534	1.06584616171357
0.577074499023974	0.455279973877858
1.07307691123601	0.658708914320812
1.0769023920958	0.6608228718525
0.497372831976353	0.312127650384131
0.743167513219444	0.867991681050286
0.551777289432464	0.45426257964159
-0.343156429009063	0.296672413580637
0.0291986331011968	0.0205641143172765
0.159750489562787	0.0840459478517592
1.77674509746664	2.16842991878976
0.592926270654002	0.309200512593579
0.705790780550041	0.461433609681688
0.657039808212284	0.461422859389327
-0.273686966879272	0.168481447836534
-0.250690208747839	0.125108764254837
0.896044911912935	0.490178953213375
0.187180255069697	0.137793443426628
0.422846446115353	0.411903199274835
1.0198872822523	1.79204504136039
0.158321872008447	0.03054890339565
0.267073191685886	0.248009618609597
0.257825553987288	0.258380327642381
0.357551029512437	0.411125560715838
0.503752664711068	0.659784030895384
0.167539468318417	0.108255681497964
0.434465152051033	0.306730165024043
0.181401550005233	0.12806109567498
0.60128526390807	0.654137025180834
-0.0468988389247583	0.0347137958783254
0.896270963087158	1.08989019383082
0.890164820526993	1.17792112739699
0.480824183140513	0.318284592161005
0.107224483664643	0.0853581631396659
0.35562991224397	0.317332794815891
0.669538453606239	0.772538840266093
0.646887827203534	0.455166751059791
0.30350749713815	0.206109375823703
0.784147569313435	0.466495897622528
0.533085475845055	0.193401479167687
0.544020877140822	0.314192195348476
1.62086752843453	1.12503915210582
0.578821324989933	0.550556896766158
0.646837835861523	0.821027527938626
0.144455913259947	0.0625950346418914
1.00328636451489	1.64909408044062
0.156529894302549	0.170007742749215
-0.0134604096963176	0.01146650472055
0.575789602580997	0.457360076395798
2.7428501157407	1.7098802340113
0.583867420012155	0.298682945130184
-0.972299537542528	0.937209274970937
-0.955811421160074	0.998967258618711
1.44802373701254	0.917146096891362
1.96463092715103	0.470372342687103
1.45461172869713	0.491065821848087
0.476378257556408	0.319356404670289
1.4546992408829	0.917628524383174
0.588701815275389	0.640982070712389
0.419243545248775	0.421568741572844
1.137264683909	1.13955426279769
-0.0461819712274426	0.0288274900884683
0.158645573644182	0.0905700587162445
0.437756598791557	0.306370294226898
0.382287126566087	0.308114160455357
0.948708409875482	0.641298677484884
1.11536673437153	0.990343282899568
0.269122737985328	0.243072559757775
1.23172328825502	1.33967725495801
0.642995833465631	0.442712449625277
0.785036718441275	0.468799474952908
0.843187668729892	0.754082200464882
0.989206027813117	0.800044572249884
0.267103381200059	0.233569874006359
-0.426125208200291	0.482560820368284
0.852767588253939	0.61372848834763
0.445680798133401	0.319213524696777
0.193678915514711	0.162765699989048
-0.309626594671828	0.25079702711069
0.066003832713144	0.0517839500807689
0.25147484243753	0.223592432824802
-0.103576098350766	0.0606820507295681
0.276715384857018	0.20511575063884
0.168959369281299	0.123501508245962
0.148199727259441	0.0778166112669022
-1.1668897922695	0.660871457032288
-0.347343651948862	0.100521829573696
2.11518784424846	0.962803467848292
0.186914762995498	0.147504933575707
-0.401267388817629	0.31706670541224
0.789203879338688	0.922806851887964
0.087785196594922	0.0651539357141585
0.677351465974362	0.691540368681475
-0.0245589746341213	0.0188719413936923
-0.393655761088571	0.339898799501304
-0.0845123033781047	0.0608111105429193
0.081000192309691	0.0518724208007295
0.437427064178913	0.418178081128134
-0.0171139858131571	0.0112446654951579
0.184339175241091	0.145026918358763
0.363500579644189	0.314567189822173
0.681994760746763	0.323785191198623
0.424695701053286	0.427233927961774
0.323760408367152	0.387342048303514
-0.497141333788721	0.262511633184996
0.145265122935794	0.0558852577519966
-0.802001557757813	0.528442547817415
0.129015194804985	0.115750210721472
0.597662241467725	0.314949505765137
-0.0727854892016651	0.0315886041876565
0.331618290150096	0.182089139571599
-0.711928871467094	0.677904735114615
-0.955393619484786	0.586346532687928
3.26454918998549	1.12582035861405
0.96055594466668	0.252218652307608
0.782624236540717	0.468915390931371
0.144775943023955	0.0629764014805838
-0.495385890901142	0.260284515227829
0.531595264123315	0.195527948373046
1.03634162491416	0.3991693364154
1.46403851792582	0.486432467057371
0.673553513601153	0.218109822226041
0.150056620761467	0.0582853017514104
-0.21782126076243	0.0717238674753132
0.152059452718086	0.029590171141199
0.819736361887799	0.353982189775623
0.450383343993321	0.181585635749312
1.26456480897704	0.712083508379009
1.03654154158417	0.402707767551167
0.146923762007403	0.0508196417525894
-1.13599688789171	0.349486711323194
-0.151833642356274	0.0557212649548327
0.383163604441088	0.173145665364127
0.330104986286058	0.198005494251
-0.272794302820575	0.169038583517504
0.14653019519208	0.0570865605628647
-0.398130133728621	0.164289463520413
0.0442525416262777	0.0269250412583286
1.62138926167487	1.1313882108936
0.666816815995216	0.214564732832008
0.157874258277954	0.0751354725354354
0.89862698703768	0.493580741846168
1.05729629470294	0.520259000854253
0.14569794572577	0.0504060636924665
0.95292022183415	0.255029382628136
0.595166283662904	0.310235057593412
0.689859582303827	0.330466967885979
-1.82585028564619	0.752597954911243
0.154863985111538	0.046749770246217
0.162378104800928	0.0310834456145106
-1.79522376365631	0.406159618358576
3.26821961846391	1.12055426106264
0.158031704426094	0.0479750742787413
0.95558416772101	0.253955285085994
-0.343816891455429	0.0996962776646578
0.666887977767422	0.21415635270207
0.138920554075148	0.0478149779208171
0.153591635046613	0.0810298484337261
-0.158488679171333	0.058060458869062
0.32686156641141	0.193365158910529
0.796415465947432	0.743659039418886
-0.800582702068375	0.606565237747029
-0.499762908673557	0.258648663243369
0.954071954572136	0.644682360209329
-0.183201290885254	0.0971529996502629
1.34021816000652	1.39007130207806
-0.146391767834071	0.0538121497783544
0.156605756480995	0.0536780455606234
0.951716207590905	0.252076454273351
0.145556924338648	0.0566880143520423
0.494905149931101	0.307840155102444
0.853238490381556	0.623014853646542
-0.628289098424294	0.559027774302886
-2.47826676690419	1.4001163336298
0.679211942715075	0.322720793319865
-1.13074478212004	0.3459795805111
1.9613717712777	0.470903909509444
-0.618737201948444	0.150559036504414
0.150987968499307	0.0459422956002911
0.68506925064223	0.324253811797029
0.714932379355075	0.466484480151866
2.89964491632963	1.99347662114067
0.60136490580067	0.314785644548723
0.598569303496878	0.31618078883765
1.77108322314955	1.00361091664285
0.156845715679068	0.0472965888265206
-1.79522376365631	0.406159618358576
1.06760251530047	0.525861386865443
0.157056474373317	0.0303984095560313
-0.62409333671727	0.15194082521988
0.165310764697054	0.0422104497686673
-0.623203514518812	0.152886975065438
-0.344718928168882	0.101170101330633
0.166737913090613	0.0422118222449661
0.169301214921532	0.0427592743769238
0.161694559716164	0.0487970170518378
0.946765399319523	0.252386055990515
-0.0507988970198044	0.0221514490679813
-0.0649924916005409	0.0408633693795207
0.322392954989418	0.204945954268847
-1.02985304618648	0.417366865086498
0.138828784295158	0.0603129016123432
0.307589031592451	0.196358986906154
-0.115273593929709	0.0813156420737254
-0.105389714352962	0.0424193779052806
0.673553513601153	0.218109822226041
0.152182018060155	0.0588064306288629
0.14605644861433	0.0505224990642865
-0.0648566454516348	0.0279557093464196
0.323367725229228	0.207250177338339
0.854181520274857	0.767335598382093
1.08138324361143	0.667589114551293
-0.807528043018631	0.610308889130605
-0.351639245332709	0.102368245698131
0.161486408205213	0.0413117168731846
0.387095775240729	0.174416255250193
1.44969992073046	0.485973419912067
1.5570507106547	0.777100707075356
-0.730123386031477	0.256802322226565
1.81672375669943	0.71977097990322
0.170541995167361	0.0433725109405701
1.03674127319984	0.397936005636489
0.152059452718086	0.029590171141199
0.953397312790705	0.252738122158945
1.96025897070573	0.471212877436839
-1.79522376365631	0.406159618358576
1.03634162491416	0.3991693364154
2.75734920342264	0.799800653832186
1.46021680212861	0.488909487893217
-0.623203514518812	0.152886975065438
1.96025897070573	0.471212877436839
0.661593536121753	0.212650522521367
0.171634472420616	0.0433572706368662
0.673553513601153	0.218109822226041
0.828681340212028	0.352799541193362
1.24178779498391	0.85131962546242
0.581119506684459	0.458750793439599
0.657342789910298	0.461140283180618
0.309045482687849	0.198736256497319
1.23587731062704	0.838622858395085
-0.338095916418999	0.239230934377027
0.0273502918141137	0.0145086328309551
0.697677402195509	0.326482929048167
-0.351639245332709	0.102368245698131
1.46515025425329	0.487505243218888
-0.630732478411191	0.153857382309032
0.344196767354773	0.190158799642964
1.76667559085405	1.00128528132399
0.335057050363808	0.185859418561357
-0.165981388211945	0.0602855252248625
3.26962954853743	1.12822867523572
0.157218562721319	0.0600837943342438
0.820823944260337	0.354804427519032
1.45875777005853	0.49161470941807
0.432227955702231	0.173338538034418
-1.79522376365631	0.406159618358576
-0.62409333671727	0.15194082521988
0.526282024246712	0.193593170961761
1.4531651131754	0.486692367864221
1.58040091442343	1.68306696056509
0.129384407508357	0.0548677753611907
0.448604801241757	0.182812242792624
0.348527077805405	0.17129037604378
2.75606918885066	0.793508670212093
0.952024225447137	0.254550165942042
0.162942698182568	0.0413114056520163
1.4549594322014	0.484932859758814
0.668257563820224	0.216585127844403
-1.51659726126421	0.549787550108874
1.45351865984672	0.48998410568291
1.9613717712777	0.470903909509444
2.11379890771953	0.965542629430375
-0.155108190251964	0.056718694500787
0.788565967610755	0.473894272077904
0.642554380087852	0.576150374141751
0.440366853122407	0.314637355445751
0.562136689351416	0.441945329889041
-0.456249989055441	0.300650066532443
-0.511056190439214	0.382170121834057
-0.0295577898841945	0.0139624164848681
2.01684286886758	1.85440994945875
0.162942698182568	0.0413114056520163
0.145862581219173	0.0567091459421943
0.538183362128151	0.306119441418397
0.451753341550595	0.322361186292969
-0.343542423818443	0.10090975164114
1.45606145484126	0.491057209685398
0.444254571574592	0.18101194160548
0.139959999982582	0.0666757509201666
-0.192781368827581	0.128987800274321
1.44827270362108	0.901994696216299
1.04571393839951	0.402644709089383
0.32402662542867	0.176667461427488
-0.151756236463228	0.0557391336018927
0.157819500886876	0.0479964018015095
0.96055594466668	0.252218652307608
0.171634472420616	0.0433572706368662
0.15625990713939	0.0473604698624763
0.160033282133955	0.0407505791232416
0.956487790679547	0.25443416057231
0.147735428904545	0.0643443069297352
0.147992166585125	0.0707696913243723
0.439178149517754	0.179838225414641
0.166760634916841	0.0427859605507963
-0.155449628193251	0.056785772204396
3.63643152651936	1.45439996443785
-0.62982953293132	0.153685936034785
-0.62409333671727	0.15194082521988
1.9613717712777	0.470903909509444
0.665672219783544	0.212062538915321
0.148952237564153	0.0645324092461452
0.50875407162458	0.434772478410287
-0.0283330008331476	0.0134135070253952
0.553388537794173	0.316959458789661
-0.403008020369669	0.318144450958843
-0.253782880659719	0.126141679644708
-0.0681768336001665	0.0297956725282971
0.546328162496912	0.313263794239201
-1.0234029277996	0.414343036193287
-0.406584990846106	0.226508964605064
-0.149735794643364	0.0548714666208697
0.155447957395554	0.0469498859464432
3.26962954853743	1.12822867523572
1.9531598853889	1.23260106048621
0.377590670918204	0.165760622121708
0.15921674927226	0.0483450021306231
2.75734920342264	0.799800653832186
0.149414948074586	0.0647459658391978
0.348543442015972	0.174525034307841
0.447874482759599	0.18392431172934
2.11241021373514	0.965493651705752
-0.146135291861851	0.0823912709021419
1.25314532346628	0.868432818415009
0.35308543697852	0.176077449018942
1.77848388545146	1.01741144222038
-0.731525616406812	0.255525096859232
0.437798963734719	0.17948625425802
0.55196521889343	0.42316739352983
0.428664453049057	0.498059689689329
-0.00206137795813071	0.00169777428453382
-0.283349516112339	0.32544016332898
0.0823900552830137	0.057426376039244
-0.806467387392631	0.611347980465295
-1.72262201173008	1.39957610303928
0.685078112635709	0.58909348857349
0.58171138242949	0.78951821724373
-0.0484387271106044	0.030891096050848
0.166760634916841	0.0427859605507963
0.14216944294075	0.0551296291498757
0.169372564362851	0.102645851996369
0.522977700128491	0.544537514830813
0.185957890656613	0.13745572135955
1.33086270821398	0.600615079200926
0.976915110341202	1.31294741413838
0.172853119064594	0.110904667449118
0.389481165491875	0.177172496146289
1.77780054347035	2.15749228706305
0.0171585263331991	0.00924668042533209
0.863346622686845	0.625867616907199
0.899563699291533	0.493503891378626
1.7679555091902	1.00170849089634
0.791731314890064	0.612760205460159
0.15411831342726	0.0594648521202525
-0.77014119917491	0.340727136329666
0.673553513601153	0.218109822226041
0.580759690374623	0.551710971484006
-0.228808437072776	0.148314514001178
0.468238417445744	0.578160729465883
1.10941532133263	1.66911796299265
0.437542764532248	0.417349823586466
-0.434685146178257	0.33139038520585
0.916664929246076	0.778259491518831
0.281176454220072	0.208951587431857
-0.337244218693524	0.342483270250154
-0.223375517945231	0.166784618234183
1.57582095063623	0.803772600889529
0.67210466855713	0.216488954078171
-0.329900209183793	0.149228489806663
0.271252155357569	0.215979971170437
0.0785705564744346	0.0529171100797689
-0.0642864644698026	0.0401474785472088
1.24335415130654	1.02533582983918
0.342152431231562	0.169406331738259
1.05532093070944	0.51545179898496
0.78829643896192	0.612952546604654
0.651841378596165	0.457034615295758
0.44435405187465	0.315391348400805
0.318826621396647	0.1916392686014
0.143468176437126	0.0677860429845493
0.184254121374542	0.157189881642616
0.742500842105335	0.71690185779962
0.713729595682273	0.781933037091548
0.406367474829465	0.318537677628514
1.01192751586656	1.18664176884979
0.800800059503767	0.476346832490302
-0.222901125507273	0.07385839070143
0.142470070524425	0.0554450529408985
0.139470173943424	0.066346965284837
-0.412945198163185	0.175108643069649
1.04300319841899	0.402259764791993
1.96277491585181	1.25715130566345
0.455027752645258	0.3998721384641
0.581748685785885	0.647453640768416
0.683791293996769	0.851866870556139
1.22683111079091	1.46771542137787
-0.243087613588774	0.231432420741208
0.452771987483099	0.424035649135769
0.296013626432843	0.245642331710934
-0.280994226638076	0.270776303208344
0.0533291797017346	0.0494513288273087
-0.100320763484543	0.138093329634968
0.641088540989144	1.15381951484348
0.185644902391577	0.146949773554192
0.454143955678968	0.638252789476011
0.119198379044565	0.0973444524430448
-1.23307140424981	0.924126019419074
-1.04908518517495	0.824059245918002
0.0722528306939331	0.0463455869044531
-0.549924829625204	0.541060716302391
1.22138076436887	1.42746974933414
0.402524025265812	0.32797963632255
0.697325309492935	0.600536470787649
0.954295652698446	0.253211023347385
0.669700188276656	0.216836591054402
0.826194636758031	0.707387516922741
0.659427163870114	0.756429340096958
0.952705736117911	0.643747827149067
1.96682445962641	1.24869670750428
1.44802373701254	0.917146096891362
1.60845946728562	1.11680212086466
0.874960213837713	0.86852536754567
0.835654301262444	0.747525988104034
0.820823944260337	0.354804427519032
2.74032585971395	1.69892896328487
0.89380464013919	0.481957208361127
0.164495633504715	0.0495456538908044
1.0375528181993	0.396636753662223
0.156051095201577	0.046868937559824
1.03358254467883	0.397840523408355
1.96463092715103	0.470372342687103
0.888187438187754	0.482718759208642
0.44453330997149	0.182617638074095
0.145556924338648	0.0566880143520423
0.65067846983723	0.458248166678149
0.785396226384178	0.466862770154288
0.677846517006217	0.578347067983115
0.326308695505471	0.196186877800045
0.57866554928711	0.453581286804458
-0.402197966215507	0.277909189975683
-0.624940176612805	0.504321197881149
0.420391711542372	0.315839074839817
0.181814977087635	0.154486686439405
-0.693204111366512	0.593493221087448
0.469456008136535	0.441190373120793
-0.103576098350766	0.0606820507295681
-1.2846438650948	0.592277235262953
-1.81789801192182	0.755319680676232
0.301924452382975	0.206050001486497
0.773708152188027	0.70960655708203
-0.942957320368238	0.570802663206594
0.224838681200564	0.251901759125533
0.652391417533402	0.460188766847255
0.151146444914538	0.0517712277838049
1.10151535365381	0.824013613513037
0.332292995021593	0.184039483290158
-1.81281284079462	0.749911386602174
1.45496621180374	0.489974899858239
1.03497180873916	0.398183249253136
0.770532266912673	0.928681349170826
0.547413181804263	0.45024837193041
-0.238592961275274	0.118984136689727
0.452332695682996	0.323413394197728
-0.259976258903024	0.12856931364644
0.676403293999848	0.314814172660633
1.27213959508899	0.719856330378455
-1.0505263558921	0.829480989424586
1.09750392377864	0.815396141994486
0.785071375291065	0.735017949985466
0.741949250736836	0.606711515871762
1.36924417454918	1.23738331394333
-0.386012688395994	0.263124629002447
0.37100808233776	0.333955074162567
0.648390348453212	0.58309722341442
0.256057080786313	0.26055249620951
0.0254148171226605	0.0181235818407068
0.761375975495105	0.914512739494079
-0.402815196375265	0.314229280323791
0.273372504177999	0.25810402577154
-0.212873313904219	0.203276506381495
-0.804227570860253	0.973736414308852
-1.00568226980885	0.883280933083783
0.073123133323211	0.0652589154379171
0.557581905891995	0.632701161744557
-0.718253375551838	0.723292158428849
-0.795380984054508	1.168400179286
0.162195657542881	0.103787898355441
0.382589291714827	0.174233811045461
0.592615991224094	0.566235486985525
0.719984146404395	0.799957545864841
0.810380967803984	0.343457824772141
0.164495633504715	0.0495456538908044
0.173755858471472	0.110825283743518
0.0779501106214657	0.0525357932348185
0.869136463200533	0.984935764369987
0.312446260236272	0.212493941601407
-0.585396648853318	0.42336790927727
0.0393404245844256	0.0227643461973351
-0.057764346377546	0.0362456689668344
0.160506053176586	0.0967752552915932
0.174578128394605	0.123672543952079
1.22912212987201	1.33887006225433
0.785175948042455	0.613982362607304
1.13823650131099	1.14818384804665
0.82828868413261	0.856621807547545
0.645752483252083	0.676166468036497
0.906616599309199	0.765767335355278
-0.655054517281936	0.382588166005721
-0.222296249652475	0.184834036205055
-0.129588591314063	0.102654142662443
0.701137280891786	1.01980927114744
0.226343090033065	0.242830292301213
-0.108038155213639	0.0768023668511382
0.0141158921906495	0.01007325509051
-0.449985691378511	0.600703442486012
0.0361624287125554	0.0309167346538525
0.152832312294998	0.140850990394466
-0.0880140853463639	0.072320586702523
-0.782588791433893	1.35499369026879
-0.473900078369244	0.437876647879031
-0.0453926270197162	0.0339863307070186
-0.635996720549386	0.797458106492916
-0.158344630847123	0.088174136182852
0.312361247626411	0.184892567496598
-0.501723992949268	0.454657336865639
1.01809998558766	1.18200451511329
0.460472111927673	0.432579763689038
0.837382341062935	0.873549777857584
-1.10916240431997	0.753319619636895
0.162378104800928	0.0310834456145106
1.83013272208757	0.725092822440417
1.13441519670759	1.14668754788042
0.350896731645824	0.321907899121193
0.0663443032323277	0.0557467878967246
0.265399812734896	0.239169047630382
0.134779452543557	0.0579890662107843
-0.14180815224199	0.0798809811029235
1.05347812685858	1.09790926919396
1.56083855942342	0.78949740844192
0.393437746162982	0.178958081741566
-0.394705602565663	0.168162718287586
2.25847934736452	1.7338443572993
1.06426358771682	0.529514790306315
-0.109618033193672	0.0440255443550613
0.343333231839774	0.1895499249516
0.356588403974108	0.193777350057515
0.97627077652517	1.05456822854624
1.15047459212506	1.6839230185502
0.0606080899960868	0.038912289317651
0.385388962845565	0.3352597979168
-0.477459483806528	0.402460860272604
0.273811907691185	0.219203453772348
0.539398584671244	0.617675830610264
-0.178658022987547	0.168572000747815
0.0404406239088307	0.0307272817034994
0.65914052983805	0.586304894988009
0.428043665746071	0.429757526147812
0.528192744512982	0.5234417994775
-0.0896124396264824	0.085132127046141
-0.648331309130267	0.662792054429596
0.487544049874663	0.299008729912716
-0.155161163251569	0.105732599450406
0.0538613521891058	0.0418615272550598
-1.56448011706854	1.47937041548252
0.29167441450631	0.217790421102746
0.179719476302445	0.107821773076348
-0.152782075404647	0.0560846680959654
0.808617969790489	0.342312200059053
0.168416875598949	0.126979499155445
0.351981548003123	0.331308183162278
-0.97900136103569	0.495018827323948
-0.27690984845609	0.170683022069318
0.653801045967041	0.46153172834933
0.166394015894957	0.0421995715384941
-0.218965144969334	0.0721608079673242
0.557845409775408	0.434978855857193
0.205912827489293	0.186878824778024
0.25871908616999	0.209667687572078
0.553126867762752	0.625498386126427
0.192165949005843	0.176181935437328
-1.2702639328716	1.35154418146228
0.0109848954325539	0.00600415320011659
0.950572769466659	1.14247828694931
1.82625325422671	0.720309807645897
0.140215739707294	0.0544615577459193
0.149414948074586	0.0647459658391978
0.44012960476333	0.180773267026075
-1.56072150921352	1.48617680813954
1.27084678577163	0.70799315478936
0.686767946887294	0.325113559598268
0.354537298752309	0.177603257316678
0.697821279924478	0.592235445431921
1.36086560992582	2.06627949273285
0.253248879478032	0.225774862915748
-0.0341542614066862	0.0259764248389747
-0.253524742770095	0.226877191182767
0.352423894674373	0.312808843433451
0.468825389739552	0.59115585852549
0.251421450006268	0.269750826653209
0.014594593580324	0.0104700363346794
0.77935862287136	0.823825346602016
0.122739319511773	0.105367959371722
0.178108276846944	0.135858908378016
-0.0423360851799448	0.041549487903789
-0.258899446390511	0.270059370853782
0.202659560883845	0.154736418213637
-0.868711588497116	1.32353977288738
0.190784094379721	0.151290431914859
0.714475725120827	0.779843693992278
-0.789856860532986	0.66274604982257
0.0548977458456783	0.0336690822128732
0.798106090355686	0.475953652057705
0.260213297878339	0.219816504002132
1.22638555551632	1.54952688468494
0.0328161255127615	0.0283856250139483
0.473185669278003	0.317822248910167
0.0159592392991147	0.00751469878345843
0.00918633270533205	0.00429791609433484
1.45846230507283	0.923739548640697
1.03922988577136	0.400124112296972
0.164866751143337	0.100785907033296
0.481743577199134	0.439528265300507
0.311823367696178	0.329268816260834
-0.918635122057382	1.09059096524578
0.21787030779893	0.191799966865089
0.723228020532107	0.877444356082937
-0.029609913690564	0.0190605583162561
0.748339148607432	0.721398349277608
1.0517289292433	1.09702440947306
1.56519910944153	0.791620042971659
0.894504813822409	0.487480093057045
0.443232887814582	0.180488409106863
0.136163347266325	0.0589893024882611
-0.501583958439578	0.264196031342086
0.680770020981355	0.321772549290662
0.38484689113299	0.174602965182112
0.721115015328968	0.468782832581098
0.529086245411457	0.194521335925232
0.303709186901775	0.217313981371634
-0.394579465915979	0.219369212538003
0.535049196746651	0.305675946105522
0.982112700284272	1.05614020549497
0.443259802684178	0.426085971645447
0.0160085856386591	0.0113764725215915
0.389176393849707	0.404148906551582
-0.0941170029083481	0.068195320725901
0.419255289157083	0.439931155867845
-0.038840437723836	0.0329367773484206
0.426218200376424	0.502815596277501
0.78151000039579	1.14211078862661
0.179984599297514	0.136898851238818
-0.35113515614202	0.375600392492414
0.433740674950015	0.435439095716614
0.211800427066368	0.248150024116887
0.131827397604717	0.108952193867457
-0.0190419629582135	0.012462401608863
0.106000938628623	0.0842849145353457
0.177382485784206	0.130534783569846
-0.166104846414746	0.153545199443258
-0.705440684564982	0.609712818931922
1.40107262882989	1.07864936731484
-0.469365044453073	0.312035909380479
0.454012612993521	0.421991101913154
0.261705770747749	0.252649447071505
0.726361177349626	1.04422096031178
0.791692950492606	0.744219536455056
-0.457296249164256	0.350837006892567
0.333172739484755	0.182118393625778
1.32125481417367	0.588079391101958
0.948141792901091	0.250604857806815
0.469505981705712	0.312705190380175
1.305652777408	1.89597810322439
0.786674445046703	0.926507189031564
0.14938898484042	0.0448799012129405
0.310371384052577	0.199136699848955
1.15807729776054	1.4103937598306
0.436707311680259	0.309646059674912
-0.733699750330277	0.882222908926162
0.50473677870531	0.528445091411198
0.474344143525164	0.513744268270514
0.178745304544068	0.136510482094213
0.458352630955531	0.412404570548779
0.987928621297653	0.788572304836698
0.443555521774665	0.180587495247054
2.26846737102841	1.76738308588806
0.889477294366632	0.48333470893364
0.391712292796721	0.176777179800675
1.45811560767572	0.923690330704584
-1.49975801698483	0.77960100677852
-0.172955492584726	0.0899126033179555
0.149822512433037	0.0515980643104733
-0.0695380151355837	0.0303947370482494
-0.187360789720056	0.0997421123689418
0.0191191051263233	0.0103279821810326
1.43382000859625	1.58683181770798
0.582555773508467	0.551303808503893
0.741739496117169	0.801477020846338
-0.557829111029299	0.500591604464217
-0.559161393979562	0.462316230873821
-0.181688380422766	0.164919616059601
0.184484606808556	0.140458591984473
0.408506541583494	0.405120983657508
0.810603968557335	1.24424727303128
0.0739304528144949	0.0613338376041811
-0.435931368185002	0.332195383110397
0.31717459251612	0.323798742911854
0.852314839664207	0.615016816938761
-0.733001587220826	0.953413332687353
0.614136040691945	0.564138650256817
0.540759368675302	0.624497893885174
0.271581740322168	0.208990647852717
0.546256871138421	0.316014829650952
-1.99236832261122	1.39802409254994
-0.0994673360312011	0.0806907171498077
0.25893908668171	0.251161008955367
0.68173479561997	0.790718502490979
-0.0574436435044323	0.036028346929285
-0.0558186266138017	0.0351431162930343
0.169122304978036	0.102970635060719
0.0429397435552606	0.0348563845702277
1.04439699516423	0.400035957490872
0.502248565616341	0.311987353993737
0.416067668966734	0.309618035004717
-0.358738435293365	0.316432969691592
-0.165286807845687	0.113521422253735
-0.293241408445176	0.21276566086487
0.699685786578902	1.01419415193717
0.147275715861666	0.130599973481171
0.0343695280251647	0.0261190188892976
0.332522283427172	0.335243949212383
-0.0614880837120555	0.038592492440499
0.0148995598812865	0.00810193933137493
1.49197884561417	1.94155050172088
0.685514030494988	0.326317895337534
0.3794493808912	0.171368506392188
2.35462292580617	1.20882722421725
0.382589291714827	0.174233811045461
-1.12965913036419	0.345874034206289
1.32822893225691	0.595292300170666
0.445559696059655	0.183481849511998
-0.0935725183995886	0.0376428264079742
0.949680925494399	0.929748300698682
-0.39775890493071	0.163903416339553
1.76159426444667	1.34719781759666
0.89227391310403	0.484957834108716
-0.235373905740827	0.116311602892067
0.148870514166198	0.0780977668051149
1.04604715816135	1.09536035953226
0.276043926653522	0.229428657365746
0.45149061935976	0.42206733402306
-0.496303407558988	0.55133054989029
0.515836218561648	0.541657481977959
0.695764417951933	0.688446986862794
0.361083040732325	0.340010509565797
0.0450871548587499	0.0352266132997766
0.447858087526257	0.523666882530315
-0.169478562102613	0.143723519852236
0.565623142927935	0.722584765096873
0.19959097980111	0.166507102221807
0.403854272238648	0.509170850012434
0.148466902623206	0.0703663520137562
0.146295759995578	0.076252160576661
-0.141987684692853	0.111386329590147
-0.609149906409167	0.662331007404931
0.6039621516851	0.639980395261491
-0.215019229859254	0.195612623367875
1.2422509743389	1.18789604254488
1.04600254643588	1.09297694486077
-0.617760490472092	0.301396357879333
-0.0807706044275158	0.049262493634339
-0.269275933405048	0.219621353182114
0.19509933967915	0.201301613435596
0.392138036860843	0.178635963941375
1.12171888023105	1.12258526884135
-0.0347176327767229	0.0162074198937821
0.141595248893409	0.0490443609015525
1.82073728246914	0.724274882905695
0.400196364138457	0.417298094041064
0.316475349188576	0.330383666603164
0.603753358955183	0.657303252582844
0.389481165491875	0.177172496146289
0.523787196468579	0.192297988976743
0.148406294194498	0.0446988981681097
0.497324824819579	0.3079391193726
-0.17797190271568	0.116803391179896
0.392794097701967	0.319056502947427
0.307116718324604	0.208608348956723
0.393319352945278	0.426429499217499
-0.212182987181948	0.192077911414706
0.0635878734038567	0.0514468775478611
0.703608716658213	0.936153055435866
0.176491300560833	0.119337037913072
0.793023721804845	0.841853433019548
1.87262354150284	2.38995171688182
0.154149877156799	0.0667539132620519
-0.608207819050003	0.295122267224993
-0.261724286220259	0.129137520082207
0.616960738966269	0.460032601446087
-0.0704173767275576	0.030833618906223
0.685804936005516	0.3264113043121
0.844302839671569	0.603851791928883
0.853756643696185	0.623741429375565
0.880925102991271	0.471963450036306
1.2381310532747	0.849580279621745
1.38901756847598	1.06673540121018
0.393041040810021	0.179952823576791
1.36030250606739	1.22739111271165
0.405132562336764	0.318696418191931
0.31916604815204	0.204744755013804
0.342666928010156	0.311829498187487
1.37943836990133	2.30538864585411
0.188385251309071	0.157564784616983
0.506044784108133	0.52988790094001
0.84061757147703	0.967318386063189
0.485546078203749	0.527667713535951
0.3175330463928	0.351294435115615
0.452637815775373	0.587336259057285
0.959493641756523	1.4992997027952
-0.382642836209078	0.331439268199975
-0.0446864904007215	0.0336567478741987
0.636865327749285	0.74562653236353
0.584472848599527	0.921979298516427
0.179359123284641	0.12140100406068
0.362713987458127	0.32300691304718
0.382459020757359	0.322148804277671
0.334516538672609	0.321439345944781
0.972478035128418	1.29555873813385
-0.0716703928643754	0.0433269015233241
-0.155787000522986	0.0873508732403525
0.363332360985489	0.325741436469411
-0.989372009444175	1.66390358226157
-0.146271965389181	0.135970631421459
1.39944614255408	1.68600469364138
0.736568013413889	0.711157444216851
0.846001185844071	0.753819602359705
0.334613075183879	0.310344555675426
-0.154682189069616	0.135364593553786
0.0567419135420239	0.0446008255089671
0.445760198646892	0.427398737678461
0.0746841465750583	0.0519098239799391
0.190025265054823	0.172055190579338
0.353208346599489	0.415544763268624
0.689565129067195	0.330030148097795
0.554139706964874	0.531344603627765
0.957871568697817	0.254705443855955
0.570105384698184	0.697059967318695
-0.0203370606114302	0.0156003009964022
-0.109896453835461	0.1098672991452
-0.106631089542093	0.0854996806871131
0.341230311177869	0.411467608202509
-0.204212606389918	0.182800462773916
0.266126640257102	0.210650909224499
0.316562867379453	0.189714959400388
0.112704953675955	0.0869907851238271
0.0114637129049791	0.00930580048644285
0.30615130694017	0.194738462061085
1.30367600580987	1.63779111192847
0.312676277017392	0.212816497891143
0.150928658417594	0.0851562819268246
0.941815357000258	0.897504236473621
1.11832096930583	1.10883705240814
0.364241168188237	0.335809435482785
0.708908551638564	0.462433726003489
0.299708898313724	0.204533602249171
-0.903328336595184	0.737381990708255
0.942787588732664	0.913203072450932
0.48120501057196	0.323127093056028
0.183109668391433	0.144348078234315
0.390269784030842	0.328254686385806
0.766609184230202	0.926634869912322
1.14799849711678	2.24076507320115
0.410815527718052	0.554354034823535
-0.972851903069664	0.946686070299504
0.184378502875521	0.145210973961949
-0.227124584313574	0.22434960216664
0.595964877886875	0.930870211879245
0.0896580585178438	0.0623341594418918
-0.793980635592417	0.953897705182331
-0.102517631511568	0.073889695134809
0.837854141900236	0.576932545008595
0.649442486774694	0.450643482050552
0.704495004068762	0.877947181212598
0.28001215519809	0.208109499180242
-0.280460915800301	0.173745988091778
-0.497909491682166	0.448238036390306
0.822691002715338	0.944376464281356
-0.0189252002143523	0.0124308045907213
-0.532792847050727	0.438983504067324
1.45461172869713	0.491065821848087
2.11510958403916	0.96677783943862
0.606796573823231	0.560711869224533
0.0681185159625218	0.0641936004625421
-0.247199111769437	0.283295265387847
0.329774351276633	0.421286342474125
-0.456693136110166	0.590526520911376
-0.0207401216748869	0.0157362813444634
0.432913689892866	0.619041636490877
0.271537586659804	0.224942918964152
0.490632083265907	0.433887649372085
2.04351812113134	1.8644498385218
1.77426139636201	1.3797692107989
0.144616061493927	0.0500253520513714
0.689334881617773	0.595389643401887
1.46021680212861	0.488909487893217
-0.492956642595205	0.258698473279103
0.161486408205213	0.0413117168731846
-3.07968455989498	0.963635125148535
0.152059452718086	0.029590171141199
0.165471802863436	0.0486370217575466
1.33506694945679	0.590624233355927
0.6800756105157	0.215855235776087
3.26735525568462	1.11469211429917
1.96025897070573	0.471212877436839
1.82578795240992	0.72409353488536
0.1588995276689	0.0306480879354901
1.06168370190987	0.522609528288073
0.139432279957111	0.06034234287435
3.63643152651936	1.45439996443785
0.157631418222578	0.0304971390385879
2.11630521628039	0.969154823351082
0.891011746281172	0.486020500774198
1.96025897070573	0.471212877436839
0.160510100025773	0.0484285557089307
1.46368058676195	0.48685860015717
-1.79522376365631	0.406159618358576
2.75606918885066	0.793508670212093
0.956487790679547	0.25443416057231
2.34522233602022	1.19132098001187
0.157631418222578	0.0304971390385879
1.08288561076264	0.671487250499981
0.59657661392523	0.305414357991165
0.35758699559787	0.180227051071045
0.158215391339413	0.0754134589575669
0.164495633504715	0.0495456538908044
0.139613228069273	0.0603666778478548
0.716395093666313	0.455683875434234
1.45730188638128	0.488260410534648
0.384208436457697	0.43367830144436
0.244780156777616	0.298916282392463
-0.253196915824605	0.279659857928392
0.64105769448385	0.967520278033576
-0.151272445310332	0.160581087081697
0.42797459980915	0.605070703088669
-0.428176273864822	0.617804975650793
0.0284004820041621	0.026936371830684
-0.367971120863432	0.374594790353197
0.454619374438039	0.501095302417721
0.145465200758154	0.12626284910709
0.722017715636752	0.80149520259701
0.995681250841111	1.36229830012287
0.274394651758555	0.246881641557884
1.21288523686772	1.41596658520194
0.83691228581014	0.856140309128745
0.576384271519271	0.451612562048782
0.286317627293986	0.237455322993081
0.529867926203573	0.447863199708611
0.355659168515301	0.316785436763515
-0.650901571979337	0.785822317499815
0.0929666541300721	0.0916217041988104
-0.395256741779439	0.491255461872285
0.181142784486212	0.142638856977293
1.22050758692935	1.29805973175847
0.722647428989214	0.804581249528204
0.1170933918551	0.0982648322439537
0.64852885905045	0.577552371338124
0.359513333925534	0.320566317689497
0.476907860801029	0.31968734967606
0.507666280047851	0.317682398790881
2.10698360933492	0.955030303566198
0.15921674927226	0.0483450021306231
0.904627049708455	0.748902529439168
0.565121964554295	0.441284240616861
0.0159742531464661	0.0129325290397653
-0.119211594120208	0.132582764704121
0.374376948641684	0.494720528516251
-0.0118563944971393	0.0100452039751329
0.180862026639036	0.170966885796701
0.461942050826515	0.653917360299579
0.530087177096831	0.525125991066626
0.472607804222611	0.429827660505552
0.912554515316734	1.28933267478696
-0.640431920071352	0.80528440226718
0.513540287991942	0.626013617856824
0.202899763736163	0.196203683349126
0.125751526992604	0.126442999742419
0.157800103665032	0.158281494010921
0.106147735098883	0.102672551656446
1.00124216990906	1.80022773329609
-0.228074456003903	0.171746352851714
0.199760650635806	0.180727688329216
0.438193058241613	0.440976669008168
1.58248981471299	1.68043142736358
0.0303745116290445	0.0175313672531971
0.655874824612101	0.461307319555707
0.658602712780624	0.456997564192249
0.858629752572829	0.617598522016924
0.744204455895399	0.708551749585488
0.78977147078175	0.742607610289776
0.740958331390416	0.603802574232698
0.648329930431703	0.682500105475336
0.525387559575554	0.613572545231025
-0.530794354541143	0.510410147357818
0.660802410096174	0.757511482774157
0.58240593206204	0.719847333669377
0.233978981636111	0.232939284316301
0.120571589042311	0.103703661390635
0.823591011815522	1.03858907787129
0.721302392272421	0.866017064553729
0.449434489038996	0.504046800040961
0.344672865486609	0.492678958670362
0.725048139804772	0.468368906750526
0.547380530164926	0.550302610484926
0.251587960535784	0.246255516693372
-0.280646991356693	0.175016093714009
1.64841140612566	2.97212513585562
1.14966788699648	1.28576930698818
0.334540140719234	0.185527110554192
1.04062393996299	0.400467662974683
0.164495633504715	0.0495456538908044
0.187776006508633	0.144042217617501
0.590521531623969	0.565246717431495
-0.263825647025339	0.25173447602275
0.250272107574579	0.227793135311774
0.314899779687255	0.33531912862246
-0.381197231435503	0.297544906160512
0.0907291463381616	0.0824612965543296
-0.237859695780748	0.261577383713934
-0.244895600794614	0.348257483482082
0.185441163793943	0.162797830963517
0.602465438788265	0.316502225151995
0.938093961705842	1.56636223796231
0.3132608366273	0.21333912581118
1.23253027279034	1.58292206621633
-0.0108849678638827	0.00938398284299539
-0.100738643391191	0.0948435976432273
0.666237976285163	0.773862494173277
-0.194502005739197	0.191117454418196
0.646178879684738	1.0182142179318
-0.113822952444984	0.101389223687637
0.540533635305094	0.683026257202944
0.184059894226129	0.153667050635911
0.90756761163253	1.28005771045848
0.188232938748447	0.148845186969998
1.02690369902924	0.952988347088745
0.466400668455384	0.309969795373009
-0.00254781307346359	0.00131151337643531
0.714602582416438	0.464600518037622
0.00239108206251321	0.00105032572370597
0.602581088896916	0.447465007370259
0.396635206989731	0.178489615840739
1.76563575010066	1.74802746927793
1.00761657900413	1.19218667623233
0.927532258023945	1.21376613821715
0.088805997821673	0.0616284094802782
0.755891266641495	0.823007162672416
0.257527296808868	0.224073990939676
0.4330340774356	0.409881175481409
-0.0347332981785679	0.0264107490513565
0.405318374830211	0.414353288397464
0.736878780282636	1.06708855083186
0.617198333220464	0.57514742399696
0.257125272963249	0.238663529078355
0.622979776570664	0.669882361601147
0.791256711734908	0.934661144390007
1.89784139765074	1.59140983106422
0.983086755633464	0.772234372577195
0.442393509075114	0.406813497576626
0.53880991606016	0.620341108036862
-0.0830207682100272	0.0503653703156187
0.860239357957583	0.626816141481066
0.169301214921532	0.0427592743769238
1.06298049234632	0.529003721857717
-0.572729314563069	0.520631524893546
-0.508429333753786	0.459662333046235
0.459725463313276	0.492600814759822
0.0591238082640499	0.0450074565404768
0.726973931598825	0.980862709668636
0.368378243310253	0.328178366828992
0.191734493078225	0.173076753771515
-0.458737714188163	0.472596328309372
-0.12995228034927	0.149053844331695
0.176212470372216	0.132811492696664
2.11371778253909	0.958913406403944
0.371396179080482	0.496512719031571
0.328707127891541	0.476292036046163
0.560196464692822	0.935710686049421
0.438221297217437	0.696220450221847
0.45555859144913	0.75096253782348
0.191434763538223	0.217361966872857
0.335511307841603	0.522024446282577
0.82580207269306	1.42448153895396
0.418050905172675	0.420407644784625
0.811079855322804	1.1003136371568
1.10678661054589	1.85313378726951
0.470184589711393	0.508766267826812
0.549069097868963	0.635932685438308
0.188509332529717	0.153869380367318
0.742128858088691	0.983640359635933
0.192965815101643	0.14820121681058
0.723743537007499	0.888394170330284
0.509902275552254	0.433053952326359
0.614615435472179	0.656512191045777
0.39275727551952	0.395594858850627
1.92865196041708	2.92486833914458
0.948923825807941	1.1124478513337
1.10390773380883	1.7225139913274
0.96290464638305	1.22491726028317
0.996677964262952	1.36138694767779
0.520557197825866	0.443892258817564
-0.151854409802171	0.103015171218039
0.261221237889267	0.231887006896122
1.44029871301593	1.6044891488183
0.182788219550895	0.156559208335166
0.183452421322142	0.129510677222994
0.498460032392099	0.744979895414038
0.530745234441674	0.529981726081179
0.419666141351491	0.431867594368268
0.914338525190452	1.2990180975036
0.345556388057907	0.342279471775583
0.725752786514377	0.597100037605332
0.532678179710753	0.548025962092624
-0.16475520389197	0.142846156058915
0.163945861766295	0.0991938431119349
0.897689689355742	0.491637407482036
3.26962954853743	1.12822867523572
0.106463594615422	0.0775458744864439
0.856044650006269	0.761518224858684
0.347807514275427	0.317495977940118
-0.104296895690931	0.118597804617872
0.125744891605881	0.118085502596407
0.58019552913221	1.03535118264152
0.378070546007145	0.493513169794636
0.827924580899394	1.0425534541093
0.464556694420743	0.985148903735237
0.0446240291713777	0.0427575073129624
-0.548482163241208	0.639614158088556
0.374563683851427	0.314314761129874
0.350384447536834	0.41415467331503
0.225082845208837	0.268856230245031
0.425108290539478	0.5487185723426
0.783295925217645	1.07325776118577
0.494974463853099	0.725013649542059
1.17185882704981	1.84474978789034
1.11173356472324	1.90158249078324
1.77430201512779	1.77348326099716
0.520523802327387	0.53002282470614
0.277288503759905	0.243237616009104
0.0758566342870228	0.0484643275153115
0.311831345163402	0.200293738751633
0.0362111000320406	0.0207507682620374
0.371714870785613	0.184270374109031
1.37182962212064	1.24320961742551
0.600164839655165	0.31285827228072
1.11146241114701	0.833340546489212
0.709418362940835	0.462631255047924
0.626071997490522	0.807166076376091
0.202985196485673	0.179924583315898
-0.786686084752088	0.43131714149169
0.950654218295308	0.25253240285929
0.951547874681655	0.253003737941398
0.464386961658069	0.311801357014472
0.499641716705026	0.940542210632461
0.245674454839837	0.244268767982652
0.289298483921245	0.304880486705671
0.00436620097626415	0.00375036132997679
-0.356873663245652	0.423085978841178
-0.00618465186784017	0.00664493868089568
0.524329057846238	0.762873875355282
1.0388413026897	1.39252204808469
-0.741258370025981	0.938213498126276
-0.0268796581644777	0.0176141076934313
0.486678653820829	0.428557349273634
0.151728218573775	0.0908551098092316
0.157068458867546	0.103551094812045
0.561518519083202	0.437951939359184
0.179395560022293	0.121786896387891
-0.164539999907292	0.112953750502593
0.0908122745878827	0.0771800589918431
0.730690049352723	0.601439412200122
-0.172064975076321	0.14662896134694
-0.650854193556986	0.385866944924582
1.45115389212136	0.482105241849398
0.332621677632454	0.327890607320626
0.13893676418851	0.141561000230529
1.50276571648814	2.75067145336139
0.999242016812625	1.38102774269418
1.21892867915405	1.98167927422192
0.0222691165799068	0.0293258214882944
0.125063995685749	0.129591257183586
0.40907231621836	0.430532356112577
0.445998580202552	0.438340991588063
-0.260031334698823	0.314843759041701
0.369952450236766	0.494942601079078
0.890700687360698	1.65623595154461
0.40625594712546	0.535118206810107
1.16972333500739	1.63172026896247
0.522337621731251	0.706157267668169
0.685133303261732	1.12927939304432
0.523328767309545	0.69194366543155
0.781624184428117	1.2508421453016
0.895121307067059	1.43788384073125
-1.21012340604598	1.39862459126612
0.766213380415832	0.915905845764592
-0.260994160106464	0.210713975345533
-0.141527985633848	0.0983288200235973
1.1370442023807	1.26942053566316
0.606605029569177	0.558472492947811
1.41352440427604	1.73021418765577
-0.906919741289769	0.748690672597177
0.606589521567659	0.449377551585874
0.857501277320673	0.958658178491808
0.50487069312637	0.317729634625348
0.71111196600412	0.46490543422683
0.46690997887651	0.505569592583731
0.239683063618694	0.23682570694096
-0.242134017215103	0.120228317193651
0.680716152036141	0.585000072444122
0.175974069889398	0.149094275871564
0.270333287025275	0.261824392320844
0.741784738068935	0.71217883228389
-0.731306141239577	0.257130066262645
-0.0215908118408086	0.0141311750853967
0.377867099977585	0.416744772303321
0.840984751502452	1.34851577329998
0.746134248882321	1.40632588376881
1.30332647673697	3.75284184445959
0.168786618346882	0.201909461405031
1.27504784892415	2.05513349117449
0.0509932131199366	0.0400144033138084
0.0203157556204023	0.0145163653121492
0.46110692811242	0.433924389520658
0.689682396601931	0.759588899023063
0.283036703464259	0.255327327296832
0.935580718502199	1.28668457052757
0.594349722851918	0.704938743558174
0.163416560132715	0.16239238084294
-0.46418823246344	0.51965703467404
0.00302667907354363	0.0026492805539204
0.713748492267131	1.24527813717407
0.220946655470571	0.297646892570519
0.960786352865541	2.0884022016458
0.588525299269685	0.895760139291123
0.527706587814874	0.78088841660431
1.36007313641317	2.65691700020083
0.886164005743158	1.59009521403568
0.128700726491665	0.142785934814109
0.0308559850657105	0.0312137008885229
0.411973628951834	0.79925588166377
0.377758748633075	0.489615669016058
0.461305692176062	0.599716958086732
0.440045210935029	0.421745519929877
-0.483036446428105	0.64248707386884
0.173586145661079	0.191712696300247
0.921988352946257	1.55884421970547
0.195953164969248	0.172098362876395
0.350117519236615	0.338919456327885
0.431419571252929	0.174994621431672
1.08197600508373	0.671805047482294
1.1040948068298	1.46249072067705
0.507289090168735	0.580772019678121
0.152413850496941	0.15308391576119
0.140966364320963	0.143467100317658
0.0545396718958043	0.0416216681928353
0.705975287505645	0.876330988951253
0.0556130885447748	0.0445811460517203
0.0461380336706705	0.0415139594167678
0.290730738651079	0.215365267970031
-0.200520336425755	0.106781336006668
0.363473098130604	0.314799687199637
0.547632697521663	0.313964466365432
0.44936059063263	0.182384243279582
0.956221486531731	0.639965217657095
0.762734966851356	1.76520614469147
0.59622072805164	0.930763220286245
0.63641833482849	0.762499274194687
1.18751308146104	2.04502775436506
0.180074135355948	0.121982096799401
0.490347118639668	0.30163180798667
1.59082591148859	1.67178775524759
0.282976578904928	0.208090497190269
1.08774587754098	1.34990264665507
1.12973318949674	1.1256914369067
0.74517677812878	0.612256044009863
0.584558664769893	0.5555843378531
0.786822798623308	0.71745087790104
0.899572059460852	1.10282453571996
2.14171186838845	2.1571404073139
0.793701764728185	0.741356346106045
-0.277057369461365	0.171539030118503
0.601493683708538	0.65293885128956
0.548092835203036	0.618111587469055
0.678568719109651	0.697838455345779
0.656583468236826	0.915784012728763
0.112742954993943	0.109626068790619
0.587264569925975	1.02535671793536
-0.471582405842981	0.683310259877193
0.0249541288897221	0.0228073776275107
0.466091295552724	0.822268660568139
0.549111332684182	0.902114337055825
0.349609438556028	0.488686430282228
0.439811007806562	0.64645072574185
0.548824881938608	1.01696843069255
0.574135364616696	0.704373116914533
0.524075960307669	0.628508736590993
0.399389724617582	0.40487241297717
0.80833464905253	1.04011359981679
0.175388552712431	0.112156376135917
0.0949164238993476	0.0688193378190062
0.545914746669934	0.761893116989693
0.66194404789526	1.02423535429161
-0.0644938127919587	0.0467652073867955
0.177493415336892	0.125548832998803
0.596482014935905	0.312114092953853
0.779182111221393	0.819506465824873
0.674141238793788	0.900217990390345
0.499965415998406	0.578438151689887
0.580865361598122	0.621852771929647
-0.660029714540121	0.711135910288885
0.282999242364459	0.188294258534698
0.167289004779277	0.116722856351634
0.69062635303398	0.873786642114102
1.18852965083754	1.94347848209993
0.0264787889629116	0.0141432477695224
-1.50892094831171	0.544038324980869
1.09604673815444	0.811819032013099
0.526282024246712	0.193593170961761
0.673553513601153	0.218109822226041
0.666816815995216	0.214564732832008
-3.45335843018676	1.237143568277
1.45351865984672	0.48998410568291
0.575122215325601	1.18235629248024
0.744345244921944	1.7722810619071
0.46893645245848	0.965131378799594
0.839277458920078	1.39547599434374
0.196653307389648	0.219445098340527
1.06117846729346	1.95140448138764
1.0478361815198	1.0903607888206
0.187223941814847	0.138212949240883
0.541656179026537	0.445112439099685
0.680611484779707	0.695765842162957
0.999568906110823	0.80950486368706
0.442354626828698	0.315303339892221
0.845023674552517	0.979271026527579
-0.108576509409723	0.076976615373952
0.931416547242292	1.03573241549155
1.2336341860083	1.71335202143954
0.182059603317867	0.110438839998587
0.866331764846205	0.63132088442215
-0.336013019869336	0.200839625837974
0.969471150554302	1.02474854354327
0.739855254293172	0.821963724831895
1.4115400833201	2.22171525841317
1.2053741706525	2.20786092226603
0.365856757199068	0.47068690316811
0.363622328593778	0.5112557095271
0.230108535666375	0.268429965389848
0.479883565344885	0.796327615006095
0.721553342696104	1.67908147663578
0.139885455190306	0.170352557850753
0.474534913089429	0.912421180977011
0.533263130877314	0.974906936633467
0.402122543937251	0.655962841935658
-0.0354578239648904	0.0299635189664385
0.35052250952057	0.427434333372165
0.644175458539535	0.974087267273293
0.193753485382081	0.19297705217076
0.456940123894323	0.584488877673164
0.192783142683073	0.173837991280051
0.852914912179618	1.04876370919058
0.0570036718456938	0.034393000255247
0.377809025607026	0.423408682563986
0.536409381056297	0.817916439662673
0.518801147726742	0.811990831285737
0.985537864502241	1.0606966101043
0.189029392655535	0.138911639954824
0.557458190471818	0.455471008339179
0.731176881923297	0.896827058254212
0.991709298653225	0.793705874222523
0.300971880893316	0.204413347954263
-0.716334943624167	0.729890390275704
1.16958670242128	1.90783304600689
1.00937385543139	0.808276159547406
0.136173897108013	0.0526941681708723
-0.622773170231965	0.302204518490784
1.33465551200023	0.588378532972015
-0.714110639859431	0.245794927714824
1.57412938648184	0.799431649536959
0.669440224929851	0.215480111776117
1.32125481417367	0.588079391101958
0.673553513601153	0.218109822226041
0.469300091326586	0.780674081168155
0.666973657895527	1.361953107983
0.743368775188503	1.66139290385834
0.654423497539261	1.14163452522809
0.702825954840941	1.09278196889801
0.834248706662845	0.953221724503903
0.462921853843609	0.306828911328532
0.587897791140477	0.563261112561914
1.75650581539991	1.7373308757516
0.269498841264055	0.196610925221096
1.08403212759752	0.669109791637498
-0.781576036796503	0.421742939326725
0.736704752556907	0.71055784443438
1.98900232136431	2.29500847104405
-0.436412872921469	0.335203244811683
0.164606477078195	0.109438762226056
0.148199727259441	0.0778166112669022
-0.245633470541144	0.157888701900124
0.0139054051692568	0.0082001691264253
-0.220078997889643	0.16548639104324
0.424053573197378	0.319014895191778
-0.238513111641874	0.21647185841476
0.632521409500609	0.813859480284993
0.0156878526237699	0.0144559880102788
0.302501279314906	0.38543335147913
0.823941968307755	1.62291464582966
0.580336894441054	1.05891052421365
0.555333973051079	0.967758691277816
0.344811341656483	0.486137922061799
0.966999522365746	2.46965152572065
0.667887250613149	1.17741481065401
0.17901292331633	0.22568682915864
0.534096146873851	0.525424322173688
0.310618603716472	0.341138832849873
-0.0510134542942315	0.0457481587432773
0.413605128746404	0.413905211977064
-0.29790787195434	0.318211300936602
0.330771913027682	0.333477290888666
-1.83875065754825	1.63744601875008
0.0620970240276291	0.0374709268390137
0.17872257079975	0.130795015927526
-0.189437378547181	0.197260282635446
0.841340877705502	1.57859790282158
0.718027292465296	0.793307571668895
1.92666429468613	2.9631985063815
0.463514002679793	0.307520464265089
1.27584559321759	1.93258935679224
0.337484748774683	0.184829889062869
1.24460208954296	0.861277326620425
-0.385429298688865	0.330881262313308
0.181326879563052	0.137951250135252
-1.51659726126421	0.549787550108874
3.26595066981528	1.12514815365216
-1.34674876511441	0.845589632338461
-0.62935300969794	0.153342878403685
0.167846042512584	0.0427707788849589
0.952024225447137	0.254550165942042
-0.218965144969334	0.0721608079673242
0.163094953310193	0.0494223382636678
1.03256922990721	0.39387722027159
0.561393904731628	1.22855236396373
1.44205837257802	3.96818023534557
1.43285487843047	3.35156167618602
0.798757626449368	1.11188114135445
0.870107971463852	1.08386857997198
-0.159097652518027	0.107281314335147
-0.162916836498273	0.11044624031221
0.536206043364234	0.442765080390058
0.269540027194096	0.206675022814383
-0.0690819994238062	0.0302690152513791
-0.00342568139531509	0.00231584354917072
-0.467013554742727	0.387821911775172
0.882540687353654	0.884789498914643
-0.0395950066454078	0.0254670355591415
0.33799839313257	0.186721622093663
-0.16341203905866	0.111977314803812
1.13708781096911	1.27446742429807
0.181435923626593	0.146829500104486
1.04683389385604	1.54744066004935
1.355399847932	2.27211224147343
0.470005904494199	0.59296856086855
0.640670324999038	1.04123541360227
1.27042520254636	3.74243093205024
0.424191640663174	0.649241645529118
0.587699556735004	1.23466786925433
-0.0412857099831692	0.0436907127874413
0.253215717476473	0.323767834126843
0.924199075735559	2.38599533377273
0.746848960324764	1.60165733526801
-0.0278122932487803	0.0317186495069831
0.699230763962198	0.793031724639392
0.533473022120792	0.684757849693509
0.46293635999352	0.580916237750591
-0.111892447330871	0.116702204518962
0.62726867371434	0.87198286191389
0.177322610243122	0.167466428752484
0.480860442204732	0.587555101731486
0.450155043603055	0.417179732444932
0.62579770449081	0.582297348415305
0.197008279103588	0.174170608921295
0.0734180206664531	0.0731426134774155
0.0974008510862776	0.10490921208726
0.0839698887916117	0.0599700749036067
0.0993792012024902	0.0724008575831481
-0.163793530588281	0.112277557467737
0.781869555413425	0.464483003970213
0.458526342271	0.440323826616158
-0.0158265270930333	0.0104209019773196
0.147528393742037	0.0705022870007616
-1.4737395048873	1.02334014479126
-0.146470458978936	0.102332888245346
0.421131724099392	0.329942258464248
-0.624582031923329	0.153403426322781
-0.731306141239577	0.257130066262645
0.859376101776828	0.624894728128282
0.532741912476932	0.194574887814862
1.57582095063623	0.803772600889529
1.9613717712777	0.470903909509444
0.666816815995216	0.214564732832008
1.45496621180374	0.489974899858239
0.527876579433709	1.20736374210687
1.05283599878099	3.58704226584085
0.605134329634012	1.17430144619381
0.666289932132629	1.20192499938934
0.996929589692747	1.72035905617207
1.29048178290843	2.08707670110054
1.03903986063652	1.05818090882523
-0.276175989843674	0.172950813742993
0.694589968235283	0.792276356674986
1.07623313145551	1.23567141911309
-0.283233552418558	0.177742944640883
1.9477751171735	2.65508086885822
0.196486207835916	0.168849217873315
0.117205772159472	0.0979357568795317
1.38520962808321	1.83920150268418
1.36354870310109	1.23892362034263
0.332778484643756	0.198578728551087
1.13004201001157	0.996697563398531
0.454648699190474	0.424805988597152
0.0481902672634389	0.0384656369100928
0.677522896252673	0.851391316930761
1.03255820263207	1.91806669126026
0.610013332822058	1.18701933921029
0.363595357946893	0.616160447214574
0.451639313083113	0.689652630432637
0.630084994891378	1.20933301497659
0.395648923229282	0.675722157588592
0.262603121786785	0.365963681604795
0.0755420936681071	0.0975152444516532
0.145050342260243	0.18350870989341
0.530426287968315	0.992819903510248
0.803184673544131	1.11616567717854
0.377377493484693	0.404801421138628
0.812418867749937	1.33869911905448
0.455124366963301	0.779578229189843
0.546864461334008	0.715581915468498
0.941668389180167	1.12569142916623
0.619402001093574	0.57478936574763
1.76572594860474	1.35602908505006
1.06755724896193	1.22796796915274
0.679211942715075	0.322720793319865
0.404704675047769	0.315088057092173
0.825236978991148	0.955794352693299
0.893846492758487	0.901082241237886
-1.83053444560278	0.755559929122587
0.1535714904589	0.0530493054972145
-0.556180693208499	0.349568960697782
-0.523324953422777	0.201994861376303
0.95292022183415	0.255029382628136
0.166760634916841	0.0427859605507963
-1.27422440586755	0.586727712642546
0.673553513601153	0.218109822226041
0.673553513601153	0.218109822226041
0.646420580582734	1.29858847532546
0.803801084734733	1.69828589455612
0.645266266231447	1.13536706723254
0.348922366574243	0.39095957601703
1.8964549194578	4.57097552108276
0.595089063868654	0.7192378471998
1.23329136554405	1.33101916316629
1.57600315614325	2.15789910419965
0.143747269175704	0.0559041635309843
1.88064111373443	2.37068646862486
-0.0690600726216616	0.0301659277243943
1.45846230507283	0.923739548640697
0.577611154678782	0.544712001282535
1.76304135648065	1.76472025727781
0.178761476537758	0.108639409321431
2.01955929901455	1.85355082465756
1.058924285803	1.10253373083465
0.289384307757336	0.194522353516738
0.0588092772823533	0.035843728454379
0.705790780550041	0.461433609681688
0.186886676234474	0.147403817405979
1.42666561120472	2.22206742486713
0.851897170642313	1.3775076000165
1.46496014615727	2.79458376410239
0.567781906375517	0.785610146504934
0.391898216048327	0.477316736216284
1.02577511762771	2.06842602561092
0.655635560413537	1.12616683737321
0.482912489380338	0.518126574439805
0.935802120607818	1.70856870924322
0.497219723816923	0.657233097530832
0.096421317230492	0.0925481379430632
0.0784532222008979	0.0526931522838684
0.428663129935094	0.321421661988186
1.11968466499615	0.985670335858259
1.36441113418819	1.24090761334314
1.82868259121074	0.729942315494172
1.0404202529805	0.404466019128978
0.357632929598931	0.179138852354701
1.24293356650041	1.18903059237579
-0.283233552418558	0.177742944640883
0.140540587524375	0.0547519601052748
0.149595457307736	0.0452624594369959
0.161486408205213	0.0413117168731846
0.167846042512584	0.0427707788849589
0.945392108065693	0.250394577044051
-1.51425919312654	0.549483381615373
1.96463092715103	0.470372342687103
0.906340064717121	2.8905669210377
0.265873613418007	0.407465584389143
0.963236106383242	2.30640721544052
0.845075112427557	1.61534475282528
0.755117334206073	1.21501507505197
0.652822973565097	0.686030908039722
1.2767646172829	2.23149151834017
0.888422748645564	0.900446645974337
1.0261003940493	0.954807458599075
1.41052559213039	1.73209186240667
0.847216249171522	0.761339536561212
0.017227061179152	0.0122733746113958
0.783288683709235	0.999813121509831
0.00793587579331604	0.00547706836920613
0.283209244778947	0.240050980675349
-0.157451219859684	0.0876429980163182
0.597756080203583	0.569527326281564
1.02495154569519	0.952386046335805
0.792601333740791	1.17473319075671
0.646926477087542	0.753883831037807
0.766247269793443	1.14048934524082
1.19062852381095	2.50808457499969
0.538471974433912	0.762338623194358
0.923044173090353	2.03815305031232
0.211323447270622	0.268549439200589
0.576658095550994	1.11606558234036
0.414384430749602	0.671431462624313
0.703942398165858	1.37063652161537
0.226520123430263	0.306182538907277
0.35249648356895	0.479279314872895
0.561085243969337	0.770334684685125
0.589327494901208	0.650037822141336
1.49282829445442	2.60215164773769
0.542125260661559	0.448202680424916
0.312630895819181	0.183381531938123
1.56500232003748	0.799635859648323
-0.0207376442836833	0.00992166169294731
0.0487457011134857	0.0279849160025319
0.913309591781569	0.775654652849514
-0.214932521395468	0.160662445410908
-0.30795150008651	0.142162870142646
1.06272834000266	0.528167631870496
-0.0690600726216616	0.0301659277243943
0.888538302946409	0.482471402327789
1.33221646682829	0.599978311661845
3.63349334555347	1.43861104142477
0.507909635365365	1.11605285211119
0.529130930319024	1.12682567950389
0.52886870028103	1.18199900799322
0.655726797401362	1.17850548568257
-0.0139351700053422	0.0141474968679847
0.803009413686383	1.42363382828307
1.11156207623632	1.74901453321366
1.59198119228469	2.41689642592759
0.689537533684689	0.868767454524219
0.543925045394841	0.606105234180688
0.176854401407283	0.140499281318745
0.0685317821603134	0.0440659970274646
0.459805158985573	0.430662971408814
1.15864030982794	1.80105640152123
0.434868468351735	0.481101592271698
0.203458037118373	0.188448078112638
0.0170584591422483	0.0129559030523113
1.01989668572629	0.94243952806722
1.07478864195428	1.32585060140037
0.793244851839225	1.09785097242256
0.570680531233364	0.792466415468472
0.967988378764339	1.42930086656871
0.524392056700576	0.762583100069689
0.940767955734105	1.77943261149601
0.567049290201791	0.786885157139828
1.29689519544912	3.1154273961694
-0.0269972964821331	0.0250142054512668
0.394402135632786	0.549089002295457
0.884146334936822	1.66782073228254
0.724872174719721	1.32309122092006
0.455569536445312	0.501372089521297
0.2695137504439	0.242352246512163
0.111834342073133	0.0869394166602065
0.565121822219436	0.980160037256223
0.35029609506053	0.33896033270367
0.560273627988288	0.6461033377479
0.68083707727721	0.581493740293505
1.23297669150979	1.00037002963854
0.39080765601914	0.178392476739938
1.66107280275873	1.53221038338184
-0.227429765821456	0.0748191696657807
0.530447729983482	0.194934009129475
1.10274338984408	3.81260875433819
0.75433671786596	1.57549728424745
0.812822623103852	1.90234921631193
1.01995212140845	2.45939750801317
0.446571086610942	0.560116216052328
0.700457348859783	1.03004987191718
1.01675442517179	1.74466800835461
0.549391334806706	0.69169236022901
-0.245179499813882	0.203456194000952
0.519499364520836	0.522644348171712
0.890850666149254	1.3165580750819
0.947778859222954	1.30155880394729
0.617317850636234	0.740352869340041
0.621100410077082	0.746354665089859
1.0192702156932	1.27203924366811
0.200496638417182	0.208524559341161
0.413022637497026	0.410819795988262
1.00526715382733	1.79829733882744
-0.224818464193862	0.201430743797758
0.265413123633955	0.262493550008759
0.452715756220433	0.607818322976136
1.01246543300649	1.73049832053266
0.640240698396478	0.979910821380055
0.188419179434863	0.161188151740158
0.842407657703052	1.36741072980876
0.325165464382402	0.31768443392474
0.462963703801356	0.494031273366216
0.181704228629024	0.151290170665509
0.776094275619921	0.58865748922746
-0.275579331537954	0.172656783605925
0.535523448540715	0.307225073309346
0.682284658274595	0.325724958712449
0.434765734153405	0.177993138783725
0.451730404605359	1.23464668930184
0.54621202031079	1.19087630140638
0.612369289973983	1.01398762826886
1.74161836679892	4.16015362809254
0.529379793630741	0.967264753401416
0.21142645196838	0.285152693953409
0.507401912788049	0.861717551856964
0.0847030766960519	0.0914607523018429
0.435342253649311	0.684863208070967
0.871181317184698	1.59055718336334
0.181032094901738	0.209557861608673
0.438052917962094	0.579422496937239
0.462535913440773	0.679802169907303
0.986915840184879	1.87221574933077
0.708415602222624	1.2798074184676
0.779594487607072	1.33606700879205
0.244693348959795	0.312813920250505
0.577508592505332	0.949595361020683
0.664977176045197	1.25058467064616
0.783281904357006	1.32055945753299
0.265383736684898	0.283908127139803
0.550992054340053	0.779197449779218
0.749748079969307	1.12854852247233
0.376939985118012	0.407044965519204
-0.0308448624152822	0.026272403316291
-0.664575032011125	0.68240909007575
0.786425791363398	0.736979561852408
0.66860993808142	0.774680012715599
1.29935458517072	1.99048664307941
1.36284817431498	2.04889949885444
0.79220013301494	1.01177058931921
0.61208382276128	0.902662950999655
-0.0206795762380905	0.0157345256697252
0.20166142758564	0.208801487414694
0.24054013529903	0.270310874761993
0.442676365505054	0.434490076355176
0.511607592680811	0.438805569629195
0.473833033811544	1.04566391954784
0.936921838942089	1.77946730191982
0.422367881256514	0.756668668839499
0.209504735441536	0.294912369769543
0.37964609233745	0.573131477888208
0.386231826403118	0.496599733463219
0.0336166949058739	0.0286158965126677
0.123682521220956	0.100956891868738
0.829616131032209	1.29191148595525
0.888920842615587	1.42258284125432
0.85299280914864	1.48209933610027
-0.321097957435048	0.305812056843722
-0.0511549061183361	0.0465261097726615
-0.0535514948313842	0.0441465949132919
0.419123740776276	0.545799771306869
0.345871898569657	0.39027785880363
0.420786519376186	0.568214262741145
1.39120681816575	3.28487998362176
0.963956034095151	1.83129946341256
0.205039549847019	0.212912643395399
1.08441596546668	2.24391362915563
0.450292373181928	0.571776983534359
0.604777591122697	0.865508891333181
0.420209453186042	0.572120548179298
0.476326827249875	0.59325031888109
0.796507911585782	1.17681963115167
-0.195192448796547	0.178954476318556
1.00248928868599	1.87194862911275
0.650304267831087	1.06522029334438
0.40353966306876	0.585228053952702
0.241819606448451	0.243984692706341
0.405901001415341	0.399895107474553
0.653268539706313	0.909920335360828
0.285748369025676	0.202280402515785
0.785254272224079	0.606831521034097
0.606301185967773	0.317983303510064
0.51105760006992	1.56050258327293
0.572872037662353	1.58654273607037
0.591254627968119	1.67160208843288
0.716861998767407	2.14426907356517
0.211888153688628	0.333753002487403
0.209723221480333	0.329301756295495
-0.15905622279518	0.228480843447149
0.389953740510544	0.770663317889363
0.20335782925306	0.289434121685887
0.471320021714052	0.805993670388329
0.481788393201972	0.9462409225769
0.236617965740898	0.366424537277388
0.161913927578393	0.275522502370948
0.38116727373743	0.688409285468745
0.573597837815234	1.21574468617608
0.676603738126647	1.72502104441388
0.0421517576436412	0.0537780431354477
0.0800141682514587	0.104346516530073
0.548970040755631	1.1186066683448
0.341792195055949	0.600337318493557
0.347864412993812	0.500328700048398
0.416029761810605	0.711532437971244
0.499179875727095	0.832036136645113
0.115139773685252	0.146392724304837
0.541316471956164	0.694314940880576
0.462253782171525	0.815886624629805
-0.0733755832503768	0.0824217985009653
0.195343275984263	0.274290866168547
0.409970277203656	0.613212246741252
0.386667283287906	0.575820846362832
0.395368054095689	0.323799202493783
0.449586205943696	0.433431977357027
0.913864093736817	0.779116988699304
1.77514866783345	1.00688013038822
0.945118962007096	0.626906024207374
-0.612145438014205	0.297697819633693
-0.493371670957335	0.258579071745134
2.11320420705247	1.4868969040202
-0.155108190251964	0.056718694500787
1.27423517071333	0.709126977316615
0.440208643626581	0.180693389650481
-0.318205862653551	0.147527411143433
1.95803528467828	1.20450789849121
1.45785852691055	0.921106291037143
-0.151540264597381	0.0553347237091548
-1.81697249352039	0.755161927952963
1.06704465495995	0.526749638672329
0.151212940315606	0.058282180739669
0.82349104975392	0.355749507161144
-0.777898816341768	0.348631200573361
0.166502984849872	0.0860814889373483
-0.216459792863705	0.0716410349070388
-0.488404309176342	0.257083791354799
1.64644200383656	1.51808990492324
-0.0412622624158156	0.0192025202906937
-0.760970926187252	0.333182242971268
0.592503176143132	0.308897161410218
1.05347520273143	0.519970347833052
0.442978582599905	0.181030757263294
0.660154272128366	0.210687849785302
0.153330488140151	0.0297415921897382
0.787645001243603	0.471352625304253
-0.220109901011941	0.0723811542078152
0.157056474373317	0.0303984095560313
0.509964265628527	1.36738097733825
0.297320504292668	0.607558967975641
-0.156157037235738	0.248438177924475
-0.124104712275252	0.17537073205492
0.229226710237736	0.368289191847869
-0.264659231335621	0.402591946201269
0.767222557431118	1.73594082300598
0.361174890789484	0.623805278027576
0.247665191762609	0.379010654800768
0.446058720216232	0.851154002979074
0.564947446406856	1.04476018714747
0.215539281365223	0.336217115412404
0.532735409778677	1.16332384500241
0.406458752120278	0.675239295470619
0.502203725216235	0.899928063085171
0.113741409965222	0.134028207905812
0.406136268843486	0.628668128529109
0.704819982580525	1.15823815627197
0.648859643787576	1.03488856904798
-0.0663522808456067	0.0622488856351748
-0.00308432104933428	0.0026960952498608
0.314960411275886	0.334661676616485
-0.440892127441526	0.429432420112032
-0.0959997529980897	0.0694163682111639
0.36709778020258	0.379980949190955
0.440793302614213	0.503350610815132
0.771569409115629	1.45485269003469
0.633535237878716	0.828181833402854
0.260086707386412	0.297062179542878
0.700821683725437	0.692652661845397
0.507900151344193	0.532059792257861
0.858858784741529	0.625875821682621
1.44731456133022	1.60892621100066
0.626759236592036	1.87103984420739
0.359350089908399	0.832116179585938
-0.272166378083555	0.492565425583304
0.243683894200042	0.434260977212378
0.0654958075407935	0.0954282835278546
0.703092812103684	1.59970820890586
0.55996580935466	1.18681826977222
0.837311101162706	2.27126993522211
0.748232520109668	1.92236518867618
0.280462492979345	0.443354367338124
0.873305194270272	3.04283944448753
0.186414078340634	0.283217750712219
0.687352577600641	1.691487798618
0.497306461409986	1.06960342579136
0.466789501059707	0.891395515998713
0.0460212759709606	0.0509506563723835
0.765102107547171	1.45506502345504
0.150963990840975	0.158077261526123
0.837513795766585	1.05890260583112
0.261507707003614	0.256744406929181
-0.063337686602756	0.0508979165760075
0.627229538741928	0.746494393117756
0.972308968549405	1.03885659855966
0.438739259611049	0.484271857979648
0.345482327050268	0.324512294273087
0.44633525016828	0.523736478504864
0.593982923561624	0.311004053975875
0.209350040462245	0.19393499795795
0.602430292262925	0.735001973657097
0.511152024515196	1.52775805994002
0.350600151906361	0.908584333416321
0.313688462788835	0.76796753793823
0.142440389940681	0.261285662473743
0.672735014503522	2.0226639369925
0.920060189597938	3.22936097942728
-0.102616418420674	0.142321156998422
0.126263662024678	0.176115928578626
0.897683401447737	2.18308559636219
0.822887309015082	2.04143836297564
0.522692872565503	1.00160098524688
0.624058005268536	1.46109311155986
0.366245583538791	0.595496196077643
0.56518415615246	1.41862403991472
1.17495701471677	3.68114860334031
0.715754295014445	1.62771353964581
0.165052234279676	0.211505992276457
0.740805370975776	1.5857832394583
0.209284366805992	0.262364216390898
0.983995625923605	2.84551790588525
-0.0928509838832778	0.10207306021444
0.505933590317678	0.761124640604752
0.319773310851249	0.43084335681063
0.392534955724876	0.527812339498636
0.19484848125059	0.207705273376797
0.510259114748522	0.60719174922719
0.505307186878737	0.428174942126196
0.384660663141791	0.410291467489376
0.579001735411922	0.64215182159196
0.788565967610755	0.473894272077904
0.678617642589796	0.215342271740836
0.529324647801022	1.93325459592553
0.692736503012538	1.89597508689257
0.461896581944113	1.26157047006168
0.423440414405067	1.0494509572017
0.363290481962499	0.744625334323398
0.763321797718193	2.46227915793876
0.592437078410268	1.48166720006893
0.167547721044206	0.237924733484655
0.660828661806195	1.36084404530875
0.577084047140207	1.04037961446943
0.322729637419535	0.495428472205397
0.906051253440098	2.22644130641058
0.937954382383376	2.40327485825164
1.00991419750904	2.34597850377412
0.980908686644393	2.73305105085181
0.799072157249774	2.13443227937271
0.572045720014778	1.17883640555094
0.455361258590036	0.815161262424784
1.13817678355369	2.7933015794981
0.456989824973907	0.778741606145649
0.857576957795825	1.92591148266173
0.303857287165886	0.358566628604438
0.595002840707502	0.891305718196975
0.543466851306906	0.784029498524325
0.710592344769836	1.02455518355356
0.718506728414406	1.17235657601602
0.516284995671982	0.958239273376448
0.179725649442847	0.173980906288775
0.163806034552604	0.0930365136995912
0.433736870450855	0.177466012567766
0.187156073670662	0.160877392632525
0.967557424382512	1.42865626771401
-0.113176996361874	0.0649936402123989
1.04755264103492	1.09167350652262
1.0689111198424	1.21728016930045
0.358932122293163	0.308720711046307
-0.776871258927239	0.340167164539616
0.663034678171856	0.21290337117364
0.758903308157272	7.73930499499838
0.667870908552621	4.54210447859158
1.25728215078249	9.08399403839218
1.11539472605817	5.34026196260261
0.668993369769971	2.93760384864967
1.02165760752673	5.93170062211339
0.445482726411731	1.32445123773124
0.503670608244717	1.66970916093771
0.356318395605533	0.903167351079771
0.484191659243642	1.40109865399719
0.459351093038601	1.16517029758568
0.842053665492486	2.76264789475643
0.984610610808887	3.42230481041817
0.691476431301881	1.87114367617677
0.559755999751596	1.43356672697894
0.43928738216297	0.936417005958671
0.477150828464798	1.38318594106456
0.887610105454888	3.20949119860825
0.57384610462196	1.44442534498951
0.912454735324304	3.07576853860484
0.67008105355771	1.51459418114579
0.620914840157894	1.53683005757132
0.665109024095887	1.45933737132215
1.00888847022269	2.66858913423428
0.653206138454493	1.21484813485441
0.915352104396399	1.6840824450569
0.429452178658762	0.5058957198051
1.01368664765555	1.72063110401315
0.393923502958806	0.428923023638588
0.930106653961103	1.38715019893684
0.313720318745214	0.36347326102701
0.757532164581564	1.9276907647559
0.58474880228919	0.734197079828846
0.362587456207125	0.183088959496236
0.323083822701737	0.213431540396665
-0.508049601781409	0.626860251001863
0.94514347318663	1.46811548599685
0.337653486338413	0.185450539913677
0.0248533348403878	0.0132451207239419
0.541701007020111	0.549522064061838
0.126780710696104	0.106427546122694
0.651230902830704	0.454115707045317
1.03219330840261	0.394744650348199
2.35597399998808	1.21246687696406
0.727404224711213	5.11394382602223
0.233351380014225	0.446276137575941
0.263176374633431	0.467016300369406
0.245547658004927	0.44400783573631
0.6209260503825	1.60108651112096
0.364614195552325	0.80949722865534
0.402215365894866	0.965842958820715
0.435786440010861	1.03345034923395
0.425688452447138	1.14743638540533
0.302860341008959	0.813519377559289
0.32466736818177	0.81056648176524
0.407387339675418	1.10748651616952
0.190841875809266	0.393926908801691
-0.050422651278117	0.0732814390129684
-0.154891448997021	0.275552568445894
-0.100750454263994	0.16489447626414
-0.150882485879037	0.284947874929792
-0.248118732850538	0.546026560332386
0.185264887840153	0.176941370296318
0.193261376434304	0.185855183688144
-0.216233051644597	0.162095405401322
1.24654899956067	2.01484632591812
0.302696751857936	0.33678200975548
0.0939150880514705	0.095242779419456
-0.123041497143727	0.120917298559519
0.332052742704456	0.326116579957096
-0.217143170396598	0.222165781485531
0.432681681479703	0.337790018926731
0.390119434339807	1.18302392003624
0.471410642211972	1.69149978712717
0.218927339856547	0.518714729420477
0.145520499022218	0.293186689459654
0.384986324265359	1.12792524152271
0.575559031025831	1.86993838423303
0.26552160792723	0.578510390140101
0.234711075385437	0.526696158574314
0.284686198189357	0.716665759317567
0.122334044340102	0.227276615131479
-0.193853421828316	0.395957762247053
-0.286061869210514	0.585793474944476
0.255958001237526	0.52224468443147
-0.228910136972429	0.401679276104583
-0.490629291652233	1.13033156125376
-0.00644028857947581	0.00910465762784258
0.201327477238332	0.246684475088763
-0.160845428192474	0.124191695858811
-0.636021999046183	0.603945433395553
0.568247022425536	0.777086890995413
-0.0843086813286174	0.102575558899108
0.262315779104271	0.240815233266977
-0.178422766809799	0.176322472611446
-0.0646381647073335	0.0578130668627659
0.396772754708816	0.489286229137345
0.430423035805661	1.17511663291802
0.261547474450612	0.606171263573106
0.122336570249583	0.222759198012997
-0.142048296858205	0.264107262252837
0.0281594553749271	0.0509845117415744
0.129650628875546	0.300676098434731
0.0790544327977435	0.157976880133523
-0.250017604634982	0.649352292486974
-0.0143660186232213	0.0232162441988412
-0.0189245573499911	0.0306556414304867
-0.248381549065491	0.496990233206562
-0.352267390288067	0.926202654518794
-0.0218102247805721	0.0344961936379306
0.252272526010722	0.25264052556212
0.333586703100705	0.343818709238004
0.195530603940874	0.159040555598047
0.375567288942901	0.494603891752232
0.036080246197681	0.0307520267844663
0.926610279664197	1.46240205237602
1.1348236106145	1.80707988331471
0.204105041566518	0.196201282743491
0.778551631390666	0.596556912807164
0.824703682400615	3.68235212621298
0.262941533560342	0.573028096860645
0.684995091134956	2.33263506235004
0.467037544729746	1.21478749372548
0.493041080779762	1.27190803457696
0.0577312943261818	0.0987934092572918
0.330486246573595	0.825486239338781
0.209717363939037	0.463811417455277
0.291328268924701	0.808067864694072
0.0555470289836572	0.114530271271624
0.0308129937473255	0.0587996803852389
0.0590170442619082	0.114989778746303
0.00870160138531864	0.0154661973933307
0.129345446290105	0.279065233035494
-0.418715086604786	1.21090655041642
-0.147989029748816	0.311989889087136
-0.0432265831713715	0.0751147272286708
-0.204900367739591	0.453008176401681
-0.0377899123691108	0.0528755587928194
0.474634389844145	0.528460923870229
0.591259598605142	0.71305345049959
0.141256948315704	0.151176131593829
0.654947700073236	0.835694546394381
0.662786874222633	0.84821033223199
0.365344532665555	0.316227850642064
0.564342811093556	1.9607523334417
0.412569232196883	1.19969595137684
0.355867802440211	0.807222214259345
0.700616287082665	2.02344159433123
0.198142599272867	0.366745464811899
0.314423841066418	0.6118816615505
0.529334957344675	1.6058694404386
0.620194022225969	1.98409956675613
0.67514315412387	2.3223030089032
-0.00936346549930857	0.0138600383483989
0.449578006139617	1.50798751440009
0.261592941188694	0.619649860246841
0.523233580905363	1.53955022735026
0.506685059553422	1.52210787484718
0.0970878577153106	0.155136015091823
-0.394556168829924	0.840108459358298
-0.142373529315087	0.242096526677933
0.290845509184018	0.548392384492333
-0.0958225257962126	0.151401692490734
0.641352991033557	0.57533798352423
0.64122199002976	0.665913999922867
0.750087754387698	0.99193305215383
0.380380812723047	1.35747903445592
0.38629441127237	1.32663214997583
0.492047710861027	2.00441940763125
0.619394000209534	2.50194060908287
0.534093592432608	1.88126243967612
0.456488837491199	1.31678558067701
0.48734594471081	1.48010739527162
0.377996126482256	1.18114349422764
0.420449626912004	1.28295340297075
0.380219237650594	1.05108537473951
0.500451529019485	1.75366492204453
0.479610284553417	1.66085973745495
0.153063301369909	0.315519775657458
0.050920513183013	0.0822807398962909
0.393942240697868	0.990426867261082
-0.0961123800694271	0.153076626041356
0.267051209090441	0.475214559850818
-0.154975089800446	0.252959098719099
-0.0425017461964256	0.0603739311427836
0.545926776750395	2.77983783460194
0.788795056850116	4.77599008388914
0.521588386835099	2.58385238993083
0.681308029303607	3.14974016009646
0.499498026597071	2.17242898509076
0.323848305393253	1.0126678832023
0.209790252938845	0.514124464271699
0.525485922949615	2.07551509773952
0.410755062077047	1.36609887539795
0.431986789260364	1.2967152651836
0.519405062687438	1.91257590910757
0.473906733075935	1.36468046715857
0.590642904088795	1.69836396000485
0.459944779407206	1.12595790543041
0.248325710600052	0.464074539137439
0.0810371948763599	0.113566486122022
-0.13509552444297	0.16714722483901
0.353885602477332	0.604726218155668
-0.075725626628146	0.0955503130073896
-0.23636204390588	0.450796819882182
0.57878993780709	3.23531178915543
0.572198128012504	2.54131260068824
0.589954676119341	3.02781633546835
0.346013350200723	1.08294814591182
0.254819760795465	0.856472868240556
0.225575208321277	0.610621761872657
0.203278883491568	0.537131699914679
0.0522848038371956	0.0988311455176375
0.0767587169559789	0.13164677412314
0.421054262181296	1.17362911471813
-0.121821186117996	0.199796955809636
0.199484581726936	0.331571688150675
0.00876191303944186	0.0100665369253081
0.438412498913999	0.726055133035715
0.861259978549415	1.88821460605193
0.369795450031233	0.566378256028574
0.185186176148777	0.179643346348528
0.0435425610456704	0.0422787466471726
-0.271095938474671	0.31340325184139
-0.151662284602991	0.23227873533588
0.372284485629203	1.73016177908036
0.710871855744585	4.02052436897181
0.50117635082042	2.57819874628895
0.518854920413013	2.26068440432486
0.384736887275029	1.62359110715542
0.371504462023415	1.35885894705361
0.167194752369773	0.405283256381422
0.0984417103904741	0.212472058698284
0.334718512660534	0.949757655971914
0.134765712122878	0.250694994065069
0.436988523525878	1.19569374043686
0.548477646757469	1.46295984489715
1.04459396581948	3.02416252450491
0.0104219255084588	0.0111139647503284
-0.0607826015077145	0.0621370270965749
0.0827562657272851	0.0909955415778767
-0.00931588489462166	0.00796165302504911
0.291783510737993	0.369545395205653
-0.117119528306192	0.167987533291481
0.638766855413489	4.09894229483079
0.541870344993704	2.45027269270884
0.493858341882629	2.41672849044996
0.169351602421011	0.44028219982964
0.364756560110535	1.15042076797879
0.326308349166622	0.901308536562314
0.443500477850927	1.38539800468008
0.396469035194982	0.994356347722858
0.0392995730368592	0.0599627820953012
0.236897822929669	0.404212521653928
0.250338088647094	0.390710739929993
-0.132388042009535	0.16201991194261
0.627620845077757	1.22380258175087
0.540476715322776	0.855867065842756
-0.362210976329363	0.431086810766297
0.12299091539257	0.130407342539515
0.228476616879754	0.634897261858967
0.368185195130462	1.50249630739185
0.713814022220239	3.87676088810342
0.191032583672283	0.473296651918248
0.350242744056146	1.11216933391136
0.336705840906918	0.922747079848161
-0.120485602148741	0.224671465759198
0.447104754570381	1.20614856017105
0.350529927333561	0.811413503716619
-0.0365631451592386	0.045630964867688
0.154061972942503	0.19784326435124
-0.0488459170331069	0.0550437779472238
0.0314798241592977	0.0343664344292676
0.177020541569169	0.175964036456895
-0.351626536541674	0.460321288444436
-0.0278605692516833	0.0265316339999771
0.0521620620789534	0.0643088051524748
0.581913783066881	3.44857588425059
0.612448372112779	3.11123223166441
0.591984049209477	3.35354963814125
0.254224472594958	0.750844715761784
0.468151671203452	1.74867538113477
0.0612065737096674	0.120836574117927
0.380880014986725	1.18703586110941
0.235830732614766	0.556696458377526
0.014937947772056	0.0231562503468761
-0.0856985362138623	0.132335641007809
-0.0832300905562821	0.11370282560873
-0.0722707268671022	0.0933100157663332
-0.264902612487168	0.396616896501962
0.0557442051895184	0.0630347290718917
0.335886148271253	0.451131045243084
-0.389380341514126	0.574241545131586
0.0528775358492001	0.0490423901551405
-0.716486042642956	1.76689039756362
