x	y
0.952024225447137	0.254550165942042
-0.152853761050641	0.0561431158007139
1.9613717712777	0.470903909509444
0.161791665747346	0.0309826798878848
0.157631418222578	0.0304971390385879
-0.623203514518812	0.152886975065438
2.75734920342264	0.799800653832186
-0.343542423818443	0.10090975164114
0.169448715067567	0.0428107247727095
2.75863284516271	0.79267969100207
1.45986014199587	0.492707629107706
0.956965590292449	0.254225160809089
0.95292022183415	0.255029382628136
0.145837129647114	0.050508335078259
0.166760634916841	0.0427859605507963
1.96025897070573	0.471212877436839
1.9613717712777	0.470903909509444
-1.80012731460838	0.40572439661199
0.1588995276689	0.0306480879354901
1.96025897070573	0.471212877436839
1.9613717712777	0.470903909509444
0.157684215085786	0.0539834154501757
0.438146946531997	0.178030223087271
0.673553513601153	0.218109822226041
0.157631418222578	0.0304971390385879
1.96463092715103	0.470372342687103
1.96025897070573	0.471212877436839
1.96463092715103	0.470372342687103
1.02693094535399	0.391628476671144
-0.681279005493523	0.524620900970105
1.7698061567131	1.00137918295265
0.669700188276656	0.216836591054402
0.157631418222578	0.0304971390385879
-0.618737201948444	0.150559036504414
-0.609966842831359	0.297344613909476
1.13934490449288	1.14558922209286
2.12241613087584	1.50369812417817
-0.628447709775194	0.153171179772782
0.358603248251174	0.180575440550868
0.158933943506847	0.0404964559262667
0.95292022183415	0.255029382628136
0.1588995276689	0.0306480879354901
1.96025897070573	0.471212877436839
-1.79541110556836	0.406108159138969
0.167846042512584	0.0427707788849589
0.169301214921532	0.0427592743769238
1.9613717712777	0.470903909509444
1.0690982543733	0.523983310811942
0.896397698907008	0.4905095537544
0.681994760746763	0.323785191198623
0.165674434882817	0.0422257308822068
1.96025897070573	0.471212877436839
1.04181404901781	0.404808808438391
0.157631418222578	0.0304971390385879
0.956487790679547	0.25443416057231
0.157631418222578	0.0304971390385879
1.96463092715103	0.470372342687103
0.157631418222578	0.0304971390385879
1.9613717712777	0.470903909509444
-0.622314221648084	0.151717296808394
-0.0653293305664958	0.0284527750233243
0.144278289878046	0.0558729809974475
-0.517868278390425	0.200769558542108
0.159003857627083	0.0480265128738231
0.165310764697054	0.0422104497686673
-0.61960534552131	0.300510648702095
-0.778919093445955	0.349025831228475
0.952024225447137	0.254550165942042
0.387248611171863	0.176367037219288
-0.098262373419946	0.0396767302918698
0.147142932159236	0.0509873558125847
0.148980148334068	0.051141117082258
0.952024225447137	0.254550165942042
0.162942698182568	0.0413114056520163
0.81561493056819	0.351685560743549
1.96025897070573	0.471212877436839
3.26595066981528	1.12514815365216
2.75734920342264	0.799800653832186
1.82336730645351	0.727498434871424
-0.622314221648084	0.151717296808394
0.946765399319523	0.252386055990515
0.162378104800928	0.0310834456145106
0.157631418222578	0.0304971390385879
3.26962954853743	1.12822867523572
-0.224047591747806	0.0740771018889209
0.152059452718086	0.029590171141199
0.157631418222578	0.0304971390385879
-3.07968455989498	0.963635125148535
-1.13238101744968	0.345367402292769
2.11121372988457	0.963126869077612
0.157631418222578	0.0304971390385879
-1.80012731460838	0.40572439661199
-0.630732478411191	0.153857382309032
-2.57393942994101	0.680804613621979
-2.57450915234243	0.686119713628322
0.161791665747346	0.0309826798878848
0.158321872008447	0.03054890339565
1.96025897070573	0.471212877436839
1.33756995234264	0.594090419401873
-3.08381588002162	0.95918852957187
0.951547874681655	0.253003737941398
0.158321872008447	0.03054890339565
1.45351865984672	0.48998410568291
0.953397312790705	0.252738122158945
-0.343542423818443	0.10090975164114
0.14474970923973	0.0500449668198986
-1.8193202809442	0.7576566965492
-0.344991553778112	0.100675971877677
0.95292022183415	0.255029382628136
0.167125285140998	0.0422176691573725
0.67114469411031	0.215490092261742
1.325541173279	0.596317804415036
1.33201471260472	0.596336495537286
0.956487790679547	0.25443416057231
0.669440224929851	0.215480111776117
1.82336730645351	0.727498434871424
0.670883773275737	0.21573252817249
1.45641688249062	0.4860389300833
2.11510958403916	0.96677783943862
0.945392108065693	0.250394577044051
1.96025897070573	0.471212877436839
-0.623695063230009	0.152227657420805
-0.339689629328073	0.0991873938654728
1.45986014199587	0.492707629107706
0.158031704426094	0.0479750742787413
0.157056474373317	0.0303984095560313
0.957871568697817	0.254705443855955
3.63643152651936	1.45439996443785
0.674740147390516	0.216998162235432
-1.5154277743567	0.550652304944458
0.669700188276656	0.216836591054402
-2.57393942994101	0.680804613621979
-0.62935300969794	0.153342878403685
0.666887977767422	0.21415635270207
0.170541995167361	0.0433725109405701
0.158321872008447	0.03054890339565
1.46021680212861	0.488909487893217
0.816589194314741	0.34883309060809
0.158321872008447	0.03054890339565
-0.619634069394611	0.151716324023864
1.03515111598185	0.401690296345324
0.152059452718086	0.029590171141199
0.670883773275737	0.21573252817249
-0.618737201948444	0.150559036504414
3.27104261465895	1.12081379847629
0.170541995167361	0.0433725109405701
0.95292022183415	0.255029382628136
1.33066146326993	0.594944346005423
1.9613717712777	0.470903909509444
1.82336730645351	0.727498434871424
-1.13599688789171	0.349486711323194
2.56271007965749	1.44827928227002
0.950654218295308	0.25253240285929
-1.139798321011	0.349782272227464
1.96025897070573	0.471212877436839
0.432438230425107	0.175552474828425
0.814406706085001	0.350217790330299
0.157056474373317	0.0303984095560313
-0.339412770165686	0.0990063673017856
0.596073182230145	0.308963211559285
0.149313540235263	0.0513415421340099
0.437886995966905	0.178931996378717
1.82459505180038	0.722360648575796
1.9613717712777	0.470903909509444
0.814200116419447	0.347862369359511
0.170541995167361	0.0433725109405701
0.157056474373317	0.0303984095560313
0.954295652698446	0.253211023347385
-2.57507908676252	0.680490038595289
2.76088021610819	0.795949787637318
0.667073956986921	0.214335437648368
-0.343542423818443	0.10090975164114
0.529027718374651	0.190365498280089
0.95292022183415	0.255029382628136
1.44824908922374	0.485976898894524
0.159003857627083	0.0480265128738231
-1.13238101744968	0.345367402292769
1.9613717712777	0.470903909509444
0.166760634916841	0.0427859605507963
1.83137920050607	0.722785935023544
-1.13492041310201	0.349384486959602
0.162378104800928	0.0310834456145106
2.75863284516271	0.79267969100207
-2.57393942994101	0.680804613621979
-0.344991553778112	0.100675971877677
1.9613717712777	0.470903909509444
-0.349006134070706	0.101786523630064
2.75606918885066	0.793508670212093
2.76088021610819	0.795949787637318
0.1588995276689	0.0306480879354901
1.9613717712777	0.470903909509444
1.45461172869713	0.491065821848087
0.436508473973908	0.177820923457763
0.139932925847572	0.0541926042406933
-0.724489220764226	0.25507339261849
0.807765749167875	0.344121641955788
0.953397312790705	0.252738122158945
0.886549763096899	0.476071567664162
2.55558942506863	1.45018195523895
1.9613717712777	0.470903909509444
-0.628447709775194	0.153171179772782
1.96025897070573	0.471212877436839
-0.343542423818443	0.10090975164114
0.952024225447137	0.254550165942042
0.157607154140132	0.0473340538421367
0.442978582599905	0.181030757263294
-0.628447709775194	0.153171179772782
3.6379052926147	1.45060215836621
0.95292022183415	0.255029382628136
0.953397312790705	0.252738122158945
-0.624582031923329	0.153403426322781
1.03654154158417	0.402707767551167
0.167846042512584	0.0427707788849589
2.75734920342264	0.799800653832186
1.81672375669943	0.71977097990322
0.526475289805826	0.193047228245027
-0.0704888170253382	0.0303380299901205
-1.02963215386019	0.419175161984872
3.93021390388131	1.74972824816439
-0.351639245332709	0.102368245698131
-0.623203514518812	0.152886975065438
0.524938478553276	0.192889918548823
2.75734920342264	0.799800653832186
0.157056474373317	0.0303984095560313
-0.624582031923329	0.153403426322781
-1.79522376365631	0.406159618358576
1.03902671883926	0.401278580186936
-0.223107034277154	0.0733562917803985
1.03793223060229	0.402236165852461
-0.346167140140093	0.100935083264355
1.0404202529805	0.404466019128978
-0.517868278390425	0.200769558542108
0.157056474373317	0.0303984095560313
-0.624582031923329	0.153403426322781
-0.525335160168346	0.204442902704607
1.96025897070573	0.471212877436839
1.96463092715103	0.470372342687103
0.530447729983482	0.194934009129475
0.157631418222578	0.0304971390385879
0.531382337610688	0.19416479166435
1.83675378520823	0.711719509314928
0.157631418222578	0.0304971390385879
1.45730188638128	0.488260410534648
0.669440224929851	0.215480111776117
0.95558416772101	0.253955285085994
1.45986014199587	0.492707629107706
1.45606145484126	0.491057209685398
0.670883773275737	0.21573252817249
-3.46675199587728	1.24010918132729
-0.217602968474122	0.072079936429114
-0.623203514518812	0.152886975065438
0.952024225447137	0.254550165942042
0.165310764697054	0.0422104497686673
2.75734920342264	0.799800653832186
-0.623203514518812	0.152886975065438
1.03515111598185	0.401690296345324
0.52474581125615	0.190150245281143
-0.0274731149373824	0.0130180256919096
0.147362692598526	0.0508433865470601
-1.79522376365631	0.406159618358576
-0.3190112852976	0.148400163014118
0.680189518517888	0.321160442247625
-0.337052788373784	0.0977805881937846
1.45351865984672	0.48998410568291
0.445824300860139	0.182823493832524
0.142932199282946	0.0493789142388318
0.158321872008447	0.03054890339565
0.157631418222578	0.0304971390385879
0.165310764697054	0.0422104497686673
-1.79522376365631	0.406159618358576
0.957871568697817	0.254705443855955
-1.13384470910725	0.346451671342812
-0.344718928168882	0.101170101330633
0.158031704426094	0.0479750742787413
0.156634201293332	0.0476265114655575
-0.779201170961778	0.349669330011866
0.952024225447137	0.254550165942042
1.96025897070573	0.471212877436839
2.762173012355	0.796052683519412
0.95292022183415	0.255029382628136
-1.79541110556836	0.406108159138969
1.9613717712777	0.470903909509444
1.05081654937497	0.394708710591214
-0.624582031923329	0.153403426322781
2.35732460876509	1.21266231514885
0.162942698182568	0.0413114056520163
3.64031826737114	1.45820478057553
0.663034678171856	0.21290337117364
-2.57393942994101	0.680804613621979
0.167125285140998	0.0422176691573725
0.956965590292449	0.254225160809089
1.9613717712777	0.470903909509444
1.45461172869713	0.491065821848087
-1.13384470910725	0.346451671342812
0.668257563820224	0.216585127844403
0.172003388254653	0.043682446671818
0.157631418222578	0.0304971390385879
1.96025897070573	0.471212877436839
1.82073728246914	0.724274882905695
0.166760634916841	0.0427859605507963
-0.624582031923329	0.153403426322781
0.167846042512584	0.0427707788849589
1.0404202529805	0.404466019128978
2.75734920342264	0.799800653832186
2.76088021610819	0.795949787637318
1.57304047546568	0.805716297602441
0.951716207590905	0.252076454273351
-1.49099625807477	0.776999131898863
1.82336730645351	0.727498434871424
2.11241021373514	0.965493651705752
0.160384885012197	0.0410552053935884
0.161791665747346	0.0309826798878848
0.158321872008447	0.03054890339565
0.157056474373317	0.0303984095560313
0.525131259349727	0.192999914873943
0.391014638674302	0.177219609580106
1.45496621180374	0.489974899858239
0.672329204234225	0.214414311899322
0.1588995276689	0.0306480879354901
1.56629393122933	0.800830556955224
0.952024225447137	0.254550165942042
1.62016968321942	1.12996331364642
0.157631418222578	0.0304971390385879
1.32009994350343	0.587255735938407
-0.625469527156518	0.152450282737538
2.75734920342264	0.799800653832186
0.669959235301846	0.21328277804383
1.32420347578211	0.594323880877371
-0.346167140140093	0.100935083264355
-0.62409333671727	0.15194082521988
1.9613717712777	0.470903909509444
2.76088021610819	0.795949787637318
0.951547874681655	0.253003737941398
0.954295652698446	0.253211023347385
1.9613717712777	0.470903909509444
0.161791665747346	0.0309826798878848
0.167846042512584	0.0427707788849589
0.667998554448181	0.213489165347249
0.162378104800928	0.0310834456145106
2.75734920342264	0.799800653832186
1.03515111598185	0.401690296345324
-0.342091382580869	0.0996589886024872
-0.721783751651319	0.251597360149973
1.09603045927878	0.822881250784456
-0.723310015883846	0.254344357266946
0.952024225447137	0.254550165942042
0.951547874681655	0.253003737941398
-1.51659726126421	0.549787550108874
3.27104261465895	1.12081379847629
3.9397021284947	1.74214320233959
1.96025897070573	0.471212877436839
0.15921674927226	0.0483450021306231
-0.222901125507273	0.07385839070143
-0.35137798744179	0.102393082124341
-0.622314221648084	0.151717296808394
0.904974492782861	0.494221180948563
1.33086270821398	0.600615079200926
-0.339412770165686	0.0990063673017856
-0.731306141239577	0.257130066262645
3.92874288694813	1.75035531053454
1.96463092715103	0.470372342687103
1.96025897070573	0.471212877436839
-0.62409333671727	0.15194082521988
0.656081819038325	0.208379304495248
0.445295933976001	0.18296521501244
0.1588995276689	0.0306480879354901
1.96025897070573	0.471212877436839
2.75606918885066	0.793508670212093
2.75863284516271	0.79267969100207
-0.628447709775194	0.153171179772782
0.956487790679547	0.25443416057231
0.441759475740907	0.180320770710895
0.156422543419747	0.0472980918883861
0.15921674927226	0.0483450021306231
0.951547874681655	0.253003737941398
0.168213647836342	0.0427717891925395
0.527625536835698	0.193638734585991
1.56894018726966	0.797991249064816
0.150056589272971	0.0573473309028161
-1.03645130311115	0.420074230666443
-0.21782126076243	0.0717238674753132
1.33086270821398	0.600615079200926
-0.346167140140093	0.100935083264355
1.9613717712777	0.470903909509444
2.75734920342264	0.799800653832186
0.157631418222578	0.0304971390385879
0.139562572967752	0.0599317090665374
-0.222695068591131	0.0735779431251597
-0.157949595715112	0.0577565264493089
0.951547874681655	0.253003737941398
0.152059452718086	0.029590171141199
0.161486408205213	0.0413117168731846
0.172003388254653	0.043682446671818
1.82059094101477	0.721982498513414
2.75734920342264	0.799800653832186
3.27104261465895	1.12081379847629
0.956487790679547	0.25443416057231
-0.623203514518812	0.152886975065438
1.96025897070573	0.471212877436839
0.95292022183415	0.255029382628136
0.157819500886876	0.0479964018015095
0.95292022183415	0.255029382628136
-0.222901125507273	0.07385839070143
0.157631418222578	0.0304971390385879
0.95292022183415	0.255029382628136
0.166760634916841	0.0427859605507963
-0.624582031923329	0.153403426322781
1.95244159068232	1.22984571631662
0.526282024246712	0.193593170961761
0.166760634916841	0.0427859605507963
1.03535032731158	0.398385212491039
1.03358254467883	0.397840523408355
-0.343268806146835	0.0999183449449793
0.95292022183415	0.255029382628136
3.26962954853743	1.12822867523572
1.96025897070573	0.471212877436839
1.03654154158417	0.402707767551167
-0.623203514518812	0.152886975065438
3.93316157871882	1.72787892200976
0.525131259349727	0.192999914873943
0.387248611171863	0.176367037219288
2.35216593694559	1.20028973632488
0.952024225447137	0.254550165942042
1.82480935034987	0.726106092264881
0.670883773275737	0.21573252817249
0.162942698182568	0.0413114056520163
-3.07880362658843	0.963967696821091
1.3230464333918	0.587737669083066
0.166760634916841	0.0427859605507963
0.669440224929851	0.215480111776117
2.75863284516271	0.79267969100207
0.1588995276689	0.0306480879354901
-1.79522376365631	0.406159618358576
2.76088021610819	0.795949787637318
2.75863284516271	0.79267969100207
1.45461172869713	0.491065821848087
1.33621568244782	0.597177361094707
1.96025897070573	0.471212877436839
0.158321872008447	0.03054890339565
0.95558416772101	0.253955285085994
0.673553513601153	0.218109822226041
0.157056474373317	0.0303984095560313
0.167125285140998	0.0422176691573725
0.673290374161129	0.21539984522156
0.445295933976001	0.18296521501244
0.667073956986921	0.214335437648368
0.667998554448181	0.213489165347249
0.157631418222578	0.0304971390385879
1.96025897070573	0.471212877436839
0.166394015894957	0.0421995715384941
0.166760634916841	0.0427859605507963
-1.13492041310201	0.349384486959602
-1.13384470910725	0.346451671342812
1.77443386068803	1.00759299910813
1.82336730645351	0.727498434871424
0.175814837814698	0.0440558167231384
-0.215881749211491	0.0700333815496104
-1.03099524421992	0.416630331572939
0.158321872008447	0.03054890339565
0.526574001353932	0.190877340620065
1.45461172869713	0.491065821848087
0.81151620199283	0.348634244573977
0.151147710779537	0.0523193888171726
0.669440224929851	0.215480111776117
0.670918012354519	0.214260520333448
-0.343542423818443	0.10090975164114
0.663034678171856	0.21290337117364
-0.609966842831359	0.297344613909476
0.445295933976001	0.18296521501244
0.156422543419747	0.0472980918883861
0.678233728913857	0.322034529176371
-0.721783751651319	0.251597360149973
2.75606918885066	0.793508670212093
0.156634201293332	0.0476265114655575
3.93168679961205	1.74368763931085
1.45986014199587	0.492707629107706
0.1588995276689	0.0306480879354901
0.172003388254653	0.043682446671818
0.161791665747346	0.0309826798878848
0.435793892227063	0.177391424756306
1.45606145484126	0.491057209685398
0.166760634916841	0.0427859605507963
1.82748782049169	0.728181584217454
0.158031704426094	0.0479750742787413
1.82203776744581	0.722164176722424
0.156634201293332	0.0476265114655575
0.945392108065693	0.250394577044051
0.952024225447137	0.254550165942042
3.26454918998549	1.12582035861405
2.75734920342264	0.799800653832186
0.165310764697054	0.0422104497686673
0.158321872008447	0.03054890339565
3.26595066981528	1.12514815365216
0.519478061083296	0.190484525868409
0.1588995276689	0.0306480879354901
-0.623695063230009	0.152227657420805
0.147142932159236	0.0509873558125847
0.668515656075028	0.214587613419762
-0.513483584358143	0.196592057047193
-0.222901125507273	0.07385839070143
1.08420566894951	0.672215164724948
-0.221549116887011	0.0733586886722837
-0.313924957395564	0.146394167896912
-0.110923231855065	0.0444985908508694
0.146923762007403	0.0508196417525894
0.689565129067195	0.330030148097795
0.524817754511886	0.192422842039039
0.818093284035194	0.352795702508465
0.164278215865622	0.0494439084469955
1.9613717712777	0.470903909509444
2.73343293136627	1.70009377125699
0.662786179108504	0.213105829711844
-0.724489220764226	0.25507339261849
-3.07880362658843	0.963967696821091
0.531382337610688	0.19416479166435
1.81929987358015	0.717843244648639
0.156634201293332	0.0476265114655575
-0.222901125507273	0.07385839070143
2.11241021373514	0.965493651705752
1.96025897070573	0.471212877436839
0.162378104800928	0.0310834456145106
0.152059452718086	0.029590171141199
2.75606918885066	0.793508670212093
3.63643152651936	1.45439996443785
0.167125285140998	0.0422176691573725
0.1588995276689	0.0306480879354901
-0.344718928168882	0.101170101330633
0.95558416772101	0.253955285085994
1.82217654089451	0.725748167802471
2.76088021610819	0.795949787637318
1.9613717712777	0.470903909509444
2.75606918885066	0.793508670212093
0.157607154140132	0.0473340538421367
3.26454918998549	1.12582035861405
2.75606918885066	0.793508670212093
0.669440224929851	0.215480111776117
0.166760634916841	0.0427859605507963
0.156634201293332	0.0476265114655575
1.45207421539656	0.485631123308653
0.172003388254653	0.043682446671818
1.95217241793167	1.24378893722451
0.157631418222578	0.0304971390385879
0.157631418222578	0.0304971390385879
-0.614590528908263	0.300181664200839
-1.79541110556836	0.406108159138969
-3.07968455989498	0.963635125148535
0.157631418222578	0.0304971390385879
1.96025897070573	0.471212877436839
1.03477532867731	0.398490468718945
0.953397312790705	0.252738122158945
0.817003523318725	0.351976278955221
-1.09711650012292	0.738022811133811
1.56371017708573	0.796477488281912
1.04938192327515	0.508856059107146
0.164278215865622	0.0494439084469955
0.528873779674063	0.193445629021568
1.45875777005853	0.49161470941807
2.11510958403916	0.96677783943862
0.666816815995216	0.214564732832008
0.168213647836342	0.0427717891925395
-0.160808397258197	0.0585718717595568
0.665672219783544	0.212062538915321
0.153568454289862	0.0464103165581933
0.952024225447137	0.254550165942042
-1.51425919312654	0.549483381615373
0.158031704426094	0.0479750742787413
0.159324697367292	0.047751336687268
-3.07880362658843	0.963967696821091
-0.724716701361779	0.253084880212333
-0.727539282821169	0.251965799561326
2.76088021610819	0.795949787637318
0.161694559716164	0.0487970170518378
0.145618402952985	0.050071266673943
-1.82467177482471	0.757687975137559
-0.344447158055429	0.0995152480238567
0.167125285140998	0.0422176691573725
0.667073956986921	0.214335437648368
0.168213647836342	0.0427717891925395
-0.345150316372877	0.100068376294618
0.157631418222578	0.0304971390385879
-1.81789801192182	0.755319680676232
0.1588995276689	0.0306480879354901
0.522186972682561	0.189603884469267
0.531382337610688	0.19416479166435
-0.344991553778112	0.100675971877677
-0.344718928168882	0.101170101330633
0.526282024246712	0.193593170961761
-1.79522376365631	0.406159618358576
3.26454918998549	1.12582035861405
0.14569794572577	0.0504060636924665
-0.348742022466301	0.10134765260469
-0.62982953293132	0.153685936034785
0.172003388254653	0.043682446671818
-1.139798321011	0.349782272227464
-3.08471213635442	0.965314084973475
-1.51425919312654	0.549483381615373
1.31740262133528	0.584987745802272
-0.221755533699252	0.0734151122801483
0.952024225447137	0.254550165942042
2.75606918885066	0.793508670212093
-0.343542423818443	0.10090975164114
0.170907934848088	0.043117938222106
0.165310764697054	0.0422104497686673
0.950654218295308	0.25253240285929
3.64031826737114	1.45820478057553
0.956487790679547	0.25443416057231
0.4350233073277	0.177923778576483
3.26962954853743	1.12822867523572
3.26315080491707	1.11564490325583
-1.49641273224236	0.781487184643354
0.779851055360736	0.463965391262081
0.669440224929851	0.215480111776117
0.143661499693885	0.0493477826084473
0.149313540235263	0.0513415421340099
1.45875777005853	0.49161470941807
0.161694559716164	0.0487970170518378
0.166760634916841	0.0427859605507963
-1.79522376365631	0.406159618358576
-0.62982953293132	0.153685936034785
-0.773489905113118	0.345369609584891
0.157819500886876	0.0479964018015095
0.951547874681655	0.253003737941398
1.45461172869713	0.491065821848087
0.956487790679547	0.25443416057231
0.170541995167361	0.0433725109405701
0.158321872008447	0.03054890339565
0.157056474373317	0.0303984095560313
-0.343542423818443	0.10090975164114
-0.218747016072675	0.0723005288061521
0.449628004907932	0.183665875664872
-0.406342549193427	0.173701308354649
1.04160966012263	0.401916952457565
-1.51822461727644	0.546437377819713
3.26454918998549	1.12582035861405
-1.81697249352039	0.755161927952963
-1.52633186076186	0.546365949178753
0.166394015894957	0.0421995715384941
0.162878077886294	0.0488236589544503
-1.83874371758167	1.17444839021317
-0.518104588854245	0.198465389927385
-0.351639245332709	0.102368245698131
0.952024225447137	0.254550165942042
-0.715287916642133	0.2464919129034
-2.57450915234243	0.686119713628322
2.76088021610819	0.795949787637318
1.96025897070573	0.471212877436839
0.946765399319523	0.252386055990515
-0.624582031923329	0.153403426322781
0.166394015894957	0.0421995715384941
1.9613717712777	0.470903909509444
-0.224253139168393	0.073796430498605
0.668257563820224	0.216585127844403
-0.230870507498651	0.0758567367259122
-0.224253139168393	0.073796430498605
1.45496621180374	0.489974899858239
0.158321872008447	0.03054890339565
-1.79522376365631	0.406159618358576
-1.13238101744968	0.345367402292769
1.03376095681478	0.39809706574288
-2.07464715349459	0.962880954569526
0.153330488140151	0.0297415921897382
2.75606918885066	0.793508670212093
-1.79541110556836	0.406108159138969
0.946765399319523	0.252386055990515
0.950654218295308	0.25253240285929
-0.225400119271266	0.0740149655022009
0.176916601796261	0.0440419009793811
0.157056474373317	0.0303984095560313
-0.724489220764226	0.25507339261849
0.167846042512584	0.0427707788849589
-0.630732478411191	0.153857382309032
3.26454918998549	1.12582035861405
2.75606918885066	0.793508670212093
0.950654218295308	0.25253240285929
0.440208643626581	0.180693389650481
-0.62409333671727	0.15194082521988
0.156845715679068	0.0472965888265206
1.81929987358015	0.717843244648639
1.45496621180374	0.489974899858239
0.670883773275737	0.21573252817249
1.45606145484126	0.491057209685398
-2.06876532861005	0.964719982568229
0.14605644861433	0.0505224990642865
1.06937027967994	0.529192518985335
0.166760634916841	0.0427859605507963
0.158321872008447	0.03054890339565
-0.625469527156518	0.152450282737538
0.956965590292449	0.254225160809089
-0.727076542516005	0.253677508869169
-0.350454717877603	0.101552906153879
0.956487790679547	0.25443416057231
0.516767399783005	0.187973778415715
1.31740262133528	0.584987745802272
0.670883773275737	0.21573252817249
1.56738793874716	0.794603309712501
-0.611824743245204	0.297690775140387
2.75606918885066	0.793508670212093
0.154050490761234	0.0462665288164102
1.96463092715103	0.470372342687103
1.45115389212136	0.482105241849398
0.157056474373317	0.0303984095560313
-1.79522376365631	0.406159618358576
0.167846042512584	0.0427707788849589
0.166394015894957	0.0421995715384941
0.675004256144304	0.217263152446952
0.826517243987465	0.354207230093288
-0.619634069394611	0.151716324023864
0.146923762007403	0.0508196417525894
-1.79522376365631	0.406159618358576
-0.343268806146835	0.0999183449449793
-0.623203514518812	0.152886975065438
0.149970903195637	0.065265876842915
0.141795856861759	0.0549880463391758
-2.06990059047782	0.965937293744288
0.165310764697054	0.0422104497686673
1.32815384338885	0.59428936619523
0.957871568697817	0.254705443855955
-0.728257853624471	0.25221693606255
1.96025897070573	0.471212877436839
-0.619634069394611	0.151716324023864
2.75606918885066	0.793508670212093
0.165310764697054	0.0422104497686673
-1.02985304618648	0.417366865086498
-0.732708626851589	0.255851771606928
1.57955981285858	0.791893759756822
0.669959235301846	0.21328277804383
1.9613717712777	0.470903909509444
1.77212150753567	1.01570537138898
1.45606145484126	0.491057209685398
2.11399187721341	0.960456176117222
0.1588995276689	0.0306480879354901
0.165310764697054	0.0422104497686673
0.151147710779537	0.0523193888171726
-0.625469527156518	0.152450282737538
-1.79522376365631	0.406159618358576
0.957871568697817	0.254705443855955
-0.724716701361779	0.253084880212333
-0.623203514518812	0.152886975065438
2.75734920342264	0.799800653832186
-1.03279141777036	0.417914440602884
1.96025897070573	0.471212877436839
-0.347555636251828	0.100540132112443
-1.8193202809442	0.7576566965492
-1.8193202809442	0.7576566965492
0.525131259349727	0.192999914873943
1.45351865984672	0.48998410568291
3.26595066981528	1.12514815365216
-1.13599688789171	0.349486711323194
-0.624582031923329	0.153403426322781
1.27394815478016	0.714590294473457
0.956965590292449	0.254225160809089
-0.343542423818443	0.10090975164114
0.165310764697054	0.0422104497686673
0.167846042512584	0.0427707788849589
0.170541995167361	0.0433725109405701
1.03773179442616	0.400174057999191
3.93420427087175	1.75919703683862
1.45496621180374	0.489974899858239
0.807765749167875	0.344121641955788
0.362587456207125	0.183088959496236
1.45606145484126	0.491057209685398
0.672329204234225	0.214414311899322
0.596332927110591	0.313973595393981
0.672329204234225	0.214414311899322
1.57714819353063	0.802960629731615
0.679501874770581	0.322250917472044
1.03089658662325	0.396761481668771
-0.224047591747806	0.0740771018889209
-0.351639245332709	0.102368245698131
0.664228257408103	0.213358767976231
-0.727076542516005	0.253677508869169
0.95292022183415	0.255029382628136
0.669440224929851	0.215480111776117
0.526282024246712	0.193593170961761
0.95292022183415	0.255029382628136
0.170541995167361	0.0433725109405701
0.166760634916841	0.0427859605507963
-0.221549116887011	0.0733586886722837
1.04711061780939	0.401217768301824
-0.727420399689634	0.25376364736154
-2.57450915234243	0.686119713628322
3.26595066981528	1.12514815365216
0.148448238167646	0.0513076201238473
0.95292022183415	0.255029382628136
0.674740147390516	0.216998162235432
-1.13599688789171	0.349486711323194
2.762173012355	0.796052683519412
0.535592335827872	0.195337190866767
-0.344447158055429	0.0995152480238567
0.15217592618318	0.0460645385354346
-0.343542423818443	0.10090975164114
-1.81672391556845	0.755139764558434
-3.45549576669823	1.25034460620717
-1.13599688789171	0.349486711323194
0.157056474373317	0.0303984095560313
0.954295652698446	0.253211023347385
0.157056474373317	0.0303984095560313
-0.343542423818443	0.10090975164114
-0.62935300969794	0.153342878403685
0.157446713573225	0.0474765777179273
0.950654218295308	0.25253240285929
0.666816815995216	0.214564732832008
-1.2752988540859	0.587647301442411
1.56870722634889	0.794144549178341
0.672365927723615	0.21584689717513
1.3257228169597	0.589995290446957
0.164164509697856	0.0416462564743448
0.161798133300927	0.048400913424328
-1.79541110556836	0.406108159138969
-1.27930512577485	0.595095920645693
0.161791665747346	0.0309826798878848
2.75606918885066	0.793508670212093
-1.14765955682404	0.348346437303257
-0.726850409013166	0.253447860915049
-1.13599688789171	0.349486711323194
0.158321872008447	0.03054890339565
0.158321872008447	0.03054890339565
0.160400851667561	0.0483731984970343
2.75734920342264	0.799800653832186
3.26454918998549	1.12582035861405
0.951547874681655	0.253003737941398
0.167846042512584	0.0427707788849589
0.158321872008447	0.03054890339565
-1.79522376365631	0.406159618358576
-0.623203514518812	0.152886975065438
-0.346167140140093	0.100935083264355
-0.731525616406812	0.255525096859232
0.160614285616072	0.0483709724331317
0.527431899623247	0.192654585358379
-0.731306141239577	0.257130066262645
0.1588995276689	0.0306480879354901
0.951547874681655	0.253003737941398
2.75734920342264	0.799800653832186
0.157056474373317	0.0303984095560313
0.171634472420616	0.0433572706368662
-2.57936018855439	0.682903044011602
0.954295652698446	0.253211023347385
1.96025897070573	0.471212877436839
0.956965590292449	0.254225160809089
1.45840207343894	0.489337286075825
1.06169703810827	0.527106169202424
0.953397312790705	0.252738122158945
0.15921674927226	0.0483450021306231
3.26454918998549	1.12582035861405
1.96025897070573	0.471212877436839
-1.51279643757503	0.547771213649107
0.956487790679547	0.25443416057231
-3.07880362658843	0.963967696821091
0.150987968499307	0.0459422956002911
0.160510100025773	0.0484285557089307
0.950654218295308	0.25253240285929
0.153330488140151	0.0297415921897382
0.957871568697817	0.254705443855955
-1.13707413454834	0.346951163921623
-0.628447709775194	0.153171179772782
0.162378104800928	0.0310834456145106
-3.45549576669823	1.25034460620717
2.75863284516271	0.79267969100207
0.161791665747346	0.0309826798878848
2.75734920342264	0.799800653832186
1.45461172869713	0.491065821848087
0.675004256144304	0.217263152446952
-0.62409333671727	0.15194082521988
-0.340914885943416	0.0986896672784069
-3.07880362658843	0.963967696821091
0.164226724221899	0.0416602681945232
-0.342091382580869	0.0996589886024872
0.660154272128366	0.210687849785302
-0.400062396642448	0.170601933136714
0.165627026668308	0.0419540958394552
-0.52402013054653	0.203694200281952
0.676191819364127	0.216171302955092
1.96025897070573	0.471212877436839
3.26821961846391	1.12055426106264
0.157631418222578	0.0304971390385879
2.75734920342264	0.799800653832186
-3.75448747115041	1.51208464914552
1.96025897070573	0.471212877436839
-0.725896158891892	0.253805951910148
-0.343542423818443	0.10090975164114
0.175814837814698	0.0440558167231384
0.141192906646216	0.0548578024293243
-0.345896359412486	0.100748738523468
0.172003388254653	0.043682446671818
-2.57450915234243	0.686119713628322
-0.623695063230009	0.152227657420805
-0.625469527156518	0.152450282737538
0.952024225447137	0.254550165942042
1.96025897070573	0.471212877436839
-1.51513633099547	0.548077569901583
0.166760634916841	0.0427859605507963
0.157056474373317	0.0303984095560313
0.165310764697054	0.0422104497686673
2.75863284516271	0.79267969100207
-3.75968054728691	1.5137460158881
1.56119464852235	0.785321770211079
-2.57393942994101	0.680804613621979
-0.519182389064896	0.20022512922475
1.45351865984672	0.48998410568291
1.9613717712777	0.470903909509444
1.46132136209316	0.489990587090443
-0.352824712262703	0.102155795737906
-0.623203514518812	0.152886975065438
0.170541995167361	0.0433725109405701
0.67210466855713	0.216488954078171
0.157056474373317	0.0303984095560313
1.96025897070573	0.471212877436839
3.63496088118677	1.451939681774
1.8219271179281	0.726018448121517
0.527936867110274	0.192508723741719
1.9613717712777	0.470903909509444
0.945392108065693	0.250394577044051
1.9613717712777	0.470903909509444
3.26962954853743	1.12822867523572
0.165310764697054	0.0422104497686673
0.521982205410082	0.18999785131124
3.93272691418558	1.75618274206341
2.35081533466009	1.20147565074976
1.45986014199587	0.492707629107706
0.674740147390516	0.216998162235432
1.96025897070573	0.471212877436839
1.9613717712777	0.470903909509444
-0.346167140140093	0.100935083264355
1.9613717712777	0.470903909509444
0.956487790679547	0.25443416057231
0.157631418222578	0.0304971390385879
0.166760634916841	0.0427859605507963
0.1588995276689	0.0306480879354901
0.162378104800928	0.0310834456145106
-0.223224030014746	0.0737859552848937
3.26454918998549	1.12582035861405
0.951547874681655	0.253003737941398
-2.57393942994101	0.680804613621979
0.444269307982615	0.182724882347965
0.951547874681655	0.253003737941398
0.956487790679547	0.25443416057231
0.156634201293332	0.0476265114655575
-2.57936018855439	0.682903044011602
-0.227212618004882	0.0750820913651819
-0.338232313416877	0.0987458905293902
1.96025897070573	0.471212877436839
2.76088021610819	0.795949787637318
-0.625469527156518	0.152450282737538
-1.13870450738851	0.347544729295153
0.1588995276689	0.0306480879354901
0.157631418222578	0.0304971390385879
-1.79541110556836	0.406108159138969
-0.623695063230009	0.152227657420805
2.762173012355	0.796052683519412
0.156468802228766	0.0469168724044878
0.157631418222578	0.0304971390385879
0.168213647836342	0.0427717891925395
-0.731525616406812	0.255525096859232
-2.06592509941292	0.959164483983613
-0.624582031923329	0.153403426322781
1.45730188638128	0.488260410534648
0.157056474373317	0.0303984095560313
1.45751430283764	0.487103907991292
0.157056474373317	0.0303984095560313
3.63643152651936	1.45439996443785
1.45496621180374	0.489974899858239
-0.619634069394611	0.151716324023864
0.157056474373317	0.0303984095560313
-0.151483736448208	0.0554963882939861
0.67114469411031	0.215490092261742
1.45986014199587	0.492707629107706
1.02831668707163	0.395116937408162
0.664228257408103	0.213358767976231
0.158321872008447	0.03054890339565
0.167846042512584	0.0427707788849589
-0.337052788373784	0.0977805881937846
0.95558416772101	0.253955285085994
0.15921674927226	0.0483450021306231
0.159429495883294	0.0480039803018655
1.0404202529805	0.404466019128978
0.956965590292449	0.254225160809089
3.26454918998549	1.12582035861405
0.166760634916841	0.0427859605507963
2.75863284516271	0.79267969100207
0.157631418222578	0.0304971390385879
-0.623695063230009	0.152227657420805
0.166394015894957	0.0421995715384941
1.96025897070573	0.471212877436839
0.157056474373317	0.0303984095560313
0.157056474373317	0.0303984095560313
-0.62409333671727	0.15194082521988
0.166760634916841	0.0427859605507963
0.393973994408102	0.180500237393899
1.45461172869713	0.491065821848087
1.03773179442616	0.400174057999191
2.75863284516271	0.79267969100207
0.95292022183415	0.255029382628136
0.156807201934892	0.0301762424591594
0.161791665747346	0.0309826798878848
1.05756443758008	0.524759187496267
0.169577227255396	0.0503177026549377
0.157607154140132	0.0473340538421367
1.81929987358015	0.717843244648639
-0.624582031923329	0.153403426322781
0.812954309972265	0.34770640309282
-0.767372534252304	0.342433422022686
-2.57450915234243	0.686119713628322
-2.57450915234243	0.686119713628322
0.153330488140151	0.0297415921897382
-0.52402013054653	0.203694200281952
2.35597399998808	1.21246687696406
0.1535714904589	0.0530493054972145
-1.8193202809442	0.7576566965492
0.1588995276689	0.0306480879354901
1.45730188638128	0.488260410534648
0.953397312790705	0.252738122158945
0.153568454289862	0.0464103165581933
0.15217592618318	0.0460645385354346
1.03932317999806	0.399473022199737
1.9613717712777	0.470903909509444
2.75734920342264	0.799800653832186
0.161694559716164	0.0487970170518378
3.9397021284947	1.74214320233959
0.149313540235263	0.0513415421340099
-0.344718928168882	0.101170101330633
2.54773975384515	1.43175035309447
0.157056474373317	0.0303984095560313
0.667073956986921	0.214335437648368
-0.625469527156518	0.152450282737538
2.75606918885066	0.793508670212093
1.96025897070573	0.471212877436839
0.157631418222578	0.0304971390385879
-0.625469527156518	0.152450282737538
-1.80012731460838	0.40572439661199
1.96025897070573	0.471212877436839
-1.79522376365631	0.406159618358576
0.160510100025773	0.0484285557089307
0.157056474373317	0.0303984095560313
-2.57507908676252	0.680490038595289
-1.79541110556836	0.406108159138969
2.762173012355	0.796052683519412
1.96025897070573	0.471212877436839
0.356233516169895	0.180102005105038
0.850884245919444	0.610423184732057
2.12041844499872	0.96077521211255
1.96025897070573	0.471212877436839
1.96025897070573	0.471212877436839
1.9613717712777	0.470903909509444
0.957871568697817	0.254705443855955
1.96025897070573	0.471212877436839
0.146923762007403	0.0508196417525894
0.14000678393451	0.0479236538736834
-1.13599688789171	0.349486711323194
0.1588995276689	0.0306480879354901
2.76573458231009	0.786881337530458
0.157056474373317	0.0303984095560313
-0.356890995770702	0.103287401814614
1.10479354462804	0.830321882946554
-0.630732478411191	0.153857382309032
-0.0567287957677311	0.0246117305270934
0.148406294194498	0.0446988981681097
-0.343542423818443	0.10090975164114
0.446585379791805	0.183721184032664
-1.49975535419222	0.771988704660767
-0.519182389064896	0.20022512922475
2.75863284516271	0.79267969100207
-1.79541110556836	0.406108159138969
0.157056474373317	0.0303984095560313
0.158321872008447	0.03054890339565
0.1588995276689	0.0306480879354901
1.76122464919275	1.36759639618922
0.342483976657657	0.18882007726598
0.445560224599644	0.181515824529349
1.4531651131754	0.486692367864221
0.150142574479702	0.0715102712994989
-0.622314221648084	0.151717296808394
0.157631418222578	0.0304971390385879
1.9613717712777	0.470903909509444
1.9613717712777	0.470903909509444
0.157631418222578	0.0304971390385879
0.946765399319523	0.252386055990515
-1.79522376365631	0.406159618358576
0.904040868516878	0.494298266171014
0.703543937584059	0.457952001030258
0.530447729983482	0.194934009129475
0.954295652698446	0.253211023347385
0.157819500886876	0.0479964018015095
-1.68944081303628	0.980212345517434
-0.227212618004882	0.0750820913651819
3.26962954853743	1.12822867523572
2.75734920342264	0.799800653832186
1.56870722634889	0.794144549178341
0.149313540235263	0.0513415421340099
-2.08365566196778	0.967578590319262
-0.301082971001621	0.136898323668665
0.165678640076941	0.0495679171328434
0.668257563820224	0.216585127844403
0.147142932159236	0.0509873558125847
0.144722032390523	0.0561741813106704
-2.07578315473008	0.970788456683427
3.27104261465895	1.12081379847629
1.96025897070573	0.471212877436839
2.75734920342264	0.799800653832186
0.142679564838216	0.0491455222440914
-0.339810220766196	0.0974656605551153
1.05475345229322	0.519924754602443
0.158321872008447	0.03054890339565
1.45351865984672	0.48998410568291
0.665634133294312	0.212359847860864
0.164278215865622	0.0494439084469955
1.96025897070573	0.471212877436839
0.157056474373317	0.0303984095560313
0.675004256144304	0.217263152446952
-1.79541110556836	0.406108159138969
-1.80012731460838	0.40572439661199
0.157631418222578	0.0304971390385879
1.9613717712777	0.470903909509444
0.1588995276689	0.0306480879354901
0.161791665747346	0.0309826798878848
0.157056474373317	0.0303984095560313
0.439104823354277	0.180243926411834
0.157819500886876	0.0479964018015095
2.75734920342264	0.799800653832186
0.164164509697856	0.0416462564743448
0.159003857627083	0.0480265128738231
0.140510148384066	0.048664068301297
0.156634201293332	0.0476265114655575
1.96025897070573	0.471212877436839
0.945392108065693	0.250394577044051
0.164226724221899	0.0416602681945232
0.157631418222578	0.0304971390385879
0.444006149797941	0.181272572244986
-2.28468412454814	1.18358259789827
-1.27930512577485	0.595095920645693
0.520628489116286	0.189937142312681
-0.398776817471561	0.169595465995923
0.687612213079962	0.328567932328386
1.26806384242663	0.709187550016831
-0.346167140140093	0.100935083264355
-0.720724982768529	0.249295208299825
-3.753325756616	1.50774999821741
1.45496621180374	0.489974899858239
0.157631418222578	0.0304971390385879
1.95342881681831	1.24524159122327
0.146779050005219	0.0504995466653377
1.4531651131754	0.486692367864221
1.96025897070573	0.471212877436839
-2.57450915234243	0.686119713628322
1.9613717712777	0.470903909509444
1.45351865984672	0.48998410568291
0.95292022183415	0.255029382628136
0.445559696059655	0.183481849511998
0.157056474373317	0.0303984095560313
0.957871568697817	0.254705443855955
-1.79541110556836	0.406108159138969
-1.79522376365631	0.406159618358576
1.9613717712777	0.470903909509444
-2.57450915234243	0.686119713628322
0.1588995276689	0.0306480879354901
1.96025897070573	0.471212877436839
1.96463092715103	0.470372342687103
0.1588995276689	0.0306480879354901
1.96025897070573	0.471212877436839
-3.08381588002162	0.95918852957187
0.157056474373317	0.0303984095560313
0.158321872008447	0.03054890339565
0.157056474373317	0.0303984095560313
0.157056474373317	0.0303984095560313
0.165674434882817	0.0422257308822068
0.157631418222578	0.0304971390385879
1.04181404901781	0.404808808438391
0.676191819364127	0.216171302955092
2.11650162991155	0.968694798816402
1.45461172869713	0.491065821848087
-0.623203514518812	0.152886975065438
0.171634472420616	0.0433572706368662
-0.229939398443748	0.0755200119244061
-0.344718928168882	0.101170101330633
0.44192635514138	0.178984241872572
-0.624582031923329	0.153403426322781
0.950654218295308	0.25253240285929
0.158933943506847	0.0404964559262667
0.95292022183415	0.255029382628136
1.45730188638128	0.488260410534648
3.26454918998549	1.12582035861405
-2.57393942994101	0.680804613621979
0.155447957395554	0.0469498859464432
0.668515656075028	0.214587613419762
3.64571789778181	1.44441964476519
1.82480935034987	0.726106092264881
-0.150458831228779	0.0551520014582941
-0.350191590281639	0.102610881125832
-0.525335160168346	0.204442902704607
-0.146391767834071	0.0538121497783544
1.325541173279	0.596317804415036
-0.623203514518812	0.152886975065438
0.665634133294312	0.212359847860864
1.96025897070573	0.471212877436839
3.26962954853743	1.12822867523572
0.167846042512584	0.0427707788849589
0.158321872008447	0.03054890339565
-0.344718928168882	0.101170101330633
0.165310764697054	0.0422104497686673
0.170541995167361	0.0433725109405701
1.96025897070573	0.471212877436839
0.157056474373317	0.0303984095560313
0.157056474373317	0.0303984095560313
0.160384885012197	0.0410552053935884
0.157631418222578	0.0304971390385879
0.157056474373317	0.0303984095560313
1.9613717712777	0.470903909509444
0.157631418222578	0.0304971390385879
0.157056474373317	0.0303984095560313
-1.79522376365631	0.406159618358576
-0.62578517099276	0.152177768086576
1.9613717712777	0.470903909509444
0.157631418222578	0.0304971390385879
0.157631418222578	0.0304971390385879
-0.623695063230009	0.152227657420805
0.1588995276689	0.0306480879354901
1.9613717712777	0.470903909509444
1.96025897070573	0.471212877436839
2.762173012355	0.796052683519412
1.96025897070573	0.471212877436839
0.158321872008447	0.03054890339565
0.152059452718086	0.029590171141199
0.159003857627083	0.0480265128738231
1.9613717712777	0.470903909509444
1.03634162491416	0.3991693364154
1.78436914062824	1.00482989503669
1.7828345241313	1.02288783821055
1.44989354438624	0.914136723856593
-0.474790525017361	0.312544078385552
-1.52176246723526	0.547344147188305
0.173098035606419	0.0436660682371104
-0.339412770165686	0.0990063673017856
0.683264803449209	0.325356660226696
0.522313970026089	0.190452758516715
-1.79522376365631	0.406159618358576
1.96025897070573	0.471212877436839
0.950654218295308	0.25253240285929
3.26454918998549	1.12582035861405
-1.79522376365631	0.406159618358576
1.96025897070573	0.471212877436839
1.9613717712777	0.470903909509444
-0.405371619690847	0.173316494832004
-0.218520392594973	0.0713463323329572
2.36420777925367	1.18780553691457
-0.724716701361779	0.253084880212333
0.161910749638676	0.0490513039831909
-0.100876079990978	0.0407422053348453
0.950654218295308	0.25253240285929
-0.720604456465959	0.251721589615544
0.146923762007403	0.0508196417525894
0.524938478553276	0.192889918548823
0.137495444484056	0.0597099792716302
0.1588995276689	0.0306480879354901
0.165310764697054	0.0422104497686673
-0.217376423974934	0.0714638472668936
0.442267508928748	0.180131294342851
1.82723433620716	0.72976386465442
0.161791665747346	0.0309826798878848
0.157631418222578	0.0304971390385879
0.951547874681655	0.253003737941398
0.904974492782861	0.494221180948563
0.157056474373317	0.0303984095560313
0.952024225447137	0.254550165942042
2.75606918885066	0.793508670212093
3.26962954853743	1.12822867523572
-0.63464058543861	0.152996678104976
0.157056474373317	0.0303984095560313
-1.79541110556836	0.406108159138969
-1.79522376365631	0.406159618358576
0.167846042512584	0.0427707788849589
0.157631418222578	0.0304971390385879
3.26454918998549	1.12582035861405
1.96463092715103	0.470372342687103
1.45606145484126	0.491057209685398
-1.79522376365631	0.406159618358576
0.168213647836342	0.0427717891925395
0.162378104800928	0.0310834456145106
0.166760634916841	0.0427859605507963
0.152059452718086	0.029590171141199
1.44969992073046	0.485973419912067
-2.57450915234243	0.686119713628322
1.96025897070573	0.471212877436839
1.96025897070573	0.471212877436839
1.56629393122933	0.800830556955224
0.165627026668308	0.0419540958394552
0.668257563820224	0.216585127844403
-3.07880362658843	0.963967696821091
0.160384885012197	0.0410552053935884
0.166760634916841	0.0427859605507963
2.75606918885066	0.793508670212093
0.950654218295308	0.25253240285929
-1.79522376365631	0.406159618358576
2.75734920342264	0.799800653832186
0.956487790679547	0.25443416057231
1.9613717712777	0.470903909509444
0.529086245411457	0.194521335925232
0.530234735136755	0.195115554796289
0.155447957395554	0.0469498859464432
-0.347343651948862	0.100521829573696
1.03395964520782	0.397385011005584
0.669440224929851	0.215480111776117
1.32970980115416	0.593918942315811
-0.344991553778112	0.100675971877677
-0.98623770485444	0.501884047923389
1.45351865984672	0.48998410568291
0.948141792901091	0.250604857806815
0.157056474373317	0.0303984095560313
0.167846042512584	0.0427707788849589
0.434765734153405	0.177993138783725
-0.35137798744179	0.102393082124341
0.157631418222578	0.0304971390385879
0.67114469411031	0.215490092261742
1.96025897070573	0.471212877436839
0.954295652698446	0.253211023347385
0.167846042512584	0.0427707788849589
0.158321872008447	0.03054890339565
0.956487790679547	0.25443416057231
0.446585379791805	0.183721184032664
1.05756443758008	0.524759187496267
1.78050942881481	1.01020471827124
0.141493790786818	0.0550477805246781
0.668257563820224	0.216585127844403
-0.619634069394611	0.151716324023864
0.956487790679547	0.25443416057231
0.157631418222578	0.0304971390385879
-1.79522376365631	0.406159618358576
0.157631418222578	0.0304971390385879
-0.623203514518812	0.152886975065438
0.153330488140151	0.0297415921897382
0.1588995276689	0.0306480879354901
0.1588995276689	0.0306480879354901
0.1588995276689	0.0306480879354901
-2.57393942994101	0.680804613621979
-0.622314221648084	0.151717296808394
0.950654218295308	0.25253240285929
0.161791665747346	0.0309826798878848
-0.624582031923329	0.153403426322781
0.1588995276689	0.0306480879354901
0.157056474373317	0.0303984095560313
-2.57507908676252	0.680490038595289
1.96025897070573	0.471212877436839
1.9613717712777	0.470903909509444
1.96025897070573	0.471212877436839
2.75734920342264	0.799800653832186
0.676191819364127	0.216171302955092
1.45606145484126	0.491057209685398
1.03228256529356	0.39631348486546
0.668084647841113	0.214613858911294
1.04571393839951	0.402644709089383
1.44824908922374	0.485976898894524
-1.12857426265837	0.342992598242117
1.82073728246914	0.724274882905695
0.158321872008447	0.03054890339565
0.172003388254653	0.043682446671818
2.75863284516271	0.79267969100207
1.45351865984672	0.48998410568291
1.96025897070573	0.471212877436839
1.45496621180374	0.489974899858239
-1.79541110556836	0.406108159138969
1.03515111598185	0.401690296345324
0.160725603404171	0.0483645687036449
-0.343542423818443	0.10090975164114
2.11260268209087	0.963178522665624
3.26315080491707	1.11564490325583
2.55169918881114	1.42763763133891
1.0404202529805	0.404466019128978
0.684821910780234	0.3260197762899
2.75734920342264	0.799800653832186
-3.45549576669823	1.25034460620717
1.9613717712777	0.470903909509444
1.96025897070573	0.471212877436839
0.675004256144304	0.217263152446952
0.946765399319523	0.252386055990515
0.948141792901091	0.250604857806815
0.95292022183415	0.255029382628136
-0.39288410917017	0.164898136101005
1.9613717712777	0.470903909509444
0.954295652698446	0.253211023347385
1.96025897070573	0.471212877436839
0.172003388254653	0.043682446671818
-0.342091382580869	0.0996589886024872
0.953397312790705	0.252738122158945
0.950654218295308	0.25253240285929
0.95292022183415	0.255029382628136
0.525131259349727	0.192999914873943
0.166394015894957	0.0421995715384941
2.34387696066219	1.18989973918568
0.815370854654364	0.349184254702202
2.762173012355	0.796052683519412
0.157631418222578	0.0304971390385879
0.1588995276689	0.0306480879354901
0.96055594466668	0.252218652307608
-1.80012731460838	0.40572439661199
-0.623203514518812	0.152886975065438
0.158321872008447	0.03054890339565
0.160156711369152	0.0478595423016386
-0.219052553662513	0.0719255077197386
1.96463092715103	0.470372342687103
1.9613717712777	0.470903909509444
-1.79522376365631	0.406159618358576
-0.622314221648084	0.151717296808394
0.670762433734786	0.212540508935567
1.82748782049169	0.728181584217454
-2.06705951379076	0.958380425234573
1.27438061715884	0.713816622316684
0.527625536835698	0.193638734585991
-0.157195368460947	0.0576515802947247
0.153150475514455	0.0592025371462173
-0.724489220764226	0.25507339261849
0.176916601796261	0.0440419009793811
3.26454918998549	1.12582035861405
0.167846042512584	0.0427707788849589
2.76088021610819	0.795949787637318
2.75734920342264	0.799800653832186
0.170907934848088	0.043117938222106
0.157631418222578	0.0304971390385879
-1.02765165280788	0.415656971981192
1.82336730645351	0.727498434871424
0.668515656075028	0.214587613419762
-1.79522376365631	0.406159618358576
1.9613717712777	0.470903909509444
0.158321872008447	0.03054890339565
0.157056474373317	0.0303984095560313
1.96463092715103	0.470372342687103
0.167846042512584	0.0427707788849589
3.26962954853743	1.12822867523572
0.157056474373317	0.0303984095560313
2.35056605600966	1.19948359488837
1.46403851792582	0.486432467057371
0.951547874681655	0.253003737941398
-1.79541110556836	0.406108159138969
-1.79522376365631	0.406159618358576
0.1588995276689	0.0306480879354901
1.9613717712777	0.470903909509444
0.95292022183415	0.255029382628136
0.167846042512584	0.0427707788849589
2.76088021610819	0.795949787637318
1.96025897070573	0.471212877436839
2.76088021610819	0.795949787637318
1.96025897070573	0.471212877436839
3.26962954853743	1.12822867523572
-2.57393942994101	0.680804613621979
0.170541995167361	0.0433725109405701
0.951716207590905	0.252076454273351
0.164278215865622	0.0494439084469955
1.96025897070573	0.471212877436839
1.96463092715103	0.470372342687103
1.96025897070573	0.471212877436839
0.162378104800928	0.0310834456145106
-1.79541110556836	0.406108159138969
1.96025897070573	0.471212877436839
-1.79522376365631	0.406159618358576
3.63643152651936	1.45439996443785
-1.79522376365631	0.406159618358576
0.950654218295308	0.25253240285929
1.9613717712777	0.470903909509444
0.152059452718086	0.029590171141199
1.96025897070573	0.471212877436839
0.169301214921532	0.0427592743769238
1.96025897070573	0.471212877436839
0.157056474373317	0.0303984095560313
-1.79522376365631	0.406159618358576
0.1588995276689	0.0306480879354901
1.9613717712777	0.470903909509444
-0.343542423818443	0.10090975164114
0.165310764697054	0.0422104497686673
0.158321872008447	0.03054890339565
-3.07880362658843	0.963967696821091
0.162378104800928	0.0310834456145106
-0.62982953293132	0.153685936034785
3.64031826737114	1.45820478057553
0.952024225447137	0.254550165942042
-0.342091382580869	0.0996589886024872
0.157631418222578	0.0304971390385879
0.672365927723615	0.21584689717513
3.26821961846391	1.12055426106264
1.96025897070573	0.471212877436839
0.157056474373317	0.0303984095560313
0.950654218295308	0.25253240285929
-0.344991553778112	0.100675971877677
0.151667957502748	0.0516987726870536
3.26595066981528	1.12514815365216
2.76088021610819	0.795949787637318
1.96025897070573	0.471212877436839
2.75734920342264	0.799800653832186
0.157056474373317	0.0303984095560313
1.9613717712777	0.470903909509444
0.157631418222578	0.0304971390385879
-0.62935300969794	0.153342878403685
1.45875777005853	0.49161470941807
1.9613717712777	0.470903909509444
-1.79541110556836	0.406108159138969
0.1588995276689	0.0306480879354901
0.952024225447137	0.254550165942042
1.82361765344649	0.72436350636832
-1.79522376365631	0.406159618358576
1.9613717712777	0.470903909509444
-2.07441122030804	0.967874205840337
-0.623695063230009	0.152227657420805
0.157631418222578	0.0304971390385879
0.530447729983482	0.194934009129475
0.950654218295308	0.25253240285929
0.166760634916841	0.0427859605507963
-0.221342553774888	0.0725818506925159
1.57304047546568	0.805716297602441
1.04160966012263	0.401916952457565
0.952024225447137	0.254550165942042
0.162378104800928	0.0310834456145106
-0.622314221648084	0.151717296808394
0.157056474373317	0.0303984095560313
0.157056474373317	0.0303984095560313
0.950654218295308	0.25253240285929
2.75734920342264	0.799800653832186
0.157056474373317	0.0303984095560313
-2.57450915234243	0.686119713628322
1.96025897070573	0.471212877436839
1.96025897070573	0.471212877436839
1.9613717712777	0.470903909509444
1.96025897070573	0.471212877436839
0.165310764697054	0.0422104497686673
0.158321872008447	0.03054890339565
2.75606918885066	0.793508670212093
0.153330488140151	0.0297415921897382
0.157056474373317	0.0303984095560313
3.26454918998549	1.12582035861405
0.157056474373317	0.0303984095560313
-3.08381588002162	0.95918852957187
2.75734920342264	0.799800653832186
0.154050490761234	0.0462665288164102
1.96025897070573	0.471212877436839
-3.08471213635442	0.965314084973475
0.158321872008447	0.03054890339565
0.172003388254653	0.043682446671818
0.952024225447137	0.254550165942042
0.164278215865622	0.0494439084469955
-1.82349417803259	0.758718061977533
0.443241978351493	0.181863627833459
1.96463092715103	0.470372342687103
2.76088021610819	0.795949787637318
0.665634133294312	0.212359847860864
1.3295084984824	0.599202056182031
0.157056474373317	0.0303984095560313
1.96025897070573	0.471212877436839
-0.101848527109922	0.0410558052055211
0.350703776837968	0.190090891236509
0.14750284038024	0.0573545610160358
0.157656028229457	0.0474930202178279
0.950654218295308	0.25253240285929
0.161486408205213	0.0413117168731846
-1.13238101744968	0.345367402292769
0.153312144356789	0.0526631808269275
0.149757019375352	0.0715804774522936
-0.505741911152467	0.265014850050267
0.786225981824423	0.468432278747159
0.669440224929851	0.215480111776117
1.96025897070573	0.471212877436839
1.9613717712777	0.470903909509444
1.96025897070573	0.471212877436839
0.157631418222578	0.0304971390385879
-0.625469527156518	0.152450282737538
1.96025897070573	0.471212877436839
0.166394015894957	0.0421995715384941
0.157631418222578	0.0304971390385879
-0.625469527156518	0.152450282737538
-0.352824712262703	0.102155795737906
-0.52402013054653	0.203694200281952
-1.79541110556836	0.406108159138969
0.153330488140151	0.0297415921897382
1.96463092715103	0.470372342687103
1.9613717712777	0.470903909509444
-0.352824712262703	0.102155795737906
0.95292022183415	0.255029382628136
-1.51670973775231	0.546933867089778
0.385952021649203	0.175278906002336
0.951825017889722	0.641378105485391
-0.608058237462925	0.294419135283942
0.042966010057652	0.0247823406582579
0.446010282080713	0.318649638720303
1.82604050116992	0.728003309996437
1.9613717712777	0.470903909509444
1.9613717712777	0.470903909509444
1.96025897070573	0.471212877436839
1.45606145484126	0.491057209685398
0.666887977767422	0.21415635270207
0.952024225447137	0.254550165942042
-0.730123386031477	0.256802322226565
0.156634201293332	0.0476265114655575
0.153421575519842	0.0798126237361445
0.167846042512584	0.0427707788849589
0.951716207590905	0.252076454273351
0.950654218295308	0.25253240285929
-0.311152231807913	0.144059492294592
-0.721783751651319	0.251597360149973
2.76088021610819	0.795949787637318
2.36824533310647	1.16508532024087
1.04300319841899	0.402259764791993
-0.345896359412486	0.100748738523468
0.956487790679547	0.25443416057231
1.96025897070573	0.471212877436839
0.157631418222578	0.0304971390385879
2.75734920342264	0.799800653832186
-1.80012731460838	0.40572439661199
-3.0805660074572	0.955215233063362
-0.345896359412486	0.100748738523468
-0.342049627515181	0.0990466327294158
0.156634201293332	0.0476265114655575
2.75734920342264	0.799800653832186
0.950331430928645	0.251806185220337
1.04452468216074	0.398388196027822
0.819389971104756	0.352293326647861
0.158933943506847	0.0404964559262667
0.168213647836342	0.0427717891925395
1.96025897070573	0.471212877436839
-1.79522376365631	0.406159618358576
1.45606145484126	0.491057209685398
0.157056474373317	0.0303984095560313
1.5662551419061	0.796008569427114
0.153330488140151	0.0297415921897382
0.166760634916841	0.0427859605507963
0.701340505681467	0.454410650987273
-0.3098125210572	0.142942432210533
0.319700269754129	0.204385682035286
-0.224047591747806	0.0740771018889209
0.142470070524425	0.0554450529408985
-1.52605933154948	0.547724824134213
0.158321872008447	0.03054890339565
-1.14089293159455	0.348055152990233
1.9613717712777	0.470903909509444
0.525964016980888	0.191864376850222
-1.99278751636831	1.40985771248061
0.854621958236558	0.62487966806136
0.176268526418027	0.107617421849854
0.413299623182546	0.306925303915596
0.814284768450867	0.350652393917073
0.811275979020738	0.346756419889836
-2.57507908676252	0.680490038595289
0.158321872008447	0.03054890339565
-0.62409333671727	0.15194082521988
0.152059452718086	0.029590171141199
0.157056474373317	0.0303984095560313
-0.619634069394611	0.151716324023864
-0.630732478411191	0.153857382309032
-0.628447709775194	0.153171179772782
-0.624582031923329	0.153403426322781
0.166760634916841	0.0427859605507963
-0.618737201948444	0.150559036504414
-1.14016935299318	0.348638213237076
0.168213647836342	0.0427717891925395
0.143747269175704	0.0559041635309843
0.162378104800928	0.0310834456145106
1.04300319841899	0.402259764791993
-0.623695063230009	0.152227657420805
-0.624582031923329	0.153403426322781
0.157056474373317	0.0303984095560313
0.954295652698446	0.253211023347385
1.3295084984824	0.599202056182031
0.68731840095904	0.32854249379088
-0.0445633668721473	0.0206784025846818
-0.399090488436148	0.170073668796408
0.141239410545926	0.0610335529037861
0.500360198481294	0.312470424020594
0.3599301135099	0.181781951530473
0.668257563820224	0.216585127844403
0.161791665747346	0.0309826798878848
0.140510148384066	0.048664068301297
1.45351865984672	0.48998410568291
3.26454918998549	1.12582035861405
-0.227429765821456	0.0748191696657807
0.668257563820224	0.216585127844403
0.440468977584402	0.180297638600963
0.165674434882817	0.0422257308822068
0.157056474373317	0.0303984095560313
0.160510100025773	0.0484285557089307
1.65107786632158	1.51927460923559
-0.194145133919008	0.103844534170935
-0.343816891455429	0.0996962776646578
-0.388379835040829	0.162956091598671
-1.82255880756041	0.753613125904852
3.63496088118677	1.451939681774
0.130850214142744	0.0505576404339629
0.525964016980888	0.191864376850222
1.03793223060229	0.402236165852461
-0.716466116104263	0.246385156829136
0.170541995167361	0.0433725109405701
0.162942698182568	0.0413114056520163
-0.21782126076243	0.0717238674753132
0.957871568697817	0.254705443855955
3.26595066981528	1.12514815365216
-2.57450915234243	0.686119713628322
-1.79541110556836	0.406108159138969
0.162942698182568	0.0413114056520163
2.75734920342264	0.799800653832186
-0.624582031923329	0.153403426322781
-2.57450915234243	0.686119713628322
0.165310764697054	0.0422104497686673
-2.57450915234243	0.686119713628322
0.668257563820224	0.216585127844403
0.157631418222578	0.0304971390385879
0.165310764697054	0.0422104497686673
1.9613717712777	0.470903909509444
2.75606918885066	0.793508670212093
0.523462084360853	0.192012618175419
1.45496621180374	0.489974899858239
0.157056474373317	0.0303984095560313
0.157056474373317	0.0303984095560313
0.157631418222578	0.0304971390385879
0.158321872008447	0.03054890339565
1.96025897070573	0.471212877436839
2.75734920342264	0.799800653832186
1.9613717712777	0.470903909509444
1.96463092715103	0.470372342687103
2.75863284516271	0.79267969100207
0.95292022183415	0.255029382628136
-1.79541110556836	0.406108159138969
1.96025897070573	0.471212877436839
-0.624582031923329	0.153403426322781
0.157631418222578	0.0304971390385879
1.9613717712777	0.470903909509444
2.75734920342264	0.799800653832186
-0.62935300969794	0.153342878403685
-0.62935300969794	0.153342878403685
2.75606918885066	0.793508670212093
0.158321872008447	0.03054890339565
-0.624582031923329	0.153403426322781
-1.79541110556836	0.406108159138969
0.158321872008447	0.03054890339565
0.952024225447137	0.254550165942042
1.45606145484126	0.491057209685398
0.157056474373317	0.0303984095560313
0.152059452718086	0.029590171141199
1.44969992073046	0.485973419912067
1.9613717712777	0.470903909509444
0.157631418222578	0.0304971390385879
-2.57450915234243	0.686119713628322
1.96025897070573	0.471212877436839
0.157631418222578	0.0304971390385879
-0.62935300969794	0.153342878403685
0.1588995276689	0.0306480879354901
1.96463092715103	0.470372342687103
0.157631418222578	0.0304971390385879
-1.79522376365631	0.406159618358576
-0.620531475305306	0.150785249491411
-2.57393942994101	0.680804613621979
-1.79522376365631	0.406159618358576
0.954295652698446	0.253211023347385
1.96025897070573	0.471212877436839
1.96025897070573	0.471212877436839
0.956965590292449	0.254225160809089
0.957871568697817	0.254705443855955
0.951547874681655	0.253003737941398
0.157056474373317	0.0303984095560313
-1.79541110556836	0.406108159138969
0.157056474373317	0.0303984095560313
1.96025897070573	0.471212877436839
-0.623203514518812	0.152886975065438
-1.79522376365631	0.406159618358576
1.9613717712777	0.470903909509444
1.96025897070573	0.471212877436839
0.158321872008447	0.03054890339565
0.158321872008447	0.03054890339565
-1.79522376365631	0.406159618358576
0.157056474373317	0.0303984095560313
1.96025897070573	0.471212877436839
1.9613717712777	0.470903909509444
1.9613717712777	0.470903909509444
1.96025897070573	0.471212877436839
0.95558416772101	0.253955285085994
-1.79522376365631	0.406159618358576
2.75863284516271	0.79267969100207
0.952024225447137	0.254550165942042
0.162378104800928	0.0310834456145106
0.157056474373317	0.0303984095560313
1.9613717712777	0.470903909509444
2.75606918885066	0.793508670212093
0.158031704426094	0.0479750742787413
1.45351865984672	0.48998410568291
1.04829841723183	0.398759642246506
-0.622314221648084	0.151717296808394
0.952024225447137	0.254550165942042
0.661593536121753	0.212650522521367
1.9613717712777	0.470903909509444
3.64721181111227	1.4366842531501
-0.401034923550571	0.170830593731264
-0.103712485568317	0.0417617897564468
0.157631418222578	0.0304971390385879
1.57038684410817	0.807034365925312
-0.0233166576859161	0.011054911917125
0.167846042512584	0.0427707788849589
0.355767224786419	0.180161649565182
0.684534862790765	0.326199707602974
0.157056474373317	0.0303984095560313
-1.02849046705274	0.419931822610547
0.669959235301846	0.21328277804383
0.446849742346894	0.183685662671941
-1.79522376365631	0.406159618358576
0.523787196468579	0.192297988976743
0.156845715679068	0.0472965888265206
1.06401084594047	0.530069212232045
0.356304623577393	0.178778894074059
0.815498351121805	0.351034974904088
0.527625536835698	0.193638734585991
-1.03667947354179	0.419936403849192
-0.721783751651319	0.251597360149973
1.05653493878658	0.520521812492443
1.56796695689197	0.795117762229217
0.526475289805826	0.193047228245027
-0.220109901011941	0.0723811542078152
0.668515656075028	0.214587613419762
0.670883773275737	0.21573252817249
1.03634162491416	0.3991693364154
0.951547874681655	0.253003737941398
0.956487790679547	0.25443416057231
0.158321872008447	0.03054890339565
-0.62409333671727	0.15194082521988
0.153330488140151	0.0297415921897382
-0.623695063230009	0.152227657420805
0.1588995276689	0.0306480879354901
0.957871568697817	0.254705443855955
0.952024225447137	0.254550165942042
0.157631418222578	0.0304971390385879
0.161486408205213	0.0413117168731846
-3.08560892508393	0.959287165776606
0.668257563820224	0.216585127844403
0.15921674927226	0.0483450021306231
-0.338232313416877	0.0987458905293902
0.158321872008447	0.03054890339565
0.167846042512584	0.0427707788849589
1.45461172869713	0.491065821848087
2.75863284516271	0.79267969100207
-0.619634069394611	0.151716324023864
0.158321872008447	0.03054890339565
-0.343542423818443	0.10090975164114
0.166760634916841	0.0427859605507963
-1.14235343443303	0.349148050508889
0.668084647841113	0.214613858911294
-0.060904855548723	0.0263979118008282
0.518122946273838	0.189782716405237
1.61876127548988	1.13372316181811
-0.164957180340301	0.0599349426269459
0.951547874681655	0.253003737941398
0.147362692598526	0.0508433865470601
0.166760634916841	0.0427859605507963
-0.630732478411191	0.153857382309032
-2.29240998427004	1.1910126278839
1.043208103876	0.402535852395547
0.158321872008447	0.03054890339565
0.950654218295308	0.25253240285929
0.147142932159236	0.0509873558125847
-0.725896158891892	0.253805951910148
0.895106216014338	0.488254417584299
0.666887977767422	0.21415635270207
-0.350191590281639	0.102610881125832
-0.1481384606205	0.0538400244567008
0.166760634916841	0.0427859605507963
-3.07968455989498	0.963635125148535
0.670883773275737	0.21573252817249
-0.344718928168882	0.101170101330633
2.35732460876509	1.21266231514885
0.954295652698446	0.253211023347385
-0.623695063230009	0.152227657420805
2.76088021610819	0.795949787637318
0.165310764697054	0.0422104497686673
-0.524670111244902	0.201464510720097
-0.62935300969794	0.153342878403685
-0.624582031923329	0.153403426322781
1.45606145484126	0.491057209685398
3.26454918998549	1.12582035861405
1.96025897070573	0.471212877436839
0.158321872008447	0.03054890339565
0.95292022183415	0.255029382628136
0.1588995276689	0.0306480879354901
-1.80012731460838	0.40572439661199
1.96025897070573	0.471212877436839
1.9613717712777	0.470903909509444
-1.79541110556836	0.406108159138969
1.96025897070573	0.471212877436839
-1.5154277743567	0.550652304944458
-2.57450915234243	0.686119713628322
0.157631418222578	0.0304971390385879
0.157631418222578	0.0304971390385879
1.45606145484126	0.491057209685398
0.1588995276689	0.0306480879354901
1.9613717712777	0.470903909509444
1.46021680212861	0.488909487893217
-2.57450915234243	0.686119713628322
3.6379052926147	1.45060215836621
-1.79522376365631	0.406159618358576
0.157056474373317	0.0303984095560313
-0.623203514518812	0.152886975065438
-2.57393942994101	0.680804613621979
1.9613717712777	0.470903909509444
1.96025897070573	0.471212877436839
1.9613717712777	0.470903909509444
0.155236989444065	0.046931522021964
-3.07880362658843	0.963967696821091
1.56609727504319	0.793424923313814
-0.625469527156518	0.152450282737538
0.157631418222578	0.0304971390385879
0.956487790679547	0.25443416057231
-1.79541110556836	0.406108159138969
0.158321872008447	0.03054890339565
-1.79541110556836	0.406108159138969
0.157631418222578	0.0304971390385879
0.157631418222578	0.0304971390385879
0.950654218295308	0.25253240285929
0.1588995276689	0.0306480879354901
-1.79522376365631	0.406159618358576
-1.79522376365631	0.406159618358576
3.26454918998549	1.12582035861405
0.1588995276689	0.0306480879354901
-0.221549116887011	0.0733586886722837
0.157056474373317	0.0303984095560313
1.9613717712777	0.470903909509444
2.75734920342264	0.799800653832186
3.26595066981528	1.12514815365216
0.157056474373317	0.0303984095560313
1.9613717712777	0.470903909509444
1.96025897070573	0.471212877436839
0.153614406882621	0.0389082179443764
-1.79522376365631	0.406159618358576
-2.57393942994101	0.680804613621979
2.75606918885066	0.793508670212093
-1.79541110556836	0.406108159138969
0.158321872008447	0.03054890339565
3.26454918998549	1.12582035861405
1.96025897070573	0.471212877436839
-0.625469527156518	0.152450282737538
0.1588995276689	0.0306480879354901
0.162378104800928	0.0310834456145106
-1.79522376365631	0.406159618358576
1.96025897070573	0.471212877436839
1.45351865984672	0.48998410568291
-1.27822758284302	0.594160090070886
-2.57450915234243	0.686119713628322
0.956965590292449	0.254225160809089
2.75606918885066	0.793508670212093
1.96025897070573	0.471212877436839
0.95292022183415	0.255029382628136
2.89056936932845	1.95949419928523
-0.524252707979673	0.204085170600417
2.75606918885066	0.793508670212093
1.03256922990721	0.39387722027159
0.95292022183415	0.255029382628136
2.75863284516271	0.79267969100207
0.157631418222578	0.0304971390385879
1.96463092715103	0.470372342687103
2.76088021610819	0.795949787637318
1.96025897070573	0.471212877436839
-0.772467984691118	0.345310968145738
-0.623695063230009	0.152227657420805
-1.09991277945744	1.03808099273907
-0.139737240721517	0.0776253267874567
0.306433993231465	0.209509883443043
-0.68570780651939	0.540427310760055
0.170541995167361	0.0433725109405701
-1.79541110556836	0.406108159138969
0.1588995276689	0.0306480879354901
0.157631418222578	0.0304971390385879
0.95292022183415	0.255029382628136
-1.79522376365631	0.406159618358576
0.157631418222578	0.0304971390385879
2.75863284516271	0.79267969100207
-1.79522376365631	0.406159618358576
2.75734920342264	0.799800653832186
-1.48863907886034	0.767034783950964
0.161791665747346	0.0309826798878848
1.45840207343894	0.489337286075825
0.600038673522669	0.314651343605924
-0.247404234980081	0.123821263948986
0.53086010849588	0.431861054480654
0.157631418222578	0.0304971390385879
-1.79541110556836	0.406108159138969
-0.624582031923329	0.153403426322781
-0.630732478411191	0.153857382309032
0.161791665747346	0.0309826798878848
-0.407350889433509	0.229451895792322
-0.148421264683535	0.053797144122893
0.157631418222578	0.0304971390385879
-0.683870478493988	0.470447296633549
0.390778129835231	0.177559648275083
0.687612213079962	0.328567932328386
0.81151620199283	0.348634244573977
-0.244294230838379	0.122784005473751
0.667073956986921	0.214335437648368
0.157819500886876	0.0479964018015095
1.45461172869713	0.491065821848087
0.157056474373317	0.0303984095560313
1.45351865984672	0.48998410568291
1.8219271179281	0.726018448121517
0.522443105176507	0.19046942739914
1.03535032731158	0.398385212491039
-0.392770151107862	0.166777270096309
1.9613717712777	0.470903909509444
0.953397312790705	0.252738122158945
-0.625469527156518	0.152450282737538
0.140258032306573	0.0485578964849915
0.157056474373317	0.0303984095560313
0.158321872008447	0.03054890339565
0.149595457307736	0.0452624594369959
0.535592335827872	0.195337190866767
0.864947248724748	0.630880568014777
0.888398287050247	0.88799270215874
0.181094823521774	0.12324909031634
-0.119998103187313	0.0702941023631286
-0.732708626851589	0.255851771606928
0.157631418222578	0.0304971390385879
0.1588995276689	0.0306480879354901
-1.79541110556836	0.406108159138969
1.96463092715103	0.470372342687103
-1.79522376365631	0.406159618358576
0.1588995276689	0.0306480879354901
0.1588995276689	0.0306480879354901
-0.625469527156518	0.152450282737538
1.27059458321571	0.709718295223813
0.173098035606419	0.0436660682371104
0.952024225447137	0.254550165942042
1.96025897070573	0.471212877436839
2.762173012355	0.796052683519412
1.45461172869713	0.491065821848087
1.96025897070573	0.471212877436839
2.11121372988457	0.963126869077612
1.77443386068803	1.00759299910813
-0.784261819277304	0.662484395243957
0.601492562665222	0.313819154140838
0.171509631430065	0.105043817823687
0.158321872008447	0.03054890339565
-0.623203514518812	0.152886975065438
1.9613717712777	0.470903909509444
1.32687881734284	0.596619735020576
0.519158136964736	0.525485244125629
0.158321872008447	0.03054890339565
-1.0234029277996	0.414343036193287
0.156807201934892	0.0301762424591594
0.157631418222578	0.0304971390385879
0.95292022183415	0.255029382628136
-0.487528343543058	0.256476702305278
1.56371017708573	0.796477488281912
-1.79522376365631	0.406159618358576
0.161791665747346	0.0309826798878848
3.26962954853743	1.12822867523572
3.26315080491707	1.11564490325583
0.954295652698446	0.253211023347385
0.158321872008447	0.03054890339565
-0.628447709775194	0.153171179772782
1.96025897070573	0.471212877436839
1.9613717712777	0.470903909509444
-1.03645130311115	0.420074230666443
0.157056474373317	0.0303984095560313
0.669700188276656	0.216836591054402
-0.400375131161567	0.170476605274052
-1.79522376365631	0.406159618358576
-0.62982953293132	0.153685936034785
0.158321872008447	0.03054890339565
0.1588995276689	0.0306480879354901
1.96463092715103	0.470372342687103
2.75734920342264	0.799800653832186
1.9613717712777	0.470903909509444
1.96025897070573	0.471212877436839
1.9613717712777	0.470903909509444
1.32707379220823	0.588716341420126
0.668257563820224	0.216585127844403
-0.623203514518812	0.152886975065438
-0.149706642409505	0.0545689613720988
0.1588995276689	0.0306480879354901
0.1588995276689	0.0306480879354901
-3.75565007208521	1.51176851969756
0.157056474373317	0.0303984095560313
-3.45656556517559	1.24745399482219
2.75606918885066	0.793508670212093
1.45730188638128	0.488260410534648
0.158321872008447	0.03054890339565
0.170541995167361	0.0433725109405701
-1.79522376365631	0.406159618358576
1.96025897070573	0.471212877436839
1.96025897070573	0.471212877436839
0.951547874681655	0.253003737941398
-2.57393942994101	0.680804613621979
0.157631418222578	0.0304971390385879
0.158321872008447	0.03054890339565
1.05892340645215	0.524213355234419
0.952024225447137	0.254550165942042
2.75606918885066	0.793508670212093
1.82506062473205	0.718596748988958
0.166760634916841	0.0427859605507963
-0.229722716539759	0.0759270068257283
-0.341002762168823	0.0982461131229737
-0.631066766144517	0.151845703887312
1.9613717712777	0.470903909509444
3.63643152651936	1.45439996443785
0.153330488140151	0.0297415921897382
1.82893701442997	0.723357076557195
2.76088021610819	0.795949787637318
0.158321872008447	0.03054890339565
1.96025897070573	0.471212877436839
-0.624582031923329	0.153403426322781
0.157631418222578	0.0304971390385879
1.96025897070573	0.471212877436839
0.1588995276689	0.0306480879354901
-1.79541110556836	0.406108159138969
0.158321872008447	0.03054890339565
0.158321872008447	0.03054890339565
0.667073956986921	0.214335437648368
1.96025897070573	0.471212877436839
-2.57393942994101	0.680804613621979
0.1588995276689	0.0306480879354901
-1.79522376365631	0.406159618358576
1.96025897070573	0.471212877436839
2.75863284516271	0.79267969100207
-0.623695063230009	0.152227657420805
1.96025897070573	0.471212877436839
1.96025897070573	0.471212877436839
2.762173012355	0.796052683519412
0.1588995276689	0.0306480879354901
0.157631418222578	0.0304971390385879
1.96025897070573	0.471212877436839
0.157631418222578	0.0304971390385879
1.96463092715103	0.470372342687103
1.9613717712777	0.470903909509444
-0.217602968474122	0.072079936429114
-0.623695063230009	0.152227657420805
1.96025897070573	0.471212877436839
-1.79522376365631	0.406159618358576
0.953397312790705	0.252738122158945
-0.619634069394611	0.151716324023864
-1.79522376365631	0.406159618358576
0.157056474373317	0.0303984095560313
0.1588995276689	0.0306480879354901
0.1588995276689	0.0306480879354901
0.951547874681655	0.253003737941398
0.158321872008447	0.03054890339565
0.1588995276689	0.0306480879354901
1.9613717712777	0.470903909509444
0.152059452718086	0.029590171141199
2.75606918885066	0.793508670212093
0.666816815995216	0.214564732832008
0.95292022183415	0.255029382628136
0.668257563820224	0.216585127844403
3.26595066981528	1.12514815365216
0.158321872008447	0.03054890339565
-0.344991553778112	0.100675971877677
-1.82491177099641	0.761062662410459
-1.2849226802386	0.599119703841267
3.26454918998549	1.12582035861405
-0.344718928168882	0.101170101330633
0.527431899623247	0.192654585358379
-0.401034923550571	0.170830593731264
-1.13599688789171	0.349486711323194
1.2645840392726	0.708412025607822
-0.240694979755289	0.119863766250125
0.666816815995216	0.214564732832008
0.166991219048644	0.0498989788382561
1.45986014199587	0.492707629107706
-3.45549576669823	1.25034460620717
0.158321872008447	0.03054890339565
-0.344991553778112	0.100675971877677
1.82480935034987	0.726106092264881
1.81929987358015	0.717843244648639
0.140510148384066	0.048664068301297
0.1588995276689	0.0306480879354901
1.82748782049169	0.728181584217454
-0.152509336205892	0.0557203112776917
0.946765399319523	0.252386055990515
-3.45549576669823	1.25034460620717
-1.02849046705274	0.419931822610547
-0.624582031923329	0.153403426322781
0.952024225447137	0.254550165942042
-2.57450915234243	0.686119713628322
3.27104261465895	1.12081379847629
0.153330488140151	0.0297415921897382
-1.79522376365631	0.406159618358576
-1.13453748317733	0.348386420481102
0.952024225447137	0.254550165942042
0.950654218295308	0.25253240285929
-0.624582031923329	0.153403426322781
0.153330488140151	0.0297415921897382
3.26454918998549	1.12582035861405
-0.345150316372877	0.100068376294618
0.1588995276689	0.0306480879354901
-3.75448747115041	1.51208464914552
0.157631418222578	0.0304971390385879
0.157631418222578	0.0304971390385879
-0.623695063230009	0.152227657420805
0.670883773275737	0.21573252817249
2.762173012355	0.796052683519412
0.169448715067567	0.0428107247727095
0.157056474373317	0.0303984095560313
1.96025897070573	0.471212877436839
0.952024225447137	0.254550165942042
0.524938478553276	0.192889918548823
-1.13492041310201	0.349384486959602
0.157056474373317	0.0303984095560313
0.169301214921532	0.0427592743769238
0.165310764697054	0.0422104497686673
-2.57507908676252	0.680490038595289
0.162378104800928	0.0310834456145106
-1.51009345022257	0.545190528961888
0.525131259349727	0.192999914873943
-0.521103486689622	0.201846081379412
0.156634201293332	0.0476265114655575
-2.57994643475892	0.682934722662173
0.170541995167361	0.0433725109405701
0.172003388254653	0.043682446671818
-1.13345886337206	0.34828321496857
-0.223841895221851	0.0734441381837248
1.06194942317421	0.523340149187415
1.2671107153399	0.710755789415756
-0.351639245332709	0.102368245698131
0.141192906646216	0.0548578024293243
0.1588995276689	0.0306480879354901
-0.721903010717535	0.251442136891875
-0.537496897721191	0.204742454484654
-0.231087265827975	0.0758575600853595
0.143445720753174	0.0557160838352611
0.818093284035194	0.352795702508465
-0.623695063230009	0.152227657420805
0.14277187758772	0.055506936574593
-0.494402435298068	0.261815549004288
0.994246163641829	0.784772793469522
0.672329204234225	0.214414311899322
1.03793223060229	0.402236165852461
0.357718924177873	0.180184036793236
0.019762958702737	0.0105974667039137
0.680479184814397	0.322935794112933
3.26454918998549	1.12582035861405
-0.10104915122001	0.0406319171838591
-0.215091100919037	0.0708081397941703
0.605539085573191	0.319706269008171
-0.15305394996009	0.0561503783181607
-0.227429765821456	0.0748191696657807
-1.5205822622307	0.550689829164133
0.157819500886876	0.0479964018015095
0.147142932159236	0.0509873558125847
-0.221549116887011	0.0733586886722837
0.158031704426094	0.0479750742787413
-0.604505279692161	0.294366536257939
-0.152027874499813	0.0556812356537209
1.32687881734284	0.596619735020576
0.159324697367292	0.047751336687268
0.160510100025773	0.0484285557089307
1.45351865984672	0.48998410568291
2.75863284516271	0.79267969100207
0.157056474373317	0.0303984095560313
-1.52322194584126	0.549040618837191
0.673815739343564	0.215029182273907
0.157056474373317	0.0303984095560313
-0.212459100283454	0.0694889731401476
-0.225400119271266	0.0740149655022009
1.02951085406631	0.395764868159058
-0.625469527156518	0.152450282737538
-3.45442672204145	1.24810798046793
0.524938478553276	0.192889918548823
1.45606145484126	0.491057209685398
-1.79522376365631	0.406159618358576
-0.15821957159593	0.0580782796952436
-0.346167140140093	0.100935083264355
-0.619634069394611	0.151716324023864
-0.625469527156518	0.152450282737538
1.03616406217909	0.39883276251369
1.46021680212861	0.488909487893217
-0.338232313416877	0.0987458905293902
-0.342366844950387	0.0999187527730966
0.673553513601153	0.218109822226041
-0.220109901011941	0.0723811542078152
0.661593536121753	0.212650522521367
-0.609966842831359	0.297344613909476
0.140215739707294	0.0544615577459193
-0.343816891455429	0.0996962776646578
-0.724489220764226	0.25507339261849
-0.625469527156518	0.152450282737538
3.64721181111227	1.4366842531501
0.170907934848088	0.043117938222106
-0.343542423818443	0.10090975164114
-0.224253139168393	0.073796430498605
0.668257563820224	0.216585127844403
-0.153133836778932	0.0562143523090425
-0.345150316372877	0.100068376294618
0.437886995966905	0.178931996378717
-0.725896158891892	0.253805951910148
-0.348742022466301	0.10134765260469
0.158321872008447	0.03054890339565
-1.49334610041838	0.774561336408607
-0.0639749513924308	0.027884574060316
-1.49201386817581	0.778707402834225
0.167846042512584	0.0427707788849589
-1.14235343443303	0.349148050508889
-0.349006134070706	0.101786523630064
0.151192104824609	0.0457157821928599
0.161910749638676	0.0490513039831909
1.96463092715103	0.470372342687103
1.96025897070573	0.471212877436839
1.9613717712777	0.470903909509444
0.161486408205213	0.0413117168731846
-0.62982953293132	0.153685936034785
1.96463092715103	0.470372342687103
2.75606918885066	0.793508670212093
0.164226724221899	0.0416602681945232
0.948141792901091	0.250604857806815
-0.351639245332709	0.102368245698131
-0.623695063230009	0.152227657420805
-1.79522376365631	0.406159618358576
-1.79522376365631	0.406159618358576
1.32958125727132	0.590996514784086
1.96025897070573	0.471212877436839
-0.624582031923329	0.153403426322781
0.158321872008447	0.03054890339565
-0.623695063230009	0.152227657420805
0.165674434882817	0.0422257308822068
-0.343542423818443	0.10090975164114
-0.622314221648084	0.151717296808394
-3.46164602167476	1.25116087441461
0.656081819038325	0.208379304495248
0.95292022183415	0.255029382628136
-0.618737201948444	0.150559036504414
-2.57450915234243	0.686119713628322
0.166760634916841	0.0427859605507963
0.157056474373317	0.0303984095560313
0.953397312790705	0.252738122158945
1.96025897070573	0.471212877436839
-0.725669351344178	0.254938132698188
0.161694559716164	0.0487970170518378
0.158321872008447	0.03054890339565
0.957871568697817	0.254705443855955
1.96025897070573	0.471212877436839
-1.13345886337206	0.34828321496857
-2.57450915234243	0.686119713628322
0.158321872008447	0.03054890339565
-0.62409333671727	0.15194082521988
1.96025897070573	0.471212877436839
0.157631418222578	0.0304971390385879
1.96025897070573	0.471212877436839
-1.79541110556836	0.406108159138969
3.27475268127972	1.11306798677358
-1.51940297937032	0.550464997835271
2.75606918885066	0.793508670212093
1.9613717712777	0.470903909509444
-1.79541110556836	0.406108159138969
0.157631418222578	0.0304971390385879
0.956487790679547	0.25443416057231
0.166760634916841	0.0427859605507963
-0.62409333671727	0.15194082521988
-0.624582031923329	0.153403426322781
1.96463092715103	0.470372342687103
-3.0805660074572	0.955215233063362
1.45461172869713	0.491065821848087
-1.79522376365631	0.406159618358576
-0.342091382580869	0.0996589886024872
-0.346167140140093	0.100935083264355
0.1588995276689	0.0306480879354901
0.166760634916841	0.0427859605507963
1.96025897070573	0.471212877436839
0.954295652698446	0.253211023347385
-0.62409333671727	0.15194082521988
0.952024225447137	0.254550165942042
1.9613717712777	0.470903909509444
1.9613717712777	0.470903909509444
1.9613717712777	0.470903909509444
0.803560413736954	0.335393670926032
1.96463092715103	0.470372342687103
0.158933943506847	0.0404964559262667
0.157631418222578	0.0304971390385879
0.157631418222578	0.0304971390385879
3.26962954853743	1.12822867523572
-0.623203514518812	0.152886975065438
-0.623695063230009	0.152227657420805
1.9613717712777	0.470903909509444
2.75734920342264	0.799800653832186
0.157631418222578	0.0304971390385879
0.169301214921532	0.0427592743769238
1.96463092715103	0.470372342687103
3.26735525568462	1.11469211429917
1.9613717712777	0.470903909509444
0.152059452718086	0.029590171141199
0.1588995276689	0.0306480879354901
2.76088021610819	0.795949787637318
1.96025897070573	0.471212877436839
1.96463092715103	0.470372342687103
-0.350454717877603	0.101552906153879
0.1588995276689	0.0306480879354901
0.956487790679547	0.25443416057231
-0.624872195318547	0.152004974277265
0.956965590292449	0.254225160809089
3.26595066981528	1.12514815365216
-0.625469527156518	0.152450282737538
0.950654218295308	0.25253240285929
-2.57450915234243	0.686119713628322
0.946765399319523	0.252386055990515
0.162378104800928	0.0310834456145106
0.165674434882817	0.0422257308822068
-0.343816891455429	0.0996962776646578
-2.57994643475892	0.682934722662173
2.75606918885066	0.793508670212093
0.171634472420616	0.0433572706368662
3.26962954853743	1.12822867523572
0.952024225447137	0.254550165942042
0.158321872008447	0.03054890339565
3.26454918998549	1.12582035861405
0.1588995276689	0.0306480879354901
0.951547874681655	0.253003737941398
0.951547874681655	0.253003737941398
3.26962954853743	1.12822867523572
2.762173012355	0.796052683519412
0.954295652698446	0.253211023347385
0.953397312790705	0.252738122158945
0.952024225447137	0.254550165942042
1.45351865984672	0.48998410568291
0.162378104800928	0.0310834456145106
0.667073956986921	0.214335437648368
-0.343542423818443	0.10090975164114
0.946765399319523	0.252386055990515
0.158321872008447	0.03054890339565
1.96025897070573	0.471212877436839
1.9613717712777	0.470903909509444
0.956965590292449	0.254225160809089
1.96025897070573	0.471212877436839
0.95292022183415	0.255029382628136
2.75734920342264	0.799800653832186
0.157056474373317	0.0303984095560313
0.956965590292449	0.254225160809089
-1.79541110556836	0.406108159138969
0.161791665747346	0.0309826798878848
-0.624582031923329	0.153403426322781
1.96025897070573	0.471212877436839
0.954295652698446	0.253211023347385
-0.625469527156518	0.152450282737538
0.1588995276689	0.0306480879354901
0.165674434882817	0.0422257308822068
1.96025897070573	0.471212877436839
0.161486408205213	0.0413117168731846
-0.622314221648084	0.151717296808394
0.1588995276689	0.0306480879354901
1.96025897070573	0.471212877436839
1.96025897070573	0.471212877436839
2.75734920342264	0.799800653832186
0.161791665747346	0.0309826798878848
0.158933943506847	0.0404964559262667
1.9613717712777	0.470903909509444
1.96025897070573	0.471212877436839
-0.624582031923329	0.153403426322781
0.952024225447137	0.254550165942042
0.956487790679547	0.25443416057231
0.158321872008447	0.03054890339565
0.166760634916841	0.0427859605507963
1.82336730645351	0.727498434871424
1.96025897070573	0.471212877436839
0.669700188276656	0.216836591054402
1.0404202529805	0.404466019128978
-1.13492041310201	0.349384486959602
1.9613717712777	0.470903909509444
0.1588995276689	0.0306480879354901
1.44824908922374	0.485976898894524
-0.405058914373109	0.172684284751207
1.03912222698575	0.39971781200683
-0.00439163433968604	0.00219967692621987
2.11371778253909	0.958913406403944
0.440468977584402	0.180297638600963
1.03634162491416	0.3991693364154
0.166760634916841	0.0427859605507963
0.156634201293332	0.0476265114655575
0.168213647836342	0.0427717891925395
0.173098035606419	0.0436660682371104
-1.51396593073936	0.54893460092185
2.55427890384008	1.4472911738782
-0.726850409013166	0.253447860915049
-1.0248480889871	0.413348830270468
-1.33194203071709	0.834922360785628
-0.736974202582871	0.25698901940374
0.44453330997149	0.182617638074095
0.523594903770851	0.191054735130635
-2.81099690398284	1.84894252062052
0.432438230425107	0.175552474828425
0.158303191105695	0.0759093573851033
-1.16781048469993	0.662431108275816
0.160400851667561	0.0483731984970343
0.164278215865622	0.0494439084469955
0.683264803449209	0.325356660226696
0.160066626833061	0.0840946494676046
0.523787196468579	0.192297988976743
0.897689689355742	0.491637407482036
-0.144074365530323	0.0518515062494547
0.151344225216413	0.0647511626279281
0.525131259349727	0.192999914873943
1.45606145484126	0.491057209685398
0.393041040810021	0.179952823576791
0.440208643626581	0.180693389650481
0.524938478553276	0.192889918548823
0.525964016980888	0.191864376850222
1.07451975705012	0.521091857383192
-0.731306141239577	0.257130066262645
-3.75797793828278	1.49381034544296
0.165310764697054	0.0422104497686673
0.67210466855713	0.216488954078171
-2.57393942994101	0.680804613621979
1.03616406217909	0.39883276251369
1.32970980115416	0.593918942315811
-1.28516527704006	0.593068953266583
0.814613867033518	0.34793580638276
0.147142932159236	0.0509873558125847
-1.49099625807477	0.776999131898863
-0.518945913103219	0.201612309704566
0.516767399783005	0.187973778415715
0.669700188276656	0.216836591054402
-1.27715079908349	0.591856388497322
0.160510100025773	0.0484285557089307
0.157819500886876	0.0479964018015095
1.82480935034987	0.726106092264881
0.163311686221074	0.0491766335657994
-3.45549576669823	1.25034460620717
-1.03530796870446	0.422510492431002
1.32938316615604	0.591106160939545
-0.771731103251104	0.34418423749677
0.172003388254653	0.043682446671818
-1.13600022882357	0.347365132523473
-0.62982953293132	0.153685936034785
0.158321872008447	0.03054890339565
1.9613717712777	0.470903909509444
-0.780222385383906	0.350064605644818
1.96403208242546	1.25634088241877
0.445560224599644	0.181515824529349
-0.350191590281639	0.102610881125832
0.95292022183415	0.255029382628136
0.669959235301846	0.21328277804383
-1.02826904072658	0.414339349171287
0.526475289805826	0.193047228245027
2.75863284516271	0.79267969100207
0.668257563820224	0.216585127844403
0.527936867110274	0.192508723741719
0.164226724221899	0.0416602681945232
0.1588995276689	0.0306480879354901
0.157056474373317	0.0303984095560313
1.96025897070573	0.471212877436839
0.603305616358923	0.318625443315838
1.26806384242663	0.709187550016831
0.130850214142744	0.0505576404339629
0.511886172783125	0.318799556605529
1.26430611791548	0.706355064237183
-0.733892568765604	0.254667815208945
-0.141019351528483	0.0512616608589805
0.952024225447137	0.254550165942042
-0.619634069394611	0.151716324023864
0.951547874681655	0.253003737941398
-0.345896359412486	0.100748738523468
-0.156171857912243	0.0569670001911522
-0.22584984896384	0.074068293460933
0.894504813822409	0.487480093057045
0.157819500886876	0.0479964018015095
2.75863284516271	0.79267969100207
0.953397312790705	0.252738122158945
-0.343542423818443	0.10090975164114
1.77745048875274	1.02612447649106
-1.22081888349569	0.907822510940207
1.33086270821398	0.600615079200926
0.88337911999668	0.473301301357756
0.436051221892724	0.178450617932061
0.344850670826379	0.171574256181173
-0.0622121886426164	0.0271906046643111
0.149822512433037	0.0515980643104733
0.158031704426094	0.0479750742787413
-0.718015885215809	0.250371550906901
-0.400990851322735	0.171259979966006
-1.02849046705274	0.419931822610547
2.12181328301129	0.961086817916886
1.44989354438624	0.914136723856593
1.33621568244782	0.597177361094707
-0.152782075404647	0.0560846680959654
0.161910749638676	0.0490513039831909
0.953397312790705	0.252738122158945
0.689565129067195	0.330030148097795
0.156634201293332	0.0476265114655575
1.56500232003748	0.799635859648323
0.1535714904589	0.0530493054972145
0.95558416772101	0.253955285085994
0.44123842978774	0.180936747631182
-0.408598579744079	0.174098316850991
0.155236989444065	0.046931522021964
-1.03393293958577	0.417621406671085
0.143552854949838	0.0622321518539146
-0.228358576380837	0.0754206022353645
0.818093284035194	0.352795702508465
0.664228257408103	0.213358767976231
1.04201825334801	0.398264769775369
-0.616831406135845	0.301885163522066
0.668257563820224	0.216585127844403
1.31990734853467	0.587765827389329
-0.346167140140093	0.100935083264355
-0.719426085672194	0.251004789565613
1.33086270821398	0.600615079200926
0.549346213749752	0.314006804709425
2.11518784424846	0.962803467848292
0.530022335096334	0.192519095657112
-1.04835629586167	0.811750207606298
0.673553513601153	0.218109822226041
-0.171056545165109	0.061242792441583
-1.13453748317733	0.348386420481102
0.669700188276656	0.216836591054402
2.75606918885066	0.793508670212093
0.961469601946137	0.252693318766749
2.75734920342264	0.799800653832186
-0.62409333671727	0.15194082521988
0.151146444914538	0.0517712277838049
0.38222816255329	0.173783928001849
0.152044490767477	0.0729965054247213
-1.28038342887827	0.594844087212462
1.45351865984672	0.48998410568291
0.386714485169665	0.177075570399948
-0.344718928168882	0.101170101330633
1.32420347578211	0.594323880877371
0.531595264123315	0.195527948373046
-0.225400119271266	0.0740149655022009
-0.718015885215809	0.250371550906901
0.13953933971611	0.0537929805373032
1.325541173279	0.596317804415036
0.149799062385088	0.0453698747948897
-1.13492041310201	0.349384486959602
0.156605756480995	0.0536780455606234
0.148228629004075	0.0512983752502419
-1.13561687794397	0.345868911390132
2.75734920342264	0.799800653832186
0.954295652698446	0.253211023347385
1.04439699516423	0.400035957490872
0.1588995276689	0.0306480879354901
0.953397312790705	0.252738122158945
0.956487790679547	0.25443416057231
2.762173012355	0.796052683519412
0.95292022183415	0.255029382628136
0.157631418222578	0.0304971390385879
-0.344718928168882	0.101170101330633
0.946765399319523	0.252386055990515
0.158321872008447	0.03054890339565
-1.79522376365631	0.406159618358576
-0.622314221648084	0.151717296808394
0.953397312790705	0.252738122158945
0.957871568697817	0.254705443855955
-1.79541110556836	0.406108159138969
1.45641688249062	0.4860389300833
0.160384885012197	0.0410552053935884
-0.344991553778112	0.100675971877677
-3.45656556517559	1.24745399482219
3.26595066981528	1.12514815365216
2.75734920342264	0.799800653832186
2.75606918885066	0.793508670212093
0.95292022183415	0.255029382628136
0.153330488140151	0.0297415921897382
0.158321872008447	0.03054890339565
1.82480935034987	0.726106092264881
2.75863284516271	0.79267969100207
1.9613717712777	0.470903909509444
-1.80012731460838	0.40572439661199
1.82578795240992	0.72409353488536
1.96025897070573	0.471212877436839
0.952024225447137	0.254550165942042
0.161694559716164	0.0487970170518378
0.166394015894957	0.0421995715384941
0.1588995276689	0.0306480879354901
-2.57507908676252	0.680490038595289
1.9613717712777	0.470903909509444
-1.79522376365631	0.406159618358576
-1.79522376365631	0.406159618358576
1.96025897070573	0.471212877436839
1.96025897070573	0.471212877436839
0.158321872008447	0.03054890339565
2.75734920342264	0.799800653832186
1.96463092715103	0.470372342687103
0.1588995276689	0.0306480879354901
1.9613717712777	0.470903909509444
-2.57507908676252	0.680490038595289
-1.79522376365631	0.406159618358576
-0.338232313416877	0.0987458905293902
-2.57393942994101	0.680804613621979
1.96025897070573	0.471212877436839
-0.625469527156518	0.152450282737538
-1.79541110556836	0.406108159138969
1.96025897070573	0.471212877436839
-1.79541110556836	0.406108159138969
2.75734920342264	0.799800653832186
0.158321872008447	0.03054890339565
1.9613717712777	0.470903909509444
1.96025897070573	0.471212877436839
0.161791665747346	0.0309826798878848
1.96463092715103	0.470372342687103
0.162378104800928	0.0310834456145106
1.9613717712777	0.470903909509444
1.96025897070573	0.471212877436839
1.9613717712777	0.470903909509444
0.158321872008447	0.03054890339565
2.75863284516271	0.79267969100207
0.157631418222578	0.0304971390385879
0.157631418222578	0.0304971390385879
0.1588995276689	0.0306480879354901
0.157631418222578	0.0304971390385879
0.152059452718086	0.029590171141199
0.158321872008447	0.03054890339565
1.45351865984672	0.48998410568291
0.1588995276689	0.0306480879354901
1.96025897070573	0.471212877436839
1.96463092715103	0.470372342687103
0.157631418222578	0.0304971390385879
-1.79522376365631	0.406159618358576
0.95292022183415	0.255029382628136
2.75606918885066	0.793508670212093
-0.624872195318547	0.152004974277265
1.96463092715103	0.470372342687103
1.96025897070573	0.471212877436839
-0.624582031923329	0.153403426322781
1.96025897070573	0.471212877436839
0.158321872008447	0.03054890339565
-1.79522376365631	0.406159618358576
1.9613717712777	0.470903909509444
-2.57450915234243	0.686119713628322
0.157631418222578	0.0304971390385879
1.96025897070573	0.471212877436839
0.446849742346894	0.183685662671941
0.956965590292449	0.254225160809089
0.1588995276689	0.0306480879354901
0.1588995276689	0.0306480879354901
0.1588995276689	0.0306480879354901
0.157631418222578	0.0304971390385879
0.95292022183415	0.255029382628136
0.662786179108504	0.213105829711844
-0.343268806146835	0.0999183449449793
-1.79541110556836	0.406108159138969
-1.79522376365631	0.406159618358576
1.45986014199587	0.492707629107706
1.04571393839951	0.402644709089383
0.434765734153405	0.177993138783725
-0.344718928168882	0.101170101330633
2.76088021610819	0.795949787637318
1.45641688249062	0.4860389300833
0.158321872008447	0.03054890339565
0.952024225447137	0.254550165942042
3.92727374425001	1.74535892797151
1.96025897070573	0.471212877436839
-0.304721601904204	0.140994740770125
-0.984370173910544	0.498898517233409
-1.09518321887482	0.732998890314769
-0.110150488421325	0.0433614400880863
0.148406294194498	0.0446988981681097
0.337167464363105	0.164077800167129
0.149822512433037	0.0515980643104733
0.661593536121753	0.212650522521367
0.1588995276689	0.0306480879354901
-0.623695063230009	0.152227657420805
1.96025897070573	0.471212877436839
1.9613717712777	0.470903909509444
0.952024225447137	0.254550165942042
1.9613717712777	0.470903909509444
0.1588995276689	0.0306480879354901
0.157631418222578	0.0304971390385879
1.9613717712777	0.470903909509444
-1.0271278658152	0.415065471794964
-1.48660990868677	0.767646824114273
-1.03041128558411	0.407669699757177
1.57038684410817	0.807034365925312
-0.525335160168346	0.204442902704607
-0.224047591747806	0.0740771018889209
-0.222082125451092	0.0730311845849782
0.145499877232422	0.0631711134520967
-0.395991800617787	0.168840395606477
-1.79522376365631	0.406159618358576
0.1588995276689	0.0306480879354901
0.158321872008447	0.03054890339565
-0.400062396642448	0.170601933136714
-0.15821957159593	0.0580782796952436
-0.115983696548462	0.0463428583025987
-0.625469527156518	0.152450282737538
2.762173012355	0.796052683519412
-1.79541110556836	0.406108159138969
1.96025897070573	0.471212877436839
2.75606918885066	0.793508670212093
0.95292022183415	0.255029382628136
1.03654154158417	0.402707767551167
0.158321872008447	0.03054890339565
1.33201471260472	0.596336495537286
-1.79541110556836	0.406108159138969
-1.03728141216788	0.413545334283265
1.03674127319984	0.397936005636489
-0.624582031923329	0.153403426322781
-0.229722716539759	0.0759270068257283
0.169448715067567	0.0428107247727095
0.950654218295308	0.25253240285929
3.63643152651936	1.45439996443785
-0.348742022466301	0.10134765260469
3.63496088118677	1.451939681774
0.152750217986773	0.052406749850536
-1.5205822622307	0.550689829164133
0.438146946531997	0.178030223087271
3.26595066981528	1.12514815365216
-0.623203514518812	0.152886975065438
0.158321872008447	0.03054890339565
0.157056474373317	0.0303984095560313
0.144344673040978	0.079658087017381
-0.0328203688696256	0.0153680916225703
-0.501583958439578	0.264196031342086
-0.167281567248765	0.0603637193004898
0.151609465198681	0.0721867476758141
-0.338626241379966	0.202113773676027
1.11968466499615	0.985670335858259
0.134227933366665	0.0518953873885236
0.167846042512584	0.0427707788849589
3.27333105802293	1.11217115249484
0.158321872008447	0.03054890339565
2.75734920342264	0.799800653832186
1.9613717712777	0.470903909509444
1.96025897070573	0.471212877436839
1.44969992073046	0.485973419912067
0.16183898726961	0.0410563761793581
-0.628447709775194	0.153171179772782
1.44969992073046	0.485973419912067
-1.14089293159455	0.348055152990233
0.952024225447137	0.254550165942042
1.96463092715103	0.470372342687103
0.954295652698446	0.253211023347385
1.45496621180374	0.489974899858239
0.157631418222578	0.0304971390385879
0.167125285140998	0.0422176691573725
0.523787196468579	0.192297988976743
2.75734920342264	0.799800653832186
-1.79522376365631	0.406159618358576
1.96025897070573	0.471212877436839
0.153330488140151	0.0297415921897382
0.952024225447137	0.254550165942042
0.157631418222578	0.0304971390385879
0.157631418222578	0.0304971390385879
1.03654154158417	0.402707767551167
2.11241021373514	0.965493651705752
0.162378104800928	0.0310834456145106
-0.523171029238127	0.20323286573159
-1.27822758284302	0.594160090070886
-0.623695063230009	0.152227657420805
0.151147710779537	0.0523193888171726
0.663034678171856	0.21290337117364
0.944704233358505	0.632267468453212
0.298635504333132	0.200795414518708
0.155447957395554	0.0469498859464432
0.953397312790705	0.252738122158945
-3.07968455989498	0.963635125148535
0.166760634916841	0.0427859605507963
-1.79541110556836	0.406108159138969
0.161791665747346	0.0309826798878848
0.14605644861433	0.0505224990642865
0.668257563820224	0.216585127844403
-1.28624234459102	0.594941965574939
0.952705736117911	0.643747827149067
-0.401034923550571	0.170830593731264
-0.731306141239577	0.257130066262645
1.44680138625654	0.481686443078168
1.32930776739333	0.590122181343662
1.96025897070573	0.471212877436839
0.140510148384066	0.048664068301297
0.522443105176507	0.19046942739914
0.523787196468579	0.192297988976743
0.668257563820224	0.216585127844403
-0.723081962585608	0.252158286122281
1.82604050116992	0.728003309996437
-1.51425919312654	0.549483381615373
1.77232382304755	1.00981862371046
1.45461172869713	0.491065821848087
0.157819500886876	0.0479964018015095
0.518122946273838	0.189782716405237
1.96025897070573	0.471212877436839
1.82217654089451	0.725748167802471
0.157631418222578	0.0304971390385879
0.140215739707294	0.0544615577459193
-0.723081962585608	0.252158286122281
0.166760634916841	0.0427859605507963
-0.732708626851589	0.255851771606928
-1.16867706242406	0.665203149311039
0.169301214921532	0.0427592743769238
2.11241021373514	0.965493651705752
-0.610895513519982	0.297752930337381
0.547203697623974	0.315074625322062
0.140510148384066	0.048664068301297
0.159429495883294	0.0480039803018655
1.96025897070573	0.471212877436839
1.9613717712777	0.470903909509444
1.9613717712777	0.470903909509444
0.157056474373317	0.0303984095560313
1.45496621180374	0.489974899858239
-0.343816891455429	0.0996962776646578
0.344715770168044	0.190132584847859
-0.223107034277154	0.0733562917803985
1.08329646092349	0.672533904507698
0.148228629004075	0.0512983752502419
-0.402590453974764	0.171076969115864
0.00699613988467786	0.00392432961188162
-0.14537069997032	0.0533503794450636
0.951547874681655	0.253003737941398
0.950654218295308	0.25253240285929
0.954295652698446	0.253211023347385
1.27115992199819	0.718531324632175
-1.51396593073936	0.54893460092185
-0.623695063230009	0.152227657420805
1.96025897070573	0.471212877436839
-1.81907301713506	0.753429338745028
1.03783609384751	0.397011482932924
0.953397312790705	0.252738122158945
-1.79541110556836	0.406108159138969
0.95292022183415	0.255029382628136
3.26595066981528	1.12514815365216
3.93021390388131	1.74972824816439
0.819736361887799	0.353982189775623
2.762173012355	0.796052683519412
0.667073956986921	0.214335437648368
-1.14016935299318	0.348638213237076
0.157056474373317	0.0303984095560313
0.157631418222578	0.0304971390385879
0.952024225447137	0.254550165942042
0.1588995276689	0.0306480879354901
-0.623203514518812	0.152886975065438
4.17671255699189	2.05218903192689
-1.02203827315684	0.413518890635416
-0.791772298999317	0.428156324958335
0.380355543614871	0.17273060845917
-0.216721090826893	0.070460370724949
-0.52556727760428	0.203116503406994
-0.220363241288198	0.0719345715341655
0.791291994959232	0.470688039453593
-0.498483784770797	0.263510307702279
0.148114271096296	0.0576207920642664
0.141795856861759	0.0549880463391758
-1.139798321011	0.349782272227464
-0.35137798744179	0.102393082124341
0.95292022183415	0.255029382628136
0.164226724221899	0.0416602681945232
-0.622314221648084	0.151717296808394
0.668257563820224	0.216585127844403
0.948141792901091	0.250604857806815
0.157819500886876	0.0479964018015095
0.526282024246712	0.193593170961761
0.443241978351493	0.181863627833459
0.900854796880489	0.493646062916559
0.952024225447137	0.254550165942042
1.56371017708573	0.796477488281912
1.03674127319984	0.397936005636489
0.950502056553329	0.639765997057186
0.907199145959734	0.490174854072568
-0.222901125507273	0.07385839070143
0.1535714904589	0.0530493054972145
0.684534862790765	0.326199707602974
1.4531651131754	0.486692367864221
-1.28146249315438	0.593259852250037
-2.57450915234243	0.686119713628322
0.433994687503127	0.176337994763149
0.148228629004075	0.0512983752502419
0.145837129647114	0.050508335078259
0.157819500886876	0.0479964018015095
0.156634201293332	0.0476265114655575
0.527625536835698	0.193638734585991
0.166394015894957	0.0421995715384941
1.82868259121074	0.729942315494172
0.673553513601153	0.218109822226041
-0.339689629328073	0.0991873938654728
-1.2859672469629	0.588393254424298
-0.530671843634332	0.2061859514931
0.147142160420391	0.0570953634191739
-0.0594947759017596	0.0261417215575998
0.160510100025773	0.0484285557089307
-0.408135328722999	0.171146897247395
-0.227429765821456	0.0748191696657807
0.673290374161129	0.21539984522156
-0.21782126076243	0.0717238674753132
-1.03439373371663	0.41922059845391
-0.226067534394568	0.0743178756022403
1.26739157205165	0.702204190223556
-0.102780222267367	0.0414424096297599
1.03395964520782	0.397385011005584
3.6379052926147	1.45060215836621
-0.723081962585608	0.252158286122281
0.673815739343564	0.215029182273907
-0.400375131161567	0.170476605274052
-1.82467177482471	0.757687975137559
0.899563699291533	0.493503891378626
-0.352824712262703	0.102155795737906
0.160384885012197	0.0410552053935884
2.56124244328711	1.4585663912492
0.133927744528653	0.0520048300874809
1.57280368997465	0.801127382429996
1.5714776862189	0.800703716196944
0.446585379791805	0.183721184032664
0.530447729983482	0.194934009129475
0.948141792901091	0.250604857806815
3.92727374425001	1.74535892797151
-3.45656556517559	1.24745399482219
1.02970267836685	0.396112309053988
0.95558416772101	0.253955285085994
0.677427945070776	0.216410794008318
-0.720604456465959	0.251721589615544
-1.02871170775367	0.417044529530206
-1.139798321011	0.349782272227464
-0.622314221648084	0.151717296808394
0.166760634916841	0.0427859605507963
0.668515656075028	0.214587613419762
0.667998554448181	0.213489165347249
0.167846042512584	0.0427707788849589
-1.13345886337206	0.34828321496857
1.82073728246914	0.724274882905695
1.82073728246914	0.724274882905695
0.152230318137847	0.0526288187748188
0.668084647841113	0.214613858911294
0.67210466855713	0.216488954078171
1.82336730645351	0.727498434871424
-0.719194001735348	0.251086827288541
-0.343816891455429	0.0996962776646578
-2.07691999930247	0.973664095812084
-1.51396593073936	0.54893460092185
-0.343268806146835	0.0999183449449793
1.96463092715103	0.470372342687103
0.157631418222578	0.0304971390385879
0.167846042512584	0.0427707788849589
0.168213647836342	0.0427717891925395
-0.62935300969794	0.153342878403685
0.785767497954229	0.471222083798805
0.688003045171493	0.323761134731489
-0.402321330714336	0.171233810890718
-0.104645317659636	0.0420037540482151
0.673553513601153	0.218109822226041
1.56251873611041	0.792025869992769
0.530234735136755	0.195115554796289
1.9613717712777	0.470903909509444
0.598569303496878	0.31618078883765
0.669440224929851	0.215480111776117
0.157607154140132	0.0473340538421367
-0.153808610141153	0.056307890723225
0.530234735136755	0.195115554796289
1.4531651131754	0.486692367864221
1.04829841723183	0.398759642246506
1.05995694464377	0.525270491251717
-0.793123712262922	0.435306261597166
0.164226724221899	0.0416602681945232
0.903682678357708	0.493561197149554
1.26655242969638	0.704011443710313
1.07913289556549	0.663617399707767
0.522635022737485	0.190307963896041
0.142101626338113	0.0619981138478658
0.398473764112703	0.181250827287522
0.94287880528928	0.62819400020277
0.518122946273838	0.189782716405237
1.4290048406195	1.56269435979792
-0.774797596745505	0.346403427121627
0.140516880773455	0.0545297949412117
1.32938316615604	0.591106160939545
4.16981931866655	2.0382482289107
-2.57450915234243	0.686119713628322
0.148448238167646	0.0513076201238473
0.144418071472831	0.0692832401870381
0.660154272128366	0.210687849785302
1.96025897070573	0.471212877436839
0.951547874681655	0.253003737941398
2.39698820930569	2.00926291721806
1.33221646682829	0.599978311661845
0.951547874681655	0.253003737941398
0.389843390145524	0.177468696687501
-0.103712485568317	0.0417617897564468
0.152750217986773	0.052406749850536
1.043208103876	0.402535852395547
-0.0661924513851438	0.02877114323392
-0.789367994913192	0.433581500666881
1.07517953931327	0.659899035521772
1.45496621180374	0.489974899858239
0.951547874681655	0.253003737941398
0.676965586227121	0.321197765118731
-0.148712408233657	0.0546464053678112
1.3257228169597	0.589995290446957
0.137454459523076	0.0535033340679325
3.26315080491707	1.11564490325583
1.06298049234632	0.529003721857717
0.143907168367383	0.0626929211687495
-0.726850409013166	0.253447860915049
0.155992320396775	0.0532108958797618
0.147142932159236	0.0509873558125847
-0.149434619660561	0.0546867535304298
0.157684215085786	0.0539834154501757
0.156449732902742	0.0749166367348732
0.391207634083038	0.177834905659041
1.95594325533312	1.23847853228483
0.677944702818183	0.321883468112831
0.1535714904589	0.0530493054972145
-0.656283733113451	0.384724581452462
1.03922988577136	0.400124112296972
1.82073728246914	0.724274882905695
3.9397021284947	1.74214320233959
2.73775255478885	1.69822452348585
0.549777348812699	0.315106201712492
0.820477990253153	0.350086640157138
1.45272150701123	0.922305146735278
0.818545781652933	0.345802468219269
0.597662241467725	0.314949505765137
0.685224283557541	0.323531312076611
0.155262948308693	0.0530240037088713
0.151305903524906	0.0656787294432382
-0.401347921029755	0.171005116484755
0.156634201293332	0.0476265114655575
-0.223841895221851	0.0734441381837248
2.11481364541188	1.48596460977399
2.75606918885066	0.793508670212093
0.818401429874522	0.3510010871155
0.159003857627083	0.0480265128738231
1.45461172869713	0.491065821848087
1.45606145484126	0.491057209685398
0.386311910035253	0.175824599283655
0.95292022183415	0.255029382628136
0.144616061493927	0.0500253520513714
0.160033282133955	0.0407505791232416
0.957871568697817	0.254705443855955
-0.303379388787104	0.139344066074716
0.522635022737485	0.190307963896041
1.56629393122933	0.800830556955224
1.82073728246914	0.724274882905695
1.9613717712777	0.470903909509444
0.1588995276689	0.0306480879354901
-1.79541110556836	0.406108159138969
0.161791665747346	0.0309826798878848
-0.344718928168882	0.101170101330633
0.675004256144304	0.217263152446952
0.826014894415752	0.34971724149755
0.600920524775639	0.313075418469941
1.04021638335115	0.398783042992239
0.14953299838415	0.0516176458431704
0.525324152723079	0.19105509273737
-0.313467774175495	0.144768572779256
-0.347343651948862	0.100521829573696
3.63883921155901	1.44661355339588
2.56101454846128	1.46332304316159
2.11260268209087	0.963178522665624
0.537779672975325	0.309608890098725
0.788565967610755	0.473894272077904
2.8940863148747	1.97265381661919
0.154276835937564	0.0741332975952862
1.25635684689263	0.867912814090482
-0.394671445146205	0.166130415747242
-0.766355098817268	0.340994356194198
-0.529590931055547	0.206114530882042
0.147304623244964	0.0640069055113325
-0.149504491515949	0.0840206169076413
0.151872149221307	0.058732396864501
0.161798133300927	0.048400913424328
-0.22551045023112	0.0740620347060826
0.52210596591955	0.190372011480154
-0.339412770165686	0.0990063673017856
1.32438465155021	0.589689442209682
0.668515656075028	0.214587613419762
0.596482014935905	0.312114092953853
1.0759109660707	0.665123259938942
-1.16788619402338	0.65618397496505
0.60852009676277	0.45741879238638
0.688883704480833	0.329115759659713
-0.154154862490974	0.0566375929839067
-0.501121823994824	0.263472691000315
0.14216944294075	0.0551296291498757
0.319005729790844	0.190002855844604
0.387609724793668	0.176537761381268
1.45606145484126	0.491057209685398
2.12300707262164	0.963419621094762
0.151147710779537	0.0523193888171726
-0.105389714352962	0.0424193779052806
0.146835585674207	0.0572347599611663
1.45986014199587	0.492707629107706
0.526088870322886	0.19195857798614
1.03634162491416	0.3991693364154
-0.340869162586215	0.0994476453021484
0.673418730756275	0.213501915475981
-1.49231147652868	0.771104896871233
0.852256960035686	0.613474595517293
-0.651818413058748	0.382929360871796
0.534254258644434	0.302480561004752
-0.406675325032305	0.227384890046454
-0.221549116887011	0.0733586886722837
-0.229505410798325	0.0753532432921718
0.147142932159236	0.0509873558125847
1.32835462952984	0.592531835706641
1.03515111598185	0.401690296345324
0.475215760883211	0.319073140477331
1.58538584108474	0.785562206857278
0.155579163778655	0.0744621715348235
0.95292022183415	0.255029382628136
1.27311862199907	0.713976963911299
0.525324152723079	0.19105509273737
0.386714485169665	0.177075570399948
0.527431899623247	0.192654585358379
0.138399705780992	0.0599914365410932
1.5714776862189	0.800703716196944
2.35332561110829	1.20318471800451
0.81151620199283	0.348634244573977
0.815912962371326	0.348346731608744
-1.2859672469629	0.588393254424298
-0.16053966425378	0.058758984593026
1.03256922990721	0.39387722027159
0.527431899623247	0.192654585358379
0.138428251912748	0.0538210500753023
0.154486730268478	0.0806787432309761
0.145618402952985	0.050071266673943
-0.098262373419946	0.0396767302918698
-0.623695063230009	0.152227657420805
-0.219052553662513	0.0719255077197386
0.668257563820224	0.216585127844403
-1.12965913036419	0.345874034206289
0.153568454289862	0.0464103165581933
0.157631418222578	0.0304971390385879
2.75734920342264	0.799800653832186
0.95292022183415	0.255029382628136
-0.343542423818443	0.10090975164114
0.820823944260337	0.354804427519032
1.0404202529805	0.404466019128978
0.680189518517888	0.321160442247625
0.814284768450867	0.350652393917073
0.44149853200672	0.181153088534539
0.674716789964691	0.316876485583254
0.817885978478625	0.350163723082963
0.152380753568528	0.046289512415668
2.75734920342264	0.799800653832186
1.03219330840261	0.394744650348199
1.07700250033406	0.654471518342196
0.790031611244087	0.614519612065658
1.06325619800937	0.519575792802394
0.165310764697054	0.0422104497686673
0.148228629004075	0.0512983752502419
-0.721783751651319	0.251597360149973
-0.39974846066059	0.169824537699409
-0.344718928168882	0.101170101330633
1.57171381285112	0.807457867769169
0.142470070524425	0.0554450529408985
0.682284101830331	0.324026467909836
0.686047820433398	0.32557643732339
0.682284658274595	0.325724958712449
0.148443114711005	0.0717088744345876
-1.29144079091075	0.59686921137829
0.393608602810428	0.180020414433707
-1.84191179914464	1.16993623612294
0.677944702818183	0.321883468112831
0.64394847309171	0.449527011209275
2.75734920342264	0.799800653832186
1.57304047546568	0.805716297602441
0.668515656075028	0.214587613419762
-0.317209943540155	0.14760135306902
1.45351865984672	0.48998410568291
1.2395651080651	0.856469098004763
0.154182755160727	0.0525623993905295
-0.492029602555302	0.256876767603711
-0.153133836778932	0.0562143523090425
-0.792674786753609	0.435695525874768
-1.08998888197404	0.738104266583109
-0.772467984691118	0.345310968145738
0.950654218295308	0.25253240285929
0.954295652698446	0.253211023347385
0.530234735136755	0.195115554796289
0.524817754511886	0.192422842039039
1.45351865984672	0.48998410568291
0.688282391208133	0.324414923461054
1.02970267836685	0.396112309053988
4.16981931866655	2.0382482289107
-0.778180638460061	0.348430300008537
-0.223224030014746	0.0737859552848937
1.56500232003748	0.799635859648323
0.526475289805826	0.193047228245027
0.144530836188186	0.0497609179041408
0.144049997367881	0.0558397456595895
2.11630521628039	0.969154823351082
-0.786232352363685	0.43152279528106
-1.29797523878375	0.5914976159246
0.683555054936013	0.324866642542886
0.145954636563838	0.0504439336364752
-0.224253139168393	0.073796430498605
0.437535091572071	0.178344813540967
0.351297477277452	0.17656699572046
0.655085815595132	0.458960031173863
0.54674207761329	0.3157555196902
1.2381310532747	0.849580279621745
0.156069423090746	0.074702058620751
-0.319449936545032	0.148496043223329
0.147362692598526	0.0508433865470601
0.511350548883319	0.319945546552413
1.06169703810827	0.527106169202424
0.590839213312721	0.30846746648865
-0.249325912512765	0.124711010808627
0.526282024246712	0.193593170961761
0.391741880756504	0.179388671736555
0.144616061493927	0.0500253520513714
0.140258032306573	0.0485578964849915
-1.13599688789171	0.349486711323194
0.150783671583358	0.045388108777533
-0.774058705220437	0.343513815661665
-0.413042648479684	0.232515453262321
0.518122946273838	0.189782716405237
0.156422543419747	0.0472980918883861
-0.618737201948444	0.150559036504414
0.141595248893409	0.0490443609015525
0.158031704426094	0.0479750742787413
-1.13599688789171	0.349486711323194
2.75734920342264	0.799800653832186
0.158321872008447	0.03054890339565
0.95292022183415	0.255029382628136
-0.222695068591131	0.0735779431251597
0.684826022870398	0.325080726847465
3.26735525568462	1.11469211429917
0.819736361887799	0.353982189775623
-0.343268806146835	0.0999183449449793
0.530234735136755	0.195115554796289
0.152059452718086	0.029590171141199
0.527625536835698	0.193638734585991
1.03793223060229	0.402236165852461
-1.13453748317733	0.348386420481102
1.03515111598185	0.401690296345324
0.669440224929851	0.215480111776117
1.33221646682829	0.599978311661845
0.888538302946409	0.482471402327789
-0.229722716539759	0.0759270068257283
-0.550011553178521	0.342123892512154
2.35602350163145	1.18910985478553
0.668257563820224	0.216585127844403
1.26584737893857	0.710216411880407
0.350759961089567	0.176144578760639
1.05739250525133	0.522020826016938
-0.234059117953775	0.116149520332101
-0.406342549193427	0.173701308354649
-0.767083583649264	0.34015407207702
-0.670693687146132	0.463294849691569
0.142101626338113	0.0619981138478658
0.953397312790705	0.252738122158945
0.653684993260968	0.457237480399375
0.818301154230627	0.351478120783356
0.525131259349727	0.192999914873943
1.07740748852	0.661898180816962
1.56239059907038	0.785798402905367
0.154863985111538	0.046749770246217
1.04006234001099	0.396760841234799
-0.103152862860473	0.0415929454699209
-0.115983696548462	0.0463428583025987
-0.781244282576763	0.349626790433742
1.3230464333918	0.587737669083066
1.03674127319984	0.397936005636489
0.95292022183415	0.255029382628136
2.11630521628039	0.969154823351082
0.821071015660031	0.355024826276381
-0.151756236463228	0.0557391336018927
0.526475289805826	0.193047228245027
0.527625536835698	0.193638734585991
0.1550686105067	0.039449504415366
-1.51396593073936	0.54893460092185
1.32438465155021	0.589689442209682
1.76436621325543	0.99792132928542
-0.343542423818443	0.10090975164114
-1.49975801698483	0.77960100677852
0.7763092917897	0.461044776046426
-2.29240998427004	1.1910126278839
-1.16682847520861	0.659976722567458
-2.11968153388605	1.60101497559498
0.334902306367476	0.18361434921985
-0.225400119271266	0.0740149655022009
0.663092074896657	0.465062842399752
0.136163347266325	0.0589893024882611
1.26150438963807	0.70117590358405
1.325541173279	0.596317804415036
2.11858353320046	1.50597015958522
0.65012731679605	0.457616024986701
0.853631554274723	0.615604804330215
0.153568454289862	0.0464103165581933
0.909455621564806	0.492328339023668
0.99903050905055	0.804812277750662
2.35732460876509	1.21266231514885
2.27673580868828	1.76784346205428
0.380355543614871	0.17273060845917
0.527670556799007	0.190721326778997
0.170541995167361	0.0433725109405701
-0.222082125451092	0.0730311845849782
1.03654154158417	0.402707767551167
0.15140740070063	0.0522724297544451
0.146923762007403	0.0508196417525894
1.45730188638128	0.488260410534648
1.06123864299848	0.52521734174828
1.06169703810827	0.527106169202424
1.04021638335115	0.398783042992239
-0.312051458394623	0.144452926263228
1.05938026216455	0.517022532996853
0.445295933976001	0.18296521501244
0.142679564838216	0.0491455222440914
-0.157195368460947	0.0576515802947247
-0.342366844950387	0.0999187527730966
0.668257563820224	0.216585127844403
0.166760634916841	0.0427859605507963
0.167125285140998	0.0422176691573725
0.667073956986921	0.214335437648368
0.161791665747346	0.0309826798878848
2.75734920342264	0.799800653832186
0.669440224929851	0.215480111776117
1.78154041491906	1.02236172778738
0.708247386778203	0.460742378867648
0.141493790786818	0.0550477805246781
-0.524401134131976	0.203663422455522
1.96025897070573	0.471212877436839
0.814406706085001	0.350217790330299
0.668257563820224	0.216585127844403
-0.224047591747806	0.0740771018889209
-0.521103486689622	0.201846081379412
1.82748782049169	0.728181584217454
0.154863985111538	0.046749770246217
0.52325415783733	0.189831868062164
-2.57450915234243	0.686119713628322
-1.79541110556836	0.406108159138969
0.161791665747346	0.0309826798878848
1.24407484566822	0.854414190663821
1.2441805838863	0.861758945771713
0.336268737975967	0.18452417374568
-0.500241982166145	0.263967423109451
1.09258867430227	0.814203616624159
0.599131605180105	0.313941200527733
0.897335696061997	0.492448294228436
2.90494715950903	1.99112855909368
-0.393375578429947	0.219371901081908
-0.0162438099344015	0.00783552656589202
-0.218965144969334	0.0721608079673242
-1.17552783491124	0.673717860578835
-1.28277116814285	0.592370586619789
2.91123211028378	1.98282447468135
0.596820015476109	0.313678697886024
0.55426212186227	0.317364178301354
0.142787768424453	0.0556070724421697
0.149853105967217	0.0649478893208599
-0.0626387436759899	0.0272264636333946
0.81151620199283	0.348634244573977
0.822405386609196	0.354928298866261
-0.620386247813526	0.300129580668495
-1.03667947354179	0.419936403849192
-1.52605933154948	0.547724824134213
2.25435079288949	1.71698903832179
1.45461172869713	0.491065821848087
0.172003388254653	0.043682446671818
-0.780222385383906	0.350064605644818
1.04021638335115	0.398783042992239
-0.227212618004882	0.0750820913651819
-1.04346664529046	0.83064304104567
-1.52204266633328	0.552410388888373
3.64328584107461	1.44649648514035
0.675004256144304	0.217263152446952
-0.105896210867058	0.0428361430019344
1.03773179442616	0.400174057999191
0.526282024246712	0.193593170961761
0.392675529463565	0.179936093229491
0.149193213711297	0.0778210705998379
0.150680546181696	0.0726780546979328
0.329717630458419	0.181384491379526
0.156845715679068	0.0472965888265206
0.783618357112913	0.466474902662565
-0.159244468201253	0.0583497793086273
-0.395122995594523	0.218093755394868
1.31176811045191	0.57406557993221
0.44149853200672	0.181153088534539
0.668084647841113	0.214613858911294
0.523462084360853	0.192012618175419
0.167797234745464	0.0999681941439947
0.156634201293332	0.0476265114655575
0.595159047559234	0.310304054724387
1.02905445442975	0.958767181832493
0.700467602907896	0.4419803386954
0.643656903854912	0.571620892698022
1.07723219910383	0.667063617476867
-0.954044902305145	0.583424286898515
1.33066146326993	0.594944346005423
-0.623203514518812	0.152886975065438
0.359046179069308	0.181390062430688
-1.84557948035874	1.19234470110764
0.14277187758772	0.055506936574593
0.682284101830331	0.324026467909836
1.45496621180374	0.489974899858239
0.525324152723079	0.19105509273737
0.160510100025773	0.0484285557089307
0.530234735136755	0.195115554796289
0.672365927723615	0.21584689717513
1.06247701052121	0.519819790022524
0.703041019940731	0.45822106830791
0.527670556799007	0.190721326778997
0.694216752508718	0.329267104607715
-1.13707413454834	0.346951163921623
-0.0649851681725604	0.0286426741891286
0.527936867110274	0.192508723741719
-0.395991800617787	0.168840395606477
-0.223224030014746	0.0737859552848937
-0.343542423818443	0.10090975164114
3.26595066981528	1.12514815365216
0.666816815995216	0.214564732832008
-2.57450915234243	0.686119713628322
0.160614285616072	0.0483709724331317
0.523670606978157	0.190861849447837
0.814406706085001	0.350217790330299
-0.0594678068579698	0.0261805048059701
0.336277978053806	0.184230238935229
0.151147710779537	0.0523193888171726
1.7525236036762	1.3463363295966
1.26655242969638	0.704011443710313
0.8210515671363	0.35090414072359
0.520628489116286	0.189937142312681
1.03773179442616	0.400174057999191
-0.624582031923329	0.153403426322781
1.45203784523897	0.484281434940963
0.133962752385281	0.0459271688258132
1.44680138625654	0.481686443078168
-0.222082125451092	0.0730311845849782
0.899918783962007	0.493722856687921
-1.27798020801158	0.587966405772343
-0.347555636251828	0.100540132112443
0.168213647836342	0.0427717891925395
0.95292022183415	0.255029382628136
0.157056474373317	0.0303984095560313
1.65408113664834	1.50184037805425
1.60933351384097	1.10820242036089
1.06401084594047	0.530069212232045
2.26754995983895	1.74352450850114
1.08218712910187	0.652906686508686
0.542226508234989	0.310573455095256
-1.49333000658353	0.772786027401672
0.509100217889432	0.318853120293418
0.150836864565629	0.051685466405038
0.154652365138105	0.0530810334839531
1.32438465155021	0.589689442209682
0.166991219048644	0.0498989788382561
0.14578809704916	0.0630904017830651
0.171634472420616	0.0433572706368662
0.142649263660401	0.0617637455017553
0.38222816255329	0.173783928001849
0.60052695825468	0.311963287836925
-0.222082125451092	0.0730311845849782
0.956965590292449	0.254225160809089
3.63496088118677	1.451939681774
1.08572199616347	0.668906066727932
0.388545734267567	0.177080838165714
-0.154351967317599	0.0562498012417216
1.77872627598265	1.02548922257385
-0.608654506166266	0.295801754807353
0.663945289305261	0.465131428333246
-0.927603928178658	0.665393437438342
0.502803239808763	0.313802599736084
0.158842307684291	0.0476089524042007
0.143552854949838	0.0622321518539146
0.158321872008447	0.03054890339565
-2.57936018855439	0.682903044011602
-2.57450915234243	0.686119713628322
0.149799062385088	0.0453698747948897
0.821071015660031	0.355024826276381
0.526282024246712	0.193593170961761
-0.317305927904695	0.14712641957446
-1.13384470910725	0.346451671342812
1.56652021377159	0.791170383160884
1.03912222698575	0.39971781200683
1.32707379220823	0.588716341420126
0.59675463667134	0.312013558695004
-0.346167140140093	0.100935083264355
0.386714485169665	0.177075570399948
0.855008032530946	0.616926593634346
0.3599301135099	0.181781951530473
-0.209951147442961	0.0682974502162736
-0.522420401816075	0.201298837276784
0.690834825061164	0.330577258585932
0.158321872008447	0.03054890339565
1.45875777005853	0.49161470941807
0.669700188276656	0.216836591054402
1.77848388545146	1.01741144222038
0.684534862790765	0.326199707602974
0.781869555413425	0.464483003970213
0.158031704426094	0.0479750742787413
1.05867489725025	0.524260431275118
0.516970665374104	0.188238852279449
0.387248611171863	0.176367037219288
-0.104590329612916	0.0423595399149465
0.527819283801915	0.192080673860136
0.950942010406864	0.634713665724934
0.600945199584089	0.31448054781532
0.138354827932971	0.0598570560086099
0.383524612842682	0.174494602639641
-1.67596173982522	0.970531835985497
-0.724832779293065	0.252803415831091
-0.224047591747806	0.0740771018889209
0.530234735136755	0.195115554796289
1.46021680212861	0.488909487893217
1.04201825334801	0.398264769775369
0.1588995276689	0.0306480879354901
-0.99160532010116	0.505778587229041
0.147142932159236	0.0509873558125847
1.82604050116992	0.728003309996437
1.32970980115416	0.593918942315811
2.12041844499872	0.96077521211255
-0.720604456465959	0.251721589615544
0.147807964842846	0.0576339568271193
-1.9995341670054	1.3906435484567
-0.347528305961503	0.100672430355311
1.82868259121074	0.729942315494172
-2.29921774028566	1.18757588064664
0.15140740070063	0.0522724297544451
0.954295652698446	0.253211023347385
0.945392108065693	0.250394577044051
-2.57393942994101	0.680804613621979
1.82048878018078	0.719555340107451
-0.494804736508512	0.261761031328591
-1.02849046705274	0.419931822610547
-0.727076542516005	0.253677508869169
0.161798133300927	0.048400913424328
0.817885978478625	0.350163723082963
0.810427049802671	0.345886414866135
-0.146391767834071	0.0538121497783544
-0.533969695800457	0.204933606321304
0.153312144356789	0.0526631808269275
0.157056474373317	0.0303984095560313
0.668257563820224	0.216585127844403
0.360374637904446	0.182212162425847
0.522635022737485	0.190307963896041
0.397173309359511	0.180931966274748
1.56738793874716	0.794603309712501
1.32687881734284	0.596619735020576
-0.720604456465959	0.251721589615544
1.9613717712777	0.470903909509444
1.45641688249062	0.4860389300833
0.952024225447137	0.254550165942042
1.56390654936034	0.79044386627471
-0.110964285136927	0.0446593629488768
-1.02620966872653	0.41818337996543
0.823243467793322	0.353586596514582
1.45496621180374	0.489974899858239
2.34929467512637	1.1984547016249
1.39394006261579	1.07058103476572
1.05867489725025	0.524260431275118
1.82893701442997	0.723357076557195
4.37499056335479	2.31705921464702
1.07933868230989	0.66642380753934
0.694216752508718	0.329267104607715
-0.408598579744079	0.174098316850991
0.154863985111538	0.046749770246217
0.400332955948589	0.181874827212576
1.8219271179281	0.726018448121517
0.440208643626581	0.180693389650481
0.821910730744808	0.352555890244146
-0.61220795871417	0.298140458409029
0.14569794572577	0.0504060636924665
-1.05448343177516	0.83527061274142
0.152489836004519	0.052740500279662
-0.340869162586215	0.0994476453021484
0.526282024246712	0.193593170961761
-0.414438386971758	0.233318965902396
-3.75448747115041	1.51208464914552
0.34854903277494	0.173191460156357
0.169301214921532	0.0427592743769238
1.3295084984824	0.599202056182031
0.162378104800928	0.0310834456145106
0.530234735136755	0.195115554796289
0.151667957502748	0.0516987726870536
0.815705372076796	0.351565174973888
2.34946932765502	1.20004188926087
0.166760634916841	0.0427859605507963
1.03912222698575	0.39971781200683
1.56629393122933	0.800830556955224
-0.214739998196024	0.070139267814458
1.95971105088863	1.24743497399181
-0.185962548525998	0.0989975942187014
0.613918026640085	0.459172520777688
-1.81398610755111	0.750093739397359
0.143004663465818	0.0624148196814049
0.4350233073277	0.177923778576483
0.145837129647114	0.050508335078259
-0.229722716539759	0.0759270068257283
1.96025897070573	0.471212877436839
0.521982205410082	0.18999785131124
0.551612244420707	0.318341746473427
0.953192813949422	0.643536321303637
1.33201471260472	0.596336495537286
0.543539573103869	0.313124453461481
-1.50077626148718	0.779197641125938
-1.82491177099641	0.761062662410459
0.148818902797353	0.0638288749041387
0.813314258066428	0.346612414854858
1.82868259121074	0.729942315494172
0.855008032530946	0.616926593634346
1.27213959508899	0.719856330378455
0.900854796880489	0.493646062916559
0.684534862790765	0.326199707602974
0.809096541632611	0.345457088336385
0.682574606131668	0.321636078847839
0.14277187758772	0.055506936574593
-0.777898816341768	0.348631200573361
0.686090520913287	0.32429419937427
1.82748782049169	0.728181584217454
1.325541173279	0.596317804415036
-0.0935725183995886	0.0376428264079742
1.03515111598185	0.401690296345324
1.51367500809974	1.24571349460151
1.76956891578012	1.00885453207228
-0.225194933696446	0.0739396270147115
0.148448238167646	0.0513076201238473
0.525131259349727	0.192999914873943
0.165674434882817	0.0422257308822068
-0.992248846678109	0.503174128588229
0.676942597881894	0.319582914433932
0.150906013862988	0.0519067661763726
-0.723310015883846	0.254344357266946
0.525131259349727	0.192999914873943
0.169301214921532	0.0427592743769238
-2.57450915234243	0.686119713628322
1.82480935034987	0.726106092264881
0.167846042512584	0.0427707788849589
0.669440224929851	0.215480111776117
-0.153808610141153	0.056307890723225
0.143747269175704	0.0559041635309843
0.444269307982615	0.182724882347965
3.26962954853743	1.12822867523572
0.437336361385505	0.178476256204279
0.891718657578899	0.484122957013829
1.26683100215595	0.71152660635486
2.11650162991155	0.968694798816402
3.26962954853743	1.12822867523572
1.45496621180374	0.489974899858239
0.167846042512584	0.0427707788849589
2.76088021610819	0.795949787637318
0.524938478553276	0.192889918548823
-0.0999454745239706	0.0404223584776093
2.74310372561855	1.71251196979478
0.900854796880489	0.493646062916559
0.157819500886876	0.0479964018015095
0.172003388254653	0.043682446671818
-0.3906307935447	0.164828595897965
1.96025897070573	0.471212877436839
0.168213647836342	0.0427717891925395
0.157631418222578	0.0304971390385879
0.143074866879088	0.0553218038304213
1.45875777005853	0.49161470941807
0.158357408502069	0.0833262669651732
1.23194597399286	1.01022646188543
-0.396961333937204	0.169069226575145
-0.399062007135857	0.224201647726767
0.850775363489221	0.615870541744673
1.61016014579646	1.12554738915833
0.788320456722111	0.618004230498351
0.436309397023698	0.177951427165859
0.505045230394738	0.314883745934444
1.75808710828731	1.35574165808982
1.10036876787903	0.82641490004059
-0.492079460376443	0.257718423085344
0.817003523318725	0.351976278955221
0.885957691568778	0.480408709680483
0.158321872008447	0.03054890339565
1.0404202529805	0.404466019128978
0.150783671583358	0.045388108777533
1.07974619147712	0.667229098444018
0.138828784295158	0.0603129016123432
0.470944883596432	0.315998088623568
0.358161733890254	0.180650076579062
1.05892340645215	0.524213355234419
0.148023268027664	0.0636986464189658
-0.0594678068579698	0.0261805048059701
0.890634771964877	0.482919668042258
0.526282024246712	0.193593170961761
1.33192985872533	0.585721456039346
0.776675370319579	0.599096683686744
-1.03302388557896	0.421793611703792
-2.57450915234243	0.686119713628322
1.82361765344649	0.72436350636832
0.38222816255329	0.173783928001849
0.612544600427047	0.319665443594405
1.26961375401025	0.715521951623609
0.147549098244886	0.0829293613527218
-0.49806798944896	0.261507281392849
-0.411523501362459	0.231777416446954
0.139171972908913	0.0481781540681678
1.44168996802299	0.897564909781328
0.672329204234225	0.214414311899322
0.523787196468579	0.192297988976743
-1.49742870557934	0.78446264648928
3.64031826737114	1.45820478057553
0.388012940249955	0.177640021767954
2.75734920342264	0.799800653832186
2.26210147431868	1.72404786725166
1.51665211041271	1.26375225711676
1.56500232003748	0.799635859648323
0.154912398361221	0.0531785910107974
0.782096224156715	0.601847079485045
0.864084935346921	0.630490068922468
1.07913289556549	0.663617399707767
0.953604729421139	0.642354910793438
-0.200826435247236	0.106655794896421
-1.32526922258937	0.835774808730372
1.08177446820621	0.660550182898062
1.35607404439345	1.21306311692297
1.64445055412306	1.48459274969539
0.600805558330094	0.316701533110619
0.165674434882817	0.0422257308822068
1.04181404901781	0.404808808438391
0.143158223186554	0.0677600972637689
0.438918428712331	0.179782791488228
-1.8193202809442	0.7576566965492
-1.67813117468212	0.968860626085677
0.168377743707287	0.095855510609638
1.03395964520782	0.397385011005584
0.438146946531997	0.178030223087271
-0.792674786753609	0.435695525874768
0.147362692598526	0.0508433865470601
0.143747269175704	0.0559041635309843
0.170541995167361	0.0433725109405701
0.95292022183415	0.255029382628136
0.13659064890545	0.0592974663459694
-0.406342549193427	0.173701308354649
-0.147413525125714	0.0541557128042683
-1.27690358994486	0.587047608858878
0.527936867110274	0.192508723741719
-0.725896158891892	0.253805951910148
-0.0727174331870662	0.0313856969769059
-0.520024315525337	0.201968241826799
0.946496178113635	0.631995500383567
-0.103712485568317	0.0417617897564468
1.46132136209316	0.489990587090443
0.146402516173092	0.0636433152119488
-0.148435972724194	0.0543814007250733
2.76573458231009	0.786881337530458
3.26454918998549	1.12582035861405
0.950654218295308	0.25253240285929
0.523670606978157	0.190861849447837
0.68731840095904	0.32854249379088
0.360813537762598	0.181769027553282
1.47633404836874	1.4530471517026
0.687612213079962	0.328567932328386
-1.82585028564619	0.752597954911243
0.149822512433037	0.0515980643104733
-0.625469527156518	0.152450282737538
-1.13345886337206	0.34828321496857
-0.528510789511083	0.205441902241372
0.147142932159236	0.0509873558125847
0.819736361887799	0.353982189775623
0.155072153323215	0.0467807394425053
0.156018047400599	0.0749330828110809
0.524817754511886	0.192422842039039
1.04312749688267	0.395976757790622
0.157056474373317	0.0303984095560313
0.1588995276689	0.0306480879354901
1.96025897070573	0.471212877436839
0.668515656075028	0.214587613419762
1.03395964520782	0.397385011005584
-0.228871001238997	0.074702178211128
1.03654154158417	0.402707767551167
0.523462084360853	0.192012618175419
1.56652021377159	0.791170383160884
1.82336730645351	0.727498434871424
1.81929987358015	0.717843244648639
0.473508955309518	0.316220003633743
0.780844570601184	0.467168645770979
0.595573616120606	0.310556332264773
-0.314366702196464	0.145576687231103
1.26332069912637	0.705055989846178
0.143747269175704	0.0559041635309843
-0.305618580286781	0.141598692227763
1.23367345086318	0.837294166270278
1.8219271179281	0.726018448121517
0.35365163462073	0.177212252977986
-0.344991553778112	0.100675971877677
-0.520024315525337	0.201968241826799
-0.220610815050773	0.0725929304678882
-1.13561687794397	0.345868911390132
-0.219891936929736	0.0721747181158224
0.530234735136755	0.195115554796289
0.148443114711005	0.0717088744345876
1.25850003954956	0.679678985999304
-2.63350790123075	1.62897497369641
1.03912222698575	0.39971781200683
-0.730123386031477	0.256802322226565
-2.29892454015262	1.18130829781194
1.03497180873916	0.398183249253136
2.1163607011182	1.48203827230707
0.389145142231194	0.176587204575824
1.02970267836685	0.396112309053988
0.951547874681655	0.253003737941398
3.27104261465895	1.12081379847629
2.76088021610819	0.795949787637318
0.950654218295308	0.25253240285929
2.1110217653764	0.962555227661631
0.907589808896822	0.484501533789866
0.783160353369673	0.459777961246594
-0.770710304947036	0.341197376174377
0.518122946273838	0.189782716405237
0.139862364731221	0.0607543085488136
-0.775578107692717	0.343491745350875
-1.10743375610583	0.754807056483454
0.353213000180447	0.176333960649811
-0.225400119271266	0.0740149655022009
0.683259807896165	0.326416063249585
1.04181404901781	0.404808808438391
-1.13183121902567	0.343499645696538
1.03515111598185	0.401690296345324
0.1588995276689	0.0306480879354901
0.157056474373317	0.0303984095560313
-0.624582031923329	0.153403426322781
-0.343268806146835	0.0999183449449793
0.146779050005219	0.0504995466653377
0.338489558399099	0.187435127591661
0.147154482831509	0.0769984924473876
0.689565129067195	0.330030148097795
1.06401084594047	0.530069212232045
-1.8193202809442	0.7576566965492
0.00400142024876269	0.00183167160779381
-0.989988616058659	0.498459472947123
0.601978685145979	0.317647817376312
-0.485716766611121	0.252899330631609
0.527431899623247	0.192654585358379
0.15363097262247	0.0801358917477405
-0.106826663406859	0.0431021657871433
0.523787196468579	0.192297988976743
0.519274334222245	0.189240619758764
0.523594903770851	0.191054735130635
0.533085475845055	0.193401479167687
0.149085757624738	0.0580193309004684
-0.3190112852976	0.148400163014118
0.661345980122341	0.211138174827968
0.165310764697054	0.0422104497686673
0.15921674927226	0.0483450021306231
0.143004663465818	0.0624148196814049
1.81528500911609	0.718315014080265
1.9613717712777	0.470903909509444
0.148779719482915	0.0579010525492348
-1.02317688891156	0.41384083840968
0.383344809189177	0.173049509984292
0.441759475740907	0.180320770710895
1.32970980115416	0.593918942315811
-0.77684534976485	0.343592564958433
-0.990960610501241	0.499253373185024
0.145837129647114	0.050508335078259
1.56519910944153	0.791620042971659
0.519478061083296	0.190484525868409
-1.79541110556836	0.406108159138969
1.96463092715103	0.470372342687103
1.82048878018078	0.719555340107451
0.160510100025773	0.0484285557089307
1.32170816652926	0.58258598974971
0.668257563820224	0.216585127844403
0.128305397890376	0.0492062126523859
0.147142932159236	0.0509873558125847
-0.6126852371388	0.299833360906138
-2.57450915234243	0.686119713628322
0.161791665747346	0.0309826798878848
0.519478061083296	0.190484525868409
2.74181415258071	1.70604941196116
0.147362692598526	0.0508433865470601
-0.110591241280034	0.0442095920413887
3.26595066981528	1.12514815365216
-0.525335160168346	0.204442902704607
0.945392108065693	0.250394577044051
-0.622314221648084	0.151717296808394
0.952024225447137	0.254550165942042
-0.985274119763427	0.500990126027405
-0.349006134070706	0.101786523630064
-1.80012731460838	0.40572439661199
0.15921674927226	0.0483450021306231
0.142482706235465	0.055536351134023
0.667073956986921	0.214335437648368
0.156422543419747	0.0472980918883861
0.172003388254653	0.043682446671818
1.03773179442616	0.400174057999191
0.677944702818183	0.321883468112831
0.712796086738811	0.462332511459926
-2.47362800102759	1.40390398969573
1.05246465387386	0.513479528484583
0.604064901441568	0.453590776913462
0.364924517782198	0.183631125735387
-0.152509336205892	0.0557203112776917
1.08221400543064	0.661800608510032
0.676237290541346	0.214209989094312
0.964298981534432	0.647109470037508
1.3257228169597	0.589995290446957
0.531312741378332	0.191350833889554
-0.534437895017549	0.203836677532358
1.27115992199819	0.718531324632175
0.157819500886876	0.0479964018015095
-0.397148525194706	0.167628361055304
0.687607963141732	0.32636612512019
0.157631418222578	0.0304971390385879
0.517919746467627	0.187450152099889
0.511132374252399	0.183444150094227
2.11260268209087	0.963178522665624
1.26989610529071	0.717220367964474
0.440208643626581	0.180693389650481
1.04006234001099	0.396760841234799
-1.32858804731232	0.837315651354359
0.14474970923973	0.0500449668198986
0.147035556764615	0.0508245783399546
0.687612213079962	0.328567932328386
-0.795444006785324	0.518619314480636
0.432717219870138	0.175042811379941
1.45730188638128	0.488260410534648
-0.348742022466301	0.10134765260469
1.32687881734284	0.596619735020576
0.692646517873903	0.32945433590055
0.433479902651479	0.177093447889082
2.89964491632963	1.99347662114067
-0.776105570631896	0.34427657062915
1.27550032268321	0.709730384446803
0.446585379791805	0.183721184032664
0.157533217591379	0.0897595704546804
0.14953299838415	0.0516176458431704
-1.46876370074115	1.01928209844558
0.138960377633099	0.0538764340280537
-0.342091382580869	0.0996589886024872
-1.139798321011	0.349782272227464
1.82336730645351	0.727498434871424
0.96055594466668	0.252218652307608
0.952024225447137	0.254550165942042
0.167846042512584	0.0427707788849589
-0.103283906152693	0.0417627729270906
0.335057050363808	0.185859418561357
0.892864750690696	0.485348855170441
-1.3364344688169	0.851629353982717
0.154912398361221	0.0531785910107974
1.24564948260508	1.1900630417336
-0.406345623085723	0.226976458188408
0.682284658274595	0.325724958712449
0.364924517782198	0.183631125735387
0.164495633504715	0.0495456538908044
0.784507552350913	0.467378734944488
1.52553351638867	1.29039340353231
0.528969012283931	0.192665716160184
0.526475289805826	0.193047228245027
1.09957915333889	0.825614754893766
1.06272834000266	0.528167631870496
-0.399219408621625	0.168509182844267
1.32803391147169	0.592399691809221
-0.614590528908263	0.300181664200839
0.141066838404642	0.0610911305943552
0.437798963734719	0.17948625425802
0.954295652698446	0.253211023347385
2.56101454846128	1.46332304316159
-0.343542423818443	0.10090975164114
1.26631819633299	0.849670754450713
0.161910749638676	0.0490513039831909
-1.29036537030714	0.59556127294321
0.143004663465818	0.0624148196814049
0.437886995966905	0.178931996378717
0.668515656075028	0.214587613419762
1.96463092715103	0.470372342687103
1.44824908922374	0.485976898894524
0.1588995276689	0.0306480879354901
0.161910749638676	0.0490513039831909
0.389508327648317	0.177406915179598
0.446288136437734	0.179514422615713
1.05788914828126	0.518635623589795
-0.409415252514099	0.173082594925053
-2.57393942994101	0.680804613621979
-0.151483736448208	0.0554963882939861
0.525964016980888	0.191864376850222
-0.625469527156518	0.152450282737538
0.157056474373317	0.0303984095560313
-1.29251696828413	0.596355210063337
-0.152782075404647	0.0560846680959654
0.157631418222578	0.0304971390385879
0.153330488140151	0.0297415921897382
1.9613717712777	0.470903909509444
-1.80012731460838	0.40572439661199
0.158321872008447	0.03054890339565
0.946765399319523	0.252386055990515
1.33066146326993	0.594944346005423
0.166760634916841	0.0427859605507963
-0.338511026319061	0.0982184054411285
-0.222695068591131	0.0735779431251597
-0.338232313416877	0.0987458905293902
1.44969992073046	0.485973419912067
-0.21782126076243	0.0717238674753132
0.161694559716164	0.0487970170518378
2.1110217653764	0.962555227661631
0.956487790679547	0.25443416057231
0.670883773275737	0.21573252817249
0.154863985111538	0.046749770246217
-0.025574811912447	0.0119596014473903
0.15291602128489	0.073561307869668
0.162075831855144	0.0927048730621113
1.05892340645215	0.524213355234419
-0.0008526450001835	0.00050506277942435
0.946496178113635	0.631995500383567
-0.0944995115994302	0.0380218356643968
-1.10211868304183	0.753024129296489
-0.770426192005186	0.343157493050014
-1.32751307078248	0.831227607861476
1.82361765344649	0.72436350636832
1.45461172869713	0.491065821848087
1.81816436114525	0.718414646592161
0.441759475740907	0.180320770710895
0.951547874681655	0.253003737941398
0.448604801241757	0.182812242792624
0.515180313075723	0.185932515126926
0.392675529463565	0.179936093229491
-0.107257562810265	0.0429785156696737
0.152059452718086	0.029590171141199
0.956965590292449	0.254225160809089
2.75863284516271	0.79267969100207
0.669700188276656	0.216836591054402
-1.04093022188838	0.421509918125652
0.143444944037199	0.068563006849331
-0.156925643471908	0.0574850760468255
0.39490637349598	0.18058330767659
1.03376095681478	0.39809706574288
-0.221549116887011	0.0733586886722837
-0.530937280824717	0.206881451169038
0.670918012354519	0.214260520333448
-0.343542423818443	0.10090975164114
1.03773179442616	0.400174057999191
0.945392108065693	0.250394577044051
0.687612213079962	0.328567932328386
0.145265122935794	0.0558852577519966
0.685514030494988	0.326317895337534
-0.792674786753609	0.435695525874768
-0.394705602565663	0.168162718287586
1.03395964520782	0.397385011005584
0.803631627923868	0.340131477131351
-0.242556966300628	0.121754749361805
0.682284658274595	0.325724958712449
0.527457825354358	0.190929092424301
0.393973994408102	0.180500237393899
-0.604505279692161	0.294366536257939
-0.227429765821456	0.0748191696657807
0.663034678171856	0.21290337117364
0.162878077886294	0.0488236589544503
0.95292022183415	0.255029382628136
0.1588995276689	0.0306480879354901
0.167846042512584	0.0427707788849589
-1.28489599728987	0.587114250483535
1.24102745819743	0.851522038373996
0.676677467928914	0.320328293498265
0.691426693533312	0.3271116969771
-0.52402013054653	0.203694200281952
0.817003523318725	0.351976278955221
1.26304338027174	0.70495875858216
0.688295437001719	0.328656313107427
0.546244995926747	0.315563918414816
0.45754467756805	0.303649996399002
0.476672563983909	0.320585023945919
1.46021680212861	0.488909487893217
0.161910749638676	0.0490513039831909
-0.111335955364491	0.0448322141937914
-0.01763130363318	0.00846048686218872
0.161910749638676	0.0490513039831909
0.595912695893615	0.313522040344949
0.145316440302632	0.062633503108653
-0.722131735316544	0.252143474448172
2.1098250236748	0.960200477129045
0.165310764697054	0.0422104497686673
1.03867105860056	0.394358201053478
0.822405386609196	0.354928298866261
0.14750284038024	0.0573545610160358
0.14750284038024	0.0573545610160358
0.14474970923973	0.0500449668198986
1.04181404901781	0.404808808438391
0.820823944260337	0.354804427519032
0.390443247621029	0.178397090313838
-3.0805660074572	0.955215233063362
-1.04093022188838	0.421509918125652
0.144591224233045	0.0491850278621634
1.03654154158417	0.402707767551167
2.75606918885066	0.793508670212093
2.75734920342264	0.799800653832186
0.168213647836342	0.0427717891925395
-1.79541110556836	0.406108159138969
-0.622314221648084	0.151717296808394
0.95292022183415	0.255029382628136
-0.344882985175325	0.100433634159356
0.15625990713939	0.0473604698624763
0.665634133294312	0.212359847860864
-2.57450915234243	0.686119713628322
-0.349006134070706	0.101786523630064
0.526282024246712	0.193593170961761
1.23946740613878	0.849180215467346
0.438146946531997	0.178030223087271
0.158031704426094	0.0479750742787413
-0.155449628193251	0.056785772204396
0.350316959974156	0.17605412829591
0.162653235723337	0.0923667804682363
-0.30606255147508	0.141952973417887
0.813314258066428	0.346612414854858
-0.146391767834071	0.0538121497783544
0.69391760199383	0.330522549102325
1.06937027967994	0.529192518985335
0.689565129067195	0.330030148097795
0.682975712706802	0.323907655877253
0.526088870322886	0.19195857798614
-0.775081795193654	0.344213681745633
-1.84690558452317	1.18175312361887
-0.253782880659719	0.126141679644708
0.144969177280787	0.0498210586690172
-0.30784304095073	0.141337805323199
2.10963356570532	0.953988566340599
-3.46164602167476	1.25116087441461
0.152059452718086	0.029590171141199
0.163094953310193	0.0494223382636678
0.148448238167646	0.0513076201238473
-0.525335160168346	0.204442902704607
-0.397883880519382	0.167898727287711
0.818093284035194	0.352795702508465
0.162075831855144	0.0927048730621113
1.07175712917407	0.657493615873477
0.148009607409806	0.0508661285145361
-0.101474645721849	0.0408115638815694
0.442527379761808	0.181395623041047
-0.612754532627913	0.297059345736773
-0.727076542516005	0.253677508869169
1.96025897070573	0.471212877436839
0.954295652698446	0.253211023347385
1.45207421539656	0.485631123308653
0.129564321085458	0.0440316375508296
0.951547874681655	0.253003737941398
0.676965586227121	0.321197765118731
1.24770373302353	0.865591794833399
0.387609724793668	0.176537761381268
0.527936867110274	0.192508723741719
0.379086113960507	0.170142045519537
0.147807964842846	0.0576339568271193
1.04021638335115	0.398783042992239
-0.772467984691118	0.345310968145738
0.894504813822409	0.487480093057045
0.405760606097127	0.181839795409502
0.668257563820224	0.216585127844403
-1.48559632365318	0.765978183563281
1.45187721916318	0.913674735213483
-0.98598220863811	0.498754751168081
0.525964016980888	0.191864376850222
0.167846042512584	0.0427707788849589
0.951547874681655	0.253003737941398
-2.57936018855439	0.682903044011602
0.666816815995216	0.214564732832008
1.77315905933478	1.00717883013889
0.524938478553276	0.192889918548823
0.676965586227121	0.321197765118731
0.884794837939419	0.473805722127845
0.358077825040757	0.178431910956388
0.723397384353944	0.591654813685631
0.668515656075028	0.214587613419762
1.44425756727573	0.898808082710785
0.782082279842294	0.461531329023066
1.09335505919111	0.668823285188576
0.140510148384066	0.048664068301297
0.148228629004075	0.0512983752502419
0.449628004907932	0.183665875664872
1.82336730645351	0.727498434871424
-3.76085193858471	1.516389149945
0.690155198910322	0.328856978042029
0.894504813822409	0.487480093057045
0.144418071472831	0.0692832401870381
1.03654154158417	0.402707767551167
1.03535032731158	0.398385212491039
-0.231087265827975	0.0758575600853595
-0.622228177450647	0.302438150335973
0.14578809704916	0.0630904017830651
0.164623561681083	0.0488538992180799
-0.620531475305306	0.150785249491411
0.143552854949838	0.0622321518539146
-0.524252707979673	0.204085170600417
-1.5154277743567	0.550652304944458
-0.977808081176953	0.485630585159346
0.170907934848088	0.043117938222106
-0.344991553778112	0.100675971877677
0.953397312790705	0.252738122158945
0.952024225447137	0.254550165942042
0.152059452718086	0.029590171141199
0.162378104800928	0.0310834456145106
0.157056474373317	0.0303984095560313
0.157631418222578	0.0304971390385879
0.1588995276689	0.0306480879354901
1.45986014199587	0.492707629107706
-0.62409333671727	0.15194082521988
0.165310764697054	0.0422104497686673
-1.13561687794397	0.345868911390132
0.157056474373317	0.0303984095560313
-0.342091382580869	0.0996589886024872
1.08238670214644	0.669893499227843
0.148870514166198	0.0780977668051149
1.57885133457091	0.78638956361574
0.675676819913077	0.318257627581006
1.47070624871742	1.43435242614732
-0.100876079990978	0.0407422053348453
0.53241246929772	0.302059665696725
-1.27798020801158	0.587966405772343
0.344850670826379	0.171574256181173
1.27213959508899	0.719856330378455
0.693619616758266	0.329565977560922
1.45875777005853	0.49161470941807
0.433736870450855	0.177466012567766
2.12396362786913	1.50742182647925
1.83137920050607	0.722785935023544
0.523787196468579	0.192297988976743
-1.51279643757503	0.547771213649107
0.680189518517888	0.321160442247625
0.144278289878046	0.0558729809974475
0.817885978478625	0.350163723082963
0.434765734153405	0.177993138783725
-1.27397293855583	0.586625042370409
0.889126545343048	0.47993556951503
1.57038684410817	0.807034365925312
1.4531651131754	0.486692367864221
-1.80012731460838	0.40572439661199
-2.57393942994101	0.680804613621979
1.44135173190076	0.902563276076877
0.528601837889025	0.190394317945219
-0.152782075404647	0.0560846680959654
0.156845715679068	0.0472965888265206
0.392107512033131	0.178955411268243
-0.110964285136927	0.0446593629488768
0.690834825061164	0.330577258585932
0.521982205410082	0.18999785131124
-0.150011609255872	0.054806257767118
-0.151483736448208	0.0554963882939861
0.147362692598526	0.0508433865470601
1.325541173279	0.596317804415036
1.45461172869713	0.491065821848087
1.57412938648184	0.799431649536959
1.25392502742279	0.688142353446876
0.672329204234225	0.214414311899322
0.393437746162982	0.178958081741566
-0.523171029238127	0.20323286573159
0.389907732434353	0.177006367274923
0.150056620761467	0.0582853017514104
-0.784883876641576	0.427156568972134
1.55709846868759	0.784216189333434
0.151147710779537	0.0523193888171726
1.56500232003748	0.799635859648323
0.148934951995851	0.071768587151444
1.46021680212861	0.488909487893217
-0.623203514518812	0.152886975065438
0.158321872008447	0.03054890339565
1.45875777005853	0.49161470941807
-0.408254229169272	0.171855803623219
-0.0648793670734584	0.0283573029912185
0.539529339911401	0.308160141227101
-0.151756236463228	0.0557391336018927
0.148114271096296	0.0576207920642664
1.77570829219203	1.0062027523307
-1.33176737369988	0.846091538844286
1.24460208954296	0.861277326620425
0.342483976657657	0.18882007726598
0.168277764729591	0.101449993016436
1.32970980115416	0.593918942315811
0.888750651784863	0.476119860954405
-0.218520392594973	0.0713463323329572
-0.11040300185585	0.0444760204878545
-2.29026519133476	1.1905219179738
1.32669678794119	0.592095970478231
0.784507552350913	0.467378734944488
0.148228629004075	0.0512983752502419
1.44929067936212	0.90189413401487
0.443761884361364	0.179737823436103
0.131250068129669	0.0443482915756724
0.151147710779537	0.0523193888171726
0.525131259349727	0.192999914873943
0.391207634083038	0.177834905659041
-0.343542423818443	0.10090975164114
1.33506694945679	0.590624233355927
0.14277187758772	0.055506936574593
1.07723219910383	0.667063617476867
0.138594863296233	0.066047624421457
0.357189511230593	0.179169675422769
0.145837129647114	0.050508335078259
0.68506925064223	0.324253811797029
0.169301214921532	0.0427592743769238
0.157056474373317	0.0303984095560313
-1.67726281414494	0.962577209907809
-2.78916074243308	1.91569434988242
2.35863168948962	1.19376215856666
-0.0695347745751546	0.0304385311438849
0.443815997722933	0.181414479695546
0.530234735136755	0.195115554796289
1.57280368997465	0.801127382429996
2.75734920342264	0.799800653832186
1.45606145484126	0.491057209685398
-1.79541110556836	0.406108159138969
0.157056474373317	0.0303984095560313
1.96025897070573	0.471212877436839
1.9613717712777	0.470903909509444
2.76088021610819	0.795949787637318
-1.79522376365631	0.406159618358576
0.524609312149326	0.191455924196695
0.528873779674063	0.193445629021568
-0.344718928168882	0.101170101330633
2.11241021373514	0.965493651705752
0.164278215865622	0.0494439084469955
3.64031826737114	1.45820478057553
0.793051193106014	0.744019943820348
1.27616194013839	0.704346945705088
0.596482014935905	0.312114092953853
0.314094030605219	0.20013134710796
0.63175529066543	0.421347499073409
-0.613137872499033	0.298078623231947
1.05739250525133	0.522020826016938
0.601978685145979	0.317647817376312
1.05635707927698	0.520969864156295
-0.722963972614807	0.250154165661167
0.392075625442459	0.177581173883412
2.35063075633068	1.20294535204345
0.551668547636426	0.314335420218334
0.685224283557541	0.323531312076611
0.81151620199283	0.348634244573977
-0.054515695029375	0.0238944279932812
0.150987968499307	0.0459422956002911
0.380932240609193	0.172705339295055
0.15411831342726	0.0594648521202525
-0.180685974752841	0.0956833064813569
0.141595248893409	0.0490443609015525
0.673553513601153	0.218109822226041
-0.149014850415935	0.0540557143040431
-0.992573404614983	0.505703885908064
2.52942164059308	2.31472511918252
0.157056474373317	0.0303984095560313
2.762173012355	0.796052683519412
-1.13345886337206	0.34828321496857
0.677427945070776	0.216410794008318
0.679792979213277	0.31899588921931
-0.309297192441125	0.142881627291599
2.55449026718351	1.4468023506972
-0.498019796189259	0.262950547997077
0.710484411547138	0.463126374524465
0.669959235301846	0.21328277804383
-0.119330730023783	0.046785015488385
1.23742770899122	1.02682040135668
0.143779754097762	0.061861631670445
0.951547874681655	0.253003737941398
-0.622314221648084	0.151717296808394
1.82480935034987	0.726106092264881
0.819389971104756	0.352293326647861
1.26052235296608	0.705119137259856
-0.155632044447629	0.0566138894894388
0.954968668050112	0.640671544968037
-0.980237420550676	0.488327083235164
-1.02985304618648	0.417366865086498
-0.534443005511768	0.205102965361202
0.146696149903828	0.0705377483029001
1.45986014199587	0.492707629107706
-0.725057503672806	0.251523130664391
-0.342366844950387	0.0999187527730966
0.954295652698446	0.253211023347385
-0.622314221648084	0.151717296808394
-3.07880362658843	0.963967696821091
0.1500643212047	0.0518518782937859
-1.03393293958577	0.417621406671085
-0.400375131161567	0.170476605274052
-0.97900136103569	0.495018827323948
-1.32993917788766	0.839513847318303
-0.789539585772815	0.431381247504282
0.33644200062413	0.186313167974412
-0.722131735316544	0.252143474448172
0.535999330990818	0.307480694284257
0.432760445775356	0.17158056417607
1.45496621180374	0.489974899858239
0.160792218592371	0.0848810459402872
0.152415860461022	0.0803883169460054
0.687612213079962	0.328567932328386
-0.230870507498651	0.0758567367259122
0.676237290541346	0.214209989094312
0.669440224929851	0.215480111776117
0.678233728913857	0.322034529176371
1.05475345229322	0.519924754602443
0.822157638974394	0.35584875469151
0.43943871556811	0.178487551145631
0.1500643212047	0.0518518782937859
2.55991960179445	1.4599049553017
0.531382337610688	0.19416479166435
-1.82049553786231	0.755751724984709
-0.794466921950397	0.435295092856323
0.152047015256369	0.0731092757711115
1.06426358771682	0.529514790306315
0.360374637904446	0.182212162425847
0.526282024246712	0.193593170961761
-0.395991800617787	0.168840395606477
1.05739250525133	0.522020826016938
-0.247460993123562	0.123717532513998
0.78767812419087	0.472977753985954
1.45840207343894	0.489337286075825
1.82604050116992	0.728003309996437
1.9613717712777	0.470903909509444
1.96025897070573	0.471212877436839
0.953397312790705	0.252738122158945
2.11260268209087	0.963178522665624
-0.21782126076243	0.0717238674753132
0.818401429874522	0.3510010871155
1.57412938648184	0.799431649536959
0.669440224929851	0.215480111776117
0.417051537847683	0.327382799308154
-0.154080721580194	0.0564960500422514
1.3295084984824	0.599202056182031
1.61693446123468	1.14275356428472
1.38990294830284	1.06831130270395
1.266803817981	0.709341561555255
-1.47750838954754	1.0342575138984
-0.118774660722648	0.0469244921810813
0.148825390936432	0.0716473439815007
1.35328341602448	1.21697537204354
-0.103661141028937	0.0420042327055223
0.345579179487914	0.190741223188501
0.525131259349727	0.192999914873943
0.783966562507124	0.470513419818828
-0.15821957159593	0.0580782796952436
0.946765399319523	0.252386055990515
0.356304623577393	0.178778894074059
-0.623203514518812	0.152886975065438
0.133632369469574	0.0574401358751497
-0.157195368460947	0.0576515802947247
0.424250780970711	0.168945397999116
0.165310764697054	0.0422104497686673
1.03535032731158	0.398385212491039
-0.146114964407817	0.0533678489410876
0.160510100025773	0.0484285557089307
-1.79541110556836	0.406108159138969
0.170907934848088	0.043117938222106
0.819983596727943	0.351349827360376
2.56233641755257	1.4619721238137
0.148668435614208	0.0509171780296591
0.15921674927226	0.0483450021306231
-0.27360066524709	0.17093450594158
-0.111897681931897	0.0447486010238093
0.147807964842846	0.0576339568271193
3.6379052926147	1.45060215836621
1.03793223060229	0.402236165852461
-0.524484670459514	0.202274347007164
2.40328313512593	2.04582601559222
1.27213959508899	0.719856330378455
0.44123842978774	0.180936747631182
1.10616145149159	0.831938045987254
1.33465551200023	0.588378532972015
0.350775801532605	0.171960347595011
0.149085757624738	0.0580193309004684
-0.957540960378545	0.589234936904392
0.818093284035194	0.352795702508465
-0.784712575157197	0.424694524602392
-3.753325756616	1.50774999821741
-0.611278604782799	0.297732049068926
0.524938478553276	0.192889918548823
0.145837129647114	0.050508335078259
2.35616814707374	1.20973592380132
-0.62409333671727	0.15194082521988
3.26821961846391	1.12055426106264
0.157819500886876	0.0479964018015095
-0.956468662277346	0.583047474237212
0.133962752385281	0.0459271688258132
-0.0684100005996481	0.0294995187218198
0.799468433911499	0.332513145177625
0.146656017596735	0.0699491451395626
-0.144404962290795	0.0809747154939264
-0.109099198836894	0.0440391059160999
-0.0297144197890998	0.0140124552786911
0.776739253710022	0.461152420147951
0.983163089485013	0.785668964120046
-2.07355228642512	0.96496503568204
-0.770717734185901	0.341832622496007
-1.29036537030714	0.59556127294321
0.678523927104916	0.319455070068707
0.35530258792585	0.179442167085106
0.140510148384066	0.048664068301297
1.24633681767591	0.863033821967919
1.82073728246914	0.724274882905695
0.441759475740907	0.180320770710895
0.686340727530116	0.327199020936086
-0.222901125507273	0.07385839070143
0.527625536835698	0.193638734585991
1.32408622016051	0.591171799858832
1.03477532867731	0.398490468718945
1.08329646092349	0.672533904507698
1.0652929919458	0.530579447044945
-0.162337677551372	0.0589247125653899
-0.0336808126423829	0.015764021684795
1.09555857358338	0.814519896193364
0.95558416772101	0.253955285085994
1.05892340645215	0.524213355234419
1.043208103876	0.402535852395547
-0.338511026319061	0.0982184054411285
0.14750284038024	0.0573545610160358
1.76287286649826	1.74818463008657
0.432450090875445	0.176567814408325
0.39114157800871	0.177489819065
1.56351435452967	0.783250075911372
-0.623203514518812	0.152886975065438
1.9613717712777	0.470903909509444
2.76088021610819	0.795949787637318
1.03515111598185	0.401690296345324
0.153773809483776	0.0463295199784768
1.96025897070573	0.471212877436839
-2.07805768838125	0.973913682864122
1.82748782049169	0.728181584217454
1.32835462952984	0.592531835706641
2.55845704670051	1.43877842189875
-1.44930038502238	1.26814756606088
2.56101454846128	1.46332304316159
0.156845715679068	0.0472965888265206
0.39490637349598	0.18058330767659
-0.790493685447259	0.43331897038192
0.153568454289862	0.0464103165581933
0.527625536835698	0.193638734585991
-0.228358576380837	0.0754206022353645
-0.0750261739864598	0.0325950920742941
0.149753042092279	0.0513775172434915
0.600164839655165	0.31285827228072
1.44969992073046	0.485973419912067
2.35462292580617	1.20882722421725
1.77617432174561	1.02457901130855
0.354537298752309	0.177603257316678
1.32687881734284	0.596619735020576
-0.398776817471561	0.169595465995923
0.346665466139643	0.170413412692227
0.13991578027243	0.0540259261209339
0.672365927723615	0.21584689717513
0.957871568697817	0.254705443855955
1.82578795240992	0.72409353488536
0.152585418482253	0.0457613820441299
-0.356890995770702	0.103287401814614
0.807765749167875	0.344121641955788
0.951716207590905	0.252076454273351
0.595573616120606	0.310556332264773
0.445824300860139	0.182823493832524
1.25671891043971	0.689132933419002
1.45434865448318	0.923679325795707
0.151192104824609	0.0457157821928599
0.82349104975392	0.355749507161144
-0.495173501756541	0.259543099857254
0.688295437001719	0.328656313107427
-0.340869162586215	0.0994476453021484
0.164278215865622	0.0494439084469955
0.145556924338648	0.0566880143520423
-0.221549116887011	0.0733586886722837
-0.0286779980268933	0.0134628684412281
0.684534862790765	0.326199707602974
0.135047117149685	0.0464710146143313
-0.100121923771717	0.0401970843363787
0.157819500886876	0.0479964018015095
1.06426358771682	0.529514790306315
0.434509007507823	0.17650018823495
1.7751392427905	1.01228645505043
0.166760634916841	0.0427859605507963
-2.57450915234243	0.686119713628322
1.9613717712777	0.470903909509444
-0.524252707979673	0.204085170600417
0.351878767638834	0.175387295539445
1.05995694464377	0.525270491251717
-0.493371670957335	0.258579071745134
0.160914090197445	0.0907890141451858
0.0189619356756469	0.0100928487740867
-0.343542423818443	0.10090975164114
0.145837129647114	0.050508335078259
0.143693001400207	0.0617507602837796
0.442788089425193	0.181172539640702
1.27340249284825	0.719681656496615
-0.723081962585608	0.252158286122281
1.44969992073046	0.485973419912067
0.150987968499307	0.0459422956002911
1.06098976382229	0.521455442172232
0.44453330997149	0.182617638074095
1.56500232003748	0.799635859648323
0.44143459765327	0.180989319262382
0.165674434882817	0.0422257308822068
0.161694559716164	0.0487970170518378
1.32669678794119	0.592095970478231
1.03634162491416	0.3991693364154
0.662786179108504	0.213105829711844
1.0404202529805	0.404466019128978
0.524817754511886	0.192422842039039
1.45751430283764	0.487103907991292
-0.153808610141153	0.056307890723225
0.144969177280787	0.0498210586690172
1.04160966012263	0.401916952457565
3.93168679961205	1.74368763931085
0.95292022183415	0.255029382628136
0.169301214921532	0.0427592743769238
1.33086270821398	0.600615079200926
-0.110368787714813	0.0437541529856948
0.784050200532731	0.464582262626004
0.142470070524425	0.0554450529408985
0.668515656075028	0.214587613419762
1.02831668707163	0.395116937408162
0.666887977767422	0.21415635270207
1.03674127319984	0.397936005636489
1.82336730645351	0.727498434871424
0.157056474373317	0.0303984095560313
0.154863985111538	0.046749770246217
0.172003388254653	0.043682446671818
0.140766332730155	0.0613012641588407
-0.104456645162201	0.0420315616456337
-0.222695068591131	0.0735779431251597
-0.160808397258197	0.0585718717595568
3.26821961846391	1.12055426106264
2.75734920342264	0.799800653832186
-0.62409333671727	0.15194082521988
0.526475289805826	0.193047228245027
1.96463092715103	0.470372342687103
1.04181404901781	0.404808808438391
0.681706580094599	0.32084018800184
0.157819500886876	0.0479964018015095
-0.340869162586215	0.0994476453021484
0.439104823354277	0.180243926411834
0.4350233073277	0.177923778576483
1.33086270821398	0.600615079200926
0.858118663027118	0.625330075300337
-0.338511026319061	0.0982184054411285
0.601559475846798	0.316680161366068
0.667073956986921	0.214335437648368
1.82073728246914	0.724274882905695
0.356304623577393	0.178778894074059
0.822405386609196	0.354928298866261
-0.529856186543624	0.206206399241258
1.33336750964019	0.595719963912108
2.11386952119328	1.48445813892521
0.443815997722933	0.181414479695546
1.56500232003748	0.799635859648323
-0.979329688018397	0.490439755510319
1.02970267836685	0.396112309053988
0.165310764697054	0.0422104497686673
-0.622314221648084	0.151717296808394
-0.734391005157332	0.252604327159911
0.524817754511886	0.192422842039039
-0.772523812046308	0.343445347925941
-2.57507908676252	0.680490038595289
0.159324697367292	0.047751336687268
0.956298167342612	0.644031260594569
-0.244737556596085	0.121233593451081
-0.0644279085888643	0.0281645027679306
0.945615480297834	0.62886563569113
3.63349334555347	1.43861104142477
1.33086270821398	0.600615079200926
0.527431899623247	0.192654585358379
-1.17460287591093	0.673295250749659
0.822405386609196	0.354928298866261
-0.0677453907749047	0.029652546523512
-0.104966324124862	0.0424807019377
0.95006271363097	0.635657548194521
-0.223841895221851	0.0734441381837248
0.664228257408103	0.213358767976231
-0.103712485568317	0.0417617897564468
0.1500643212047	0.0518518782937859
-0.522705576199674	0.20140379895895
0.689029142531498	0.324099440605614
-0.245606368199486	0.12120057672715
-0.315724639812775	0.146648553757488
0.429662584619785	0.171405886447359
3.92727374425001	1.74535892797151
0.160510100025773	0.0484285557089307
0.384482339922104	0.175288513316243
0.169612277110431	0.103164591456487
0.793007926292655	0.469727161990542
-0.154351967317599	0.0562498012417216
1.05739250525133	0.522020826016938
-0.771446747272178	0.344605745740912
-0.49115220156058	0.256616607619424
1.57714819353063	0.802960629731615
0.600164839655165	0.31285827228072
-0.346167140140093	0.100935083264355
-0.344718928168882	0.101170101330633
1.03535032731158	0.398385212491039
0.95292022183415	0.255029382628136
1.32673382913234	0.583322695628413
-0.623203514518812	0.152886975065438
0.158321872008447	0.03054890339565
-0.725442643624323	0.250593134972414
0.166394015894957	0.0421995715384941
0.165310764697054	0.0422104497686673
-0.199664997614676	0.10617243499286
-0.155902383431885	0.0570607367530945
0.95292022183415	0.255029382628136
-1.51279643757503	0.547771213649107
0.158842307684291	0.0476089524042007
-1.79541110556836	0.406108159138969
-0.532019147491516	0.206951811605764
0.527724335535867	0.192856985908082
0.542226508234989	0.310573455095256
0.14277187758772	0.055506936574593
0.15921674927226	0.0483450021306231
0.152750217986773	0.052406749850536
0.814613867033518	0.34793580638276
-0.218965144969334	0.0721608079673242
-0.148435972724194	0.0543814007250733
0.134227933366665	0.0518953873885236
1.06401084594047	0.530069212232045
-0.153808610141153	0.056307890723225
0.525324152723079	0.19105509273737
-0.107420814251866	0.0432117320829755
0.945392108065693	0.250394577044051
-0.397805791869607	0.169070006272473
-0.223107034277154	0.0733562917803985
0.167846042512584	0.0427707788849589
-0.142317481621152	0.0519396951823788
1.45461172869713	0.491065821848087
0.952024225447137	0.254550165942042
0.351216797375371	0.175542928023015
-0.225194933696446	0.0739396270147115
1.08379466584866	0.666153002755587
0.7763092917897	0.461044776046426
0.165674434882817	0.0422257308822068
1.32803391147169	0.592399691809221
0.818093284035194	0.352795702508465
2.75606918885066	0.793508670212093
0.167846042512584	0.0427707788849589
0.669700188276656	0.216836591054402
0.950654218295308	0.25253240285929
1.82625325422671	0.720309807645897
0.951547874681655	0.253003737941398
0.157056474373317	0.0303984095560313
0.156845715679068	0.0472965888265206
0.14605644861433	0.0505224990642865
0.440208643626581	0.180693389650481
0.167846042512584	0.0427707788849589
-1.51659726126421	0.549787550108874
0.526574001353932	0.190877340620065
1.45606145484126	0.491057209685398
0.434765734153405	0.177993138783725
0.591037153172734	0.433128013574984
1.35566735156874	1.23329183119377
1.9613717712777	0.470903909509444
1.12478705130572	0.992870950107945
-0.617214662001483	0.302128791616088
0.95292022183415	0.255029382628136
1.14497719321916	1.28942436769898
0.148114271096296	0.0576207920642664
0.157631418222578	0.0304971390385879
0.157056474373317	0.0303984095560313
3.93168679961205	1.74368763931085
1.96025897070573	0.471212877436839
0.165310764697054	0.0422104497686673
3.26821961846391	1.12055426106264
1.96025897070573	0.471212877436839
-0.625469527156518	0.152450282737538
0.704107557341397	0.601996896466242
0.353995907904257	0.178602737542661
0.313315150314828	0.186150829177187
0.177113913387204	0.124569410650859
-0.0832014453768514	0.0499582690407454
0.890208076188847	0.894405302204183
-0.727420399689634	0.25376364736154
0.950654218295308	0.25253240285929
-1.13492041310201	0.349384486959602
-1.13492041310201	0.349384486959602
-2.57393942994101	0.680804613621979
-0.62578517099276	0.152177768086576
0.95292022183415	0.255029382628136
1.96025897070573	0.471212877436839
-0.624872195318547	0.152004974277265
1.96025897070573	0.471212877436839
1.45606145484126	0.491057209685398
-1.13384470910725	0.346451671342812
1.77194117944568	1.37666963138968
0.590839213312721	0.30846746648865
0.445559696059655	0.183481849511998
-0.187665084538004	0.0997632885931039
-0.246104407268983	0.122387679137101
0.1371538869908	0.0533638752545688
0.146164403277875	0.0699252690182426
-1.05540750867505	0.831364141182347
0.566455959620695	0.553222335329952
1.9613717712777	0.470903909509444
0.952024225447137	0.254550165942042
1.96025897070573	0.471212877436839
2.75734920342264	0.799800653832186
0.666816815995216	0.214564732832008
0.688295437001719	0.328656313107427
1.05892340645215	0.524213355234419
2.75863284516271	0.79267969100207
1.96025897070573	0.471212877436839
0.954295652698446	0.253211023347385
0.164226724221899	0.0416602681945232
1.45840207343894	0.489337286075825
0.311960344415783	0.197535996596743
-0.99160532010116	0.505778587229041
0.526475289805826	0.193047228245027
-0.279577880385345	0.172771466286098
1.56794727744892	0.789750456823628
-0.624582031923329	0.153403426322781
1.26556856075584	0.709719204155151
-0.0212664380479603	0.010150250749279
0.604211330966139	0.319344587716958
1.7698061567131	1.00137918295265
0.144616061493927	0.0500253520513714
0.39117340740768	0.177136366377344
1.56480334271035	0.780850535040392
0.669440224929851	0.215480111776117
1.45496621180374	0.489974899858239
0.146971623883749	0.0565243505587035
1.27492567010934	0.715895800415919
2.74413876081271	1.71636616011543
0.512681413030256	0.185444615277897
1.95993956827799	1.23474854540568
0.8210515671363	0.35090414072359
0.392138036860843	0.178635963941375
2.35056605600966	1.19948359488837
-0.0431766071824717	0.0200969564212948
-0.320351263210626	0.148766932654297
-1.13492041310201	0.349384486959602
-0.795292782408786	0.676874512227143
0.160043080199817	0.0767078091594619
2.35486575845978	1.18629417347598
0.445295933976001	0.18296521501244
0.95558416772101	0.253955285085994
0.436508473973908	0.177820923457763
0.42989943320066	0.172816137220546
-1.51279643757503	0.547771213649107
0.153373378833856	0.0801175865361325
-0.0412622624158156	0.0192025202906937
-0.165694737148252	0.0599397569727241
-0.640035567501588	0.367415053339626
0.669700188276656	0.216836591054402
1.77060836487074	1.00045710863319
-1.16412302756656	0.661454869602404
-1.23056268295919	0.923184551945645
-0.058132192985456	0.0255977319516702
-0.150011609255872	0.054806257767118
-0.799934369258511	0.51980980438607
0.141795856861759	0.0549880463391758
0.684090041508709	0.321050766124939
-1.13492041310201	0.349384486959602
3.6379052926147	1.45060215836621
2.11518784424846	0.962803467848292
0.951547874681655	0.253003737941398
-0.343542423818443	0.10090975164114
-0.35137798744179	0.102393082124341
-1.79522376365631	0.406159618358576
0.673290374161129	0.21539984522156
0.157819500886876	0.0479964018015095
1.0652929919458	0.530579447044945
-1.16280161742526	0.655343525980135
1.26229706306012	0.693637707298915
-0.78791389123589	0.343580865098592
-1.02620966872653	0.41818337996543
1.96025897070573	0.471212877436839
2.35751925380291	1.20659224933164
1.56371017708573	0.796477488281912
0.154912398361221	0.0531785910107974
-0.229722716539759	0.0759270068257283
0.163094953310193	0.0494223382636678
3.63883921155901	1.44661355339588
0.676191819364127	0.216171302955092
-1.98494111313843	1.37534839157013
1.45986014199587	0.492707629107706
1.61055455321052	1.11419796596268
-0.221342553774888	0.0725818506925159
0.167125285140998	0.0422176691573725
-0.790714677310601	0.431306100159837
0.526475289805826	0.193047228245027
0.436508473973908	0.177820923457763
-1.13384470910725	0.346451671342812
0.593677958085387	0.309209629943418
-0.335535613285346	0.0968358090286094
-0.783336226727165	0.347829987541355
1.03515111598185	0.401690296345324
1.03912222698575	0.39971781200683
1.82048878018078	0.719555340107451
1.56371017708573	0.796477488281912
0.684527531192023	0.326962799936782
0.15411831342726	0.0594648521202525
0.38987285458023	0.176576923284996
1.05626658703627	0.52286567479763
0.78272864009242	0.464189572985735
0.952725906569979	0.643335826253641
0.665672219783544	0.212062538915321
1.96025897070573	0.471212877436839
0.952024225447137	0.254550165942042
1.45461172869713	0.491065821848087
0.668257563820224	0.216585127844403
1.78024631934968	1.0190746124371
1.03535032731158	0.398385212491039
2.34946932765502	1.20004188926087
0.670883773275737	0.21573252817249
0.166760634916841	0.0427859605507963
0.887614914038363	0.479888995650976
1.06554631971426	0.528667459429407
0.444269307982615	0.182724882347965
-0.395991800617787	0.168840395606477
-1.02849046705274	0.419931822610547
-1.48012126223009	1.03553054242062
0.944704233358505	0.632267468453212
1.46515025425329	0.487505243218888
0.13659064890545	0.0592974663459694
-1.51940297937032	0.550464997835271
-1.51396593073936	0.54893460092185
1.26863227625978	0.714205275686671
0.148637143683965	0.0647084348912117
0.44149853200672	0.181153088534539
1.043208103876	0.402535852395547
0.156807201934892	0.0301762424591594
0.166760634916841	0.0427859605507963
2.75863284516271	0.79267969100207
2.11192876140888	1.48176860409815
0.895795854263994	0.487259772772187
0.391741880756504	0.179388671736555
-0.784883876641576	0.427156568972134
1.07257341873014	0.65175888290209
0.144530836188186	0.0497609179041408
-0.952497925214952	0.58380683307068
0.438918428712331	0.179782791488228
-0.953371904994255	0.584265207068119
0.146579892969187	0.0636686040550017
-3.45442672204145	1.24810798046793
-0.727076542516005	0.253677508869169
0.157819500886876	0.0479964018015095
-0.152782075404647	0.0560846680959654
-1.13453748317733	0.348386420481102
0.164164509697856	0.0416462564743448
-0.623695063230009	0.152227657420805
3.26821961846391	1.12055426106264
2.75863284516271	0.79267969100207
-0.159782311103711	0.0581470514010481
0.143057073570702	0.0686521567001796
0.711822522489609	0.460662837710613
0.442788089425193	0.181172539640702
1.82336730645351	0.727498434871424
-0.222695068591131	0.0735779431251597
-0.39974846066059	0.169824537699409
0.668257563820224	0.216585127844403
1.45496621180374	0.489974899858239
0.683846469947246	0.321855609638669
-0.723310015883846	0.254344357266946
0.146923762007403	0.0508196417525894
0.157631418222578	0.0304971390385879
-0.624582031923329	0.153403426322781
-1.79522376365631	0.406159618358576
0.956487790679547	0.25443416057231
2.75606918885066	0.793508670212093
2.75734920342264	0.799800653832186
0.956487790679547	0.25443416057231
0.69772833589771	0.449866293817365
1.03793223060229	0.402236165852461
0.780979578820922	0.463583495419363
0.141595248893409	0.0490443609015525
0.137019450577624	0.0593588704846164
0.164226724221899	0.0416602681945232
0.594745936318693	0.307824734754349
0.895210258009647	0.479219294292358
2.75606918885066	0.793508670212093
1.45496621180374	0.489974899858239
0.785468073471295	0.469071030410549
0.707403624356162	0.455659765873151
0.822761784441855	0.347531570846309
0.156634201293332	0.0476265114655575
1.4531651131754	0.486692367864221
0.532741912476932	0.194574887814862
0.683259807896165	0.326416063249585
-0.101807252243715	0.0409862275117373
-0.058132192985456	0.0255977319516702
1.27115992199819	0.718531324632175
-0.771161508762355	0.34142138493375
-0.156925643471908	0.0574850760468255
-1.50892094831171	0.544038324980869
-0.388379835040829	0.162956091598671
0.533302756246283	0.192766147344976
0.392107512033131	0.178955411268243
0.669700188276656	0.216836591054402
0.14888532272794	0.0711296354573192
1.82723433620716	0.72976386465442
0.149085757624738	0.0580193309004684
-0.722963972614807	0.250154165661167
0.156634201293332	0.0476265114655575
0.376989391210563	0.168531415220297
-0.224047591747806	0.0740771018889209
0.43943871556811	0.178487551145631
2.75606918885066	0.793508670212093
0.165674434882817	0.0422257308822068
-0.622314221648084	0.151717296808394
-0.794530625717141	0.436748753260016
0.446849742346894	0.183685662671941
0.383936075447055	0.171663330702451
0.141595248893409	0.0490443609015525
-0.403295360952404	0.171123840792018
1.82217654089451	0.725748167802471
-1.02849046705274	0.419931822610547
-0.15821957159593	0.0580782796952436
0.157819500886876	0.0479964018015095
-0.718015885215809	0.250371550906901
-0.349006134070706	0.101786523630064
-0.79319411808844	0.438986447672598
-0.229505410798325	0.0753532432921718
-0.524252707979673	0.204085170600417
-0.610895513519982	0.297752930337381
1.03395964520782	0.397385011005584
1.45496621180374	0.489974899858239
-0.215091100919037	0.0708081397941703
0.893214286066373	0.486865354866357
0.822157638974394	0.35584875469151
1.82203776744581	0.722164176722424
1.96463092715103	0.470372342687103
0.387248611171863	0.176367037219288
0.813314258066428	0.346612414854858
0.446585379791805	0.183721184032664
0.810427049802671	0.345886414866135
-0.22654797586309	0.0738819628374253
-1.27847431781352	0.58777730457991
-2.2913372153134	1.19200614703728
1.45730188638128	0.488260410534648
1.04439699516423	0.400035957490872
-0.232856065327186	0.0759844550448524
0.95558416772101	0.253955285085994
-2.58483811914593	0.676212802763842
-1.51396593073936	0.54893460092185
0.162378104800928	0.0310834456145106
3.26454918998549	1.12582035861405
0.948141792901091	0.250604857806815
0.950654218295308	0.25253240285929
0.95292022183415	0.255029382628136
0.667073956986921	0.214335437648368
0.518326741577634	0.188934006826496
-0.151756236463228	0.0557391336018927
0.143445720753174	0.0557160838352611
-0.526650659515288	0.203472876208068
0.1371538869908	0.0533638752545688
0.161694559716164	0.0487970170518378
1.08877903063671	0.673776301957745
0.95292022183415	0.255029382628136
1.7679555091902	1.00170849089634
0.687075020315603	0.325915839617064
1.32958125727132	0.590996514784086
-0.774512509390796	0.344700969275327
0.661378686803307	0.20986618547197
-0.107761746794522	0.0430246912695859
0.391577783138359	0.176496736200675
0.164278215865622	0.0494439084469955
0.950654218295308	0.25253240285929
-0.107420814251866	0.0432117320829755
0.12610347774216	0.0530182325863042
-0.222695068591131	0.0735779431251597
1.4531651131754	0.486692367864221
0.153568454289862	0.0464103165581933
0.434765734153405	0.177993138783725
1.0810658481746	0.669165272191412
1.82073728246914	0.724274882905695
0.154863985111538	0.046749770246217
-1.28599957284154	0.599485299783715
-0.768390647702962	0.343134946307021
-0.520260957272751	0.201061026298512
0.143445720753174	0.0557160838352611
-2.57393942994101	0.680804613621979
0.679474097355665	0.319895323002849
-0.721783751651319	0.251597360149973
0.154182755160727	0.0525623993905295
-0.524131265471028	0.202505065683573
0.68550114057254	0.325358865485829
-0.980931195203726	0.496641378418941
-2.57450915234243	0.686119713628322
0.445560224599644	0.181515824529349
-1.13492041310201	0.349384486959602
1.57038684410817	0.807034365925312
0.668257563820224	0.216585127844403
-1.51670973775231	0.546933867089778
0.170907934848088	0.043117938222106
-1.5154277743567	0.550652304944458
-0.24436538083494	0.12162646282134
1.82217654089451	0.725748167802471
-0.808015328869944	0.52974363840546
-0.406342549193427	0.173701308354649
0.443049639543508	0.179546551925546
1.03773179442616	0.400174057999191
0.349430457768232	0.175499843684981
0.14474970923973	0.0500449668198986
1.82336730645351	0.727498434871424
-3.07968455989498	0.963635125148535
-0.345896359412486	0.100748738523468
-0.40200806989563	0.170720828260834
-0.628447709775194	0.153171179772782
-0.520024315525337	0.201968241826799
3.26821961846391	1.12055426106264
2.75734920342264	0.799800653832186
3.27104261465895	1.12081379847629
1.05756443758008	0.524759187496267
-0.220404038835599	0.0729168656391525
0.951547874681655	0.253003737941398
3.26595066981528	1.12514815365216
0.161791665747346	0.0309826798878848
-0.624582031923329	0.153403426322781
-2.57936018855439	0.682903044011602
2.76088021610819	0.795949787637318
1.96025897070573	0.471212877436839
1.96025897070573	0.471212877436839
3.26595066981528	1.12514815365216
3.93821646544548	1.74225957910328
1.96025897070573	0.471212877436839
1.07987826526242	0.66733138569429
-2.57450915234243	0.686119713628322
0.158321872008447	0.03054890339565
1.96025897070573	0.471212877436839
1.44485974742872	0.901125318868236
0.526282024246712	0.193593170961761
-0.098262373419946	0.0396767302918698
-0.221549116887011	0.0733586886722837
0.395640938329373	0.179456964188883
0.819736361887799	0.353982189775623
0.526282024246712	0.193593170961761
0.827599686317608	0.35501833304171
0.163094953310193	0.0494223382636678
1.44824908922374	0.485976898894524
0.688588989186597	0.329918803167546
0.82349104975392	0.355749507161144
-0.524401134131976	0.203663422455522
-1.5154277743567	0.550652304944458
1.45528904575511	0.925292967788079
1.44040690392257	0.894784685179322
0.153773809483776	0.0463295199784768
-0.523786937475846	0.201288705648626
-1.231920047056	0.912689511880833
-0.989988616058659	0.498459472947123
0.819983596727943	0.351349827360376
-0.222901125507273	0.07385839070143
0.147142932159236	0.0509873558125847
-0.157195368460947	0.0576515802947247
1.26484708372808	0.707414702218598
1.33086270821398	0.600615079200926
-0.217602968474122	0.072079936429114
0.14605644861433	0.0505224990642865
1.2481468578908	0.866310014536226
0.140228438985	0.0479886302854397
-0.524252707979673	0.204085170600417
0.382589291714827	0.174233811045461
1.4508364313084	0.906099028039479
0.154961252870973	0.0464507395292606
0.685514030494988	0.326317895337534
0.684534862790765	0.326199707602974
4.16981931866655	2.0382482289107
0.821318929242702	0.351266350233785
-1.13561687794397	0.345868911390132
-0.146391767834071	0.0538121497783544
1.0759109660707	0.665123259938942
1.32687881734284	0.596619735020576
0.153568454289862	0.0464103165581933
-0.221755533699252	0.0734151122801483
1.2701796019035	0.710496114077682
0.146402516173092	0.0636433152119488
1.0566052107416	0.517640388009027
1.26556856075584	0.709719204155151
-0.518945913103219	0.201612309704566
1.55951634199928	0.788298487905879
-1.27397293855583	0.586625042370409
0.157819500886876	0.0479964018015095
2.76088021610819	0.795949787637318
-3.753325756616	1.50774999821741
-1.13492041310201	0.349384486959602
0.810427049802671	0.345886414866135
-1.51659726126421	0.549787550108874
-0.158488679171333	0.058060458869062
-0.724716701361779	0.253084880212333
0.816589194314741	0.34883309060809
-0.352824712262703	0.102155795737906
1.46021680212861	0.488909487893217
-0.343542423818443	0.10090975164114
-0.224705720169011	0.0733188937341721
0.152489836004519	0.052740500279662
0.669959235301846	0.21328277804383
1.32687881734284	0.596619735020576
0.601402052112101	0.315756741673348
0.155992320396775	0.0532108958797618
-0.347343651948862	0.100521829573696
0.668257563820224	0.216585127844403
-0.772467984691118	0.345310968145738
0.670918012354519	0.214260520333448
0.515614158668967	0.186457333380208
-0.221549116887011	0.0733586886722837
-1.79522376365631	0.406159618358576
2.75734920342264	0.799800653832186
-3.07880362658843	0.963967696821091
2.762173012355	0.796052683519412
1.04571393839951	0.402644709089383
1.45606145484126	0.491057209685398
2.75863284516271	0.79267969100207
2.34813272310529	1.19556965950362
1.03793223060229	0.402236165852461
0.521982205410082	0.18999785131124
0.95558416772101	0.253955285085994
2.35332561110829	1.20318471800451
-0.625469527156518	0.152450282737538
3.93021390388131	1.74972824816439
2.11769700263871	0.971078644340133
1.96025897070573	0.471212877436839
-0.984945535932179	0.497419304814355
-0.228575803073719	0.0755878378969254
0.500156518393294	0.313852343417591
0.157631418222578	0.0304971390385879
0.672329204234225	0.214414311899322
0.144616061493927	0.0500253520513714
0.667073956986921	0.214335437648368
-0.529590931055547	0.206114530882042
0.952024225447137	0.254550165942042
-0.399433320488819	0.167800798336011
0.673553513601153	0.218109822226041
1.03654154158417	0.402707767551167
1.45986014199587	0.492707629107706
0.669700188276656	0.216836591054402
2.75863284516271	0.79267969100207
1.26863227625978	0.714205275686671
1.33221646682829	0.599978311661845
0.892624872273534	0.480581691000373
0.503273069222253	0.315531654529832
-0.648194253673266	0.381471550878666
-0.0360957445953587	0.0169414850046815
0.360374637904446	0.182212162425847
-0.773826407262892	0.34645590203316
0.389271752814023	0.175974702584295
0.463240163670368	0.310063339238893
0.142174230665495	0.0608572671065528
-0.102689720741604	0.0409868814611184
0.38537462912384	0.1748470302739
1.56384250998656	0.794596926536509
-0.408209669817992	0.229760761387878
-0.400339874419045	0.170786884464105
1.32822893225691	0.595292300170666
-0.154080721580194	0.0564960500422514
-1.14235343443303	0.349148050508889
-2.57450915234243	0.686119713628322
2.75606918885066	0.793508670212093
4.37637079967634	2.32114494992892
0.170541995167361	0.0433725109405701
-0.223107034277154	0.0733562917803985
0.154961252870973	0.0464507395292606
0.818301154230627	0.351478120783356
0.446321857250718	0.182141353406481
0.0834638421011661	0.055817448120449
-0.524401134131976	0.203663422455522
1.06123864299848	0.52521734174828
0.340061164118535	0.185714718997612
-0.196096326039212	0.104921124041697
1.09517298452281	0.802654135709717
0.666816815995216	0.214564732832008
-0.16053966425378	0.058758984593026
-0.317209943540155	0.14760135306902
0.682687779929283	0.318968224651013
-0.344991553778112	0.100675971877677
-0.337052788373784	0.0977805881937846
0.154961252870973	0.0464507395292606
3.26595066981528	1.12514815365216
0.53295536088233	0.194775549847646
-1.79522376365631	0.406159618358576
-1.79541110556836	0.406108159138969
1.96463092715103	0.470372342687103
-0.35137798744179	0.102393082124341
-0.218747016072675	0.0723005288061521
0.158933943506847	0.0404964559262667
0.526282024246712	0.193593170961761
0.164226724221899	0.0416602681945232
0.167125285140998	0.0422176691573725
-1.79541110556836	0.406108159138969
1.77848388545146	1.01741144222038
0.437798963734719	0.17948625425802
0.824098044622391	0.350087547088117
0.15625990713939	0.0473604698624763
0.165674434882817	0.0422257308822068
0.520628489116286	0.189937142312681
0.666816815995216	0.214564732832008
0.660154272128366	0.210687849785302
-0.157195368460947	0.0576515802947247
3.93021390388131	1.74972824816439
0.171634472420616	0.0433572706368662
0.813314258066428	0.346612414854858
-0.298294197180648	0.135728572245893
1.45751430283764	0.487103907991292
0.52325415783733	0.189831868062164
0.44149853200672	0.181153088534539
1.45606145484126	0.491057209685398
1.82748782049169	0.728181584217454
1.0511630089898	0.514804268399279
0.95292022183415	0.255029382628136
0.957871568697817	0.254705443855955
1.05995694464377	0.525270491251717
2.56403381025609	1.45259953148479
0.945392108065693	0.250394577044051
-3.07880362658843	0.963967696821091
1.96025897070573	0.471212877436839
0.158321872008447	0.03054890339565
1.56905957384716	0.80439629318691
1.46009108744268	0.912391893630262
1.3227368260847	0.589790860233971
1.0855298088832	0.664477952631385
0.165310764697054	0.0422104497686673
0.682574606131668	0.321636078847839
0.667073956986921	0.214335437648368
2.11630521628039	0.969154823351082
0.535592335827872	0.195337190866767
-1.5154277743567	0.550652304944458
0.161486408205213	0.0413117168731846
-0.623695063230009	0.152227657420805
0.95292022183415	0.255029382628136
0.953397312790705	0.252738122158945
-0.350191590281639	0.102610881125832
0.158321872008447	0.03054890339565
-0.222901125507273	0.07385839070143
1.46021680212861	0.488909487893217
1.82868259121074	0.729942315494172
0.156634201293332	0.0476265114655575
-0.224047591747806	0.0740771018889209
-0.107384579203446	0.0430213037775229
-0.771446747272178	0.344605745740912
0.439949152229908	0.180027197422973
-0.224366804519632	0.0741231334290571
0.688295437001719	0.328656313107427
-0.157195368460947	0.0576515802947247
-1.27822758284302	0.594160090070886
-1.50155566080293	0.769820830919767
-0.220610815050773	0.0725929304678882
-0.991281042715763	0.504343648879804
-0.407626140176017	0.174101555847361
0.157631418222578	0.0304971390385879
-1.1412609968196	0.35088828313214
0.951547874681655	0.253003737941398
0.815859852439435	0.348823184597333
1.96025897070573	0.471212877436839
-0.520841399743931	0.199071310894191
0.820823944260337	0.354804427519032
0.155526521605554	0.0532128765898322
0.156845715679068	0.0472965888265206
-1.1412609968196	0.35088828313214
0.165310764697054	0.0422104497686673
2.34813272310529	1.19556965950362
1.2690755131399	0.706325781183585
0.160033282133955	0.0407505791232416
0.663034678171856	0.21290337117364
0.813314258066428	0.346612414854858
-0.347343651948862	0.100521829573696
0.661593536121753	0.212650522521367
1.26150438963807	0.70117590358405
-2.28709789373114	1.18729919341008
-1.51940297937032	0.550464997835271
-0.342091382580869	0.0996589886024872
-0.221549116887011	0.0733586886722837
-0.351639245332709	0.102368245698131
0.165310764697054	0.0422104497686673
3.26735525568462	1.11469211429917
0.157056474373317	0.0303984095560313
-0.400023843460132	0.170877274666796
-0.221755533699252	0.0734151122801483
0.157056474373317	0.0303984095560313
0.166760634916841	0.0427859605507963
0.95558416772101	0.253955285085994
0.530661320484641	0.192200139337148
0.152489836004519	0.052740500279662
0.15217592618318	0.0460645385354346
-0.735575752709917	0.254106876789894
1.77084539160805	1.01342610206738
1.45875777005853	0.49161470941807
1.06401084594047	0.530069212232045
0.155236989444065	0.046931522021964
-1.79541110556836	0.406108159138969
-0.344718928168882	0.101170101330633
-0.347343651948862	0.100521829573696
0.165310764697054	0.0422104497686673
-1.13492041310201	0.349384486959602
0.157631418222578	0.0304971390385879
2.762173012355	0.796052683519412
0.157631418222578	0.0304971390385879
0.95292022183415	0.255029382628136
0.166760634916841	0.0427859605507963
2.75863284516271	0.79267969100207
0.67210466855713	0.216488954078171
0.950654218295308	0.25253240285929
-1.79522376365631	0.406159618358576
1.96025897070573	0.471212877436839
1.82217654089451	0.725748167802471
0.165674434882817	0.0422257308822068
0.956487790679547	0.25443416057231
3.26821961846391	1.12055426106264
1.26863227625978	0.714205275686671
1.08147639198062	0.662624486085599
0.785396226384178	0.466862770154288
0.148406294194498	0.0446988981681097
0.815705372076796	0.351565174973888
0.165674434882817	0.0422257308822068
-0.231087265827975	0.0758575600853595
1.03932317999806	0.399473022199737
-1.27822758284302	0.594160090070886
-0.315427385149135	0.146230401837304
1.03773179442616	0.400174057999191
0.897335696061997	0.492448294228436
0.159429495883294	0.0480039803018655
-0.151540264597381	0.0553347237091548
0.668515656075028	0.214587613419762
-0.608654506166266	0.295801754807353
1.06875114876532	0.64661514239307
0.157819500886876	0.0479964018015095
-2.57450915234243	0.686119713628322
-0.402590453974764	0.171076969115864
0.168213647836342	0.0427717891925395
1.45084528156729	0.912416094166212
-0.400375131161567	0.170476605274052
-0.533101787586853	0.206057043058719
0.529086245411457	0.194521335925232
0.956965590292449	0.254225160809089
0.670883773275737	0.21573252817249
-0.619131885053162	0.292413414710673
1.33371124435023	0.59016364592686
0.654643126349421	0.20648539031824
-1.13453748317733	0.348386420481102
1.03376095681478	0.39809706574288
0.600038673522669	0.314651343605924
0.689859582303827	0.330466967885979
0.666636334072553	0.213033462222844
3.93821646544548	1.74225957910328
0.158031704426094	0.0479750742787413
-0.110591241280034	0.0442095920413887
1.33086270821398	0.600615079200926
1.8219271179281	0.726018448121517
0.953397312790705	0.252738122158945
0.157631418222578	0.0304971390385879
1.3295084984824	0.599202056182031
0.670883773275737	0.21573252817249
-1.03956100972855	0.416698220086428
0.530447729983482	0.194934009129475
0.817003523318725	0.351976278955221
0.147142932159236	0.0509873558125847
-0.060854096324639	0.02669716665766
-0.147413525125714	0.0541557128042683
2.11902355283262	0.954068138841365
-0.53335946692924	0.205976990726238
1.82217654089451	0.725748167802471
1.32125481417367	0.588079391101958
0.156634201293332	0.0476265114655575
1.81929987358015	0.717843244648639
0.442527379761808	0.181395623041047
0.669440224929851	0.215480111776117
0.148729540989734	0.0507535841523044
3.26595066981528	1.12514815365216
0.792104762108045	0.47402238724853
-0.333169540211983	0.0956424985419645
1.82336730645351	0.727498434871424
-1.5208643075246	0.552186247107342
0.674740147390516	0.216998162235432
1.9613717712777	0.470903909509444
0.167846042512584	0.0427707788849589
0.147142932159236	0.0509873558125847
-2.57936018855439	0.682903044011602
0.6800756105157	0.215855235776087
1.82048878018078	0.719555340107451
0.137833536897981	0.0474381003971079
-1.13599688789171	0.349486711323194
-1.2752988540859	0.587647301442411
0.167846042512584	0.0427707788849589
-1.79541110556836	0.406108159138969
0.950331430928645	0.251806185220337
0.157631418222578	0.0304971390385879
1.9613717712777	0.470903909509444
0.389508327648317	0.177406915179598
1.33336750964019	0.595719963912108
0.155236989444065	0.046931522021964
-0.625469527156518	0.152450282737538
0.668257563820224	0.216585127844403
-0.0978837942580783	0.0391620229103197
1.57582095063623	0.803772600889529
1.45496621180374	0.489974899858239
1.82748782049169	0.728181584217454
0.1588995276689	0.0306480879354901
1.77779697594162	1.78368182473542
0.35210318577096	0.176517960592462
0.551130705193218	0.316891024008164
-1.5116278501578	0.543160476988583
0.355862801893773	0.17852794265263
1.24328799783361	0.858331014012741
2.02566487418637	1.88389935093066
0.899209932183642	0.488876824982139
0.42859617928701	0.172761885459519
0.522635022737485	0.190307963896041
-0.984693915256379	0.493126957140518
-0.725442643624323	0.250593134972414
1.96463092715103	0.470372342687103
1.03773179442616	0.400174057999191
-0.345150316372877	0.100068376294618
0.152585418482253	0.0457613820441299
0.156422543419747	0.0472980918883861
-0.15100249430913	0.0549770279031329
0.343333231839774	0.1895499249516
0.153150475514455	0.0592025371462173
-0.215091100919037	0.0708081397941703
-1.49405110429272	0.778055861234887
0.143552854949838	0.0622321518539146
-0.157195368460947	0.0576515802947247
0.667998554448181	0.213489165347249
-0.338511026319061	0.0982184054411285
0.360374637904446	0.182212162425847
1.81816436114525	0.718414646592161
1.03108891614978	0.395666438305109
-1.02203827315684	0.413518890635416
-0.109099198836894	0.0440391059160999
1.03108891614978	0.395666438305109
1.32803391147169	0.592399691809221
0.952769681661762	0.638818200947965
2.11769700263871	0.971078644340133
-0.522938609184387	0.203337039703685
0.530447729983482	0.194934009129475
-0.618737201948444	0.150559036504414
0.144049997367881	0.0558397456595895
-0.60713121217363	0.294013358529956
0.143552854949838	0.0622321518539146
3.041136399105	2.26295158618477
-0.150731092427451	0.0552708638941148
1.05219658810045	0.518968738360915
-0.725669351344178	0.254938132698188
4.37637079967634	2.32114494992892
1.39083574640989	1.06292664474209
0.825182242099608	0.353696494063807
0.39080765601914	0.178392476739938
0.385952021649203	0.175278906002336
1.03395964520782	0.397385011005584
1.03515111598185	0.401690296345324
3.93821646544548	1.74225957910328
0.523787196468579	0.192297988976743
3.93568352234487	1.75542668781444
0.350316959974156	0.17605412829591
0.135258156202137	0.0585783791053786
1.58430590594349	0.776973203207176
-0.232236012155794	0.07579107605595
-0.342091382580869	0.0996589886024872
0.173098035606419	0.0436660682371104
0.59258463041749	0.307426164942403
0.147653157875968	0.0504349418322378
0.815705372076796	0.351565174973888
1.9613717712777	0.470903909509444
1.46021680212861	0.488909487893217
1.03535032731158	0.398385212491039
0.821318929242702	0.351266350233785
0.950060429053843	0.641643350800181
0.137805886818994	0.0595503902395953
0.148228629004075	0.0512983752502419
0.167846042512584	0.0427707788849589
0.162942698182568	0.0413114056520163
0.157056474373317	0.0303984095560313
0.157056474373317	0.0303984095560313
0.673553513601153	0.218109822226041
-2.57450915234243	0.686119713628322
1.82868259121074	0.729942315494172
0.163094953310193	0.0494223382636678
1.56500232003748	0.799635859648323
-0.521103486689622	0.201846081379412
0.165674434882817	0.0422257308822068
0.668257563820224	0.216585127844403
-0.405371619690847	0.173316494832004
1.9613717712777	0.470903909509444
1.03674127319984	0.397936005636489
1.46368058676195	0.48685860015717
-1.79522376365631	0.406159618358576
0.162378104800928	0.0310834456145106
-0.348742022466301	0.10134765260469
1.96463092715103	0.470372342687103
0.892864750690696	0.485348855170441
1.32009994350343	0.587255735938407
-0.221549116887011	0.0733586886722837
-0.221549116887011	0.0733586886722837
-0.798731017462117	0.437952193257322
0.388908073055068	0.176926342540192
0.151147710779537	0.0523193888171726
0.34307296513035	0.169209051896099
0.996107100851317	0.798430829042152
0.450650510535042	0.183903200013904
1.82748782049169	0.728181584217454
0.956965590292449	0.254225160809089
0.140540587524375	0.0547519601052748
0.892655829093935	0.488526127111415
1.0404202529805	0.404466019128978
-1.27315071249514	0.584476796699576
1.07913289556549	0.663617399707767
0.157631418222578	0.0304971390385879
3.26454918998549	1.12582035861405
1.2645840392726	0.708412025607822
0.663034678171856	0.21290337117364
0.67888497922432	0.216927289969948
-0.14537069997032	0.0533503794450636
1.03535032731158	0.398385212491039
0.598147309641461	0.315355814960164
0.356834088918763	0.179448648465633
0.170541995167361	0.0433725109405701
0.670883773275737	0.21573252817249
-1.68317768550648	0.983497164001226
0.814406706085001	0.350217790330299
0.687760846097765	0.324577971222315
-0.797708435532734	0.522310988163576
0.690540633512027	0.328027778479212
1.9613717712777	0.470903909509444
-0.624582031923329	0.153403426322781
0.1588995276689	0.0306480879354901
-0.189546545525026	0.099753049970256
-0.320585541810201	0.147864865354696
0.785310645808704	0.471282621290012
0.59829718168914	0.312656295127005
-0.101848527109922	0.0410558052055211
-0.221755533699252	0.0734151122801483
2.55558942506863	1.45018195523895
0.525131259349727	0.192999914873943
2.35732460876509	1.21266231514885
0.819389971104756	0.352293326647861
-1.17196392559525	0.663270268498073
-2.27958311220532	1.17281789568535
0.662786179108504	0.213105829711844
0.601072033586151	0.316053508967865
-1.13492041310201	0.349384486959602
0.166394015894957	0.0421995715384941
0.157819500886876	0.0479964018015095
-0.727539282821169	0.251965799561326
0.142787768424453	0.0556070724421697
1.82625325422671	0.720309807645897
0.166991219048644	0.0498989788382561
-0.152782075404647	0.0560846680959654
1.45986014199587	0.492707629107706
0.673553513601153	0.218109822226041
-0.801648538719925	0.439653392713309
0.512681413030256	0.185444615277897
1.9613717712777	0.470903909509444
1.07499958089821	0.664047648165114
-1.02734963908132	0.419609489752489
0.169448715067567	0.0428107247727095
0.164226724221899	0.0416602681945232
1.82361765344649	0.72436350636832
-0.731306141239577	0.257130066262645
0.669440224929851	0.215480111776117
0.15921674927226	0.0483450021306231
0.393041040810021	0.179952823576791
-0.995628440884956	0.50322638126329
0.523594903770851	0.191054735130635
-1.51425919312654	0.549483381615373
1.96025897070573	0.471212877436839
-0.619634069394611	0.151716324023864
-3.07880362658843	0.963967696821091
0.156634201293332	0.0476265114655575
0.525131259349727	0.192999914873943
0.688295437001719	0.328656313107427
3.27104261465895	1.12081379847629
0.165310764697054	0.0422104497686673
1.23679643626162	0.848781770811463
0.686783210149492	0.326529013787713
0.892864750690696	0.485348855170441
-0.101099401241994	0.0403334318560399
-0.218997449237333	0.071516753358303
0.889477294366632	0.48333470893364
0.133927744528653	0.0520048300874809
-0.092646087031874	0.0371954446855587
0.52881447988413	0.192259921579154
0.52210596591955	0.190372011480154
1.05219658810045	0.518968738360915
1.82336730645351	0.727498434871424
1.8219271179281	0.726018448121517
0.524938478553276	0.192889918548823
0.661593536121753	0.212650522521367
1.03515111598185	0.401690296345324
1.57171381285112	0.807457867769169
1.96025897070573	0.471212877436839
0.694889800166883	0.330632252474208
0.158243762653532	0.0473325739053408
0.95292022183415	0.255029382628136
0.669440224929851	0.215480111776117
-1.51822461727644	0.546437377819713
-0.344718928168882	0.101170101330633
0.15921674927226	0.0483450021306231
0.670883773275737	0.21573252817249
1.3230464333918	0.587737669083066
0.445295933976001	0.18296521501244
0.525131259349727	0.192999914873943
-0.21359911563999	0.0699173393856954
1.27213959508899	0.719856330378455
0.890041543083506	0.478543441092059
1.46368058676195	0.48685860015717
-0.625469527156518	0.152450282737538
3.26315080491707	1.11564490325583
-0.344991553778112	0.100675971877677
0.711623842750316	0.46268757554792
0.442788089425193	0.181172539640702
0.529086245411457	0.194521335925232
1.57412938648184	0.799431649536959
0.819389971104756	0.352293326647861
1.06272834000266	0.528167631870496
2.35197597254204	1.20438162594857
1.56761412650483	0.800352775712037
1.45461172869713	0.491065821848087
0.676191819364127	0.216171302955092
0.13309478725026	0.0511355177605058
-0.309355346563565	0.142582350727412
0.14277187758772	0.055506936574593
0.146896869252298	0.0438840437362368
0.668257563820224	0.216585127844403
0.165674434882817	0.0422257308822068
-0.625469527156518	0.152450282737538
-0.338232313416877	0.0987458905293902
-0.35137798744179	0.102393082124341
-0.221755533699252	0.0734151122801483
-0.226067534394568	0.0743178756022403
-0.231087265827975	0.0758575600853595
-1.03099524421992	0.416630331572939
1.82604050116992	0.728003309996437
0.139171972908913	0.0481781540681678
0.896382401853112	0.484001261469246
0.166760634916841	0.0427859605507963
0.527457825354358	0.190929092424301
2.55691102779215	1.4503581883601
1.32687881734284	0.596619735020576
0.945392108065693	0.250394577044051
0.812954309972265	0.34770640309282
-0.735788928866273	0.255451470384917
0.523979603602765	0.191000633185462
0.816700047883506	0.350207754005225
-0.225400119271266	0.0740149655022009
0.526475289805826	0.193047228245027
0.166760634916841	0.0427859605507963
-0.342366844950387	0.0999187527730966
1.9613717712777	0.470903909509444
0.95292022183415	0.255029382628136
3.26962954853743	1.12822867523572
1.04181404901781	0.404808808438391
-2.57507908676252	0.680490038595289
-0.985013406948836	0.499181139479645
-0.770717734185901	0.341832622496007
0.817885978478625	0.350163723082963
-0.62409333671727	0.15194082521988
0.951547874681655	0.253003737941398
1.33086270821398	0.600615079200926
0.669440224929851	0.215480111776117
0.166760634916841	0.0427859605507963
0.165310764697054	0.0422104497686673
0.164226724221899	0.0416602681945232
1.32658581329118	0.591391073746066
0.953397312790705	0.252738122158945
1.56757729691342	0.794331052216231
0.889126545343048	0.47993556951503
1.06632168286019	0.526687947726253
1.0566052107416	0.517640388009027
3.03895097101643	2.22586128103362
2.34946932765502	1.20004188926087
-1.13384470910725	0.346451671342812
0.526282024246712	0.193593170961761
-1.49201386817581	0.778707402834225
1.07963529206876	0.657921772114111
0.157819500886876	0.0479964018015095
0.671632609078818	0.315152958715852
0.157819500886876	0.0479964018015095
1.8219271179281	0.726018448121517
-3.46164602167476	1.25116087441461
0.150404974632787	0.065315721168424
1.82048878018078	0.719555340107451
-0.62409333671727	0.15194082521988
0.814406706085001	0.350217790330299
-0.345896359412486	0.100748738523468
0.81151620199283	0.348634244573977
0.39473796827335	0.1784630903946
0.15921674927226	0.0483450021306231
0.525131259349727	0.192999914873943
0.818301154230627	0.351478120783356
-0.232642852918126	0.0756292302975051
0.952024225447137	0.254550165942042
0.692104522158643	0.330312251704577
2.11379890771953	0.965542629430375
0.53775446498032	0.308094508992569
1.06632168286019	0.526687947726253
-0.769698010049911	0.341769185120482
-0.493417877776523	0.257957835670322
0.515614158668967	0.186457333380208
0.524938478553276	0.192889918548823
0.526282024246712	0.193593170961761
0.157056474373317	0.0303984095560313
0.157056474373317	0.0303984095560313
1.45496621180374	0.489974899858239
1.03515111598185	0.401690296345324
0.379814010030168	0.170887382065193
0.141669767450459	0.0617166337329967
-1.0271278658152	0.415065471794964
0.438146946531997	0.178030223087271
2.1098250236748	0.960200477129045
1.56929519244363	0.797697255741726
-0.146391767834071	0.0538121497783544
-0.15821957159593	0.0580782796952436
0.132950899578284	0.0513226427590566
0.806283398444634	0.340129718123959
2.11789391703942	0.967138862393588
-0.105951718032754	0.0425412033264212
1.043208103876	0.402535852395547
-0.724716701361779	0.253084880212333
-0.625469527156518	0.152450282737538
0.813107530900732	0.347055159712616
2.11088246540465	0.960458127292998
1.82217654089451	0.725748167802471
3.63883921155901	1.44661355339588
-1.51425919312654	0.549483381615373
0.525131259349727	0.192999914873943
-1.13345886337206	0.34828321496857
-1.5205822622307	0.550689829164133
-3.45549576669823	1.25034460620717
0.157819500886876	0.0479964018015095
-0.725669351344178	0.254938132698188
-1.14016935299318	0.348638213237076
0.951547874681655	0.253003737941398
0.526282024246712	0.193593170961761
0.440208643626581	0.180693389650481
1.45751430283764	0.487103907991292
1.96179475759529	1.2415549801139
1.32523786486673	0.591998460070086
0.945392108065693	0.250394577044051
0.666887977767422	0.21415635270207
1.56894018726966	0.797991249064816
1.03634162491416	0.3991693364154
2.762173012355	0.796052683519412
-0.404582592638574	0.170482086087737
0.951547874681655	0.253003737941398
0.956695953779934	0.643271539546709
2.75606918885066	0.793508670212093
0.157631418222578	0.0304971390385879
0.160384885012197	0.0410552053935884
-0.623203514518812	0.152886975065438
0.161791665747346	0.0309826798878848
1.45875777005853	0.49161470941807
-0.154896062864644	0.0564449652820799
0.436051221892724	0.178450617932061
-0.224047591747806	0.0740771018889209
0.52474581125615	0.190150245281143
1.9613717712777	0.470903909509444
1.03773179442616	0.400174057999191
0.891228930064072	0.474908589682995
1.77339725913051	1.01611816085113
0.52325415783733	0.189831868062164
0.533302756246283	0.192766147344976
0.818301154230627	0.351478120783356
0.157631418222578	0.0304971390385879
1.0652929919458	0.530579447044945
2.11241021373514	0.965493651705752
0.445559696059655	0.183481849511998
-0.222901125507273	0.07385839070143
0.447114946516944	0.182162845527017
1.325541173279	0.596317804415036
-0.77586131641489	0.346419260371823
-1.51968686804079	0.548134504172194
-0.159513824343925	0.0584877561943233
0.38129214250284	0.173522313952091
0.524817754511886	0.192422842039039
0.954295652698446	0.253211023347385
1.44969992073046	0.485973419912067
0.385952021649203	0.175278906002336
0.590839213312721	0.30846746648865
-0.725669351344178	0.254938132698188
-0.723081962585608	0.252158286122281
1.45641688249062	0.4860389300833
0.332156753221718	0.181616566767775
0.344196767354773	0.190158799642964
0.162378104800928	0.0310834456145106
-0.63464058543861	0.152996678104976
3.6379052926147	1.45060215836621
0.1588995276689	0.0306480879354901
-1.51513633099547	0.548077569901583
-1.13492041310201	0.349384486959602
0.14683318271584	0.0638699225975704
0.14169784841735	0.0679185776800922
-0.150011609255872	0.054806257767118
-1.82491177099641	0.761062662410459
0.44936059063263	0.182384243279582
1.57558099939405	0.79576600509465
1.32420347578211	0.594323880877371
1.82336730645351	0.727498434871424
0.158031704426094	0.0479750742787413
0.818638464063244	0.347663682594828
-0.343268806146835	0.0999183449449793
-0.35137798744179	0.102393082124341
-1.51309151623221	0.544844714826084
0.662786179108504	0.213105829711844
0.137833536897981	0.0474381003971079
-0.220404038835599	0.0729168656391525
-0.220109901011941	0.0723811542078152
1.33106452284384	0.593312216872763
-0.344718928168882	0.101170101330633
-0.344991553778112	0.100675971877677
0.160510100025773	0.0484285557089307
-0.159244468201253	0.0583497793086273
-0.723310015883846	0.254344357266946
0.147362692598526	0.0508433865470601
-0.343542423818443	0.10090975164114
-1.13492041310201	0.349384486959602
0.668515656075028	0.214587613419762
0.152059452718086	0.029590171141199
1.82217654089451	0.725748167802471
0.524938478553276	0.192889918548823
0.161486408205213	0.0413117168731846
0.157819500886876	0.0479964018015095
0.158321872008447	0.03054890339565
0.814613867033518	0.34793580638276
2.55317883186969	1.44391971539824
1.81929987358015	0.717843244648639
3.63496088118677	1.451939681774
-0.221755533699252	0.0734151122801483
1.05995694464377	0.525270491251717
0.158321872008447	0.03054890339565
0.166760634916841	0.0427859605507963
0.95292022183415	0.255029382628136
0.157631418222578	0.0304971390385879
0.952024225447137	0.254550165942042
-0.347555636251828	0.100540132112443
0.157631418222578	0.0304971390385879
2.1190890298778	0.969511778009989
-2.57450915234243	0.686119713628322
0.160400851667561	0.0483731984970343
1.05867489725025	0.524260431275118
-0.222901125507273	0.07385839070143
1.61562143327275	1.14111153594545
-2.57507908676252	0.680490038595289
3.63643152651936	1.45439996443785
1.56761412650483	0.800352775712037
0.166394015894957	0.0421995715384941
0.165310764697054	0.0422104497686673
1.96025897070573	0.471212877436839
1.56870722634889	0.794144549178341
1.40148753943432	1.07058584209226
-3.76202423087017	1.51342722555874
-1.5208643075246	0.552186247107342
1.76844929613932	1.00490227493127
0.817885978478625	0.350163723082963
0.156634201293332	0.0476265114655575
0.524938478553276	0.192889918548823
-0.234000740505374	0.0766428894929934
-0.220404038835599	0.0729168656391525
0.531382337610688	0.19416479166435
0.135203879879896	0.0525829815589903
0.1415615049167	0.0484003596951729
1.04439699516423	0.400035957490872
0.15921674927226	0.0483450021306231
1.06298049234632	0.529003721857717
3.26315080491707	1.11564490325583
3.26735525568462	1.11469211429917
0.673815739343564	0.215029182273907
1.96025897070573	0.471212877436839
0.167125285140998	0.0422176691573725
0.524938478553276	0.192889918548823
0.146923762007403	0.0508196417525894
0.162378104800928	0.0310834456145106
0.815705372076796	0.351565174973888
0.957871568697817	0.254705443855955
0.139263887816188	0.0542111153871456
0.165674434882817	0.0422257308822068
0.688295437001719	0.328656313107427
0.819182245652777	0.350572714862597
-0.340594160045269	0.0986092348967792
0.669700188276656	0.216836591054402
3.26595066981528	1.12514815365216
-0.343542423818443	0.10090975164114
1.32687881734284	0.596619735020576
1.77212150753567	1.01570537138898
0.166760634916841	0.0427859605507963
-1.13599688789171	0.349486711323194
-0.155100066330331	0.0560017485945854
0.158031704426094	0.0479750742787413
0.144583027060061	0.0561645621695872
0.598992777942879	0.315318882874671
-0.145094145721108	0.0530266495888326
0.778070437974831	0.462238386419312
0.815498351121805	0.351034974904088
0.673553513601153	0.218109822226041
1.96025897070573	0.471212877436839
-3.07880362658843	0.963967696821091
0.815912962371326	0.348346731608744
0.385952021649203	0.175278906002336
-0.731306141239577	0.257130066262645
-3.46056115971004	1.25132587477871
-0.147689713388894	0.054302242157111
0.673815739343564	0.215029182273907
0.957871568697817	0.254705443855955
0.169301214921532	0.0427592743769238
3.26454918998549	1.12582035861405
0.95292022183415	0.255029382628136
0.670918012354519	0.214260520333448
3.26595066981528	1.12514815365216
0.166760634916841	0.0427859605507963
1.26052235296608	0.705119137259856
-0.723081962585608	0.252158286122281
1.82748782049169	0.728181584217454
0.145328147373126	0.0559385682292089
0.157819500886876	0.0479964018015095
-0.725442643624323	0.250593134972414
0.526475289805826	0.193047228245027
0.95292022183415	0.255029382628136
-0.148712408233657	0.0546464053678112
0.527819283801915	0.192080673860136
-0.401659717340444	0.169831841376073
-0.345896359412486	0.100748738523468
-3.753325756616	1.50774999821741
0.157056474373317	0.0303984095560313
0.664228257408103	0.213358767976231
1.45606145484126	0.491057209685398
1.45606145484126	0.491057209685398
-1.51126686389698	0.544349597683157
1.96463092715103	0.470372342687103
-0.347343651948862	0.100521829573696
0.523787196468579	0.192297988976743
1.8219271179281	0.726018448121517
3.26962954853743	1.12822867523572
-0.727076542516005	0.253677508869169
-0.349006134070706	0.101786523630064
0.438918428712331	0.179782791488228
3.26315080491707	1.11564490325583
0.88689809037185	0.481270523608714
0.169301214921532	0.0427592743769238
-0.340869162586215	0.0994476453021484
-2.57507908676252	0.680490038595289
0.171634472420616	0.0433572706368662
-1.80012731460838	0.40572439661199
0.157056474373317	0.0303984095560313
-1.5154277743567	0.550652304944458
-0.221549116887011	0.0733586886722837
-1.51309151623221	0.544844714826084
0.153773809483776	0.0463295199784768
-1.03645130311115	0.420074230666443
-1.28170971891495	0.590727891544826
0.670918012354519	0.214260520333448
0.957871568697817	0.254705443855955
0.152059452718086	0.029590171141199
-0.716838691308628	0.24822899409895
1.83257706012935	0.724518454155819
1.9613717712777	0.470903909509444
0.162942698182568	0.0413114056520163
2.11518784424846	0.962803467848292
-1.21801215454597	0.895331912420345
0.815705372076796	0.351565174973888
0.668257563820224	0.216585127844403
0.172003388254653	0.043682446671818
0.899563699291533	0.493503891378626
1.45986014199587	0.492707629107706
0.530447729983482	0.194934009129475
0.95292022183415	0.255029382628136
0.438918428712331	0.179782791488228
0.825434012112148	0.350595815719925
0.669700188276656	0.216836591054402
-1.13453748317733	0.348386420481102
-1.67562388060666	0.960603618560299
0.952024225447137	0.254550165942042
-3.76726432791207	1.50117367179712
3.63643152651936	1.45439996443785
1.45351865984672	0.48998410568291
1.03654154158417	0.402707767551167
0.157446713573225	0.0474765777179273
2.75606918885066	0.793508670212093
0.677427945070776	0.216410794008318
-0.344991553778112	0.100675971877677
-0.344991553778112	0.100675971877677
1.45351865984672	0.48998410568291
1.03535032731158	0.398385212491039
-0.79543803616186	0.437079547496007
-0.400062396642448	0.170601933136714
1.45875777005853	0.49161470941807
0.667073956986921	0.214335437648368
0.821318929242702	0.351266350233785
0.669700188276656	0.216836591054402
0.14605644861433	0.0505224990642865
1.82048878018078	0.719555340107451
0.704280502358757	0.326981642598519
0.153787061115808	0.0740174486183105
0.166394015894957	0.0421995715384941
-0.40665431902092	0.173716593263974
1.7710323013587	1.01039950384322
-0.152027874499813	0.0556812356537209
-0.306516079511883	0.141991242600391
-0.623203514518812	0.152886975065438
-0.221549116887011	0.0733586886722837
-0.343816891455429	0.0996962776646578
0.167125285140998	0.0422176691573725
1.45207421539656	0.485631123308653
-1.51940297937032	0.550464997835271
-1.13600022882357	0.347365132523473
-1.81840613866815	0.751938577957193
3.64180047345344	1.45782125078712
1.45207421539656	0.485631123308653
0.157056474373317	0.0303984095560313
-0.623203514518812	0.152886975065438
1.82723433620716	0.72976386465442
-0.622314221648084	0.151717296808394
1.82868259121074	0.729942315494172
0.157446713573225	0.0474765777179273
1.9613717712777	0.470903909509444
1.03634162491416	0.3991693364154
-1.13345886337206	0.34828321496857
-0.323730940625208	0.149749050634185
-1.14765955682404	0.348346437303257
1.82604050116992	0.728003309996437
0.144969177280787	0.0498210586690172
0.666816815995216	0.214564732832008
-0.774843523169183	0.346849078323959
1.82868259121074	0.729942315494172
3.26595066981528	1.12514815365216
0.157056474373317	0.0303984095560313
0.522313970026089	0.190452758516715
0.948141792901091	0.250604857806815
0.148228629004075	0.0512983752502419
-0.151756236463228	0.0557391336018927
0.140228438985	0.0479886302854397
1.03495172147001	0.395637087818671
-0.623203514518812	0.152886975065438
-0.221549116887011	0.0733586886722837
1.45207421539656	0.485631123308653
0.166737913090613	0.0422118222449661
0.819389971104756	0.352293326647861
0.668257563820224	0.216585127844403
1.82604050116992	0.728003309996437
3.26962954853743	1.12822867523572
0.158321872008447	0.03054890339565
-0.405040393419749	0.170565411076065
0.157631418222578	0.0304971390385879
-2.57393942994101	0.680804613621979
1.82073728246914	0.724274882905695
-0.988381267853531	0.501509114486411
-0.766355098817268	0.340994356194198
-0.62935300969794	0.153342878403685
0.164495633504715	0.0495456538908044
0.167846042512584	0.0427707788849589
0.140258032306573	0.0485578964849915
-0.725896158891892	0.253805951910148
0.669700188276656	0.216836591054402
0.668084647841113	0.214613858911294
0.953397312790705	0.252738122158945
0.44149853200672	0.181153088534539
0.160614285616072	0.0483709724331317
1.45986014199587	0.492707629107706
0.438824662597488	0.180014698523793
1.3295084984824	0.599202056182031
0.152059452718086	0.029590171141199
0.156422543419747	0.0472980918883861
-0.347528305961503	0.100672430355311
0.15921674927226	0.0483450021306231
1.03793223060229	0.402236165852461
0.156422543419747	0.0472980918883861
0.675004256144304	0.217263152446952
0.144969177280787	0.0498210586690172
1.33221646682829	0.599978311661845
0.956965590292449	0.254225160809089
0.299130001846367	0.213293647713207
0.668337249898722	0.213347782342272
0.950654218295308	0.25253240285929
-0.61220795871417	0.298140458409029
0.137756222563154	0.053377321573674
-0.61220795871417	0.298140458409029
0.163311686221074	0.0491766335657994
1.7751392427905	1.01228645505043
0.139263887816188	0.0542111153871456
-1.0271278658152	0.415065471794964
0.388545734267567	0.177080838165714
-0.406342549193427	0.173701308354649
1.45875777005853	0.49161470941807
1.82748782049169	0.728181584217454
0.669700188276656	0.216836591054402
2.11538131215311	0.952715822682064
1.45986014199587	0.492707629107706
-0.518945913103219	0.201612309704566
1.325541173279	0.596317804415036
0.95292022183415	0.255029382628136
1.06168370190987	0.522609528288073
1.45986014199587	0.492707629107706
1.46515025425329	0.487505243218888
0.672365927723615	0.21584689717513
1.9613717712777	0.470903909509444
0.157819500886876	0.0479964018015095
0.816796075513508	0.352385300037275
-0.719194001735348	0.251086827288541
0.953397312790705	0.252738122158945
2.35063075633068	1.20294535204345
0.959019086350751	0.643236761211316
-1.33868064602128	0.843989107989754
1.82992561988128	0.718528844057604
0.82349104975392	0.355749507161144
2.11241021373514	0.965493651705752
1.03497180873916	0.398183249253136
0.158321872008447	0.03054890339565
1.4486107344182	0.912810140512687
0.667073956986921	0.214335437648368
-1.85017378548457	1.17372844020283
1.56629393122933	0.800830556955224
0.169301214921532	0.0427592743769238
-1.13345886337206	0.34828321496857
-0.159244468201253	0.0583497793086273
-0.522938609184387	0.203337039703685
-1.03165075561198	0.416907195731992
0.951716207590905	0.252076454273351
0.669700188276656	0.216836591054402
-1.5154277743567	0.550652304944458
-0.342091382580869	0.0996589886024872
3.63643152651936	1.45439996443785
-0.343542423818443	0.10090975164114
1.06937027967994	0.529192518985335
-0.344718928168882	0.101170101330633
1.03902671883926	0.401278580186936
-1.13238101744968	0.345367402292769
0.164226724221899	0.0416602681945232
-0.346167140140093	0.100935083264355
-0.16053966425378	0.058758984593026
-1.13492041310201	0.349384486959602
0.530234735136755	0.195115554796289
-0.342091382580869	0.0996589886024872
2.75734920342264	0.799800653832186
0.1588995276689	0.0306480879354901
-0.225731992837705	0.0741966083189531
0.952024225447137	0.254550165942042
0.956487790679547	0.25443416057231
-0.343816891455429	0.0996962776646578
0.173098035606419	0.0436660682371104
-0.313827862864578	0.145183489419901
1.32420347578211	0.594323880877371
0.157631418222578	0.0304971390385879
-0.62935300969794	0.153342878403685
1.96463092715103	0.470372342687103
0.957871568697817	0.254705443855955
0.152059452718086	0.029590171141199
0.169448715067567	0.0428107247727095
-0.229722716539759	0.0759270068257283
1.82723433620716	0.72976386465442
0.675004256144304	0.217263152446952
0.96055594466668	0.252218652307608
-1.02598754897463	0.414743296101028
-0.229722716539759	0.0759270068257283
-0.222901125507273	0.07385839070143
0.666816815995216	0.214564732832008
-1.03667947354179	0.419936403849192
0.158321872008447	0.03054890339565
0.531595264123315	0.195527948373046
0.95292022183415	0.255029382628136
-0.623695063230009	0.152227657420805
0.169301214921532	0.0427592743769238
-1.27798020801158	0.587966405772343
0.155262948308693	0.0530240037088713
0.954295652698446	0.253211023347385
0.165674434882817	0.0422257308822068
-1.79541110556836	0.406108159138969
0.951716207590905	0.252076454273351
-1.13599688789171	0.349486711323194
0.167846042512584	0.0427707788849589
2.75734920342264	0.799800653832186
0.648041999946309	0.449969141677863
2.39949854455757	1.97750540695859
1.03793223060229	0.402236165852461
-1.13238101744968	0.345367402292769
0.152230318137847	0.0526288187748188
3.26315080491707	1.11564490325583
0.445559696059655	0.183481849511998
0.152489836004519	0.052740500279662
0.681746426298919	0.322453874196672
1.83257706012935	0.724518454155819
-0.723310015883846	0.254344357266946
0.14899029926075	0.0507483540949535
0.691672786692739	0.328121208658672
0.156845715679068	0.0472965888265206
1.44604659811656	0.905175761708426
-0.228575803073719	0.0755878378969254
0.162942698182568	0.0413114056520163
0.157056474373317	0.0303984095560313
1.9613717712777	0.470903909509444
3.63643152651936	1.45439996443785
-0.344991553778112	0.100675971877677
2.11479822745174	0.952676881605473
-0.618092065922922	0.298745960678128
-0.529324782986581	0.203861192187838
3.93021390388131	1.74972824816439
1.26486310352643	0.702343476211946
-0.40200806989563	0.170720828260834
1.33192985872533	0.585721456039346
1.45351865984672	0.48998410568291
2.35197597254204	1.20438162594857
1.61784814879827	1.14469395101344
1.82217654089451	0.725748167802471
1.03793223060229	0.402236165852461
0.952024225447137	0.254550165942042
1.90185449368881	1.62495412744624
-0.245163588001078	0.123018937064667
-0.248829068599719	0.124639701897521
-0.216459792863705	0.0716410349070388
0.160725603404171	0.0483645687036449
1.25002708574251	0.864772562550908
0.669700188276656	0.216836591054402
-1.13492041310201	0.349384486959602
0.158321872008447	0.03054890339565
0.175814837814698	0.0440558167231384
0.158321872008447	0.03054890339565
0.672365927723615	0.21584689717513
-2.57450915234243	0.686119713628322
-0.344718928168882	0.101170101330633
-1.13345886337206	0.34828321496857
-0.624582031923329	0.153403426322781
-3.45549576669823	1.25034460620717
0.666816815995216	0.214564732832008
0.956965590292449	0.254225160809089
3.6379052926147	1.45060215836621
-0.348742022466301	0.10134765260469
0.167846042512584	0.0427707788849589
0.167846042512584	0.0427707788849589
2.11121372988457	0.963126869077612
4.16981931866655	2.0382482289107
0.672329204234225	0.214414311899322
-0.624582031923329	0.153403426322781
0.161791665747346	0.0309826798878848
1.44680138625654	0.481686443078168
0.354537298752309	0.177603257316678
0.815498351121805	0.351034974904088
1.82217654089451	0.725748167802471
0.950654218295308	0.25253240285929
0.954295652698446	0.253211023347385
1.03515111598185	0.401690296345324
0.952024225447137	0.254550165942042
1.45207421539656	0.485631123308653
2.75863284516271	0.79267969100207
1.96025897070573	0.471212877436839
0.95558416772101	0.253955285085994
2.75606918885066	0.793508670212093
-0.525335160168346	0.204442902704607
0.169301214921532	0.0427592743769238
0.169301214921532	0.0427592743769238
-0.150731092427451	0.0552708638941148
-0.145094145721108	0.0530266495888326
0.14605644861433	0.0505224990642865
0.159003857627083	0.0480265128738231
2.75734920342264	0.799800653832186
0.150987968499307	0.0459422956002911
1.04021638335115	0.398783042992239
3.93021390388131	1.74972824816439
2.10559930382807	0.95497332014476
-1.79522376365631	0.406159618358576
0.950331430928645	0.251806185220337
1.45461172869713	0.491065821848087
0.165310764697054	0.0422104497686673
-0.347555636251828	0.100540132112443
0.166760634916841	0.0427859605507963
1.9613717712777	0.470903909509444
0.817003523318725	0.351976278955221
0.530234735136755	0.195115554796289
0.95292022183415	0.255029382628136
0.164226724221899	0.0416602681945232
-0.220404038835599	0.0729168656391525
0.953397312790705	0.252738122158945
0.148448238167646	0.0513076201238473
0.95558416772101	0.253955285085994
-0.344718928168882	0.101170101330633
-3.08560892508393	0.959287165776606
3.26821961846391	1.12055426106264
-0.618737201948444	0.150559036504414
0.688883704480833	0.329115759659713
2.75734920342264	0.799800653832186
0.669440224929851	0.215480111776117
0.95292022183415	0.255029382628136
2.75863284516271	0.79267969100207
1.82048878018078	0.719555340107451
2.11399187721341	0.960456176117222
0.164226724221899	0.0416602681945232
-0.62409333671727	0.15194082521988
1.03515111598185	0.401690296345324
1.03515111598185	0.401690296345324
-1.13492041310201	0.349384486959602
-2.29785250045213	1.18409788658414
0.168213647836342	0.0427717891925395
0.525131259349727	0.192999914873943
1.96025897070573	0.471212877436839
-0.542820804247338	0.329443948505564
0.34810216404256	0.174576084791999
0.1500643212047	0.0518518782937859
1.56516596550042	0.795022296079777
-1.02598754897463	0.414743296101028
0.999347290543987	0.806590193468261
0.956965590292449	0.254225160809089
1.45606145484126	0.491057209685398
1.82361765344649	0.72436350636832
2.75734920342264	0.799800653832186
1.45606145484126	0.491057209685398
0.147481071584176	0.0636726114705245
0.14953299838415	0.0516176458431704
1.45306393810611	0.923041358497123
0.159839547365084	0.0533651256779454
1.45207421539656	0.485631123308653
-0.530937280824717	0.206881451169038
0.1588995276689	0.0306480879354901
-3.07968455989498	0.963635125148535
1.03376095681478	0.39809706574288
1.57280368997465	0.801127382429996
0.668084647841113	0.214613858911294
-0.227212618004882	0.0750820913651819
-1.02734963908132	0.419609489752489
0.688883704480833	0.329115759659713
0.807526724518901	0.343708246014619
0.819489970195626	0.351814134476307
0.952024225447137	0.254550165942042
3.26962954853743	1.12822867523572
0.157631418222578	0.0304971390385879
1.8219271179281	0.726018448121517
0.158321872008447	0.03054890339565
1.05347520273143	0.519970347833052
0.157819500886876	0.0479964018015095
0.137495444484056	0.0597099792716302
-2.57393942994101	0.680804613621979
0.393808979831852	0.177671235807646
-2.28361142919572	1.18123677773886
0.14899029926075	0.0507483540949535
0.826265648634003	0.354507957551914
0.167125285140998	0.0422176691573725
0.668257563820224	0.216585127844403
3.26595066981528	1.12514815365216
-2.57507908676252	0.680490038595289
0.165310764697054	0.0422104497686673
2.762173012355	0.796052683519412
0.157056474373317	0.0303984095560313
1.9613717712777	0.470903909509444
1.9613717712777	0.470903909509444
2.75734920342264	0.799800653832186
1.45351865984672	0.48998410568291
-1.48997931885631	0.773627456972547
0.596482014935905	0.312114092953853
1.33201471260472	0.596336495537286
1.9613717712777	0.470903909509444
0.158321872008447	0.03054890339565
0.157631418222578	0.0304971390385879
0.852256960035686	0.613474595517293
0.813314258066428	0.346612414854858
-0.0685633502355463	0.029915228897572
-0.521624986770174	0.20104896765256
0.909455621564806	0.492328339023668
2.35467478938242	1.19905464158601
3.04777114948585	2.28557414706998
-1.51396593073936	0.54893460092185
0.95292022183415	0.255029382628136
0.159003857627083	0.0480265128738231
0.139424262226571	0.048026958878771
2.75606918885066	0.793508670212093
0.675004256144304	0.217263152446952
3.26595066981528	1.12514815365216
0.663034678171856	0.21290337117364
0.952024225447137	0.254550165942042
0.1588995276689	0.0306480879354901
0.672365927723615	0.21584689717513
1.9613717712777	0.470903909509444
-0.728941560495149	0.254842900527914
0.954295652698446	0.253211023347385
-3.0805660074572	0.955215233063362
1.96463092715103	0.470372342687103
1.82893701442997	0.723357076557195
3.64031826737114	1.45820478057553
-0.719194001735348	0.251086827288541
1.96025897070573	0.471212877436839
-0.62982953293132	0.153685936034785
0.168213647836342	0.0427717891925395
0.67114469411031	0.215490092261742
0.525131259349727	0.192999914873943
0.153330488140151	0.0297415921897382
-0.342091382580869	0.0996589886024872
0.168213647836342	0.0427717891925395
0.169448715067567	0.0428107247727095
0.672329204234225	0.214414311899322
0.165674434882817	0.0422257308822068
0.161486408205213	0.0413117168731846
0.166394015894957	0.0421995715384941
1.043208103876	0.402535852395547
0.442739638372815	0.180347432487673
0.169301214921532	0.0427592743769238
0.667073956986921	0.214335437648368
1.44969992073046	0.485973419912067
1.27647666599427	0.71768012602393
0.159173380270254	0.0763659282599412
-0.183711894848072	0.0975157999199257
0.685514030494988	0.326317895337534
0.160156711369152	0.0478595423016386
0.673553513601153	0.218109822226041
1.77235992631789	1.00402916903607
1.45496621180374	0.489974899858239
0.166865383220153	0.100657444429984
-0.624582031923329	0.153403426322781
0.142182976680504	0.0681443890617556
0.172296181901106	0.130509180926776
0.328406611722302	0.209632465452447
-3.76085193858471	1.516389149945
1.96025897070573	0.471212877436839
2.75734920342264	0.799800653832186
-0.338232313416877	0.0987458905293902
-1.84967149595511	1.179905467392
-0.630732478411191	0.153857382309032
-0.630732478411191	0.153857382309032
0.157631418222578	0.0304971390385879
0.692944772685338	0.329184692282495
0.535523448540715	0.307225073309346
-1.47248376361767	1.01855347000079
-0.680617940274996	0.471734640298114
-1.67779059840576	0.969467161480293
-0.181325596091836	0.0945861053722383
2.75734920342264	0.799800653832186
-0.242134017215103	0.120228317193651
0.340396634795724	0.188542749898017
-2.47086303783826	1.40033330581247
-0.0622121886426164	0.0271906046643111
0.145881738286716	0.0563345780387698
0.54226665889668	0.310984831814886
0.821910730744808	0.352555890244146
-1.13492041310201	0.349384486959602
-1.79541110556836	0.406108159138969
0.954295652698446	0.253211023347385
0.667073956986921	0.214335437648368
0.153330488140151	0.0297415921897382
0.1588995276689	0.0306480879354901
1.96025897070573	0.471212877436839
0.952024225447137	0.254550165942042
0.951547874681655	0.253003737941398
1.96025897070573	0.471212877436839
1.9613717712777	0.470903909509444
0.526475289805826	0.193047228245027
0.706880269543391	0.457807750284453
-0.992573404614983	0.505703885908064
0.158933943506847	0.0404964559262667
1.03535032731158	0.398385212491039
0.957871568697817	0.254705443855955
-0.218965144969334	0.0721608079673242
-0.143736612738499	0.100311324377668
-0.962257602983554	0.588499662799861
0.139424262226571	0.048026958878771
-0.279856738226951	0.174994877664963
1.03654154158417	0.402707767551167
0.850399399539209	0.613908639673514
0.450919584751049	0.184163428778953
0.779851055360736	0.463965391262081
1.26935586948022	0.71134692873008
0.145837129647114	0.050508335078259
0.157056474373317	0.0303984095560313
1.03674127319984	0.397936005636489
-1.13599688789171	0.349486711323194
0.153330488140151	0.0297415921897382
0.953397312790705	0.252738122158945
3.26454918998549	1.12582035861405
1.04062393996299	0.400467662974683
0.957871568697817	0.254705443855955
0.95292022183415	0.255029382628136
2.75734920342264	0.799800653832186
-0.625469527156518	0.152450282737538
0.675428549095589	0.315749007546944
-1.13561687794397	0.345868911390132
0.952024225447137	0.254550165942042
0.1588995276689	0.0306480879354901
0.1588995276689	0.0306480879354901
-0.220197117282581	0.0723617793176304
1.44824908922374	0.485976898894524
1.82361765344649	0.72436350636832
0.666636334072553	0.213033462222844
1.82361765344649	0.72436350636832
-3.45549576669823	1.25034460620717
-0.624582031923329	0.153403426322781
1.46403851792582	0.486432467057371
0.95292022183415	0.255029382628136
0.167125285140998	0.0422176691573725
3.26735525568462	1.11469211429917
1.45496621180374	0.489974899858239
1.45606145484126	0.491057209685398
-1.51513633099547	0.548077569901583
1.28024165555982	0.712755461999417
1.82361765344649	0.72436350636832
-3.46056115971004	1.25132587477871
-0.225194933696446	0.0739396270147115
1.82480935034987	0.726106092264881
3.6379052926147	1.45060215836621
0.95292022183415	0.255029382628136
2.75734920342264	0.799800653832186
1.0404202529805	0.404466019128978
3.27104261465895	1.12081379847629
1.82217654089451	0.725748167802471
0.666816815995216	0.214564732832008
-0.796310196237544	0.525521745763407
-0.244795588949212	0.123160748609705
0.340756753491108	0.187920709570928
-1.81398610755111	0.750093739397359
1.45751430283764	0.487103907991292
-0.346167140140093	0.100935083264355
0.168213647836342	0.0427717891925395
2.75863284516271	0.79267969100207
0.321364723352991	0.192116991785099
-0.241924699884758	0.156264640132915
0.336277978053806	0.184230238935229
0.165013582946897	0.0866780714118723
0.442788089425193	0.181172539640702
3.27104261465895	1.12081379847629
0.96055594466668	0.252218652307608
0.810427049802671	0.345886414866135
0.956487790679547	0.25443416057231
1.32420347578211	0.594323880877371
-0.230012458515889	0.0753532621356428
1.40241841906919	1.07667405063827
-0.00577492427418118	0.00285388213096253
0.148980148334068	0.051141117082258
-0.405303570150985	0.229371447389442
0.331098133818589	0.18063405377037
-0.0795037248449411	0.0338855811274302
0.95292022183415	0.255029382628136
-0.622314221648084	0.151717296808394
1.9613717712777	0.470903909509444
0.1588995276689	0.0306480879354901
0.796683828170182	0.475925371049301
1.7769823493776	1.00264593682322
1.24000621356893	0.858135192074257
0.340240581838967	0.188081256081305
0.168213647836342	0.0427717891925395
-0.793362348726182	0.345997530565059
-0.154351967317599	0.0562498012417216
-0.312029426458483	0.14370168700991
-1.80012731460838	0.40572439661199
0.952024225447137	0.254550165942042
0.157056474373317	0.0303984095560313
2.76088021610819	0.795949787637318
1.9613717712777	0.470903909509444
1.96025897070573	0.471212877436839
0.157631418222578	0.0304971390385879
0.157056474373317	0.0303984095560313
0.157056474373317	0.0303984095560313
0.140258032306573	0.0485578964849915
0.601072033586151	0.316053508967865
1.23997277200127	0.840754499746972
0.95292022183415	0.255029382628136
1.32687881734284	0.596619735020576
0.525131259349727	0.192999914873943
0.897335696061997	0.492448294228436
-0.13865217453835	0.0775774258592422
-0.346167140140093	0.100935083264355
0.161791665747346	0.0309826798878848
0.157819500886876	0.0479964018015095
1.35910102574032	1.21858240635767
0.546244995926747	0.315563918414816
-0.623203514518812	0.152886975065438
0.546723532010424	0.315918928103674
0.607052026589632	0.318883885999737
0.523787196468579	0.192297988976743
-0.009323002015062	0.00458436969284602
-1.04657838713258	0.831069773220114
-1.28384654567062	0.597216174366731
-0.318571105571369	0.147620578713523
0.445559696059655	0.183481849511998
-0.625469527156518	0.152450282737538
0.954295652698446	0.253211023347385
0.167125285140998	0.0422176691573725
-1.81697249352039	0.755161927952963
0.95558416772101	0.253955285085994
-0.222901125507273	0.07385839070143
-3.07880362658843	0.963967696821091
0.166394015894957	0.0421995715384941
0.149822512433037	0.0515980643104733
-1.13238101744968	0.345367402292769
1.45351865984672	0.48998410568291
-1.139798321011	0.349782272227464
0.172003388254653	0.043682446671818
0.155072153323215	0.0467807394425053
1.45461172869713	0.491065821848087
1.4531651131754	0.486692367864221
3.26735525568462	1.11469211429917
3.26735525568462	1.11469211429917
0.166760634916841	0.0427859605507963
0.161791665747346	0.0309826798878848
0.158321872008447	0.03054890339565
3.93168679961205	1.74368763931085
0.668257563820224	0.216585127844403
0.675004256144304	0.217263152446952
0.155236989444065	0.046931522021964
-0.343268806146835	0.0999183449449793
3.26315080491707	1.11564490325583
1.45730188638128	0.488260410534648
0.170541995167361	0.0433725109405701
3.63938219059151	1.43723015280831
-0.624582031923329	0.153403426322781
0.157446713573225	0.0474765777179273
1.82073728246914	0.724274882905695
-0.617705476273454	0.300459908442062
1.44824908922374	0.485976898894524
1.9613717712777	0.470903909509444
2.75863284516271	0.79267969100207
2.35216593694559	1.20028973632488
0.157056474373317	0.0303984095560313
0.673553513601153	0.218109822226041
3.26735525568462	1.11469211429917
1.82604050116992	0.728003309996437
2.35481657035742	1.20953636231127
0.437336361385505	0.178476256204279
0.159429495883294	0.0480039803018655
1.44969992073046	0.485973419912067
0.438079341089138	0.178634655383618
0.518326741577634	0.188934006826496
-0.347343651948862	0.100521829573696
0.439949152229908	0.180027197422973
0.160725603404171	0.0483645687036449
0.136480040151752	0.0530402961094183
-0.345896359412486	0.100748738523468
-1.13599688789171	0.349486711323194
0.153330488140151	0.0297415921897382
0.172003388254653	0.043682446671818
1.06298049234632	0.529003721857717
1.06277027619155	0.519343571881927
0.158125261419089	0.0823210808629177
2.28177551570007	1.74103396864942
0.898273106921167	0.492373741264841
0.137495444484056	0.0597099792716302
-1.8193202809442	0.7576566965492
-0.628447709775194	0.153171179772782
0.951547874681655	0.253003737941398
2.11789391703942	0.967138862393588
3.93568352234487	1.75542668781444
0.957871568697817	0.254705443855955
0.162378104800928	0.0310834456145106
0.954295652698446	0.253211023347385
-0.346167140140093	0.100935083264355
0.519478061083296	0.190484525868409
-0.344991553778112	0.100675971877677
0.162378104800928	0.0310834456145106
1.96025897070573	0.471212877436839
1.82480935034987	0.726106092264881
-1.13492041310201	0.349384486959602
-2.63605239509601	1.6451506280913
1.05707366102523	0.516171873880344
0.15217592618318	0.0460645385354346
-0.155632044447629	0.0566138894894388
1.08787104250587	0.671148472583338
0.161791665747346	0.0309826798878848
0.161791665747346	0.0309826798878848
1.82336730645351	0.727498434871424
0.158321872008447	0.03054890339565
1.06426358771682	0.529514790306315
3.26821961846391	1.12055426106264
0.159324697367292	0.047751336687268
0.148448238167646	0.0513076201238473
1.45986014199587	0.492707629107706
0.164226724221899	0.0416602681945232
0.164226724221899	0.0416602681945232
1.03515111598185	0.401690296345324
-0.725896158891892	0.253805951910148
0.137019450577624	0.0593588704846164
0.668257563820224	0.216585127844403
-1.139798321011	0.349782272227464
3.26315080491707	1.11564490325583
-0.624582031923329	0.153403426322781
-0.39974846066059	0.169824537699409
0.166760634916841	0.0427859605507963
1.9613717712777	0.470903909509444
2.75863284516271	0.79267969100207
2.75734920342264	0.799800653832186
0.1588995276689	0.0306480879354901
-0.625469527156518	0.152450282737538
0.95292022183415	0.255029382628136
0.157631418222578	0.0304971390385879
2.11518784424846	0.962803467848292
1.03773179442616	0.400174057999191
0.165310764697054	0.0422104497686673
-0.724716701361779	0.253084880212333
-1.52204266633328	0.552410388888373
-2.57450915234243	0.686119713628322
3.64180047345344	1.45782125078712
0.95292022183415	0.255029382628136
-0.526650659515288	0.203472876208068
0.166394015894957	0.0421995715384941
-0.773489905113118	0.345369609584891
3.26454918998549	1.12582035861405
0.669700188276656	0.216836591054402
0.661593536121753	0.212650522521367
-0.229059843942135	0.146161487544923
-0.198126476595386	0.152221521099833
-0.00114106605765857	0.000646362694717677
0.304214480970838	0.204120564017789
0.156634201293332	0.0476265114655575
-0.988247677225602	0.498671913703251
0.595730679620585	0.311643276220726
0.430925581688895	0.174045424504502
0.153568454289862	0.0464103165581933
-1.51396593073936	0.54893460092185
0.166760634916841	0.0427859605507963
1.03654154158417	0.402707767551167
0.946765399319523	0.252386055990515
0.673290374161129	0.21539984522156
-0.730123386031477	0.256802322226565
0.162378104800928	0.0310834456145106
0.952024225447137	0.254550165942042
0.172003388254653	0.043682446671818
0.164226724221899	0.0416602681945232
1.45203784523897	0.484281434940963
-3.45549576669823	1.25034460620717
-0.769711681939517	0.339074788264808
1.04592186011823	0.39700837748936
0.158031704426094	0.0479750742787413
0.161791665747346	0.0309826798878848
1.8219271179281	0.726018448121517
1.82480935034987	0.726106092264881
0.166760634916841	0.0427859605507963
1.45496621180374	0.489974899858239
2.36268639508258	1.20362524808845
-0.339810220766196	0.0974656605551153
-0.222901125507273	0.07385839070143
3.64031826737114	1.45820478057553
1.82625325422671	0.720309807645897
0.953397312790705	0.252738122158945
-1.79522376365631	0.406159618358576
2.55727296477416	1.45261373634333
1.26332069912637	0.705055989846178
0.951414185174262	0.640910571264313
-3.07880362658843	0.963967696821091
0.142932199282946	0.0493789142388318
0.511331126944912	0.184762555199791
0.139148108538827	0.0478150043583743
-0.0338723438718333	0.0158581519018253
0.385952021649203	0.175278906002336
-0.344718928168882	0.101170101330633
0.953604729421139	0.642354910793438
-0.221549116887011	0.0733586886722837
0.953397312790705	0.252738122158945
0.515380601763568	0.184638790477568
0.162378104800928	0.0310834456145106
0.956965590292449	0.254225160809089
0.166394015894957	0.0421995715384941
-0.608654506166266	0.295801754807353
0.358606017701481	0.180339473111905
0.0217118293224907	0.0114662441456216
-0.105506524924737	0.0619513574256336
-0.171865099951627	0.118069877239781
0.595391419315607	0.440660089771466
-0.525335160168346	0.204442902704607
-0.346338838256578	0.100875906320348
-1.13492041310201	0.349384486959602
1.45986014199587	0.492707629107706
-0.725669351344178	0.254938132698188
-0.623203514518812	0.152886975065438
0.523787196468579	0.192297988976743
0.535592335827872	0.195337190866767
0.668257563820224	0.216585127844403
0.950654218295308	0.25253240285929
0.531808783502716	0.194187277674226
3.63349334555347	1.43861104142477
0.669700188276656	0.216836591054402
0.811464339981117	0.343951428135544
-0.590172183023226	0.427819633659915
-0.00169915373165485	0.000903032316939037
0.443241978351493	0.181863627833459
0.330584170381884	0.181808498864209
-0.62982953293132	0.153685936034785
0.952024225447137	0.254550165942042
2.75734920342264	0.799800653832186
0.3599301135099	0.181781951530473
1.77465712235468	1.00289321777987
0.148668435614208	0.0509171780296591
-0.217376423974934	0.0714638472668936
0.530447729983482	0.194934009129475
0.3807473404019	0.172329620532746
-0.991281042715763	0.504343648879804
0.950654218295308	0.25253240285929
0.157631418222578	0.0304971390385879
1.46368058676195	0.48685860015717
2.11480929822124	1.4709602448421
0.158933943506847	0.0404964559262667
1.96025897070573	0.471212877436839
0.153330488140151	0.0297415921897382
1.9613717712777	0.470903909509444
-1.79522376365631	0.406159618358576
2.76088021610819	0.795949787637318
0.161791665747346	0.0309826798878848
3.26595066981528	1.12514815365216
1.325541173279	0.596317804415036
0.95292022183415	0.255029382628136
0.165310764697054	0.0422104497686673
0.389508327648317	0.177406915179598
-0.225731992837705	0.0741966083189531
0.452228257881198	0.183697939413508
-1.02226465361416	0.412946639757745
0.157631418222578	0.0304971390385879
2.75734920342264	0.799800653832186
-1.02826904072658	0.414339349171287
1.82059094101477	0.721982498513414
0.599131605180105	0.313941200527733
0.132628080482899	0.0454532308791836
0.153806735726848	0.0874582630911557
0.14940650680902	0.0783716928574245
-0.294097979916698	0.210520524361598
-0.655765277858882	0.386864413739353
0.393067868372773	0.178890736892894
0.674740147390516	0.216998162235432
0.14277187758772	0.055506936574593
3.26454918998549	1.12582035861405
-0.521357579386442	0.199779658101577
-0.725442643624323	0.250593134972414
3.27104261465895	1.12081379847629
0.669700188276656	0.216836591054402
0.157056474373317	0.0303984095560313
1.04181404901781	0.404808808438391
0.158321872008447	0.03054890339565
0.166394015894957	0.0421995715384941
2.11399187721341	0.960456176117222
1.33086270821398	0.600615079200926
0.138085126483428	0.0475447345001043
-0.352824712262703	0.102155795737906
-0.343542423818443	0.10090975164114
0.157631418222578	0.0304971390385879
0.152182018060155	0.0588064306288629
1.45496621180374	0.489974899858239
1.32170816652926	0.58258598974971
0.157631418222578	0.0304971390385879
0.147142160420391	0.0570953634191739
-0.224366804519632	0.0741231334290571
0.161694559716164	0.0487970170518378
0.167846042512584	0.0427707788849589
0.67114469411031	0.215490092261742
0.946765399319523	0.252386055990515
0.164226724221899	0.0416602681945232
-0.624582031923329	0.153403426322781
1.61186655865494	1.11489873685166
1.56493266273026	0.795584214388428
0.678233728913857	0.322034529176371
0.993527058829969	0.80486380049392
0.710484411547138	0.463126374524465
-0.340914885943416	0.0986896672784069
-0.160270059164011	0.0583701153867668
1.77720867259816	1.01588959841135
0.464960799672997	0.312277686015827
0.524609312149326	0.191455924196695
-0.219891936929736	0.0721747181158224
1.45496621180374	0.489974899858239
1.77443386068803	1.00759299910813
-0.225731992837705	0.0741966083189531
0.157631418222578	0.0304971390385879
0.945392108065693	0.250394577044051
-0.221549116887011	0.0733586886722837
0.166737913090613	0.0422118222449661
0.341967091855866	0.188277664840806
0.141975191267462	0.0610474870133908
1.27115992199819	0.718531324632175
0.874713524186555	0.626493983739528
0.527936867110274	0.192508723741719
0.143747269175704	0.0559041635309843
-1.13453748317733	0.348386420481102
0.951547874681655	0.253003737941398
0.439178149517754	0.179838225414641
1.45751430283764	0.487103907991292
-1.79541110556836	0.406108159138969
2.12320813843739	0.955411111081156
2.762173012355	0.796052683519412
1.03773179442616	0.400174057999191
-1.49975801698483	0.77960100677852
1.82506062473205	0.718596748988958
2.75734920342264	0.799800653832186
2.76088021610819	0.795949787637318
0.95292022183415	0.255029382628136
0.1588995276689	0.0306480879354901
-0.624582031923329	0.153403426322781
0.953397312790705	0.252738122158945
-0.776105570631896	0.34427657062915
0.167846042512584	0.0427707788849589
0.533772058946798	0.302602221281272
-0.405058914373109	0.172684284751207
0.951825017889722	0.641378105485391
0.816944791679529	0.35159454095763
0.166394015894957	0.0421995715384941
0.1588995276689	0.0306480879354901
3.26595066981528	1.12514815365216
0.1588995276689	0.0306480879354901
1.04062393996299	0.400467662974683
0.685514030494988	0.326317895337534
2.11518784424846	0.962803467848292
1.04026367732318	0.394747668940179
0.669700188276656	0.216836591054402
-1.13345886337206	0.34828321496857
-0.727076542516005	0.253677508869169
0.523594903770851	0.191054735130635
0.158321872008447	0.03054890339565
1.96463092715103	0.470372342687103
1.32687881734284	0.596619735020576
-1.5154277743567	0.550652304944458
2.75606918885066	0.793508670212093
-0.625469527156518	0.152450282737538
0.165310764697054	0.0422104497686673
-3.45549576669823	1.25034460620717
-0.622314221648084	0.151717296808394
-0.343542423818443	0.10090975164114
0.667998554448181	0.213489165347249
0.167846042512584	0.0427707788849589
-0.623203514518812	0.152886975065438
1.02693094535399	0.391628476671144
1.9613717712777	0.470903909509444
-0.524131265471028	0.202505065683573
1.03535032731158	0.398385212491039
0.952024225447137	0.254550165942042
1.33221646682829	0.599978311661845
0.1588995276689	0.0306480879354901
0.679724222850163	0.316628912081561
0.736613184310185	0.607095210914288
-0.948427138030359	0.578989908942928
-1.28624234459102	0.594941965574939
0.385416551619895	0.176088960307168
0.158321872008447	0.03054890339565
-0.342091382580869	0.0996589886024872
-0.62935300969794	0.153342878403685
-2.57936018855439	0.682903044011602
0.156634201293332	0.0476265114655575
-0.234000740505374	0.0766428894929934
0.157056474373317	0.0303984095560313
1.03813247983524	0.395255517634971
1.45351865984672	0.48998410568291
0.165674434882817	0.0422257308822068
-1.13707413454834	0.346951163921623
3.93568352234487	1.75542668781444
-0.221549116887011	0.0733586886722837
0.527457825354358	0.190929092424301
0.668515656075028	0.214587613419762
0.158321872008447	0.03054890339565
-0.346167140140093	0.100935083264355
3.6379052926147	1.45060215836621
1.82506062473205	0.718596748988958
1.95217241793167	1.24378893722451
0.822653975446366	0.349436596364249
2.11650162991155	0.968694798816402
-1.79541110556836	0.406108159138969
1.33106452284384	0.593312216872763
0.162378104800928	0.0310834456145106
-0.221549116887011	0.0733586886722837
0.952024225447137	0.254550165942042
0.952024225447137	0.254550165942042
-0.231087265827975	0.0758575600853595
1.96025897070573	0.471212877436839
-0.492562678621047	0.260304792103824
-0.419917996525374	0.233904568496401
-0.781001401607085	0.341442079074184
4.37775061101296	2.32066355233969
-0.625469527156518	0.152450282737538
1.3295084984824	0.599202056182031
1.45461172869713	0.491065821848087
0.0328221539377488	0.0188456361568319
-0.539926179950175	0.337247125720562
-0.170034107260075	0.0610975872772891
-0.405356433606531	0.171676250023308
-2.06819476918881	0.955368252797902
0.673553513601153	0.218109822226041
1.9613717712777	0.470903909509444
1.45840207343894	0.489337286075825
-0.313827862864578	0.145183489419901
1.58974429909629	1.68237541255878
0.154205191122894	0.0740610754617311
1.040512919554	0.397012675076271
0.669700188276656	0.216836591054402
1.3257228169597	0.589995290446957
0.157631418222578	0.0304971390385879
0.1550686105067	0.039449504415366
0.685514030494988	0.326317895337534
0.95292022183415	0.255029382628136
2.75863284516271	0.79267969100207
1.96025897070573	0.471212877436839
-0.772467984691118	0.345310968145738
0.808856832713135	0.346851612844531
0.306028019242105	0.179295157584349
1.25047232352105	0.855779345988377
0.656174847024643	0.461399907150671
0.948141792901091	0.250604857806815
1.05347520273143	0.519970347833052
1.82203776744581	0.722164176722424
0.15921674927226	0.0483450021306231
0.440979167449673	0.179231973011758
1.82604050116992	0.728003309996437
-1.79541110556836	0.406108159138969
0.158321872008447	0.03054890339565
0.95292022183415	0.255029382628136
1.96025897070573	0.471212877436839
0.166394015894957	0.0421995715384941
-0.623203514518812	0.152886975065438
0.162378104800928	0.0310834456145106
0.951547874681655	0.253003737941398
-1.79522376365631	0.406159618358576
0.957871568697817	0.254705443855955
0.531595264123315	0.195527948373046
3.93420427087175	1.75919703683862
-0.628447709775194	0.153171179772782
1.95774521617436	1.24319535153555
0.143277210472495	0.0493154830389871
-0.14121178309017	0.0794794416613955
0.525131259349727	0.192999914873943
-2.57393942994101	0.680804613621979
-0.624872195318547	0.152004974277265
0.666816815995216	0.214564732832008
2.55859644075426	1.4580819050164
0.346404298723099	0.326303738706486
0.134593021970762	0.124231631953689
-1.67982206327731	0.971940734338536
1.56246969327167	0.775010588232029
0.668257563820224	0.216585127844403
0.160614285616072	0.0483709724331317
0.950654218295308	0.25253240285929
-0.625469527156518	0.152450282737538
3.27104261465895	1.12081379847629
1.45461172869713	0.491065821848087
0.822405386609196	0.354928298866261
2.76573458231009	0.786881337530458
1.9613717712777	0.470903909509444
0.950331430928645	0.251806185220337
0.157631418222578	0.0304971390385879
-0.622314221648084	0.151717296808394
0.159429495883294	0.0480039803018655
0.165674434882817	0.0422257308822068
0.669700188276656	0.216836591054402
0.168213647836342	0.0427717891925395
0.67114469411031	0.215490092261742
0.156634201293332	0.0476265114655575
-0.717645239628491	0.245017242984414
0.529299308736187	0.192919695459024
0.389907732434353	0.177006367274923
-1.13599688789171	0.349486711323194
0.153568454289862	0.0464103165581933
0.817003523318725	0.351976278955221
0.441759475740907	0.180320770710895
0.442788089425193	0.181172539640702
1.82217654089451	0.725748167802471
0.158321872008447	0.03054890339565
-0.348742022466301	0.10134765260469
0.165310764697054	0.0422104497686673
0.157056474373317	0.0303984095560313
1.22597871547212	1.44442060748075
0.286115700838057	0.230638145514775
-0.00114106605765857	0.000646362694717677
-0.510767456647734	0.265707860822641
-2.57994643475892	0.682934722662173
0.141493790786818	0.0550477805246781
1.32822893225691	0.595292300170666
-0.0352330995117685	0.0165508705240236
-0.939720102893588	0.556086184732786
-2.12555717410486	1.63484152982807
0.157056474373317	0.0303984095560313
0.526106439464422	0.449824484148253
0.153330488140151	0.0297415921897382
1.45731598171219	0.481869506806391
0.0742014298116763	0.049695758430883
0.170542179845109	0.13648659796269
-0.136195579642849	0.105648736446521
0.667073956986921	0.214335437648368
0.667073956986921	0.214335437648368
0.952024225447137	0.254550165942042
0.1588995276689	0.0306480879354901
2.75606918885066	0.793508670212093
1.96463092715103	0.470372342687103
1.96025897070573	0.471212877436839
0.158321872008447	0.03054890339565
0.520628489116286	0.189937142312681
0.1588995276689	0.0306480879354901
-2.57450915234243	0.686119713628322
0.95292022183415	0.255029382628136
-0.720604456465959	0.251721589615544
1.82217654089451	0.725748167802471
0.156928434912649	0.0828304864283731
-0.292024507935675	0.2120360553109
0.189892076656262	0.135259917745791
0.795722594836854	0.61714659398957
0.387564642252162	0.323385489486197
0.872267356709386	0.9904191269513
0.158321872008447	0.03054890339565
1.96025897070573	0.471212877436839
0.157631418222578	0.0304971390385879
0.1588995276689	0.0306480879354901
1.96025897070573	0.471212877436839
0.162684850942201	0.0927918235765393
0.50032794686027	0.310254883582626
0.336622117142675	0.185666367450366
1.96025897070573	0.471212877436839
-1.79522376365631	0.406159618358576
-1.79522376365631	0.406159618358576
0.1588995276689	0.0306480879354901
0.954295652698446	0.253211023347385
-1.79522376365631	0.406159618358576
-0.624582031923329	0.153403426322781
0.158031704426094	0.0479750742787413
-0.408531279345136	0.230821320831798
-0.189537728692789	0.100080996105524
0.667073956986921	0.214335437648368
-1.79522376365631	0.406159618358576
0.147142160420391	0.0570953634191739
-0.0662111154021193	0.0288588703047111
0.825182242099608	0.353696494063807
1.06964550491194	0.527886318490954
0.166760634916841	0.0427859605507963
-0.630732478411191	0.153857382309032
1.04181404901781	0.404808808438391
0.166760634916841	0.0427859605507963
0.351646069667996	0.176699061956143
-0.314824536786712	0.146665958986666
-0.60965618557866	0.630460688574166
0.35365163462073	0.177212252977986
0.33937660386133	0.187473410645589
-0.401958471533863	0.171260636942631
0.165674434882817	0.0422257308822068
-1.83925764418712	1.16428440589755
1.82361765344649	0.72436350636832
-0.216233327172033	0.0712426822696432
-0.745251907179376	0.254271627011904
0.166737913090613	0.0422118222449661
0.951547874681655	0.253003737941398
-1.13561687794397	0.345868911390132
0.157056474373317	0.0303984095560313
-0.623203514518812	0.152886975065438
0.149753042092279	0.0513775172434915
0.152059452718086	0.029590171141199
0.945392108065693	0.250394577044051
-0.160252017371226	0.057995313298512
-0.349006134070706	0.101786523630064
0.948141792901091	0.250604857806815
-2.0710366946981	0.965136621750708
-0.348742022466301	0.10134765260469
0.95292022183415	0.255029382628136
-0.624582031923329	0.153403426322781
-0.340594160045269	0.0986092348967792
0.168213647836342	0.0427717891925395
0.817211538501641	0.34787144797607
1.32822893225691	0.595292300170666
0.169448715067567	0.0428107247727095
0.661593536121753	0.212650522521367
-0.723081962585608	0.252158286122281
4.56090089711456	2.58866188911535
-0.62409333671727	0.15194082521988
2.12181328301129	0.961086817916886
1.45986014199587	0.492707629107706
2.35351608012241	1.19618514104324
2.55859644075426	1.4580819050164
-0.991923051730099	0.494060069204322
0.15140740070063	0.0522724297544451
0.148448238167646	0.0513076201238473
-1.28038342887827	0.594844087212462
0.44012960476333	0.180773267026075
0.897689689355742	0.491637407482036
-0.399062007135857	0.224201647726767
0.864209522688312	0.630642352051912
-0.329684015349517	0.23043717021127
0.822157638974394	0.35584875469151
-0.228140727777019	0.0743455013369656
0.140763133994103	0.0483622864744384
-0.0352425474218762	0.0165596952184115
-0.463342207533431	0.306395245767241
0.14283627693171	0.061328235199751
-1.02871170775367	0.417044529530206
0.895795854263994	0.487259772772187
0.140510148384066	0.048664068301297
0.162942698182568	0.0413114056520163
0.142932199282946	0.0493789142388318
1.44969992073046	0.485973419912067
0.954295652698446	0.253211023347385
0.157056474373317	0.0303984095560313
1.9613717712777	0.470903909509444
0.170541995167361	0.0433725109405701
0.957871568697817	0.254705443855955
0.152059452718086	0.029590171141199
0.157631418222578	0.0304971390385879
-2.57393942994101	0.680804613621979
0.153330488140151	0.0297415921897382
0.161791665747346	0.0309826798878848
0.952024225447137	0.254550165942042
0.158321872008447	0.03054890339565
1.9613717712777	0.470903909509444
0.157056474373317	0.0303984095560313
0.809096541632611	0.345457088336385
2.75734920342264	0.799800653832186
-1.02317688891156	0.41384083840968
-0.164670754823175	0.0598730481364037
-0.152070775192634	0.0547811217858639
0.95631708034979	0.642706307170067
1.57015137982675	0.798112285981421
0.146000854713068	0.0561142972691453
2.72952447975446	1.68797112003595
1.04711061780939	0.401217768301824
0.169448715067567	0.0428107247727095
0.162378104800928	0.0310834456145106
0.147142932159236	0.0509873558125847
0.158321872008447	0.03054890339565
0.140516880773455	0.0545297949412117
0.953397312790705	0.252738122158945
0.78767812419087	0.472977753985954
0.146923762007403	0.0508196417525894
-0.774843523169183	0.346849078323959
-0.622314221648084	0.151717296808394
0.147142932159236	0.0509873558125847
3.26735525568462	1.11469211429917
-0.623695063230009	0.152227657420805
0.160033282133955	0.0407505791232416
0.952024225447137	0.254550165942042
-2.57994643475892	0.682934722662173
-0.62982953293132	0.153685936034785
-3.07880362658843	0.963967696821091
-0.532019147491516	0.206951811605764
0.673553513601153	0.218109822226041
0.598713662126471	0.313997946459841
-0.724489220764226	0.25507339261849
2.76088021610819	0.795949787637318
-0.346167140140093	0.100935083264355
0.169301214921532	0.0427592743769238
-0.219259833165648	0.0720995324237527
1.03515111598185	0.401690296345324
0.956487790679547	0.25443416057231
0.597806200245749	0.313287900912832
-0.203877527256163	0.188038989233649
-0.591261195305403	0.576361507972841
-0.773868262640672	1.11805982465018
-0.539513445637313	0.662214058802878
-0.837574057740716	1.14888339963578
-0.230386974455821	0.254731481568455
-0.151756236463228	0.0557391336018927
-1.5154277743567	0.550652304944458
0.950654218295308	0.25253240285929
0.170541995167361	0.0433725109405701
3.26735525568462	1.11469211429917
0.95292022183415	0.255029382628136
2.11518784424846	0.962803467848292
0.95558416772101	0.253955285085994
-1.79541110556836	0.406108159138969
0.157056474373317	0.0303984095560313
2.75863284516271	0.79267969100207
0.96055594466668	0.252218652307608
-3.0805660074572	0.955215233063362
0.162378104800928	0.0310834456145106
1.82723433620716	0.72976386465442
-1.79541110556836	0.406108159138969
1.9613717712777	0.470903909509444
0.153773809483776	0.0463295199784768
0.172003388254653	0.043682446671818
-1.79522376365631	0.406159618358576
1.96025897070573	0.471212877436839
1.45641688249062	0.4860389300833
0.1588995276689	0.0306480879354901
-0.731525616406812	0.255525096859232
-2.57936018855439	0.682903044011602
-0.525102425077991	0.203568491059548
-0.628447709775194	0.153171179772782
0.950654218295308	0.25253240285929
0.669959235301846	0.21328277804383
-1.02598754897463	0.414743296101028
2.11630521628039	0.969154823351082
0.817003523318725	0.351976278955221
0.95292022183415	0.255029382628136
1.82723433620716	0.72976386465442
2.75734920342264	0.799800653832186
1.04160966012263	0.401916952457565
2.75734920342264	0.799800653832186
0.168213647836342	0.0427717891925395
-0.624582031923329	0.153403426322781
0.155236989444065	0.046931522021964
0.166760634916841	0.0427859605507963
2.55449026718351	1.4468023506972
0.0689709963701518	0.0543002841215157
2.90217396973858	1.98208060523373
0.358472013278421	0.180786292177624
2.75863284516271	0.79267969100207
0.787391240444451	0.736372256437182
-0.189843669955073	0.100481665358006
-1.47885824455601	1.03256205993176
-0.0572535489213913	0.0251300499893074
-3.75448747115041	1.51208464914552
0.161436135884774	0.107738144778679
0.531595264123315	0.195527948373046
1.03932317999806	0.399473022199737
1.96025897070573	0.471212877436839
1.9613717712777	0.470903909509444
-0.624582031923329	0.153403426322781
0.157056474373317	0.0303984095560313
3.63643152651936	1.45439996443785
0.952024225447137	0.254550165942042
1.96025897070573	0.471212877436839
0.153330488140151	0.0297415921897382
0.158321872008447	0.03054890339565
2.75734920342264	0.799800653832186
0.1588995276689	0.0306480879354901
0.161486408205213	0.0413117168731846
0.95292022183415	0.255029382628136
0.167835966487839	0.0955169165701597
0.162378104800928	0.0310834456145106
0.156422543419747	0.0472980918883861
-0.62982953293132	0.153685936034785
-3.08381588002162	0.95918852957187
1.96025897070573	0.471212877436839
0.162378104800928	0.0310834456145106
0.95292022183415	0.255029382628136
0.160384885012197	0.0410552053935884
1.03535032731158	0.398385212491039
-0.186813586778307	0.0994381966171893
0.146173228751585	0.0697703665163214
1.0068434601258	1.18840068967261
0.149853105967217	0.0649478893208599
2.762173012355	0.796052683519412
0.504187029505655	0.315388317827237
0.0475665793358555	0.0272750911978286
-0.807642033557389	0.686710735430857
1.04963828155991	0.512044823550963
1.08442101103565	0.645961536491264
-0.223445396665255	0.0731100986253306
0.525964016980888	0.191864376850222
0.662786179108504	0.213105829711844
-1.79522376365631	0.406159618358576
-1.13453748317733	0.348386420481102
0.157631418222578	0.0304971390385879
0.483742422558607	0.325731546808304
0.1588995276689	0.0306480879354901
0.157631418222578	0.0304971390385879
-0.727420399689634	0.25376364736154
-1.07191691629478	1.10561153389126
0.3179737419159	0.190988595370817
-0.152027874499813	0.0556812356537209
0.1588995276689	0.0306480879354901
1.03515111598185	0.401690296345324
-0.50389450740688	0.263285465968529
0.0185733308498228	0.0100255334508928
-0.949748283161859	0.578148583995961
0.157631418222578	0.0304971390385879
0.161486408205213	0.0413117168731846
0.952024225447137	0.254550165942042
0.668257563820224	0.216585127844403
2.75606918885066	0.793508670212093
0.165310764697054	0.0422104497686673
-1.04093022188838	0.421509918125652
-0.772467984691118	0.345310968145738
2.34946932765502	1.20004188926087
-0.732708626851589	0.255851771606928
0.433736870450855	0.177466012567766
0.168213647836342	0.0427717891925395
0.168213647836342	0.0427717891925395
1.82073728246914	0.724274882905695
0.526282024246712	0.193593170961761
0.95292022183415	0.255029382628136
0.161791665747346	0.0309826798878848
0.953397312790705	0.252738122158945
-0.619634069394611	0.151716324023864
0.953397312790705	0.252738122158945
1.96025897070573	0.471212877436839
-2.57450915234243	0.686119713628322
-1.79522376365631	0.406159618358576
0.161791665747346	0.0309826798878848
1.96025897070573	0.471212877436839
-3.45656556517559	1.24745399482219
0.1588995276689	0.0306480879354901
0.952024225447137	0.254550165942042
0.166760634916841	0.0427859605507963
0.1588995276689	0.0306480879354901
-0.623203514518812	0.152886975065438
-1.13599688789171	0.349486711323194
0.156634201293332	0.0476265114655575
1.96025897070573	0.471212877436839
1.9613717712777	0.470903909509444
1.96463092715103	0.470372342687103
1.45496621180374	0.489974899858239
1.45351865984672	0.48998410568291
1.9613717712777	0.470903909509444
0.1588995276689	0.0306480879354901
0.95292022183415	0.255029382628136
-0.524252707979673	0.204085170600417
0.1588995276689	0.0306480879354901
0.821071015660031	0.355024826276381
0.528969012283931	0.192665716160184
2.75863284516271	0.79267969100207
-0.220404038835599	0.0729168656391525
0.172003388254653	0.043682446671818
0.163311686221074	0.0491766335657994
3.64328584107461	1.44649648514035
0.668515656075028	0.214587613419762
0.161791665747346	0.0309826798878848
0.1588995276689	0.0306480879354901
-0.624582031923329	0.153403426322781
1.96025897070573	0.471212877436839
1.96025897070573	0.471212877436839
0.157056474373317	0.0303984095560313
-0.625469527156518	0.152450282737538
0.661593536121753	0.212650522521367
3.26315080491707	1.11564490325583
-0.624582031923329	0.153403426322781
0.950654218295308	0.25253240285929
0.164164509697856	0.0416462564743448
1.45875777005853	0.49161470941807
0.162378104800928	0.0310834456145106
0.954295652698446	0.253211023347385
0.952024225447137	0.254550165942042
0.161694559716164	0.0487970170518378
0.172003388254653	0.043682446671818
3.26454918998549	1.12582035861405
0.67114469411031	0.215490092261742
0.668515656075028	0.214587613419762
-0.344718928168882	0.101170101330633
-0.623203514518812	0.152886975065438
1.96025897070573	0.471212877436839
0.157056474373317	0.0303984095560313
0.957871568697817	0.254705443855955
2.75863284516271	0.79267969100207
-2.57450915234243	0.686119713628322
0.1588995276689	0.0306480879354901
0.167846042512584	0.0427707788849589
1.9613717712777	0.470903909509444
2.75606918885066	0.793508670212093
2.75734920342264	0.799800653832186
-1.79522376365631	0.406159618358576
0.951547874681655	0.253003737941398
-1.79522376365631	0.406159618358576
-1.79522376365631	0.406159618358576
1.45606145484126	0.491057209685398
0.952024225447137	0.254550165942042
0.956487790679547	0.25443416057231
1.45461172869713	0.491065821848087
2.75734920342264	0.799800653832186
0.668515656075028	0.214587613419762
-3.0805660074572	0.955215233063362
1.9613717712777	0.470903909509444
0.1588995276689	0.0306480879354901
1.96025897070573	0.471212877436839
1.4531651131754	0.486692367864221
0.1588995276689	0.0306480879354901
-0.624582031923329	0.153403426322781
-0.152509336205892	0.0557203112776917
-1.52605933154948	0.547724824134213
-0.647258806239007	0.380659675012522
0.434765734153405	0.177993138783725
0.164226724221899	0.0416602681945232
-1.13453748317733	0.348386420481102
1.45606145484126	0.491057209685398
1.32535961029423	0.590134036817937
-0.222901125507273	0.07385839070143
1.043208103876	0.402535852395547
0.166394015894957	0.0421995715384941
0.158031704426094	0.0479750742787413
1.9613717712777	0.470903909509444
3.26454918998549	1.12582035861405
-1.02871170775367	0.417044529530206
1.45351865984672	0.48998410568291
0.1588995276689	0.0306480879354901
1.96025897070573	0.471212877436839
0.95292022183415	0.255029382628136
1.03108891614978	0.395666438305109
-1.139798321011	0.349782272227464
0.170541995167361	0.0433725109405701
0.157056474373317	0.0303984095560313
-1.79522376365631	0.406159618358576
-1.79522376365631	0.406159618358576
1.04160966012263	0.401916952457565
0.158321872008447	0.03054890339565
0.1588995276689	0.0306480879354901
0.661593536121753	0.212650522521367
0.81802893897956	0.350122578962383
0.158321872008447	0.03054890339565
2.75734920342264	0.799800653832186
1.82480935034987	0.726106092264881
1.96025897070573	0.471212877436839
0.668257563820224	0.216585127844403
0.523979603602765	0.191000633185462
0.676191819364127	0.216171302955092
-0.35137798744179	0.102393082124341
0.1588995276689	0.0306480879354901
1.96025897070573	0.471212877436839
-1.13384470910725	0.346451671342812
0.172003388254653	0.043682446671818
3.26595066981528	1.12514815365216
3.26454918998549	1.12582035861405
1.96025897070573	0.471212877436839
0.95558416772101	0.253955285085994
0.157056474373317	0.0303984095560313
-3.07968455989498	0.963635125148535
0.168213647836342	0.0427717891925395
2.11121372988457	0.963126869077612
1.4531651131754	0.486692367864221
2.76088021610819	0.795949787637318
1.82893701442997	0.723357076557195
1.96025897070573	0.471212877436839
1.9613717712777	0.470903909509444
0.157631418222578	0.0304971390385879
-0.346073388722937	0.100232951232175
0.950654218295308	0.25253240285929
0.668084647841113	0.214613858911294
-0.623203514518812	0.152886975065438
1.33066146326993	0.594944346005423
0.950654218295308	0.25253240285929
0.157631418222578	0.0304971390385879
-1.13453748317733	0.348386420481102
2.75863284516271	0.79267969100207
0.1588995276689	0.0306480879354901
-1.80012731460838	0.40572439661199
0.158031704426094	0.0479750742787413
1.45751430283764	0.487103907991292
1.03674127319984	0.397936005636489
0.951547874681655	0.253003737941398
0.165310764697054	0.0422104497686673
0.162378104800928	0.0310834456145106
0.157631418222578	0.0304971390385879
1.45641688249062	0.4860389300833
2.76088021610819	0.795949787637318
2.76088021610819	0.795949787637318
0.157056474373317	0.0303984095560313
-0.624582031923329	0.153403426322781
0.157056474373317	0.0303984095560313
0.157631418222578	0.0304971390385879
0.165273197569164	0.0419033482397814
0.163094953310193	0.0494223382636678
0.953397312790705	0.252738122158945
0.14953299838415	0.0516176458431704
-0.105184499705765	0.0420440901539834
1.45351865984672	0.48998410568291
0.166760634916841	0.0427859605507963
0.529086245411457	0.194521335925232
1.82361765344649	0.72436350636832
1.82604050116992	0.728003309996437
1.325541173279	0.596317804415036
-0.220404038835599	0.0729168656391525
1.82868259121074	0.729942315494172
0.525131259349727	0.192999914873943
0.1588995276689	0.0306480879354901
0.157631418222578	0.0304971390385879
-0.344718928168882	0.101170101330633
0.672329204234225	0.214414311899322
-0.346338838256578	0.100875906320348
1.82217654089451	0.725748167802471
-3.08381588002162	0.95918852957187
0.1588995276689	0.0306480879354901
3.27104261465895	1.12081379847629
-0.722131735316544	0.252143474448172
0.151192104824609	0.0457157821928599
1.9613717712777	0.470903909509444
0.534230784302693	0.193983916589406
1.02970267836685	0.396112309053988
0.166394015894957	0.0421995715384941
1.96025897070573	0.471212877436839
-1.02507055477142	0.414631292458462
-1.1412609968196	0.35088828313214
1.9613717712777	0.470903909509444
1.33772445792013	0.581467122068825
1.03902671883926	0.401278580186936
0.951547874681655	0.253003737941398
0.95558416772101	0.253955285085994
0.165674434882817	0.0422257308822068
0.956487790679547	0.25443416057231
3.26735525568462	1.11469211429917
1.9613717712777	0.470903909509444
3.63496088118677	1.451939681774
0.163311686221074	0.0491766335657994
0.151192104824609	0.0457157821928599
-0.220610815050773	0.0725929304678882
-1.13492041310201	0.349384486959602
-1.139798321011	0.349782272227464
1.96025897070573	0.471212877436839
0.157056474373317	0.0303984095560313
0.946765399319523	0.252386055990515
0.96055594466668	0.252218652307608
0.953397312790705	0.252738122158945
0.157056474373317	0.0303984095560313
0.163094953310193	0.0494223382636678
-0.623203514518812	0.152886975065438
0.157819500886876	0.0479964018015095
1.45461172869713	0.491065821848087
0.945392108065693	0.250394577044051
2.75606918885066	0.793508670212093
-0.624582031923329	0.153403426322781
1.46021680212861	0.488909487893217
0.952024225447137	0.254550165942042
1.04021638335115	0.398783042992239
1.9613717712777	0.470903909509444
0.951547874681655	0.253003737941398
1.45875777005853	0.49161470941807
2.76088021610819	0.795949787637318
-0.623203514518812	0.152886975065438
1.9613717712777	0.470903909509444
1.45875777005853	0.49161470941807
0.158321872008447	0.03054890339565
3.26735525568462	1.11469211429917
1.3230464333918	0.587737669083066
0.165310764697054	0.0422104497686673
0.1588995276689	0.0306480879354901
0.95558416772101	0.253955285085994
0.954295652698446	0.253211023347385
0.157631418222578	0.0304971390385879
1.45875777005853	0.49161470941807
1.96025897070573	0.471212877436839
0.1588995276689	0.0306480879354901
0.1588995276689	0.0306480879354901
-1.79541110556836	0.406108159138969
-1.139798321011	0.349782272227464
0.167846042512584	0.0427707788849589
1.9613717712777	0.470903909509444
1.03922988577136	0.400124112296972
1.45351865984672	0.48998410568291
-0.347343651948862	0.100521829573696
0.954295652698446	0.253211023347385
-1.13345886337206	0.34828321496857
-2.57450915234243	0.686119713628322
1.96463092715103	0.470372342687103
1.9613717712777	0.470903909509444
1.96025897070573	0.471212877436839
0.154050490761234	0.0462665288164102
-0.624582031923329	0.153403426322781
0.95292022183415	0.255029382628136
1.96025897070573	0.471212877436839
1.96025897070573	0.471212877436839
0.167846042512584	0.0427707788849589
-2.57393942994101	0.680804613621979
-0.723310015883846	0.254344357266946
1.96025897070573	0.471212877436839
-1.79522376365631	0.406159618358576
0.157056474373317	0.0303984095560313
1.3373635192526	0.59299594826263
1.36580344354591	1.24280384219728
0.141066838404642	0.0610911305943552
-1.12965913036419	0.345874034206289
0.166991219048644	0.0498989788382561
-1.81672391556845	0.755139764558434
0.348989059454187	0.175129005978979
-0.405058914373109	0.172684284751207
0.160400851667561	0.0483731984970343
0.669440224929851	0.215480111776117
0.164278215865622	0.0494439084469955
-1.51822461727644	0.546437377819713
2.75734920342264	0.799800653832186
0.165678640076941	0.0495679171328434
-1.02849046705274	0.419931822610547
1.44824908922374	0.485976898894524
0.526475289805826	0.193047228245027
-2.28361142919572	1.18123677773886
-0.624582031923329	0.153403426322781
-0.623203514518812	0.152886975065438
-0.62409333671727	0.15194082521988
0.661593536121753	0.212650522521367
0.685514030494988	0.326317895337534
-0.343542423818443	0.10090975164114
-1.13599688789171	0.349486711323194
3.63883921155901	1.44661355339588
2.75606918885066	0.793508670212093
3.26595066981528	1.12514815365216
-1.13492041310201	0.349384486959602
0.162378104800928	0.0310834456145106
1.9613717712777	0.470903909509444
1.45351865984672	0.48998410568291
1.96025897070573	0.471212877436839
0.152059452718086	0.029590171141199
3.93125144766702	1.74152412237937
0.519478061083296	0.190484525868409
-0.624582031923329	0.153403426322781
1.56905957384716	0.80439629318691
3.26735525568462	1.11469211429917
0.158031704426094	0.0479750742787413
-3.08560892508393	0.959287165776606
-0.622314221648084	0.151717296808394
0.158321872008447	0.03054890339565
2.75734920342264	0.799800653832186
1.96025897070573	0.471212877436839
0.668257563820224	0.216585127844403
2.11121372988457	0.963126869077612
-0.312137561692804	0.145178432470928
1.45641688249062	0.4860389300833
0.151147710779537	0.0523193888171726
-0.217602968474122	0.072079936429114
1.96463092715103	0.470372342687103
1.45641688249062	0.4860389300833
-1.51513633099547	0.548077569901583
1.043208103876	0.402535852395547
0.427292974813894	0.172300857010492
0.1588995276689	0.0306480879354901
-2.57450915234243	0.686119713628322
-0.625469527156518	0.152450282737538
0.670883773275737	0.21573252817249
0.158321872008447	0.03054890339565
1.9613717712777	0.470903909509444
0.673553513601153	0.218109822226041
0.670883773275737	0.21573252817249
-0.221549116887011	0.0733586886722837
0.157631418222578	0.0304971390385879
0.169448715067567	0.0428107247727095
0.157056474373317	0.0303984095560313
0.153330488140151	0.0297415921897382
-2.57393942994101	0.680804613621979
3.63643152651936	1.45439996443785
0.953397312790705	0.252738122158945
1.9613717712777	0.470903909509444
0.158321872008447	0.03054890339565
0.157631418222578	0.0304971390385879
-0.73248982751734	0.255921070717602
0.157631418222578	0.0304971390385879
0.157056474373317	0.0303984095560313
2.75606918885066	0.793508670212093
1.96463092715103	0.470372342687103
0.1588995276689	0.0306480879354901
0.152059452718086	0.029590171141199
0.1588995276689	0.0306480879354901
2.75734920342264	0.799800653832186
2.75606918885066	0.793508670212093
0.668257563820224	0.216585127844403
-0.352824712262703	0.102155795737906
0.158321872008447	0.03054890339565
3.64031826737114	1.45820478057553
0.95292022183415	0.255029382628136
0.1588995276689	0.0306480879354901
-0.623203514518812	0.152886975065438
-0.624582031923329	0.153403426322781
0.951716207590905	0.252076454273351
-0.785279097962549	0.341989981674476
0.15921674927226	0.0483450021306231
0.142353333383351	0.0486168909716807
0.664228257408103	0.213358767976231
0.971876336193137	0.64320562135346
-0.153133836778932	0.0562143523090425
0.165310764697054	0.0422104497686673
-0.520260957272751	0.201061026298512
0.387248611171863	0.176367037219288
1.76122464919275	1.36759639618922
0.149503515251289	0.0648413296717991
0.170907934848088	0.043117938222106
0.822157638974394	0.35584875469151
-0.101804456164738	0.0409535310010035
1.03783609384751	0.397011482932924
0.526172970540526	0.191693034792967
3.26454918998549	1.12582035861405
-1.27637405814093	0.587410974675774
-0.623203514518812	0.152886975065438
1.45641688249062	0.4860389300833
1.82723433620716	0.72976386465442
1.44969992073046	0.485973419912067
0.530234735136755	0.195115554796289
0.170541995167361	0.0433725109405701
0.946765399319523	0.252386055990515
0.158031704426094	0.0479750742787413
1.82048878018078	0.719555340107451
0.153614406882621	0.0389082179443764
0.157819500886876	0.0479964018015095
0.670883773275737	0.21573252817249
0.670883773275737	0.21573252817249
0.95292022183415	0.255029382628136
0.156422543419747	0.0472980918883861
-1.81281284079462	0.749911386602174
0.388184733210315	0.176460390937521
1.26612734033839	0.702883076079541
1.96025897070573	0.471212877436839
0.95558416772101	0.253955285085994
1.03497180873916	0.398183249253136
-1.79541110556836	0.406108159138969
1.9613717712777	0.470903909509444
0.158321872008447	0.03054890339565
0.157056474373317	0.0303984095560313
0.157056474373317	0.0303984095560313
-0.623203514518812	0.152886975065438
1.04160966012263	0.401916952457565
0.669440224929851	0.215480111776117
-0.624582031923329	0.153403426322781
0.168213647836342	0.0427717891925395
0.167125285140998	0.0422176691573725
2.55691102779215	1.4503581883601
-1.02317688891156	0.41384083840968
0.160384885012197	0.0410552053935884
0.525131259349727	0.192999914873943
-0.73816041197284	0.256255128206984
-1.13492041310201	0.349384486959602
0.157056474373317	0.0303984095560313
1.9613717712777	0.470903909509444
0.151192104824609	0.0457157821928599
-0.154427656562561	0.056364447735585
1.96025897070573	0.471212877436839
1.45986014199587	0.492707629107706
1.82723433620716	0.72976386465442
-0.340869162586215	0.0994476453021484
0.145024499856642	0.0562358837980151
-0.610511037855192	0.296150438420001
0.164226724221899	0.0416602681945232
1.32009994350343	0.587255735938407
-2.28602353305835	1.18708996343768
1.33073453260694	0.586902415531118
0.677427945070776	0.216410794008318
1.9613717712777	0.470903909509444
0.158031704426094	0.0479750742787413
0.152489836004519	0.052740500279662
-3.45763611849403	1.23653939858857
0.690834825061164	0.330577258585932
-3.08560892508393	0.959287165776606
3.64571789778181	1.44441964476519
-0.338511026319061	0.0982184054411285
2.762173012355	0.796052683519412
1.45351865984672	0.48998410568291
2.762173012355	0.796052683519412
1.96025897070573	0.471212877436839
0.157631418222578	0.0304971390385879
0.157056474373317	0.0303984095560313
0.952024225447137	0.254550165942042
0.158031704426094	0.0479750742787413
0.157056474373317	0.0303984095560313
-0.721783751651319	0.251597360149973
0.166760634916841	0.0427859605507963
0.528969012283931	0.192665716160184
-1.13599688789171	0.349486711323194
0.152059452718086	0.029590171141199
-0.768390647702962	0.343134946307021
-0.343268806146835	0.0999183449449793
-0.623695063230009	0.152227657420805
-0.774797596745505	0.346403427121627
-1.79541110556836	0.406108159138969
-2.57507908676252	0.680490038595289
0.525131259349727	0.192999914873943
0.668084647841113	0.214613858911294
0.14605644861433	0.0505224990642865
0.160033282133955	0.0407505791232416
2.75606918885066	0.793508670212093
2.75606918885066	0.793508670212093
-1.79522376365631	0.406159618358576
0.952024225447137	0.254550165942042
1.45730188638128	0.488260410534648
-0.62982953293132	0.153685936034785
1.9613717712777	0.470903909509444
0.1588995276689	0.0306480879354901
0.165674434882817	0.0422257308822068
-0.222901125507273	0.07385839070143
1.45461172869713	0.491065821848087
2.12300707262164	0.963419621094762
1.96025897070573	0.471212877436839
0.954295652698446	0.253211023347385
0.157056474373317	0.0303984095560313
0.666636334072553	0.213033462222844
0.149970903195637	0.065265876842915
0.678523927104916	0.319455070068707
-0.230870507498651	0.0758567367259122
0.526282024246712	0.193593170961761
0.135879545068767	0.0527837992472243
2.35081533466009	1.20147565074976
-1.0248480889871	0.413348830270468
-0.227429765821456	0.0748191696657807
-0.154427656562561	0.056364447735585
-0.52556727760428	0.203116503406994
0.15032418347078	0.0515592356580891
0.518122946273838	0.189782716405237
1.56371017708573	0.796477488281912
0.950654218295308	0.25253240285929
0.664228257408103	0.213358767976231
0.530234735136755	0.195115554796289
2.75734920342264	0.799800653832186
0.952024225447137	0.254550165942042
0.163094953310193	0.0494223382636678
1.82578795240992	0.72409353488536
-0.622314221648084	0.151717296808394
1.45461172869713	0.491065821848087
-3.07968455989498	0.963635125148535
0.163311686221074	0.0491766335657994
0.139171972908913	0.0481781540681678
0.166760634916841	0.0427859605507963
-1.79541110556836	0.406108159138969
0.166394015894957	0.0421995715384941
3.26454918998549	1.12582035861405
0.1588995276689	0.0306480879354901
0.952024225447137	0.254550165942042
0.157819500886876	0.0479964018015095
0.95558416772101	0.253955285085994
1.03256922990721	0.39387722027159
0.168213647836342	0.0427717891925395
0.166760634916841	0.0427859605507963
0.523594903770851	0.191054735130635
1.04062393996299	0.400467662974683
-0.619634069394611	0.151716324023864
0.954295652698446	0.253211023347385
0.165310764697054	0.0422104497686673
-0.339412770165686	0.0990063673017856
1.82868259121074	0.729942315494172
-3.08560892508393	0.959287165776606
-1.81437844413432	0.746436419448748
-0.347528305961503	0.100672430355311
0.152489836004519	0.052740500279662
0.670918012354519	0.214260520333448
0.162878077886294	0.0488236589544503
1.45351865984672	0.48998410568291
1.82336730645351	0.727498434871424
0.160614285616072	0.0483709724331317
-0.105951718032754	0.0425412033264212
3.92874288694813	1.75035531053454
-0.736974202582871	0.25698901940374
-3.08381588002162	0.95918852957187
-0.343268806146835	0.0999183449449793
1.9613717712777	0.470903909509444
-0.726014434586772	0.253129587844998
0.666816815995216	0.214564732832008
0.157631418222578	0.0304971390385879
0.157056474373317	0.0303984095560313
-1.79541110556836	0.406108159138969
-1.79522376365631	0.406159618358576
-0.216233327172033	0.0712426822696432
0.1500643212047	0.0518518782937859
0.895093264958149	0.483390805851487
0.156422543419747	0.0472980918883861
-0.517606566264528	0.199808951479653
-0.723081962585608	0.252158286122281
0.95292022183415	0.255029382628136
-0.22458825905564	0.0738605087191762
0.157631418222578	0.0304971390385879
0.157056474373317	0.0303984095560313
1.325541173279	0.596317804415036
0.157631418222578	0.0304971390385879
0.166760634916841	0.0427859605507963
0.956487790679547	0.25443416057231
-0.62982953293132	0.153685936034785
1.96025897070573	0.471212877436839
1.9613717712777	0.470903909509444
-1.79541110556836	0.406108159138969
-1.79522376365631	0.406159618358576
2.75734920342264	0.799800653832186
0.158321872008447	0.03054890339565
-2.57450915234243	0.686119713628322
3.26454918998549	1.12582035861405
-3.08471213635442	0.965314084973475
-1.13600022882357	0.347365132523473
2.75606918885066	0.793508670212093
0.157056474373317	0.0303984095560313
-0.623203514518812	0.152886975065438
0.147142932159236	0.0509873558125847
-2.57450915234243	0.686119713628322
0.165310764697054	0.0422104497686673
1.82073728246914	0.724274882905695
-1.82467177482471	0.757687975137559
0.954295652698446	0.253211023347385
0.157056474373317	0.0303984095560313
0.673553513601153	0.218109822226041
1.96025897070573	0.471212877436839
0.95292022183415	0.255029382628136
0.95292022183415	0.255029382628136
1.9613717712777	0.470903909509444
1.9613717712777	0.470903909509444
0.1588995276689	0.0306480879354901
0.950654218295308	0.25253240285929
0.952024225447137	0.254550165942042
1.45351865984672	0.48998410568291
0.157056474373317	0.0303984095560313
0.170541995167361	0.0433725109405701
3.26595066981528	1.12514815365216
0.662786179108504	0.213105829711844
0.153802401561904	0.0869560950418222
-0.221973289555658	0.166525698800425
1.53060644843291	2.22833811570659
0.151239636842737	0.0852617009302351
0.181388917113295	0.129055783444648
-0.184153964606816	0.0973749903554782
-0.383917974877597	0.331532224522718
0.40044776191486	0.311763234888443
1.45177970899331	0.920694758552088
-1.22086663578518	0.897987492936584
0.299455464346797	0.19011169691178
-0.147565245805084	0.0831456418022777
-0.196620084464823	0.104558191819387
0.146711141797951	0.0635034183541647
0.596332927110591	0.313973595393981
1.27955952138629	0.705452330924629
-1.68640760087805	0.974321078283253
1.03654154158417	0.402707767551167
1.04962996768786	0.397080903300616
-0.552534614542228	0.347715795248888
1.44579850329757	0.906837737262896
-0.415626366644702	0.233181988197588
2.35211203002731	1.19567077724615
0.70046954596495	0.453501291403193
0.545805348744164	0.310821057374362
-0.24466082041065	0.121934451484087
1.07632121654668	0.665985065444836
1.03902671883926	0.401278580186936
3.26821961846391	1.12055426106264
0.160384885012197	0.0410552053935884
0.600652971289106	0.315965712394016
-0.400062396642448	0.170601933136714
0.151147710779537	0.0523193888171726
0.705169135867992	0.454972866975357
-0.103152862860473	0.0415929454699209
1.07613883622727	0.651942489969592
1.9613717712777	0.470903909509444
0.159003857627083	0.0480265128738231
-1.34526968015861	1.08803397493921
1.31990734853467	0.587765827389329
1.82073728246914	0.724274882905695
-1.13599688789171	0.349486711323194
0.954295652698446	0.253211023347385
0.526282024246712	0.193593170961761
-0.103638301473566	0.0411024939622192
2.1110217653764	0.962555227661631
0.1500643212047	0.0518518782937859
0.385780976013368	0.176270873560579
0.99515962736315	0.79531845340553
0.791481000872642	0.616869211726321
-0.792228543698156	0.433907255832597
-0.229722716539759	0.0759270068257283
-1.22856244161951	0.918196032392357
0.313315150314828	0.186150829177187
0.159212853501049	0.0760791086463628
0.310208563172456	0.197921328526397
0.890634771964877	0.482919668042258
0.158031704426094	0.0479750742787413
0.673815739343564	0.215029182273907
0.165310764697054	0.0422104497686673
0.953397312790705	0.252738122158945
0.353735659753047	0.174528836495137
-0.815719195438146	0.528722575327015
0.896734245528596	0.487197106705282
0.444843201556635	0.180611044491138
1.45351865984672	0.48998410568291
0.892864750690696	0.485348855170441
-0.901613968956444	0.741795851036376
-0.346167140140093	0.100935083264355
-0.393737570292483	0.167638796641671
0.152380753568528	0.046289512415668
1.77386174609712	1.008328683418
0.165674434882817	0.0422257308822068
0.950654218295308	0.25253240285929
0.158321872008447	0.03054890339565
1.96025897070573	0.471212877436839
2.75734920342264	0.799800653832186
-1.79541110556836	0.406108159138969
0.157631418222578	0.0304971390385879
0.956965590292449	0.254225160809089
0.668257563820224	0.216585127844403
0.674716789964691	0.316876485583254
-0.351639245332709	0.102368245698131
2.75734920342264	0.799800653832186
-1.2846438650948	0.592277235262953
-0.400023843460132	0.170877274666796
-0.110923231855065	0.0444985908508694
-0.248829068599719	0.124639701897521
-0.0648793670734584	0.0283573029912185
0.67210466855713	0.216488954078171
-0.222695068591131	0.0735779431251597
-0.153808610141153	0.056307890723225
0.152230318137847	0.0526288187748188
1.03634162491416	0.3991693364154
0.147142160420391	0.0570953634191739
1.03515111598185	0.401690296345324
-0.338232313416877	0.0987458905293902
1.9613717712777	0.470903909509444
0.157631418222578	0.0304971390385879
2.75606918885066	0.793508670212093
0.159429495883294	0.0480039803018655
0.534447987144892	0.194750706851383
0.68663479995556	0.325281115754533
1.03912222698575	0.39971781200683
1.02831668707163	0.395116937408162
1.04021638335115	0.398783042992239
-1.139798321011	0.349782272227464
-0.228358576380837	0.0754206022353645
0.516184350924303	0.433524957612738
0.0113097373096192	0.00618369127167356
0.30658312183301	0.194003020204907
0.15340549474769	0.0735678943053625
0.161257357843123	0.0918369424576045
0.78272864009242	0.464189572985735
-1.15632884360862	0.975616012276316
0.337276828245636	0.1859756401082
-0.238960111854216	0.119346904073191
0.354977525793595	0.178136835905045
-0.987529818778603	0.499440593130384
-0.654545776062193	0.385111702149416
-0.143336076992984	0.0522792289562263
0.661345980122341	0.211138174827968
0.686783210149492	0.326529013787713
0.812845453929826	0.348166510934461
0.675428549095589	0.315749007546944
0.694889800166883	0.330632252474208
1.03773179442616	0.400174057999191
0.678617642589796	0.215342271740836
-0.222082125451092	0.0730311845849782
0.389843390145524	0.177468696687501
1.03813247983524	0.395255517634971
0.540963306308306	0.194169142092263
-1.1412609968196	0.35088828313214
1.31990734853467	0.587765827389329
-0.227429765821456	0.0748191696657807
0.157819500886876	0.0479964018015095
0.394340726947812	0.180095090167645
-0.141299571448262	0.0514880255645158
1.45207421539656	0.485631123308653
-0.79536271883063	0.433222542552389
0.148448238167646	0.0513076201238473
1.33221646682829	0.599978311661845
0.388545734267567	0.177080838165714
0.158933943506847	0.0404964559262667
0.687612213079962	0.328567932328386
0.519274334222245	0.189240619758764
-0.154080721580194	0.0564960500422514
-0.0410589097096728	0.0189972301205059
0.146276360591024	0.0501419351300708
0.155447957395554	0.0469498859464432
0.664228257408103	0.213358767976231
0.150987968499307	0.0459422956002911
0.428046960604138	0.172361929168301
-0.495797629209335	0.260776689753514
-0.724261839758342	0.252034414225576
-0.782926548114408	0.425050833273171
0.355767224786419	0.180161649565182
0.149209936952942	0.0638332108815788
0.147807964842846	0.0576339568271193
2.11121372988457	0.963126869077612
-0.526418386848564	0.204314992368531
-3.07968455989498	0.963635125148535
-1.13238101744968	0.345367402292769
-0.0612286720387767	0.026877933423787
0.669700188276656	0.216836591054402
0.667073956986921	0.214335437648368
0.674740147390516	0.216998162235432
-1.28013572177243	0.586204123865257
1.83137920050607	0.722785935023544
0.676191819364127	0.216171302955092
0.159429495883294	0.0480039803018655
0.158031704426094	0.0479750742787413
0.95292022183415	0.255029382628136
2.762173012355	0.796052683519412
0.1588995276689	0.0306480879354901
1.04300319841899	0.402259764791993
0.158321872008447	0.03054890339565
-0.619634069394611	0.151716324023864
-0.236717824035637	0.0770703275009474
0.161910749638676	0.0490513039831909
-1.51396593073936	0.54893460092185
-1.81789801192182	0.755319680676232
3.26962954853743	1.12822867523572
1.5662551419061	0.796008569427114
-0.718015885215809	0.250371550906901
-1.27715079908349	0.591856388497322
1.26486310352643	0.702343476211946
0.778961007706969	0.463950442865074
3.26962954853743	1.12822867523572
-0.622314221648084	0.151717296808394
0.157631418222578	0.0304971390385879
-0.623695063230009	0.152227657420805
0.162378104800928	0.0310834456145106
-2.57450915234243	0.686119713628322
3.26454918998549	1.12582035861405
1.82604050116992	0.728003309996437
0.526475289805826	0.193047228245027
-0.106323353352413	0.0427384873366191
-0.150458831228779	0.0551520014582941
1.46021680212861	0.488909487893217
0.158243762653532	0.0473325739053408
-0.725669351344178	0.254938132698188
-3.08471213635442	0.965314084973475
0.95292022183415	0.255029382628136
0.666711241590143	0.208852837938809
0.956487790679547	0.25443416057231
-1.13599688789171	0.349486711323194
3.64571789778181	1.44441964476519
0.527724335535867	0.192856985908082
0.953397312790705	0.252738122158945
1.02951085406631	0.395764868159058
-1.285720620462	0.591171976837136
-0.347343651948862	0.100521829573696
0.15921674927226	0.0483450021306231
0.1588995276689	0.0306480879354901
1.96025897070573	0.471212877436839
1.32699901372397	0.587740020367271
-0.345896359412486	0.100748738523468
1.45875777005853	0.49161470941807
1.03654154158417	0.402707767551167
1.56371017708573	0.796477488281912
1.44824908922374	0.485976898894524
0.156634201293332	0.0476265114655575
-3.0805660074572	0.955215233063362
0.145862581219173	0.0567091459421943
-0.00408820289290722	0.00206244396152541
0.525131259349727	0.192999914873943
1.04062393996299	0.400467662974683
1.07117205773468	0.520186146974489
0.706668422500566	0.453109317419181
0.14277187758772	0.055506936574593
0.160384885012197	0.0410552053935884
-0.160808397258197	0.0585718717595568
-0.0657612696698745	0.0287245854969117
-0.0679761958321906	0.0295520868040948
0.147362692598526	0.0508433865470601
0.1588995276689	0.0306480879354901
1.2671107153399	0.710755789415756
0.157631418222578	0.0304971390385879
0.442213944161843	0.180035215421578
1.08197600508373	0.671805047482294
1.45496621180374	0.489974899858239
1.82217654089451	0.725748167802471
1.33486094464373	0.596716782173894
1.44708274587431	0.90913607423889
2.90494715950903	1.99112855909368
-0.339412770165686	0.0990063673017856
-0.622732283331691	0.299603465733923
0.525026791000792	0.190152272216334
1.57038684410817	0.807034365925312
1.27340249284825	0.719681656496615
0.148372886099156	0.05096482082674
-0.228358576380837	0.0754206022353645
-0.224253139168393	0.073796430498605
0.383886969187111	0.174624801075651
2.35467478938242	1.19905464158601
0.678523927104916	0.319455070068707
1.03793223060229	0.402236165852461
0.670883773275737	0.21573252817249
-1.27607477349888	0.58674220064956
0.157439237877498	0.0751065650786987
-0.239956964686444	0.119472020373087
2.11399187721341	0.960456176117222
0.1588995276689	0.0306480879354901
-0.611330516831816	0.293984459765034
0.594586220438757	0.310408707544423
0.544494663420725	0.314083110401379
0.520628489116286	0.189937142312681
-1.68944081303628	0.980212345517434
-0.216459792863705	0.0716410349070388
-3.76085193858471	1.516389149945
1.8219271179281	0.726018448121517
0.667073956986921	0.214335437648368
1.77467264194215	1.01468614197277
0.953397312790705	0.252738122158945
0.821071015660031	0.355024826276381
0.155236989444065	0.046931522021964
0.669700188276656	0.216836591054402
0.1535714904589	0.0530493054972145
0.158321872008447	0.03054890339565
1.05892340645215	0.524213355234419
0.670883773275737	0.21573252817249
0.815705372076796	0.351565174973888
-0.521340294511308	0.201416056002614
2.11260268209087	0.963178522665624
1.81929987358015	0.717843244648639
1.03674127319984	0.397936005636489
2.12181328301129	0.961086817916886
1.96463092715103	0.470372342687103
0.660154272128366	0.210687849785302
1.96025897070573	0.471212877436839
0.951547874681655	0.253003737941398
0.166760634916841	0.0427859605507963
0.167846042512584	0.0427707788849589
-0.222901125507273	0.07385839070143
0.150780277655915	0.04502440440772
-0.224253139168393	0.073796430498605
-0.0286959127070005	0.0135732820753739
3.93568352234487	1.75542668781444
1.05867489725025	0.524260431275118
0.953397312790705	0.252738122158945
0.389481165491875	0.177172496146289
0.156845715679068	0.0472965888265206
0.67210466855713	0.216488954078171
-3.07880362658843	0.963967696821091
1.8219271179281	0.726018448121517
-0.21359911563999	0.0699173393856954
0.525964016980888	0.191864376850222
3.27104261465895	1.12081379847629
0.157631418222578	0.0304971390385879
0.170907934848088	0.043117938222106
-2.57507908676252	0.680490038595289
-0.342091382580869	0.0996589886024872
0.674740147390516	0.216998162235432
-0.624582031923329	0.153403426322781
0.821071015660031	0.355024826276381
0.171634472420616	0.0433572706368662
0.151147710779537	0.0523193888171726
2.56124244328711	1.4585663912492
0.95292022183415	0.255029382628136
1.03654154158417	0.402707767551167
0.165310764697054	0.0422104497686673
0.148009607409806	0.0508661285145361
0.953397312790705	0.252738122158945
0.781646932893488	0.464046385304063
2.11379890771953	0.965542629430375
0.95292022183415	0.255029382628136
0.951716207590905	0.252076454273351
1.96025897070573	0.471212877436839
-0.349006134070706	0.101786523630064
0.363035173819155	0.182801959348797
1.77339725913051	1.01611816085113
-1.02734963908132	0.419609489752489
0.145954636563838	0.0504439336364752
-0.343542423818443	0.10090975164114
0.670918012354519	0.214260520333448
1.33371124435023	0.59016364592686
0.167125285140998	0.0422176691573725
-0.623695063230009	0.152227657420805
0.668257563820224	0.216585127844403
-0.221755533699252	0.0734151122801483
-0.623203514518812	0.152886975065438
0.527625536835698	0.193638734585991
-0.62409333671727	0.15194082521988
0.950654218295308	0.25253240285929
0.95292022183415	0.255029382628136
0.161791665747346	0.0309826798878848
1.03089658662325	0.396761481668771
-1.49713295825533	0.775816970206693
0.157819500886876	0.0479964018015095
-0.625469527156518	0.152450282737538
-0.62409333671727	0.15194082521988
-1.02454205705902	0.414665056409594
0.164278215865622	0.0494439084469955
0.16183898726961	0.0410563761793581
0.157631418222578	0.0304971390385879
-0.22584984896384	0.074068293460933
-0.731086783026683	0.253036444032461
0.166760634916841	0.0427859605507963
0.669440224929851	0.215480111776117
0.953397312790705	0.252738122158945
0.159429495883294	0.0480039803018655
1.96025897070573	0.471212877436839
1.45461172869713	0.491065821848087
0.156422543419747	0.0472980918883861
0.163094953310193	0.0494223382636678
1.45606145484126	0.491057209685398
1.06426358771682	0.529514790306315
0.957871568697817	0.254705443855955
-0.223002041835152	0.073276211453375
-0.346167140140093	0.100935083264355
1.45751430283764	0.487103907991292
1.96025897070573	0.471212877436839
3.93420427087175	1.75919703683862
1.05938026216455	0.517022532996853
0.815912962371326	0.348346731608744
0.160400851667561	0.0483731984970343
1.45986014199587	0.492707629107706
-0.219052553662513	0.0719255077197386
1.96025897070573	0.471212877436839
0.152059452718086	0.029590171141199
0.525131259349727	0.192999914873943
0.951547874681655	0.253003737941398
1.9613717712777	0.470903909509444
0.950654218295308	0.25253240285929
0.952024225447137	0.254550165942042
1.8219271179281	0.726018448121517
0.672365927723615	0.21584689717513
0.157631418222578	0.0304971390385879
0.1588995276689	0.0306480879354901
2.75863284516271	0.79267969100207
-0.623203514518812	0.152886975065438
-0.340914885943416	0.0986896672784069
0.444269307982615	0.182724882347965
0.162378104800928	0.0310834456145106
0.157631418222578	0.0304971390385879
0.1588995276689	0.0306480879354901
1.32687881734284	0.596619735020576
1.46132136209316	0.489990587090443
0.148448238167646	0.0513076201238473
0.952024225447137	0.254550165942042
0.14938898484042	0.0448799012129405
0.948141792901091	0.250604857806815
0.157056474373317	0.0303984095560313
0.157631418222578	0.0304971390385879
0.157631418222578	0.0304971390385879
0.953397312790705	0.252738122158945
2.75734920342264	0.799800653832186
0.669700188276656	0.216836591054402
-2.57507908676252	0.680490038595289
-0.340914885943416	0.0986896672784069
1.46132136209316	0.489990587090443
1.96025897070573	0.471212877436839
0.710036808943238	0.455208859185046
0.738343333789385	0.708717755993595
0.168213647836342	0.0427717891925395
0.680479184814397	0.322935794112933
1.61693446123468	1.14275356428472
0.519682381544299	0.188997738083276
0.666816815995216	0.214564732832008
1.57280368997465	0.801127382429996
2.11260268209087	0.963178522665624
0.531595264123315	0.195527948373046
0.166760634916841	0.0427859605507963
0.442527379761808	0.181395623041047
1.2342116520584	1.01944637598843
0.816944791679529	0.35159454095763
1.2671107153399	0.710755789415756
1.82073728246914	0.724274882905695
0.166760634916841	0.0427859605507963
0.153568454289862	0.0464103165581933
1.57823386320572	0.796760919939203
1.0578337456268	0.521044323364681
1.03089658662325	0.396761481668771
-0.355695524668971	0.102942167041969
-0.400062396642448	0.170601933136714
0.166760634916841	0.0427859605507963
0.141848058772579	0.0489994167913964
0.158321872008447	0.03054890339565
0.14605644861433	0.0505224990642865
1.03654154158417	0.402707767551167
0.445295933976001	0.18296521501244
1.04160966012263	0.401916952457565
0.95292022183415	0.255029382628136
0.173098035606419	0.0436660682371104
0.667998554448181	0.213489165347249
1.8219271179281	0.726018448121517
-0.802774410071084	0.437640853870175
-0.927927275277118	0.675094857269372
-0.808015328869944	0.52974363840546
0.0109681462411139	0.00605016373935735
0.575000883590468	0.541389133309336
1.32438465155021	0.589689442209682
1.96025897070573	0.471212877436839
1.32394835086201	0.582642367130709
1.45641688249062	0.4860389300833
1.82480935034987	0.726106092264881
1.4549594322014	0.484932859758814
0.167846042512584	0.0427707788849589
0.950654218295308	0.25253240285929
2.76088021610819	0.795949787637318
1.81914598733849	0.716424085648104
0.164495633504715	0.0495456538908044
1.45461172869713	0.491065821848087
1.96025897070573	0.471212877436839
-0.22458825905564	0.0738605087191762
1.9613717712777	0.470903909509444
1.06964550491194	0.527886318490954
0.670918012354519	0.214260520333448
0.166760634916841	0.0427859605507963
0.151192104824609	0.0457157821928599
0.137371251960733	0.0594828076235281
-0.216233327172033	0.0712426822696432
1.32402238257826	0.584948449208638
2.11769700263871	0.971078644340133
0.952024225447137	0.254550165942042
0.43943871556811	0.178487551145631
0.157631418222578	0.0304971390385879
-3.4678529199157	1.23374639672668
-1.14089293159455	0.348055152990233
-0.624582031923329	0.153403426322781
0.158933943506847	0.0404964559262667
-0.349006134070706	0.101786523630064
0.147142932159236	0.0509873558125847
0.817003523318725	0.351976278955221
-0.721903010717535	0.251442136891875
1.45606145484126	0.491057209685398
1.06834402071641	0.528141014290072
1.2381310532747	0.849580279621745
0.817885978478625	0.350163723082963
0.666818119087023	0.674965673593259
0.576002480414144	0.615089154553201
0.497706734175513	0.312081040218589
0.364457584306451	0.183699430200832
0.142787768424453	0.0556070724421697
0.900275189406661	0.490824258423877
1.27394815478016	0.714590294473457
0.391377590712201	0.178942731741699
1.56761412650483	0.800352775712037
1.44895005858988	0.91254510534318
0.145120659680429	0.062337383656987
-0.222695068591131	0.0735779431251597
1.33106452284384	0.593312216872763
1.06428072160809	0.523745024463603
1.45496621180374	0.489974899858239
-0.724489220764226	0.25507339261849
1.77464610872299	1.00800400924847
0.818093284035194	0.352795702508465
0.166737913090613	0.0422118222449661
0.815912962371326	0.348346731608744
0.532892707741901	0.302390286095544
0.163094953310193	0.0494223382636678
0.527431899623247	0.192654585358379
0.961469601946137	0.252693318766749
0.95292022183415	0.255029382628136
1.03634162491416	0.3991693364154
0.530234735136755	0.195115554796289
1.08370875498996	0.669420068256252
0.665672219783544	0.212062538915321
-0.524131265471028	0.202505065683573
1.61238603139603	1.12977750651922
-0.393460400617578	0.309331007144147
0.640952249850107	0.571140495521914
-0.195417277879611	0.148809270183775
-1.56301623384475	1.49241153349952
0.0661465862215233	0.0425297531954955
1.5810189089721	0.789273824389394
1.95217241793167	1.24378893722451
1.05219658810045	0.518968738360915
0.166760634916841	0.0427859605507963
0.526282024246712	0.193593170961761
2.56668027469499	1.44930899565708
0.166760634916841	0.0427859605507963
-1.79541110556836	0.406108159138969
1.81816436114525	0.718414646592161
0.954295652698446	0.253211023347385
-1.02734963908132	0.419609489752489
0.527625536835698	0.193638734585991
0.165674434882817	0.0422257308822068
-0.220109901011941	0.0723811542078152
0.82349104975392	0.355749507161144
0.15921674927226	0.0483450021306231
0.157631418222578	0.0304971390385879
-0.62982953293132	0.153685936034785
1.96025897070573	0.471212877436839
-1.13453748317733	0.348386420481102
0.664477703038449	0.211611460329049
-1.13561687794397	0.345868911390132
0.451941171764847	0.184399920797613
0.529086245411457	0.194521335925232
2.11650162991155	0.968694798816402
1.11594177096616	0.988117470934137
2.3599837363435	1.20298890796246
-0.150595577203486	0.0846101000896185
0.157631418222578	0.0304971390385879
0.1588995276689	0.0306480879354901
0.146923762007403	0.0508196417525894
0.158321872008447	0.03054890339565
0.161910749638676	0.0490513039831909
0.683553288942342	0.326272064581356
1.25136385165232	0.865594747368598
4.17409430631319	2.02889301730002
0.309198675472558	0.210629810942055
0.148372886099156	0.05096482082674
0.77852181375703	0.458259553813261
-0.0131460061115589	0.00639791783772972
0.819182245652777	0.350572714862597
2.55713509848523	1.44448676704778
-3.76608312641136	1.50117872683722
0.530447729983482	0.194934009129475
0.495767020685892	0.30892615212375
-1.28599957284154	0.599485299783715
1.77108322314955	1.00361091664285
0.14605644861433	0.0505224990642865
-0.731306141239577	0.257130066262645
0.141595248893409	0.0490443609015525
0.166760634916841	0.0427859605507963
0.14816772814011	0.0644268413535071
0.522635022737485	0.190307963896041
0.891228930064072	0.474908589682995
-3.07880362658843	0.963967696821091
-0.524401134131976	0.203663422455522
2.35597399998808	1.21246687696406
0.156468802228766	0.0469168724044878
0.813107530900732	0.347055159712616
0.525131259349727	0.192999914873943
0.436051221892724	0.178450617932061
1.81672375669943	0.71977097990322
2.13600503338762	1.48743915597463
0.161694559716164	0.0487970170518378
-2.29482001321703	1.19072357907657
0.140510148384066	0.048664068301297
0.53295536088233	0.194775549847646
0.814529019904677	0.348904506135372
0.140763133994103	0.0483622864744384
-0.525102425077991	0.203568491059548
0.542702318128504	0.310695417793306
-0.146391767834071	0.0538121497783544
0.856351123138161	0.619430002652237
0.14277187758772	0.055506936574593
-1.81789801192182	0.755319680676232
-0.618525872771315	0.300459699272668
-0.145094145721108	0.0530266495888326
0.686783210149492	0.326529013787713
0.664228257408103	0.213358767976231
0.161910749638676	0.0490513039831909
0.158321872008447	0.03054890339565
0.819389971104756	0.352293326647861
1.45496621180374	0.489974899858239
-0.344991553778112	0.100675971877677
-0.344718928168882	0.101170101330633
1.03089658662325	0.396761481668771
1.03654154158417	0.402707767551167
0.390443247621029	0.178397090313838
0.449163238375625	0.18325360580033
0.531808783502716	0.194187277674226
-2.57393942994101	0.680804613621979
1.82336730645351	0.727498434871424
-0.344718928168882	0.101170101330633
0.527625536835698	0.193638734585991
1.96025897070573	0.471212877436839
-0.525335160168346	0.204442902704607
0.165674434882817	0.0422257308822068
0.668257563820224	0.216585127844403
0.157056474373317	0.0303984095560313
-1.79541110556836	0.406108159138969
-0.530113495452228	0.203568083312847
-0.21782126076243	0.0717238674753132
0.14474970923973	0.0500449668198986
0.819473196532266	0.346399013228426
-0.346167140140093	0.100935083264355
0.166760634916841	0.0427859605507963
0.528440205032673	0.295153944479381
2.11260268209087	0.963178522665624
0.850775363489221	0.615870541744673
0.598147309641461	0.315355814960164
-0.189063577283898	0.100507443718251
0.147362692598526	0.0508433865470601
0.954071954572136	0.644682360209329
1.03395964520782	0.397385011005584
0.154486730268478	0.0806787432309761
0.318405747874156	0.188871477014879
1.08696250511378	0.663912154675623
-0.726850409013166	0.253447860915049
0.600652971289106	0.315965712394016
1.27438061715884	0.713816622316684
0.150363570735705	0.0581445104495798
-0.522090122901257	0.201430520847148
1.33600974725209	0.592537183848865
0.52210596591955	0.190372011480154
0.146923762007403	0.0508196417525894
0.81802893897956	0.350122578962383
0.524938478553276	0.192889918548823
0.167846042512584	0.0427707788849589
1.32394835086201	0.582642367130709
2.75734920342264	0.799800653832186
2.74130776376807	1.72302589955692
-0.228575803073719	0.0755878378969254
-1.83171490361416	0.755879019504499
-0.100499981047976	0.0405111581951063
-1.82231749393078	0.757183848190581
0.661593536121753	0.212650522521367
0.670883773275737	0.21573252817249
1.26178287543093	0.70565851418639
1.39219290429068	1.05471149138795
2.11371778253909	0.958913406403944
-0.146391767834071	0.0538121497783544
0.807765749167875	0.344121641955788
-0.395338960838242	0.167001956833253
-0.146391767834071	0.0538121497783544
0.855871384176484	0.617321728634266
1.31875151040618	0.586941201340867
0.816796075513508	0.352385300037275
0.951547874681655	0.253003737941398
0.952024225447137	0.254550165942042
-0.344447158055429	0.0995152480238567
-0.151833642356274	0.0557212649548327
0.141631286708964	0.0612066249185649
0.947838682419552	0.633702401505521
-0.396521044179639	0.167147964165892
-0.106826663406859	0.0431021657871433
1.95217241793167	1.24378893722451
1.45986014199587	0.492707629107706
0.167846042512584	0.0427707788849589
0.530234735136755	0.195115554796289
-0.344718928168882	0.101170101330633
0.667073956986921	0.214335437648368
1.0404202529805	0.404466019128978
1.45606145484126	0.491057209685398
0.669440224929851	0.215480111776117
0.888187438187754	0.482718759208642
-0.772752584084013	0.345638417777207
0.145696167995687	0.0561952606009367
1.77212150753567	1.01570537138898
-0.346167140140093	0.100935083264355
0.1588995276689	0.0306480879354901
-1.13599688789171	0.349486711323194
0.167846042512584	0.0427707788849589
0.1588995276689	0.0306480879354901
1.45563385720048	0.922619563650067
0.784050200532731	0.464582262626004
0.519682381544299	0.188997738083276
-1.68622078546901	0.962658657538999
0.145316440302632	0.062633503108653
0.157426175550481	0.067540881916737
0.13659064890545	0.0592974663459694
0.168213647836342	0.0427717891925395
0.903106662648343	0.492369781667281
0.146276360591024	0.0501419351300708
0.443555521774665	0.180587495247054
0.167846042512584	0.0427707788849589
0.137833536897981	0.0474381003971079
1.02693094535399	0.391628476671144
0.665634133294312	0.212359847860864
0.160400851667561	0.0483731984970343
-0.314527763921968	0.145707404519845
0.951547874681655	0.253003737941398
0.812604556123859	0.347184595541129
0.681994760746763	0.323785191198623
0.160033282133955	0.0407505791232416
0.301454628505036	0.19134960600974
-1.68833991201902	0.963017128340989
0.53959827555595	0.307342171739481
-0.395991800617787	0.168840395606477
-0.39402923223438	0.165304269528332
0.172003388254653	0.043682446671818
0.156422543419747	0.0472980918883861
0.436051221892724	0.178450617932061
-0.222901125507273	0.07385839070143
-0.220404038835599	0.0729168656391525
0.141817300323063	0.0551396791983983
0.952024225447137	0.254550165942042
3.64721181111227	1.4366842531501
1.45840207343894	0.489337286075825
3.64180047345344	1.45782125078712
-0.62935300969794	0.153342878403685
0.673290374161129	0.21539984522156
0.158321872008447	0.03054890339565
1.57558099939405	0.79576600509465
-0.162337677551372	0.0589247125653899
-0.526418386848564	0.204314992368531
1.44545715747006	0.910411715503773
1.05764041463911	0.523204233297642
-0.536127695906329	0.206804527707773
0.787115300601094	0.470163756931993
-0.347528305961503	0.100672430355311
-0.343816891455429	0.0996962776646578
0.1588995276689	0.0306480879354901
-0.346338838256578	0.100875906320348
0.157056474373317	0.0303984095560313
0.157631418222578	0.0304971390385879
1.82480935034987	0.726106092264881
0.158321872008447	0.03054890339565
0.338862496290477	0.187328971103019
-0.309198278125967	0.143464560573435
0.436772562769152	0.177884836157181
-0.503805303662058	0.262442375321324
2.00707184113638	1.79587807867552
0.520832738473921	0.190542776372981
1.06426358771682	0.529514790306315
-0.0937373492151879	0.0373599806609616
-0.52402013054653	0.203694200281952
0.680039329620865	0.321534987608834
1.24638594192278	0.864114226467032
0.522313970026089	0.190452758516715
0.67210466855713	0.216488954078171
0.1588995276689	0.0306480879354901
0.693374217521916	0.328550699974281
-0.625469527156518	0.152450282737538
2.10421522727258	0.952088570683482
0.824913346626113	0.344913406692442
-0.397931482914512	0.168963103839797
-0.221755533699252	0.0734151122801483
0.950331430928645	0.251806185220337
-0.623695063230009	0.152227657420805
2.75606918885066	0.793508670212093
0.448874319847618	0.181492101688214
-0.680511789501609	0.474752508878162
0.14474970923973	0.0500449668198986
2.26471502202722	1.71560388400867
-1.13453748317733	0.348386420481102
-0.150521058547984	0.0549172928781568
0.607052026589632	0.318883885999737
0.897335696061997	0.492448294228436
0.527431899623247	0.192654585358379
1.45023406290641	0.912456900106155
0.153249906491727	0.0663919191221858
0.815859852439435	0.348823184597333
0.152380753568528	0.046289512415668
0.668257563820224	0.216585127844403
1.24913536484562	0.854960773551076
2.36133530682181	1.20534005010315
1.45986014199587	0.492707629107706
0.15921674927226	0.0483450021306231
3.26454918998549	1.12582035861405
0.166760634916841	0.0427859605507963
0.814406706085001	0.350217790330299
0.152489836004519	0.052740500279662
0.157056474373317	0.0303984095560313
-1.03416549660249	0.42282126768722
1.06123864299848	0.52521734174828
-1.81907301713506	0.753429338745028
0.59738986992052	0.312822292413965
1.45496621180374	0.489974899858239
-0.628447709775194	0.153171179772782
1.45840207343894	0.489337286075825
1.05892340645215	0.524213355234419
1.04062393996299	0.400467662974683
-1.79541110556836	0.406108159138969
0.153330488140151	0.0297415921897382
0.95292022183415	0.255029382628136
0.613918026640085	0.459172520777688
0.53871237882254	0.308085232043761
0.443555521774665	0.180587495247054
-0.0255642936114985	0.0121383850366808
0.147145399950465	0.0702091101223659
0.433736870450855	0.177466012567766
-0.0581634931768179	0.0253152133420409
2.11769700263871	0.971078644340133
0.674740147390516	0.216998162235432
0.526475289805826	0.193047228245027
1.03376095681478	0.39809706574288
0.674740147390516	0.216998162235432
1.77053551904538	0.996840264308942
2.35732460876509	1.21266231514885
1.64823541847818	1.50274422163934
0.14277187758772	0.055506936574593
-0.110964285136927	0.0446593629488768
-0.300979927122279	0.137531150819667
1.04181404901781	0.404808808438391
0.526282024246712	0.193593170961761
0.161791665747346	0.0309826798878848
2.75863284516271	0.79267969100207
0.158321872008447	0.03054890339565
1.05475345229322	0.519924754602443
0.89862698703768	0.493580741846168
0.668257563820224	0.216585127844403
0.687612213079962	0.328567932328386
1.61733481824303	1.12854572843994
0.820823944260337	0.354804427519032
-0.611371308748672	0.298911636167104
-1.49844534830237	0.78562406308863
0.160400851667561	0.0483731984970343
0.136130698559491	0.04665011705923
1.06678886733472	0.523633226171057
1.82604050116992	0.728003309996437
2.11479822745174	0.952676881605473
0.946765399319523	0.252386055990515
0.165310764697054	0.0422104497686673
-1.82049553786231	0.755751724984709
0.156468802228766	0.0469168724044878
-0.22458825905564	0.0738605087191762
-0.342091382580869	0.0996589886024872
0.148738227464701	0.0511351524576854
0.952024225447137	0.254550165942042
0.525131259349727	0.192999914873943
0.144167809945444	0.0622031819778888
1.03902671883926	0.401278580186936
1.82480935034987	0.726106092264881
0.529086245411457	0.194521335925232
0.440208643626581	0.180693389650481
0.162878077886294	0.0488236589544503
0.1588995276689	0.0306480879354901
0.511331126944912	0.184762555199791
0.526475289805826	0.193047228245027
0.345579179487914	0.190741223188501
0.530234735136755	0.195115554796289
-0.224366804519632	0.0741231334290571
1.03089658662325	0.396761481668771
1.05892340645215	0.524213355234419
1.26683100215595	0.71152660635486
0.383886969187111	0.174624801075651
-2.28468412454814	1.18358259789827
0.526475289805826	0.193047228245027
0.665634133294312	0.212359847860864
0.820823944260337	0.354804427519032
0.823243467793322	0.353586596514582
2.56512549826685	1.4559636662059
0.821910730744808	0.352555890244146
0.891364536911075	0.487399461037792
0.153568454289862	0.0464103165581933
1.96025897070573	0.471212877436839
0.822157638974394	0.35584875469151
1.32943403806317	0.587896010181443
1.31875151040618	0.586941201340867
0.675138905018767	0.315252727223855
0.676965586227121	0.321197765118731
0.356304623577393	0.178778894074059
0.152489836004519	0.052740500279662
-0.219891936929736	0.0721747181158224
0.145862581219173	0.0567091459421943
0.692646517873903	0.32945433590055
0.147142932159236	0.0509873558125847
0.142353333383351	0.0486168909716807
0.145862581219173	0.0567091459421943
0.825434012112148	0.350595815719925
-2.29240998427004	1.1910126278839
0.169301214921532	0.0427592743769238
0.158031704426094	0.0479750742787413
3.93716467324058	1.74109536633282
-1.13345886337206	0.34828321496857
0.525131259349727	0.192999914873943
0.157819500886876	0.0479964018015095
0.167846042512584	0.0427707788849589
-0.619634069394611	0.151716324023864
0.159003857627083	0.0480265128738231
2.75863284516271	0.79267969100207
0.523787196468579	0.192297988976743
-1.03106671674999	0.414012727151076
0.951381579755033	0.640905669194076
0.440410734717233	0.18046124246997
0.142221521694413	0.061628906747354
-0.62409333671727	0.15194082521988
-1.14016935299318	0.348638213237076
1.4531651131754	0.486692367864221
-0.738372199061966	0.255732128918977
1.33621568244782	0.597177361094707
-0.725669351344178	0.254938132698188
1.0404202529805	0.404466019128978
1.32943403806317	0.587896010181443
1.46021680212861	0.488909487893217
0.432707300195158	0.175881947409295
-0.611371308748672	0.298911636167104
-3.07968455989498	0.963635125148535
-0.226067534394568	0.0743178756022403
1.45461172869713	0.491065821848087
-0.224253139168393	0.073796430498605
0.164495633504715	0.0495456538908044
0.172003388254653	0.043682446671818
0.956965590292449	0.254225160809089
0.156634201293332	0.0476265114655575
0.167125285140998	0.0422176691573725
0.157631418222578	0.0304971390385879
0.685804936005516	0.3264113043121
0.821071015660031	0.355024826276381
0.81151620199283	0.348634244573977
1.07883508452803	0.659998348742113
0.168290743772926	0.113901542016857
0.14277187758772	0.055506936574593
0.143661499693885	0.0493477826084473
-0.146391767834071	0.0538121497783544
0.441759475740907	0.180320770710895
-1.13453748317733	0.348386420481102
0.956965590292449	0.254225160809089
2.75863284516271	0.79267969100207
3.26454918998549	1.12582035861405
0.167846042512584	0.0427707788849589
0.164226724221899	0.0416602681945232
0.946765399319523	0.252386055990515
0.165310764697054	0.0422104497686673
1.03376095681478	0.39809706574288
3.63883921155901	1.44661355339588
0.519478061083296	0.190484525868409
-0.624582031923329	0.153403426322781
0.819473196532266	0.346399013228426
0.1588995276689	0.0306480879354901
1.45606145484126	0.491057209685398
-0.344991553778112	0.100675971877677
-0.338232313416877	0.0987458905293902
1.04160966012263	0.401916952457565
1.33356976854466	0.596130774866653
1.05788914828126	0.518635623589795
0.529086245411457	0.194521335925232
1.9613717712777	0.470903909509444
-2.57450915234243	0.686119713628322
-2.57450915234243	0.686119713628322
0.161791665747346	0.0309826798878848
-1.79541110556836	0.406108159138969
0.157056474373317	0.0303984095560313
2.75734920342264	0.799800653832186
-2.57994643475892	0.682934722662173
1.96025897070573	0.471212877436839
1.96025897070573	0.471212877436839
1.9613717712777	0.470903909509444
0.153330488140151	0.0297415921897382
-0.525335160168346	0.204442902704607
1.82073728246914	0.724274882905695
3.26454918998549	1.12582035861405
0.162378104800928	0.0310834456145106
1.9613717712777	0.470903909509444
0.95292022183415	0.255029382628136
1.96025897070573	0.471212877436839
1.9613717712777	0.470903909509444
1.82723433620716	0.72976386465442
1.61936783462764	1.12263650850425
0.390206954023286	0.176949704263102
1.32144791486041	0.585983758975934
1.77232382304755	1.00981862371046
-0.608654506166266	0.295801754807353
1.08065674607775	0.669857820843632
0.820477990253153	0.350086640157138
0.167846042512584	0.0427707788849589
0.439104823354277	0.180243926411834
0.138729742724235	0.0538393847692403
0.523787196468579	0.192297988976743
1.07405634685843	0.516765469219068
3.6379052926147	1.45060215836621
2.75863284516271	0.79267969100207
1.81929987358015	0.717843244648639
0.809096541632611	0.345457088336385
0.387248611171863	0.176367037219288
-0.646746738466517	0.376479915122529
0.60881765793527	0.455796187297396
-0.0292010187335644	0.0137065947376052
0.15540206832296	0.0938620949770543
0.682574606131668	0.321636078847839
-0.113747200945364	0.0455039431059434
0.150056620761467	0.0582853017514104
-0.0499210416376125	0.0217921574253129
2.36133530682181	1.20534005010315
-1.79541110556836	0.406108159138969
0.957871568697817	0.254705443855955
-0.623203514518812	0.152886975065438
0.822157638974394	0.35584875469151
2.762173012355	0.796052683519412
1.9613717712777	0.470903909509444
2.75606918885066	0.793508670212093
0.165627026668308	0.0419540958394552
0.952024225447137	0.254550165942042
0.957871568697817	0.254705443855955
0.822157638974394	0.35584875469151
0.953397312790705	0.252738122158945
3.27104261465895	1.12081379847629
-0.623203514518812	0.152886975065438
1.45461172869713	0.491065821848087
0.158321872008447	0.03054890339565
0.158031704426094	0.0479750742787413
0.157631418222578	0.0304971390385879
0.527625536835698	0.193638734585991
0.157056474373317	0.0303984095560313
0.157056474373317	0.0303984095560313
0.684821910780234	0.3260197762899
0.687907190802619	0.325826319444052
-0.217602968474122	0.072079936429114
-0.346167140140093	0.100935083264355
2.11789391703942	0.967138862393588
0.825182242099608	0.353696494063807
0.815705372076796	0.351565174973888
1.26989610529071	0.717220367964474
2.75734920342264	0.799800653832186
1.56738793874716	0.794603309712501
0.827599686317608	0.35501833304171
1.96025897070573	0.471212877436839
-0.344991553778112	0.100675971877677
0.669700188276656	0.216836591054402
0.518326741577634	0.188934006826496
-0.0658668159454164	0.0289900268360377
0.717174868273165	0.467766680833939
0.853543598974739	0.616164373550997
0.686783210149492	0.326529013787713
-0.188211953681628	0.100182955610988
-1.3411972388086	0.840546128993023
-0.150731092427451	0.0552708638941148
-0.0617574983131198	0.026899006453888
0.160033282133955	0.0407505791232416
0.898273106921167	0.492373741264841
1.32408622016051	0.591171799858832
-0.618737201948444	0.150559036504414
1.03912222698575	0.39971781200683
3.64571789778181	1.44441964476519
0.165674434882817	0.0422257308822068
0.160614285616072	0.0483709724331317
0.156807201934892	0.0301762424591594
0.43943871556811	0.178487551145631
0.658964851399056	0.20740851920413
-1.13384470910725	0.346451671342812
0.166737913090613	0.0422118222449661
-0.725442643624323	0.250593134972414
-0.623695063230009	0.152227657420805
0.957871568697817	0.254705443855955
0.826517243987465	0.354207230093288
-0.525478080321758	0.204331560252006
-0.310996406138607	0.143562695862405
-0.521980052911673	0.200204909761721
0.543618746857521	0.312270431529174
0.166760634916841	0.0427859605507963
0.150987968499307	0.0459422956002911
0.440208643626581	0.180693389650481
-1.13600022882357	0.347365132523473
0.818093284035194	0.352795702508465
-0.522090122901257	0.201430520847148
0.1588995276689	0.0306480879354901
-2.57450915234243	0.686119713628322
0.96055594466668	0.252218652307608
1.06785618611273	0.526367090609351
0.157819500886876	0.0479964018015095
0.15217592618318	0.0460645385354346
1.56929519244363	0.797697255741726
0.353531909964521	0.178766108014227
0.534665788051024	0.192404288929356
0.131864858154076	0.0568264368934897
0.664228257408103	0.213358767976231
0.352765457767772	0.176485949816748
3.93568352234487	1.75542668781444
-2.78601227133482	1.8906139841283
0.44453330997149	0.182617638074095
0.531595264123315	0.195527948373046
0.526282024246712	0.193593170961761
1.32822893225691	0.595292300170666
0.157607154140132	0.0473340538421367
0.950654218295308	0.25253240285929
0.953397312790705	0.252738122158945
0.168213647836342	0.0427717891925395
2.55581283712405	1.44698352690532
0.152585418482253	0.0457613820441299
0.956965590292449	0.254225160809089
0.954295652698446	0.253211023347385
0.158321872008447	0.03054890339565
2.11769700263871	0.971078644340133
0.433736870450855	0.177466012567766
1.325541173279	0.596317804415036
1.06834402071641	0.528141014290072
1.26989610529071	0.717220367964474
0.151919904115097	0.0517281410127947
1.89429345253203	1.5783399100683
0.441153686229378	0.180149564860552
0.676191819364127	0.216171302955092
0.815705372076796	0.351565174973888
1.55691411271779	0.771107840284977
2.75734920342264	0.799800653832186
1.04181404901781	0.404808808438391
-0.522938609184387	0.203337039703685
0.669700188276656	0.216836591054402
0.439178149517754	0.179838225414641
0.670883773275737	0.21573252817249
1.04181404901781	0.404808808438391
0.816796075513508	0.352385300037275
0.993877616058955	1.15922078102641
0.995580638972536	0.793520609633702
0.138085126483428	0.0475447345001043
0.148443114711005	0.0717088744345876
0.160400851667561	0.0483731984970343
0.153330488140151	0.0297415921897382
0.167846042512584	0.0427707788849589
0.156634201293332	0.0476265114655575
-0.622314221648084	0.151717296808394
0.817211538501641	0.34787144797607
1.9613717712777	0.470903909509444
-3.4678529199157	1.23374639672668
2.11630521628039	0.969154823351082
0.175814837814698	0.0440558167231384
1.25294305987222	0.687511371076518
-1.03130363679568	0.417199667480835
1.45496621180374	0.489974899858239
0.565453715993865	0.437530204472072
0.819983596727943	0.351349827360376
1.96025897070573	0.471212877436839
1.9613717712777	0.470903909509444
-1.79541110556836	0.406108159138969
1.96025897070573	0.471212877436839
1.96463092715103	0.470372342687103
0.952024225447137	0.254550165942042
-0.630732478411191	0.153857382309032
0.152059452718086	0.029590171141199
1.32793328191271	0.587666030401385
1.03395964520782	0.397385011005584
0.679501874770581	0.322250917472044
0.44123842978774	0.180936747631182
-0.623203514518812	0.152886975065438
0.95292022183415	0.255029382628136
-0.732708626851589	0.255851771606928
1.95369887276304	1.22936574066862
-0.343542423818443	0.10090975164114
-0.347528305961503	0.100672430355311
1.9613717712777	0.470903909509444
0.166760634916841	0.0427859605507963
1.57340497680744	0.792812846293566
0.461543811839366	0.308574016257219
0.160605205859607	0.0844893789467946
0.794415710169043	0.469800903195409
0.951716207590905	0.252076454273351
0.153330488140151	0.0297415921897382
-0.309655156155017	0.143053453323478
1.23367345086318	0.837294166270278
-0.247881263394141	0.12398636562424
0.667073956986921	0.214335437648368
3.27104261465895	1.12081379847629
3.26454918998549	1.12582035861405
0.00664940957232039	0.00311394456297677
-0.68372559794881	0.473729548973816
0.142470070524425	0.0554450529408985
3.64180047345344	1.45782125078712
0.158321872008447	0.03054890339565
0.672365927723615	0.21584689717513
1.96025897070573	0.471212877436839
1.04160966012263	0.401916952457565
2.76573458231009	0.786881337530458
1.45986014199587	0.492707629107706
1.82723433620716	0.72976386465442
0.957871568697817	0.254705443855955
0.95292022183415	0.255029382628136
0.953397312790705	0.252738122158945
-0.623203514518812	0.152886975065438
0.166760634916841	0.0427859605507963
2.75606918885066	0.793508670212093
3.63496088118677	1.451939681774
-0.731686086391095	0.253036100836816
-0.988166682338739	0.500650015929564
0.897335696061997	0.492448294228436
0.668515656075028	0.214587613419762
-0.623203514518812	0.152886975065438
0.165674434882817	0.0422257308822068
1.82748782049169	0.728181584217454
-0.0738976266573764	0.0447310824908346
0.316727290667677	0.188005170763367
0.945594419772041	0.631189710728537
0.167125285140998	0.0422176691573725
-0.155108190251964	0.056718694500787
0.175613712275195	0.113448241684948
-0.0326480178474156	0.0152063273025397
1.39707812950571	1.07406679929981
1.45606145484126	0.491057209685398
0.416051181305647	0.328574212171021
1.32842707728091	0.584548555775089
2.75734920342264	0.799800653832186
1.96025897070573	0.471212877436839
0.953397312790705	0.252738122158945
2.75734920342264	0.799800653832186
1.81672375669943	0.71977097990322
0.30564492495514	0.196045731045316
0.166760634916841	0.0427859605507963
0.55093266300484	0.453760643573902
1.03932317999806	0.399473022199737
1.96025897070573	0.471212877436839
1.9613717712777	0.470903909509444
0.157631418222578	0.0304971390385879
0.1588995276689	0.0306480879354901
1.9613717712777	0.470903909509444
2.35597399998808	1.21246687696406
0.445295933976001	0.18296521501244
0.526282024246712	0.193593170961761
1.95213718185626	1.24034570182735
0.160614285616072	0.0483709724331317
0.160725603404171	0.0483645687036449
1.44824908922374	0.485976898894524
1.32687881734284	0.596619735020576
0.149414948074586	0.0647459658391978
3.93021390388131	1.74972824816439
-1.49405110429272	0.778055861234887
0.446321857250718	0.182141353406481
0.954295652698446	0.253211023347385
0.1401633684631	0.0608115263243824
0.151323674616458	0.0644358496317791
-0.108167508037916	0.0435912033011045
0.443815997722933	0.181414479695546
0.349437269636593	0.174815667090004
-0.151756236463228	0.0557391336018927
0.155236989444065	0.046931522021964
1.96053663365656	1.23969478863185
2.35332561110829	1.20318471800451
-1.68380399072003	0.969695370012245
0.890415698338266	0.48054864899374
-0.344991553778112	0.100675971877677
0.949159256641924	0.635972425760465
0.663034678171856	0.21290337117364
-2.08365566196778	0.967578590319262
0.679211942715075	0.322720793319865
1.82073728246914	0.724274882905695
1.45151856043971	0.910868578043114
-0.216233327172033	0.0712426822696432
0.42989943320066	0.172816137220546
0.641687633293815	0.44683726817347
0.353995907904257	0.178602737542661
-0.216459792863705	0.0716410349070388
0.891924271836113	0.485408326875817
1.32543514149575	0.590567278663977
2.74413876081271	1.71636616011543
2.75863284516271	0.79267969100207
-0.623203514518812	0.152886975065438
0.165310764697054	0.0422104497686673
1.9613717712777	0.470903909509444
2.34946932765502	1.20004188926087
1.05347520273143	0.519970347833052
1.03773179442616	0.400174057999191
-0.215091100919037	0.0708081397941703
0.384482339922104	0.175288513316243
0.89862698703768	0.493580741846168
1.32420347578211	0.594323880877371
0.156342363817318	0.05332901956033
0.531382337610688	0.19416479166435
1.9613717712777	0.470903909509444
1.9613717712777	0.470903909509444
0.158321872008447	0.03054890339565
0.161486408205213	0.0413117168731846
0.950654218295308	0.25253240285929
0.811866459842486	0.344984624939437
-0.953772705111663	0.579881010783252
-0.618525872771315	0.300459699272668
0.386311910035253	0.175824599283655
0.341620606077893	0.188527740660699
1.57171381285112	0.807457867769169
0.668257563820224	0.216585127844403
-1.82349417803259	0.758718061977533
0.896734245528596	0.487197106705282
0.148668435614208	0.0509171780296591
-0.577761123960122	0.416630317497175
-0.415197631153246	0.17459415525491
0.815370854654364	0.349184254702202
-1.80012731460838	0.40572439661199
0.144455913259947	0.0625950346418914
0.401261696382839	0.181062419390156
-0.152060951304981	0.0550349770780335
1.57062312759593	0.798124052962526
-0.28853905649114	0.179950130462266
0.356233516169895	0.180102005105038
-0.400062396642448	0.170601933136714
1.33201471260472	0.596336495537286
0.145837129647114	0.050508335078259
2.11260268209087	0.963178522665624
0.158321872008447	0.03054890339565
0.668515656075028	0.214587613419762
0.139237941355009	0.0539463657658055
0.665634133294312	0.212359847860864
1.56796695689197	0.795117762229217
2.11241021373514	0.965493651705752
0.164495633504715	0.0495456538908044
0.161694559716164	0.0487970170518378
1.57135712286623	0.785866685355301
1.05892340645215	0.524213355234419
1.32138696510244	0.585019991262063
0.166394015894957	0.0421995715384941
3.63643152651936	1.45439996443785
1.0511687607214	0.51296093744524
0.677254876319607	0.319233976809077
0.341274636843431	0.187086014109102
-0.146667709227714	0.0538386221135798
0.67210466855713	0.216488954078171
0.139732650133251	0.0605935074945269
0.534230784302693	0.193983916589406
1.06298049234632	0.529003721857717
1.32402238257826	0.584948449208638
0.527431899623247	0.192654585358379
2.10559930382807	0.95497332014476
-2.07441122030804	0.967874205840337
-0.795153769175323	0.598375043296696
-2.57393942994101	0.680804613621979
3.26454918998549	1.12582035861405
1.03654154158417	0.402707767551167
0.161486408205213	0.0413117168731846
-3.08471213635442	0.965314084973475
0.680770020981355	0.321772549290662
-0.401309095910027	0.225411632004395
3.93316157871882	1.72787892200976
0.540466741794068	0.30869779750219
-0.767372534252304	0.342433422022686
0.526194436384986	0.29394030527366
-0.0267743827847836	0.0127071013430904
0.444077311436616	0.180387483378172
-0.617214662001483	0.302128791616088
1.26276400377278	0.701713843295998
1.0652929919458	0.530579447044945
-1.4737395048873	1.02334014479126
-1.29116395030512	0.589304624751637
1.04711061780939	0.401217768301824
-0.624872195318547	0.152004974277265
-0.00988944030141084	0.00485845854569112
-1.2812146194655	0.582088581122384
1.46008167686678	0.905717290656034
0.00239108206251321	0.00105032572370597
-1.61526321434192	1.23788561899655
-1.81672391556845	0.755139764558434
1.4531651131754	0.486692367864221
0.440730155745863	0.178519015750839
1.25404258703417	0.862036453190206
0.54185336100098	0.311911098070222
1.90541228305031	1.63182613140217
1.82868259121074	0.729942315494172
0.669440224929851	0.215480111776117
0.327829067132246	0.179801154609563
0.60282150557661	0.314186736666892
1.3230464333918	0.587737669083066
0.791232200366933	0.47264055940446
0.816944791679529	0.35159454095763
0.67114469411031	0.215490092261742
1.82336730645351	0.727498434871424
0.518122946273838	0.189782716405237
0.158797375386305	0.0758146788442633
0.919431868880646	0.784756344332283
1.02831668707163	0.395116937408162
0.530234735136755	0.195115554796289
0.819721118526399	0.350395973968221
-1.84557948035874	1.19234470110764
0.819389971104756	0.352293326647861
0.142787768424453	0.0556070724421697
0.140258032306573	0.0485578964849915
0.157819500886876	0.0479964018015095
-0.227212618004882	0.0750820913651819
0.158933943506847	0.0404964559262667
0.442527379761808	0.181395623041047
-1.27422440586755	0.586727712642546
0.140510148384066	0.048664068301297
1.32930776739333	0.590122181343662
1.81528500911609	0.718315014080265
0.480918402926824	0.288203801932514
0.95558416772101	0.253955285085994
-1.79522376365631	0.406159618358576
2.75606918885066	0.793508670212093
-0.724489220764226	0.25507339261849
-0.52402013054653	0.203694200281952
1.55819382074698	0.785193524974265
-0.222901125507273	0.07385839070143
2.74027053398002	1.71912631850453
1.31740262133528	0.584987745802272
-0.524252707979673	0.204085170600417
0.812954309972265	0.34770640309282
-1.09222632632547	0.740875234607972
-0.216233327172033	0.0712426822696432
-0.729903352754239	0.254204229928182
1.05892340645215	0.524213355234419
-0.156925643471908	0.0574850760468255
0.526282024246712	0.193593170961761
-1.68125191394508	0.97707160373534
0.13991578027243	0.0540259261209339
1.45207421539656	0.485631123308653
0.143004663465818	0.0624148196814049
2.35332561110829	1.20318471800451
0.692944772685338	0.329184692282495
-0.101761653429345	0.0407199505713221
0.670883773275737	0.21573252817249
1.95719786573112	1.23690424643866
0.148448238167646	0.0513076201238473
-0.532019147491516	0.206951811605764
0.791332524876227	0.468226816829854
0.68550114057254	0.325358865485829
0.684244863758359	0.325476385061808
0.69391760199383	0.330522549102325
0.398473764112703	0.181250827287522
0.950654218295308	0.25253240285929
2.75734920342264	0.799800653832186
1.9613717712777	0.470903909509444
0.151305903524906	0.0656787294432382
1.08329646092349	0.672533904507698
1.96375442105011	1.24575886895491
0.165674434882817	0.0422257308822068
1.03654154158417	0.402707767551167
0.667073956986921	0.214335437648368
0.670883773275737	0.21573252817249
0.346667846827276	0.171825709017954
0.676191819364127	0.216171302955092
0.605539085573191	0.319706269008171
-0.494295442831684	0.258936101019743
1.03515111598185	0.401690296345324
0.438918428712331	0.179782791488228
0.525131259349727	0.192999914873943
-0.524252707979673	0.204085170600417
3.26595066981528	1.12514815365216
0.529299308736187	0.192919695459024
1.07422855963904	0.654800373020609
-0.498483784770797	0.263510307702279
-0.250195347313519	0.125321398579138
0.167372729760343	0.102139067537558
-0.344718928168882	0.101170101330633
-2.29267186892371	1.19553496573115
0.145358439177549	0.0628338168208999
0.393973994408102	0.180500237393899
1.94684707726931	1.22605703361897
-0.778180638460061	0.348430300008537
2.55969235869496	1.46149709236597
1.62704751695933	1.13064468208195
1.4531651131754	0.486692367864221
0.1588995276689	0.0306480879354901
0.951547874681655	0.253003737941398
-1.1412609968196	0.35088828313214
-0.405683115545739	0.172940087791917
0.885957691568778	0.480408709680483
1.24460208954296	0.861277326620425
0.545768084985728	0.313906407394682
-0.0863152808049122	0.0524940888620797
0.387609724793668	0.176537761381268
-0.0626653780540737	0.0273925685084344
0.356686028241738	0.178120358253472
1.57582095063623	0.803772600889529
1.61954826418869	1.12304442653829
-0.778180638460061	0.348430300008537
2.73470474371008	1.70460271311389
0.519682381544299	0.188997738083276
0.15625990713939	0.0473604698624763
1.06657477351152	0.529726543963701
0.682574606131668	0.321636078847839
-0.311591586476853	0.144202523155851
2.35197597254204	1.20438162594857
-1.02226465361416	0.412946639757745
0.161486408205213	0.0413117168731846
-1.03978903438032	0.421120383022407
-0.104645317659636	0.0420037540482151
0.147362692598526	0.0508433865470601
2.27582118371854	1.74413374434452
0.0173866820298311	0.00933454450847681
-0.217602968474122	0.072079936429114
0.600038673522669	0.314651343605924
0.593074633977258	0.310843755488966
0.81151620199283	0.348634244573977
2.35197597254204	1.20438162594857
-0.52402013054653	0.203694200281952
1.96025897070573	0.471212877436839
0.818093284035194	0.352795702508465
1.39611800787526	1.06471916744909
0.136179197499738	0.0530455063125652
1.95872846210525	1.25890735264424
0.44123842978774	0.180936747631182
0.440208643626581	0.180693389650481
0.78318796143241	0.466299960023398
1.06123864299848	0.52521734174828
0.516970665374104	0.188238852279449
1.56629393122933	0.800830556955224
0.528774895140429	0.192704403574892
1.05219658810045	0.518968738360915
0.668515656075028	0.214587613419762
0.15140740070063	0.0522724297544451
0.668257563820224	0.216585127844403
0.144455913259947	0.0625950346418914
0.155970555993872	0.0942461753833019
0.352645803409509	0.17777228402054
0.595730679620585	0.311643276220726
1.03228256529356	0.39631348486546
0.146779050005219	0.0504995466653377
0.393041040810021	0.179952823576791
-0.22458825905564	0.0738605087191762
0.168173637347658	0.0499208584325328
1.39346452020158	1.0605163797756
0.150906013862988	0.0519067661763726
-0.0576090295076985	0.0250835777457468
-0.622314221648084	0.151717296808394
-0.526650659515288	0.203472876208068
-0.111706255254235	0.0447027772608248
0.166760634916841	0.0427859605507963
2.75863284516271	0.79267969100207
3.27333105802293	1.11217115249484
0.382589291714827	0.174233811045461
1.05501285470577	0.514585911846856
0.169852402522661	0.103100611129514
2.11379890771953	0.965542629430375
0.14216944294075	0.0551296291498757
0.140516880773455	0.0545297949412117
-0.153808610141153	0.056307890723225
-0.799632401565093	0.441989555573119
-1.02620966872653	0.41818337996543
1.78386386492548	1.01429015729183
1.03616406217909	0.39883276251369
3.63496088118677	1.451939681774
-0.343542423818443	0.10090975164114
0.443241978351493	0.181863627833459
0.681994760746763	0.323785191198623
-1.81697249352039	0.755161927952963
0.155447957395554	0.0469498859464432
-0.518945913103219	0.201612309704566
0.814406706085001	0.350217790330299
0.144913716764303	0.0556290325572424
0.15060542639939	0.0718920633503944
-0.799705902782882	0.439721063657256
0.386673136395039	0.175557274682305
0.148443114711005	0.0717088744345876
1.56083855942342	0.78949740844192
0.815705372076796	0.351565174973888
-1.48559632365318	0.765978183563281
-0.400062396642448	0.170601933136714
1.60672411400296	1.12142816619171
1.76667559085405	1.00128528132399
0.1500643212047	0.0518518782937859
1.0375528181993	0.396636753662223
2.762173012355	0.796052683519412
1.24276007893925	0.854852233836613
0.541350931447365	0.310166062324149
0.813197887491416	0.347882954030878
0.940642605107417	0.624805454831981
0.675004256144304	0.217263152446952
0.43656841927575	0.175637538213775
1.03773179442616	0.400174057999191
0.605963137530743	0.318656794563264
1.03634162491416	0.3991693364154
0.166394015894957	0.0421995715384941
0.158321872008447	0.03054890339565
2.35197597254204	1.20438162594857
-1.27690358994486	0.587047608858878
-1.51396593073936	0.54893460092185
0.149799062385088	0.0453698747948897
0.434765734153405	0.177993138783725
0.160510100025773	0.0484285557089307
1.45606145484126	0.491057209685398
-0.736974202582871	0.25698901940374
1.62016968321942	1.12996331364642
-1.79522376365631	0.406159618358576
0.158321872008447	0.03054890339565
1.0404202529805	0.404466019128978
0.953397312790705	0.252738122158945
1.03654154158417	0.402707767551167
-0.0977102367405741	0.0395608971079152
-0.724261839758342	0.252034414225576
0.668515656075028	0.214587613419762
-0.987601928963572	0.496957392444327
0.445824300860139	0.182823493832524
3.63496088118677	1.451939681774
-1.14089293159455	0.348055152990233
1.33350574477912	0.592482011199862
0.521290414140025	0.18851671910113
0.665440604631342	0.212579826336912
-0.62409333671727	0.15194082521988
3.26595066981528	1.12514815365216
-2.57393942994101	0.680804613621979
1.45115389212136	0.482105241849398
0.176916601796261	0.0440419009793811
0.821071015660031	0.355024826276381
0.157056474373317	0.0303984095560313
-1.03692925782449	0.416270160984687
3.26315080491707	1.11564490325583
1.45496621180374	0.489974899858239
1.03495172147001	0.395637087818671
0.161694559716164	0.0487970170518378
0.439949152229908	0.180027197422973
-0.525478080321758	0.204331560252006
0.157631418222578	0.0304971390385879
0.530234735136755	0.195115554796289
0.677427945070776	0.216410794008318
0.158031704426094	0.0479750742787413
-0.355442936329478	0.102041079869511
1.96463092715103	0.470372342687103
1.82336730645351	0.727498434871424
0.158031704426094	0.0479750742787413
1.4531651131754	0.486692367864221
0.953397312790705	0.252738122158945
0.892655829093935	0.488526127111415
2.76088021610819	0.795949787637318
-0.222695068591131	0.0735779431251597
-0.147689713388894	0.054302242157111
2.74130776376807	1.72302589955692
0.152840882202338	0.0589957102508791
-1.02620966872653	0.41818337996543
-0.317750611743124	0.146910322901515
0.396804651614282	0.180640415913818
0.950331430928645	0.251806185220337
-0.623203514518812	0.152886975065438
-0.348742022466301	0.10134765260469
0.530117852836806	0.191753204956166
0.530234735136755	0.195115554796289
1.56519910944153	0.791620042971659
-0.388379835040829	0.162956091598671
0.600945199584089	0.31448054781532
-2.07014244905779	0.967632690775644
0.4532489322915	0.183934140789108
-0.407936972722431	0.173043293441896
0.165273197569164	0.0419033482397814
1.77872627598265	1.02548922257385
-0.152509336205892	0.0557203112776917
0.527625536835698	0.193638734585991
-2.28279420085455	1.17347591204828
1.82361765344649	0.72436350636832
2.35751925380291	1.20659224933164
0.891011746281172	0.486020500774198
2.11769700263871	0.971078644340133
0.439178149517754	0.179838225414641
-0.335535613285346	0.0968358090286094
0.167211965822622	0.0499310747495658
0.153831697915062	0.0528716170341431
-1.49844534830237	0.78562406308863
1.325541173279	0.596317804415036
0.432450090875445	0.176567814408325
-1.02985304618648	0.417366865086498
0.690155198910322	0.328856978042029
0.662786179108504	0.213105829711844
-0.144355358434634	0.0525068802368378
-0.160808397258197	0.0585718717595568
1.04160966012263	0.401916952457565
3.26454918998549	1.12582035861405
1.03654154158417	0.402707767551167
0.812604556123859	0.347184595541129
0.519478061083296	0.190484525868409
0.157056474373317	0.0303984095560313
0.533302756246283	0.192766147344976
0.15140740070063	0.0522724297544451
0.677693389418956	0.214720463830954
0.81151620199283	0.348634244573977
-0.152509336205892	0.0557203112776917
0.436508473973908	0.177820923457763
0.148448238167646	0.0513076201238473
0.661378686803307	0.20986618547197
0.817885978478625	0.350163723082963
1.03395964520782	0.397385011005584
0.161791665747346	0.0309826798878848
0.956965590292449	0.254225160809089
0.827348265337981	0.352292353513584
0.95292022183415	0.255029382628136
2.75734920342264	0.799800653832186
-0.612754532627913	0.297059345736773
1.03535032731158	0.398385212491039
0.139259365168594	0.060398560145055
-0.324633173161191	0.149824766297766
-0.39630814908082	0.167858685913401
0.946765399319523	0.252386055990515
-1.82049553786231	0.755751724984709
0.45607402712308	0.183950196835195
0.783618357112913	0.466474902662565
0.148228629004075	0.0512983752502419
1.82480935034987	0.726106092264881
0.156422543419747	0.0472980918883861
0.152230318137847	0.0526288187748188
0.819983596727943	0.351349827360376
0.59201787999516	0.306696122532926
-0.0535753668190802	0.0234951318721424
0.147662997774813	0.0687963248488315
-0.726014434586772	0.253129587844998
-0.349929351107476	0.101142417853783
1.82480935034987	0.726106092264881
1.33073453260694	0.586902415531118
-1.81398610755111	0.750093739397359
-0.0704173767275576	0.030833618906223
1.82723433620716	0.72976386465442
0.452962063027818	0.183577777200131
0.162942698182568	0.0413114056520163
2.75863284516271	0.79267969100207
0.53295536088233	0.194775549847646
0.953397312790705	0.252738122158945
2.11260268209087	0.963178522665624
1.62827025722472	1.1241195201111
0.452228257881198	0.183697939413508
-0.619634069394611	0.151716324023864
0.157056474373317	0.0303984095560313
0.166760634916841	0.0427859605507963
0.147142932159236	0.0509873558125847
0.139987055211464	0.0604396391097842
0.172003388254653	0.043682446671818
0.815912962371326	0.348346731608744
0.441759475740907	0.180320770710895
1.05635707927698	0.520969864156295
0.158321872008447	0.03054890339565
-0.406342549193427	0.173701308354649
-1.68544234316189	0.975681262593783
0.139959999982582	0.0666757509201666
-0.220404038835599	0.0729168656391525
-0.240326279377033	0.120134463601878
-0.114508909378208	0.0454067789037794
0.174712257211592	0.0434955039258917
0.690834825061164	0.330577258585932
0.951547874681655	0.253003737941398
0.522635022737485	0.190307963896041
0.436309397023698	0.177951427165859
0.133632369469574	0.0574401358751497
-0.156925643471908	0.0574850760468255
-0.725896158891892	0.253805951910148
-1.02871170775367	0.417044529530206
0.149799062385088	0.0453698747948897
-1.52605933154948	0.547724824134213
0.859376101776828	0.624894728128282
-0.152782075404647	0.0560846680959654
1.32835462952984	0.592531835706641
0.669959235301846	0.21328277804383
0.157631418222578	0.0304971390385879
1.0404202529805	0.404466019128978
0.169448715067567	0.0428107247727095
-0.346167140140093	0.100935083264355
0.167846042512584	0.0427707788849589
0.673553513601153	0.218109822226041
0.167125285140998	0.0422176691573725
0.952024225447137	0.254550165942042
1.31740262133528	0.584987745802272
0.533085475845055	0.193401479167687
0.141493790786818	0.0550477805246781
3.64180047345344	1.45782125078712
0.14605644861433	0.0505224990642865
0.827599686317608	0.35501833304171
2.75863284516271	0.79267969100207
-1.23626106696142	0.923991373107238
0.447362679542166	0.318940148196433
-0.49798515368296	0.261713818740242
-1.55657820581414	1.481217893957
0.739480973532428	0.607090627878229
0.142730736368908	0.0428308717507511
-0.529590931055547	0.206114530882042
0.541390050872401	0.307720018859428
0.0410470369940144	0.0235066340938616
0.953397312790705	0.252738122158945
0.167846042512584	0.0427707788849589
1.9613717712777	0.470903909509444
-1.81789801192182	0.755319680676232
0.155236989444065	0.046931522021964
0.531382337610688	0.19416479166435
-0.608114932952043	0.49456819903338
0.157133234902599	0.0829227388679478
-0.612126405875772	0.498312879803974
1.13921764552852	1.13457195466598
1.9613717712777	0.470903909509444
-1.79541110556836	0.406108159138969
3.26454918998549	1.12582035861405
0.952024225447137	0.254550165942042
2.75863284516271	0.79267969100207
-1.51009345022257	0.545190528961888
0.158321872008447	0.03054890339565
1.82480935034987	0.726106092264881
-0.517606566264528	0.199808951479653
0.152044490767477	0.0729965054247213
3.26315080491707	1.11564490325583
0.161910749638676	0.0490513039831909
3.92874288694813	1.75035531053454
1.78154041491906	1.02236172778738
-0.773539985719956	0.343836622277183
-2.48441475846939	1.41073489496201
-0.152782075404647	0.0560846680959654
-0.672619712311453	0.465986704819869
-0.316529446836772	0.145669806030842
1.82748782049169	0.728181584217454
3.64180047345344	1.45782125078712
1.5714776862189	0.800703716196944
0.146656017596735	0.0699491451395626
1.03773179442616	0.400174057999191
0.143552854949838	0.0622321518539146
1.82738745086498	0.713727727780208
0.952024225447137	0.254550165942042
0.161486408205213	0.0413117168731846
1.05995694464377	0.525270491251717
0.822157638974394	0.35584875469151
1.95339113963846	1.24084184707952
-0.542941490030448	0.207229667511445
0.151147710779537	0.0523193888171726
1.03654154158417	0.402707767551167
0.141214377462391	0.0674508116676127
0.388945171934782	0.177897064583215
0.814284768450867	0.350652393917073
1.07377624236854	0.524394529837775
0.156051095201577	0.046868937559824
2.35063075633068	1.20294535204345
1.06657477351152	0.529726543963701
2.35063075633068	1.20294535204345
-0.146391767834071	0.0538121497783544
0.158321872008447	0.03054890339565
1.32699901372397	0.587740020367271
0.165310764697054	0.0422104497686673
0.157631418222578	0.0304971390385879
3.26595066981528	1.12514815365216
2.75734920342264	0.799800653832186
1.27423517071333	0.709126977316615
-0.102732516759253	0.0415613264455241
-0.617214662001483	0.302128791616088
0.165674434882817	0.0422257308822068
0.137924384639589	0.059899749683941
-0.24659193792759	0.123111309897354
0.143907168367383	0.0626929211687495
1.24376049819868	0.856318639588634
1.57532657966084	1.64055824943834
0.499255948596261	0.311481383682791
1.55842195993321	0.787317172029354
0.159003857627083	0.0480265128738231
0.826496446611457	0.347485690706956
0.334548660079374	0.182733900807622
0.143552854949838	0.0622321518539146
0.898273106921167	0.492373741264841
1.27115992199819	0.718531324632175
1.03654154158417	0.402707767551167
0.354977525793595	0.178136835905045
0.35365163462073	0.177212252977986
1.05892340645215	0.524213355234419
0.155236989444065	0.046931522021964
0.68731840095904	0.32854249379088
0.677427945070776	0.216410794008318
-0.655920647969626	0.381997823554178
0.147815925668082	0.0571128254805538
0.813314258066428	0.346612414854858
0.143747269175704	0.0559041635309843
0.571059039454142	0.450783471286235
0.146295759995578	0.076252160576661
-0.402719659826315	0.225205451900058
-0.111108010119257	0.0652453470823433
0.437729067137572	0.329337214970832
-0.152027874499813	0.0556812356537209
1.45641688249062	0.4860389300833
4.16981931866655	2.0382482289107
0.44149853200672	0.181153088534539
1.04181404901781	0.404808808438391
0.161486408205213	0.0413117168731846
0.525131259349727	0.192999914873943
0.526088870322886	0.19195857798614
2.75606918885066	0.793508670212093
-0.628447709775194	0.153171179772782
-1.79522376365631	0.406159618358576
0.1588995276689	0.0306480879354901
1.96025897070573	0.471212877436839
1.96463092715103	0.470372342687103
0.950654218295308	0.25253240285929
0.157056474373317	0.0303984095560313
0.95292022183415	0.255029382628136
1.9613717712777	0.470903909509444
1.9613717712777	0.470903909509444
1.96025897070573	0.471212877436839
0.157056474373317	0.0303984095560313
1.9613717712777	0.470903909509444
-0.62409333671727	0.15194082521988
1.96025897070573	0.471212877436839
1.96025897070573	0.471212877436839
1.96025897070573	0.471212877436839
0.162378104800928	0.0310834456145106
-1.79541110556836	0.406108159138969
0.157631418222578	0.0304971390385879
1.96025897070573	0.471212877436839
0.158321872008447	0.03054890339565
1.96025897070573	0.471212877436839
0.1588995276689	0.0306480879354901
1.96463092715103	0.470372342687103
0.157056474373317	0.0303984095560313
-2.57393942994101	0.680804613621979
0.157056474373317	0.0303984095560313
1.96025897070573	0.471212877436839
1.96025897070573	0.471212877436839
0.95292022183415	0.255029382628136
1.77641636528469	1.01380514694181
1.96025897070573	0.471212877436839
0.165310764697054	0.0422104497686673
0.427292974813894	0.172300857010492
0.905576027389722	0.487009387959656
0.669700188276656	0.216836591054402
1.57558099939405	0.79576600509465
1.45461172869713	0.491065821848087
1.46515025425329	0.487505243218888
-1.51396593073936	0.54893460092185
-0.623203514518812	0.152886975065438
-1.13599688789171	0.349486711323194
0.161791665747346	0.0309826798878848
1.82480935034987	0.726106092264881
0.1588995276689	0.0306480879354901
0.157607154140132	0.0473340538421367
-0.724261839758342	0.252034414225576
-1.08422109136949	0.721587884742205
1.3257228169597	0.589995290446957
-0.0964044920489523	0.0389736419230874
0.653376544747698	0.456131319246376
-0.489333877799363	0.254990805629345
-1.73893987683249	1.86280240899644
1.33086270821398	0.600615079200926
-0.622314221648084	0.151717296808394
1.81929987358015	0.717843244648639
-0.350191590281639	0.102610881125832
0.954295652698446	0.253211023347385
0.950654218295308	0.25253240285929
1.75661243865741	1.36046160463825
0.158031704426094	0.0479750742787413
0.953397312790705	0.252738122158945
0.164226724221899	0.0416602681945232
1.45986014199587	0.492707629107706
0.158321872008447	0.03054890339565
-0.723310015883846	0.254344357266946
0.956965590292449	0.254225160809089
0.161791665747346	0.0309826798878848
-3.08560892508393	0.959287165776606
1.25306267439886	1.190537646954
-1.2849226802386	0.599119703841267
-0.254613776321458	0.126051595177614
0.312456909556706	0.200024422452503
0.14683318271584	0.0638699225975704
0.0129420353143925	0.00705335956954178
2.11260268209087	0.963178522665624
0.95292022183415	0.255029382628136
3.26595066981528	1.12514815365216
1.96025897070573	0.471212877436839
0.952024225447137	0.254550165942042
1.9613717712777	0.470903909509444
0.676191819364127	0.216171302955092
0.95292022183415	0.255029382628136
0.1588995276689	0.0306480879354901
0.903106662648343	0.492369781667281
0.661345980122341	0.211138174827968
1.05322944824235	0.516402002731974
-0.0507988970198044	0.0221514490679813
0.445559696059655	0.183481849511998
0.1588995276689	0.0306480879354901
1.07408764244825	0.657817607758395
0.947838682419552	0.633702401505521
0.383524612842682	0.174494602639641
-0.143615946085035	0.0521879992717957
0.523787196468579	0.192297988976743
0.668257563820224	0.216585127844403
0.817003523318725	0.351976278955221
1.32793328191271	0.587666030401385
1.82361765344649	0.72436350636832
-1.79522376365631	0.406159618358576
1.03089658662325	0.396761481668771
-2.57450915234243	0.686119713628322
0.136380535608743	0.0468062433925433
0.158031704426094	0.0479750742787413
-1.16788619402338	0.65618397496505
3.26595066981528	1.12514815365216
1.24179351766404	0.853228355211587
0.719418533712954	0.466978519926012
-0.539639753084572	0.334745124952926
1.23367985500223	0.999065178552367
0.165674434882817	0.0422257308822068
-0.220197117282581	0.0723617793176304
1.96025897070573	0.471212877436839
2.75863284516271	0.79267969100207
1.96025897070573	0.471212877436839
0.166760634916841	0.0427859605507963
0.946765399319523	0.252386055990515
0.158321872008447	0.03054890339565
0.954295652698446	0.253211023347385
0.164226724221899	0.0416602681945232
1.9613717712777	0.470903909509444
2.75734920342264	0.799800653832186
0.95558416772101	0.253955285085994
3.63643152651936	1.45439996443785
1.96463092715103	0.470372342687103
0.667073956986921	0.214335437648368
0.440208643626581	0.180693389650481
-0.626445372119883	0.556259525235739
-0.388982795887091	0.265464401554944
2.73903921503725	1.70040372211638
0.702210970869945	0.453997247294427
0.161486408205213	0.0413117168731846
3.63643152651936	1.45439996443785
0.397173309359511	0.180931966274748
-1.81579996036086	0.748722663220006
-0.344718928168882	0.101170101330633
0.161486408205213	0.0413117168731846
1.76060008321657	1.36920814425756
1.03793223060229	0.402236165852461
0.152585418482253	0.0457613820441299
1.45875777005853	0.49161470941807
2.11241021373514	0.965493651705752
0.950654218295308	0.25253240285929
-1.79541110556836	0.406108159138969
3.6379052926147	1.45060215836621
0.168213647836342	0.0427717891925395
-0.62409333671727	0.15194082521988
-1.27930512577485	0.595095920645693
0.156634201293332	0.0476265114655575
-0.617166521542188	0.297641812861964
0.993309245657322	0.800110514733616
-1.1750672099953	0.667869758785186
0.720604141828568	0.466594216426434
0.436051221892724	0.178450617932061
0.954295652698446	0.253211023347385
-1.13238101744968	0.345367402292769
1.82073728246914	0.724274882905695
0.956965590292449	0.254225160809089
3.26595066981528	1.12514815365216
1.45606145484126	0.491057209685398
-1.79522376365631	0.406159618358576
0.170541995167361	0.0433725109405701
1.8219271179281	0.726018448121517
1.9613717712777	0.470903909509444
0.956487790679547	0.25443416057231
0.283522728124518	0.219910024827837
0.15329894261179	0.0736612733176028
-0.109994101514757	0.0440879986691257
1.08522526638206	0.669639333243636
-1.79522376365631	0.406159618358576
1.44680138625654	0.481686443078168
0.678196240954989	0.585110726166339
0.148448238167646	0.0513076201238473
0.954295652698446	0.253211023347385
-0.397491186233498	0.16766671813774
1.82217654089451	0.725748167802471
0.95292022183415	0.255029382628136
0.952024225447137	0.254550165942042
1.96025897070573	0.471212877436839
-1.5208643075246	0.552186247107342
2.75734920342264	0.799800653832186
0.644521358256574	0.449403988565629
0.161910749638676	0.0490513039831909
1.31182281130489	1.50323084599324
-0.616863823212737	0.540664160897917
1.33821735822266	1.39745290824831
0.0468323706722685	0.0268570643061483
1.25671891043971	0.689132933419002
0.158321872008447	0.03054890339565
0.162378104800928	0.0310834456145106
1.96025897070573	0.471212877436839
-0.351639245332709	0.102368245698131
0.158321872008447	0.03054890339565
1.96025897070573	0.471212877436839
2.75734920342264	0.799800653832186
1.96463092715103	0.470372342687103
0.168213647836342	0.0427717891925395
1.45606145484126	0.491057209685398
0.95292022183415	0.255029382628136
0.152059452718086	0.029590171141199
2.762173012355	0.796052683519412
3.26315080491707	1.11564490325583
3.26735525568462	1.11469211429917
0.774402690007056	0.455289440916249
1.56761412650483	0.800352775712037
0.952024225447137	0.254550165942042
-0.34219625580044	0.0980646877575467
-0.406342549193427	0.173701308354649
0.951547874681655	0.253003737941398
1.45306393810611	0.923041358497123
0.506632809059548	0.316235911910596
1.03922988577136	0.400124112296972
0.891332950190234	0.479969652437134
1.04439699516423	0.400035957490872
1.05244257887759	0.515795867294839
0.668257563820224	0.216585127844403
0.527936867110274	0.192508723741719
1.57003232504343	0.791841314550571
-0.402633387929332	0.170356167821557
-2.06876532861005	0.964719982568229
0.512482143711381	0.185180395652491
1.45461172869713	0.491065821848087
0.38129214250284	0.173522313952091
0.388184733210315	0.176460390937521
-0.980931195203726	0.496641378418941
0.894856875486968	0.485358751277094
1.82604050116992	0.728003309996437
3.26962954853743	1.12822867523572
0.144268878902698	0.0494734518485023
1.9613717712777	0.470903909509444
0.44453330997149	0.182617638074095
1.03793223060229	0.402236165852461
-0.399402960373904	0.169604841607115
-0.727420399689634	0.25376364736154
1.3230464333918	0.587737669083066
-3.46056115971004	1.25132587477871
-0.220109901011941	0.0723811542078152
0.667073956986921	0.214335437648368
0.151146444914538	0.0517712277838049
1.9613717712777	0.470903909509444
0.95292022183415	0.255029382628136
-0.725896158891892	0.253805951910148
-0.525478080321758	0.204331560252006
0.157865864515185	0.0676331258841932
0.897124634253336	0.479051974241668
0.341437763824286	0.187878659121116
2.56380274302999	1.45162862632383
0.672329204234225	0.214414311899322
0.39490637349598	0.18058330767659
0.694912779800855	0.441418924398729
0.348668103699169	0.191595025968136
-0.609966842831359	0.297344613909476
0.85150710939826	0.618820742076791
-0.195351359030207	0.103380369636869
-0.186100242567424	0.0983109448645428
-0.10425489480756	0.0416072189262073
0.95292022183415	0.255029382628136
0.676191819364127	0.216171302955092
-1.51279643757503	0.547771213649107
0.673553513601153	0.218109822226041
0.157056474373317	0.0303984095560313
0.167846042512584	0.0427707788849589
0.165674434882817	0.0422257308822068
2.11379890771953	0.965542629430375
-0.623203514518812	0.152886975065438
1.96025897070573	0.471212877436839
0.952024225447137	0.254550165942042
0.667073956986921	0.214335437648368
0.165674434882817	0.0422257308822068
0.144938072161547	0.0624750034191815
-0.340869162586215	0.0994476453021484
0.683555054936013	0.324866642542886
0.669534861874203	0.213802346782005
1.32543514149575	0.590567278663977
0.673418730756275	0.213501915475981
0.815498351121805	0.351034974904088
0.651841378596165	0.457034615295758
0.156634201293332	0.0476265114655575
-0.346073388722937	0.100232951232175
0.668257563820224	0.216585127844403
1.04181404901781	0.404808808438391
2.35197597254204	1.20438162594857
1.26739157205165	0.702204190223556
-0.141299571448262	0.0514880255645158
-1.27955202404874	0.590042630501065
-1.49742870557934	0.78446264648928
-1.02878915212886	0.416662754474551
-1.02203827315684	0.413518890635416
-0.0572528998349559	0.0251958935118193
0.523787196468579	0.192297988976743
0.674740147390516	0.216998162235432
2.55991960179445	1.4599049553017
1.03654154158417	0.402707767551167
0.525131259349727	0.192999914873943
3.64031826737114	1.45820478057553
0.152489836004519	0.052740500279662
0.168213647836342	0.0427717891925395
0.445104279224129	0.180629229106689
-0.623695063230009	0.152227657420805
0.679742251150619	0.319413114190994
-1.51659726126421	0.549787550108874
1.82593245405849	0.716861715776998
1.04021638335115	0.398783042992239
0.160510100025773	0.0484285557089307
0.668257563820224	0.216585127844403
0.522635022737485	0.190307963896041
0.156634201293332	0.0476265114655575
2.10963356570532	0.953988566340599
0.167846042512584	0.0427707788849589
0.389680014438334	0.176370845438112
0.512681413030256	0.185444615277897
0.152206302510382	0.0659108544574017
0.355767224786419	0.180161649565182
1.04181404901781	0.404808808438391
0.388945171934782	0.177897064583215
0.553842657732105	0.31843739525508
-0.798285388051764	0.441643287121973
1.28121454871941	0.707097274474291
0.171634472420616	0.0433572706368662
-0.221549116887011	0.0733586886722837
0.165310764697054	0.0422104497686673
-0.774797596745505	0.346403427121627
1.27676544828296	0.708528612540004
1.83013272208757	0.725092822440417
0.823243467793322	0.353586596514582
1.27213959508899	0.719856330378455
0.1500643212047	0.0518518782937859
1.45751430283764	0.487103907991292
0.951547874681655	0.253003737941398
0.1588995276689	0.0306480879354901
1.56516596550042	0.795022296079777
0.160384885012197	0.0410552053935884
-2.28575756606991	1.18379310539761
-0.3098125210572	0.142942432210533
0.670883773275737	0.21573252817249
2.35351608012241	1.19618514104324
2.55449026718351	1.4468023506972
-2.29785250045213	1.18409788658414
-0.228575803073719	0.0755878378969254
-0.219259833165648	0.0720995324237527
0.516767399783005	0.187973778415715
0.673815739343564	0.215029182273907
0.159003857627083	0.0480265128738231
0.147035556764615	0.0508245783399546
1.03773179442616	0.400174057999191
1.0557844034853	0.517355263793968
0.158321872008447	0.03054890339565
0.668337249898722	0.213347782342272
0.896397698907008	0.4905095537544
1.45606145484126	0.491057209685398
0.161791665747346	0.0309826798878848
1.56500232003748	0.799635859648323
0.668515656075028	0.214587613419762
0.526475289805826	0.193047228245027
0.1588995276689	0.0306480879354901
0.383886969187111	0.174624801075651
0.817885978478625	0.350163723082963
1.45785852691055	0.921106291037143
-0.724261839758342	0.252034414225576
1.33887093642226	0.587745854057748
0.440208643626581	0.180693389650481
0.44149853200672	0.181153088534539
1.03376095681478	0.39809706574288
0.161910749638676	0.0490513039831909
1.06123864299848	0.52521734174828
1.03634162491416	0.3991693364154
1.05475345229322	0.519924754602443
0.157819500886876	0.0479964018015095
0.666816815995216	0.214564732832008
-0.230870507498651	0.0758567367259122
1.44824908922374	0.485976898894524
-3.76202423087017	1.51342722555874
1.32687881734284	0.596619735020576
0.814406706085001	0.350217790330299
-2.57450915234243	0.686119713628322
0.172003388254653	0.043682446671818
0.161486408205213	0.0413117168731846
-2.57507908676252	0.680490038595289
0.160400851667561	0.0483731984970343
3.26454918998549	1.12582035861405
1.96463092715103	0.470372342687103
3.27104261465895	1.12081379847629
0.437336361385505	0.178476256204279
3.64180047345344	1.45782125078712
-0.402981836413933	0.16993096347585
-0.523786937475846	0.201288705648626
-0.345896359412486	0.100748738523468
-0.21782126076243	0.0717238674753132
0.950331430928645	0.251806185220337
0.162819732498588	0.0773299823981903
0.148228629004075	0.0512983752502419
-0.350191590281639	0.102610881125832
0.147612941108336	0.0640562152874897
0.822157638974394	0.35584875469151
2.75734920342264	0.799800653832186
0.161486408205213	0.0413117168731846
0.669959235301846	0.21328277804383
-1.27690358994486	0.587047608858878
-1.79541110556836	0.406108159138969
-0.352824712262703	0.102155795737906
0.388908073055068	0.176926342540192
-1.81814593327299	0.757477944035012
0.814406706085001	0.350217790330299
-1.23907900997189	0.923487252889226
0.145837129647114	0.050508335078259
0.156634201293332	0.0476265114655575
-0.344991553778112	0.100675971877677
-0.722131735316544	0.252143474448172
0.697130642767575	0.328731761248838
-1.49069799174085	0.76902486725607
2.11379890771953	0.965542629430375
-0.343268806146835	0.0999183449449793
0.161791665747346	0.0309826798878848
0.670883773275737	0.21573252817249
-0.771446747272178	0.344605745740912
-1.2750472124855	0.586390015079827
0.158031704426094	0.0479750742787413
-0.62982953293132	0.153685936034785
1.45496621180374	0.489974899858239
-0.339412770165686	0.0990063673017856
0.165674434882817	0.0422257308822068
0.154863985111538	0.046749770246217
-0.221755533699252	0.0734151122801483
0.149799062385088	0.0453698747948897
0.14683318271584	0.0638699225975704
0.787771221954962	0.612695607574717
0.527625536835698	0.193638734585991
-0.146391767834071	0.0538121497783544
0.165310764697054	0.0422104497686673
0.526282024246712	0.193593170961761
0.669700188276656	0.216836591054402
0.14474970923973	0.0500449668198986
0.953397312790705	0.252738122158945
0.156845715679068	0.0472965888265206
0.153330488140151	0.0297415921897382
0.156845715679068	0.0472965888265206
1.45351865984672	0.48998410568291
-0.334352108489327	0.0965762220704659
1.05859322316798	0.522130093605929
-0.338232313416877	0.0987458905293902
0.144845062686106	0.0696502024542661
0.95292022183415	0.255029382628136
0.440979167449673	0.179231973011758
-0.30606255147508	0.141952973417887
-0.947923863774204	0.580643244623318
-0.798041151809417	0.523043708411376
-0.151756236463228	0.0557391336018927
-1.5154277743567	0.550652304944458
1.9613717712777	0.470903909509444
-1.0271278658152	0.415065471794964
0.166394015894957	0.0421995715384941
0.166760634916841	0.0427859605507963
0.668257563820224	0.216585127844403
-1.79522376365631	0.406159618358576
0.668257563820224	0.216585127844403
0.946765399319523	0.252386055990515
-1.79541110556836	0.406108159138969
0.816944791679529	0.35159454095763
0.954059724165983	0.644615149718445
-0.413254844011543	0.173818583346877
-1.79522376365631	0.406159618358576
0.669700188276656	0.216836591054402
1.9613717712777	0.470903909509444
-0.723310015883846	0.254344357266946
3.64180047345344	1.45782125078712
1.96025897070573	0.471212877436839
1.96025897070573	0.471212877436839
-0.114652413301326	0.0454664343241837
0.158321872008447	0.03054890339565
-1.33732764787023	0.851395983703194
-0.791333888382797	0.431675131134214
-0.0922659535285156	0.0371210668116055
-0.657648464825966	0.389880684880486
0.145310647208621	0.0438088258448526
-1.79541110556836	0.406108159138969
0.165674434882817	0.0422257308822068
0.672329204234225	0.214414311899322
0.157056474373317	0.0303984095560313
0.152059452718086	0.029590171141199
-0.628447709775194	0.153171179772782
-0.62409333671727	0.15194082521988
-1.79522376365631	0.406159618358576
1.89248266570031	1.59769627819992
-0.215091100919037	0.0708081397941703
-0.624582031923329	0.153403426322781
1.96025897070573	0.471212877436839
3.93568352234487	1.75542668781444
0.171129378902718	0.0502917017128793
-0.163933664752397	0.0592921832297366
-0.339689629328073	0.0991873938654728
1.46132136209316	0.489990587090443
-0.0522164917723754	0.0227855027588411
0.167125285140998	0.0422176691573725
2.75734920342264	0.799800653832186
0.1588995276689	0.0306480879354901
-0.250997588162965	0.125631598703517
-1.79522376365631	0.406159618358576
1.24958343431522	0.865762493860178
-0.1481384606205	0.0538400244567008
0.508715887992345	0.319267775176846
1.32420347578211	0.594323880877371
2.75734920342264	0.799800653832186
2.75606918885066	0.793508670212093
-1.79541110556836	0.406108159138969
0.157631418222578	0.0304971390385879
0.954295652698446	0.253211023347385
0.157631418222578	0.0304971390385879
-3.08471213635442	0.965314084973475
0.158321872008447	0.03054890339565
1.96025897070573	0.471212877436839
1.23358666874772	1.01271585333685
-1.029411074929	0.411689475674813
-1.67466056727076	0.958003669245657
-0.343542423818443	0.10090975164114
0.816796075513508	0.352385300037275
-0.625469527156518	0.152450282737538
0.167846042512584	0.0427707788849589
0.950654218295308	0.25253240285929
0.158321872008447	0.03054890339565
1.96025897070573	0.471212877436839
0.1588995276689	0.0306480879354901
0.168213647836342	0.0427717891925395
-1.13492041310201	0.349384486959602
2.35322980960818	1.19004773274151
-0.350191590281639	0.102610881125832
0.147362692598526	0.0508433865470601
0.494735530741655	0.305691606468778
0.472144879767883	0.313860912207734
0.161791665747346	0.0309826798878848
0.157631418222578	0.0304971390385879
-0.62409333671727	0.15194082521988
-0.623695063230009	0.152227657420805
2.11902355283262	0.954068138841365
0.157631418222578	0.0304971390385879
-1.79522376365631	0.406159618358576
-0.527634273255576	0.203527456713864
0.440468977584402	0.180297638600963
-1.51396593073936	0.54893460092185
1.32658581329118	0.591391073746066
-1.51789299749163	0.543638200318253
-0.39974846066059	0.169824537699409
0.153330488140151	0.0297415921897382
0.155447957395554	0.0469498859464432
-0.622314221648084	0.151717296808394
0.153675927942395	0.0461772426183708
0.953397312790705	0.252738122158945
2.75734920342264	0.799800653832186
1.96025897070573	0.471212877436839
-1.14016935299318	0.348638213237076
0.157631418222578	0.0304971390385879
1.03089658662325	0.396761481668771
1.45875777005853	0.49161470941807
-0.220719282235606	0.0721977307033811
0.142182976680504	0.0681443890617556
-1.79541110556836	0.406108159138969
1.9613717712777	0.470903909509444
-1.79541110556836	0.406108159138969
0.1588995276689	0.0306480879354901
1.9613717712777	0.470903909509444
1.03515111598185	0.401690296345324
0.157607154140132	0.0473340538421367
1.56738793874716	0.794603309712501
0.134605228918193	0.0519692430740625
-1.28624234459102	0.594941965574939
-0.724261839758342	0.252034414225576
-0.346167140140093	0.100935083264355
0.157631418222578	0.0304971390385879
-1.79522376365631	0.406159618358576
3.26595066981528	1.12514815365216
1.96463092715103	0.470372342687103
0.1588995276689	0.0306480879354901
3.93568352234487	1.75542668781444
0.667073956986921	0.214335437648368
-0.724489220764226	0.25507339261849
0.1588995276689	0.0306480879354901
0.155486414338603	0.0672256620856001
0.1588995276689	0.0306480879354901
0.954295652698446	0.253211023347385
0.157631418222578	0.0304971390385879
0.157631418222578	0.0304971390385879
-0.624582031923329	0.153403426322781
0.157631418222578	0.0304971390385879
3.26735525568462	1.11469211429917
-0.216233327172033	0.0712426822696432
0.525131259349727	0.192999914873943
0.161910749638676	0.0490513039831909
1.32815384338885	0.59428936619523
-3.07968455989498	0.963635125148535
0.166760634916841	0.0427859605507963
0.1588995276689	0.0306480879354901
0.166760634916841	0.0427859605507963
0.676191819364127	0.216171302955092
0.663034678171856	0.21290337117364
1.56905957384716	0.80439629318691
0.814200116419447	0.347862369359511
0.1588995276689	0.0306480879354901
0.157056474373317	0.0303984095560313
0.158321872008447	0.03054890339565
0.157631418222578	0.0304971390385879
0.1588995276689	0.0306480879354901
2.75863284516271	0.79267969100207
0.157056474373317	0.0303984095560313
-2.07241483008846	0.968046925511113
0.661593536121753	0.212650522521367
1.03376095681478	0.39809706574288
-0.536127695906329	0.206804527707773
1.82336730645351	0.727498434871424
0.157056474373317	0.0303984095560313
-3.07968455989498	0.963635125148535
-1.13345886337206	0.34828321496857
3.64422717604154	1.43587355006395
0.157631418222578	0.0304971390385879
2.75734920342264	0.799800653832186
1.45496621180374	0.489974899858239
0.531595264123315	0.195527948373046
1.9613717712777	0.470903909509444
1.32803391147169	0.592399691809221
0.157631418222578	0.0304971390385879
3.26595066981528	1.12514815365216
-0.624582031923329	0.153403426322781
-1.13345886337206	0.34828321496857
0.166760634916841	0.0427859605507963
0.950654218295308	0.25253240285929
2.75863284516271	0.79267969100207
2.75734920342264	0.799800653832186
1.57038684410817	0.807034365925312
0.889722164875859	0.481466517642977
-0.110591241280034	0.0442095920413887
-1.5205822622307	0.550689829164133
-0.62409333671727	0.15194082521988
0.161791665747346	0.0309826798878848
0.16183898726961	0.0410563761793581
-0.530671843634332	0.2061859514931
0.149799062385088	0.0453698747948897
1.45351865984672	0.48998410568291
0.158321872008447	0.03054890339565
0.1588995276689	0.0306480879354901
0.149595457307736	0.0452624594369959
0.160384885012197	0.0410552053935884
-0.773774748297677	0.346345835072774
0.166760634916841	0.0427859605507963
3.26454918998549	1.12582035861405
-0.623203514518812	0.152886975065438
1.45875777005853	0.49161470941807
0.668257563820224	0.216585127844403
2.75863284516271	0.79267969100207
1.9613717712777	0.470903909509444
0.162378104800928	0.0310834456145106
-0.624582031923329	0.153403426322781
0.166394015894957	0.0421995715384941
1.45606145484126	0.491057209685398
0.162378104800928	0.0310834456145106
0.157056474373317	0.0303984095560313
2.75606918885066	0.793508670212093
1.96463092715103	0.470372342687103
0.531595264123315	0.195527948373046
0.149503515251289	0.0648413296717991
0.158933943506847	0.0404964559262667
-0.580204298114532	0.41394412537856
-2.57994643475892	0.682934722662173
0.165310764697054	0.0422104497686673
0.157056474373317	0.0303984095560313
2.76088021610819	0.795949787637318
0.157056474373317	0.0303984095560313
0.157056474373317	0.0303984095560313
0.956487790679547	0.25443416057231
0.669700188276656	0.216836591054402
0.149187209143483	0.0446186625033022
1.45115389212136	0.482105241849398
0.39454110146607	0.179208934548176
-0.797388803125323	0.441200636080444
0.161791665747346	0.0309826798878848
-2.57393942994101	0.680804613621979
1.45351865984672	0.48998410568291
0.1588995276689	0.0306480879354901
0.158321872008447	0.03054890339565
0.166394015894957	0.0421995715384941
-0.623203514518812	0.152886975065438
0.161798133300927	0.048400913424328
1.33486094464373	0.596716782173894
0.146835585674207	0.0572347599611663
0.382589291714827	0.174233811045461
0.953397312790705	0.252738122158945
0.142221521694413	0.061628906747354
0.158321872008447	0.03054890339565
0.158243762653532	0.0473325739053408
1.45496621180374	0.489974899858239
-1.79522376365631	0.406159618358576
0.165310764697054	0.0422104497686673
0.157631418222578	0.0304971390385879
0.675004256144304	0.217263152446952
0.820823944260337	0.354804427519032
0.952024225447137	0.254550165942042
-0.622314221648084	0.151717296808394
0.153330488140151	0.0297415921897382
1.9613717712777	0.470903909509444
-0.338232313416877	0.0987458905293902
-0.346167140140093	0.100935083264355
-2.57450915234243	0.686119713628322
3.26595066981528	1.12514815365216
0.162378104800928	0.0310834456145106
0.95292022183415	0.255029382628136
1.96025897070573	0.471212877436839
1.96025897070573	0.471212877436839
-0.625469527156518	0.152450282737538
1.9613717712777	0.470903909509444
2.75606918885066	0.793508670212093
1.45606145484126	0.491057209685398
2.75734920342264	0.799800653832186
0.774989674692055	0.458297572028071
0.709341960702135	0.457034732696131
0.602572338136814	0.310908742586524
-0.054053927748592	0.0237463966211068
0.952024225447137	0.254550165942042
0.158321872008447	0.03054890339565
0.165674434882817	0.0422257308822068
1.96025897070573	0.471212877436839
-1.80012731460838	0.40572439661199
1.03674127319984	0.397936005636489
1.38721909658291	1.06159766663723
0.526475289805826	0.193047228245027
0.515180313075723	0.185932515126926
0.157631418222578	0.0304971390385879
1.9613717712777	0.470903909509444
-2.57936018855439	0.682903044011602
0.165310764697054	0.0422104497686673
2.11241021373514	0.965493651705752
0.1588995276689	0.0306480879354901
0.663034678171856	0.21290337117364
2.75606918885066	0.793508670212093
0.95292022183415	0.255029382628136
1.96025897070573	0.471212877436839
3.92727374425001	1.74535892797151
0.52325415783733	0.189831868062164
0.668257563820224	0.216585127844403
-0.62935300969794	0.153342878403685
0.954295652698446	0.253211023347385
0.952024225447137	0.254550165942042
0.953397312790705	0.252738122158945
0.162126796780036	0.0484942824533851
-1.52751919802195	0.5494166055303
-1.13345886337206	0.34828321496857
1.32822893225691	0.595292300170666
-0.993711094148269	0.487533832851203
0.816796075513508	0.352385300037275
1.07632121654668	0.665985065444836
-0.11318910939588	0.0450290932089252
0.39080765601914	0.178392476739938
1.96025897070573	0.471212877436839
0.167846042512584	0.0427707788849589
1.0511630089898	0.514804268399279
3.63349334555347	1.43861104142477
0.157056474373317	0.0303984095560313
0.168213647836342	0.0427717891925395
-0.347343651948862	0.100521829573696
1.45986014199587	0.492707629107706
0.157056474373317	0.0303984095560313
0.669700188276656	0.216836591054402
0.153330488140151	0.0297415921897382
0.95292022183415	0.255029382628136
0.674740147390516	0.216998162235432
0.951547874681655	0.253003737941398
0.714571485022796	0.463230819039262
1.82480935034987	0.726106092264881
1.77593308340252	1.01191243407977
-2.57507908676252	0.680490038595289
0.818093284035194	0.352795702508465
-0.347343651948862	0.100521829573696
-0.622314221648084	0.151717296808394
0.157631418222578	0.0304971390385879
1.45496621180374	0.489974899858239
-0.953371904994255	0.584265207068119
0.147292931049622	0.050586614524483
0.143873170525097	0.0624251475650241
0.875393815238406	0.633310094986041
-0.406161692391755	0.229999916729647
0.89899832335085	0.490167119221609
0.166760634916841	0.0427859605507963
2.75734920342264	0.799800653832186
0.158321872008447	0.03054890339565
-3.07880362658843	0.963967696821091
0.673290374161129	0.21539984522156
-0.342366844950387	0.0999187527730966
0.954295652698446	0.253211023347385
0.158321872008447	0.03054890339565
0.95292022183415	0.255029382628136
0.158321872008447	0.03054890339565
1.96025897070573	0.471212877436839
1.96025897070573	0.471212877436839
0.165273197569164	0.0419033482397814
1.96025897070573	0.471212877436839
0.1588995276689	0.0306480879354901
-1.79541110556836	0.406108159138969
0.157819500886876	0.0479964018015095
1.08481335865851	0.669214388030718
0.152956124230605	0.0735515555557366
-0.343542423818443	0.10090975164114
-0.344991553778112	0.100675971877677
-0.624582031923329	0.153403426322781
0.535592335827872	0.195337190866767
-0.622314221648084	0.151717296808394
-2.58483811914593	0.676212802763842
0.162378104800928	0.0310834456145106
3.64721181111227	1.4366842531501
3.2784856410689	1.09379702391012
0.96055594466668	0.252218652307608
2.74130776376807	1.72302589955692
2.11650162991155	0.968694798816402
-3.07968455989498	0.963635125148535
0.140766332730155	0.0613012641588407
-0.401588962846415	0.27745623048581
0.382248735994826	0.171879288518169
0.139932925847572	0.0541926042406933
0.526088870322886	0.19195857798614
0.169301214921532	0.0427592743769238
0.673553513601153	0.218109822226041
0.157631418222578	0.0304971390385879
1.03108891614978	0.395666438305109
0.669700188276656	0.216836591054402
0.666816815995216	0.214564732832008
1.9613717712777	0.470903909509444
1.0404202529805	0.404466019128978
-0.727076542516005	0.253677508869169
-0.625469527156518	0.152450282737538
0.952024225447137	0.254550165942042
0.157056474373317	0.0303984095560313
2.75734920342264	0.799800653832186
0.166760634916841	0.0427859605507963
-0.335535613285346	0.0968358090286094
2.75606918885066	0.793508670212093
0.1588995276689	0.0306480879354901
0.162378104800928	0.0310834456145106
0.523787196468579	0.192297988976743
1.45461172869713	0.491065821848087
0.524938478553276	0.192889918548823
-0.343542423818443	0.10090975164114
0.158031704426094	0.0479750742787413
-0.624582031923329	0.153403426322781
0.668257563820224	0.216585127844403
-1.79541110556836	0.406108159138969
0.166760634916841	0.0427859605507963
1.96025897070573	0.471212877436839
0.160614285616072	0.0483709724331317
0.157056474373317	0.0303984095560313
0.166760634916841	0.0427859605507963
1.64507304682415	1.51302192423284
1.45461172869713	0.491065821848087
-2.06705951379076	0.958380425234573
-0.155449628193251	0.056785772204396
0.672329204234225	0.214414311899322
0.352183775835726	0.177552989302329
-1.03302388557896	0.421793611703792
3.93272691418558	1.75618274206341
0.166760634916841	0.0427859605507963
-0.989988616058659	0.498459472947123
-0.619634069394611	0.151716324023864
0.95292022183415	0.255029382628136
0.953397312790705	0.252738122158945
-1.79522376365631	0.406159618358576
0.160384885012197	0.0410552053935884
0.81561493056819	0.351685560743549
0.670883773275737	0.21573252817249
1.96463092715103	0.470372342687103
-0.630732478411191	0.153857382309032
-0.622314221648084	0.151717296808394
1.81384811378872	0.711979528312714
-1.80012731460838	0.40572439661199
-1.1412609968196	0.35088828313214
3.6379052926147	1.45060215836621
0.165310764697054	0.0422104497686673
-0.339412770165686	0.0990063673017856
-0.62409333671727	0.15194082521988
1.82361765344649	0.72436350636832
0.393041040810021	0.179952823576791
1.4531651131754	0.486692367864221
0.594402044761009	0.311500572820989
1.32438465155021	0.589689442209682
-1.79522376365631	0.406159618358576
2.76088021610819	0.795949787637318
0.69391760199383	0.330522549102325
0.668084647841113	0.214613858911294
0.166760634916841	0.0427859605507963
1.82073728246914	0.724274882905695
0.139424262226571	0.048026958878771
0.665672219783544	0.212062538915321
0.155236989444065	0.046931522021964
0.165310764697054	0.0422104497686673
0.688579124189177	0.327050433573336
-0.172649550967992	0.0615823536123885
0.528774895140429	0.192704403574892
-0.773774748297677	0.346345835072774
1.03089658662325	0.396761481668771
0.523787196468579	0.192297988976743
0.160614285616072	0.0483709724331317
1.45351865984672	0.48998410568291
0.820477990253153	0.350086640157138
3.63496088118677	1.451939681774
0.669700188276656	0.216836591054402
1.82048878018078	0.719555340107451
0.957871568697817	0.254705443855955
3.64571789778181	1.44441964476519
-0.622314221648084	0.151717296808394
0.952024225447137	0.254550165942042
0.95292022183415	0.255029382628136
0.952024225447137	0.254550165942042
2.75734920342264	0.799800653832186
-2.57450915234243	0.686119713628322
0.162378104800928	0.0310834456145106
2.1110217653764	0.962555227661631
-1.12965913036419	0.345874034206289
3.92874288694813	1.75035531053454
0.166760634916841	0.0427859605507963
0.688588989186597	0.329918803167546
1.56493266273026	0.795584214388428
0.819736361887799	0.353982189775623
-0.150731092427451	0.0552708638941148
1.77975871745448	1.01680086695759
2.55581283712405	1.44698352690532
0.446849742346894	0.183685662671941
-0.772752584084013	0.345638417777207
-0.217376423974934	0.0714638472668936
-0.150458831228779	0.0551520014582941
-0.343268806146835	0.0999183449449793
0.81864798250195	0.350323202614082
1.56519910944153	0.791620042971659
0.133628050945406	0.051389275332301
0.519682381544299	0.188997738083276
0.690834825061164	0.330577258585932
-0.0969546994102745	0.038915333856978
-0.522705576199674	0.20140379895895
-0.624582031923329	0.153403426322781
2.1110217653764	0.962555227661631
-0.721783751651319	0.251597360149973
1.02831668707163	0.395116937408162
0.68731840095904	0.32854249379088
0.518326741577634	0.188934006826496
0.143747269175704	0.0559041635309843
0.14605644861433	0.0505224990642865
0.95292022183415	0.255029382628136
-0.347555636251828	0.100540132112443
-0.0986395859872944	0.0399460838583499
1.32687881734284	0.596619735020576
1.03108891614978	0.395666438305109
1.45606145484126	0.491057209685398
1.32970980115416	0.593918942315811
3.26735525568462	1.11469211429917
1.45986014199587	0.492707629107706
2.75606918885066	0.793508670212093
0.157631418222578	0.0304971390385879
3.63349334555347	1.43861104142477
0.952024225447137	0.254550165942042
0.168213647836342	0.0427717891925395
0.167846042512584	0.0427707788849589
0.946765399319523	0.252386055990515
0.524938478553276	0.192889918548823
0.957871568697817	0.254705443855955
0.81151620199283	0.348634244573977
0.830014114371108	0.351354114147321
1.56500232003748	0.799635859648323
0.440410734717233	0.18046124246997
-0.614974912875044	0.301052141709719
-0.338232313416877	0.0987458905293902
-1.67692592394509	0.973200620856142
-1.02871170775367	0.417044529530206
-1.47238473372794	1.00964396833544
1.0652929919458	0.530579447044945
0.675004256144304	0.217263152446952
0.661593536121753	0.212650522521367
-0.141019351528483	0.0512616608589805
-0.151756236463228	0.0557391336018927
0.345887275642214	0.172350737000871
-0.152509336205892	0.0557203112776917
0.526282024246712	0.193593170961761
0.446585379791805	0.183721184032664
-0.406964879671441	0.172275124154906
-1.22875846930803	0.910841196432875
-1.2750472124855	0.586390015079827
1.33066146326993	0.594944346005423
0.145998375108123	0.0565046941171979
0.389271752814023	0.175974702584295
0.161910749638676	0.0490513039831909
-0.150731092427451	0.0552708638941148
0.530234735136755	0.195115554796289
1.06554631971426	0.528667459429407
1.77315905933478	1.00717883013889
0.437798963734719	0.17948625425802
0.165674434882817	0.0422257308822068
1.04181404901781	0.404808808438391
0.157819500886876	0.0479964018015095
-1.02849046705274	0.419931822610547
0.162942698182568	0.0413114056520163
1.56761412650483	0.800352775712037
0.672329204234225	0.214414311899322
0.956487790679547	0.25443416057231
2.10559930382807	0.95497332014476
-1.02985304618648	0.417366865086498
0.954295652698446	0.253211023347385
1.44824908922374	0.485976898894524
1.82625325422671	0.720309807645897
0.669440224929851	0.215480111776117
1.06426358771682	0.529514790306315
0.144775943023955	0.0629764014805838
0.895795854263994	0.487259772772187
0.141207809048545	0.054994308517659
0.823243467793322	0.353586596514582
3.93272691418558	1.75618274206341
0.786356830061551	0.471396411766043
0.527936867110274	0.192508723741719
-0.518945913103219	0.201612309704566
1.06426358771682	0.529514790306315
1.03674127319984	0.397936005636489
2.11650162991155	0.968694798816402
-0.154154862490974	0.0566375929839067
-1.13492041310201	0.349384486959602
-1.0234029277996	0.414343036193287
-1.13599688789171	0.349486711323194
0.608805332902391	0.320326920749647
0.825908082148063	0.351642030404033
-0.957540960378545	0.589234936904392
0.39114157800871	0.177489819065
0.435793892227063	0.177391424756306
1.266803817981	0.709341561555255
1.03515111598185	0.401690296345324
4.17266903671239	2.03710183251272
-0.726850409013166	0.253447860915049
1.82868259121074	0.729942315494172
0.810427049802671	0.345886414866135
-1.82608962166886	0.760023550642785
-0.400797837070998	0.222894460206475
3.63496088118677	1.451939681774
1.3230464333918	0.587737669083066
0.15217592618318	0.0460645385354346
0.158321872008447	0.03054890339565
0.147807964842846	0.0576339568271193
0.669959235301846	0.21328277804383
1.56216046842741	0.789051343065144
0.536735803605555	0.194401525839549
0.166760634916841	0.0427859605507963
3.26962954853743	1.12822867523572
2.11241021373514	0.965493651705752
-0.0717515243824015	0.0313343826139485
-0.15100249430913	0.0549770279031329
1.27647666599427	0.71768012602393
1.07381387182372	0.65233229776744
0.895818796586824	0.486687087576658
1.28150539974286	0.714522721523229
0.678923180242034	0.320330673730383
-0.946050939678179	0.568765297602497
0.816796075513508	0.352385300037275
-0.614590528908263	0.300181664200839
0.15140740070063	0.0522724297544451
0.147142932159236	0.0509873558125847
0.894883501406601	0.489548254141755
0.167846042512584	0.0427707788849589
-0.224253139168393	0.073796430498605
0.668257563820224	0.216585127844403
1.03932317999806	0.399473022199737
2.762173012355	0.796052683519412
0.956965590292449	0.254225160809089
1.96463092715103	0.470372342687103
-0.386226820612965	0.159926386609761
-1.10246416305016	0.752726119469716
-0.0622121886426164	0.0271906046643111
0.810186660059278	0.348204719952732
0.447874482759599	0.18392431172934
0.149792774462749	0.0780516434766604
0.951547874681655	0.253003737941398
0.388012940249955	0.177640021767954
2.11241021373514	0.965493651705752
0.527936867110274	0.192508723741719
2.35063075633068	1.20294535204345
1.56348206439994	0.78677156575863
1.77617432174561	1.02457901130855
-0.224366804519632	0.0741231334290571
1.03783609384751	0.397011482932924
0.603598099269597	0.314127433651445
-1.8193202809442	0.7576566965492
3.26454918998549	1.12582035861405
0.165310764697054	0.0422104497686673
0.526282024246712	0.193593170961761
0.132122641871418	0.0510098996472799
-0.343542423818443	0.10090975164114
1.33356976854466	0.596130774866653
0.893815241548165	0.483688547844088
0.610612708925147	0.32085560055968
-0.721783751651319	0.251597360149973
3.93021390388131	1.74972824816439
1.44895005858988	0.91254510534318
0.682722195956226	0.32090905579751
0.150783671583358	0.045388108777533
1.82217654089451	0.725748167802471
0.166760634916841	0.0427859605507963
-0.250569010959917	0.125293513548091
-0.530671843634332	0.2061859514931
-0.110031457654421	0.0443954586121625
-0.39974846066059	0.169824537699409
0.526282024246712	0.193593170961761
-0.52556727760428	0.203116503406994
1.56500232003748	0.799635859648323
1.0557844034853	0.517355263793968
1.38368423074661	1.05139398739003
0.442267508928748	0.180131294342851
0.354912853423271	0.177032938950752
1.03654154158417	0.402707767551167
0.150836864565629	0.051685466405038
0.776739253710022	0.461152420147951
-1.51425919312654	0.549483381615373
-0.789526510821236	0.515432982331578
-0.79918248814112	0.441346449171317
0.780740581514228	0.461116551193756
-0.235571220413538	0.0764142387662903
-0.140282345605013	0.0508229996287427
-0.801780619098767	0.522761131185201
-0.655410236860908	0.387229117215291
0.147362692598526	0.0508433865470601
0.443815997722933	0.181414479695546
-0.393737570292483	0.167638796641671
0.36125818229432	0.182603969313043
0.6800756105157	0.215855235776087
-1.03099524421992	0.416630331572939
1.04062393996299	0.400467662974683
-1.13599688789171	0.349486711323194
0.819389971104756	0.352293326647861
1.03793223060229	0.402236165852461
0.165674434882817	0.0422257308822068
-0.524252707979673	0.204085170600417
0.526475289805826	0.193047228245027
0.520832738473921	0.190542776372981
1.81929987358015	0.717843244648639
1.06760251530047	0.525861386865443
-0.224253139168393	0.073796430498605
1.56894018726966	0.797991249064816
-1.17137392181324	0.665394599475887
-0.519762353787516	0.200048899292904
-0.725896158891892	0.253805951910148
0.521982205410082	0.18999785131124
0.58527337529312	0.297516191162049
2.73238963282619	1.6962593152463
0.140482148403838	0.048228407633646
0.894883501406601	0.489548254141755
0.167846042512584	0.0427707788849589
-0.0653293305664958	0.0284527750233243
2.35216593694559	1.20028973632488
1.46132136209316	0.489990587090443
2.10559930382807	0.95497332014476
0.897689689355742	0.491637407482036
-0.805322689926769	0.437542346004236
0.528969012283931	0.192665716160184
0.94600956868122	0.637506608044577
-0.307857810110821	0.142953961858063
0.157819500886876	0.0479964018015095
0.451941171764847	0.184399920797613
1.03793223060229	0.402236165852461
0.163094953310193	0.0494223382636678
-0.226067534394568	0.0743178756022403
0.68649255884629	0.324363877463085
0.687035336909987	0.589818610303284
1.57582095063623	0.803772600889529
0.327115096431024	0.177539592685319
0.143445720753174	0.0557160838352611
0.433736870450855	0.177466012567766
1.03654154158417	0.402707767551167
0.904040868516878	0.494298266171014
1.33486094464373	0.596716782173894
-0.628447709775194	0.153171179772782
1.2671107153399	0.710755789415756
2.75734920342264	0.799800653832186
0.14653019519208	0.0570865605628647
0.44149853200672	0.181153088534539
2.12041844499872	0.96077521211255
3.26595066981528	1.12514815365216
1.5662551419061	0.796008569427114
0.664228257408103	0.213358767976231
1.45115389212136	0.482105241849398
0.438918428712331	0.179782791488228
0.526668666064803	0.190120774466231
1.45606145484126	0.491057209685398
1.065040484914	0.526179950612369
1.03515111598185	0.401690296345324
-0.227212618004882	0.0750820913651819
-1.03016432810562	0.417494436414598
2.39635063899781	2.0121574577062
-1.48968130262235	0.767356007642095
0.139259365168594	0.060398560145055
1.28024165555982	0.712755461999417
2.75606918885066	0.793508670212093
1.96025897070573	0.471212877436839
-1.1412609968196	0.35088828313214
0.772165635450988	0.453392787997989
-0.778919093445955	0.349025831228475
0.138719743620096	0.0532333155256991
2.35081533466009	1.20147565074976
-0.770725715471457	0.339463198943965
-0.226067534394568	0.0743178756022403
-0.769698010049911	0.341769185120482
1.08726502541684	0.665069707609302
-1.28277116814285	0.592370586619789
0.508241296579685	0.31749595858561
0.816796075513508	0.352385300037275
1.82073728246914	0.724274882905695
1.06144547862176	0.523590586710417
1.03366878696766	0.393641317340005
0.165310764697054	0.0422104497686673
-2.0710366946981	0.965136621750708
0.68731840095904	0.32854249379088
1.03773179442616	0.400174057999191
0.165674434882817	0.0422257308822068
-0.771446747272178	0.344605745740912
-0.216459792863705	0.0716410349070388
-0.623695063230009	0.152227657420805
-1.81672391556845	0.755139764558434
0.67210466855713	0.216488954078171
-0.73248982751734	0.255921070717602
-1.82467177482471	0.757687975137559
1.45461172869713	0.491065821848087
1.03793223060229	0.402236165852461
1.0810658481746	0.669165272191412
0.668084647841113	0.214613858911294
0.709274475244943	0.457526309210274
0.673553513601153	0.218109822226041
0.138828784295158	0.0603129016123432
0.158378791844165	0.090489456068272
1.05788914828126	0.518635623589795
2.75734920342264	0.799800653832186
-0.165912883434999	0.0596579536018461
1.03773179442616	0.400174057999191
2.27016855571471	1.72988212718948
-1.84058503146372	1.18029718433957
1.77848388545146	1.01741144222038
2.75606918885066	0.793508670212093
0.341952635355622	0.188613003893817
0.594402044761009	0.311500572820989
1.0511630089898	0.514804268399279
1.0652929919458	0.530579447044945
0.398103889241863	0.181475912925545
0.592165800136467	0.309636536897059
0.147735428904545	0.0643443069297352
2.34946932765502	1.20004188926087
0.950331430928645	0.251806185220337
0.141745138803914	0.0611792914534758
2.11371778253909	0.958913406403944
0.67210466855713	0.216488954078171
0.160510100025773	0.0484285557089307
-0.152027874499813	0.0556812356537209
0.140516880773455	0.0545297949412117
0.516970665374104	0.188238852279449
-0.14898797790818	0.0544634098656251
-0.726238487506654	0.253437335397984
1.60843642374071	1.11116889269647
0.901583341462365	0.486747617605729
0.433736870450855	0.177466012567766
0.35365163462073	0.177212252977986
0.166760634916841	0.0427859605507963
0.950654218295308	0.25253240285929
0.15921674927226	0.0483450021306231
1.06401084594047	0.530069212232045
0.139862364731221	0.0607543085488136
1.82604050116992	0.728003309996437
0.158219615047671	0.0953725376896944
-0.491616593462786	0.257713399966371
0.788473450059992	0.466155608043885
0.672329204234225	0.214414311899322
-0.146391767834071	0.0538121497783544
0.669440224929851	0.215480111776117
-0.104456645162201	0.0420315616456337
0.822405386609196	0.354928298866261
-0.404212718949396	0.171224058960615
-2.07554755290781	0.970734229791733
0.15217592618318	0.0460645385354346
0.813314258066428	0.346612414854858
0.377561874303277	0.170060282373362
-1.28599957284154	0.599485299783715
1.04452468216074	0.398388196027822
0.164164509697856	0.0416462564743448
1.06426358771682	0.529514790306315
1.05739250525133	0.522020826016938
0.688052399942702	0.326034251121712
-0.0395568139992219	0.0184727327652536
-0.105389714352962	0.0424193779052806
0.392675529463565	0.179936093229491
-1.47973436924342	1.03892625826217
-1.22026412283843	0.90716640297476
-0.350191590281639	0.102610881125832
-0.719426085672194	0.251004789565613
-0.159513824343925	0.0584877561943233
0.670883773275737	0.21573252817249
0.157631418222578	0.0304971390385879
0.81561493056819	0.351685560743549
0.140540587524375	0.0547519601052748
0.524817754511886	0.192422842039039
0.672329204234225	0.214414311899322
-2.57994643475892	0.682934722662173
0.141511958428034	0.0552197149692542
-2.06876532861005	0.964719982568229
-0.999605744884782	0.884036139773392
-0.411664432753084	0.174712199941108
-0.721783751651319	0.251597360149973
0.430649624197691	0.17370188001158
0.524938478553276	0.192889918548823
1.45606145484126	0.491057209685398
0.669700188276656	0.216836591054402
0.81151620199283	0.348634244573977
0.160792218592371	0.0848810459402872
0.932092449412794	0.881664531774936
-0.243927007218507	0.122551172889955
0.951399320067057	0.921534215959805
0.524938478553276	0.192889918548823
-2.57507908676252	0.680490038595289
-0.35137798744179	0.102393082124341
1.61481667152975	1.13387202999575
2.12048129486098	0.962495323329794
1.96025897070573	0.471212877436839
0.948141792901091	0.250604857806815
0.158321872008447	0.03054890339565
-0.726850409013166	0.253447860915049
-0.623203514518812	0.152886975065438
0.890983202869456	0.4835081440556
0.357189511230593	0.179169675422769
0.165310764697054	0.0422104497686673
-0.343542423818443	0.10090975164114
1.45461172869713	0.491065821848087
-0.98598220863811	0.498754751168081
1.45461172869713	0.491065821848087
0.15921674927226	0.0483450021306231
0.531808783502716	0.194187277674226
0.152380753568528	0.046289512415668
0.954295652698446	0.253211023347385
0.533302756246283	0.192766147344976
0.669700188276656	0.216836591054402
0.673290374161129	0.21539984522156
1.33201471260472	0.596336495537286
1.82336730645351	0.727498434871424
0.166760634916841	0.0427859605507963
0.148406294194498	0.0446988981681097
0.669700188276656	0.216836591054402
-0.343542423818443	0.10090975164114
1.03793223060229	0.402236165852461
1.9613717712777	0.470903909509444
0.952024225447137	0.254550165942042
1.03773179442616	0.400174057999191
1.03654154158417	0.402707767551167
0.596482014935905	0.312114092953853
1.03636109604344	0.395993547232756
0.686097002856916	0.324593706653465
1.0404202529805	0.404466019128978
0.669440224929851	0.215480111776117
0.951547874681655	0.253003737941398
1.57195075774042	0.796446112466694
0.669440224929851	0.215480111776117
1.9613717712777	0.470903909509444
-0.723310015883846	0.254344357266946
-0.623203514518812	0.152886975065438
0.534447987144892	0.194750706851383
-0.162624865096479	0.0588816814769299
1.44969992073046	0.485973419912067
0.822157638974394	0.35584875469151
1.23988592117253	1.02908867973723
0.6800756105157	0.215855235776087
0.167846042512584	0.0427707788849589
-0.346167140140093	0.100935083264355
2.55823232081649	1.44784364910664
-0.728257853624471	0.25221693606255
0.518326741577634	0.188934006826496
0.951547874681655	0.253003737941398
3.63643152651936	1.45439996443785
0.956965590292449	0.254225160809089
0.156422543419747	0.0472980918883861
2.75734920342264	0.799800653832186
0.150836864565629	0.051685466405038
-0.616446754220682	0.299841553593291
0.662238389641614	0.464085579832058
1.83257706012935	0.724518454155819
-0.618737201948444	0.150559036504414
0.157056474373317	0.0303984095560313
0.165310764697054	0.0422104497686673
-0.0283330008331476	0.0134135070253952
-0.151483736448208	0.0554963882939861
1.96025897070573	0.471212877436839
0.1588995276689	0.0306480879354901
0.956965590292449	0.254225160809089
-0.779201170961778	0.349669330011866
-0.0156647927820386	0.00763144485205928
0.157631418222578	0.0304971390385879
0.156342363817318	0.05332901956033
3.26735525568462	1.11469211429917
0.956487790679547	0.25443416057231
1.81929987358015	0.717843244648639
-0.62982953293132	0.153685936034785
3.26454918998549	1.12582035861405
-0.619634069394611	0.151716324023864
2.75734920342264	0.799800653832186
0.664477703038449	0.211611460329049
0.81802893897956	0.350122578962383
-1.06284053149698	1.10795586979272
0.67210466855713	0.216488954078171
1.96025897070573	0.471212877436839
-1.14016935299318	0.348638213237076
-1.13453748317733	0.348386420481102
0.950654218295308	0.25253240285929
0.822157638974394	0.35584875469151
0.899918783962007	0.493722856687921
-0.329298837010379	0.195785605396949
1.45207421539656	0.485631123308653
-0.108167508037916	0.0435912033011045
-0.151756236463228	0.0557391336018927
0.437336361385505	0.178476256204279
0.147362692598526	0.0508433865470601
-0.408390874556592	0.226735967181803
-0.229505410798325	0.0753532432921718
0.143661499693885	0.0493477826084473
-1.27955202404874	0.590042630501065
-0.783336226727165	0.347829987541355
0.600458231431121	0.314077133140864
0.526475289805826	0.193047228245027
-0.0964044920489523	0.0389736419230874
0.606868060437385	0.319371836719166
0.815705372076796	0.351565174973888
0.151147710779537	0.0523193888171726
-0.221860227790252	0.0729410950813406
0.431419571252929	0.174994621431672
-0.608539644001326	0.292987444583733
0.815705372076796	0.351565174973888
-0.727539282821169	0.251965799561326
-1.28839875871437	0.594189170007425
0.158321872008447	0.03054890339565
-0.146114964407817	0.0533678489410876
0.156634201293332	0.0476265114655575
-0.523171029238127	0.20323286573159
-0.152027874499813	0.0556812356537209
0.151071112655376	0.0724707309918738
1.45461172869713	0.491065821848087
0.166760634916841	0.0427859605507963
0.668515656075028	0.214587613419762
0.953397312790705	0.252738122158945
2.55969235869496	1.46149709236597
0.159003857627083	0.0480265128738231
0.946765399319523	0.252386055990515
-0.103661141028937	0.0420042327055223
0.95292022183415	0.255029382628136
1.62331004681519	1.14662608479542
0.95292022183415	0.255029382628136
-0.311683837020092	0.145357040015086
-1.67919352054224	0.966270157563041
-0.155449628193251	0.056785772204396
-1.28901426898339	0.588513580357217
-0.617705476273454	0.300459908442062
0.385185174099614	0.174655103427409
-0.159244468201253	0.0583497793086273
-0.30277129250962	0.139327798109722
1.33371124435023	0.59016364592686
0.661593536121753	0.212650522521367
-0.22584984896384	0.074068293460933
0.141192906646216	0.0548578024293243
0.526282024246712	0.193593170961761
1.61592372430803	1.11891853518992
-1.03416549660249	0.42282126768722
1.27564259235835	0.712022772384037
-0.216459792863705	0.0716410349070388
-3.08560892508393	0.959287165776606
-0.221549116887011	0.0733586886722837
0.600652971289106	0.315965712394016
-0.148712408233657	0.0546464053678112
0.821071015660031	0.355024826276381
2.11630521628039	0.969154823351082
0.166760634916841	0.0427859605507963
1.33621568244782	0.597177361094707
0.129577798545556	0.0499909901387951
1.45840207343894	0.489337286075825
-0.721783751651319	0.251597360149973
0.157056474373317	0.0303984095560313
0.15936459443611	0.0597055160580337
0.954295652698446	0.253211023347385
0.439104823354277	0.180243926411834
0.437886995966905	0.178931996378717
0.160510100025773	0.0484285557089307
0.667998554448181	0.213489165347249
-1.13345886337206	0.34828321496857
2.11260268209087	0.963178522665624
1.45351865984672	0.48998410568291
0.668515656075028	0.214587613419762
0.95292022183415	0.255029382628136
0.670883773275737	0.21573252817249
0.15625990713939	0.0473604698624763
0.158031704426094	0.0479750742787413
0.95292022183415	0.255029382628136
0.160725603404171	0.0483645687036449
1.8219271179281	0.726018448121517
1.45461172869713	0.491065821848087
1.03089658662325	0.396761481668771
1.31855942573268	0.585809961693757
0.53295536088233	0.194775549847646
0.165627026668308	0.0419540958394552
-3.75565007208521	1.51176851969756
0.162378104800928	0.0310834456145106
-0.623203514518812	0.152886975065438
-0.35424652274721	0.101699068262197
-0.350191590281639	0.102610881125832
0.527625536835698	0.193638734585991
0.157631418222578	0.0304971390385879
0.952024225447137	0.254550165942042
3.26595066981528	1.12514815365216
0.95292022183415	0.255029382628136
3.26454918998549	1.12582035861405
0.1588995276689	0.0306480879354901
0.152059452718086	0.029590171141199
0.961469601946137	0.252693318766749
1.45461172869713	0.491065821848087
-0.216459792863705	0.0716410349070388
0.948141792901091	0.250604857806815
2.11789391703942	0.967138862393588
-3.75448747115041	1.51208464914552
0.673553513601153	0.218109822226041
0.161791665747346	0.0309826798878848
0.672365927723615	0.21584689717513
-0.628447709775194	0.153171179772782
0.168213647836342	0.0427717891925395
1.56629393122933	0.800830556955224
-0.108312297798876	0.0434291292902129
-1.13710196565356	0.345665576379782
0.165674434882817	0.0422257308822068
-0.522938609184387	0.203337039703685
0.152489836004519	0.052740500279662
0.950654218295308	0.25253240285929
0.692104522158643	0.330312251704577
-0.117986773324722	0.0689184273544341
-0.218747016072675	0.0723005288061521
-0.148435972724194	0.0543814007250733
1.03793223060229	0.402236165852461
0.162942698182568	0.0413114056520163
-0.791779490251011	0.434953169027354
-0.623203514518812	0.152886975065438
-1.02598754897463	0.414743296101028
0.164278215865622	0.0494439084469955
0.382951770590543	0.173831811368867
-1.82373483340545	0.759520768730619
0.161694559716164	0.0487970170518378
0.165674434882817	0.0422257308822068
3.63496088118677	1.451939681774
-0.0986019292922069	0.0396247950613684
0.438146712754534	0.175835970985702
0.143486887581762	0.0686582655908644
-0.0333409328107519	0.0156242825696448
0.782187283001233	0.468761547542832
0.14726534360375	0.0638293967625384
1.9549561302495	1.22686038821719
0.543101584963204	0.310232186374339
0.813932842111034	0.346727789149262
-0.189843669955073	0.100481665358006
-1.68414146482666	0.983858903403601
1.78386386492548	1.01429015729183
-0.314290432830251	0.14538440325599
0.160725603404171	0.0483645687036449
-0.342091382580869	0.0996589886024872
-0.157949595715112	0.0577565264493089
-0.151483736448208	0.0554963882939861
0.148738227464701	0.0511351524576854
-0.399029446500114	0.273118624318926
-0.243497829812215	0.121133434657449
-0.0909588499115647	0.0364191606543234
0.142572669479194	0.0619955023066334
-0.677634660087647	0.465413983200324
0.67065448766072	0.313047763654683
1.13796480294797	1.14446219066208
0.333172739484755	0.182118393625778
-0.234213426152454	0.0764831664456841
0.889477294366632	0.48333470893364
-1.60803975581845	1.2151616703012
0.151942039345278	0.0728152736283755
0.315762767987642	0.203603506093259
-0.0255654214466472	0.0120308328719951
-1.18507505553305	1.18583601543264
-0.105018196900244	0.0423002004785251
-0.311238773868407	0.144906116820247
0.59989943897598	0.316548793854297
0.339035132470656	0.184585867200869
-0.00421628339617536	0.00209568375447005
0.330047050044152	0.181835951538008
0.523670606978157	0.190861849447837
-0.0305816844238533	0.014340908663008
-1.09765808254296	0.742974540794499
-0.277241285300431	0.173684467265167
0.899316465716679	0.482643435267935
0.163936820712606	0.0998347315047994
1.27340249284825	0.719681656496615
0.478850137235281	0.32031737851692
-0.320007304470204	0.147079344498244
1.75826941559474	1.33280676835905
0.892655829093935	0.488526127111415
-0.196851863600728	0.104299598003482
0.32136857854746	0.190561743893223
0.439104823354277	0.180243926411834
0.150987968499307	0.0459422956002911
0.140482148403838	0.048228407633646
-0.343542423818443	0.10090975164114
0.151192104824609	0.0457157821928599
0.956965590292449	0.254225160809089
-0.724716701361779	0.253084880212333
0.166394015894957	0.0421995715384941
1.03515111598185	0.401690296345324
3.9397021284947	1.74214320233959
0.137987204026364	0.0534148805459405
0.15090279556095	0.0583363245614719
0.820722403608623	0.350149907158407
0.141848058772579	0.0489994167913964
-0.624582031923329	0.153403426322781
0.815705372076796	0.351565174973888
-0.529590931055547	0.206114530882042
3.63643152651936	1.45439996443785
0.169301214921532	0.0427592743769238
-0.340869162586215	0.0994476453021484
0.161910749638676	0.0490513039831909
0.688588989186597	0.329918803167546
-1.6737984209072	0.961886959014451
0.393608602810428	0.180020414433707
0.589253209054386	0.303418347935228
1.82361765344649	0.72436350636832
-0.731525616406812	0.255525096859232
3.26595066981528	1.12514815365216
-0.150754797528158	0.054535222859768
0.157056474373317	0.0303984095560313
0.950654218295308	0.25253240285929
-1.13453748317733	0.348386420481102
0.95292022183415	0.255029382628136
0.520628489116286	0.189937142312681
-0.147689713388894	0.054302242157111
3.26595066981528	1.12514815365216
0.519478061083296	0.190484525868409
0.153330488140151	0.0297415921897382
0.147362692598526	0.0508433865470601
-1.79541110556836	0.406108159138969
0.673553513601153	0.218109822226041
0.14953299838415	0.0516176458431704
-0.622314221648084	0.151717296808394
-0.105018196900244	0.0423002004785251
-1.45042152874235	1.53226911628625
-0.159513824343925	0.0584877561943233
1.0764961265292	0.66219346842037
0.159003857627083	0.0480265128738231
-1.81672391556845	0.755139764558434
0.157631418222578	0.0304971390385879
1.32286572889832	0.589041398137801
3.26735525568462	1.11469211429917
0.14474970923973	0.0500449668198986
2.762173012355	0.796052683519412
4.17934244977687	2.03365836363795
1.03793223060229	0.402236165852461
-0.343542423818443	0.10090975164114
-0.343542423818443	0.10090975164114
-0.766066401836195	0.339460746888884
0.160400851667561	0.0483731984970343
0.158321872008447	0.03054890339565
0.668257563820224	0.216585127844403
0.95292022183415	0.255029382628136
0.157631418222578	0.0304971390385879
0.953397312790705	0.252738122158945
1.8219271179281	0.726018448121517
0.142679564838216	0.0491455222440914
0.157056474373317	0.0303984095560313
0.157056474373317	0.0303984095560313
-0.623203514518812	0.152886975065438
0.1588995276689	0.0306480879354901
1.9613717712777	0.470903909509444
-0.623695063230009	0.152227657420805
2.75606918885066	0.793508670212093
0.1588995276689	0.0306480879354901
1.96463092715103	0.470372342687103
0.954295652698446	0.253211023347385
0.165310764697054	0.0422104497686673
-1.79541110556836	0.406108159138969
0.158321872008447	0.03054890339565
1.9613717712777	0.470903909509444
2.75734920342264	0.799800653832186
0.161791665747346	0.0309826798878848
-0.619634069394611	0.151716324023864
-2.57936018855439	0.682903044011602
0.95292022183415	0.255029382628136
-0.727076542516005	0.253677508869169
-0.619634069394611	0.151716324023864
0.161791665747346	0.0309826798878848
0.158321872008447	0.03054890339565
0.16183898726961	0.0410563761793581
0.158321872008447	0.03054890339565
-1.79522376365631	0.406159618358576
0.1588995276689	0.0306480879354901
-0.624582031923329	0.153403426322781
-0.623203514518812	0.152886975065438
-2.57393942994101	0.680804613621979
-0.622314221648084	0.151717296808394
1.96025897070573	0.471212877436839
2.762173012355	0.796052683519412
1.9613717712777	0.470903909509444
3.26962954853743	1.12822867523572
1.96025897070573	0.471212877436839
1.82361765344649	0.72436350636832
1.04690223635623	0.400154019909315
-0.145094145721108	0.0530266495888326
0.166760634916841	0.0427859605507963
-1.02545668819682	0.410468230380581
1.56870722634889	0.794144549178341
0.520628489116286	0.189937142312681
0.164226724221899	0.0416602681945232
1.82992561988128	0.718528844057604
-0.403295360952404	0.171123840792018
0.522313970026089	0.190452758516715
0.828681340212028	0.352799541193362
0.161798133300927	0.048400913424328
0.160384885012197	0.0410552053935884
3.93568352234487	1.75542668781444
-0.624582031923329	0.153403426322781
-3.45549576669823	1.25034460620717
1.82361765344649	0.72436350636832
0.953397312790705	0.252738122158945
-0.220404038835599	0.0729168656391525
-1.02871170775367	0.417044529530206
-0.147689713388894	0.054302242157111
0.157631418222578	0.0304971390385879
4.37912999175037	2.31568129987142
0.668257563820224	0.216585127844403
0.166394015894957	0.0421995715384941
-0.0944995115994302	0.0380218356643968
2.11121372988457	0.963126869077612
1.06016023151333	0.524462698488931
1.27521242260931	0.71707524836946
0.383886969187111	0.174624801075651
-1.49874044389978	0.778455311524854
1.56500232003748	0.799635859648323
-0.776596766990149	0.34470048142242
0.13970263705097	0.0541559295387953
0.437336361385505	0.178476256204279
0.152182018060155	0.0588064306288629
-0.104212959960013	0.0420300105483996
1.45875777005853	0.49161470941807
0.157819500886876	0.0479964018015095
-0.520024315525337	0.201968241826799
-0.223002041835152	0.073276211453375
0.433994687503127	0.176337994763149
1.2701796019035	0.710496114077682
-0.224047591747806	0.0740771018889209
-0.313481682056824	0.146155055356217
0.145399530939779	0.0759948220855201
0.158321872008447	0.03054890339565
-0.221549116887011	0.0733586886722837
-0.343816891455429	0.0996962776646578
0.148228629004075	0.0512983752502419
0.144969177280787	0.0498210586690172
1.05739250525133	0.522020826016938
1.03654154158417	0.402707767551167
2.11479822745174	0.952676881605473
1.05970865954384	0.520458084530965
-0.39341936124574	0.166446191090308
0.437886995966905	0.178931996378717
1.96025897070573	0.471212877436839
1.82748782049169	0.728181584217454
-1.03416549660249	0.42282126768722
-0.220363241288198	0.0719345715341655
1.05244257887759	0.515795867294839
1.45207421539656	0.485631123308653
0.951547874681655	0.253003737941398
1.45986014199587	0.492707629107706
-0.344991553778112	0.100675971877677
-1.51659726126421	0.549787550108874
-0.771161508762355	0.34142138493375
-0.225400119271266	0.0740149655022009
1.325541173279	0.596317804415036
-0.419054270325774	0.23413781761365
0.14605644861433	0.0505224990642865
-1.02849046705274	0.419931822610547
-0.350191590281639	0.102610881125832
1.32125481417367	0.588079391101958
0.528873779674063	0.193445629021568
-1.1764533429977	0.672969207367666
2.75734920342264	0.799800653832186
0.140510148384066	0.048664068301297
-0.408598579744079	0.174098316850991
-0.528983260725292	0.202992306874347
0.808856832713135	0.346851612844531
-0.16053966425378	0.058758984593026
-0.339412770165686	0.0990063673017856
0.534447987144892	0.194750706851383
0.158031704426094	0.0479750742787413
1.33201471260472	0.596336495537286
0.668257563820224	0.216585127844403
0.950654218295308	0.25253240285929
-0.620531475305306	0.150785249491411
1.0652929919458	0.530579447044945
0.523787196468579	0.192297988976743
1.44824908922374	0.485976898894524
0.140482148403838	0.048228407633646
1.56652021377159	0.791170383160884
-0.221755533699252	0.0734151122801483
0.16183898726961	0.0410563761793581
0.442527379761808	0.181395623041047
1.45986014199587	0.492707629107706
-0.343693528937163	0.0996288364739292
-0.623695063230009	0.152227657420805
-0.625469527156518	0.152450282737538
1.32420347578211	0.594323880877371
0.156634201293332	0.0476265114655575
-1.51425919312654	0.549483381615373
0.44149853200672	0.181153088534539
-1.51279643757503	0.547771213649107
-0.339689629328073	0.0991873938654728
1.78825319626574	1.01370058330111
0.95292022183415	0.255029382628136
-3.45549576669823	1.25034460620717
-1.2849226802386	0.599119703841267
-0.719194001735348	0.251086827288541
3.63349334555347	1.43861104142477
0.656081819038325	0.208379304495248
0.950654218295308	0.25253240285929
1.03654154158417	0.402707767551167
0.95292022183415	0.255029382628136
4.38187196867802	2.33979299516313
-0.62409333671727	0.15194082521988
0.400375939761933	0.179982459481469
0.1588995276689	0.0306480879354901
1.08481335865851	0.669214388030718
0.144360057617073	0.0496936999572725
0.505572729104057	0.316476540852849
-0.189666911305474	0.100570410929719
-0.725669351344178	0.254938132698188
-0.522420401816075	0.201298837276784
0.669700188276656	0.216836591054402
0.810186660059278	0.348204719952732
0.157056474373317	0.0303984095560313
-0.351639245332709	0.102368245698131
0.1588995276689	0.0306480879354901
2.35346452942618	1.20590979814114
-2.57507908676252	0.680490038595289
1.45496621180374	0.489974899858239
0.954295652698446	0.253211023347385
-1.79541110556836	0.406108159138969
0.954295652698446	0.253211023347385
0.673290374161129	0.21539984522156
3.6379052926147	1.45060215836621
0.141595248893409	0.0490443609015525
1.9613717712777	0.470903909509444
0.148779719482915	0.0579010525492348
0.146276360591024	0.0501419351300708
0.165674434882817	0.0422257308822068
0.164226724221899	0.0416602681945232
-0.523501280224515	0.200311219947325
0.572193670112565	0.449914354375608
-0.624582031923329	0.153403426322781
3.63643152651936	1.45439996443785
0.164226724221899	0.0416602681945232
3.27104261465895	1.12081379847629
1.9613717712777	0.470903909509444
0.951547874681655	0.253003737941398
1.96463092715103	0.470372342687103
0.171634472420616	0.0433572706368662
0.157631418222578	0.0304971390385879
1.96025897070573	0.471212877436839
0.950654218295308	0.25253240285929
0.945392108065693	0.250394577044051
