x	y
-1.20237076815385	1.6142768267379
-3.07792320695436	0.955710221735997
0.169301214921532	0.0427592743769238
-0.625469527156518	0.152450282737538
-1.79522376365631	0.406159618358576
-2.57936018855439	0.682903044011602
-1.79541110556836	0.406108159138969
-1.52751919802195	0.5494166055303
-0.926759727296043	0.665637063025807
-0.399057447223759	0.170109285065368
-1.22371832812961	0.917062479307998
-0.620531475305306	0.150785249491411
-1.79522376365631	0.406159618358576
-2.57507908676252	0.680490038595289
1.77256449449016	0.995353847824681
0.822157638974394	0.35584875469151
-0.228358576380837	0.0754206022353645
-1.52724853986246	0.545501812569252
-1.5205822622307	0.550689829164133
-3.07880362658843	0.963967696821091
-0.620531475305306	0.150785249491411
-0.315102537114543	0.314115191429397
-0.618737201948444	0.150559036504414
-1.04235292631647	0.411376426948772
-0.610895513519982	0.297752930337381
-0.407020281565707	0.230308647655527
-0.467388705846283	0.523586070759672
0.163056264163057	0.11311248499398
0.275185364309013	0.220083028638185
0.470672573825527	0.317849526312339
1.70805792595774	2.26701687979392
-0.397152930524167	0.270007386607794
-0.310196223044801	0.252046176027982
-0.397828859388637	0.514778770035427
0.00979727152771419	0.0087553000433144
-0.670397799369164	0.788358657822663
0.117952514339743	0.0968891919727883
-0.239787369042711	0.21638007062537
-0.055048391354459	0.0397770685631201
0.197411474286952	0.16160860414601
-0.0664513531811119	0.0483705744596731
-0.718168422675933	0.674947044862446
-0.0199181882947117	0.0212142944722529
-0.0346199216650797	0.0349539894344037
-0.11737823138089	0.117177614684078
-0.643298787545875	0.574014356757244
-0.357236166101201	0.382658324845557
0.432892373797762	0.426397488319074
0.253162175849701	0.212258078379897
-0.24660851705649	0.203775768127785
-0.530232958176576	0.586231265977457
-1.06090372436169	1.10317923075541
-0.93773237155609	1.04909831616769
-0.124599715276744	0.128428756551441
-0.179973981957835	0.230847138342785
0.0307653577358816	0.0347487387039173
-0.463890713341191	0.654621605145572
-0.130088285769617	0.0899679629324438
0.0862974350400527	0.0603929697049169
-0.211806349720268	0.157665593464786
0.678213472674198	0.844556343212121
-0.439511521564276	0.336041538979521
-0.343778504625385	0.205139746197643
0.337623919758217	0.187010101962814
-0.148884689899945	0.126479747372522
-0.160713532965646	0.2233861112908
-0.528411086877975	0.965769515577577
-0.359312066300866	0.576405681373549
-0.180845857001575	0.178197045485625
-0.394705719904731	0.409997587034074
-0.645906666248251	0.655357668144786
-0.120823996015938	0.0707342542255469
-0.55623295119321	0.49857881228414
-0.630027544081361	0.558394329692427
-0.348742022466301	0.10134765260469
-0.951207844421669	0.582361994248569
0.172003388254653	0.043682446671818
-3.753325756616	1.50774999821741
-0.186685534764997	0.185588788630583
-0.214097762684484	0.284814122226484
-0.469917255486225	0.806261847520071
-0.0790977931935519	0.089756680872347
-0.19376811543292	0.174757111650883
-0.118628395283226	0.111318627344956
-0.0372129731627496	0.0281869535355831
-0.280665148780933	0.174842093229957
-0.100543638654961	0.040427077654483
0.278463488186392	0.223823372157761
0.0872420737547907	0.0582940165766225
0.89227391310403	0.484957834108716
-0.995304397926277	0.497842096365885
-1.171040888061	0.661713778043559
-0.162318585294173	0.153228769184053
-0.193982308589215	0.259653426474034
-0.31232413365567	0.502698999412793
-0.0486354839012207	0.0553076886510694
-1.18622219954768	2.20090171276909
-0.129308316209191	0.102809347102861
0.461585088848371	0.493964037817049
-0.0755681340851441	0.0680225351821692
-0.490504485149784	0.537928067433867
0.503273069222253	0.315531654529832
-0.24245924135388	0.157170883687022
0.560010307699234	0.544324348164246
-0.408909684576828	0.173426470986382
-0.79037965654194	0.516641496722948
0.116235692262345	0.0987991084313006
-0.268387217593597	0.339209091253126
-0.251446552731255	0.374933461603878
0.153150477507665	0.194063775275407
-0.167809098246051	0.153139055333463
-0.121718355310521	0.0965060581766045
0.0543498070242145	0.0426240208284225
-0.0645804861099531	0.0604077907991235
0.808752717600239	1.1214179776445
0.171652302816783	0.110289655016653
0.0459976508866192	0.0279943657013075
-0.306350949882269	0.248768804956717
0.0388841323276447	0.022467617831838
0.784877985027119	0.469477800862458
-0.396643509279753	0.16828753711455
-1.33372531757556	0.838410410768277
-0.208828837075557	0.212959362396852
0.452750423252924	0.776383345671544
-0.3149661343743	0.511217774195487
-0.641062569870366	1.14515145188803
-0.231332731624657	0.224006297260273
0.0745695896736381	0.0617423822049253
0.228434014069142	0.236029655310003
0.209002573014556	0.218549591933353
0.314191205965578	0.308322846814145
-0.0540457003229421	0.0335179139365142
0.843398621359015	0.758573137760541
0.00985281519376675	0.00739399965871616
-0.0276222755071715	0.0130734892746672
0.171679123876318	0.0890803933131532
-1.51789299749163	0.543638200318253
-3.07968455989498	0.963635125148535
-1.0408248512381	0.819025167271796
-0.370571236332048	0.457176110561199
-0.100542112556296	0.0724605153347434
-0.0961604927385309	0.0991044238941546
-0.307279725981809	0.498244816591379
0.230780492790946	0.288859998422274
-0.435476971404004	0.48895951432603
0.264883935565801	0.237944442551422
-0.679741070682716	0.817803239506506
-0.105861433482039	0.101949634610464
-0.136136814967133	0.135048462709044
-0.789751362659804	0.516221127258743
-0.544136411893475	0.34241531154668
-0.795168958750643	1.00528794006086
-0.896118918931674	1.17327901556401
-0.223626961467884	0.260154451879285
0.0253862438119702	0.027119898032188
0.00517499376544141	0.00489077280359426
-0.180058529388067	0.166661728651746
0.120001788316748	0.097657895863377
-0.216769768384667	0.181358953480572
-0.308722835105359	0.354030559740592
-0.115671234535188	0.0921502989498934
-0.536422359486636	0.203567118538252
-1.32998497416651	0.845239972896542
-0.73902405081604	1.04169270787919
0.14966455608924	0.177052410299584
0.143745146743226	0.206299119543322
-0.321733036876229	0.482473225325494
0.00692564618752261	0.00631585315771991
-0.236853653364115	0.193556834213587
-0.794781114125775	0.608340812596783
-0.399706600788769	0.16951647127703
-0.730123386031477	0.256802322226565
-0.342366844950387	0.0999187527730966
-0.922244645627703	1.0890397544911
0.0637550748180841	0.06056823402905
-0.144508372431141	0.185439623869426
-0.0885845347750398	0.0910080692287728
0.373847904904391	0.392178682041151
-0.644899900357885	0.638899256280006
-0.313571687367257	0.29559510834141
-1.27847431781352	0.58777730457991
-0.411745241717652	0.381045405242293
0.0806949902512018	0.093529174047944
-0.0750273376731791	0.0954469463473201
-0.447515975032386	0.636010468381366
-0.103125270150221	0.0977452954548536
0.38337695925008	0.331349202840102
-0.449510458818965	0.549983760017479
-0.00423751624964159	0.00328737044715039
-0.00782244977894385	0.00380218513557236
-0.681804994763014	0.53169486113824
-0.162337677551372	0.0589247125653899
-0.342091382580869	0.0996589886024872
-0.657648464825966	0.389880684880486
-0.862774365379432	1.02355081082456
-0.90127210083366	1.23608789322723
-0.162772670760749	0.197932099502707
0.104909451834876	0.116923459590698
0.144594718006541	0.167880112050726
0.515033725108598	0.542116399971353
0.0425926248279726	0.0332206306666324
-0.375155792060324	0.346536992389774
-0.472135012572548	0.546494719344107
-0.015753690793478	0.0121817049091416
-0.150346906008225	0.0845415217597986
0.148787971713727	0.0707791328245548
1.62108255309914	1.14394989801968
-0.400673322741317	0.169523208061195
-1.21912480361835	0.901009231297493
-0.000993338557150855	0.000824230071277696
0.33471335749444	0.30732422409248
0.100875252438964	0.11318594009249
-0.0889794722622857	0.113386888220702
-0.190350268921652	0.260703338752544
-0.0783259932650687	0.0731053558547844
-0.58781196959276	0.684065331965647
-0.687977987306655	0.794059100261173
-0.093705693689989	0.0942770341383103
0.131190459043417	0.1157785773485
0.319257920767744	0.189425833040523
-0.0626653780540737	0.0273925685084344
-0.192182437751155	0.128478341314208
0.952313163796407	0.640315635682427
-1.09875233022648	0.743949631044958
-0.723081962585608	0.252158286122281
-2.57393942994101	0.680804613621979
-2.06365878906951	0.954456855598177
-1.84557948035874	1.19234470110764
-0.18084930550503	0.155001885329465
-0.144650006352185	0.134221298171715
-0.36289642485694	0.54612836834878
-0.29512396127451	0.438993395646488
0.536078718539976	0.772606617828203
-0.319108172639517	0.335773665836138
0.00737044857017999	0.00505843750294654
0.77673472206122	1.00837930750307
0.473972196335844	0.626531741922665
-0.241945314098776	0.235709181834388
0.710987344316648	0.463936299054788
0.15625990713939	0.0473604698624763
-0.467922900724408	0.311022084405133
-0.333028205013851	0.194858628178281
-1.28249262659451	0.590053788876711
-0.14537289001097	0.0524737867037319
-1.81814593327299	0.757477944035012
-1.81814593327299	0.757477944035012
-0.2830879285439	0.290454559231899
0.187399485361965	0.181957655656163
0.318009325679826	0.495491217072539
-0.303089513127824	0.433742756615035
-0.01009117431435	0.0113086395591383
-0.469070674128884	0.524401012299548
-0.19622697236752	0.16657269716003
0.520581558315197	0.695073232807544
0.259448653656871	0.260554612649024
-0.266123391933286	0.215634927819264
0.0222630130526122	0.0119062748191463
0.143552854949838	0.0622321518539146
0.171715706884057	0.111135937578635
0.183809496154891	0.118267655082927
0.15281457847905	0.0661031141000901
-0.347555636251828	0.100540132112443
-0.623203514518812	0.152886975065438
0.535592335827872	0.195337190866767
-0.647678652103031	0.381044963138136
-1.52724853986246	0.545501812569252
-1.11544328152505	0.744437626256629
-0.159472218361824	0.0885867905102544
-0.662321532732687	0.447686127317883
-0.45963333407577	0.630691718348018
0.176710277392827	0.163690345044264
0.0877033106935341	0.111481862887055
0.0529962198026311	0.0640489328649759
-0.300945730471891	0.458970937120168
0.708502742440457	1.07173895012597
0.0607556679434673	0.0489231593580039
-0.690885592545606	0.87532484722895
-0.346770170779416	0.415103664717718
0.35944599874559	0.416591116214214
-0.504981960675449	0.461263441651057
0.306224151627846	0.219049878295412
-1.34637823165639	1.09545409785911
-0.403227775909019	0.224844860724297
-1.50892094831171	0.544038324980869
-0.792752679266524	0.433423126737381
-1.68310047725624	0.965050075018036
-0.344991553778112	0.100675971877677
-0.955016164076307	1.35905725546978
-0.287777984305145	0.331026980022212
0.37125177303701	0.568008961812943
-0.241588988018301	0.346540404789412
0.332569894980651	0.479953452856814
-0.798251758769468	1.22835511721838
0.168858696149155	0.113731294239934
-0.385765395669726	0.389067104185728
0.320720157958099	0.32785633859776
0.522147138056608	0.679570534093548
1.12398468821929	1.12725284767905
0.491943477269816	0.30156769738792
0.993210026931023	0.794550632512952
-0.104902240991428	0.0615305915471734
-0.655251577618413	0.383912229035326
-0.404270012482274	0.170333277139977
-0.401622268608077	0.170313069492288
-0.990637842627347	0.5048777109982
-0.105109140830176	0.0418514629555925
-0.0663444426649567	0.0691775066567459
-0.721381395616696	1.7376046535014
0.211208097033455	0.278607431268562
-0.264055452973218	0.319773993997008
-0.634680080347307	0.788759464907929
-0.505870787498245	0.381386257036444
0.17745472282867	0.130959524322474
0.274757019445043	0.226608830922212
0.509266424224992	0.604872409124994
1.16024865387826	1.62788463232867
-0.50497192572266	0.456278846987293
-0.183826627176488	0.139330387996554
0.186533566178485	0.135792380136438
-0.795803652902643	0.677670026322392
-0.275091311005831	0.22656606997208
-0.588183810712409	0.428854119839775
-0.212288806778555	0.163376854360298
-0.251410461304313	0.38308930984712
-0.454111491924806	0.880568822156732
-0.654007869671542	1.02990104768382
-0.216886512008928	0.20641319071197
0.654736515047998	0.827179768232537
0.673815739343564	0.215029182273907
-2.47395137515967	1.39771420785019
-1.28384654567062	0.597216174366731
0.145837129647114	0.050508335078259
-0.32551125000159	0.149305492987448
-0.449878174639146	0.553669686337294
0.0253624368915224	0.0206372116019701
-0.132374311655772	0.0921363967852633
-0.696581674318903	0.608341528743857
-0.218642936826347	0.20879180663829
-0.527094267328288	0.424527903779076
-0.0661950760107961	0.0414822863698387
-0.495385890901142	0.260284515227829
-0.275177374754697	0.396605620095707
0.168451197703985	0.226725087344455
0.0366289688294106	0.0394786588417964
-0.0769537668454385	0.0845885907852489
0.822068197341777	1.04008091942688
-0.399847420199983	0.272397977859596
-0.498454421557126	0.370483845256912
0.191865027584749	0.19010473828357
0.192281718918818	0.184756075034535
0.34441388582915	0.331537469454084
0.369923356235778	0.322014043174255
-0.00786516019135228	0.00522804778705187
-0.211012574687437	0.157298830892278
0.0129811047004839	0.00957376077844103
-0.785581880534341	0.344477367088625
-0.220610815050773	0.0725929304678882
0.329205649663859	0.180937316869246
-0.723310015883846	0.254344357266946
-0.153238647140562	0.0860783450487068
0.0406697666630764	0.0233829340744678
-0.259003922442152	0.356523890917105
-0.600871051020351	1.17860979263753
0.255022696888044	0.316474090846722
-0.0959089840458002	0.0846746092144752
0.324491255134529	0.325265540613198
0.538566144254826	0.626343505778106
-0.257627421190644	0.263813867530613
-0.306730324643855	0.31430834550379
-0.659281634883409	0.633343920782377
0.161493481995068	0.0924395556916392
0.403258315630785	0.329007610274413
-1.00132926917684	0.889466996846906
-0.346508525886329	0.277370093596011
-0.408254229169272	0.171855803623219
-1.1412609968196	0.35088828313214
-0.392452216038843	0.165928108257559
1.05729629470294	0.520259000854253
0.15504931902936	0.0669834014939066
-0.00169915373165485	0.000903032316939037
-0.144152139625414	0.0802836621975593
0.39557399514067	0.30440108238704
-0.260380672683757	0.295210583687471
-0.0996832206088502	0.0888343984145702
-0.0355974636998411	0.0390592207843194
0.199767665544455	0.289109262070669
0.168615711929858	0.198134587392935
-0.0206945700249624	0.0175045986149642
0.0503540985533308	0.0307493589660501
-0.132724506840494	0.092561017337789
-0.559669223440459	0.574296662484584
-0.172197684412007	0.156532841910394
0.701024858608194	0.697922285028985
0.908588526713969	0.771614679959544
-1.2705175277384	1.50117880364038
-0.804750336824223	0.688809585970429
-0.402633387929332	0.170356167821557
-0.148984048055168	0.0831761523236922
-1.27847431781352	0.58777730457991
-0.220610815050773	0.0725929304678882
-0.397031136884105	0.221533776192378
-0.675736622077322	0.460498951978508
0.471765026939034	0.313510791378158
0.64092562795391	0.901576856462508
-0.0492209558526268	0.0364148372247296
-0.175671017949405	0.215220025956254
-0.806017682020525	1.5374040321692
-0.27064833436382	0.279969576749489
0.0561909470060031	0.0450547233959393
-0.50747423513637	0.375948118849002
0.432444281996297	0.412276931531029
0.455337085405183	0.425167138305146
0.201185289801681	0.168442849915866
0.0772144087599076	0.0536379149061084
0.952429482008645	0.932045836056826
-0.504891724428933	0.460278836077947
-0.621460072738315	0.300661453616494
-1.01477359804063	0.896590428923874
-0.493834318256103	0.259306282665875
-0.613502156230041	0.639882037254028
-0.273813690513088	0.297223643046287
-0.431233402396061	0.481209837474213
-0.676789025004234	0.470882316673197
-1.34114514209558	0.850273402478515
-0.984370173910544	0.498898517233409
0.35441750461925	0.179326478645246
1.26863227625978	0.714205275686671
0.789463174620137	0.613987700688315
1.22324398593016	1.31603237156586
0.619236092077637	0.572527172295247
-0.378254396939189	0.447355138542433
-0.468147741444622	0.540100458375259
-0.256922976606598	0.321306995199159
-0.0381279345894007	0.0394243102261777
-0.29267313552947	0.365050142197552
-1.3181503687333	1.88513133802982
-1.09536552873367	1.04361992676286
0.179778630831146	0.122264584886711
0.626703347819047	0.802538942103505
0.0597759800017649	0.0467217552540898
-0.311602693441921	0.275044312844848
-1.07907171858275	1.11535079553321
-0.583710759045848	0.422999505117424
-0.781053321888898	0.654622096218243
-0.597316886941306	0.480819980596121
-0.767376989577629	0.337287935752433
-0.80104374762995	0.60609901665987
-1.21816992012691	1.40148891553452
0.34884641993034	0.318724719435405
-1.05513726455189	1.37989700432795
-0.803044628767864	0.867993789129296
-0.293854973133257	0.213802387871535
0.307700149232062	0.210185453828873
-0.19650464895835	0.130918521184919
-0.552045587815306	0.344385416338416
-0.28524710920686	0.204918395859469
-0.525170587475314	0.580186440281273
-0.293665656006285	0.281239548821494
-0.134963130806778	0.149089959378873
0.321281147250037	0.492572121606302
0.212152667474074	0.259568801192258
-0.105906437817291	0.100606954116973
0.575407069625102	0.77639474385755
0.160605205859607	0.0844893789467946
-1.84571123700286	1.65764422283966
-0.540485340251334	0.336948135712582
0.291272101163709	0.208576572717808
-0.255411622862331	0.189475695365471
-0.838531492535015	1.04862298662698
-0.442755750650176	0.437585938968532
-1.17499636759181	0.666323760461541
-1.27972810930448	0.589686215814511
-1.99100919245375	1.41130239998313
-0.395991800617787	0.168840395606477
-0.532276703088154	0.205902875815849
0.134903959436578	0.0524653213869835
0.426208780244437	0.430657525291458
-0.323708887392989	0.326567750681549
-0.883606188701534	0.941565574254033
-0.668662687802406	0.461055269392858
-0.307402239324383	0.142463158970048
-0.315163786859499	0.144803160800602
-0.139876414028366	0.0780808186191708
-0.191150520251675	0.174554240544108
0.0264070022194494	0.0231628328558767
0.133707776223299	0.144743818532608
0.304545235751114	0.358747086746914
0.387861616939555	0.471296124624876
-0.231880069556104	0.149428142174219
1.39477179914665	1.06296066850607
-1.04752662218592	0.833956726194709
-0.401588962846415	0.27745623048581
-0.63127870802518	0.565444809950404
-0.686136496964014	0.537893072010506
-1.13599688789171	0.349486711323194
-1.49099625807477	0.776999131898863
-0.62409333671727	0.15194082521988
-1.51940297937032	0.550464997835271
-0.203367478508582	0.135226531090363
0.0994209398667704	0.0921699190006857
-0.277098681631483	0.227318392095601
-0.470204534452016	0.312150947921295
-0.281172037334527	0.248475314104698
-0.193007256364084	0.223924543718565
0.32711205184343	0.423897851015229
-0.136899197201793	0.158329036908799
-0.0880967933035345	0.0538358138185333
0.286553509434242	0.221511905709722
0.106185392781866	0.0841403219045773
-0.729317910626593	0.828253744270328
-0.026820244224285	0.0175801106781027
-1.13599688789171	0.349486711323194
-0.984311136182428	0.498990825274186
-0.605818530137428	0.295281497227371
-0.600068437857915	0.577698215660729
-0.404022536608525	0.524231349855676
-0.408233370477036	0.508662164062166
1.96025897070573	0.471212877436839
0.95292022183415	0.255029382628136
-0.398227979715174	0.222562100130376
-0.665211132576925	0.392452049288739
-0.0148133372162533	0.00721989528519534
0.166394015894957	0.0421995715384941
-1.14089293159455	0.348055152990233
-0.313827862864578	0.145183489419901
0.0374800210384335	0.0216991567666448
-0.469820097160678	0.624965211963266
-0.177851249687529	0.177422993885011
0.383519324524299	0.615916126168194
-0.374031408580676	0.527071944480612
0.310685577143204	0.438984547770091
-0.0662289130225434	0.0547152140442537
-0.21767204532629	0.163538887129909
0.104721804388677	0.083085731805952
-0.208845825410899	0.18920756907687
-0.201901499547271	0.199377965903736
-1.32437951580468	0.834211104383695
-1.52204266633328	0.552410388888373
-3.76085193858471	1.516389149945
-3.45442672204145	1.24810798046793
-0.394054578040223	0.167450294497097
-0.0986395859872944	0.0399460838583499
-0.403431609624576	0.171018778715566
-0.141299571448262	0.0514880255645158
-0.525481869722006	0.511049762767302
0.209152176619971	0.222632321768517
-0.116138526454763	0.109755849719669
0.952024225447137	0.254550165942042
-0.344718928168882	0.101170101330633
1.82868259121074	0.729942315494172
0.149853105967217	0.0649478893208599
0.158933943506847	0.0404964559262667
-0.558265268779381	0.502565811162552
0.293898433916748	0.229328562081063
-0.0331312266179909	0.0283178988875275
0.299359549768087	0.311776492020221
-0.0826267931452174	0.0925197275745617
-0.37721642709969	0.599694986117789
-0.0272696833912486	0.0261573722220359
0.14566360403616	0.134334739883248
0.181370697184953	0.138724862276151
-0.249815591501859	0.226451618469989
-1.51279643757503	0.547771213649107
-2.57450915234243	0.686119713628322
0.166760634916841	0.0427859605507963
-1.51822461727644	0.546437377819713
0.168395066223425	0.0502982738562411
-0.31249067846186	0.144812647504751
-0.0562728775241823	0.0246548092646409
0.150906013862988	0.0519067661763726
0.169671264767307	0.127562275974491
-0.583874343286239	0.741613972759826
-0.822070516315793	1.24067221728325
2.762173012355	0.796052683519412
1.96463092715103	0.470372342687103
0.662786179108504	0.213105829711844
0.668515656075028	0.214587613419762
1.05219658810045	0.518968738360915
1.04312749688267	0.395976757790622
0.00084096136095199	0.000306451084612412
-1.81814593327299	0.757477944035012
-0.0824011835471215	0.0495498214185399
-0.230556222568951	0.25339883814362
0.521433622754195	0.608613965908555
-0.0636550316939872	0.0734588544027657
-0.557487094217557	0.983112692831446
-0.0121513876120837	0.0110317664844554
0.750874521488885	0.819375850783544
-0.801307415794065	0.809470791788258
0.165310764697054	0.0422104497686673
0.156807201934892	0.0301762424591594
0.157607154140132	0.0473340538421367
-0.214739998196024	0.070139267814458
-1.51309151623221	0.544844714826084
-0.0922659535285156	0.0371210668116055
-0.188992647858646	0.0999280316131534
0.157446713573225	0.0474765777179273
0.138828784295158	0.0603129016123432
-0.155902383431885	0.0570607367530945
0.526282024246712	0.193593170961761
0.16413468679376	0.040757192994737
-0.395022882227856	0.168315057184819
-0.147689713388894	0.054302242157111
-0.277680681944199	0.228537007831356
-0.588170605946058	0.781728615860814
-0.552685314213975	0.645786020589966
-0.257342327365603	0.190717712755616
-0.350454717877603	0.101552906153879
-0.993865699042135	0.502059922688089
0.161791665747346	0.0309826798878848
-1.5205822622307	0.550689829164133
1.82361765344649	0.72436350636832
0.946765399319523	0.252386055990515
0.165310764697054	0.0422104497686673
0.526088870322886	0.19195857798614
-0.220404038835599	0.0729168656391525
0.812845453929826	0.348166510934461
-0.00323972062748451	0.0016509765248558
-0.0613315606800779	0.0267875344595314
-0.33001075799506	0.396979367189028
0.133395235188215	0.120643992558043
-0.306545701592438	0.44857315090502
-0.331945506702719	0.474121748291822
-0.345861274827802	0.415060674287802
-0.0862783257669159	0.0522921816731797
-0.251499119116938	0.125801422783818
-0.621807691000738	0.298764393735542
-1.02985304618648	0.417366865086498
0.497669674595804	0.309525231623303
0.44143459765327	0.180989319262382
-1.29250684846851	0.583248317282772
0.527625536835698	0.193638734585991
0.0242660593781914	0.012965461135043
1.45461172869713	0.491065821848087
0.148009607409806	0.0508661285145361
-0.323374280153271	0.148104095086347
-0.796420324134224	0.998565210481604
-0.422227623505625	0.522612401379521
1.07989096172921	1.72040112773013
-0.880908178312409	0.937354598244288
0.667998554448181	0.213489165347249
-0.657550950657294	0.38992822581305
-1.13600022882357	0.347365132523473
-2.57393942994101	0.680804613621979
-0.624582031923329	0.153403426322781
-0.349006134070706	0.101786523630064
-0.358337140988707	0.103049703911164
-1.79541110556836	0.406108159138969
0.146705181416091	0.0501239064150104
-0.394991982939308	0.166760846376396
-0.030920940070744	0.0145124258400605
-0.493990761603185	0.258534529334745
-0.562124698685017	0.849006846184285
0.118138382762077	0.139619280537439
0.202948832121212	0.249350248249616
-0.353655176262503	0.481118115624324
0.136033925194953	0.0587980528672957
-1.50286267273483	0.779384179751265
-1.68118580613072	0.953361430830417
1.09474717199681	0.666815947681043
0.144420742238617	0.0557400355711829
0.888538302946409	0.482471402327789
1.26961375401025	0.715521951623609
1.08288561076264	0.671487250499981
0.52474581125615	0.190150245281143
0.445559696059655	0.183481849511998
-0.153808610141153	0.056307890723225
0.138644661430525	0.117150497520327
-0.702872861800582	0.9911052029296
-0.710198656711834	0.940834730784747
0.277722406163202	0.220924451077009
-1.81579996036086	0.748722663220006
-0.410462025756341	0.231019723078068
-0.219259833165648	0.0720995324237527
0.165310764697054	0.0422104497686673
0.161791665747346	0.0309826798878848
0.166760634916841	0.0427859605507963
-0.623695063230009	0.152227657420805
-0.623695063230009	0.152227657420805
-0.343816891455429	0.0996962776646578
0.171634472420616	0.0433572706368662
-0.234213426152454	0.0764831664456841
-0.159513824343925	0.0584877561943233
-0.396313809164144	0.463843993263555
0.0314383889681292	0.0277270194315805
-0.0847508351243971	0.0982042869648919
0.366572770410075	0.562914098197275
0.199753768291065	0.210192300906444
-1.56274496508187	2.00369866779808
-0.20113257013584	0.16387510968801
0.0417418001757994	0.0254209626720447
0.00141883057255161	0.000600264434590458
-1.51968686804079	0.548134504172194
0.167846042512584	0.0427707788849589
-0.525335160168346	0.204442902704607
0.143907168367383	0.0626929211687495
0.688579124189177	0.327050433573336
1.77465712235468	1.00289321777987
1.06169703810827	0.527106169202424
-1.02620966872653	0.41818337996543
0.163529915929016	0.0935316612400505
0.141493790786818	0.0550477805246781
1.23971658060111	0.848199426627141
-0.649058339828041	0.382218949112789
0.380604310345893	0.421624680148161
0.091964067715771	0.0850223520382793
-0.313577364386462	0.272496957684438
-0.0270339285886772	0.02068962755926
-1.67919352054224	0.966270157563041
0.16210253445634	0.0925725061943845
-0.648194253673266	0.381471550878666
-1.03416549660249	0.42282126768722
-0.52402013054653	0.203694200281952
-0.525335160168346	0.204442902704607
-1.51279643757503	0.547771213649107
1.05322944824235	0.516402002731974
0.669700188276656	0.216836591054402
-0.623695063230009	0.152227657420805
-0.104590329612916	0.0423595399149465
-1.72867692192726	1.40418403299461
-0.13922291811362	0.0500537641309676
-1.55677034675659	1.4862263104008
-1.01257884960424	1.08866595741091
-0.340172863808248	0.404062022156488
-0.185267417719098	0.237480833203929
-0.242926882853077	0.281776054130815
-0.0215765928889703	0.020312393320207
-0.088291591721479	0.0623285183474049
-0.0386867288510895	0.0282848760561048
-1.02757122770041	0.415639038598866
-1.67919352054224	0.966270157563041
0.789888052857853	0.474642428142286
0.360813537762598	0.181769027553282
-0.112639902730471	0.0450572197240183
0.700326775015776	0.443655554812687
-0.221549116887011	0.0733586886722837
-0.194877353779873	0.102893810972663
0.885957691568778	0.480408709680483
1.05842720960393	0.51825673545575
-0.406485711659245	0.229870040723728
-0.444974946799349	0.438898754917041
-0.0499957029825238	0.0421338638039877
-0.607469666258574	0.743671331425279
-0.387343600407338	0.365501919842969
0.0115746142286789	0.00544333760180211
-2.21335023384119	2.54964882525769
-0.154351967317599	0.0562498012417216
-0.791779490251011	0.434953169027354
0.162878077886294	0.0488236589544503
0.156422543419747	0.0472980918883861
-0.730343536032476	0.253594480814791
-1.13453748317733	0.348386420481102
-0.234000740505374	0.0766428894929934
-0.524252707979673	0.204085170600417
-0.140597560316281	0.0978310102262085
-0.264022801042472	0.282797132704941
-0.171943109353828	0.195808852560956
-0.109009207587882	0.112420500357442
-0.414650735637124	0.557201589364908
-0.186110165934786	0.123011518525463
-0.087060067514126	0.0627383691231537
-1.0109417995606	1.19974644301694
-0.958493790532175	0.590428210468133
-2.29052670967078	1.18969158688111
0.363992503006166	0.182984518995535
-0.312051458394623	0.144452926263228
-0.804587780355669	0.527703707111533
0.360773206066236	0.181805189739224
0.562600188783679	0.440809562214262
1.06298049234632	0.529003721857717
0.285411085639703	0.202492763655596
0.450071505667336	0.321859618478711
1.45811560767572	0.923690330704584
-0.254654001109278	0.12692343644755
-1.00301549374775	1.41490405682594
-0.201196094082147	0.171109244275386
-0.138326930037604	0.120179471354347
0.455764922346122	0.50255922156807
1.7710676137561	1.36816501701698
-0.795614234682307	0.608911861740459
0.645482155749679	0.453555998853307
-0.33252726051911	0.233370378474739
-0.0625422712217457	0.0387379062552697
-0.791779490251011	0.434953169027354
-0.33659843311646	0.201194751210084
-1.13492041310201	0.349384486959602
0.155262948308693	0.0530240037088713
-0.623203514518812	0.152886975065438
0.164495633504715	0.0495456538908044
-0.529590931055547	0.206114530882042
-0.219259833165648	0.0720995324237527
0.321504671201891	0.190091942487159
-0.587131674828095	0.42624946672028
-0.669659248194602	0.761027288744286
-0.699514894525252	1.46824989851548
-0.0202200072574884	0.020278631430061
-0.45360256725814	0.710108184528332
-0.335115274795662	0.455820769591025
-0.466962467097728	0.432750322817373
-0.786317638946518	0.729821435968082
-0.715662888281069	0.727760625559975
-0.716176535269654	0.619117726080827
-0.7898474124673	0.736767565244897
0.169593298635346	0.103092018157534
0.186545359523799	0.142646560666232
0.0127339724463994	0.00596590559799383
-0.119946301370314	0.0705083849255703
-0.715652588128147	0.676787184897596
0.296169007916908	0.221163795096064
-0.0269262478916084	0.0175499806443956
-0.582882727606037	0.422159144703231
-0.0182328979838245	0.0119550051263282
0.188733089388645	0.162203866153899
-0.197895793918626	0.184864859819168
0.173382136219182	0.121938541098343
-0.408964838080681	0.375860714720491
-0.977765634049989	1.20294635175974
0.388243777088633	0.313939900076301
-1.45555735138006	1.28165392181273
-0.292401094060408	0.25944862137878
0.17654330444054	0.152768110946043
-0.607476923444513	0.494579155738102
-0.701365527282199	0.615099382168992
0.00455545684026654	0.00338273271290791
0.169888546389985	0.109982632757728
-0.0348101536873035	0.0222759283609149
1.23880280910094	1.0270707667485
-0.642542508130616	0.647453727499538
-2.23286600241805	1.83672276216542
0.358537049806941	0.180587255187552
0.160874011920771	0.112125189778365
-0.333959471768333	0.200104135951915
0.485996015274051	0.428064097105293
-0.0819258739789115	0.0588376296100389
-0.416804247030824	0.386164117896967
-1.11394170315998	1.51010734708102
0.116452805039239	0.103241826658463
-0.514734323140982	0.472796353651787
0.830878127278101	0.959130363273055
-0.479626169704953	0.505596105697661
-0.25907739012224	0.344855103385645
-0.192222130827747	0.249136867264966
-0.920523967776337	0.756100981797332
-0.874923157342063	0.937455907254626
-0.718132179639758	0.729269166268034
-0.0216375564146494	0.0142273652840569
0.375984411736017	0.316237696322068
-0.0819733723147494	0.0497536339271048
-0.232695385485133	0.192348046560729
-0.659210765101061	0.678401863994069
-0.0806057222676682	0.0655572758787152
0.265137775639016	0.23093961008716
-0.671480296493023	0.734239151279244
1.14847044212607	1.27905242470665
-0.988227852511775	0.966980330403485
-0.0979793592140357	0.0709879924643702
-0.104598945395084	0.0802404798793466
0.412891481660733	0.424508843220787
-0.350398535760909	0.248242418132367
0.0666668085955099	0.0552586742447737
-0.158299897266181	0.142361309044421
-0.556802224362922	0.710084845534723
-0.0271442465308793	0.0206941956080677
-0.201797460576734	0.135014219254943
-0.146871826348226	0.0825371496101089
-0.183782925416652	0.156806401851533
0.844493115629618	1.21398546607771
-0.719488786938612	0.733551871596576
-0.0999118459998669	0.0850372116626809
-0.722746279638323	0.738347068473741
0.19078736476156	0.163203051634912
-0.936045873872695	1.05356375138525
-0.795559875977326	1.0685211912578
-0.436119020214453	0.461131582255066
0.0491179766714754	0.0372907392921707
-0.237615287461059	0.193797736770301
0.0974480813151707	0.0732160224660737
-0.115022552455665	0.08148465370573
0.10380720539522	0.0801828467591163
0.0277536852036089	0.0188820647150601
-0.366510075404855	0.390502795368624
-0.070413535529905	0.0514384261016339
0.188522562745477	0.139426215910931
-0.78786248531517	0.885771313269836
-0.198864439863364	0.168880493256054
-0.636932138367011	0.739861515061173
-0.426624738061555	0.429793393304324
-0.294244832920104	0.298081493439971
-0.353618402799449	0.353345904272934
1.04330257355973	1.08941433999607
0.0147678774559928	0.00953892636466696
-0.546307994484092	0.737853792311041
-0.313458314425254	0.321339349794963
-0.815256258684167	1.44590869195025
-0.242208008715042	0.260779239678456
-0.173540650449433	0.228782037882701
-0.247746106794932	0.396482436041982
-1.30569723612444	1.75500337125039
-1.28278970955142	0.589182514630397
0.0167867242166574	0.0131794263510565
0.178166235289431	0.134017129188587
-0.509775038086869	0.591355512631744
-0.0755802641837901	0.0459014686616357
-0.331951986329137	0.19867537654291
-0.899058076413857	0.827508902238968
-0.765049896808446	0.33804490529315
0.27284253374647	0.225867652534923
-0.603412542171552	0.614984402318952
0.115781014058325	0.0865091305748438
-0.0877697196611296	0.0628254277899027
-0.115794887831827	0.0824878049722579
-0.145369733600329	0.115070928869618
-0.718916406216564	0.735277212539295
0.0813906313669888	0.0585555713812267
-0.725250175678594	0.687665402842411
-0.109264162020494	0.0772368178003868
-0.652622775981422	0.629545707544264
-0.0321645399697293	0.020689918392848
-0.166543961456513	0.140263973565313
-0.195547958189959	0.149366936826861
-0.519150728845207	0.475254321786632
-0.794090585917072	0.95971747164397
-0.576689079617119	0.638677321856661
-0.450103241630474	0.493968044644397
0.0430456093663586	0.0248309092908819
-0.907332512243312	0.754101631543639
0.280155274705736	0.21724028210894
-0.496508100286385	0.488799646234823
-0.727770033386238	0.69350320602571
-0.730606148009576	0.881317319416146
-0.280770183718597	0.287214725134544
0.770495223464434	0.925745569643328
-0.415794785254124	0.348500777377395
-0.964459128671101	1.27027573939155
0.76977680323021	0.69584653901956
-1.34246743889784	1.6821667516301
0.107761794536617	0.0785421419793376
0.788978461391603	0.741906684280987
0.265681600598173	0.201407060125881
-0.485401876218681	0.412397895372368
0.976871338600372	1.25496755611441
0.0643211775609088	0.0412962742713061
-0.0455450644149417	0.0292980530937983
-0.0531701322791457	0.0395095433348128
-0.111108010119257	0.0652453470823433
0.795898302706628	0.742530895148445
0.0630777131761955	0.0420146619682088
-0.22407289014663	0.200629231779812
-0.166082745701629	0.140905875031049
0.645734798987786	0.759235287838108
-0.0664989652653534	0.0485845446406017
-0.577869432676359	0.699418382440525
-0.612561216429284	0.667302878866572
-0.497162124312896	0.550975203816027
0.709155203890901	1.0554533661879
-0.68857351173244	0.90064048868542
0.0595477074295135	0.0685603148103215
0.111559272693403	0.142825780743144
-0.861046078806699	1.40580493015253
-0.517029040730106	0.543324510608926
-0.560746170370312	0.611254645297785
-0.11463201445758	0.0672428657771489
-0.527897733557864	0.200535616548974
-1.74990457871763	1.86724427571934
-0.637869915924702	0.568484948192755
-0.650404309936468	0.379418215163658
0.374434350380269	0.325845759398554
0.276677366772385	0.229195153831553
-0.312371822345179	0.275393660613237
0.425062911687933	0.31735085066757
-0.292879309581928	0.208496904823452
0.362165303737792	0.313609559510885
-0.506061618860804	0.375345988096456
-0.464297402347433	0.303921543442531
-1.14235343443303	0.349148050508889
-0.786109752139648	0.729868785195401
-0.265507572198236	0.196841169041633
0.172296181901106	0.130509180926776
-0.28624727260673	0.205808427872331
-0.00354503117689321	0.00179290576639306
0.157344487599452	0.0751734519976337
-0.332271899474506	0.197675410097854
-0.144922996633297	0.0817145268625636
0.0668466704632904	0.0460819415007291
-0.522205017693276	0.411295887095108
-0.648892303617419	0.621523829640067
0.177322981008174	0.108247381819326
-0.35581100074137	0.283907500597056
-0.0808018466856859	0.0486032900218061
0.167248789943601	0.110676387270073
-0.943686121696356	1.06623745249202
-1.09438309473534	1.47549874464671
-1.55952017042083	1.47190986749821
0.184770187261851	0.133617876342474
-0.26515505411055	0.163118366239788
0.0197183403567115	0.0140450006219728
-0.0381305559927878	0.0245205181969494
-0.614177825632932	0.501206970246598
-0.127800181436294	0.088833928613237
0.281824840666287	0.234373677624047
-0.447418939237726	0.346025603420385
-0.616780078074955	0.300039716044547
0.358472013278421	0.180786292177624
-1.10340862397985	1.05798431969991
-0.219698587361533	0.164711330338417
-0.359929975403082	0.285025809974441
-1.11525405069894	1.06443454036877
-0.0335164671570546	0.0158502530352448
-0.402923815241315	0.27620466628521
0.775880783257301	0.458322194419202
0.317415856236112	0.190363107584285
0.161910749638676	0.0490513039831909
0.711351921413032	0.4623115501654
-1.45270003269936	1.26627124421193
1.15390484135389	1.5025190001169
0.0820702008417662	0.0584127682704958
-0.126492262804522	0.0878015226412888
0.0794510534358677	0.0570692978252991
-0.434522341294631	0.374036962896157
0.0461043525036776	0.0281217214952597
-0.360670090779832	0.317610776480457
-0.308657604832359	0.298054863391904
-0.477836363314458	0.443897802196584
-0.248974517878821	0.347694452509017
0.031540183016159	0.0318723159128827
-0.327746274568348	0.447734211570227
-1.02454205705902	0.414665056409594
-0.789344471579274	0.739842388456492
-0.663258982921094	0.68088006083473
-0.711591797368553	0.621880422422986
0.0703528765442631	0.045312847150894
-0.501485995691561	0.370745797880199
-0.0992552448152592	0.0717852401817965
0.174065109417712	0.0989941736120173
1.10002803716581	0.816253645240744
0.0223082894995665	0.0129386972954785
-0.387790338054914	0.302290863405404
-0.24968367388984	0.207807430597386
0.265293878022968	0.239082516729638
-1.04980737183789	0.83544982856227
-0.79665743362343	0.915137747220048
-0.927040166484323	0.662379527535691
1.88901975298853	1.565717659886
-1.02985304618648	0.417366865086498
-1.02317688891156	0.41384083840968
-0.932030195567864	1.11618191393817
0.627876132992258	0.731069682428054
-0.344263710986313	0.328903218198602
0.101337648842436	0.0736390737630576
-0.129168867284016	0.0898899347193259
-0.0564310713171046	0.0417531745449874
0.388991961058104	0.315030057016526
-1.07260217528248	1.33212997503632
-0.198251675561777	0.13296935241066
-0.0406556978730522	0.0260790720920602
-0.181785695349053	0.163785143682282
0.177577932660889	0.147018097221379
-0.200830123957912	0.170057273082633
-0.0620687687367437	0.0461982065480911
-0.428020678445379	0.476726224072731
0.186519733833202	0.142923861082022
-1.04516147950479	1.34628694676406
-0.14377433547156	0.114419450797753
0.441857219887812	0.408543229553673
-0.0114050087438606	0.00878210956605606
-0.265455815054249	0.216550039610762
-0.0722654176332329	0.05252605180919
1.05137750040332	1.41390993897878
-0.0677290879479784	0.0424745708901467
0.702347759826543	0.453874106600567
0.738347453594297	0.71104930478609
-0.0962890595348868	0.0677043228004708
0.595053384761359	0.61944969821327
0.77536380602171	0.814173331345004
-0.812271565416729	0.807070367218095
0.960996057398943	1.13086496514447
0.366713769304013	0.315917420656908
-0.129373626315273	0.0895377851662444
-0.531963837593163	0.435850101852322
-0.150889079615888	0.118012749050748
0.778812961643378	0.710966400630651
0.0642948615251379	0.0429890453007471
-0.0833819734798628	0.0724518391498506
-0.548701471603222	0.636824081884487
-0.423624326416649	0.425947945824605
-0.690438368099936	1.02024870733372
-0.34704014429415	0.369346100090218
0.193160784655936	0.193051681529478
0.734408200494436	1.12355307313371
-0.585283065792866	1.16587546064237
-0.122459386518713	0.151316300448315
-0.159991941642847	0.178960392707249
-1.00095717507439	0.499226600039849
-0.677170085092676	0.466440540676386
-0.527696117593836	0.639164986535081
-0.318735547627044	0.281834908907075
-0.265520400653367	0.215116429769491
-0.109897224073985	0.0778290322840265
-0.445983834307305	0.341958227547346
0.0188681611546797	0.0102064698317892
-0.237054230623549	0.179701417995603
0.187170653255164	0.137878201573624
0.0807085071284886	0.0543179710016418
0.431360491384796	0.424222694192227
-0.533554502035655	0.439598796889752
0.163108376177996	0.0987209426203309
-0.335782689499569	0.262840296147145
-0.695569221373479	0.546839152439826
-0.249607327485157	0.207858694335723
-0.257517644384317	0.19095982799774
-0.232229873281671	0.150973115172019
-0.402515643603802	0.316368746549536
-1.19188003473492	1.21095686747781
-0.698130798249229	0.609600757599101
-0.155902383431885	0.0570607367530945
-0.611278604782799	0.297732049068926
-0.62249594141164	0.502429315623604
-1.15320031508964	1.38000407393623
-0.400480196038869	0.223317334884662
-0.404088877477541	0.172300735136295
-0.690522985116477	0.538085676262427
-0.573938909064635	0.516684157653887
-0.0989485371559056	0.0803082691584102
-0.258837764921753	0.192125069270421
0.0772365487324646	0.052023777609205
-0.347904431031652	0.303589589753556
-0.701251003782579	0.614472094021181
0.354098361765588	0.325630603814111
-0.190367801155205	0.126886258235444
-0.344698296232572	0.244289108191652
2.01803520000016	1.84788139250482
-0.384353139734658	0.298426936389379
-0.792504140970798	0.605083014147097
-0.11380561832025	0.0669333835551969
-0.0544876188059256	0.0237701997025909
0.480658562930135	0.322645678842179
0.321371440236153	0.205498396202932
-0.575117287036541	0.411421168331759
0.474938331646222	0.321509699859931
0.32446174730836	0.192933723852529
1.39516861604444	1.67958034526762
-0.322480895109438	0.147441540906843
0.495710742393725	0.437194224661563
0.572319200486281	0.454614348548175
-0.226560480563064	0.170584080333626
-0.255380970843316	0.213404656617941
0.263957812569773	0.253779867490888
0.578114954692284	0.548762020533536
0.607590375506333	0.642526286394912
-0.0953642505077563	0.0690108170007663
-0.0262465279186366	0.0201251850671289
-0.175556434115594	0.145047481739621
-0.124114346234369	0.157669627420547
-0.221808631495825	0.288277991972358
-0.172474604700674	0.184933326304558
-0.415592915952906	0.483967932078182
-1.31466338409939	2.32163601844353
-0.14756081663386	0.082354289828317
-0.404842606492885	0.316467918658932
-0.0921885326912743	0.0667362035214113
-1.14736913726819	1.4926627969729
-0.318243160125334	0.320440456851431
-1.42823508357833	1.68667081454054
-0.386915717773602	0.262989300284062
0.105120661431289	0.0791963847423388
-0.586062481011101	0.564149870680778
-0.391598318489104	0.338907392191914
-0.745435230225786	0.856593191752939
-0.095635995018212	0.0671792029323576
0.491719126692971	0.435549991123386
-1.18611849749574	1.20354801445498
0.357186896535114	0.178667508301735
1.24903799583027	0.865698124165188
-0.0506245529981218	0.0323636456361944
-0.780431301748754	0.655559728369848
-0.475289928291315	0.399491877024937
0.164096222285899	0.105232058025868
-0.112755457902558	0.0664989558926586
-0.578778575168256	0.413454271926983
0.761211396133443	0.822295666455132
0.182462084760857	0.129046951527569
-0.0862783257669159	0.0522921816731797
0.115043898288943	0.0964941030966705
-0.420584563921567	0.390334694310768
0.459808501968817	0.431612927576999
-0.796615733670439	0.745879224058727
-1.7215032355367	1.41781007556622
-0.448201602770006	0.55341033777896
-0.420535685749451	0.392381565965497
0.298209841966421	0.202249564020131
0.308997872237565	0.195610948325452
-0.801648538719925	0.439653392713309
-0.309655156155017	0.143053453323478
-0.481359913950437	0.502392608493311
-0.638957869542058	0.59820108331461
0.393415440473295	0.321572326823522
-0.417433893319541	0.383646539968806
0.982928966563955	1.2648192920706
-0.55784338622079	0.606989549423653
1.29673379989964	1.75170840077081
-0.974112001770364	0.948346182677767
-0.320112984184852	0.258420963318221
0.0915617394998367	0.0638715345445867
0.926804956904589	1.02649635691318
-0.448208349766881	0.344132452165123
-0.608114932952043	0.49456819903338
0.424165154264125	0.312888442769841
-0.119178476008882	0.0842487477925966
0.3920653754116	0.317761568500035
0.793530011236216	0.74055581112886
-0.865868511330542	0.924005676300754
0.951864671889272	0.930967365155309
-0.879063296811778	0.935798675378136
0.570108164671868	0.452581921287805
0.546256871138421	0.316014829650952
0.398170493122472	0.326059401453109
-0.192799672296594	0.12721505532395
-0.496947475390251	0.491905383231848
0.0304706544841376	0.0217316307767994
-0.712802916731672	0.679074484632209
-0.591019868074093	0.573973238652568
0.371025114980612	0.398144659959119
-0.559405551353595	0.585795275203044
0.0662223458230087	0.0441413821624084
-0.342601878751927	0.273730205802588
-0.643841684402408	1.20880795977623
0.0240258897164807	0.0242993774936422
-0.263240849851587	0.30179820205176
-3.45656556517559	1.24745399482219
-0.0986395859872944	0.0399460838583499
-0.330523098222459	0.19692552106102
-0.0654289428791889	0.0471772423281443
-0.0195068732579793	0.0128766987138768
0.0220449229862752	0.0165502182745808
-0.236258271814827	0.193947188954157
-0.121122534467075	0.107673899839682
-0.62791069290579	0.592279547733249
-0.117412646761457	0.0923522756828988
-0.00666883367719403	0.00440670081665446
0.613874942480036	0.564058813926813
-0.703489798728104	0.660496321300968
-0.199378259748788	0.151865850596683
-0.247669718203282	0.181830126461182
-0.503496580137179	0.264358703571821
-0.137803402318091	0.0764679738248442
-0.344991553778112	0.100675971877677
-1.052804398571	0.834179561824609
-0.911812325906083	0.753515439135107
-0.400126282361239	0.347368045928519
-0.0323047753717053	0.0207762254691068
-0.610779162037928	0.488739898189968
-0.159875592449905	0.107404536679535
0.0415968700595776	0.0253404280293223
0.475211619110768	0.430517477902417
0.556158432607284	0.544968699364496
-0.650351701385345	0.627267641277386
-0.545270892674068	0.45223939039768
0.642712259202612	0.572948621675798
-0.720469248919022	0.771216666753704
-0.791494814054643	0.677094923653132
-0.644294351226543	0.786829448063771
-0.390430061138238	0.3394504104952
-0.088895793640073	0.0542887638714714
-0.505343166449035	0.265401536983152
-0.79174761679264	0.345710024609826
-1.02734963908132	0.419609489752489
-0.25290227972102	0.230998856075265
-0.646502950231516	0.816706228491381
-0.430455314469053	0.557479460154242
-0.128742365351568	0.0895707762593314
-0.317445881956753	0.433280965941161
0.575776098448681	0.725104419316792
-1.23684838646439	1.41371302843507
-0.338291332002192	0.202782628147022
0.130199657907043	0.135335072097113
0.0349070337647771	0.0305029310090842
-0.0992779283993069	0.0717620925569324
-0.110528104054652	0.0887748430177852
-1.03456918697278	1.40447222914624
-0.0656685596683414	0.0539158228457503
-0.00618586557796586	0.0048359577345539
0.89822749644695	1.09456916737497
-0.359749803369079	0.426137877090392
-0.259833026840895	0.233231468475617
0.611029180013354	0.750196587176917
-0.665252065589721	0.917513303738982
-0.101148102929017	0.0910336058434245
-0.441079205360247	0.523290543591118
-0.864986041460951	1.35842137598476
-0.838364109492502	1.1496356791766
-0.368749905226986	0.398378567226436
0.353116444137285	0.313224718847105
-0.121655268416946	0.11341286637631
-0.0116315870319913	0.00991019396395317
-1.16661264575344	1.75828326571656
0.119878853208116	0.100534323155327
-0.727300325935432	0.875576547071001
-0.16929803183203	0.202330778419119
-0.308180925612831	0.511770679318851
0.011101295154375	0.0101236675086124
-0.788569724427175	1.02637974815143
0.157056474373317	0.0303984095560313
-2.29374556746196	1.19453276924105
-0.980294578852326	0.492645517231773
-0.14688160173902	0.127919874344908
-1.00636512227613	1.5571614141621
-0.434885900588233	0.365871483662057
-0.271317926584432	0.259395792764963
-0.898254110148451	1.55807591164302
-0.446609241075656	0.442754054700244
-0.367227950270337	0.50929406788213
-0.749189571599272	1.29423451877754
-0.180493241567673	0.220606148763132
-0.35115454535877	0.332911815709798
-0.0409231391045266	0.0190692116518318
-0.546620648699966	0.340110563590423
-0.228950810989184	0.147680563009026
-0.134566340276339	0.0940706209127837
0.61355202672056	0.648425126366758
0.489875739619638	0.519652005469303
0.462698656545504	0.329939778766617
-0.498483784770797	0.263510307702279
-0.306584111234666	0.246205200515316
0.371007414486052	0.331877805823623
-2.0354337124646	2.07207444587235
-0.00713356143327554	0.00467981893386787
-0.0252107763653346	0.0232194038461204
-0.62361386857055	0.818105993340699
-0.0182140842629378	0.0153319877596728
-0.0404174629564723	0.0300611263086124
0.0381261581301325	0.0330404046129712
0.0733344615449652	0.0633809423299503
-0.912885411671477	1.07533392927174
-0.288565723534638	0.179116592264253
-0.711361033485067	0.677148500597728
-1.12880429833231	1.44990026007385
-0.312029426458483	0.14370168700991
-0.338493431276743	0.269033719801
-0.942034480107115	1.32201771432628
-0.561599214192492	0.747195825482
-0.360656594905598	0.449253221861066
-0.0630900182755891	0.0393520309421325
-0.686876610621146	0.471206122005665
-0.529856186543624	0.206206399241258
-1.50493521066859	2.48443110583995
-0.485110132362504	0.410547444194407
-0.999457679293829	1.17441575905306
-0.378147107882053	0.325822920127709
0.456673271971039	0.42201516801223
0.187135897164399	0.142311020901159
-0.0909072677024942	0.0551412914014668
-0.309749607987754	0.271010629345813
1.16080678015324	1.49886040963333
-0.370138972521268	0.281367051333718
-0.0421505254888366	0.0270574257528923
0.170091149892076	0.104105841681417
0.0470718428436566	0.0287551145636774
-2.11492177102539	1.59348355681362
0.605560953348483	0.438908046615937
0.161241708413557	0.101874321490878
0.0151843978192632	0.0107980477564718
-0.194362890821659	0.103308318377848
-0.200289725776876	0.106538392838371
-1.92842639169499	1.83097991209372
-1.0493379742252	0.828620398489595
-0.266124835844137	0.197360494377179
0.592657133116481	0.309831576636603
0.324998514775978	0.218713015179615
-0.78647619705016	0.731843212404046
0.251024642209613	0.233421964061916
0.462902201230593	0.419023437767921
-1.01378299155974	1.19366131804963
-0.789789788047627	0.791305064985917
-0.571614194721286	0.629507648899133
0.326880367937679	0.320402864260936
0.0767967660844572	0.0653969216672896
0.000598818787828411	0.000384477429291262
-1.04598061184311	2.89003447780161
-0.12054318036527	0.144066742895289
-0.425290143834277	0.592454016862634
0.11029954307339	0.112252987039869
-0.415717660696557	0.486002262781976
0.142649263660401	0.0617637455017553
-0.410695148189784	0.174087275578746
-0.805837578188461	0.68677817944417
0.0146518610358928	0.00791588928951682
-0.385787247894125	0.302293632009211
-0.476632426470892	0.550783588912082
-0.890028446346712	1.53089491511009
-0.774584188202342	0.961783026391224
-0.0697177400665504	0.0509313976414715
-0.480930352895047	0.641374154806157
-0.0111727739106388	0.00739683115635304
-0.519649047192381	0.546738256236445
-0.393776573710497	0.395918999427533
-0.384063357068646	0.408718333361219
0.524027830559771	0.450137082385072
-0.490042833430682	0.413741255573261
-0.0182101943777948	0.0119952234993964
-0.919104685633524	1.08120058046725
-0.0371994317362268	0.0279003107244016
-0.731438034302208	0.840744768640467
-0.140851513932447	0.0982119530938243
0.427768907459943	0.321441159686604
-0.546620648699966	0.340110563590423
-0.338786667004009	0.198280640076456
-0.784207694960975	0.788700102117224
0.354969313343475	0.316301142832
0.800763018522359	0.851542923427293
-0.716243176412077	0.728886282532145
-0.690117681126404	0.541929019476526
-0.092543347983889	0.0728550349934792
-1.35134206241874	1.53490786485381
0.673752147167281	0.573605831772257
0.189696365353449	0.162488352946284
-0.17362481077993	0.11887028932601
-0.292384350610108	0.261772000002702
-0.563607946400122	0.660163675924065
-0.648479409538786	0.661640408455007
-0.642373755504656	0.746369014152154
-0.513478073384746	0.466986637796921
-1.0921418782288	1.64793698853438
-0.840338038813569	1.04256142138843
-1.00968333512258	1.19815423953637
-1.41420485104999	1.84544480458152
-0.503442262553433	0.377801828787971
-0.965814617536355	1.46503014544426
-0.498122731060841	0.661270518443797
-0.522222578095703	0.684290946782319
-0.622185757433269	0.686578117534458
-1.04106300289551	0.817880229217329
-0.518269226033435	0.546421027179807
-0.0272881186550894	0.0237439855216973
-0.93885684025646	1.1125390911281
-0.686059858226078	1.28821052738398
-0.0579787743834268	0.0566402169011575
0.433125687768917	0.409508196316361
0.316916779733661	0.203264550062248
0.849863232506248	1.46565733069106
0.0276602497165375	0.0260661980306032
-0.417313967400886	0.387551070263645
0.0953201632592025	0.0666274340312488
-0.674000065057554	0.769046655109671
-0.127452993996191	0.0973128884769252
-0.000567007290671051	0.000501436747618244
-0.730400117589344	0.913486841548366
0.393949798018712	0.500810001506411
-0.115098721055152	0.0819140400629464
-0.214084586253686	0.193498872460536
-0.0304733161340888	0.0229023643611947
-0.301560983406831	0.325795900073184
-0.0339400755462131	0.0311619663670088
0.070484566012231	0.0658345496495632
-0.0497320539599435	0.0457082952179601
-0.54104096004899	0.664096427151905
-0.130590208878196	0.0911794860543047
-0.014784257341236	0.0113857283875921
-0.47128525629572	0.527454987654825
0.481073214391597	0.439653547647839
0.109015091603917	0.0882901570965135
0.909175179979889	1.11441106851369
-0.241126688364083	0.364627199991737
-0.536846015177265	1.29282461192987
-0.211165019608414	0.206255182575819
-0.163581752291033	0.12878294452643
-0.317255344885388	0.279238975765471
0.151988732834433	0.051947052913156
-3.45549576669823	1.25034460620717
1.33201471260472	0.596336495537286
0.160400851667561	0.0483731984970343
-1.51279643757503	0.547771213649107
0.213117460522435	0.245057755847451
-0.112157491521528	0.104178790436801
-0.468935053000063	0.391036731841311
0.343918719542407	0.330151231496874
-0.418053491762581	0.44635623096535
-0.29523047657936	0.349620479495961
-0.553831132516142	0.992567750626521
-0.695358762148095	0.602244930256925
-0.990637842627347	0.5048777109982
0.416426368717643	0.30700421185015
0.639349494743648	0.750788979453692
0.536362909092555	0.616158928018022
-0.838705173374307	1.17326760425751
0.285806213853906	0.212820694426881
-1.16320090675563	0.660558799872326
-0.987161336721013	0.961443405103914
-0.0895845785743107	0.0645041836153922
0.166078725601632	0.0999654599731261
0.0915936371686135	0.06806912113461
-0.503290622933076	0.644327070866146
-0.260443525229787	0.268070746566719
-0.335084469225854	0.483566404740503
-0.20250961825619	0.221157110854693
-0.090976263317655	0.0903362614265264
-0.11729399825784	0.0925739804282311
-1.73150619771633	1.44061906438909
-0.799632401565093	0.441989555573119
-0.98564365480976	0.953032596441668
-1.34473729829497	1.10266447757346
-0.488459813506303	0.573282632977864
-0.982520778153772	0.961740940790809
-0.596833126349535	0.817990431069678
-0.0840894521607088	0.0928647595605883
-0.468111636936662	0.736225578995621
-0.0127235574577879	0.0133808397948826
-0.408598579744079	0.174098316850991
-0.421006177932444	0.449455604745058
-0.673338563649093	1.16512282547323
-0.0865890817328187	0.0987354992677567
-1.56844309460451	1.48961205641293
-0.399057447223759	0.170109285065368
-0.52402013054653	0.203694200281952
-0.613519827796747	0.296519575488795
0.604211330966139	0.319344587716958
-0.62462674501759	0.299225618349499
0.901819527972403	0.48689776246895
0.157842081708395	0.0755331257011041
-1.80012731460838	0.40572439661199
0.95292022183415	0.255029382628136
-0.521857859949803	0.202488147552731
-0.218965144969334	0.0721608079673242
-0.221549116887011	0.0733586886722837
0.667998554448181	0.213489165347249
0.165310764697054	0.0422104497686673
-1.79522376365631	0.406159618358576
-0.623695063230009	0.152227657420805
1.02951085406631	0.395764868159058
-0.0677726592278881	0.0294157500641004
-0.148712408233657	0.0546464053678112
-1.67822786811909	0.965197303659136
-0.535310592403348	0.205683725276715
-0.727779490085923	0.248480997207584
-0.773774748297677	0.346345835072774
0.398473764112703	0.181250827287522
0.155734903065802	0.0819516463443674
-0.283529024448612	0.251583156337265
-0.244586718722421	0.203603946329396
-0.348452578882923	0.304283826294014
0.177622308026704	0.143577738116876
0.290318489069212	0.206517385298909
1.08156674896928	0.669544405023095
-1.02203827315684	0.413518890635416
-0.526825150261652	0.203779750205465
0.15090279556095	0.0583363245614719
0.1535714904589	0.0530493054972145
-0.0607394616320297	0.0376706975731354
0.616884896588148	0.462165619111774
-0.79934888981888	0.428082513962834
0.709731866243343	0.46401998359189
-0.0278098620751946	0.0131663932694084
-0.308399370353957	0.142608805650478
-0.797017974088505	0.436994277610364
-0.987201892148249	0.501812284307561
0.148372886099156	0.05096482082674
-0.897554405473271	0.722532683503254
-0.0571522185796552	0.024984464390858
-0.552270889106399	0.345170136442751
-0.524131265471028	0.202505065683573
0.307274204168887	0.197050574116563
-0.802173664522593	0.436505619859639
0.516970665374104	0.188238852279449
0.527431899623247	0.192654585358379
-0.538551638230023	0.206878628844601
1.07915059721969	0.663487453806818
0.143747269175704	0.0559041635309843
-0.780222385383906	0.350064605644818
-0.9534461738792	0.588603641815562
-1.5208643075246	0.552186247107342
-0.499362635927598	0.263949831739233
-0.350454717877603	0.101552906153879
0.825165761015047	0.34831506467695
-0.494712487865512	0.259565320453938
-0.193546262487944	0.150412059169033
-0.341893455982698	0.273158140488499
-0.0878190592653365	0.0534690009421248
-1.27626903292674	1.37323316377815
-0.345527833538755	0.244825338715305
-1.13238101744968	0.345367402292769
-0.800205367436692	0.607720784199044
-1.17328369638531	0.671526484374024
1.03089658662325	0.396761481668771
-0.228575803073719	0.0755878378969254
1.44263408822009	0.905388234124268
0.81151620199283	0.348634244573977
-0.622314221648084	0.151717296808394
-1.79541110556836	0.406108159138969
-0.337052788373784	0.0977805881937846
-0.624582031923329	0.153403426322781
0.950331430928645	0.251806185220337
0.956487790679547	0.25443416057231
-1.13345886337206	0.34828321496857
-0.623203514518812	0.152886975065438
0.669700188276656	0.216836591054402
0.950654218295308	0.25253240285929
0.957871568697817	0.254705443855955
-1.13384470910725	0.346451671342812
0.166760634916841	0.0427859605507963
-0.403431609624576	0.171018778715566
-0.0613315606800779	0.0267875344595314
-0.159229092639623	0.108833800225775
-0.104966324124862	0.0424807019377
-1.10094435741484	1.29351241984282
-0.475020779156196	0.516018226330791
0.277717911017443	0.223120545848766
0.735838072042156	0.605894735805804
0.688883704480833	0.329115759659713
0.325064343670339	0.176369557696272
-0.271838320112725	0.168157237385263
0.0366878332000007	0.0211389107162871
0.0256463456314012	0.0137049456708793
0.154149877156799	0.0667539132620519
-0.614926017536707	0.298053643763968
-0.675607863420211	0.471450879601314
-0.218520392594973	0.0713463323329572
-1.14016935299318	0.348638213237076
-0.77014119917491	0.340727136329666
-0.222901125507273	0.07385839070143
0.157684215085786	0.0539834154501757
-1.14016935299318	0.348638213237076
2.762173012355	0.796052683519412
0.673553513601153	0.218109822226041
0.166394015894957	0.0421995715384941
3.26962954853743	1.12822867523572
-0.343693528937163	0.0996288364739292
-0.218747016072675	0.0723005288061521
-1.1412609968196	0.35088828313214
-0.623695063230009	0.152227657420805
-0.0639979674498003	0.0279513084160638
-0.615467532168442	0.299126559419087
-0.520260957272751	0.201061026298512
-0.62935300969794	0.153342878403685
-1.14016935299318	0.348638213237076
-1.02734963908132	0.419609489752489
0.426825030050523	0.322832656531488
-2.03755887209167	2.06708472219116
-0.576935618279209	0.415399586474714
-0.408598579744079	0.174098316850991
-0.32104305386656	0.147856892921759
-0.525335160168346	0.204442902704607
-2.11541569267607	1.61510113813222
-0.793123712262922	0.435306261597166
-1.139798321011	0.349782272227464
-0.447157778214714	0.345146641686637
-0.186580906233666	0.141456110332951
-0.579135995476746	0.419296393615103
-1.52322194584126	0.549040618837191
-0.724489220764226	0.25507339261849
0.170541995167361	0.0433725109405701
0.160033282133955	0.0407505791232416
-0.624582031923329	0.153403426322781
-0.343542423818443	0.10090975164114
0.167846042512584	0.0427707788849589
0.161791665747346	0.0309826798878848
-2.57994643475892	0.682934722662173
-1.79522376365631	0.406159618358576
0.165310764697054	0.0422104497686673
0.162378104800928	0.0310834456145106
0.952024225447137	0.254550165942042
-1.79541110556836	0.406108159138969
0.152059452718086	0.029590171141199
-0.620531475305306	0.150785249491411
-0.625469527156518	0.152450282737538
-1.1412609968196	0.35088828313214
2.75734920342264	0.799800653832186
-0.216233327172033	0.0712426822696432
-0.603580181793657	0.293492660009994
0.348989059454187	0.175129005978979
-0.383295536554995	0.332146897931225
0.71305543882581	0.462439516265492
-0.508850870973495	0.592571818276077
-0.62098023070334	0.790209190369867
-1.0990953710735	1.47265768377961
0.409996632600067	0.302683457433267
-1.16359878827279	0.655071937491917
0.299503443020966	0.213534693712649
-0.228739523372019	0.192482908617093
-1.35547302475812	1.34949305967789
-0.621844828197272	0.302479580108343
-0.525335160168346	0.204442902704607
-0.956063790533646	0.580250485596706
0.160400851667561	0.0483731984970343
-1.13707413454834	0.346951163921623
-0.982751715470318	0.492976905215463
0.15090279556095	0.0583363245614719
-0.158756920064243	0.0574655643479671
0.147142932159236	0.0509873558125847
0.161910749638676	0.0490513039831909
1.57280368997465	0.801127382429996
0.816796075513508	0.352385300037275
0.162378104800928	0.0310834456145106
0.142932199282946	0.0493789142388318
0.152489836004519	0.052740500279662
0.526282024246712	0.193593170961761
0.158321872008447	0.03054890339565
0.164226724221899	0.0416602681945232
-1.79522376365631	0.406159618358576
-2.06592509941292	0.959164483983613
-1.51659726126421	0.549787550108874
-2.57994643475892	0.682934722662173
1.04160966012263	0.401916952457565
-1.32124820285816	0.818979371073064
0.148115698391849	0.0509157943010484
-0.671844250708768	0.389102833838066
-0.415189867296886	0.173068937958576
-0.343542423818443	0.10090975164114
-1.17052784519447	0.666029406369374
0.684244863758359	0.325476385061808
-0.507752030707796	0.381712708884245
-0.799396820060328	0.518746234860769
-1.79541110556836	0.406108159138969
0.165310764697054	0.0422104497686673
-0.555329179300601	0.348799298198894
-0.510650525993097	0.456516269986434
0.277498294883434	0.214783993360478
1.82992561988128	0.718528844057604
0.153330488140151	0.0297415921897382
-1.80012731460838	0.40572439661199
0.1588995276689	0.0306480879354901
-1.79541110556836	0.406108159138969
-1.79522376365631	0.406159618358576
-1.79522376365631	0.406159618358576
-1.79541110556836	0.406108159138969
0.157631418222578	0.0304971390385879
0.158321872008447	0.03054890339565
-1.80012731460838	0.40572439661199
-2.57450915234243	0.686119713628322
-1.79522376365631	0.406159618358576
-1.13492041310201	0.349384486959602
0.957871568697817	0.254705443855955
2.75606918885066	0.793508670212093
0.158321872008447	0.03054890339565
2.75863284516271	0.79267969100207
-0.223107034277154	0.0733562917803985
-0.0691316416893098	0.0299430463316711
-1.69475410834055	0.971099161896769
-1.23544932671609	2.06335354514673
-0.157207371351342	0.135792455165535
0.722058528201591	0.804851184446005
-0.356105154337997	0.313473790334232
0.00219380454893721	0.00157154550087215
0.156071206887975	0.0884664577722825
0.0833300974727976	0.0601663949664604
-1.15427831845057	0.994257498467032
-1.13599688789171	0.349486711323194
-0.622314221648084	0.151717296808394
2.11260268209087	0.963178522665624
-3.46164602167476	1.25116087441461
-1.79541110556836	0.406108159138969
-0.611278604782799	0.297732049068926
-0.792739392492329	0.43822311586467
-1.13492041310201	0.349384486959602
-2.57393942994101	0.680804613621979
1.96025897070573	0.471212877436839
-1.13492041310201	0.349384486959602
0.161910749638676	0.0490513039831909
0.157631418222578	0.0304971390385879
0.153330488140151	0.0297415921897382
1.77720867259816	1.01588959841135
0.952024225447137	0.254550165942042
0.157631418222578	0.0304971390385879
0.95292022183415	0.255029382628136
-1.79522376365631	0.406159618358576
-2.57936018855439	0.682903044011602
-2.57393942994101	0.680804613621979
-2.57936018855439	0.682903044011602
-1.79522376365631	0.406159618358576
0.95292022183415	0.255029382628136
1.82217654089451	0.725748167802471
-0.724489220764226	0.25507339261849
-3.07880362658843	0.963967696821091
-1.8193202809442	0.7576566965492
-0.769698010049911	0.341769185120482
0.89227391310403	0.484957834108716
-0.228358576380837	0.0754206022353645
0.1588995276689	0.0306480879354901
1.45461172869713	0.491065821848087
0.0845078659471071	0.0568263354157981
-1.56428430109713	3.03567159070459
-0.248904317230287	0.225908676726547
-0.723310015883846	0.254344357266946
0.152059452718086	0.029590171141199
0.156807201934892	0.0301762424591594
1.82336730645351	0.727498434871424
0.95558416772101	0.253955285085994
-1.13453748317733	0.348386420481102
0.95292022183415	0.255029382628136
-0.622314221648084	0.151717296808394
-1.79522376365631	0.406159618358576
-0.623695063230009	0.152227657420805
0.166394015894957	0.0421995715384941
0.950654218295308	0.25253240285929
-1.12857426265837	0.342992598242117
-1.02849046705274	0.419931822610547
-0.107420814251866	0.0432117320829755
0.0363842212922979	0.0208760809656407
0.531270028107703	0.434849515851312
-0.834743134323499	1.09066240965398
-0.22385675891994	0.245850492583121
-1.01529164288391	1.5993456312513
0.421113979185249	0.423390346459025
0.376692017870855	0.312170517341088
0.291763384967909	0.205911344449514
-1.18377841143422	1.45111538333606
-0.722239019944702	0.778484713334135
-0.724489220764226	0.25507339261849
-3.46056115971004	1.25132587477871
-0.731903600641749	0.252158293267431
-0.0267743827847836	0.0127071013430904
0.785396226384178	0.466862770154288
0.534645437842058	0.306504754417044
-0.143336076992984	0.0522792289562263
-0.344447158055429	0.0995152480238567
-1.83030178054833	0.753586690030118
1.24903799583027	0.865698124165188
-0.343816891455429	0.0996962776646578
-3.45549576669823	1.25034460620717
0.142932199282946	0.0493789142388318
0.166760634916841	0.0427859605507963
0.957871568697817	0.254705443855955
-0.62982953293132	0.153685936034785
-0.62578517099276	0.152177768086576
-1.82373483340545	0.759520768730619
-0.155176577406178	0.0569095937853962
-1.82373483340545	0.759520768730619
-0.507149978382472	0.26402716262894
-1.13492041310201	0.349384486959602
-0.623695063230009	0.152227657420805
-1.12857426265837	0.342992598242117
-0.497141333788721	0.262511633184996
1.82336730645351	0.727498434871424
0.139613228069273	0.0603666778478548
-0.691265838477079	0.478349876867201
-0.789087188862594	0.427788748165079
-0.247515609934879	0.12272370588851
-1.5556949924212	1.46017078141514
-0.101088692540668	0.0587630468248106
-0.572428272372912	0.51263082776194
-0.90531905706172	0.73918128323817
0.176916601796261	0.0440419009793811
0.162378104800928	0.0310834456145106
0.161791665747346	0.0309826798878848
0.148061415986453	0.0711131706147123
-0.355281727875049	0.334098347375108
-0.398946573611144	0.420763130386981
-1.49844534830237	0.78562406308863
-1.13492041310201	0.349384486959602
-2.57393942994101	0.680804613621979
-1.79522376365631	0.406159618358576
-1.80012731460838	0.40572439661199
0.816796075513508	0.352385300037275
-1.79522376365631	0.406159618358576
1.9613717712777	0.470903909509444
-1.79522376365631	0.406159618358576
0.166760634916841	0.0427859605507963
-1.79522376365631	0.406159618358576
-0.217602968474122	0.072079936429114
-0.947923863774204	0.580643244623318
-0.102221048657667	0.0411285428770169
-0.358831920995418	0.363286818195683
0.413613218851175	0.467789757608639
-0.516845512875509	0.604775938015377
-0.606457506221018	0.49389813927839
-0.146312273047218	0.114911688424924
-0.882129376425387	0.943536698647573
-0.417285659519258	0.418878190785641
-1.47750838954754	1.0342575138984
-0.719426085672194	0.251004789565613
-1.139798321011	0.349782272227464
1.03674127319984	0.397936005636489
-0.619634069394611	0.151716324023864
-3.07968455989498	0.963635125148535
-0.222082125451092	0.0730311845849782
0.14750284038024	0.0573545610160358
0.144167809945444	0.0622031819778888
-0.345150316372877	0.100068376294618
0.166760634916841	0.0427859605507963
-2.07554755290781	0.970734229791733
0.156422543419747	0.0472980918883861
-1.79522376365631	0.406159618358576
-1.27930512577485	0.595095920645693
0.158321872008447	0.03054890339565
-1.79541110556836	0.406108159138969
-3.07880362658843	0.963967696821091
-2.57994643475892	0.682934722662173
-1.79541110556836	0.406108159138969
-0.776879219916836	0.347397010506723
-1.79541110556836	0.406108159138969
-0.784925294530377	0.344187122484034
-3.07792320695436	0.955710221735997
-1.13453748317733	0.348386420481102
0.953397312790705	0.252738122158945
-0.623695063230009	0.152227657420805
0.95558416772101	0.253955285085994
-1.03165075561198	0.416907195731992
0.668257563820224	0.216585127844403
-0.0999072069438469	0.0399381145443107
-0.356890995770702	0.103287401814614
-0.795812302828404	0.435649200388548
-0.399062007135857	0.224201647726767
-0.724261839758342	0.252034414225576
-0.721903010717535	0.251442136891875
-0.723310015883846	0.254344357266946
0.70803879623589	0.462874737500578
-0.698752607092803	0.610638839225641
-0.39071172768803	0.266763061784348
-0.402394596142712	0.223514281777491
-0.469926932285177	0.307398577031337
1.07003417361233	0.64738891026952
-1.98494111313843	1.37534839157013
-4.21812417083856	2.02805192827638
-0.343816891455429	0.0996962776646578
0.1535714904589	0.0530493054972145
0.166760634916841	0.0427859605507963
-0.340869162586215	0.0994476453021484
-0.344991553778112	0.100675971877677
-0.0864933641025202	0.0817757221018453
-0.213709029342873	0.297390880702693
0.290203304847181	0.32619934767606
0.527625536835698	0.193638734585991
-0.62982953293132	0.153685936034785
0.148228629004075	0.0512983752502419
0.426745707065412	0.170672535979308
0.530234735136755	0.195115554796289
0.526282024246712	0.193593170961761
-0.340869162586215	0.0994476453021484
-1.13492041310201	0.349384486959602
0.170907934848088	0.043117938222106
0.165273197569164	0.0419033482397814
0.162378104800928	0.0310834456145106
1.96025897070573	0.471212877436839
1.32420347578211	0.594323880877371
0.525131259349727	0.192999914873943
-1.51822461727644	0.546437377819713
-1.79541110556836	0.406108159138969
-0.718248637886495	0.248855604025161
0.143552854949838	0.0622321518539146
-0.30131418709898	0.306547898679327
-0.535960105515274	1.09177474425948
-0.315125724871926	0.558852192670755
-0.183926887256729	0.247609546527939
-0.288585572272129	0.363915001319808
-0.727793793433022	1.22229835349887
-0.361394456377797	0.449310977087656
0.0397118321350504	0.0403114884276613
-0.166556198429037	0.177823537062218
-0.431965627984278	0.327324878372733
-0.254154998451828	0.126775191979198
0.160674219916476	0.0839716116747879
0.893214286066373	0.486865354866357
-0.721783751651319	0.251597360149973
-0.176878667765777	0.137578688210252
-0.599742751011168	0.482291223997915
-0.0481243663096594	0.0344848357142789
0.170173297058991	0.108683785068328
-0.617705476273454	0.300459908442062
-1.05470013141287	0.836340778463999
-0.623203514518812	0.152886975065438
-0.219259833165648	0.0720995324237527
-0.339412770165686	0.0990063673017856
-1.22536454962485	0.906650335426408
0.131823265696232	0.0506854632782177
-0.517868278390425	0.200769558542108
-0.79093130709858	0.516886307998667
-1.84690558452317	1.18175312361887
-0.515506457329103	0.387017647692928
-1.34863934954839	1.10329282124289
-0.728941560495149	0.254842900527914
1.96025897070573	0.471212877436839
-1.5208643075246	0.552186247107342
-1.0209005117101	0.412125725713164
0.181915317072134	0.122945047600276
0.65776638537688	0.455851376111726
-0.441151556843205	0.376156373433997
0.429920327849683	0.431404363378128
-0.449850192494336	0.442585893538663
0.196860377768567	0.165504552118363
0.279627503656759	0.21601130120197
-0.508234470561484	0.462307823949336
-1.47422276576337	1.02495769337527
-0.79848192716171	0.597967298528281
-0.114772274339044	0.0673064632546072
0.386459692635553	0.414851228310688
0.381727967117103	0.421515478066504
-0.44646434334941	0.521621748521935
-0.121952274753585	0.112580749893211
0.275019049005739	0.246152352417527
-0.665148902682921	0.72356122785227
-1.81697249352039	0.755161927952963
-0.623695063230009	0.152227657420805
-1.51968686804079	0.548134504172194
0.168436641808994	0.103078843965151
-1.1412609968196	0.35088828313214
0.95558416772101	0.253955285085994
0.672365927723615	0.21584689717513
-0.0104072689242938	0.00687457855968629
-0.284312148548893	0.344439459453614
-0.338369154324275	0.365927980582747
-0.598582986953543	0.473243236930346
-2.29267186892371	1.19553496573115
-0.739558785736375	0.255015015827305
0.438883113824799	0.176273464921294
1.26935586948022	0.71134692873008
-0.159523283512501	0.058068610189777
1.96025897070573	0.471212877436839
0.953397312790705	0.252738122158945
-0.62982953293132	0.153685936034785
0.158933943506847	0.0404964559262667
1.83795569470286	0.71339549366406
-0.520777881803033	0.200694665575379
0.957871568697817	0.254705443855955
0.669440224929851	0.215480111776117
-0.0513600728957902	0.0321372908315579
-0.618737201948444	0.150559036504414
-1.79522376365631	0.406159618358576
0.168213647836342	0.0427717891925395
0.145667310875276	0.0493528720095239
-0.234000740505374	0.0766428894929934
-0.790950212014164	0.436604470749783
1.45641688249062	0.4860389300833
0.151147710779537	0.0523193888171726
-0.11040300185585	0.0444760204878545
-0.559514779088503	0.349195321165292
-0.253533604894226	0.358797028413864
-0.31057199118721	0.453847363910603
-0.03463393485619	0.033819199299935
0.0644280201753829	0.0506413756286284
-0.629829459870298	0.595938583016708
1.13545732499331	1.13690581834774
-0.284453732983599	0.292005760657976
-0.0496081820879759	0.0371677004134893
-1.66620852540923	1.66041369953165
0.358537049806941	0.180587255187552
-0.288296984267592	0.179846286253604
0.154147305122779	0.0978520223665365
-1.82075874395846	0.752445452911296
-1.13384470910725	0.346451671342812
-0.149934490073212	0.101601680869884
0.0244693555726873	0.0141416838464166
-0.920608876405749	0.663979787514938
-0.889707735600888	0.817079848714723
-0.15821957159593	0.0580782796952436
0.915551145811784	0.769873035064979
-1.0385576085008	0.817639662014778
-0.731525616406812	0.255525096859232
-1.50892094831171	0.544038324980869
-1.84557948035874	1.19234470110764
-0.724489220764226	0.25507339261849
-0.47971660873952	0.246182427407761
0.44123842978774	0.180936747631182
-0.316166127703369	0.146370894371563
-2.57393942994101	0.680804613621979
-1.79522376365631	0.406159618358576
-1.79541110556836	0.406108159138969
-0.529856186543624	0.206206399241258
0.756757184490337	0.89862177998527
0.502135667621027	0.312114184923488
-1.10365658051585	1.29769307366924
0.565382942961294	0.623635901470393
0.09525224548789	0.0869220413009444
0.266835059852035	0.263162061249507
-1.58274313272616	2.06226024148079
0.435616134952529	0.309178330138187
0.302001240060879	0.205562999667108
-0.721743955762422	0.688955106815754
-0.464379138863625	0.430127094193531
-0.221817055735402	0.196725428735894
0.0374800210384335	0.0216991567666448
0.0822887314968927	0.0572130961495111
-0.106329343832119	0.0625272208347401
-1.19102866329162	1.22069915088182
-0.314263919700697	0.144198921623928
0.710287989035574	0.46219424190269
1.8219271179281	0.726018448121517
0.517811956968501	0.187364131837725
-0.640551282111613	0.36664290002166
0.104455077395841	0.0786260901692816
-0.0643251033109896	0.053723218528805
-0.205609194674938	0.175335509446547
-0.616212717024934	0.502722534957865
-1.29251696828413	0.596355210063337
-0.107420814251866	0.0432117320829755
-1.13492041310201	0.349384486959602
-0.653961489643565	0.388801601271304
-0.101474645721849	0.0408115638815694
-1.12965913036419	0.345874034206289
0.152230318137847	0.0526288187748188
-1.03692925782449	0.416270160984687
0.157446713573225	0.0474765777179273
0.956487790679547	0.25443416057231
1.33086270821398	0.600615079200926
0.167846042512584	0.0427707788849589
0.158853586683032	0.0400451082866164
0.157056474373317	0.0303984095560313
-0.524401134131976	0.203663422455522
-0.396919306366828	0.167888507080922
-0.0852212494535262	0.0516390747632154
0.172934744913909	0.0895880250090917
0.152230318137847	0.0526288187748188
-0.40186410112568	0.224163650294572
-0.902244546811184	1.46592250146383
0.16674938461634	0.206469619847753
-0.0860236074164632	0.0970634150045547
0.494269658580497	0.72690871626427
0.1834694808157	0.146776313512323
1.96375442105011	1.24575886895491
-0.396082557441725	0.386905541827312
0.112056287861369	0.0888201542269121
-0.279163778961754	0.279801196205889
-0.500903075643841	0.494793823166492
0.588628625822469	0.559612648477858
-0.466331767218537	0.432604768651626
-0.500951868070151	0.376111811092445
-0.328600061967918	0.192249124668878
-0.218965144969334	0.0721608079673242
-0.613663252410503	0.29949176672961
0.192080949961842	0.16974632304641
-0.00693798785559049	0.0053621371312845
-0.129186558187394	0.120993441314706
-0.0671281372822309	0.0421321794673678
0.163529915929016	0.0935316612400505
1.52057129709466	1.27728247820802
0.781869555413425	0.464483003970213
-0.907332512243312	0.754101631543639
-1.12965913036419	0.345874034206289
-0.248887780867462	0.123208551831394
-0.730123386031477	0.256802322226565
0.149595457307736	0.0452624594369959
-0.151756236463228	0.0557391336018927
-1.04008076808658	0.410453591295461
-0.587354634813235	0.428553563331374
-0.156171857912243	0.0569670001911522
-0.671870020081023	0.462323434010571
-0.251499119116938	0.125801422783818
-3.08471213635442	0.965314084973475
-0.349006134070706	0.101786523630064
0.0532897829798794	0.0339217288558976
-0.257736656333776	0.191062954952379
-0.273859449981025	0.170300197375437
-0.281804869243635	0.176936889674951
-0.340914885943416	0.0986896672784069
-0.147224450245512	0.0832023919232645
0.757440125112479	0.973825387786899
0.612024168652958	0.666262802644467
-0.358035366385681	0.339151984934072
-0.60888590776942	0.768427302268166
-0.293992323730168	0.29606308572962
0.779591917553763	1.15457814193886
0.096706389038106	0.0678732102018131
-0.295312461000969	0.21196852408857
0.168436641808994	0.103078843965151
-0.393193316274148	0.310198057542176
0.479817804790839	0.435635994559706
0.325611134686647	0.331455497598572
0.485233258440672	0.427117999029566
-0.515234637225457	0.383395963947535
-0.789004498886179	0.666819530034983
-0.403023533382611	0.224763176350315
-0.149753685110008	0.101150919478076
-0.958016093429607	0.592182976881472
-0.625469527156518	0.152450282737538
0.139237941355009	0.0539463657658055
1.45840207343894	0.489337286075825
-0.342366844950387	0.0999187527730966
-0.104590329612916	0.0423595399149465
-0.791779490251011	0.434953169027354
-0.549629029665138	0.571175196012838
-0.790157229868465	0.799858965741478
-0.494337831037906	0.258220101815611
-2.0690075220274	0.964066831655007
0.173098035606419	0.0436660682371104
0.530234735136755	0.195115554796289
1.45986014199587	0.492707629107706
-2.57450915234243	0.686119713628322
0.946765399319523	0.252386055990515
1.96025897070573	0.471212877436839
-1.13074478212004	0.3459795805111
0.67210466855713	0.216488954078171
-0.355442936329478	0.102041079869511
-0.789539585772815	0.431381247504282
-0.826745595185642	1.16935087038849
-0.391234113382746	0.418510851701993
-0.0845863991709522	0.0751500626530062
-0.471544676988164	0.496590768358161
0.362691217868111	0.181828092733376
-0.105759873276873	0.0422726729972477
0.156196840301356	0.081445177862014
-0.246534202339292	0.123817053115546
0.166955087876828	0.0948991557137082
-0.551128741753648	0.346787131551056
-0.411975012951121	0.174483407827993
0.954709602190583	0.922359045851202
-1.22601404354145	0.906378765576947
0.144722032390523	0.0561741813106704
0.00084096136095199	0.000306451084612412
-2.07014244905779	0.967632690775644
0.169436810810195	0.0423439230610436
-0.148922306034699	0.0838378954408346
1.24314613201848	1.1918820165208
-2.12662417065343	1.60343380968561
-0.79178626061097	0.733738312979233
1.61430958082354	1.13747820111025
2.57469307160495	1.422575793354
-1.17789547805365	0.662528727840142
-0.609455583974581	0.495454062931789
-1.83030178054833	0.753586690030118
0.150906013862988	0.0519067661763726
0.157056474373317	0.0303984095560313
0.157989968967306	0.0834220194206168
-0.038865441608177	0.0182089252469088
-0.0585881260780501	0.0257772170695736
-3.07968455989498	0.963635125148535
-2.57450915234243	0.686119713628322
-0.272474784927375	0.168272226755065
-1.6111446608472	1.22636544999232
0.00675365627487889	0.00382923784287722
-0.300979756846426	0.137887906118855
0.148125448604109	0.0569875563129637
-0.270776042404583	0.16801476274034
0.1569402923211	0.0752688022321877
0.308693321327754	0.198106757761668
-0.863302115163231	0.92266124165711
0.189495286887875	0.150199494854963
-1.74962604352621	2.25353722548687
-0.282637475279589	0.177453678589967
-0.6790575152948	0.469521263631845
0.549856583686854	0.316131327308145
0.471817119058705	0.316808520130814
-0.408743746175754	0.230744216989144
-1.65292011900646	1.6761575587011
0.544494663420725	0.314083110401379
-0.886321180756334	0.800303101651904
0.783618357112913	0.466474902662565
4.17266903671239	2.03710183251272
0.354881822185351	0.179600223604765
-0.654411047356617	0.38281660788394
-0.242922005605956	0.12168661601121
-0.118023085794385	0.0692500241907068
-0.702772076587093	0.615941021385028
-0.00519842213928055	0.0025740952507259
0.0250176921726307	0.0184741451891212
-0.628477132860361	0.724758854811236
-0.486854956772026	0.412828865696396
0.167688831268868	0.120142484835065
-0.401841163478302	0.225634191000355
1.24914136488343	0.860709628969354
-1.1694946405396	0.986813997765882
-1.34072872433473	0.83215487162914
1.57038684410817	0.807034365925312
1.01186737355832	0.927249335861764
-1.09846862060918	1.04657008908916
-1.14289893424979	1.25897421250132
0.304853798248018	0.217771051725868
-1.1901731336667	1.21356184415753
-0.48237128538155	0.401634522953061
-0.387771126891466	0.570190653129177
0.028888396508235	0.0299557163007982
-0.0111235174407674	0.00858895422341306
-0.0168746957966188	0.00814755375872194
0.399033897509652	0.181557459244132
-0.032316857504967	0.0152079895342614
-0.0224144010273726	0.0144867002944174
-0.780135016494008	0.714854772105285
-0.0764045212874787	0.0623716091692309
-0.0710192779929087	0.0582670754757277
0.0591000648226941	0.0460647049984563
-0.284691914246729	0.268406284431172
-0.112052386902559	0.0878888470747616
-0.145672178198373	0.102135975983277
0.315709999261913	0.203057794879284
-0.608356744687112	0.631995849024453
0.16849880917128	0.122214116514124
0.364735949057929	0.315821632493051
0.654693077969471	0.682696462489647
0.115122837388982	0.0896202092189796
0.795674032358951	0.944058137007221
-0.29995442584854	0.217421020943766
-1.42328556634211	1.90408512682074
-0.718736106044386	0.732956230328744
0.440107986608184	0.314228833168462
-0.614590528908263	0.300181664200839
-1.09506804607394	1.27264057494166
-0.451927782334938	0.349815025480257
-0.798899347487529	0.518381452040565
-1.35932520399846	1.54990209200876
-1.33935882273993	0.844453435036744
-0.503984072116102	0.377630120874912
-1.43698776921604	1.73638307812241
-0.0594678068579698	0.0261805048059701
-0.349671479614569	0.280237044642615
0.000844087973339938	0.000321059611705392
-1.26100759993017	1.16952414522942
-1.02871170775367	0.417044529530206
0.728727385219097	0.596861153455573
0.784037499118544	1.00288857812172
0.170962867554211	0.120027990602833
-0.284353214348098	0.252839063365476
-0.130624891316631	0.0909606454644046
-0.725232570692884	0.740019203831409
-0.026810347055196	0.0172241394663475
-0.248052306730977	0.159989881677677
-0.540349150105289	0.532611027956879
-0.49824343515866	0.610120463445792
0.28027812743142	0.225323382436174
-0.221630536056357	0.201052029733329
0.134592153182335	0.119353585616468
-0.00741494923493722	0.00575502539222664
0.45983206792772	0.441803376351457
0.100024434810337	0.0688888633917179
-0.284088495110947	0.309104865663145
-0.12008269350497	0.111682647163005
0.144231204522379	0.128113057058526
-0.512205089935485	0.532386651895213
-0.15490063349469	0.105266615309196
-0.664343202976097	0.391971902068004
-1.49844534830237	0.78562406308863
-0.616831406135845	0.301885163522066
-2.29159891664513	1.1940441333483
3.93272691418558	1.75618274206341
-0.797388803125323	0.441200636080444
-1.33732764787023	0.851395983703194
-0.113305483647221	0.066710117705328
-0.348431187111483	0.305063972689654
-0.631545242731502	0.716039336478748
0.0478436003296319	0.0352132912316569
-0.0562358450775014	0.0351839971053293
0.99891710153043	0.799286772391123
0.149538327638322	0.0649429662058747
-0.40076661955999	0.277066575574942
0.316612911613234	0.200531207986533
-0.390375754298003	0.305614729825425
0.183451142036984	0.124397669010977
0.267153191549844	0.244654953572349
-0.269294694366774	0.220557750690437
-0.434522341294631	0.374036962896157
-0.635162490882646	1.61854494391759
-0.776308221105371	2.23022174440643
-0.51468419404755	0.933664839364354
-0.643476604683645	1.11653877595087
-0.67823035987663	1.12793351100552
0.673518076153731	0.5686361054305
-1.49201386817581	0.778707402834225
2.3419738874644	2.71598847728224
-0.534006385402567	0.435206467130578
0.262350859325689	0.231688409402945
0.489129245538392	0.644811695843194
-0.45679963421637	0.61080767124913
0.320596573552285	0.349346312703834
0.0655723002400146	0.052991161279568
0.251870241096378	0.244769417117219
0.314216695492908	0.320190838571418
-0.244635626712605	0.201821071972724
0.803541497861464	1.12031454032875
-0.688085212154218	0.896287982034155
-0.0475635846795067	0.0387404210038787
-0.046145566167045	0.0387076029465395
0.498443356744763	0.443373147994274
-0.124009505935265	0.110040990823398
0.473202844316187	0.511075160196625
-0.372535692338159	0.402780159705556
-0.1607743218689	0.148846264842762
1.45075644857139	2.10557854039409
0.00793705140369362	0.00544927553292258
-0.0708767933499585	0.0428168858565114
-1.06311165750092	1.10115172958102
-0.433952217649677	0.369618910284843
-0.176899828623091	0.137973810444209
-0.114547363768239	0.0662706667197273
0.179367589858827	0.13207603863281
-0.151824813900071	0.0844133430243707
0.592912899352158	0.533068282536595
0.0175631095475697	0.0120247605283151
-0.0639190099843664	0.0465298122870684
-1.14764871189654	1.60349797419376
-0.0594119575000739	0.0371665709656762
-0.205895599480015	0.158348938418429
-0.0806245186265957	0.0578910362726152
-0.190636593700795	0.173288696284814
-0.214751440403815	0.195609068589335
0.236278073442681	0.22091140037488
0.0596438183336665	0.0488644729654265
1.29607423854879	1.87945492926574
0.541034758287548	0.54478707852279
-0.310348564740143	0.252359475789623
-0.114141856306353	0.102360899231454
-0.0870685611992944	0.0891898567180717
0.0608004769801595	0.04765716239756
-0.137114292141141	0.144821326300779
-0.0339428586499721	0.0295335341751031
-0.748054782814951	0.890794420117575
-0.8451296456172	1.14016986543666
-0.871629665633263	0.984699494878523
-0.00145387390265113	0.00144026486660532
-0.382232059159903	0.503393257502422
0.761392650214021	1.15463655665973
0.564902165654076	0.65087851164533
-0.0836317282892149	0.0686360424557082
0.162075831855144	0.0927048730621113
-0.397350606624816	0.223001335635329
0.517811956968501	0.187364131837725
0.450919584751049	0.184163428778953
-0.232402666343189	0.149076723810358
-0.521624986770174	0.20104896765256
-0.953050829032341	0.589177717749634
-0.0400408975028944	0.0304752762149427
-0.397690849192244	0.273899672332418
-0.952572769812953	0.588583592011597
-0.893149176032734	1.22017033869859
-0.541585134437082	0.687685817200782
0.150315156895351	0.0647442675269236
-0.493525420430125	0.260955258757846
0.157631418222578	0.0304971390385879
-0.624582031923329	0.153403426322781
-0.532276703088154	0.205902875815849
0.14653019519208	0.0570865605628647
0.143907168367383	0.0626929211687495
-0.462270247359529	0.307044198014117
-0.185413260595368	0.0985077896226352
-0.224603848889612	0.14448558413037
-1.02118410306828	2.01456148102901
-0.571395379454569	0.631064305158948
0.148083524756854	0.0830050127916456
0.187368903439975	0.138042046874574
0.155126700241156	0.143834177035868
-0.000350254606963312	0.000464832715891081
0.351153740907743	0.311780751378837
-0.381990385538469	0.330462846532045
0.507436962484594	0.603388136301574
-0.39020096790738	0.302455566662594
0.277109773742299	0.22242980930932
-1.42534516205833	1.68343905022582
1.07933868230989	0.66642380753934
0.152840882202338	0.0589957102508791
1.56480607845227	0.790323975763253
0.39674392227653	0.334698206962099
0.135839035188695	0.126040807757542
0.578763876518399	0.646357098068982
0.201510577681824	0.205655000111535
-0.222102934957084	0.167629326743505
0.343958943639302	0.313807321300787
-0.0165167079798846	0.00803192493332034
-0.170452558382366	0.132226267760127
-0.251940904612684	0.123538513174374
-0.149434619660561	0.0546867535304298
1.08794998285958	0.66664386219823
-0.404401306744511	0.172540392766287
-1.41226913867202	1.85439150976073
0.296451998828866	0.230908124062465
-0.039206443471309	0.0293587676821069
-0.413577878923189	0.23247151420118
-1.22336335532423	0.909288672508378
-0.045484838391702	0.0342479317607203
-0.157725521451542	0.146488600567474
-0.0588167236135229	0.0365277299668322
-0.249609643869536	0.120479575976862
3.93420427087175	1.75919703683862
0.812954309972265	0.34770640309282
-0.587909509867695	0.424772134803986
-0.0772536681779953	0.0630253498582092
-0.806289643357158	0.919752337601918
-0.0670438760028025	0.059995008985652
-0.0263809701593296	0.024207156764903
-0.194613780858482	0.221925389959621
-0.562833233766062	0.747870698652104
-0.842664421901898	1.15829701662014
-0.897529672985133	1.170214227311
0.0811937227234284	0.0544005934953334
-0.44196097616865	0.341041128195891
0.767333339013834	0.988328467406787
0.254892943231953	0.25070815995973
0.589135109061674	0.557752307785116
0.632952832670368	0.659180804678445
0.292667873001649	0.209714619394717
-0.70603483179556	0.621256748671823
0.0764669949218404	0.0488679700282825
0.328850605160434	0.180615288414938
-0.978633042539707	0.957899695759235
0.319744903224343	0.20507938682275
-0.618143878869207	0.302268120309292
-0.625348040077467	0.749412275484052
-0.674411315548041	1.10655794985802
-0.996593986469406	0.503649140555499
-0.175558737461307	0.119511330499865
0.145837129647114	0.050508335078259
-0.383343482907325	0.158392600290209
0.675004256144304	0.217263152446952
-0.526418386848564	0.204314992368531
0.157056474373317	0.0303984095560313
0.162378104800928	0.0310834456145106
-1.81672391556845	0.755139764558434
0.444269307982615	0.182724882347965
0.793990887718371	0.473512516310238
0.17519043143177	0.106536047574344
-0.00790556563328552	0.0038922018929853
-0.801204745841949	0.439151141046308
-0.519411942375257	0.389621751052602
-0.307102137968082	0.248443972457018
0.534667094732416	0.534800904098191
0.412538713468549	0.325392592519761
-0.00184489471238893	0.00167996401734526
0.314196429804607	0.332759683216644
0.328165805377572	0.321908152595685
-0.21559117510911	0.160405680464063
-0.566653874984263	0.694357938209987
-0.205161668432348	0.157125698328948
0.30350749713815	0.206109375823703
-0.997910261218749	0.874102334466331
-0.775081795193654	0.344213681745633
0.688579124189177	0.327050433573336
0.596657946615855	0.309508950916611
0.186085295651897	0.163101285886566
-0.350973165145508	0.306817941136263
0.409985901613928	0.487937364975157
0.189834554930575	0.181543812067391
0.295227633201929	0.237653675579457
-0.169224276546772	0.115654474115451
-0.239459379862608	0.119640792706068
-0.579151322302147	0.524660700343219
-1.02871170775367	0.417044529530206
-0.00354503117689321	0.00179290576639306
-0.327587787410372	0.289653123993264
-0.461663151505364	0.511996305253524
-0.804981366598126	0.917773180145741
-1.03016432810562	0.417494436414598
-0.226511280154025	0.146919979958005
-0.945308475973242	0.576867966253721
-1.13707413454834	0.346951163921623
3.26315080491707	1.11564490325583
-0.540548261156964	0.333755363369325
-0.0562479596739696	0.0469204997302405
0.409699831336091	0.409474191843736
0.797206021663871	1.18579404014317
-0.456329020603093	0.697237814004154
-0.782878149963174	1.39128974808759
-0.361768498749097	0.489120461959683
-0.666873247767049	0.96550048718152
-0.350741350216445	0.331684195571465
-0.110080709189314	0.0781818070361089
-0.382792741747558	0.327861778094954
-0.0892238565338056	0.0714907596054439
-0.626849698811976	0.82914021230195
-1.18761285053501	1.59901935572999
0.182899769532188	0.131990874930107
0.64312974325879	0.577894777732003
2.06610771483478	2.53588637587181
0.153097882989452	0.0799169312662403
-0.712255726346091	0.62522116814228
-0.0808018466856859	0.0486032900218061
-0.197519106369305	0.150383914599993
-0.0113477106404698	0.00746864360386902
-1.22367027308688	0.896713736922773
-0.449502405133663	0.505822377907052
0.201607648285511	0.215587558308476
-0.91648446352528	1.59649340694079
-0.954400536329532	0.585554505449094
-0.693193571016694	0.549289288830898
-0.652828244761042	0.381811939523741
-0.49168562978815	0.259866497415368
-0.493770754909236	0.417854778737425
0.417409938994843	0.329435127297717
-0.0229867990150413	0.0109141932018048
0.165310764697054	0.0422104497686673
0.685804936005516	0.3264113043121
-0.1652320307871	0.0593767424701762
0.151872149221307	0.058732396864501
1.32803391147169	0.592399691809221
1.03634162491416	0.3991693364154
0.948141792901091	0.250604857806815
1.04181404901781	0.404808808438391
-2.57393942994101	0.680804613621979
2.55836985286307	1.45600842066817
-0.724716701361779	0.253084880212333
-1.68405869590874	0.966404331522216
-0.306505001978614	0.141595036973555
-0.150181277706768	0.101510174793735
-0.110964285136927	0.0446593629488768
-1.16828233204575	0.664354418938644
-0.0114968447557041	0.0114481847150184
-0.0415134182063408	0.0312433187217752
0.191613661007015	0.146255108765882
0.125163482202349	0.102403037248627
-0.28054445491915	0.27198727000651
-0.348645088913393	0.351376759277246
-0.43197521195844	0.367712856166301
-0.466360674510277	0.432422994271958
0.180871925894111	0.161411823802042
-0.114853572206162	0.0673136439838926
0.0602535747258349	0.0384304455207964
-0.724703050190052	0.687297781619091
-0.346167140140093	0.100935083264355
0.146923762007403	0.0508196417525894
-1.18053450833852	0.67243059473729
-0.521142804782213	0.502795376616065
0.532871830241037	0.681478033129648
0.0320768485552686	0.0277664744978127
0.263679659432288	0.260338671641143
0.0645113174039481	0.0531479028524176
-0.117068495477199	0.082986237248403
-0.243096878625618	0.155311256567356
-0.0220774479033906	0.0145708234068121
-0.724489220764226	0.25507339261849
-1.07338149591917	1.10915869911022
-0.344991553778112	0.100675971877677
-0.221860227790252	0.0729410950813406
-0.308946296204975	0.25057872257359
-0.231427573111795	0.195295152160512
-1.98591213267119	1.39021108409441
-0.544021040069103	0.206868809163456
-0.618737201948444	0.150559036504414
-0.221755533699252	0.0734151122801483
-0.222082125451092	0.0730311845849782
-0.198037770439046	0.185014662164562
-0.474305123576988	0.312056649810043
-1.83782386822966	1.16818898218167
-2.62967629913743	1.6233655125314
-0.470452451672796	0.309548629611079
0.00501537762250251	0.00446891871860213
-0.294185661228354	0.281787048113121
-0.0174727811843234	0.0159403138980988
-0.338182120101872	0.446070183085506
-0.57942449598827	0.947214692596274
-0.421192063867409	0.545033059482768
0.301716566258803	0.336803607936402
-0.427078662012723	0.5526308316073
0.496386279103672	0.440490751256036
-0.506337572442645	0.459551590719829
-0.436365021067378	0.486136070766988
-1.30568643300447	1.89695820281186
1.14403998203133	1.37199573561514
1.22387544862559	1.77178509118543
0.401238969135371	0.314736455899713
0.166787654397146	0.101066420198635
0.42384021900044	0.314794693694601
-0.0574436435044323	0.036028346929285
1.3446783827796	1.39135626381249
0.438074143691932	0.330178134277451
-0.790876222330975	0.677863257508457
-1.03302388557896	0.421793611703792
-1.28146249315438	0.593259852250037
0.149315858131757	0.0721015100093893
0.0723304174597617	0.0583379710340393
-0.731554078112453	1.07161448246272
-0.206921684497413	0.191274953010798
-1.25507207924753	1.75575406712925
-1.84742151643963	1.19303792723712
-0.10067859414554	0.0608364310467345
-0.533360010450835	0.204495043787601
-0.191887889315755	0.102858540446346
-0.0176812342459098	0.00849799033899689
0.298579463357046	0.214170844361023
-0.784712575157197	0.424694524602392
1.04550556956238	0.397727052017986
-0.406342549193427	0.173701308354649
-0.523171029238127	0.20323286573159
0.145837129647114	0.050508335078259
0.157446713573225	0.0474765777179273
0.445560224599644	0.181515824529349
-1.79522376365631	0.406159618358576
-1.1412609968196	0.35088828313214
-0.801688232350541	0.526541123321222
-0.439098241360832	0.336695960151266
-0.164670754823175	0.0598730481364037
-0.206320692404652	0.291646089886794
-0.118817833018231	0.126331763816527
0.0197306532844723	0.0147627251214369
-0.146871826348226	0.0825371496101089
-0.0155748877315949	0.0102524391073882
-0.178055989482223	0.154051574123853
-2.35046976580606	2.97109969928051
-0.5431889955885	0.452299811542681
-0.228358576380837	0.0754206022353645
-0.609038730559404	0.296464007567755
-1.21043308603174	1.37668950742442
-0.41235936754909	0.410106381625523
0.781550897221668	1.21715154650432
-0.0809007838112497	0.0708657822556682
-0.907153330536937	1.1288531014385
-0.873767151284104	0.936417438089112
-0.275905046103493	0.172332158553102
0.364637821104548	0.325045729328608
-0.383200450237904	0.298328990212295
-0.611330516831816	0.293984459765034
-0.523171029238127	0.20323286573159
-0.558148689556118	0.349722413302357
3.27333105802293	1.11217115249484
-1.51279643757503	0.547771213649107
0.815370854654364	0.349184254702202
1.26178287543093	0.70565851418639
-0.335032793049062	0.351631550549803
-0.720570146253203	0.818329289665411
-0.395285822531286	0.3089838738691
0.15625990713939	0.0473604698624763
0.1500643212047	0.0518518782937859
-0.461142755880892	0.302794487654176
-0.193660351548577	0.197893935938931
-0.903508915517705	1.12026791818349
-0.564289199869053	0.707285922864775
0.25085412285049	0.315944108278449
-0.0845670878079758	0.0879932149385627
0.556668727255913	0.760466215929614
0.063216741832992	0.0597563981382495
-0.735748982582468	1.0440437973725
0.0942676093818161	0.0697026181249682
-1.19486078835147	1.59519670119621
0.270284354333467	0.281963676799252
0.136866100595336	0.123808941693346
-0.437198274084338	0.37368515166281
-0.795614234682307	0.608911861740459
0.51141638637416	0.437517581282628
0.151340784202288	0.0796567105501289
-0.799615366829392	0.603337143475316
0.331795168598187	0.180893909322115
-1.34707226632738	1.33274016112149
-0.506139422323933	0.461762359733553
-0.19329714395114	0.126942684291446
-0.0686526760679089	0.0299886418996838
1.03358254467883	0.397840523408355
0.676191819364127	0.216171302955092
-0.314263919700697	0.144198921623928
0.0711728500663375	0.0612161722121468
-0.241786345692508	0.305380175975024
-0.690631943728388	1.16370042474905
0.936556160775419	1.22576050630176
0.3585174283891	0.179528889432378
0.503514195498846	0.428518790021373
-0.155449628193251	0.056785772204396
0.331571444571669	0.181471792689479
-1.73322387164745	1.86896930667236
0.444145201182078	0.315676174911973
0.148228629004075	0.0512983752502419
1.02928839220938	0.39063390297863
0.679501874770581	0.322250917472044
0.779404475096656	0.459374942092311
-1.84191179914464	1.16993623612294
-1.29116395030512	0.589304624751637
-1.5208643075246	0.552186247107342
-0.390331996250563	0.698071612191587
-0.329625723852825	0.499274918237994
-0.894863140935025	1.21983307631124
-0.456779188537206	0.417339076082049
-1.17005311436771	0.66907080886783
-0.722131735316544	0.252143474448172
-1.09803063945347	0.743630988009597
-0.332108404607549	0.335927850955858
-0.093311230930941	0.0823971081182722
0.200432742162842	0.189710835005471
0.139253034955472	0.1311740844771
-0.595688649496065	0.609146655048677
0.116148609070473	0.0953590745953202
1.06952800004756	1.23592660601445
0.184942909846649	0.118034175455155
-1.13710710343076	1.2507516187437
-1.28624234459102	0.594941965574939
-1.51396593073936	0.54893460092185
-0.253782880659719	0.126141679644708
-0.0516989770193427	0.0390042271255052
-1.89562205902411	2.24561689815408
-0.0294322616367583	0.0192797956448399
-0.576330888575594	0.4155116289085
-0.288622574617341	0.180034020057666
-0.0993899242916809	0.0398572338977627
0.169301214921532	0.0427592743769238
-0.221549116887011	0.0733586886722837
-0.223107034277154	0.0733562917803985
0.823091667088286	1.12502707292941
-0.0752477171482579	0.070913658730165
-0.316890948320888	0.22944530040328
-0.343778504625385	0.205139746197643
0.524938478553276	0.192889918548823
-0.522705576199674	0.20140379895895
0.0364087090388539	0.0219532821822934
-0.793422041870891	1.45363400635567
-0.235466291736081	0.229464613609961
0.288594662856106	0.336252111926952
-0.472917519337558	0.657249144159107
0.0332623547587585	0.0320404516650143
-0.0938146094298257	0.107274371604329
-0.0671979325762843	0.0588820125434776
0.10137365320112	0.095518836532446
-0.164857729461704	0.153307488750083
0.18403339711973	0.136108827707705
-0.18990475251738	0.173900568440113
0.311715140490381	0.340531895566319
-0.117761083447741	0.0923035391879982
0.0168577741700299	0.00914412899807203
-0.2931794918555	0.259063544975174
0.31046148286112	0.199382298584971
0.422809097620905	0.318434988200649
-0.139243699368522	0.0778787778329359
0.412804545284837	0.304819885619657
-0.351218546798672	0.279224383169212
-0.0640016105086632	0.0400792081886571
-0.335914666492441	0.200661198172423
-0.305707516238664	0.14038578301602
-0.332353018220339	0.234285324182763
0.14569794572577	0.0504060636924665
-0.00692600025136755	0.00344104066861575
-0.102182110985353	0.0410172996372116
-0.113607721653792	0.0997574547170182
-0.255389048065143	0.337636679869682
-0.161787220347131	0.174247949794369
0.692799154531752	0.842616265629571
1.0658068098091	0.516156443923298
0.0929227641414722	0.067437513759437
0.523462084360853	0.192012618175419
-0.678799793224869	0.465638802831496
0.540001288426925	0.309195199152393
-0.147224450245512	0.0832023919232645
-0.528775863609232	0.204514779646363
0.157607154140132	0.0473340538421367
-0.305165703538064	0.141085798245182
-0.677984451458462	0.471019969734437
-1.02112723329116	0.409480486660586
-1.1412609968196	0.35088828313214
-0.356537582183099	0.3378628132199
-0.342400259231794	0.272568087869687
-0.328125058899745	0.312862201018524
0.131036578157982	0.115652167757694
-0.0303683252568044	0.0258133578012548
-0.317311063431516	0.361461564443343
0.259164410855903	0.237169460367584
0.387965975813931	0.335980814806681
-0.292273530357422	0.209845529611954
0.382625034815005	0.393574867475816
-1.21557966454682	1.41274632755572
-0.157195368460947	0.0576515802947247
-0.606204743341604	0.293145661342505
0.440208643626581	0.180693389650481
-0.351639245332709	0.102368245698131
-0.779203760899974	0.345650713219134
-0.492173020227202	0.260442987043894
-0.336750480189816	0.265845923742062
-0.45561581846056	0.455281954331183
-0.968653802244038	1.26812447953857
-0.403910322078643	0.228965836743657
-1.10381259434971	1.05428756165596
-0.117658764629932	0.0466926247484777
-0.526650659515288	0.203472876208068
1.04571393839951	0.402644709089383
0.158321872008447	0.03054890339565
-1.49231147652868	0.771104896871233
-0.124282950561538	0.116176010300345
-3.75681356070144	1.50692473174253
1.82480935034987	0.726106092264881
0.30423268971109	0.217449721563475
-0.149192060670558	0.148707161296704
-0.397850690908755	0.443074196232078
-0.800019619658844	1.22962277637418
-0.708686729004348	1.18847989568945
0.241284847621826	0.286588231834476
-0.0749926786025816	0.0746817333125358
-0.343641692350265	0.392014626137889
-0.201228408795395	0.181043433740899
0.184727863615418	0.150138894062302
-0.53037130317968	0.648874566791912
-0.0351488830419264	0.0263898986924795
-0.137828134560373	0.0958392921035889
-0.0072113492284148	0.00355002015312054
-0.151797806753981	0.0857702989637519
1.22848174485215	1.01006714340918
-0.6616074809616	0.718269308624441
0.303433374307045	0.193544052860197
-0.308936146984664	0.222869292414679
0.153787061115808	0.0740174486183105
-0.562331776765368	0.508104957846883
-0.605818530137428	0.295281497227371
-0.162782631594898	0.110142794926995
0.802672193938655	0.847057723517978
-0.730668878292757	0.832058752177168
-0.617638832053156	0.892147147218191
0.539743516080951	0.692695108397094
-0.154287172258998	0.132975963767023
-0.631207956580881	0.870237704627202
-0.789722544481094	0.903042839986932
-0.200050018421441	0.153875342629616
-0.0537228742216171	0.0333313034307761
0.180045153581396	0.127965303797667
0.577636911870034	0.639558495315958
0.564898523457007	0.441595128260367
0.179359123284641	0.12140100406068
1.36063832929631	1.23501110558519
-1.57095268744481	1.48289384652666
-0.535793722721757	0.445323040952809
-0.137250108079199	0.157154157960572
-0.330442002885782	0.353922911686806
-0.33829663854596	0.239459846969036
0.919612205921921	0.787333935230932
-0.39630814908082	0.167858685913401
-0.530739155519381	0.644748559713784
-0.016992725053861	0.0144966289735089
-0.255746223254591	0.229195451889406
0.198373877562109	0.190491865591338
-0.591985966999538	0.715155189523409
0.30750331591746	0.345480324777564
-0.516097676580641	0.535927509755052
0.0511498478381159	0.0401607935197382
0.309904773130668	0.196714639300701
0.0566552950591364	0.034401416115669
-0.389775331276736	0.338954929072129
-0.40087205642814	0.312326139786655
-0.579475278022183	0.420725413518884
-0.0165007454687909	0.0108406883121184
-0.174503544697941	0.119598141182282
-0.435636378272192	0.333941399628249
-0.397869989001184	0.401639769028642
-0.197172581616421	0.19364051547566
-0.907029560201442	0.748121297329582
0.612150988621079	0.566214225472364
-1.05456692010098	0.828140602399241
0.738246855162258	0.603836763259143
-0.806918090037155	0.528428583053955
0.0945824568768512	0.072236138211343
-0.225714572644197	0.231909032556052
-0.25804504325369	0.231733467679549
-0.126475872994444	0.135685342114134
-0.0438526890104242	0.03725590435941
-0.020205705697307	0.0154562259212481
-0.325472122062055	0.310221822160055
0.176245435280288	0.106409083736536
-0.108808146182568	0.0959598723457862
-0.0416166358861601	0.0410006302154554
-0.109248654113267	0.102181398489534
-0.795537444299721	1.17663921508431
-0.443711022906015	0.467387030648729
0.462808445360311	0.416201672044689
-0.264266273440321	0.251654237189883
-0.856818356953953	0.971085400235162
-0.0656476438260081	0.0620907719440794
-0.0888640931103427	0.0920448158479026
-0.388139639401779	0.389813924483104
0.177260350895846	0.125525480878727
0.388012940249955	0.177640021767954
1.05867489725025	0.524260431275118
0.39080765601914	0.178392476739938
-0.39811919819778	0.169202407581422
-0.161854828680241	0.0585645968441452
0.45426891218399	0.18312475878208
-0.774843523169183	0.346849078323959
-0.442306594753695	0.339395327068231
-1.2302707548418	0.923084215812606
-0.953772705111663	0.579881010783252
-1.14016935299318	0.348638213237076
-1.03978903438032	0.421120383022407
-0.328449005988843	0.150387021574623
-0.156925643471908	0.0574850760468255
0.319383948255672	0.205788911314411
-0.0387062501426056	0.0247836575658388
-0.153406374524852	0.0556937966431092
-1.79522376365631	0.406159618358576
1.45496621180374	0.489974899858239
1.82336730645351	0.727498434871424
1.25003451401369	1.19669933367906
-4.00190754356005	1.76453931949093
0.153273525243481	0.0810104147412146
0.440208643626581	0.180693389650481
-1.13238101744968	0.345367402292769
1.45986014199587	0.492707629107706
0.801222304063953	0.472901511124435
-0.346338838256578	0.100875906320348
-0.518937301412298	0.198614119525637
-0.603191461569219	0.29145111281509
-1.02985304618648	0.417366865086498
-1.80012731460838	0.40572439661199
0.1588995276689	0.0306480879354901
-1.79541110556836	0.406108159138969
-1.51968686804079	0.548134504172194
-1.83053444560278	0.755559929122587
0.162942698182568	0.0413114056520163
0.956965590292449	0.254225160809089
0.157056474373317	0.0303984095560313
0.144360057617073	0.0496936999572725
-1.51309151623221	0.544844714826084
-1.03302388557896	0.421793611703792
-0.338626241379966	0.202113773676027
-0.398543966634002	0.22424383797517
-1.09668841686891	0.751004344517519
-0.10868960835663	0.0436156218260102
-3.45549576669823	1.25034460620717
-1.0434626705314	0.811320599779661
-0.219356774849313	0.140399893379018
-0.80539810406919	0.61114050494925
-0.16053966425378	0.058758984593026
-1.80012731460838	0.40572439661199
-0.159523283512501	0.058068610189777
-0.227212618004882	0.0750820913651819
-0.771731103251104	0.34418423749677
-0.395903182812791	0.308136689521566
-0.79321591605403	0.593136295775628
-0.328382626779791	0.193959286563941
1.05653493878658	0.520521812492443
0.669959235301846	0.21328277804383
1.06678886733472	0.523633226171057
2.75734920342264	0.799800653832186
1.96025897070573	0.471212877436839
-1.79541110556836	0.406108159138969
2.75606918885066	0.793508670212093
-0.409852159172971	0.172647687869572
-0.419591835649686	0.234680566667274
-1.79541110556836	0.406108159138969
-3.08471213635442	0.965314084973475
-1.79522376365631	0.406159618358576
-0.737186547870221	0.254215877077603
-0.623695063230009	0.152227657420805
-0.18143207533565	0.15551578484522
0.0225235795845922	0.0181774705314103
-0.397971606589585	0.490413228808476
-0.282589444677831	0.274040494468079
-0.481815189322923	0.563937941199116
1.06368524224091	1.19070369180552
-0.728773840779801	1.04583532601553
0.474982341592837	0.517215413582765
0.335456903835235	0.338259471537512
0.189216655657082	0.140040870404856
-0.293755860882281	0.263497902391914
0.731013281072791	0.796360370514765
1.86038513090901	1.97082598134916
-0.600555485681467	0.621809071655691
-0.526513507593523	0.677969048998443
-0.302456678123762	0.219567238904758
-0.543024800466479	0.340348890466582
-1.0024668708127	0.886677069556036
0.245582744421136	0.232850142144399
-0.278234391517489	0.227371992215573
-0.222384207032721	0.143061792381495
0.155197227666161	0.0745501747454023
-0.393668545502477	0.342002232490236
-0.0571292249840512	0.0424288455690772
-0.0634163935305966	0.0470776064971815
-0.279561602731744	0.23075582785928
-0.774204683203875	1.07133434376758
-0.373147700691008	0.411556551798931
-0.57974566600969	0.870179668030176
-0.0736166859882075	0.0540045510070934
0.405854867194831	0.425861369297517
0.249670230651659	0.23732229004801
-0.0640699673713605	0.0465181634211836
-0.0396832787503137	0.0297514866659211
0.395715532598365	0.497464208927201
-0.333876656958265	0.34060601624751
-0.054488443488641	0.0451003835137565
0.200809198189823	0.172811008413834
0.725194390018805	0.810302278347412
1.02157588088623	0.955532784424142
-1.35340492241218	1.51168334934661
-0.350267609256086	0.398571735342053
-0.714900912857267	1.09503679831966
-0.984370173910544	0.498898517233409
-0.0526970440930397	0.023132358212482
0.316740634484076	0.215198734872734
0.387647419270421	0.177333401199497
-0.984045213344661	0.498781634798496
-1.67822786811909	0.965197303659136
-2.28361142919572	1.18123677773886
0.0921274022972378	0.0929886996077427
-0.165314463737068	0.127906198963341
-0.142663676760974	0.0791136621185331
-1.18311172215125	1.57032305611987
-0.119453500512725	0.070049739897901
0.405285673805008	0.315596593670777
0.00522827438324658	0.00241380130138642
-0.0999072069438469	0.0399381145443107
0.175901665515987	0.107380279450846
-0.1931446859324	0.128623263101768
-0.576261043766003	0.414885975120809
-0.581146786458162	0.526966908398153
-0.242086034218487	0.220456835839055
0.364257155123623	0.301146697106279
0.0716297411748085	0.0607006599522993
0.180174624707442	0.122774040241853
-0.0284875236906872	0.0131908640541697
0.151507163088343	0.0856573362571278
-0.131816913105233	0.105241057614101
0.15281457847905	0.0661031141000901
-0.456164961363339	0.349305492481291
-0.400339874419045	0.170786884464105
-0.209768059830579	0.20513409560142
-0.492956642595205	0.258698473279103
0.0755922794105268	0.0774547213706253
-0.0625974579760302	0.0565720382876029
-0.284731162135872	0.292583658714273
-0.25672683983247	0.261044841763998
-0.382054367476296	0.330782488183013
0.424327399664561	0.319823447507394
0.0890659446914614	0.0644433594031567
0.340710600012155	0.510950198005812
0.74737667153686	0.957311985136801
-0.205568213106081	0.203433372798436
0.542135424967647	0.836007765149635
-0.188143409130674	0.17194697279761
-0.0607912479831418	0.0500578128443584
-0.0941537306605661	0.0762222668011489
-0.110564305654423	0.0884022825207463
-1.84192733483549	1.17569265555092
-0.689984806534482	1.05307568547536
-0.260772316657867	0.282449426812849
-0.326334068983756	0.363851696449647
0.00367943718708106	0.00282565821965018
0.603598099269597	0.314127433651445
-0.393870061900924	0.30814168018223
2.26194315029951	1.74906629889925
-0.353888077553097	0.281311110852227
0.152914849130579	0.0802844555805472
-0.103661141028937	0.0420042327055223
-0.137220484283073	0.0766355350679935
-0.782475545848298	0.654609970967507
-1.25911391133936	1.1577377564611
-0.310253528051153	0.143451394522151
-0.494177517812654	0.583116567733081
0.0367472544316099	0.0209586380241392
-0.563761981492289	0.591008182583762
0.117228881453677	0.0937367437561091
-0.048561910987859	0.0212180945299855
-0.191933132498703	0.128292905722923
-0.375140892777307	0.37098199251084
-0.261641038666903	0.19332070490754
-1.22566277631262	0.910831605393914
-0.352154123753908	0.208015447885868
-1.17367846540392	0.67169729017599
-0.697890632674083	0.552284837415684
-0.3968987845725	0.489975992381796
-0.540666074543307	0.68735681250993
-0.22248783667099	0.213696499104229
-0.798917399691287	0.601532287489938
-0.338731777975676	0.415013434916584
-0.220496540080936	0.198560452243743
-0.409998215830419	0.487261439184169
-0.278482563828894	0.267349021839219
-0.42710835914114	0.503266685461484
-0.486813466042439	0.478715513046371
-0.150742356657967	0.118568361778511
-0.423763593050773	0.468663993407628
0.190823882511514	0.167279775144591
-0.0233175775398214	0.0179408414634452
-0.536801192807271	0.5930007151595
0.636106667662934	0.74813469057885
-0.415449959505902	0.442748565644423
-0.135037762393746	0.104954924578288
0.700375251600963	0.69745859400427
0.667643673997154	0.766166812100535
-0.701700436270845	0.610309799485666
-0.080741337127497	0.0487794741800524
-0.0562728775241823	0.0246548092646409
-0.69774235052618	0.988573716984751
-0.198062909385197	0.182077495855972
-0.792283004951256	1.13490211422414
-0.501333606384539	0.615700213815201
0.361448024213595	0.320984691803106
-0.0572528998349559	0.0251958935118193
0.0591089145813271	0.0380278859129142
0.0500705026229785	0.0391463514614957
0.283229161316575	0.262534067402213
-0.586606193984359	0.682351327859281
0.307043828382083	0.324521792581544
-0.531682356396132	0.561535408668628
-0.0870521740524573	0.0720906373539159
-2.01643386940451	3.03205670561846
-0.581038142800627	0.671781182715885
-0.24320163217622	0.233556818813899
-0.437614380234584	0.429585915230129
-0.704374534562532	0.615952650066875
-0.34656423834951	0.246570957336911
-0.418850272746699	0.413386490365678
-0.5219028471083	0.802875402247372
-0.109509096073119	0.087590081284932
-0.382514926778221	0.471949959267235
-0.159635447333897	0.148225041409931
-0.648654356925195	0.793144301505276
-0.0938697096256169	0.101438441384391
-0.592856106379154	0.789305454463127
-0.878628077299205	1.22458820426358
-0.134523279083344	0.107026444789202
-0.704165891418732	0.931032640363702
-0.0273926897460106	0.0251436369021657
0.0835754620214817	0.0583446946330497
-0.0160633767686018	0.0140089091031044
-0.770454764904387	1.1155311333759
-0.312327494713748	0.295133096040068
-0.397152930524167	0.270007386607794
-0.26591679374069	0.286148834713527
-0.560878755833995	0.578604835882952
-0.792372179740332	0.951965006616871
-0.722337752151913	0.777368164793732
-0.0392045356010301	0.0330545272003237
-0.109246939282651	0.0877392812915765
-0.217679755743912	0.179934238190723
-0.391217372824637	0.420395469562979
-0.38174065783784	0.431541988295348
-0.637756462975566	0.801198471669301
-0.0534940798115855	0.0335706374345596
-0.804342775896624	0.526884572876627
-0.38986080737781	0.307219411194415
-0.862744710670748	0.91622815626142
0.342325974635538	0.338990060231366
0.262775754607861	0.264846590376495
0.290750682769758	0.22449714145157
-1.09806924174101	0.74589888474589
0.4609083190541	0.403800219858878
0.411362131418893	0.324528614690922
-0.395187932452833	0.311936423907997
-0.23885820608407	0.197674068964266
0.420180441710818	0.620420967442947
-0.196264830289633	0.209578532426619
-0.106216024029597	0.115020272617554
-0.659985786436138	0.977019449978647
-0.470409603188797	0.528212400982924
-0.0768140652589442	0.0564913090026202
-0.681618482830713	0.747713688346596
-0.538987142248404	0.439061913613577
-0.939299926056271	1.06081129515383
-0.00517159287643478	0.0044438930039685
-0.795256855465853	1.04314940769705
-0.467388722795559	0.673579951212057
-0.711984534768147	1.02266664830263
-0.564215443731345	0.711355973873215
-0.417509606279139	0.351868067592012
-0.301767771258988	0.305222578433042
-0.12573572083337	0.101555391156628
-0.324074857821278	0.309223394169544
0.11451635739503	0.0913425106843292
-0.448138868888667	0.287133591977692
-0.651718753314836	0.386623314531018
-0.61034981008363	0.296851575272232
-0.328456371581694	0.195187762355737
-0.426909391182353	0.398509716090834
-0.259100492624079	0.231740517665116
0.349895017168784	0.310303648511009
-0.324604604306027	0.309196484461125
-0.286032367489505	0.236059923373926
-0.191933132498703	0.128292905722923
0.000242807996185889	0.000275677918885046
-0.128213573092127	0.101493728562767
-0.530025200123451	0.553442736781497
-0.505337660537558	0.640572966160884
-0.0299892116603737	0.0252116186922917
-0.870649282028152	0.933460039780545
0.433380306008373	0.305713101651942
0.708616282779167	0.457427506610077
0.0301527366867302	0.0160343561122559
0.384101900806809	0.309183611607233
0.00601782844865029	0.00424481468528314
-0.317770087016504	0.319459049719808
0.165458240529915	0.100580727569215
-0.662100140263865	0.390771711885417
0.6516990688489	0.454662288869487
2.34387276132192	2.71239879779826
0.166289657795941	0.106758219519098
0.275239786128956	0.207314037835324
-0.0288269343294955	0.0248317052115212
0.47187024218468	0.510157635139255
0.198015126429302	0.166719315276715
1.12040509089684	1.69030231346623
0.35757478422662	0.32002966257961
0.663148864143413	0.673933766862482
-0.2544962010191	0.187207404337168
-0.332677044305587	0.198013536934928
-0.682426050276198	0.469785734583048
-0.113352578881587	0.0666742478142175
-0.218545594618652	0.182744786124711
-0.532412912658637	0.438563678955912
-0.0798282437868818	0.0485570672807234
-0.342347438220368	0.243144636712843
-0.196415965439052	0.104032074827922
-0.55359361157705	0.575491235484433
-0.531354642359538	0.649549499832528
-0.00725718999214296	0.00482825723550502
-0.16560499824141	0.160338886511692
-0.543122378835724	0.475489541199216
-0.162704671518057	0.152633363366259
0.036970071945384	0.0212233284162736
-0.503030817144792	0.371814210391636
-0.340738972414842	0.270403505570175
0.192226264951563	0.156854340294169
0.0753327751463796	0.0675364040049953
-1.09050872731875	0.738043224641881
-1.49303214997585	0.77905623883519
0.0632526142576838	0.0383783953164165
0.0183796019055627	0.0131391396541925
-0.195459344261416	0.104290199476172
0.622397482592091	0.747268151659151
-0.150324479735762	0.141248162763855
0.0500942673858568	0.0396552959764567
0.193340579875954	0.165725452518198
-0.18400579329164	0.138939322872661
-0.115022552455665	0.08148465370573
-0.262069776015733	0.160886923399529
0.288911836336851	0.204533696106127
-0.233198911840623	0.17692564904447
-0.268067487193739	0.199402106432783
-0.107506351579247	0.0861742586150798
-0.654900057385226	0.386112122365917
-0.175935707142395	0.120330563762508
-0.79948609511876	0.686328447390878
-0.549252731796641	0.570655620497806
0.166721393449658	0.087442104857343
0.044672769253015	0.0273499033179756
-0.545546409035779	0.343719201746638
-0.530671843634332	0.2061859514931
-1.09050872731875	0.738043224641881
-0.460392746596352	0.418326730324297
-0.792701232855254	0.675824704658805
-0.795456814427791	0.523475719738073
-0.391521624199163	0.39317263790387
0.472640254492355	0.440458225008517
0.584575973700667	0.557191280769205
0.284740469785555	0.220363701478396
-0.0385929523502433	0.024701026178212
-0.239459379862608	0.119640792706068
-0.0165167079798846	0.00803192493332034
0.795045485051489	0.941550725546551
-0.0454244014660349	0.0291986208358878
-0.721719094666456	0.680250928533634
-0.499929687803472	0.370886300086825
-1.68439837492378	0.966504976336147
1.24638594192278	0.864114226467032
-1.16504569433566	0.661382192896571
-0.540342937957979	0.333087444256131
-0.102199410109413	0.0595571615633219
-0.713867729799581	0.720682509402563
-0.0636889672681588	0.0397862417414101
-0.680872193236897	0.472961316516731
-0.0812208260136945	0.059748515152243
0.0126223589071838	0.00899008572010182
-0.224078557102542	0.169528161159652
-0.103108245468062	0.0414262982029437
-0.772809967855799	0.345229262622284
-3.46056115971004	1.25132587477871
-0.927322008230705	0.66469729581035
-0.401307165700661	0.171557584514759
-0.237482515333629	0.196284955340117
-0.68314149958773	0.474270701260486
0.19918783084616	0.180877515167963
0.337070384397678	0.323687435579369
-0.188305712613322	0.124749614792024
1.65762851497911	1.53344056958091
-0.0343709303450805	0.0161377843155024
-0.219269796958999	0.184438750859089
-0.164957180340301	0.0599349426269459
0.824824171995343	0.353851895837985
0.154050490761234	0.0462665288164102
0.652696054187485	0.458008658698982
-0.229796643276947	0.149400876163353
0.157446713573225	0.0474765777179273
-0.530937280824717	0.206881451169038
0.139794241783875	0.0416685164464389
0.14653019519208	0.0570865605628647
0.545768084985728	0.313906407394682
-1.81672391556845	0.755139764558434
-1.34744709339156	1.31589591955807
-3.0805660074572	0.955215233063362
-0.724832779293065	0.252803415831091
-0.436086333536052	0.332299879378759
-0.237509698655933	0.153416264653073
-0.14564639487038	0.0531476859436072
-0.399001720624442	0.311582967508192
-0.185863086552733	0.123639391994115
-0.679898020568808	0.465920043557918
-0.207694480456031	0.138469638685163
-0.511375675335504	0.573010235988903
0.127824516899952	0.114318482341178
-0.914162849662554	1.14616519005571
-0.0209647225855131	0.0137567689275718
-0.154943559577957	0.0869427277031788
2.01722867811778	1.83436609656523
0.792910484909959	0.844272148462502
0.140215739707294	0.0544615577459193
0.155147686651987	0.07458940092219
-1.46356285207438	1.29409738509261
-1.03970049288414	1.14967156135627
1.36354870310109	1.23892362034263
1.45351865984672	0.48998410568291
-1.51228804794369	0.769634884054881
0.666816815995216	0.214564732832008
-0.732708626851589	0.255851771606928
1.07831829780731	0.65672308768594
-0.532276703088154	0.205902875815849
-0.235145637840012	0.152505633093171
-1.22630595058154	0.903812964175485
-1.03165075561198	0.416907195731992
-0.532019147491516	0.206951811605764
-1.03978903438032	0.421120383022407
-2.29111348307568	3.43245211019847
0.170903388449488	0.0971179415052039
-1.59605362919564	1.86136989183382
-1.03279141777036	0.417914440602884
-0.404088877477541	0.172300735136295
-0.34031726534445	0.202845959138843
-0.320351263210626	0.148766932654297
0.0374800210384335	0.0216991567666448
0.64916174570264	0.585193729687404
0.490567829531155	0.430999983402867
-1.82408792721471	2.07442540566971
0.946476528123749	0.637581113306935
-0.308299997853827	0.143070950496121
-1.23000890486443	0.906167168642293
-0.186813586778307	0.0994381966171893
-0.0690819994238062	0.0302690152513791
-0.344718928168882	0.101170101330633
-1.81814593327299	0.757477944035012
1.82868259121074	0.729942315494172
1.32420347578211	0.594323880877371
1.0404202529805	0.404466019128978
1.5610680297244	0.788072196378192
-1.15449576830872	0.986147151845098
-3.08471213635442	0.965314084973475
0.157056474373317	0.0303984095560313
-0.168393643343593	0.11552082660614
-0.902239036512744	0.735932313373897
0.159390117965491	0.0842267994303168
-0.489809264808107	0.253625986158834
1.9551973603302	1.23608565729921
-1.1412822568496	0.344496178785723
-1.03579126744407	0.415883407326815
-0.797056768368283	0.608806595154849
-0.3906307935447	0.164828595897965
0.177410945971761	0.113811136133351
-0.0422653506345697	0.0271755944768854
0.82354924098867	0.837834811108329
-0.122925539071342	0.0717005258915495
0.384208821141128	0.309238046724466
-0.591308812301405	0.430388618817411
0.146705181416091	0.0501239064150104
0.98089240766437	1.06416704912881
-0.163586715841698	0.0586115686979798
-1.03842078216378	0.416310979105108
0.134366317139427	0.0514723317048698
2.35216593694559	1.20028973632488
-1.01576016890493	0.401371245301068
-0.227212618004882	0.0750820913651819
-1.14235343443303	0.349148050508889
-0.347555636251828	0.100540132112443
-1.51434599764084	0.542729122624605
-0.220610815050773	0.0725929304678882
-0.5762612218641	0.519672710075552
0.555459845829942	0.453125768704455
-0.0367679972870847	0.0171745153520518
-0.254654001109278	0.12692343644755
-0.530937280824717	0.206881451169038
0.1588995276689	0.0306480879354901
-1.54887124746337	1.4495351279847
-0.0144136010112993	0.00702232329338867
0.172769374025324	0.122393981325777
0.879972658760639	0.998800270995717
0.448924110064282	0.418631638409072
-0.200842028269878	0.133939101029591
0.353995907904257	0.178602737542661
1.38512137811926	1.22744520574004
0.492339660072688	0.4313017795383
0.303701512231576	0.192466508692068
-1.68005216606244	0.971308925372225
-0.217376423974934	0.0714638472668936
-0.407350889433509	0.229451895792322
-0.344882985175325	0.100433634159356
0.1500643212047	0.0518518782937859
0.167846042512584	0.0427707788849589
0.166394015894957	0.0421995715384941
-1.04115769482839	0.418592116600537
-1.13492041310201	0.349384486959602
-1.02620966872653	0.41818337996543
1.03902671883926	0.401278580186936
0.169448715067567	0.0428107247727095
0.112922373717602	0.0898074248458106
-0.560658052260773	0.349024378477524
-0.150458831228779	0.0551520014582941
-1.2758277297577	0.584800745171993
-1.22852657837913	0.921282785097216
-1.02734963908132	0.419609489752489
-0.780222385383906	0.350064605644818
-0.623695063230009	0.152227657420805
-0.00563745125498433	0.00278840717107906
0.148456195254636	0.0635844064660073
-0.177961199191704	0.0929568639898753
0.175231819799125	0.0993000012366062
-0.667700595598101	0.458206215172933
-0.0366188031583585	0.0171972410608758
0.688579124189177	0.327050433573336
0.779861657299945	0.462442241682919
0.687075020315603	0.325915839617064
-0.222901125507273	0.07385839070143
-0.396835383122823	0.168205231331042
-1.28356786747033	0.591912012640858
0.528873779674063	0.193445629021568
-1.82373483340545	0.759520768730619
-3.08381588002162	0.95918852957187
-1.13492041310201	0.349384486959602
-1.60365135214233	1.22913233204958
-1.68944081303628	0.980212345517434
-1.17414606039495	0.66677618776431
-1.85242107278268	1.19021883908903
-0.958891222107647	0.592201865106131
-0.114652413301326	0.0454664343241837
-0.606533563724733	0.491046485912049
-0.361493173790121	0.28909717828235
0.748351688256361	0.725972287942726
0.375499498543327	0.33654882740753
0.868551192453942	0.979614520965486
-1.32526922258937	0.835774808730372
-0.391547796948075	0.26715944233284
-0.0863152808049122	0.0524940888620797
0.0442364535593963	0.0255131881651118
-0.791772298999317	0.428156324958335
-0.396919306366828	0.167888507080922
-1.28516527704006	0.593068953266583
-0.766355098817268	0.340994356194198
-0.229722716539759	0.0759270068257283
-0.333169540211983	0.0956424985419645
-0.498480067821173	0.449389802224188
-0.54343644612697	0.454054817469637
-1.83508946312663	1.16317055501255
-0.660722703766941	0.389484905364481
-0.494402435298068	0.261815549004288
-0.316769502251675	0.147367554895356
-0.502536030324328	0.25531162852257
-0.775081795193654	0.344213681745633
-1.17328369638531	0.671526484374024
0.779404475096656	0.459374942092311
-0.88505357187543	0.804990499774394
-0.233640331803912	0.15197356798044
0.0922508458930472	0.070758207108341
-0.990313845390926	0.504416663574523
-0.276175989843674	0.172950813742993
-1.25231907031891	1.16243515998067
0.14848919611737	0.0709620615708608
-0.0686526760679089	0.0299886418996838
-0.315869487139324	0.146841283920717
-0.157195368460947	0.0576515802947247
0.142470070524425	0.0554450529408985
-0.524401134131976	0.203663422455522
-0.0881281957966319	0.0351268280463814
-0.96679398538089	0.582422221549061
-0.30606255147508	0.141952973417887
-0.784646857032786	0.348858181333033
0.52474581125615	0.190150245281143
-0.727076542516005	0.253677508869169
-0.287884493778936	0.236852149545598
-0.233640331803912	0.15197356798044
-0.263575446150315	0.196388085448856
0.643479319172556	0.575830188854537
-0.682426283623521	0.532947029731046
-0.150339776782556	0.0847148582304436
-0.175212251029614	0.0906619456442281
-1.34932700871219	1.29822443482158
1.05532093070944	0.51545179898496
-1.15783214096051	0.994876175628683
0.837434018859046	0.746842022110433
0.164866751143337	0.100785907033296
-0.263499229681351	0.161949337481694
0.394310329396538	0.321295120852863
-0.323793260678782	0.191180912788441
-0.33045278155747	0.195640290635487
-0.324633173161191	0.149824766297766
-0.97900136103569	0.495018827323948
0.333021060146512	0.18191390842201
-0.404445914386095	0.22840278074265
-0.189329199733174	0.101311564087761
-0.547531900139092	0.345423873173251
-0.223193511394539	0.143646095423456
-0.400339874419045	0.170786884464105
-0.999173002769725	0.501397936967906
-1.22596028859603	0.905998797490209
-0.397687008593396	0.223293332797784
-0.192485111809005	0.101286378358547
-0.244795588949212	0.123160748609705
-0.680617940274996	0.471734640298114
-0.871852921777885	0.928220120824223
-0.400130661312645	0.346634158902538
0.154922692294213	0.0664732186440009
0.714932379355075	0.466484480151866
-1.30276566561361	1.7376557011637
0.194152226994675	0.158729499092852
-0.237950618809854	0.200132692254927
-0.279391649692956	0.244445032857673
0.52684065691265	0.60153946981736
-0.545593674458684	0.334480760711958
0.436799452482368	0.307463221375386
-0.0980859613743423	0.0395771505456825
-0.342343944626084	0.20425568549332
-0.153993847750573	0.10395956370207
-0.391765644532401	0.307180773178553
-0.869523319855198	0.857019498707175
-0.617317478646652	0.299276189978051
0.176346800086408	0.128100704285124
0.172575780750264	0.14569659012792
-0.344694453187383	0.300919801003715
0.858858784741529	0.625875821682621
-0.118293800430543	0.0691304637890858
-0.0700142616935989	0.0304920944144208
-0.405303570150985	0.229371447389442
-0.554563847970075	0.349522051631744
-0.610366704805988	0.493210604953886
-0.0327646168019351	0.0210461480775213
-0.340793674612224	0.265161188443697
0.748247471691106	0.814528335996402
-0.917202136608116	0.756308299093917
-0.461142755880892	0.302794487654176
-0.709433059160848	0.675089629501486
0.0367472544316099	0.0209586380241392
-0.0818414497769552	0.0498539708433985
-0.0581336475896234	0.0255165118530657
0.0126899658129602	0.00688576626471166
-0.394991982939308	0.166760846376396
0.787672546374985	0.611393086153567
-0.389074105667709	0.265127610932215
0.791674704959148	0.472578442648695
-0.00747096753360243	0.00359318332974836
1.23644267085303	0.842048713042195
-0.718669620587266	0.682330904704599
-0.921715539658176	0.665475764632094
-0.189608365501642	0.100707519619337
-0.300084767251766	0.136509305888562
-0.240317406291566	0.119838551192023
-0.770426192005186	0.343157493050014
-0.972576797652719	0.586483581954777
-0.395623539993749	0.220732693192802
-0.389343970374548	0.163466025659899
-0.663956858624129	0.633967882280213
-1.03642953136751	1.63348464141862
-1.36317279430253	1.71840017908375
-0.439028374004287	0.374662948223612
-0.264169091053638	0.213704027650813
-0.912150173894399	1.070327782259
0.0751702115378851	0.0501398934892751
0.775855534764797	0.71169781758701
-0.624735739288909	0.55373524454469
-0.492609854350896	0.360250631616825
-0.446382310013513	0.344150185722576
-0.295610146940651	0.214349584090948
-0.238186393621917	0.15112620483777
-1.09846862060918	1.04657008908916
-0.456088055880778	0.418342357774614
-0.682299873009322	0.474022748757144
-2.57507908676252	0.680490038595289
0.162378104800928	0.0310834456145106
2.762173012355	0.796052683519412
0.668257563820224	0.216585127844403
-2.57393942994101	0.680804613621979
-1.79522376365631	0.406159618358576
-1.80012731460838	0.40572439661199
-0.624582031923329	0.153403426322781
-0.28492776258876	0.177900706265302
-0.671533500076209	0.464132769959112
-0.301875265080496	0.138732712230969
-1.29008873192822	0.589793852899105
-0.380303314835485	0.294689326598694
-0.0374815745435634	0.0175884481417263
-0.334538309953689	0.19947256261616
-0.701394684258196	0.55484357095165
-0.19911970832781	0.104470158631598
-0.412266467112062	0.227389063992979
-0.79088470709578	0.433553123835375
-0.525102425077991	0.203568491059548
-0.79492837241172	0.673225929892479
-0.238960111854216	0.119346904073191
-0.406825190500971	0.277851012077841
-0.817283096783335	0.609624879464435
-0.0502166350424163	0.0313219321605088
-0.283779384052225	0.176431740782058
-0.69347691856449	0.599458055642681
-0.622666718155621	0.504788246032503
-0.79106031736123	0.676728432072104
-0.542562362163844	0.452263313449368
-0.156178643473017	0.136299166305443
-0.221211896341154	0.184367885224403
-0.0143251041394002	0.0109068149454676
-0.0049557332858404	0.00246930077343625
-0.618021350636527	0.501560116750254
-0.730123386031477	0.256802322226565
-0.38966576760177	0.164314321058485
-2.12063940029672	2.25552917830108
-1.02849046705274	0.419931822610547
-0.524170237945025	0.574422635462139
-0.253630999671159	0.225611996087178
