x	y
-0.774482150351538	1.18976532749426
-0.482144804540989	0.40411201811045
-0.572608834624558	0.51717361654562
-0.0592108738523499	0.0366498308212374
-0.396298254116014	0.312162145359746
0.0275743637688793	0.0158966073871104
-0.195067453379987	0.179303315037443
-0.613679713170267	0.70968256388599
-1.46154300905102	1.27689065544655
-0.416060627899726	0.41414378556033
-0.0563037066303343	0.0348323493190999
-0.072993465709726	0.0527540096682989
-0.170127377425429	0.144535575870779
-0.695806427151412	0.839490011270171
-1.93745582847729	1.82616706995295
-0.789041981530317	0.949425165457459
-0.00972332093992416	0.00751231823293223
-0.708244183464763	1.01316084691634
-0.532349090903204	0.607141596235898
-0.434287948195044	0.486201382628981
-1.10113730002054	1.04011844294858
-0.528685463245659	0.434838872461513
-0.797348694550027	0.666348661899103
-0.336231655987157	0.198471032753673
0.169569989956911	0.114235945027192
0.417505020554305	0.306953734298556
0.00796596684782028	0.00549536962312755
-0.435860742407622	0.371549537577545
-0.635948936614793	0.60722981972115
-0.465742841002358	0.427392935676099
-0.469129473317608	0.309904961034326
-1.35243758586421	1.53428177918983
-0.704797552903985	0.613603456626374
-0.107405061843581	0.0762841391605185
-0.715377424722263	0.683911299666647
0.0713072931267797	0.0454192559458334
-0.196943953143674	0.1498992076369
-0.567595478316425	0.510388364618957
-0.652944799653839	0.669589563359641
-0.431394940531822	0.36152667124158
-0.950751418994066	0.58047443114454
-0.605430932414333	0.294773150923939
-0.139160999498125	0.0778100934215235
-3.36125867352947	3.23913747011519
-0.60378004012255	0.489822523978946
0.35441750461925	0.179326478645246
0.140340392415458	0.0670618649648854
-0.245316417630915	0.158190902996105
-0.148712408233657	0.0546464053678112
-0.51180144608533	0.381328343150735
-0.544106047277967	0.336798965929561
-0.637822176710532	0.56720994063627
-1.23566626039007	0.924427863473259
-0.806145004398052	0.441299286861184
1.39481303586049	1.06051614271561
0.668257563820224	0.216585127844403
-0.523171029238127	0.20323286573159
-1.09668841686891	0.751004344517519
-0.790232700968003	0.728464711460101
-0.313390293725552	0.14520664742384
-0.662485940309319	0.389312248107096
1.14147404700364	1.26023386384301
0.0273988216282222	0.0156586746356699
-1.3567901981134	1.10533278718664
-0.401309095910027	0.225411632004395
-1.28624234459102	0.594941965574939
-0.222695068591131	0.0735779431251597
-0.333641813453862	0.199410719743006
-0.110923231855065	0.0444985908508694
-0.196096326039212	0.104921124041697
-0.401034923550571	0.170830593731264
-1.22738030406307	0.914917736612812
-0.504988782838051	0.375451748212527
-1.02765165280788	0.415656971981192
-0.525335160168346	0.204442902704607
-0.928165888909119	0.665224133599656
-0.257389430319562	0.1271149243958
-1.0234029277996	0.414343036193287
-1.79541110556836	0.406108159138969
-1.79522376365631	0.406159618358576
-0.350191590281639	0.102610881125832
0.558339239855831	0.319728876665183
0.644707062171051	0.44545114003374
-0.113747200945364	0.0455039431059434
-0.78021932001386	0.346554562938578
-0.343268806146835	0.0999183449449793
-0.0286779980268933	0.0134628684412281
0.157533217591379	0.0897595704546804
0.300155172851684	0.20500440715476
-0.772523812046308	0.343445347925941
-0.649922899547539	0.38241772628338
-0.410993646621167	0.231856402972722
-0.277241285300431	0.173684467265167
-0.147136472143018	0.0535942904069501
-1.33283342194457	0.837347140074726
-0.796097223562155	0.674350903819899
-1.04812997683768	0.832029190143537
-1.35040971723749	1.32817881264881
-1.60748881370731	1.87645094247622
-0.793123712262922	0.435306261597166
-2.11714838577147	1.61769123380018
-1.13599688789171	0.349486711323194
-1.82024893253838	0.747751043646639
0.601978685145979	0.317647817376312
0.318543437911668	0.190081935743274
0.147456220717888	0.0768631822388313
-0.0250516153788749	0.0119128852548162
-0.229796643276947	0.149400876163353
-0.925666286026752	0.674568805619691
-0.98189701851344	0.496218329476225
-0.790764234144357	0.666028708633859
-0.539895682289903	0.205934102600275
1.25953966625135	0.699265417852385
0.170091149892076	0.104105841681417
0.0713323622509902	0.0474362391721955
-1.14924929566748	0.980779815902548
0.173317793930072	0.11207753700959
-0.650003868406761	0.383107917074778
-0.676795014815961	0.465395134668977
-0.391462086557177	0.308221575003024
-1.84100906407231	1.17626309687335
0.692944772685338	0.329184692282495
0.416432641741958	0.326383031879664
0.332307230655992	0.1808669340742
0.678765264659294	0.585545949769692
-0.643254063580466	0.646690649148838
-0.574899245164495	0.413429870902547
-0.317670041541197	0.147638924362247
-0.772523812046308	0.343445347925941
-2.35332322171602	2.08575864799703
-1.2239669528373	0.906531823432693
-0.576318112064772	0.411813315839842
-1.15929067029294	0.986697460209649
1.77212150753567	1.01570537138898
0.168785277575863	0.10253562180346
0.782187283001233	0.468761547542832
0.0382936441692481	0.022138873425459
0.359487061689965	0.180566792198239
0.365360726262392	0.183248967228697
-0.345621531480722	0.275391539885364
-1.22885861266093	0.920817119678005
-1.84017843417031	1.16462737634286
-0.871235631731529	0.865345715225558
-0.64940786319135	0.380860462843611
-0.403575682910099	0.225942596731596
-0.722131735316544	0.252143474448172
-0.219052553662513	0.0719255077197386
-0.00124272088812206	0.000678927758550456
-1.00506733229294	0.87835900752652
-0.794361267426771	0.523645028164917
-1.44147255636505	1.50842326745644
-1.3536785390441	1.10749640233182
0.0358763090582736	0.0217265058581315
0.680633049352949	0.583365638070967
-0.895449646931254	0.728301421452935
0.0953298418352416	0.0667005860925803
-0.651310933955437	0.380974141116642
-0.727442182320239	0.736012765541376
-1.17552783491124	0.673717860578835
-0.624582031923329	0.153403426322781
-0.775771682565898	0.338580146472388
-0.982226173461859	0.494254657002848
0.993309245657322	0.800110514733616
-0.253654289007413	0.12616506291806
-1.28146249315438	0.593259852250037
-0.543314330640682	0.339263493904543
0.154912398361221	0.0531785910107974
-0.785856815333352	0.732810926463445
-0.965799317347909	0.58675421728976
-0.108578520470519	0.0639367688157633
-0.654388149366652	0.382258936948421
0.897335696061997	0.492448294228436
-0.526418386848564	0.204314992368531
-0.229505410798325	0.0753532432921718
-1.28516527704006	0.593068953266583
-0.62982953293132	0.153685936034785
0.667073956986921	0.214335437648368
-0.62935300969794	0.153342878403685
-2.57450915234243	0.686119713628322
-1.81814593327299	0.757477944035012
0.147362692598526	0.0508433865470601
0.0438040944758524	0.0251660392839653
0.391505308272631	0.319639779739699
-0.114895761328733	0.066666385903578
-1.66679100843908	2.55412022752494
-0.999304285340534	1.16901924691085
-0.134323107732317	0.104092566447896
0.716307565102603	0.467360155398402
1.44989354438624	0.914136723856593
-1.49946266122471	0.785203013960556
0.130052074310935	0.0556392599227746
-0.52402013054653	0.203694200281952
-0.698146276975856	0.599364273755539
-0.225194933696446	0.0739396270147115
-1.0234029277996	0.414343036193287
1.55974514847552	0.78851565291543
0.166760634916841	0.0427859605507963
2.76088021610819	0.795949787637318
0.165678640076941	0.0495679171328434
-1.03011907749243	1.40792753015516
-0.398815106002475	0.27327886373143
-2.47698578362819	1.4193238411886
-0.398208151777129	0.272564734159576
-0.344718928168882	0.101170101330633
-2.47495868347128	1.40800012282022
-0.623203514518812	0.152886975065438
-1.80012731460838	0.40572439661199
0.152059452718086	0.029590171141199
0.157056474373317	0.0303984095560313
-1.13345886337206	0.34828321496857
-0.343542423818443	0.10090975164114
-0.795812302828404	0.435649200388548
-0.0834244390560519	0.0509459353506953
-0.10884227542872	0.0736842896557573
2.26737689327002	1.75540740703067
0.157183531015342	0.0820203901783689
-1.16097456108296	0.997719387913407
-0.439522519141678	0.336885617960253
-1.26108334808434	1.76761447297288
-0.511366816252422	0.53545426489139
-0.537470518831401	0.207562491444942
-0.055367241408004	0.0241517220404016
1.03773179442616	0.400174057999191
-1.81672391556845	0.755139764558434
-0.348742022466301	0.10134765260469
0.95292022183415	0.255029382628136
0.162378104800928	0.0310834456145106
-0.624582031923329	0.153403426322781
-0.618737201948444	0.150559036504414
1.82361765344649	0.72436350636832
-0.725896158891892	0.253805951910148
-1.15134774785192	0.977791505553038
-3.753325756616	1.50774999821741
-0.340869162586215	0.0994476453021484
-1.0974483663632	1.05306904063177
-0.801146821649968	0.527936153572097
-1.285720620462	0.591171976837136
-0.316769502251675	0.147367554895356
-0.523171029238127	0.20323286573159
0.443555521774665	0.180587495247054
0.157056474373317	0.0303984095560313
0.14474970923973	0.0500449668198986
0.535592335827872	0.195337190866767
-0.347343651948862	0.100521829573696
-1.13074478212004	0.3459795805111
-0.344991553778112	0.100675971877677
-0.40057623276986	0.224146875766367
-0.244294230838379	0.122784005473751
-0.250537333314379	0.12413649106466
0.600038673522669	0.314651343605924
-0.335425878894416	0.199715081176944
-0.897456907714738	0.738203851489928
0.170688608168231	0.110439162585622
-0.103338362432702	0.0413731337778601
0.138828784295158	0.0603129016123432
-0.521340294511308	0.201416056002614
-0.8000586001053	0.523252388378634
-0.342366844950387	0.0999187527730966
-0.623203514518812	0.152886975065438
-0.623695063230009	0.152227657420805
-1.13384470910725	0.346451671342812
1.82059094101477	0.721982498513414
-0.343542423818443	0.10090975164114
-0.344718928168882	0.101170101330633
-1.51309151623221	0.544844714826084
-0.623203514518812	0.152886975065438
-1.48589808018751	0.763922199517563
-0.0967814521612491	0.0391025954476972
-0.996917080630793	0.504568445214349
-0.649495807204881	0.382581785954798
-1.03099524421992	0.416630331572939
-0.723081962585608	0.252158286122281
-1.43188423473536	1.71108272885529
0.569497422085371	0.442300750606022
0.163699144967461	0.0997689086584438
-1.09530574768716	0.749135642202657
-0.524252707979673	0.204085170600417
-0.724716701361779	0.253084880212333
1.45606145484126	0.491057209685398
-0.784354863717766	0.348739024629394
-1.13453748317733	0.348386420481102
-0.349006134070706	0.101786523630064
-0.624582031923329	0.153403426322781
-1.79522376365631	0.406159618358576
-1.33134022082076	0.84014355587348
0.143779754097762	0.061861631670445
0.598443984910803	0.444215034046331
-0.110582578351116	0.0438609485907791
-1.21941653434916	0.905596442682089
0.955828709456075	0.638619983336107
-0.400062396642448	0.170601933136714
0.538551115617472	0.443200772476425
-0.0612286720387767	0.026877933423787
1.0769023920958	0.6608228718525
-0.0950125539384563	0.0378468283069963
-1.27309304468258	0.570196241211728
-0.0272849889263056	0.0128807436273512
-0.523171029238127	0.20323286573159
-1.03213830307745	0.41395089545305
-0.343816891455429	0.0996962776646578
0.147142932159236	0.0509873558125847
-3.45656556517559	1.24745399482219
0.669700188276656	0.216836591054402
0.157631418222578	0.0304971390385879
-0.224047591747806	0.0740771018889209
-1.13492041310201	0.349384486959602
-1.79541110556836	0.406108159138969
-1.5154277743567	0.550652304944458
-1.52633186076186	0.546365949178753
-0.389916024094194	0.390907138888173
-0.513422695087155	0.386433970496152
-0.789583972299565	0.599636960099049
-0.530753817649992	0.325016063451982
-1.36306040101474	1.33894379961078
-0.985338636322953	0.500133304674995
-0.623203514518812	0.152886975065438
-0.347555636251828	0.100540132112443
-1.79522376365631	0.406159618358576
-1.48691192314698	0.767213175502713
0.158321872008447	0.03054890339565
-0.624582031923329	0.153403426322781
-1.27075464005352	0.57848691391232
-0.653449295514728	0.386413581204157
0.0299383143712906	0.0173856161475038
-0.236744104101206	0.154411744720215
-0.600356511665323	0.289225155580189
1.95342881681831	1.24524159122327
-0.341148977223838	0.204062975603347
-0.152853761050641	0.0561431158007139
-0.159231758079812	0.107177932854672
0.308693321327754	0.198106757761668
-2.29482001321703	1.19072357907657
0.141511958428034	0.0552197149692542
-0.616169916178124	0.496525143960125
-1.67982206327731	0.971940734338536
-0.35137798744179	0.102393082124341
-0.221549116887011	0.0733586886722837
0.860239357957583	0.626816141481066
0.157056474373317	0.0303984095560313
0.1588995276689	0.0306480879354901
-1.13345886337206	0.34828321496857
-1.13238101744968	0.345367402292769
-0.879959605538058	0.881551339228903
-0.504719035594604	0.454362277599796
-0.142332859823307	0.0796387750081957
-0.323001504357278	0.287180707305885
-0.947923863774204	0.580643244623318
-0.694922300995208	0.548442913150653
-0.532019147491516	0.206951811605764
-1.51940297937032	0.550464997835271
-1.52204266633328	0.552410388888373
-0.448198340720817	0.346053918528667
0.0678481324957468	0.0436886394534657
1.32970980115416	0.593918942315811
1.03674127319984	0.397936005636489
-0.811445451248888	0.530416793729394
-0.112981579701833	0.0665930271643486
0.317710227897388	0.204399214746419
-0.116929665157323	0.0684668877581307
0.167846042512584	0.0427707788849589
-0.316310059046716	0.146781636394902
-0.623203514518812	0.152886975065438
-2.57507908676252	0.680490038595289
-0.779201170961778	0.349669330011866
-2.34960121403694	2.11589203142947
-0.724832779293065	0.252803415831091
-0.623695063230009	0.152227657420805
0.157631418222578	0.0304971390385879
-1.81814593327299	0.757477944035012
0.172003388254653	0.043682446671818
2.75863284516271	0.79267969100207
-1.79541110556836	0.406108159138969
-0.163467328745319	0.141361837306781
0.358358153964321	0.328956557660053
0.402773439690014	0.330018864327183
-0.74288979682995	0.94144311377499
-0.290724615467157	0.209587595936337
-1.10956003395271	1.05741978853695
-0.98574962446969	0.963648927568536
0.166665409429558	0.112074260674727
0.778924261984815	0.600004293509671
0.12823512344285	0.0435677312515122
-1.79522376365631	0.406159618358576
-1.79522376365631	0.406159618358576
-0.62982953293132	0.153685936034785
-4.22462104324666	2.03717769948666
-0.395780694102311	0.415845081582307
1.14980810861158	1.40369347902333
-0.352824712262703	0.102155795737906
-0.517606566264528	0.199808951479653
-0.522420401816075	0.201298837276784
-0.40197192921813	0.274045396511073
-0.42803604789523	0.363724500207267
-0.275847749878399	0.170911973062358
0.951547874681655	0.253003737941398
-1.04597885960474	0.829085684805469
-0.344991553778112	0.100675971877677
-0.230870507498651	0.0758567367259122
-1.79522376365631	0.406159618358576
-1.80012731460838	0.40572439661199
-1.79522376365631	0.406159618358576
-1.79522376365631	0.406159618358576
0.165674434882817	0.0422257308822068
-0.385890027063036	0.334542960416675
-0.880541082264761	0.879546299576969
-0.664489181858509	0.720725661913084
0.132435974663498	0.106145224546458
0.0981000170476675	0.0713208885232332
-0.977722374931584	0.957414429502867
0.107087235344383	0.0775903505895696
-0.0612620775862489	0.0383379941035522
-0.397994445322623	0.272104703848203
-0.228358576380837	0.0754206022353645
-0.344991553778112	0.100675971877677
-2.28722169854347	1.18341425292792
-1.79522376365631	0.406159618358576
-0.618737201948444	0.150559036504414
1.9613717712777	0.470903909509444
0.157056474373317	0.0303984095560313
0.157819500886876	0.0479964018015095
0.0855457629591753	0.0594461090709993
-0.145543320832725	0.0821732118436934
1.8219271179281	0.726018448121517
0.668337249898722	0.213347782342272
0.141511958428034	0.0552197149692542
0.161902438504986	0.103484221446207
-0.223980455007761	0.186826534491924
0.293097622416513	0.22770342131381
-0.343542423818443	0.10090975164114
1.45351865984672	0.48998410568291
1.9613717712777	0.470903909509444
-0.219891936929736	0.0721747181158224
-1.79522376365631	0.406159618358576
-0.346338838256578	0.100875906320348
0.428302669105385	0.420495672011525
0.172937537003818	0.124008444976162
-0.0563821429667575	0.0511037711662135
0.455044600528236	0.548336604352175
1.23281210673259	1.46254796985304
0.376519223476468	0.3168094448124
0.651839538773897	0.457318913583171
0.605994942822663	0.454397470410293
-1.2849226802386	0.599119703841267
-0.234213426152454	0.0764831664456841
-0.624582031923329	0.153403426322781
-3.4678529199157	1.23374639672668
-0.785508781616843	0.7895726152954
-1.80012731460838	0.40572439661199
-0.628447709775194	0.153171179772782
0.1588995276689	0.0306480879354901
-0.200704369515626	0.154054084721376
0.911780300653801	0.995443460625131
-0.489933007524041	0.257650060848589
-0.110031457654421	0.0443954586121625
0.55025695166625	0.317256291320246
0.759183814636213	0.828496770226084
-0.4554810837637	0.350956743151716
-0.116393220390213	0.0825797130323602
0.95292022183415	0.255029382628136
0.171634472420616	0.0433572706368662
0.1588995276689	0.0306480879354901
-3.07880362658843	0.963967696821091
-0.401622268608077	0.170313069492288
-0.250997588162965	0.125631598703517
-0.403243587241213	0.171940245834555
-0.00730601467849617	0.003597862923283
-0.325610005433208	0.192216002141132
-0.142728801863565	0.0796987056351518
-1.10125717141554	0.751475720255083
-0.806844653504353	0.529322546748041
-0.920933343370272	0.663547291291887
0.440208643626581	0.180693389650481
0.1588995276689	0.0306480879354901
-0.350191590281639	0.102610881125832
0.668257563820224	0.216585127844403
0.156422543419747	0.0472980918883861
0.171634472420616	0.0433572706368662
-0.226067534394568	0.0743178756022403
-0.624582031923329	0.153403426322781
0.161531298453162	0.0847536400550679
0.851153687866744	0.770497270927828
-0.985662644063491	0.495341806816539
1.08329646092349	0.672533904507698
-2.46647774451274	1.39652014911916
0.849766421957194	0.769929086720711
0.658703071196993	0.588897872677038
0.014069967724134	0.00757947322265656
-0.51868407630511	0.200163120403029
0.152302890587119	0.0584167497035455
-0.530937280824717	0.206881451169038
-0.475349670675775	0.306724151800783
-1.00748040509573	0.889658867849288
-0.675117038993165	0.463797464319105
-2.91650744275912	2.1486634750317
0.141493790786818	0.0550477805246781
-0.249698797598927	0.125061037313346
-1.02734963908132	0.419609489752489
-0.806116185870791	0.753174627861798
-2.57507908676252	0.680490038595289
-0.619634069394611	0.151716324023864
-0.344718928168882	0.101170101330633
-4.71528190011283	2.84134931711485
-1.67909137424285	0.970946310477819
0.140893201685915	0.0542980878325411
1.05475345229322	0.519924754602443
-0.954441196854951	0.581217201591731
0.885609251775326	0.478802928495398
-0.548023141532668	0.342636621450542
-0.603535781604931	0.289090708603981
-0.346060326465522	0.206031196434641
-0.245664653826177	0.123583049318942
-0.52716563789531	0.2031226388227
0.673815739343564	0.215029182273907
-0.617596525121288	0.29977294715541
0.683264803449209	0.325356660226696
-1.2849226802386	0.599119703841267
0.165674434882817	0.0422257308822068
0.14474970923973	0.0500449668198986
-0.344718928168882	0.101170101330633
-2.47901201083613	1.41718241338633
-0.396643509279753	0.16828753711455
-0.991281042715763	0.504343648879804
0.439104823354277	0.180243926411834
-1.82349417803259	0.758718061977533
-0.52556727760428	0.203116503406994
-1.49303214997585	0.77905623883519
-1.02734963908132	0.419609489752489
-1.18145927127565	0.672197167795853
-0.804252813845186	0.528058225481118
-0.399918404222074	0.224388979639845
-0.79918248814112	0.441346449171317
-0.795812302828404	0.435649200388548
-0.320351263210626	0.148766932654297
0.597266790512768	0.44412040983721
-0.545063380497726	0.341411112008363
-1.84467984373074	1.1659299787002
-0.800603612591288	0.52681139842462
-2.127788188289	1.62149329141971
0.77897012106685	0.461615371934751
0.316991563540891	0.18853797129547
0.548953268552584	0.316553260610285
-0.14564639487038	0.0531476859436072
-0.698003525598045	0.54979417050238
-1.34545299700207	1.33166830479423
-0.157437172908733	0.0568114310757206
-0.494712487865512	0.259565320453938
-0.0008526450001835	0.00050506277942435
0.171264986779648	0.104081890674324
-0.292165579020733	0.208328057043745
0.143485312572304	0.0685249776870537
0.165674434882817	0.0422257308822068
-0.344718928168882	0.101170101330633
-1.03956100972855	0.416698220086428
-1.49303214997585	0.77905623883519
-0.151051448062873	0.0547396743953305
0.392107512033131	0.178955411268243
-0.624582031923329	0.153403426322781
0.1535714904589	0.0530493054972145
2.3601820726288	1.20246578423025
-0.492173020227202	0.260442987043894
-0.801648764972996	0.607449344704978
-0.0338454289119365	0.0158818617022385
1.0247084420734	0.952994201944833
0.891364536911075	0.487399461037792
1.26582577325764	0.71338648618966
-0.731525616406812	0.255525096859232
0.551612244420707	0.318341746473427
0.536735803605555	0.194401525839549
-0.217602968474122	0.072079936429114
0.14569794572577	0.0504060636924665
-0.402321330714336	0.171233810890718
0.43071536826386	0.323772840503369
0.148372886099156	0.05096482082674
-0.623695063230009	0.152227657420805
-0.723081962585608	0.252158286122281
0.675004256144304	0.217263152446952
0.436595521340101	0.177162504138766
0.391741880756504	0.179388671736555
-0.271339550009617	0.169247603661952
-1.8193202809442	0.7576566965492
-0.399169554741154	0.167724477273154
1.08065674607775	0.669857820843632
0.131149871723674	0.0506286875854585
-0.350725703958905	0.207745701184218
-0.155902383431885	0.0570607367530945
-0.62982953293132	0.153685936034785
0.000298836493448857	0.0000627060195452961
-0.291730937647346	0.211333258106222
0.363470100833978	0.183072809026953
-0.309198278125967	0.143464560573435
-0.154427656562561	0.056364447735585
-0.400023843460132	0.170877274666796
-0.0630933187038592	0.0275566992212886
-0.236361417848473	0.117342178642537
-0.988247677225602	0.498671913703251
-0.301712898077988	0.241708476036196
-0.318205862653551	0.147527411143433
-0.105536620672174	0.063352605654814
0.151174657025517	0.0727181583688147
-1.49536908622829	0.772165491031509
-0.224047591747806	0.0740771018889209
-1.28146249315438	0.593259852250037
-0.311238773868407	0.144906116820247
-1.03416549660249	0.42282126768722
-0.394705602565663	0.168162718287586
-1.22426291626598	0.906092016671703
-0.216459792863705	0.0716410349070388
-3.76202423087017	1.51342722555874
-1.82608962166886	0.760023550642785
1.01821570812277	0.942463527771143
-0.310996406138607	0.143562695862405
-0.0594947759017596	0.0261417215575998
0.152489836004519	0.052740500279662
-0.224253139168393	0.073796430498605
0.449628004907932	0.183665875664872
0.551612244420707	0.318341746473427
-0.347555636251828	0.100540132112443
-2.07265654167392	0.964136234463708
0.141933067675678	0.0609193209812035
-0.154080721580194	0.0564960500422514
-1.84150649712923	1.18063614088228
-0.781244282576763	0.349626790433742
-1.13492041310201	0.349384486959602
-0.779203760899974	0.345650713219134
-0.959364693466773	0.592447234675949
-0.528510789511083	0.205441902241372
0.44936059063263	0.182384243279582
-0.402590453974764	0.171076969115864
-0.104456645162201	0.0420315616456337
0.682284658274595	0.325724958712449
0.156634201293332	0.0476265114655575
0.166760634916841	0.0427859605507963
-0.00493714179544817	0.00247172871004682
0.356701466678588	0.179233666860878
0.936647351815908	0.61723266955029
1.59441851879833	1.67958723375723
-1.02568204260639	0.413936713360555
-1.09170703752237	0.73905815768154
-0.118579780827575	0.0695686464636277
-0.0931922532038919	0.0374990568584823
-1.47080390819675	1.29216404703261
-1.6744184646283	0.958159725009576
-0.943958986602641	0.570865625731211
-0.606357140574144	0.29471428256071
-0.0699647145598626	0.0306147841918201
-0.243001381592902	0.120719593622542
-0.435183668648768	0.331567963614652
-1.23511114615608	0.926207390456206
-2.11677403368895	1.5993347676891
-0.454183074914382	0.297419476186055
0.0513342876221152	0.0313654080423569
-0.467152328199615	0.304711839914889
-0.200653241667132	0.133485790790356
0.14888532272794	0.0711296354573192
-0.0677453907749047	0.029652546523512
-0.770428912026201	0.342532344758329
-0.350191590281639	0.102610881125832
-1.17691114313837	0.665912807230488
-0.571786680562404	0.40905845679952
0.600871377754176	0.549415009030295
-0.674385530551396	0.465548287852765
-0.10872641036116	0.0438528865909718
1.03535032731158	0.398385212491039
-1.17184777399493	0.660762715569933
-1.14655172561439	0.347944063488547
-0.623695063230009	0.152227657420805
-0.350454717877603	0.101552906153879
-0.342091382580869	0.0996589886024872
-1.81840613866815	0.751938577957193
-0.772809967855799	0.345229262622284
0.800800059503767	0.476346832490302
-1.13074478212004	0.3459795805111
-1.79522376365631	0.406159618358576
-3.75565007208521	1.51176851969756
-0.228575803073719	0.0755878378969254
0.441153686229378	0.180149564860552
-0.338232313416877	0.0987458905293902
0.161486408205213	0.0413117168731846
1.60519944209269	1.1080437086038
-0.218747016072675	0.0723005288061521
1.26987183816124	0.711993183004934
-1.46789564889223	1.01686719705666
0.789736979515387	0.61906585890529
1.39704549724018	1.07321225942324
0.0454005252657997	0.0276310438328097
0.0516520731624689	0.0294667311190845
0.164866751143337	0.100785907033296
-0.691154195217708	0.471111379987953
-0.799617090828297	0.516529082279174
-0.397491186233498	0.16766671813774
-0.980931195203726	0.496641378418941
-0.791779490251011	0.434953169027354
-2.79007853493313	1.91584005618772
-0.611971793664565	0.497058261257558
-0.0132097799390696	0.00875295809694818
-0.923710915894036	0.663936655558875
0.482323545996132	0.442086254378792
0.057485655904585	0.0351824997979839
0.509671377666147	0.435901649465964
0.546644571382709	0.449708582679244
-0.116904131177811	0.0678579492048272
-0.339885594562518	0.24159679496876
0.139259365168594	0.060398560145055
-0.403775238471339	0.170724190677562
-0.525335160168346	0.204442902704607
-0.724489220764226	0.25507339261849
-1.13599688789171	0.349486711323194
0.141817300323063	0.0551396791983983
-0.26879327169926	0.166487868869126
-0.19399064456043	0.128633206165701
0.183328274828255	0.135627842107955
-1.05480237107052	0.827753018888506
-0.661618726330823	0.390482358189854
-0.150458831228779	0.0551520014582941
-0.346338838256578	0.100875906320348
-0.344718928168882	0.101170101330633
-0.624582031923329	0.153403426322781
-1.13345886337206	0.34828321496857
-1.13238101744968	0.345367402292769
2.75734920342264	0.799800653832186
0.526282024246712	0.193593170961761
-1.16781048469993	0.662431108275816
-0.15305394996009	0.0561503783181607
0.157056474373317	0.0303984095560313
1.46403851792582	0.486432467057371
1.33756995234264	0.594090419401873
-0.773489905113118	0.345369609584891
0.157684215085786	0.0539834154501757
0.160792218592371	0.0848810459402872
-0.594641265574922	0.430837309950281
-1.98632418657019	1.39073325786942
-1.47924982788978	1.03661005018482
-0.299028513631326	0.215399442494097
0.0562960301429676	0.0342707864924889
0.784905752789029	0.604632780269148
-0.27258293601725	0.220312434754474
0.0842563743047728	0.058924943286928
0.924214303389726	1.0294207038968
1.15587545466228	1.28848491586612
-0.460450985712226	0.301461175991797
-0.608654506166266	0.295801754807353
-1.22596028859603	0.905998797490209
-0.103283906152693	0.0417627729270906
-1.13345886337206	0.34828321496857
-3.47188363391602	1.21825851918708
-0.121374565144548	0.0713756766446335
-0.296684831763233	0.21285985494708
-0.513488706669311	0.385007487277998
0.0345364250962785	0.0198892383665717
-2.03488965716314	2.10307460814755
-3.75681356070144	1.50692473174253
-0.727076542516005	0.253677508869169
-1.79541110556836	0.406108159138969
-1.27607477349888	0.58674220064956
-0.344718928168882	0.101170101330633
-0.624582031923329	0.153403426322781
0.156634201293332	0.0476265114655575
-2.57507908676252	0.680490038595289
1.45840207343894	0.489337286075825
0.954295652698446	0.253211023347385
1.32803391147169	0.592399691809221
0.166760634916841	0.0427859605507963
-0.350191590281639	0.102610881125832
-0.11108389899944	0.0649382392058661
-0.973721357616605	1.02140304507193
-2.47288040315215	1.40904572383091
-0.344882985175325	0.100433634159356
-0.16243050481856	0.111133047564546
-0.186609610638827	0.0994961224155361
0.25941456324921	0.21842881131422
0.354098539315569	0.176339444750759
-0.22753771261022	0.147065087792627
0.463240163670368	0.310063339238893
0.398103889241863	0.181475912925545
-2.79373566404	1.90494383009614
-0.937748750765572	0.673683600935539
-0.796310196237544	0.525521745763407
-0.304564907177179	0.139901468515588
0.676677467928914	0.320328293498265
1.26584737893857	0.710216411880407
-0.54746769798927	0.34122014045588
-0.774843523169183	0.346849078323959
-0.0695347745751546	0.0304385311438849
-2.0710366946981	0.965136621750708
-1.15299266282634	0.344747086158759
-1.68447768311588	0.975317439128556
-0.32328946580503	0.149067792224834
-0.983077627122339	0.497551274847704
-0.343542423818443	0.10090975164114
0.670918012354519	0.214260520333448
-0.159513824343925	0.0584877561943233
-0.798285388051764	0.441643287121973
0.149069581142614	0.0649019495188531
-0.631066766144517	0.151845703887312
-0.402275069733286	0.171940950121467
-1.83620649497849	1.61084758187211
-0.107794846959169	0.0434971903953803
-4.72979319841363	2.82566700324143
1.10790440646609	0.831814917408374
-0.216174517128402	0.161603070137635
0.0474083175478223	0.028948374280181
-0.0309507889866138	0.0202028283865371
-1.17143679472324	0.666916664569592
0.0200437120281355	0.0107943903868846
0.143004663465818	0.0624148196814049
-0.799591402117491	0.612659032561038
-1.29494811402234	0.588934051263512
-1.03416549660249	0.42282126768722
-1.82231749393078	0.757183848190581
1.05195142589729	0.514216487020453
-0.724832779293065	0.252803415831091
-0.154154862490974	0.0566375929839067
-0.771161508762355	0.34142138493375
-1.81579996036086	0.748722663220006
1.32286572889832	0.589041398137801
-0.227212618004882	0.0750820913651819
-1.13345886337206	0.34828321496857
0.153330488140151	0.0297415921897382
0.152230318137847	0.0526288187748188
0.14605644861433	0.0505224990642865
-0.521357579386442	0.199779658101577
-3.45549576669823	1.25034460620717
0.139259365168594	0.060398560145055
-0.14537069997032	0.0533503794450636
-2.64323735434802	1.66433982880443
-1.51940297937032	0.550464997835271
-0.724489220764226	0.25507339261849
-1.69073887344025	0.9721554495193
-0.146667709227714	0.0538386221135798
-1.22706061392718	0.91094385809702
-0.219259833165648	0.0720995324237527
0.670883773275737	0.21573252817249
-0.23449020184595	0.115557003070806
-0.411664432753084	0.174712199941108
-0.103712485568317	0.0417617897564468
-0.200289725776876	0.106538392838371
-1.83595929786627	0.745622609241336
-0.222901125507273	0.07385839070143
-0.338511026319061	0.0982184054411285
0.67114469411031	0.215490092261742
-0.623203514518812	0.152886975065438
-1.12965913036419	0.345874034206289
-1.51659726126421	0.549787550108874
-0.623203514518812	0.152886975065438
-0.622314221648084	0.151717296808394
0.158321872008447	0.03054890339565
-0.624582031923329	0.153403426322781
-0.108907137656202	0.063800665890391
-0.289705810936492	0.180183450103096
-1.34293348730356	0.849610624937348
-0.388266634072404	0.264989628970001
0.361781336271678	0.180680494518859
-0.318549134966768	0.147968784491397
-0.622314221648084	0.151717296808394
-0.344718928168882	0.101170101330633
-3.45335843018676	1.237143568277
0.158321872008447	0.03054890339565
0.158933943506847	0.0404964559262667
-1.80012731460838	0.40572439661199
0.157631418222578	0.0304971390385879
-3.07968455989498	0.963635125148535
1.45641688249062	0.4860389300833
-1.5208643075246	0.552186247107342
-0.730123386031477	0.256802322226565
-0.150032806760901	0.054468561489925
-0.946025261554305	0.562716805774794
0.293435441827568	0.199298490307259
-0.526650659515288	0.203472876208068
-0.766066401836195	0.339460746888884
-0.792739392492329	0.43822311586467
-3.07880362658843	0.963967696821091
2.76088021610819	0.795949787637318
0.158321872008447	0.03054890339565
-0.624582031923329	0.153403426322781
-0.107794846959169	0.0434971903953803
0.165310764697054	0.0422104497686673
-0.462498817932017	0.427397783706037
-0.393913690112503	0.218980946648309
0.159324697367292	0.047751336687268
-0.615902880476494	0.30174608006186
-0.419591835649686	0.234680566667274
-1.17961029345291	0.671329585647653
-0.537470518831401	0.207562491444942
0.950654218295308	0.25253240285929
1.83675378520823	0.711719509314928
-0.408884415801583	0.172491208751215
0.957871568697817	0.254705443855955
-2.57994643475892	0.682934722662173
0.157631418222578	0.0304971390385879
0.158321872008447	0.03054890339565
-0.0630933187038592	0.0275566992212886
0.32558677272149	0.176800187131973
-0.222901125507273	0.07385839070143
-0.3976694544997	0.222587509115072
-1.99062616754785	1.38571114144033
0.326417016207835	0.195158078397722
-0.664645462659416	0.387530417454653
-0.778919093445955	0.349025831228475
-0.109470617206098	0.044027646042491
-1.82585028564619	0.752597954911243
-0.99160532010116	0.505778587229041
-1.49405984175204	0.774060190816805
0.170541995167361	0.0433725109405701
-3.07968455989498	0.963635125148535
-1.51425919312654	0.549483381615373
0.956487790679547	0.25443416057231
0.166760634916841	0.0427859605507963
-0.53335946692924	0.205976990726238
-0.223107034277154	0.0733562917803985
-0.623695063230009	0.152227657420805
-0.618737201948444	0.150559036504414
0.166760634916841	0.0427859605507963
-0.228358576380837	0.0754206022353645
-0.220404038835599	0.0729168656391525
0.305170420617027	0.178675063596001
0.570680004735418	0.452552388109848
-0.38966576760177	0.164314321058485
-0.154427656562561	0.056364447735585
-0.623156660287684	0.302859659037306
-0.282401174634692	0.176997895007529
-0.180685974752841	0.0956833064813569
-0.52305527712639	0.201845077333667
1.3257228169597	0.589995290446957
-0.720373042249908	0.25096406524236
0.16183898726961	0.0410563761793581
0.165310764697054	0.0422104497686673
-1.05040829964468	0.828134049963081
-0.792739392492329	0.43822311586467
0.371284988662707	0.185649237931921
1.33274189079929	1.38668754193919
-3.03490154410042	2.40065373398543
-0.243001381592902	0.120719593622542
-0.404212718949396	0.171224058960615
-0.0695869674319463	0.0299181502258913
-1.51279643757503	0.547771213649107
1.45351865984672	0.48998410568291
-0.104826688132408	0.0418100237199983
-0.779482358873567	0.346278490161475
-0.623695063230009	0.152227657420805
-1.84642682322121	1.17201685304555
-0.612145438014205	0.297697819633693
1.364498125795	1.23852697419604
-0.677761046656701	0.468472844534406
1.77773285060134	1.00529798312454
-1.67789070544396	0.974287435452963
-0.521340294511308	0.201416056002614
-0.106270964938309	0.0427461928777631
-0.223841895221851	0.0734441381837248
0.507180647534491	0.317351826758915
0.339726117165447	0.18762243616706
0.145837129647114	0.050508335078259
-0.658006465429864	0.389538877635428
-0.521357579386442	0.199779658101577
0.161486408205213	0.0413117168731846
0.159003857627083	0.0480265128738231
0.950654218295308	0.25253240285929
0.433479902651479	0.177093447889082
-0.623203514518812	0.152886975065438
-0.624582031923329	0.153403426322781
0.143277210472495	0.0493154830389871
-1.13492041310201	0.349384486959602
-0.779201170961778	0.349669330011866
0.157631418222578	0.0304971390385879
-1.28063049074862	0.590967255795044
-0.344882985175325	0.100433634159356
-4.0042435470187	1.77262287616576
-1.27289941916576	0.585707177565299
-1.60856925108941	1.23302721698362
-0.659380136020973	0.390833428315178
0.897130821169823	0.48492850799564
-0.105896210867058	0.0428361430019344
-0.49806798944896	0.261507281392849
-0.623538745692501	0.300790820662005
-0.0685804294100258	0.0298111858238724
-0.0726350214844803	0.0316792602158844
-0.721783751651319	0.251597360149973
0.664228257408103	0.213358767976231
-0.805246236628935	0.442229022386662
0.035488873084758	0.0205295104606998
-1.68015977209059	0.965899692694998
0.291460534242149	0.20813852391297
0.684244863758359	0.325476385061808
0.139432279957111	0.06034234287435
-0.613230987946319	0.295095998747439
-0.781244282576763	0.349626790433742
-1.3239146620002	0.827706152568592
-0.342366844950387	0.0999187527730966
0.156253147558054	0.059692342804996
-0.267475359604557	0.165694440847435
-0.161090263698397	0.110051258217717
-0.514734323140982	0.472796353651787
-0.539017245154879	0.447233021685069
0.55025695166625	0.317256291320246
0.00310402164711339	0.00139118901222821
-0.936023319874961	0.678727684261141
0.155817397908545	0.0887781105898938
0.149315858131757	0.0721015100093893
0.439949152229908	0.180027197422973
-1.68447768311588	0.975317439128556
-0.341002762168823	0.0982461131229737
-2.57393942994101	0.680804613621979
-3.07968455989498	0.963635125148535
-0.346167140140093	0.100935083264355
0.673553513601153	0.218109822226041
0.157056474373317	0.0303984095560313
-0.727539282821169	0.251965799561326
-1.13453748317733	0.348386420481102
0.951547874681655	0.253003737941398
0.157656028229457	0.0474930202178279
-1.55488849006585	1.46880830921932
-0.101848527109922	0.0410558052055211
-1.16728896783612	0.664058274951813
-0.151756236463228	0.0557391336018927
-0.194161867954968	0.129913375457845
-0.220610815050773	0.0725929304678882
-1.51513633099547	0.548077569901583
0.165310764697054	0.0422104497686673
-0.221549116887011	0.0733586886722837
0.157631418222578	0.0304971390385879
0.688877030928177	0.326451890342037
-1.16867706242406	0.665203149311039
0.393608602810428	0.180020414433707
0.954071954572136	0.644682360209329
-0.404369817740413	0.319227912541116
0.95292022183415	0.255029382628136
0.151147710779537	0.0523193888171726
0.157631418222578	0.0304971390385879
-2.57450915234243	0.686119713628322
-1.13074478212004	0.3459795805111
-1.79541110556836	0.406108159138969
-2.57507908676252	0.680490038595289
-0.888890525452925	0.811075216880265
-0.608399480165543	0.632788705715905
-0.398810265981972	0.273692906619184
0.160033282133955	0.0407505791232416
-2.57393942994101	0.680804613621979
0.0618042692482725	0.0378061466240139
-0.622314221648084	0.151717296808394
-0.62935300969794	0.153342878403685
0.1588995276689	0.0306480879354901
-0.623695063230009	0.152227657420805
0.164226724221899	0.0416602681945232
-0.724716701361779	0.253084880212333
-2.57393942994101	0.680804613621979
-0.0666674233104731	0.0416663541977052
0.103826683823849	0.0775888562271792
1.53995155770906	1.30173574353108
-0.342091382580869	0.0996589886024872
-0.605379222263032	0.29288901158486
-1.09806924174101	0.74589888474589
-0.642455123134564	0.618571222294036
0.163094953310193	0.0494223382636678
-1.79522376365631	0.406159618358576
0.152059452718086	0.029590171141199
-0.727420399689634	0.25376364736154
0.150783671583358	0.045388108777533
-0.791328893322491	0.433508814474072
-0.14881001094086	0.103869003873926
-0.20968366752983	0.218875439314841
-0.643680846228136	0.619304296343934
-0.323086435949256	0.18819653021749
-0.943436925568464	0.567403244615759
0.172003388254653	0.043682446671818
-3.07968455989498	0.963635125148535
-2.57393942994101	0.680804613621979
0.157631418222578	0.0304971390385879
-2.57393942994101	0.680804613621979
-1.35810636600495	1.34220346815958
-1.27905758495459	0.587732170706994
-0.62935300969794	0.153342878403685
0.954295652698446	0.253211023347385
-0.249491309257451	0.182602593175388
-0.223107034277154	0.0733562917803985
-1.1412609968196	0.35088828313214
-2.57450915234243	0.686119713628322
0.153330488140151	0.0297415921897382
0.168213647836342	0.0427717891925395
-0.345896359412486	0.100748738523468
0.158321872008447	0.03054890339565
-0.503041829102824	0.373889728335774
0.434943557644987	0.304803407559349
-0.141299571448262	0.0514880255645158
1.06937027967994	0.529192518985335
0.52881447988413	0.192259921579154
-0.698625879537306	0.546350689691565
-0.692703751511405	0.544137209478227
-0.218965144969334	0.0721608079673242
-0.729903352754239	0.254204229928182
-0.155379670574677	0.0565938569368348
-0.147225479643516	0.0827505874784438
-0.140961294710449	0.0788449202305625
-0.624582031923329	0.153403426322781
-1.79541110556836	0.406108159138969
-0.623695063230009	0.152227657420805
0.846994349876875	0.765446630144823
-2.57507908676252	0.680490038595289
-1.12965913036419	0.345874034206289
-0.636023364439912	0.153505134692002
-1.13453748317733	0.348386420481102
-1.81723120178019	0.746143098074776
-1.79522376365631	0.406159618358576
-1.80012731460838	0.40572439661199
-1.79522376365631	0.406159618358576
-0.344718928168882	0.101170101330633
-1.79522376365631	0.406159618358576
-0.624582031923329	0.153403426322781
0.152059452718086	0.029590171141199
0.157631418222578	0.0304971390385879
0.162378104800928	0.0310834456145106
-0.0143384578225291	0.0094912148054323
-0.0316849634120194	0.0203862384498528
0.157446713573225	0.0474765777179273
1.81528500911609	0.718315014080265
-1.82373483340545	0.759520768730619
1.03173836876265	0.964715801584105
0.187132355652235	0.118875713330293
-1.64320176662156	1.6529569831528
0.1588995276689	0.0306480879354901
-0.67461099322759	0.386935621352507
-2.57450915234243	0.686119713628322
-0.307264713681679	0.246588333273234
-0.00847402565743819	0.00417198619830687
-1.79541110556836	0.406108159138969
-1.16320090675563	0.660558799872326
-0.630732478411191	0.153857382309032
0.954295652698446	0.253211023347385
-0.00550806012884872	0.00275388086346075
-1.13183121902567	0.343499645696538
-2.57450915234243	0.686119713628322
-3.77253412317632	1.48041623255719
-1.79522376365631	0.406159618358576
-1.22621235809882	0.90937399697894
-1.13074478212004	0.3459795805111
-2.57936018855439	0.682903044011602
-1.51434599764084	0.542729122624605
0.668257563820224	0.216585127844403
-0.251465968961058	0.161052752450635
-0.191933132498703	0.128292905722923
0.526282024246712	0.193593170961761
-0.343542423818443	0.10090975164114
-0.246853142038242	0.181316357640365
-0.609978509171027	0.493845465451632
-0.460448782775644	0.302999760038651
-0.343268806146835	0.0999183449449793
0.167846042512584	0.0427707788849589
-0.809178639901377	0.528288506010068
0.042432704427021	0.034449685224062
-0.16178070745322	0.0905827312633824
-0.686638523531769	0.538490320024974
0.504383645978654	0.31476391667097
-0.202410705701197	0.134846124804322
-1.00997261624995	0.898636271359309
1.27368750705961	0.716523869303498
-0.155902383431885	0.0570607367530945
0.166760634916841	0.0427859605507963
0.951547874681655	0.253003737941398
-0.642350660649089	0.37468975982962
-0.624582031923329	0.153403426322781
-0.625469527156518	0.152450282737538
-1.79541110556836	0.406108159138969
0.956487790679547	0.25443416057231
-1.29064108720869	0.587228918280514
-1.13599688789171	0.349486711323194
-0.223224030014746	0.0737859552848937
-2.57450915234243	0.686119713628322
-1.79541110556836	0.406108159138969
-0.623695063230009	0.152227657420805
0.157631418222578	0.0304971390385879
0.954295652698446	0.253211023347385
-2.0678734357667	0.955680313656345
-0.622314221648084	0.151717296808394
-1.79541110556836	0.406108159138969
0.143442480029693	0.0493026399445763
-1.13345886337206	0.34828321496857
-1.51009345022257	0.545190528961888
0.141317539295459	0.0611617340611498
-2.78509322675016	1.8942632167558
0.786905788954867	0.616011270516152
-0.73248982751734	0.255921070717602
-0.342091382580869	0.0996589886024872
-0.399062007135857	0.224201647726767
-1.89773497949984	2.2576864650186
-0.0314415315633269	0.0147539454851235
-1.13492041310201	0.349384486959602
-0.490275293657144	0.25601408599492
0.896175087079442	0.488595900973691
0.670883773275737	0.21573252817249
0.785925346443422	0.469707825101936
-0.0699541448396107	0.0518211253697886
-0.88671652304079	0.790715772923556
-1.3411972388086	0.840546128993023
-0.471142981431476	0.391668127623446
0.314668009305362	0.201206676010623
-0.713671090069767	0.621377036396016
0.652149515533655	0.456481835965955
-0.529590931055547	0.206114530882042
0.156870014938372	0.053431644880589
0.706535673683531	0.456439721894018
-0.726850409013166	0.253447860915049
0.157631418222578	0.0304971390385879
-0.618737201948444	0.150559036504414
-2.57507908676252	0.680490038595289
-0.350191590281639	0.102610881125832
0.1588995276689	0.0306480879354901
-1.52204266633328	0.552410388888373
-0.620531475305306	0.150785249491411
-0.779203760899974	0.345650713219134
-0.221755533699252	0.0734151122801483
0.1588995276689	0.0306480879354901
-0.524252707979673	0.204085170600417
-0.623203514518812	0.152886975065438
-0.732870023286148	0.25233178452616
0.171634472420616	0.0433572706368662
-3.08381588002162	0.95918852957187
1.46403851792582	0.486432467057371
1.4531651131754	0.486692367864221
-0.343268806146835	0.0999183449449793
-1.51822461727644	0.546437377819713
-0.496157944779727	0.262273072035715
-1.0505263558921	0.829480989424586
-1.79522376365631	0.406159618358576
-0.701561813176647	0.552075953969939
0.151884935157784	0.0649431197397335
-0.397350606624816	0.223001335635329
-0.150361021719811	0.0848713343452024
0.320623970598358	0.19015430248383
-1.32705014469648	0.83546996186503
0.0546358911562124	0.0332298930934709
-0.150814210638223	0.0550507802852116
0.141669767450459	0.0617166337329967
0.364457584306451	0.183699430200832
0.151212940315606	0.058282180739669
0.165674434882817	0.0422257308822068
0.1588995276689	0.0306480879354901
-1.79522376365631	0.406159618358576
-0.989347254003255	0.503518651055263
3.26595066981528	1.12514815365216
0.157446713573225	0.0474765777179273
1.9613717712777	0.470903909509444
-1.79522376365631	0.406159618358576
0.157631418222578	0.0304971390385879
-1.13599688789171	0.349486711323194
-2.57450915234243	0.686119713628322
1.9613717712777	0.470903909509444
0.173098035606419	0.0436660682371104
-1.80012731460838	0.40572439661199
-2.57450915234243	0.686119713628322
-0.31249067846186	0.144812647504751
0.158321872008447	0.03054890339565
-1.0248480889871	0.413348830270468
-1.5154277743567	0.550652304944458
-1.13489929940895	0.345152634599563
-1.13561687794397	0.345868911390132
-0.342366844950387	0.0999187527730966
-1.03416549660249	0.42282126768722
0.169301214921532	0.0427592743769238
-0.278233903917839	0.197752440070182
0.791218123052512	0.474563404946813
-0.799973686430288	0.745814408598218
-0.520260957272751	0.201061026298512
-0.495797629209335	0.260776689753514
-0.987277387274776	0.500103584989742
-0.499840950070283	0.263459811156576
-0.394705602565663	0.168162718287586
-0.221549116887011	0.0733586886722837
0.439104823354277	0.180243926411834
-0.054053927748592	0.0237463966211068
0.000697111482055701	0.000237621073237123
-0.589567623679819	0.427017137028069
-1.00962808827699	0.895962381465937
0.0798069777481466	0.0557177104553192
-0.113082937566282	0.066474609429693
-0.340568363611405	0.204021694789091
-0.647330640616235	0.380139000488506
0.614777339867459	0.320659084020546
-0.0253797147509785	0.0120390670793927
-0.0274731149373824	0.0130180256919096
0.148668435614208	0.0509171780296591
-0.768390647702962	0.343134946307021
0.31303123233097	0.199977286234319
-0.346167140140093	0.100935083264355
-1.29279308439871	0.592795795204863
1.26178287543093	0.70565851418639
0.661593536121753	0.212650522521367
-0.339689629328073	0.0991873938654728
-1.13492041310201	0.349384486959602
-1.67779059840576	0.969467161480293
-0.337052788373784	0.0977805881937846
0.1472747461492	0.0565989752127877
0.16183898726961	0.0410563761793581
0.156605756480995	0.0536780455606234
-1.13599688789171	0.349486711323194
-0.350454717877603	0.101552906153879
-0.227212618004882	0.0750820913651819
-2.07668472925752	0.970984741633118
-0.0340239160928376	0.0158852276398301
-1.27637405814093	0.587410974675774
0.14605644861433	0.0505224990642865
-0.767372534252304	0.342433422022686
-0.14297950787774	0.0802262658630257
0.789000602360943	0.473725876610425
1.09070410228008	0.668991240577518
-0.0995695005424182	0.0402661500676422
-0.303825143806598	0.140133846478748
0.00353473216681608	0.00159410677900011
-0.771446747272178	0.344605745740912
0.157819500886876	0.0479964018015095
-1.13489929940895	0.345152634599563
-1.81555072674751	0.752836446371321
-1.16913118745149	0.668649743957299
0.14816772814011	0.0644268413535071
0.390443247621029	0.178397090313838
-1.06396774647769	1.10944790545419
0.949589299456448	0.641108919878855
-0.609908405157597	0.297681507668352
-0.338357399891821	0.20106563765615
1.23627371224971	1.0164170888534
-0.930129086717443	0.674666733741033
-0.0884404508273736	0.0536249148443729
-0.805246236628935	0.442229022386662
0.356652116259254	0.180275729723797
0.608805332902391	0.320326920749647
1.3930767954127	1.05897390015358
-0.799705902782882	0.439721063657256
-1.0271278658152	0.415065471794964
-0.187360789720056	0.0997421123689418
-0.151540264597381	0.0553347237091548
0.673815739343564	0.215029182273907
1.44969992073046	0.485973419912067
0.518122946273838	0.189782716405237
0.666816815995216	0.214564732832008
1.45875777005853	0.49161470941807
-0.520260957272751	0.201061026298512
-0.343268806146835	0.0999183449449793
0.150987968499307	0.0459422956002911
-0.623203514518812	0.152886975065438
-0.719426085672194	0.251004789565613
-2.64384670302308	1.65437564354698
-1.02454205705902	0.414665056409594
0.542627085215256	0.307391945679069
0.137924384639589	0.059899749683941
0.38860834613429	0.175332276458239
-0.0599736137601478	0.0263087379336249
0.152182018060155	0.0588064306288629
-0.0585881260780501	0.0257772170695736
-1.16999563374531	0.659936936355548
-0.148065681041619	0.0835684157228997
0.684244863758359	0.325476385061808
-0.792224940859056	0.669292277337116
-0.304275976449234	0.13993996781279
-0.150731092427451	0.0552708638941148
-0.775860303324651	0.344559243650093
-0.227212618004882	0.0750820913651819
-0.149735794643364	0.0548714666208697
-0.249698797598927	0.125061037313346
0.174329507865373	0.105271764206779
-0.658514062827539	0.390640002430124
0.143797561617507	0.0750167042946735
0.77947678165599	0.596603585090425
-0.649883901043627	0.377648764993215
-1.83145318791219	1.609590495669
0.0760775671705162	0.0484569830169902
0.0729272804372571	0.0468230172779224
1.065040484914	0.526179950612369
-0.188254839071857	0.0997329540485251
-0.403881451196536	0.223330724659749
-1.23282791950633	0.92456274397836
-0.391803344287809	0.165224048238706
-0.224047591747806	0.0740771018889209
0.959897679941528	0.646451917837218
-1.51396593073936	0.54893460092185
0.956487790679547	0.25443416057231
-0.343542423818443	0.10090975164114
-0.728720853151402	0.253878074388838
0.168213647836342	0.0427717891925395
-1.03416549660249	0.42282126768722
-0.623695063230009	0.152227657420805
-1.13710196565356	0.345665576379782
0.668257563820224	0.216585127844403
1.45606145484126	0.491057209685398
0.142932199282946	0.0493789142388318
-1.13870450738851	0.347544729295153
-3.07880362658843	0.963967696821091
0.157631418222578	0.0304971390385879
0.1588995276689	0.0306480879354901
0.157631418222578	0.0304971390385879
-0.149735794643364	0.0548714666208697
-0.343268806146835	0.0999183449449793
-0.525335160168346	0.204442902704607
-0.115333622881551	0.0676965133089736
-0.402719659826315	0.225205451900058
-0.584217320184071	0.425168653528225
-0.698106345394235	0.651223784175406
0.0848907192368134	0.0593422369690239
-0.791308761159401	0.666921497381678
-1.13384470910725	0.346451671342812
-2.07824596419039	0.95797034212479
0.157631418222578	0.0304971390385879
-3.07968455989498	0.963635125148535
-1.13492041310201	0.349384486959602
-0.608654506166266	0.295801754807353
-0.246960465635327	0.122951947633052
-0.503013264027738	0.262839745483478
0.0313418082302964	0.0181959496963614
0.89282969945444	1.19415607494782
-0.104683325047492	0.0736391477130877
1.0973038222271	0.814439756941046
0.31062052848673	0.321881993914572
0.174368113508792	0.0991127430064378
0.285564588673309	0.220880473945732
-0.391116653681781	0.215758866183251
-0.216459792863705	0.0716410349070388
0.141669767450459	0.0617166337329967
0.173098035606419	0.0436660682371104
-0.114120071215955	0.045631257644378
0.668515656075028	0.214587613419762
-2.28065273284927	1.17513620852143
0.165627026668308	0.0419540958394552
-0.348742022466301	0.10134765260469
1.96025897070573	0.471212877436839
-1.80012731460838	0.40572439661199
-0.338232313416877	0.0987458905293902
-1.79522376365631	0.406159618358576
-0.346338838256578	0.100875906320348
-0.625469527156518	0.152450282737538
1.45986014199587	0.492707629107706
-0.988381267853531	0.501509114486411
-0.625469527156518	0.152450282737538
-0.216233327172033	0.0712426822696432
0.1588995276689	0.0306480879354901
-1.51630763969088	0.544062441384991
2.35481657035742	1.20953636231127
1.45351865984672	0.48998410568291
-2.47597365727053	1.41649919681167
-1.51425919312654	0.549483381615373
-3.46164602167476	1.25116087441461
-1.98679922322912	1.39257292057776
-0.771161508762355	0.34142138493375
0.442978582599905	0.181030757263294
0.142221521694413	0.061628906747354
0.355862801893773	0.17852794265263
1.57015137982675	0.798112285981421
-0.528510789511083	0.205441902241372
-0.622314221648084	0.151717296808394
1.82604050116992	0.728003309996437
-1.33039771477392	0.829511222811162
1.2392401002155	0.848734365182851
-0.989308118058508	0.494728600673855
0.89359241544491	0.489399291828786
0.526282024246712	0.193593170961761
0.497372831976353	0.312127650384131
-0.39646423351523	0.271341792178728
-0.314290432830251	0.14538440325599
-0.0247046779356506	0.0116874136271684
-0.221503683373137	0.0718897748656422
0.151013318550421	0.0652682302632808
-0.993542096871066	0.504527570705398
-0.980931195203726	0.496641378418941
0.137449756167167	0.0590805032730801
-1.13561687794397	0.345868911390132
0.165310764697054	0.0422104497686673
-0.351639245332709	0.102368245698131
-1.5205822622307	0.550689829164133
0.159429495883294	0.0480039803018655
0.157631418222578	0.0304971390385879
0.158321872008447	0.03054890339565
-0.623695063230009	0.152227657420805
-1.80012731460838	0.40572439661199
-2.57507908676252	0.680490038595289
-0.730123386031477	0.256802322226565
-1.82373483340545	0.759520768730619
-3.08381588002162	0.95918852957187
-1.13453748317733	0.348386420481102
0.165310764697054	0.0422104497686673
-1.80012731460838	0.40572439661199
0.165310764697054	0.0422104497686673
0.664228257408103	0.213358767976231
0.149799062385088	0.0453698747948897
0.166760634916841	0.0427859605507963
-0.223224030014746	0.0737859552848937
0.360374637904446	0.182212162425847
-0.000860768139577752	0.000509115221712767
-0.261148667808008	0.127051617664544
-0.612526086319614	0.500613303429018
-0.344991553778112	0.100675971877677
-0.146391767834071	0.0538121497783544
0.157056474373317	0.0303984095560313
-3.75565007208521	1.51176851969756
-0.406116792087304	0.167746739321626
0.00410663367315279	0.00189252792103274
-0.243058908144267	0.121715056368332
0.293230462907883	0.184195308813512
0.541550209987404	0.446491779477367
0.385952021649203	0.175278906002336
0.0285356994043984	0.0165564808382501
0.00641779123054889	0.00366992710479965
-0.658064184649981	0.389283199687688
-0.271440581071263	0.167944293444656
-0.796492732822975	0.440016898177705
-1.13599688789171	0.349486711323194
-0.619073655239766	0.301779895444603
0.669534861874203	0.213802346782005
1.9613717712777	0.470903909509444
0.152380753568528	0.046289512415668
0.167125285140998	0.0422176691573725
-0.623695063230009	0.152227657420805
-0.344718928168882	0.101170101330633
-1.79541110556836	0.406108159138969
0.164278215865622	0.0494439084469955
-1.28294942166313	0.590802370027177
-2.57393942994101	0.680804613621979
-0.625469527156518	0.152450282737538
-3.45947707291401	1.2418726498034
-0.0920633009777105	0.0671648828329666
-0.990960610501241	0.499253373185024
-0.342366844950387	0.0999187527730966
1.45751263669544	0.916020606865666
-1.26156785421828	1.31021870205918
-0.344953397804581	0.244945439779803
0.645451207903808	0.578602533043343
1.45641688249062	0.4860389300833
-1.81814593327299	0.757477944035012
0.1588995276689	0.0306480879354901
-1.51822461727644	0.546437377819713
-1.79522376365631	0.406159618358576
0.141511958428034	0.0552197149692542
1.45875777005853	0.49161470941807
-0.489748095706707	0.412391364717519
-0.596021117932748	0.636082201990524
0.491810053145366	0.436218520133156
1.57412938648184	0.799431649536959
-0.16901057278841	0.115780065554938
0.147117923179615	0.0703212822493631
-0.462152195688729	0.354626499216808
0.42061962980046	0.316230385554458
-3.07880362658843	0.963967696821091
-2.0690075220274	0.964066831655007
0.157056474373317	0.0303984095560313
0.445560224599644	0.181515824529349
-0.402275069733286	0.171940950121467
-0.618737201948444	0.150559036504414
0.165674434882817	0.0422257308822068
-2.57936018855439	0.682903044011602
-1.13238101744968	0.345367402292769
3.27104261465895	1.12081379847629
0.1588995276689	0.0306480879354901
-1.79541110556836	0.406108159138969
-3.09067833077447	0.953722139535711
-0.624582031923329	0.153403426322781
-0.475297360067894	0.398917114404597
-0.236552298713246	0.178948362236458
0.668515656075028	0.214587613419762
-0.623695063230009	0.152227657420805
-1.17546549189862	0.663156073603491
0.462113660410592	0.309940360152446
0.00524891080407626	0.00302106986915517
0.598110465290249	0.443463313129447
-0.624582031923329	0.153403426322781
0.157056474373317	0.0303984095560313
1.03932317999806	0.399473022199737
-1.18008778077496	0.663075503822871
0.445560224599644	0.181515824529349
-0.41390349766237	0.23298604673533
-0.856011470948811	1.3414092718862
0.375803583753441	0.316289356017039
-0.0625638357828251	0.0274004927370702
-0.28662981756374	0.271113004454048
-1.16544384714718	0.65786891195934
0.0869883210568658	0.0608809341777869
-0.469992295961304	0.309921241911485
1.83257706012935	0.724518454155819
0.144340801616269	0.0629736658109237
-1.79522376365631	0.406159618358576
-2.57393942994101	0.680804613621979
1.38721909658291	1.06159766663723
-0.623695063230009	0.152227657420805
-1.79541110556836	0.406108159138969
-3.07792320695436	0.955710221735997
-2.57450915234243	0.686119713628322
0.157631418222578	0.0304971390385879
-0.623695063230009	0.152227657420805
2.76088021610819	0.795949787637318
0.169301214921532	0.0427592743769238
-1.51659726126421	0.549787550108874
0.157056474373317	0.0303984095560313
-1.80012731460838	0.40572439661199
-0.624582031923329	0.153403426322781
-0.350454717877603	0.101552906153879
0.0688797299694415	0.0461629864404758
-0.222901125507273	0.07385839070143
-0.622314221648084	0.151717296808394
-0.0694089325841831	0.0434163086122207
1.22050758692935	1.29805973175847
-0.0250516153788749	0.0119128852548162
-0.349006134070706	0.101786523630064
0.161791665747346	0.0309826798878848
-3.45549576669823	1.25034460620717
0.95558416772101	0.253955285085994
0.810139019637964	0.344021971482578
-2.57450915234243	0.686119713628322
0.289301014545894	0.212643870563765
-0.286990110844808	0.293123416492331
-0.0811760666626419	0.0491791532997199
-0.11040300185585	0.0444760204878545
-0.879069495315172	0.878272648665449
0.820802984359414	0.348949640794829
-0.130508507515579	0.0906338552347624
0.339354713149442	0.187443107126186
1.96025897070573	0.471212877436839
-0.338232313416877	0.0987458905293902
-0.623695063230009	0.152227657420805
1.10712735976733	0.831823077227146
0.667073956986921	0.214335437648368
0.166394015894957	0.0421995715384941
-0.62409333671727	0.15194082521988
-0.623695063230009	0.152227657420805
-1.79541110556836	0.406108159138969
-2.57994643475892	0.682934722662173
0.950654218295308	0.25253240285929
-2.57507908676252	0.680490038595289
-0.346073388722937	0.100232951232175
0.1588995276689	0.0306480879354901
-1.79522376365631	0.406159618358576
-1.12965913036419	0.345874034206289
-1.79522376365631	0.406159618358576
-1.80012731460838	0.40572439661199
-3.07880362658843	0.963967696821091
0.165310764697054	0.0422104497686673
1.03634162491416	0.3991693364154
-2.57450915234243	0.686119713628322
-1.13492041310201	0.349384486959602
0.161791665747346	0.0309826798878848
0.149187209143483	0.0446186625033022
1.9613717712777	0.470903909509444
0.44123842978774	0.180936747631182
-0.2470431097728	0.205587893225986
-0.301875265080496	0.138732712230969
-0.340869162586215	0.0994476453021484
-0.205895599480015	0.158348938418429
0.19024109050257	0.170638945236805
-0.0988422895920969	0.0574703151827429
-2.57393942994101	0.680804613621979
0.951547874681655	0.253003737941398
-1.79522376365631	0.406159618358576
0.157631418222578	0.0304971390385879
2.11650162991155	0.968694798816402
-0.310253528051153	0.143451394522151
-0.619634069394611	0.151716324023864
0.426961461433761	0.321852871187695
-0.623654627783269	0.979189183079029
0.426144342023892	0.428532915934164
-0.796223539726091	0.608235966476961
0.844504972374232	1.13368600800581
0.15329894261179	0.0736612733176028
-0.725971162070983	0.870514470785938
0.154987443767022	0.0818803769819398
0.147362692598526	0.0508433865470601
-0.11040300185585	0.0444760204878545
-0.622314221648084	0.151717296808394
-3.08381588002162	0.95918852957187
0.140340392415458	0.0670618649648854
-3.07880362658843	0.963967696821091
-1.80012731460838	0.40572439661199
0.1588995276689	0.0306480879354901
-1.79522376365631	0.406159618358576
-1.13074478212004	0.3459795805111
-2.57936018855439	0.682903044011602
0.157631418222578	0.0304971390385879
3.26595066981528	1.12514815365216
-2.57994643475892	0.682934722662173
-1.13345886337206	0.34828321496857
0.502469198124267	0.314403571378345
-1.51425919312654	0.549483381615373
-1.79541110556836	0.406108159138969
1.9613717712777	0.470903909509444
-3.07880362658843	0.963967696821091
-1.79522376365631	0.406159618358576
1.4531651131754	0.486692367864221
-2.57507908676252	0.680490038595289
-3.07880362658843	0.963967696821091
0.1465405233427	0.0566450450736671
-1.02431636018662	0.413115491060834
-0.10872641036116	0.0438528865909718
-1.13492041310201	0.349384486959602
1.57304047546568	0.805716297602441
-1.82231749393078	0.757183848190581
-0.489746206499983	0.257591707109567
-0.186609610638827	0.0994961224155361
1.35114653183982	1.19934799163267
-0.04008288451458	0.0187271670382695
-0.331562242629275	0.197037988171142
-0.393065938959784	0.341150846975002
-0.673805942583801	0.463221180349015
-0.14898797790818	0.0544634098656251
-0.398740490057814	0.169136378087462
-0.903580911442416	0.749069182529731
-0.665024173440197	0.725043935575716
0.180504005404318	0.140962652365636
0.0393578753609412	0.0238385988982411
-0.401307165700661	0.171557584514759
-1.1669618882954	0.656244503392323
-0.0566155680231021	0.0354632531097686
0.587260039987327	0.558783397175661
-0.279801935449542	0.248106432373958
-1.22941926888718	0.919666062227494
-0.45763825537341	0.298854545715257
0.437027915354358	0.310767536289569
-1.34606946285432	1.3201696726923
-1.72234764071247	1.41902917282452
0.527625536835698	0.193638734585991
-0.220109901011941	0.0723811542078152
0.364004829786771	0.182302955050366
-0.155632044447629	0.0566138894894388
-1.16735789444722	0.663455127508124
-0.150759873500952	0.0548743632663816
-0.216678247123947	0.0709215073405774
-0.493834318256103	0.259306282665875
-0.953924137262964	0.590086430282412
-0.739558785736375	0.255015015827305
0.526282024246712	0.193593170961761
0.531595264123315	0.195527948373046
-0.221755533699252	0.0734151122801483
1.52235570802609	1.27028308869154
-0.524252707979673	0.204085170600417
-1.68977585182315	0.970792577340226
0.600945199584089	0.31448054781532
-0.224047591747806	0.0740771018889209
0.146923762007403	0.0508196417525894
-0.525335160168346	0.204442902704607
-1.10332688694546	0.750949514494721
-0.656275171709372	0.388587136928864
-2.06876532861005	0.964719982568229
-0.346167140140093	0.100935083264355
-0.0563741067520211	0.0247526925465756
0.151988732834433	0.051947052913156
-1.0234029277996	0.414343036193287
-1.68284049756184	0.971040289110175
-0.529324782986581	0.203861192187838
0.158031704426094	0.0479750742787413
-0.313924957395564	0.146394167896912
-0.35303839918335	0.10157178435029
-3.75565007208521	1.51176851969756
0.388545734267567	0.177080838165714
-0.344991553778112	0.100675971877677
-0.397144250713019	0.22287199931998
-0.0714267892820125	0.0309644465226589
-0.97900136103569	0.495018827323948
-2.07441122030804	0.967874205840337
-1.83925764418712	1.16428440589755
-1.84202163207059	1.16032524164504
-1.22767562718539	0.922683241717638
-0.79178457893998	0.518097996656207
-0.501755138609403	0.37384565498998
0.0202423961825038	0.0109250043518547
0.473817351906848	0.431021324328074
-0.155174840799316	0.0872605448709381
-0.223002041835152	0.073276211453375
-0.0745531962345436	0.0323933557077966
-0.530509976015944	0.434786333081515
-0.468532375311042	0.308516575433833
0.710484411547138	0.463126374524465
-0.395674248652604	0.168391716204085
0.676965586227121	0.321197765118731
0.472383731424617	0.317612387621573
-0.592969958082689	0.430918861838997
-0.148656650294664	0.0840974482599823
0.137833536897981	0.0474381003971079
-0.243001381592902	0.120719593622542
0.399403645412211	0.181793761930485
0.669440224929851	0.215480111776117
-0.526650659515288	0.203472876208068
-0.238093399959811	0.118854396479291
1.45496621180374	0.489974899858239
-0.39811919819778	0.169202407581422
0.681992077659253	0.325053097962014
-0.344718928168882	0.101170101330633
-0.538551638230023	0.206878628844601
-0.785374179774958	0.348647788696125
-0.785219731641322	0.508226733256072
-1.6737984209072	0.961886959014451
-1.83053444560278	0.755559929122587
-0.310711358538306	0.143334440960985
-0.211089344776879	0.0690709864122437
-0.350454717877603	0.101552906153879
-3.76608312641136	1.50117872683722
1.04550556956238	0.397727052017986
-1.81814593327299	0.757477944035012
-0.351639245332709	0.102368245698131
-0.618737201948444	0.150559036504414
-0.619634069394611	0.151716324023864
1.08288561076264	0.671487250499981
0.167846042512584	0.0427707788849589
1.03634162491416	0.3991693364154
-0.985338636322953	0.500133304674995
-0.606414850197312	0.291630846103837
-1.17045130525639	0.664973729630441
0.59904214616157	0.445260199242879
-2.11628180553196	1.61739191095872
-0.502981064434617	0.376638953982816
-0.974122294198617	0.955745638002703
-0.96181122725075	1.02004846404165
-0.68714907590878	0.538457182860957
0.892655829093935	0.488526127111415
0.331964633461667	0.182430440387226
1.14511811304711	1.28130806118475
-0.517318412132656	0.474003759785157
-0.507752030707796	0.381712708884245
-0.803634347575244	0.811491284260637
-0.39379086244787	0.306054212948727
0.176791984430914	0.128787888315975
-0.960274393925907	1.0135974346224
-0.290355819214539	0.210549484760514
0.411738277921638	0.321847199042378
-0.229259729680547	0.17346761003374
-0.668688608320609	0.389126965426238
-0.106826663406859	0.0431021657871433
2.36153413428412	1.20076442425722
0.398338266240898	0.311013564790045
0.526475289805826	0.193047228245027
-0.723310015883846	0.254344357266946
-1.82467177482471	0.757687975137559
-3.75448747115041	1.51208464914552
-0.783336226727165	0.347829987541355
-0.625469527156518	0.152450282737538
0.602692360653499	0.31429359381702
0.154912398361221	0.0531785910107974
-0.243497829812215	0.121133434657449
0.141493790786818	0.0550477805246781
0.13659064890545	0.0592974663459694
-0.154154862490974	0.0566375929839067
0.165310764697054	0.0422104497686673
-0.524252707979673	0.204085170600417
-0.767372534252304	0.342433422022686
-1.51309151623221	0.544844714826084
-0.340869162586215	0.0994476453021484
0.165674434882817	0.0422257308822068
0.957871568697817	0.254705443855955
0.67210466855713	0.216488954078171
-2.57393942994101	0.680804613621979
0.397173309359511	0.180931966274748
3.64180047345344	1.45782125078712
-1.12965913036419	0.345874034206289
1.56384250998656	0.794596926536509
-0.532276703088154	0.205902875815849
-0.315869487139324	0.146841283920717
-0.562637894301926	0.35174973477044
-1.09889227834199	0.747584259423616
-1.51279643757503	0.547771213649107
-1.29251696828413	0.596355210063337
1.25002708574251	0.864772562550908
-0.493049766640739	0.261303272442291
-0.930129086717443	0.674666733741033
-0.27809290306397	0.172025083808278
-0.724315031198817	0.684553735658206
-1.44846038205359	1.52553241358097
-0.816269044091045	0.52752001848571
-0.383537556523143	0.298537465106196
-0.186865095683015	0.0994012194826975
-0.930974671386398	0.675631314249801
-0.151483736448208	0.0554963882939861
0.14953299838415	0.0516176458431704
0.142960868013586	0.0676868462739564
-0.528244825599653	0.203784427326422
-0.337052788373784	0.0977805881937846
-0.730123386031477	0.256802322226565
-0.351639245332709	0.102368245698131
1.56894018726966	0.797991249064816
-1.0209005117101	0.412125725713164
0.160510100025773	0.0484285557089307
0.1588995276689	0.0306480879354901
-0.62409333671727	0.15194082521988
-0.528775863609232	0.204514779646363
0.166760634916841	0.0427859605507963
0.164226724221899	0.0416602681945232
1.96025897070573	0.471212877436839
-0.624582031923329	0.153403426322781
0.158321872008447	0.03054890339565
-3.45549576669823	1.25034460620717
-1.139798321011	0.349782272227464
-1.79541110556836	0.406108159138969
-1.13384470910725	0.346451671342812
0.169301214921532	0.0427592743769238
-0.350454717877603	0.101552906153879
-0.154080721580194	0.0564960500422514
-0.619634069394611	0.151716324023864
1.45986014199587	0.492707629107706
-1.49333000658353	0.772786027401672
-2.78690961535155	1.90696089410556
-1.17420796844917	0.671948679234328
-1.15445569349299	0.978894717468317
-0.335068971901152	0.200706626875326
-0.342091382580869	0.0996589886024872
-0.623695063230009	0.152227657420805
0.604211330966139	0.319344587716958
1.9613717712777	0.470903909509444
0.157446713573225	0.0474765777179273
-0.344447158055429	0.0995152480238567
-1.27798020801158	0.587966405772343
-2.57393942994101	0.680804613621979
-2.57393942994101	0.680804613621979
-0.62982953293132	0.153685936034785
-0.623695063230009	0.152227657420805
3.26962954853743	1.12822867523572
-1.79522376365631	0.406159618358576
1.9613717712777	0.470903909509444
0.157056474373317	0.0303984095560313
-2.57450915234243	0.686119713628322
-1.5208643075246	0.552186247107342
-0.541655280477479	0.530098976459387
-2.57450915234243	0.686119713628322
-1.79522376365631	0.406159618358576
-0.545547216382377	0.533408684351087
-0.318110352102677	0.148129060035534
-0.344991553778112	0.100675971877677
-0.341002762168823	0.0982461131229737
-1.79541110556836	0.406108159138969
-0.398512158190535	0.274973122839263
0.157056474373317	0.0303984095560313
-0.619634069394611	0.151716324023864
1.9613717712777	0.470903909509444
-1.79541110556836	0.406108159138969
-1.80012731460838	0.40572439661199
-3.08381588002162	0.95918852957187
-2.57450915234243	0.686119713628322
-0.0499210416376125	0.0217921574253129
-0.342049627515181	0.0990466327294158
-1.13492041310201	0.349384486959602
0.1588995276689	0.0306480879354901
-0.625469527156518	0.152450282737538
-1.79541110556836	0.406108159138969
-1.80012731460838	0.40572439661199
0.166760634916841	0.0427859605507963
-0.623203514518812	0.152886975065438
0.1588995276689	0.0306480879354901
-1.82794229325279	0.748270130099481
-0.335535613285346	0.0968358090286094
-0.344718928168882	0.101170101330633
-0.36064022043607	0.36515081840185
-1.60657078238296	2.37434335935976
-1.79522376365631	0.406159618358576
-1.13492041310201	0.349384486959602
-1.27254926905228	1.15793394693243
-0.62409333671727	0.15194082521988
-0.231687771697186	0.0739304139691374
-0.62578517099276	0.152177768086576
-0.0804868685319585	0.048430578611565
3.63349334555347	1.43861104142477
-1.13600022882357	0.347365132523473
1.96025897070573	0.471212877436839
0.157056474373317	0.0303984095560313
-1.79522376365631	0.406159618358576
-1.79541110556836	0.406108159138969
1.45351865984672	0.48998410568291
-0.0641040223256365	0.0282490171992017
-1.83171490361416	0.755879019504499
-0.624582031923329	0.153403426322781
-0.343816891455429	0.0996962776646578
0.661345980122341	0.211138174827968
-0.618737201948444	0.150559036504414
0.948141792901091	0.250604857806815
-1.139798321011	0.349782272227464
-2.57393942994101	0.680804613621979
-0.711286298369097	0.67491534591328
-1.02643160480815	0.412146784429271
-1.03439373371663	0.41922059845391
-1.10708765408365	0.74528550773563
-4.40234679490014	2.29056404439669
-0.404246896176273	0.226488355159713
0.168213647836342	0.0427717891925395
1.03477532867731	0.398490468718945
1.9613717712777	0.470903909509444
0.157631418222578	0.0304971390385879
0.173098035606419	0.0436660682371104
3.26821961846391	1.12055426106264
-2.57450915234243	0.686119713628322
0.954295652698446	0.253211023347385
-2.57450915234243	0.686119713628322
-0.344991553778112	0.100675971877677
0.165310764697054	0.0422104497686673
0.00691999971427353	0.00322639908252268
-0.15305394996009	0.0561503783181607
-0.725669351344178	0.254938132698188
-1.68414146482666	0.983858903403601
-0.156472290295263	0.0570570239286064
-0.614926017536707	0.298053643763968
-1.68447768311588	0.975317439128556
-1.81281284079462	0.749911386602174
-0.502221485870352	0.263242912057718
-0.608596558254425	0.29676559221042
0.540906956115006	0.309554951847088
-0.15410056500207	0.0864203978449252
-1.02717292622232	1.39405529867769
0.00991239449918712	0.00678965418029348
-0.60715604540617	0.491120627023109
-0.193564233680636	0.129572351841816
-0.698958971513584	0.604068291073515
-2.29240998427004	1.1910126278839
-0.329065479261841	0.313282644153869
-0.311152231807913	0.144059492294592
-3.45335843018676	1.237143568277
-0.103338362432702	0.0413731337778601
-0.158488679171333	0.058060458869062
-0.613663252410503	0.29949176672961
0.899718687047279	0.481618080416092
-0.730123386031477	0.256802322226565
-0.522938609184387	0.203337039703685
-0.52402013054653	0.203694200281952
0.15090279556095	0.0583363245614719
-0.769698010049911	0.341769185120482
-0.0609085863165809	0.0266220846427632
0.650677410733106	0.579696853702885
-0.462270247359529	0.307044198014117
-2.07127821802252	0.968855193957147
-3.07968455989498	0.963635125148535
-1.82520825564935	0.748101761838019
-0.609520921070317	0.298082193005535
-0.523171029238127	0.20323286573159
0.352645803409509	0.17777228402054
0.665672219783544	0.212062538915321
0.158031704426094	0.0479750742787413
-0.979329688018397	0.490439755510319
0.0171989350671912	0.00932989254825349
-1.27179382759462	1.3567083602836
-0.339503323596241	0.240559015427621
-0.341883740678267	0.24306899288193
-0.230395226068507	0.149549741052066
0.0383725174748041	0.0220359629637613
-0.048552119056364	0.0301339215889297
-1.43747598641447	1.50582513735232
-0.528318183493554	0.432225073957846
-2.54098183557379	2.57845488728079
-1.51396593073936	0.54893460092185
-0.980350582850267	0.954448757065395
-0.249622832980772	0.124832818996875
-2.57994643475892	0.682934722662173
-0.630732478411191	0.153857382309032
0.673553513601153	0.218109822226041
0.154652365138105	0.0530810334839531
-1.02871170775367	0.417044529530206
-1.2840247023651	0.586962955497394
-0.105489767300733	0.0420774209332467
-0.310253528051153	0.143451394522151
-0.191887889315755	0.102858540446346
-1.16544384714718	0.65786891195934
-0.241220008149087	0.11808011644984
-0.0727854892016651	0.0315886041876565
0.885957691568778	0.480408709680483
-0.346327182971892	0.205538812495558
1.39217298665804	1.06715417027937
-0.257057322813782	0.189365092459178
0.645721999447825	0.67335189651567
-0.799342286982523	0.751126453905652
0.30432537190223	0.206704747792439
-0.252128188938808	0.186264349579356
-0.116388881355405	0.0824035425124709
-0.426804281589795	0.365350171572096
-1.15908549211508	0.997957162958751
-0.710495608913184	0.719337699623137
-0.344718928168882	0.101170101330633
-0.389845099783168	0.332954971449551
-0.926478570365558	0.663404170925814
-1.0271278658152	0.415065471794964
-0.40665431902092	0.173716593263974
-0.725442643624323	0.250593134972414
-0.250195347313519	0.125321398579138
-1.33218079363811	0.833858014103365
-0.540163566164796	0.444889380374736
0.496845543015456	0.311635812248395
-0.684816728948103	0.473642104172676
0.677327666709717	0.695370560069306
0.18053237291784	0.128356133498423
-0.479552026643559	0.40498742234896
-0.153133836778932	0.0562143523090425
0.380355543614871	0.17273060845917
-1.65047762337	1.66247276841346
-0.48011847292308	0.406639316124851
-0.249622832980772	0.124832818996875
-4.40341639715528	2.29217489378911
-0.726014434586772	0.253129587844998
-0.459363620928992	0.30378445720099
-0.347546651081153	0.247523863868098
-1.51590206485254	1.67669744257125
-0.58813217888432	0.424519453582989
-0.79918248814112	0.441346449171317
-0.397491186233498	0.16766671813774
-0.307402239324383	0.142463158970048
0.149271671672469	0.0712974353556596
-0.51388707026031	0.385385140527411
1.09949633721246	0.825019032150198
-0.0912709945197848	0.0553400920271667
-0.703855550059613	0.555497937832035
-0.920334039107227	0.660991594992083
-1.03016432810562	0.417494436414598
-0.242556966300628	0.121754749361805
-0.0222887674778665	0.01460787326346
-0.424535369362312	0.393207096375982
-1.02849046705274	0.419931822610547
-0.109658541586099	0.0441173978698076
0.149315858131757	0.0721015100093893
-0.506749362209389	0.380924503145975
-0.805626583219522	0.612935877871922
-1.6096871316822	1.87500153640388
0.160068581562169	0.091570125810005
-0.0690819994238062	0.0302690152513791
0.0450475707837883	0.0260036388859336
0.942676126838772	0.905660404210952
-0.0197676573407576	0.012883944584036
0.535060464028377	0.305658218815211
-0.103524145131458	0.0415664859090425
-0.0345417305592868	0.016141635028021
-0.466817082428957	0.309340562052442
0.573711280777583	0.455396487843008
0.763018410832195	0.734139619386078
0.814406706085001	0.350217790330299
-0.723081962585608	0.252158286122281
-0.48606609055246	0.412022503346262
-1.04310650127451	1.35433265433838
-0.490570674393256	0.413460973593949
-0.796743823729544	0.749995425461416
-0.107134360530056	0.0621774335534114
-1.17890670257724	1.18107948105743
-0.46509774474028	0.426948297853552
-2.64515991564445	1.65920931116419
-0.310253528051153	0.143451394522151
0.140736731819611	0.0478351892047391
-0.402697807327056	0.225820347234228
0.862358851540055	0.624915513187411
-0.215317487973681	0.0708338962407764
0.144604524271476	0.0558668112671959
0.154586838492734	0.0668642783444565
-1.47683483926462	1.0242206042662
-0.244294230838379	0.122784005473751
1.32687881734284	0.596619735020576
1.06731705195172	0.522552099496788
-1.49638963745962	0.769601783853322
-0.804347985731775	0.442201781767738
0.467528754746533	0.315886362650646
0.684826022870398	0.325080726847465
-0.53604232738389	0.332660622146933
-2.4739426742201	1.41121114687648
-0.101474645721849	0.0408115638815694
-0.405371619690847	0.173316494832004
-0.462270247359529	0.307044198014117
1.05756443758008	0.524759187496267
0.648006010281582	0.453232921220186
0.851856919378371	0.62013912996318
-0.426227637336172	0.361995493512931
-0.639006411929972	0.568344263975567
0.0948657740266388	0.0689871376466665
-0.307726445965978	0.249335202135157
0.187313038285837	0.126645582615984
-0.559335779099874	0.585584237911703
-0.136754325343357	0.106480063541667
0.493157039475692	0.438053070795404
-0.158594832290123	0.123573832942767
0.180641122151179	0.109577514983323
-0.274654917111625	0.168875120139966
-0.669855392475166	0.462232173135426
0.359004248683021	0.181132689877048
0.603637573511993	0.317378219086618
-3.03629808614623	2.40972357659296
-0.308946296204975	0.25057872257359
-0.734350150640205	0.800016435549021
0.0790766040711372	0.0530733607597898
-0.542690840756104	0.450648672314801
-0.607283904786501	0.294092153972488
-0.340914885943416	0.0986896672784069
-0.151756236463228	0.0557391336018927
-0.536390170568121	0.207178133529191
0.142571642796801	0.0683085951121496
0.155571756563079	0.0747039961160688
0.837163510872428	0.746829573339159
-0.369840445965568	0.391390186862081
-0.381741309764551	0.358196077790453
0.172776931639792	0.117418317421749
-0.390417406177823	0.267731563433891
-0.0139994655958729	0.00920027779240297
-0.887940009444924	1.14915594103251
-0.894566263735561	1.1999797964581
-0.251908068240807	0.256051570221539
0.294459082434163	0.19878502543604
0.394018181251173	0.321982541161701
1.44680138625654	0.481686443078168
-0.0690819994238062	0.0302690152513791
-1.13453748317733	0.348386420481102
-0.544197049274265	0.454200907288392
0.175555382435934	0.133653573724046
-0.59472869850296	0.428198701189317
-0.193584719321344	0.148455619289781
-1.17564384656168	1.77905963688249
0.527514680608399	0.538986722612972
-0.6470109906647	0.617717196954945
-1.82231749393078	0.757183848190581
-1.02620966872653	0.41818337996543
-0.396919306366828	0.167888507080922
-0.318110352102677	0.148129060035534
-3.77253412317632	1.48041623255719
0.0107287972351654	0.00588586780955696
0.196247394389279	0.168986702455965
-0.556800307889203	0.66817960730257
0.140355191718058	0.138917900668396
-0.651577017583982	0.694179367718256
-0.338627521679101	0.240167544961143
-0.112630985359162	0.0801593774299196
-0.35903478160714	0.364215711948435
-0.0636714777907682	0.0532426009671108
-0.345511875861698	0.325406798088743
-0.00692600025136755	0.00344104066861575
-0.886985458208174	0.889007720435277
-1.16735789444722	0.663455127508124
-1.50387762896899	0.781760630908673
-0.325072980105941	0.150113642320374
-0.111955161313477	0.0797727735838095
-0.724172781169655	0.740602034726433
0.177976742908313	0.114637469263892
0.497155273380776	0.531739281979646
-0.269995799223979	0.259047363289602
-0.0903160898401978	0.0797871683724086
-0.285687562826654	0.251618129205036
-1.23362106592708	0.916096582767975
-0.0364336572886564	0.0171148445105212
-0.394617693434886	0.272029600955032
-0.586209387970824	0.424662840946495
-1.06348322214016	1.11324494442495
0.411399510448913	0.319687317532395
1.24678457069016	0.862556765543633
-0.925666286026752	0.674568805619691
-0.795993799542025	0.677385935481247
-1.11227607816794	0.74082860620543
-0.654388149366652	0.382258936948421
-0.318205862653551	0.147527411143433
-0.276410093451599	0.173269145362853
-0.252429941463452	0.126139154231273
-0.429797995785142	0.325556279661156
-0.61034981008363	0.296851575272232
-0.232045711260523	0.150400465863624
-0.505594621949486	0.375541121135096
-2.03192609356309	2.08687527078406
1.03977349942717	0.967970122391767
-0.102616241837988	0.0809022812741226
-0.525649246319207	0.480829564963205
-1.51659726126421	0.549787550108874
-1.49201386817581	0.778707402834225
-0.11807215091826	0.0692122154163386
0.39329859521911	0.321302671601653
0.575306106878884	0.450717439344137
-0.0247046779356506	0.0116874136271684
-1.45637752874798	1.28901381593611
-0.352945775777188	0.306906772724369
-0.499929687803472	0.370886300086825
-0.222408694702453	0.143093828607964
-0.453298058408404	0.292802364810087
-0.922559537494024	0.66836849783402
-0.196858078003111	0.104969092092251
-0.793123712262922	0.435306261597166
-0.132374311655772	0.0921363967852633
-0.402101909614043	0.274871140096244
-0.792323409672644	0.847179105130772
-0.673799225995646	0.465438173136468
-0.250569010959917	0.125293513548091
-0.409392014947575	0.230916380677324
-0.197109957621952	0.131695389397477
-0.434632393675657	0.373623387891601
0.0591089145813271	0.0380278859129142
-0.149735794643364	0.0548714666208697
-0.695451711676373	0.552514356399136
-0.589280244700676	0.575253590306705
-0.0681085742307333	0.0427553658554249
-0.227429765821456	0.0748191696657807
-0.148655069329283	0.082393616794504
-1.0693782156308	1.11666300481957
0.168164572384258	0.118069920436462
-0.273859449981025	0.170300197375437
-0.662967401095436	0.391915869537384
-2.12865686765228	1.62180153499888
-0.0846449725802124	0.0516631784357778
-0.577156618902847	0.416297831158134
-0.404961639026276	0.226737213175972
-2.57450915234243	0.686119713628322
-2.57450915234243	0.686119713628322
-0.298396210325278	0.21699484317618
-0.113579816160861	0.0670128043770852
-0.691976763917158	0.546341150870558
-1.49975801698483	0.77960100677852
-0.961532394683095	0.56963418857978
-0.785376210481167	0.588672828128168
-0.621844828197272	0.302479580108343
0.546244995926747	0.315563918414816
2.11121372988457	0.963126869077612
1.45461172869713	0.491065821848087
-3.46164602167476	1.25116087441461
-0.23163201574806	0.15026260902899
-1.3438963292523	1.10077244491176
-1.14508574724039	0.346861667774683
0.162878077886294	0.0488236589544503
-0.494402435298068	0.261815549004288
-0.455176565948145	0.297862392763953
-0.054578764269874	0.0238350973560856
0.528601837889025	0.190394317945219
-1.03416549660249	0.42282126768722
0.445559696059655	0.183481849511998
-0.314824536786712	0.146665958986666
-0.6126852371388	0.299833360906138
-0.254654001109278	0.12692343644755
0.528774895140429	0.192704403574892
0.166760634916841	0.0427859605507963
-1.1982987052494	1.21376499542968
-0.15089344620614	0.084494037943203
-0.402321330714336	0.171233810890718
-0.724489220764226	0.25507339261849
0.144049997367881	0.0558397456595895
0.155493886468491	0.088262694502213
0.337486345270719	0.186271903157627
0.166760634916841	0.0427859605507963
0.162378104800928	0.0310834456145106
0.156845715679068	0.0472965888265206
-0.599824302386729	0.286290198362013
-0.986565344067153	0.498554663170617
-0.410792514486161	0.231956103067001
-0.055394036515614	0.0242910438054145
-0.340869162586215	0.0994476453021484
0.154863985111538	0.046749770246217
-0.984311136182428	0.498990825274186
-1.17777330385189	0.667594412955208
-0.466561774056002	0.304882917036617
0.150579757591757	0.0647961897730447
-0.654051555424798	0.384673611484207
-1.23792435287863	0.918151007486244
0.95292022183415	0.255029382628136
0.524938478553276	0.192889918548823
-0.948400569126351	0.581666733121061
-0.493845680698758	0.257496190239847
0.818093284035194	0.352795702508465
2.11789391703942	0.967138862393588
-0.147413525125714	0.0541557128042683
-0.903015125500828	0.739508974334197
-0.321486324682003	0.148589743568557
0.549382699566751	0.316849614505424
-1.10466610197186	0.750776274019668
-0.346073388722937	0.100232951232175
-0.102355416456368	0.0414085777319881
0.141192906646216	0.0548578024293243
-0.343542423818443	0.10090975164114
-1.49713295825533	0.775816970206693
-0.0170244505410772	0.00815739042816129
0.414013941413046	0.308491284416251
-0.0616453800127321	0.0387270458343695
0.166073475599695	0.106466072623848
0.175535858303817	0.128960673065206
0.0955234413691897	0.069271219653679
-0.106066741044596	0.0751789564350282
0.372724532016855	0.311874277377047
0.416533629416831	0.326840685480963
0.165491923659273	0.0942271410593424
-0.143774685132367	0.0797019364983507
-0.80014722342183	0.434759850753426
-0.0321281792554104	0.015215555734364
-0.253470115610003	0.210876183597457
0.409822128228357	0.323630456296233
0.158378791844165	0.090489456068272
-0.153258016375255	0.0857779333862176
0.044914235057516	0.0274484399264861
-0.0469480885053356	0.0216518289196354
-0.31021510833625	0.250062347947702
0.156071206887975	0.0884664577722825
-1.01386393200277	0.903737578279232
0.0792655558620876	0.0549730037946304
-0.172223724261699	0.117252510669445
-0.623203514518812	0.152886975065438
1.25546111052338	0.854285590086286
0.324233663062806	0.192776382603585
0.156585456967934	0.0821619937289387
1.48791486705978	1.45903489570728
0.158321872008447	0.03054890339565
0.441759475740907	0.180320770710895
0.140595592258167	0.0607787821997478
0.438385943517218	0.310982280693327
-0.575348510262106	0.518795795860261
-0.330966723049247	0.231925325839497
-0.119998103187313	0.0702941023631286
-0.665430359749998	0.455300516379209
-0.0775929285017835	0.0471228829205223
-0.0340403362543702	0.0160600568123722
-0.630732478411191	0.153857382309032
0.144360057617073	0.0496936999572725
0.446865916239325	0.181065849403421
-2.58483811914593	0.676212802763842
-0.663835138792047	0.392396479294465
-0.0745140833683724	0.0452459403460698
-0.148656650294664	0.0840974482599823
0.305482163149192	0.207175212723193
-0.0314415315633269	0.0147539454851235
2.55317883186969	1.44391971539824
0.159003857627083	0.0480265128738231
-0.38966576760177	0.164314321058485
-0.147689713388894	0.054302242157111
1.35566735156874	1.23329183119377
0.154190410262426	0.0519569085123709
0.158321872008447	0.03054890339565
1.05995694464377	0.525270491251717
-0.990313845390926	0.504416663574523
-0.110181368314442	0.0640223292420241
0.64774493266708	0.456652498390737
0.141669767450459	0.0617166337329967
-0.0630933187038592	0.0275566992212886
-0.152027874499813	0.0556812356537209
-0.114404597839194	0.0674555974939782
-1.82373483340545	0.759520768730619
1.040512919554	0.397012675076271
0.662786179108504	0.213105829711844
0.134366317139427	0.0514723317048698
-3.76085193858471	1.516389149945
-0.0632233778774067	0.0278042121906616
-0.964886782297964	1.02355986069799
-0.788017726393325	0.507262946194265
-0.340914885943416	0.0986896672784069
-0.340914885943416	0.0986896672784069
-1.51309151623221	0.544844714826084
-0.621701793060736	0.500558965921642
0.853229685160762	0.771732237694152
-1.74701415880815	1.87917228721833
-0.325476994714319	0.192585248817897
0.169855527224846	0.104015826295662
-3.08471213635442	0.965314084973475
-3.46164602167476	1.25116087441461
0.359004248683021	0.181132689877048
0.14474970923973	0.0500449668198986
-0.104590329612916	0.0423595399149465
-1.13074478212004	0.3459795805111
1.32835462952984	0.592531835706641
1.33066146326993	0.594944346005423
-0.984045213344661	0.498781634798496
-0.00777144287906948	0.00380544596471064
0.864084935346921	0.630490068922468
-1.21222619978631	1.21671067245164
-2.07241483008846	0.968046925511113
-1.13599688789171	0.349486711323194
-2.57450915234243	0.686119713628322
0.152182018060155	0.0588064306288629
0.161486408205213	0.0413117168731846
-0.402321330714336	0.171233810890718
-0.224366804519632	0.0741231334290571
-0.60713121217363	0.294013358529956
-0.307621522298809	0.224252467027226
-0.951980517956007	0.986017610711205
-0.0813830075726053	0.0493636606752916
0.27108274163115	0.208083950041115
0.018033767051534	0.00977370584864128
-0.548651765289857	0.346454666725883
-0.343542423818443	0.10090975164114
-2.0690075220274	0.964066831655007
0.440730155745863	0.178519015750839
0.728455832643823	0.597535852673965
-0.980601090262338	0.4918346035553
-0.723081962585608	0.252158286122281
-2.0710366946981	0.965136621750708
0.892655829093935	0.488526127111415
-0.78267604266103	0.580300314305315
0.983858440796507	1.06098267030619
-1.0440719413175	0.816781999503165
-0.794684745598006	0.735377181153593
-0.516361751998256	0.386538132004089
-1.27715079908349	0.591856388497322
-0.628447709775194	0.153171179772782
-1.51940297937032	0.550464997835271
-1.16735789444722	0.663455127508124
-0.339689629328073	0.0991873938654728
-0.783502739057282	0.72485983031663
0.00840018265461559	0.0060312754010011
0.0689944079892579	0.0443317785082869
0.574745471249723	0.702824309065005
-0.0842231722577241	0.0514262647788961
0.555135208106686	0.317006684513282
2.11379890771953	0.965542629430375
0.149932820470441	0.0578131211407735
0.728835770647421	0.601477542375457
-0.255451097234066	0.126879767892573
-0.104085245392243	0.041980675436062
0.946890847642703	0.637323787218063
0.659300880649801	0.463002861768727
-0.801214771975149	0.867490893131656
-0.376486748085759	0.350495153118981
-0.308756221926987	0.143133676726078
-0.785000315716013	0.987762306354813
-0.906638156157983	1.19525517126998
-0.240866318839169	0.156546750927642
-1.55555597078461	1.47049033300419
-0.27779497035984	0.172274749907044
-2.57450915234243	0.686119713628322
0.0176424091625544	0.0125797230955195
0.0907062943659048	0.0801368952427063
0.486628525548365	0.325259233252724
-0.396953060630432	0.343998823748973
0.362808550186227	0.311682120093982
0.167474666685979	0.0876708702384343
1.06400694705087	0.521398437676491
-0.800978128290299	0.439082617260455
-0.138320673694759	0.0774417120807177
-0.480910578966853	0.406749209922843
-1.29690063716831	0.591073168964547
-0.471670535909803	0.311416816484472
-0.411321532168329	0.281779810826408
-0.405683115545739	0.172940087791917
-0.221860227790252	0.0729410950813406
0.35758699559787	0.180227051071045
-0.598952217223395	0.481455704716365
-0.325726928069058	0.2631274783936
-0.108036338391177	0.0764480221759519
-0.609225812381898	0.493439270743514
-0.335425878894416	0.199715081176944
-1.09222632632547	0.740875234607972
-0.352824712262703	0.102155795737906
-0.624582031923329	0.153403426322781
-0.62982953293132	0.153685936034785
-0.530937280824717	0.206881451169038
-0.494712487865512	0.259565320453938
-0.189608365501642	0.100707519619337
-0.892617198691424	0.820703411806678
-0.395355490477632	0.166580329037063
-1.72552172321027	1.42889504009934
1.96025897070573	0.471212877436839
-0.344991553778112	0.100675971877677
0.388545734267567	0.177080838165714
-0.498019796189259	0.262950547997077
-0.344991553778112	0.100675971877677
-0.405371619690847	0.173316494832004
-1.13345886337206	0.34828321496857
-0.350191590281639	0.102610881125832
-0.111852926959544	0.0447976672863289
-1.51396593073936	0.54893460092185
-0.987777316689751	1.22064600444711
-0.86480895860639	1.03663181636373
-0.0452142156465784	0.0208277879071181
-0.382711271579374	0.331360772175718
-1.34163372914122	1.09467535385363
-0.622314221648084	0.151717296808394
-0.114431296591566	0.0664437065752282
0.178110713445694	0.126530698896494
0.186497469188662	0.132441462343419
0.409235596392342	0.322848339130443
-1.0457408761697	0.831563440618515
-3.07880362658843	0.963967696821091
0.14216944294075	0.0551296291498757
0.322776027835493	0.191153108899225
-0.0759168208728762	0.0461370639073743
-0.309369992308447	0.141560838872616
-0.623203514518812	0.152886975065438
-0.0954270672675942	0.0383398929334079
-0.190460114740896	0.101031250539716
-0.673211197732158	0.46330763552728
-1.13492041310201	0.349384486959602
-0.223107034277154	0.0733562917803985
-0.221860227790252	0.0729410950813406
-0.465381569762425	0.309131773765719
-0.198017682408743	0.105046385317078
-1.73207022820877	1.4197426966317
-1.13345886337206	0.34828321496857
-0.405371619690847	0.173316494832004
-0.655303090717078	0.386811819035169
0.151968631491488	0.0730095155977115
0.161293225406897	0.0977707283992926
-0.985274119763427	0.500990126027405
-2.28387705306847	1.17974233850126
3.63643152651936	1.45439996443785
1.46257104927093	0.48578937094864
0.168173637347658	0.0499208584325328
-0.765049896808446	0.33804490529315
-0.211089344776879	0.0690709864122437
-2.64227695412858	1.66281443609392
-2.23917657052603	1.87003726260172
0.156845715679068	0.0472965888265206
0.1588995276689	0.0306480879354901
-0.723538168538297	0.250916884167018
-1.10161366111581	0.734149299030657
-1.93910641134368	1.85203508364698
1.1082403588034	0.969942729342508
-1.13492041310201	0.349384486959602
0.530234735136755	0.195115554796289
-2.57994643475892	0.682934722662173
-1.76546435408601	2.25346125668638
0.140823560384182	0.067412783434401
2.14234639939196	2.12597961283515
-0.926478570365558	0.663404170925814
0.160400851667561	0.0483731984970343
0.67114469411031	0.215490092261742
-0.405683115545739	0.172940087791917
-1.48196029680315	1.02960675689796
-1.12965913036419	0.345874034206289
-2.48542716264002	1.40620174153144
-1.27715079908349	0.591856388497322
-0.962360446667491	1.0180295733383
-0.154692362923611	0.0867296109550266
0.539693830579074	0.438098002099699
-0.800603612591288	0.52681139842462
1.56384250998656	0.794596926536509
-2.57393942994101	0.680804613621979
-0.346167140140093	0.100935083264355
-1.12965913036419	0.345874034206289
-0.211738709588818	0.158125060945044
0.172098110779364	0.115224366365365
-0.00150194218430084	0.00132689660671723
-0.195675443666354	0.147740357683472
0.410965120319097	0.320620020962091
-0.231418390077192	0.150606583853248
-0.986307707209315	0.500533328307261
-0.613925486389288	0.537756590511427
-0.238459156079262	0.118612689427488
-0.793570597140759	0.435822933786668
-0.608654506166266	0.295801754807353
-0.714110639859431	0.245794927714824
-0.503371160401974	0.37538524386125
-2.23589041592173	1.81685799922217
-1.51425919312654	0.549483381615373
-0.215091100919037	0.0708081397941703
-0.395674248652604	0.168391716204085
-0.773774748297677	0.346345835072774
-0.806233604788999	0.612112730772872
-1.27359497109814	1.37701135962112
-0.260638931436681	0.159429759172726
-0.475258107295758	0.441595540777857
-0.456478406728052	0.30029249724133
-0.618143878869207	0.302268120309292
-1.51552740493151	0.546707354167397
-0.876132620847821	0.790871692012243
-0.580241140896068	0.563060734206539
-0.0033218499100955	0.00225236120740668
-0.244795588949212	0.123160748609705
-2.57994643475892	0.682934722662173
-0.310340508204065	0.144382632312107
0.055491189673698	0.0340045311343545
-1.05961415317338	0.824850434494941
-0.0771720688968612	0.0469890446910822
-0.549501118772978	0.34696461573263
-0.65318763207629	0.384203188558656
1.0464072419674	1.09284307712286
-0.33680392160803	0.19904078109335
0.146402516173092	0.0636433152119488
-0.389849426678991	0.305820913832027
-0.0580453592682242	0.0363398883317295
0.158953714170042	0.096540989875715
0.281459264425936	0.207609698461033
-0.394230611099698	0.220099284225269
0.161142259750895	0.102620026410646
-0.158983877215063	0.0888021383842706
-0.403243587241213	0.171940245834555
-0.446639906273061	0.345616097150337
-0.0664454339209861	0.041469522549186
-0.509801544767267	0.263082005188382
-1.14235343443303	0.349148050508889
-0.958489664523635	0.591538112737491
-0.787471100289126	0.510459780152383
-0.773774748297677	0.346345835072774
-0.39942069663695	0.273238836820876
-0.190181635187669	0.101967004818941
0.885016702862349	0.4761230664399
-1.17921528645583	0.670683787878519
-0.174349869871626	0.135466188822782
-0.537734615524255	0.334449214898946
-0.623203514518812	0.152886975065438
0.163311686221074	0.0491766335657994
-0.892371133067865	0.817385295324817
-1.22966985809972	0.916966588843228
-1.04692148485601	0.830867217020576
-1.34068268142086	0.848495184255903
-0.197217863673259	0.131154324470327
1.08613405458489	0.672265451047579
0.167565693401252	0.117507633237898
0.150264158191587	0.0788639397514714
-1.94421997091429	1.87680859835111
-0.791353032322318	0.741905666179447
0.158303191105695	0.0759093573851033
-0.0658668159454164	0.0289900268360377
-0.00169915373165485	0.000903032316939037
0.144885429821565	0.0627280124170776
0.339874810655814	0.188378751257411
0.144819824174309	0.0689127118871411
0.945155390804999	0.629311525178285
-0.220793569869458	0.142208892162455
-0.330503667188177	0.195598285173684
-0.349006134070706	0.101786523630064
-1.2752988540859	0.587647301442411
-0.62935300969794	0.153342878403685
-1.13492041310201	0.349384486959602
-1.12965913036419	0.345874034206289
-1.28599957284154	0.599485299783715
-0.10669250349767	0.0757230970849355
-0.105826907980716	0.0619585169224517
-0.794834772248094	0.90506874539925
-0.254818968196672	0.188878687862376
0.164024444778284	0.0927355871742946
-0.794249479288643	0.720666861399032
-1.67562388060666	0.960603618560299
-1.79541110556836	0.406108159138969
-1.81814593327299	0.757477944035012
3.6379052926147	1.45060215836621
-1.51309151623221	0.544844714826084
-0.0594947759017596	0.0261417215575998
-0.336624302817788	0.200069707411315
-0.491616593462786	0.257713399966371
-0.026090735359325	0.0122939474846895
-0.30784304095073	0.141337805323199
0.178410777581314	0.108793088574413
-0.410261753585217	0.22876173943616
0.178766081071266	0.120654822598046
0.163847868569196	0.0923490111094581
1.09837968664849	0.810308778934678
0.181856075168384	0.117300859686115
0.603222453068306	0.452583759036741
-0.109502516357349	0.0634564254823304
-0.115232300234366	0.0678893663918376
-0.890839962406166	0.879188377262993
-0.404990259723489	0.277146957704183
0.0343736821952136	0.0198576858960616
-0.158503777842495	0.0574365158826872
0.153568454289862	0.0464103165581933
0.674740147390516	0.216998162235432
-0.653691407220682	0.383315041379157
-1.46105612674586	1.29265734583222
-0.158212790182206	0.0575728740780494
-0.455828100791556	0.351918359660549
-0.167862704283138	0.114572114871461
1.51759230121903	1.26037599994587
-0.64553347130276	0.379232966243828
-0.398206074754857	0.223738781350565
-0.343268806146835	0.0999183449449793
0.135879545068767	0.0527837992472243
-0.796937085826692	0.439419711255689
-2.06990059047782	0.965937293744288
-0.222695068591131	0.0735779431251597
-0.62409333671727	0.15194082521988
0.156807201934892	0.0301762424591594
-3.45656556517559	1.24745399482219
-0.623695063230009	0.152227657420805
-1.15158238740324	0.988704424281076
-0.651818413058748	0.382929360871796
-0.396607478728329	0.218911769566646
-1.1750672099953	0.667869758785186
-0.0572528998349559	0.0251958935118193
0.645178817606277	0.449806538931421
-0.324188994826603	0.188923892893201
0.950972537459942	0.921225077328671
0.154586838492734	0.0668642783444565
0.161448998875388	0.0979106226631263
0.549346213749752	0.314006804709425
-0.768390647702962	0.343134946307021
-0.227460385860767	0.146087874647516
-0.170697477327278	0.0885939706644096
0.470970513005602	0.316234694579616
-1.15384308743121	0.98050391880765
-0.0817422230338298	0.0495045206323057
0.393608602810428	0.180020414433707
-0.274981310490815	0.17185534078969
-0.946683174475025	0.576297315067585
-0.731306141239577	0.257130066262645
-1.80012731460838	0.40572439661199
-0.724489220764226	0.25507339261849
-0.778919093445955	0.349025831228475
-2.29267186892371	1.19553496573115
-1.79541110556836	0.406108159138969
0.1588995276689	0.0306480879354901
-0.890497841921024	0.815516593282592
0.47203392784664	0.429660131894725
-0.0545085057031119	0.0348041296000608
-0.474659001282963	0.399543003681426
-0.0549284898753292	0.0342497295807234
-0.203600292628892	0.135820540197943
-0.17998771366564	0.135998018983933
0.0694718190183577	0.0446552529257313
0.295204455777913	0.199543037275864
1.0564890551331	1.20793555875074
0.47976341946643	0.438674329163718
0.164551798688671	0.285643139177269
-0.70546799202885	0.611043235125151
0.0370171934983277	0.0223800998493185
0.468297780461004	0.311177324325413
0.0386690281558416	0.0222379593794512
-0.591308812301405	0.430388618817411
-0.131383508563811	0.0915574750805617
-1.24947752660768	1.14819255406743
-0.702125255702182	0.552247071826638
-0.314475650677182	0.143750209895474
-1.57717243253665	1.48243220931231
-0.184649723552816	0.122733595722736
-0.69933335804477	0.554908942015442
-0.14869568320137	0.103596950505983
0.171410464940857	0.104346648071438
0.494013799494256	0.307862992674639
0.878830110580167	0.999575035189535
-0.0159009676708087	0.0104250008382117
1.07781391140699	0.663408681245858
0.380874727056029	0.331052997988279
-0.391434307802636	0.26668423911035
0.0942886981505861	0.0705103110230724
-0.867903125290699	0.92921118140587
0.338269502446058	0.316545289141111
-0.573167166014025	0.628021923260559
0.365858055577917	0.327440797432531
-0.235726388279525	0.152291243241996
-0.71769784350956	0.769228380811938
0.293877532474975	0.209895408330033
-0.493049766640739	0.261303272442291
0.295034779219117	0.198469516434765
-0.810815430602311	0.525940868573997
-0.104664988753816	0.0611430696136335
-0.415502827546096	0.230455886279618
-0.0558489803247717	0.0242313169002519
-0.683383719217453	0.476486445621833
-0.646395902798979	0.380189954929966
-0.395022882227856	0.168315057184819
0.141246809977989	0.0675310493123094
-0.50028580105351	0.261609466156221
-0.022651995667596	0.0107578623357175
0.152182018060155	0.0588064306288629
0.0012552397191018	0.000520238616143883
1.96682445962641	1.24869670750428
-1.02454205705902	0.414665056409594
1.45461172869713	0.491065821848087
-1.79541110556836	0.406108159138969
0.951547874681655	0.253003737941398
1.9613717712777	0.470903909509444
1.96025897070573	0.471212877436839
0.158321872008447	0.03054890339565
-1.81164048029005	0.747635014309802
-0.769402563968913	0.338856479232492
-0.522938609184387	0.203337039703685
-0.0362362686028109	0.0168014095241664
-0.102689720741604	0.0409868814611184
0.166760634916841	0.0427859605507963
-0.235356057420361	0.11619655343572
-2.57507908676252	0.680490038595289
0.1569402923211	0.0752688022321877
-0.0526970440930397	0.023132358212482
-0.946181417281128	0.573459877942754
1.96025897070573	0.471212877436839
1.02540602711801	0.388183281893046
-0.536390170568121	0.207178133529191
-0.347528305961503	0.100672430355311
-1.80012731460838	0.40572439661199
-1.04657831815968	0.418480413779313
-1.79522376365631	0.406159618358576
-1.80012731460838	0.40572439661199
-1.79522376365631	0.406159618358576
-1.79541110556836	0.406108159138969
0.382977861773991	0.173399486459477
-0.221860227790252	0.0729410950813406
-0.556490163493285	0.349760959294169
-0.209749781927162	0.110083976970344
-1.23481420264721	0.921023709504496
0.141595248893409	0.0490443609015525
-0.338232313416877	0.0987458905293902
-2.57393942994101	0.680804613621979
0.529299308736187	0.192919695459024
-0.723538168538297	0.250916884167018
-0.772752584084013	0.345638417777207
-0.62409333671727	0.15194082521988
-1.51009345022257	0.545190528961888
-4.22997659741771	2.02144025111487
-1.1727746701397	0.659680870669437
-0.395991800617787	0.168840395606477
0.146591810703165	0.0705540299848405
-0.930129086717443	0.674666733741033
-0.0585881260780501	0.0257772170695736
-0.98623770485444	0.501884047923389
0.55025695166625	0.317256291320246
-0.602655638105801	0.292048786534645
-0.62409333671727	0.15194082521988
0.144616061493927	0.0500253520513714
-1.28516527704006	0.593068953266583
-0.0864687707619238	0.0519395223899224
0.147528393742037	0.0705022870007616
0.597083879785373	0.310286297247129
-3.03746045448081	2.41865763854258
0.144803787545296	0.0692956146938174
-0.331249387467402	0.197464181737034
-0.328550680835017	0.148728335447857
0.158713281422671	0.075922215352071
-1.14016935299318	0.348638213237076
0.157607154140132	0.0473340538421367
1.32815384338885	0.59428936619523
-3.753325756616	1.50774999821741
-1.00327945546955	0.886832153843082
-0.73248982751734	0.255921070717602
0.148009607409806	0.0508661285145361
0.166760634916841	0.0427859605507963
-0.779201170961778	0.349669330011866
-0.187906245897422	0.0997119069553705
-0.792752679266524	0.433423126737381
-0.789819807150406	0.43117432162069
0.163791530128351	0.0936562167918535
-0.100320086642903	0.0403148486978693
-1.34584263242638	1.08815195386912
-0.0844980404867947	0.05144743532514
-0.102780222267367	0.0414424096297599
-0.149161738676502	0.0542989954328882
-0.234421423793199	0.116035911222322
-0.468525992414165	0.31149464597235
-0.106599362383529	0.0623261114282236
0.0610691694641166	0.0392921166834075
-0.33996735035599	0.201591945378995
-0.104902240991428	0.0615305915471734
-0.550317647565629	0.345620039027519
0.021664343592354	0.0116898093787468
-0.143869832948417	0.0798810492798016
-1.18238458285606	0.670452511283229
0.163094953310193	0.0494223382636678
-0.724489220764226	0.25507339261849
1.82748782049169	0.728181584217454
0.160510100025773	0.0484285557089307
-0.659019940534966	0.38993871807195
-0.225194933696446	0.0739396270147115
-0.15103593342636	0.055030887592407
-0.724489220764226	0.25507339261849
-1.18422907327499	0.6658101613207
-0.341163451009262	0.2027992219094
-0.471155960548118	0.31032904016073
0.00084096136095199	0.000306451084612412
-2.12004415502177	1.61067928086577
-1.17235997200697	0.66993438710555
-0.102732516759253	0.0415613264455241
-0.807768822881003	0.524977250853559
-0.0236122369768174	0.0154440386418092
-0.0323018522370812	0.0151495093677067
-0.772467984691118	0.345310968145738
-0.275030114236461	0.171863320158975
-0.186204122683659	0.0963684878318562
-0.190388416372444	0.100763911198758
-0.660722703766941	0.389484905364481
-1.4576051148326	1.28584480951779
-1.49916638864748	0.773292440454852
-0.419247603129415	0.175644951584646
-0.721553008145098	0.249526979877972
-3.08381588002162	0.95918852957187
0.688883704480833	0.329115759659713
-0.612697614956906	0.497604255827337
-0.933185329358222	0.672378873158029
-0.347343651948862	0.100521829573696
-0.722963972614807	0.250154165661167
-0.488404309176342	0.257083791354799
-1.5208643075246	0.552186247107342
1.45606145484126	0.491057209685398
0.149315858131757	0.0721015100093893
1.44802373701254	0.917146096891362
-1.03302388557896	0.421793611703792
-1.00006390530403	0.884688542074772
-0.315628394179968	0.14575477149633
-0.148712408233657	0.0546464053678112
-1.0939457802379	0.739951626253705
-2.0302811914872	2.09096856555455
-1.27289941916576	0.585707177565299
-0.191584674011339	0.102720604037769
-1.99393969375888	1.39696919253644
-0.793557474394364	0.603003640561881
-1.49405110429272	0.778055861234887
-0.030574903246302	0.0143914040732189
0.354839600997993	0.177502102487724
-0.407885307513508	0.23011710987072
-0.46227040785144	0.300906597550155
1.77981718451255	1.77718174083134
-1.17513278879012	0.671205029796001
-0.530671843634332	0.2061859514931
-1.22456780672853	0.919431258680348
-0.640898104545732	0.366918193937096
-0.490809072923417	0.259011460245783
-0.609520921070317	0.298082193005535
-0.102221048657667	0.0411285428770169
-0.152113499394113	0.055539912158326
-0.521103486689622	0.201846081379412
-0.22601241079085	0.0731693773859038
-0.0476847429413661	0.0208312069901775
-0.623203514518812	0.152886975065438
-0.550010326073451	0.343039574410801
-0.538581434672188	0.334758596066829
-0.0855817648865735	0.0513850207320676
-2.04132304722732	2.10682221831176
-1.34209061046796	0.840132865863597
-0.719426085672194	0.251004789565613
-0.774512509390796	0.344700969275327
-0.499840950070283	0.263459811156576
-0.920933343370272	0.663547291291887
-1.33737587878162	0.844427356290016
-0.445861241533774	0.344837124686251
-1.60090464537449	1.21299455190231
-0.0521564167297175	0.0226155992327748
-0.633640630764713	0.564395921115714
-1.70246371503007	2.43328860807313
1.45340766750202	0.912859724495083
-0.729903352754239	0.254204229928182
-0.397239214323214	0.167334511467005
-0.545009630475264	0.335041272488126
-1.02849046705274	0.419931822610547
-1.04214227382415	0.817140266552873
-0.112836570696659	0.0658827908806196
-0.964008467928661	0.592782736097717
-0.952368869992396	0.577152963905912
-1.51279643757503	0.547771213649107
-1.51396593073936	0.54893460092185
0.156634201293332	0.0476265114655575
1.45496621180374	0.489974899858239
0.146923762007403	0.0508196417525894
-0.623695063230009	0.152227657420805
-0.146388332965494	0.0531152247748652
-4.40341639715528	2.29217489378911
-1.02620966872653	0.41818337996543
-0.619634069394611	0.151716324023864
-0.628447709775194	0.153171179772782
1.03922988577136	0.400124112296972
-0.552586884430479	0.347634250415121
-0.108167508037916	0.0435912033011045
0.435554450577208	0.415614030637817
0.491227775348267	0.648717520655216
0.0631584445914203	0.0609571116490275
-0.287061123413211	0.254966014290208
0.146835585674207	0.0572347599611663
-1.02878915212886	0.416662754474551
-1.5154277743567	0.550652304944458
-0.147965038499512	0.0540019765178754
-1.03760886104853	1.15725852909297
-1.15869219775268	0.991642794593138
-0.60898581982616	0.29436474677058
-0.352661552728279	0.331861214109958
-0.326003949628214	0.192512864411557
-2.47389006625378	1.40927163394518
-0.957540960378545	0.589234936904392
-0.302064786849757	0.28586323605345
-0.140599819753236	0.0786850273576848
-2.28361142919572	1.18123677773886
-1.67875050504526	0.969829586643215
-0.729903352754239	0.254204229928182
-0.243857875022269	0.121264195772194
-0.610445837697756	0.298771474775142
-0.0834244390560519	0.0509459353506953
-1.46093969871786	1.28776407778103
-0.783572331370353	0.34553217732444
-0.147413525125714	0.0541557128042683
-0.346338838256578	0.100875906320348
-0.230870507498651	0.0758567367259122
-0.00181805115345794	0.00096008645094651
-1.68091529709256	0.968596470429859
-0.610833460977436	0.299002705735265
-0.654915952281196	0.384652321114334
-0.725274597949347	0.78572463763506
-0.468157775875193	0.309085668106003
-0.420683412495255	0.420583206433342
-1.71780982195242	1.39771712515777
0.307751606314663	0.227803702950212
-0.317436970730729	0.281049703777739
0.163529915929016	0.0935316612400505
-0.106863850735119	0.0430512195381685
-1.17184777399493	0.660762715569933
0.669700188276656	0.216836591054402
-0.496227048495073	0.2608299370348
-1.18013935445302	0.670452926455456
-1.27822758284302	0.594160090070886
-0.956607305724476	0.999736822730653
-0.0273053238142929	0.0129603894536665
-0.213517202560188	0.158933789028341
-0.408082305845827	0.319386823132406
-1.27990608276077	1.39345885780306
-0.037298287723541	0.0174932740132313
0.360798089110487	0.179038419772016
-0.958489664523635	0.591538112737491
-1.23081759124493	0.924150007214297
1.0033391936125	0.809528710811762
-1.17961029345291	0.671329585647653
-3.75448747115041	1.51208464914552
-3.07792320695436	0.955710221735997
-1.67971100352551	0.968480536472583
-1.03016432810562	0.417494436414598
-0.524131265471028	0.202505065683573
-0.259102977555195	0.127867886339129
-1.34863934954839	1.10329282124289
-0.52556727760428	0.203116503406994
0.144969742269612	0.0690311536551342
-0.484068776551855	0.408236171236063
-0.340914885943416	0.0986896672784069
-0.720373042249908	0.25096406524236
0.434765734153405	0.177993138783725
-1.03188313440964	0.418507281503945
-0.105389714352962	0.0424193779052806
-1.09668841686891	0.751004344517519
-0.610833460977436	0.299002705735265
0.806434676971106	0.341029459951134
0.679211942715075	0.322720793319865
-0.465979710612452	0.30898820969911
0.142572669479194	0.0619955023066334
0.322645064508175	0.175546891409729
-1.68405869590874	0.966404331522216
-3.45549576669823	1.25034460620717
-1.13599688789171	0.349486711323194
-0.624582031923329	0.153403426322781
0.146798653093219	0.0769765197597721
0.347304554048028	0.190928938323748
-1.09628358927294	0.742772689638447
-2.47831025212016	1.42348517366753
-1.49405110429272	0.778055861234887
-3.76202423087017	1.51342722555874
-0.524131265471028	0.202505065683573
-0.959364693466773	0.592447234675949
0.383886969187111	0.174624801075651
-0.0954270672675942	0.0383398929334079
0.452962063027818	0.183577777200131
-0.0726350214844803	0.0316792602158844
-0.789439469039287	0.430641532418266
-0.248751805615027	0.124517765118238
-0.224705720169011	0.0733188937341721
-1.2849226802386	0.599119703841267
-0.410383635462175	0.173703708542328
-0.106270964938309	0.0427461928777631
-0.789819807150406	0.43117432162069
1.26935586948022	0.71134692873008
-0.358337140988707	0.103049703911164
-2.48472400690217	1.41602833512481
-0.623695063230009	0.152227657420805
-0.338232313416877	0.0987458905293902
-0.221549116887011	0.0733586886722837
-0.529864970515055	0.20318186649954
-0.673578476853793	0.462930710756096
-0.612754532627913	0.297059345736773
-1.73178889298796	1.44156339289607
-0.504936327269823	0.262237903315895
-0.338894514223068	0.201754168832718
-0.984370173910544	0.498898517233409
-0.190695151575994	0.100920627560698
-0.513422695087155	0.386433970496152
-0.712971072063366	0.677841617143562
0.152206302510382	0.0659108544574017
-0.777898816341768	0.348631200573361
-1.48370518047417	1.02587697159091
0.155287115966372	0.0591733677313584
-1.81814593327299	0.757477944035012
1.82361765344649	0.72436350636832
-2.57994643475892	0.682934722662173
-0.233210222913923	0.15075687469987
0.171743938396999	0.10451793173075
-0.553089027883836	0.346746807993981
0.296371653179323	0.200644492477416
-1.11179315407337	1.06327946738514
-0.143242435429019	0.0806906029302022
0.341088491558147	0.187695581106462
0.165534317841359	0.0937633198465074
-0.412945198163185	0.175108643069649
0.417893070110249	0.313471687607608
1.27115992199819	0.718531324632175
-1.10432446083102	0.751182345207433
0.163311686221074	0.0491766335657994
-0.518945913103219	0.201612309704566
-1.99749724017507	1.40872454669417
-0.954246369864918	0.58394769420943
0.510167219620372	0.317256658988669
-0.604505279692161	0.294366536257939
-0.94705158525794	0.580185854953404
-0.79093130709858	0.516886307998667
-0.0635463920535368	0.0277975053684857
-0.989460578817012	0.498236699460103
0.00901047076965927	0.0049992713578938
-0.612102195098172	0.493039914615217
1.15748838730399	1.28632063674888
-1.09841115345884	0.750894593392533
-1.48475933054057	1.03631448122044
0.315022151974952	0.187745955881564
0.174036410217475	0.103601738477824
0.149503515251289	0.0648413296717991
-1.17328369638531	0.671526484374024
0.530234735136755	0.195115554796289
-1.1412609968196	0.35088828313214
-0.294618280815753	0.214359772646141
-0.236363560543394	0.178897014897138
1.42504926224151	1.56990996423499
-0.447248839131275	0.346130512350037
0.182604994530151	0.129855074594226
0.288780246990135	0.233193447704681
0.297493971375545	0.201414890738649
-1.716964845347	1.39369699721714
0.329698436665009	0.195730884470539
-0.329678964685392	0.196186252694158
-0.186471705733331	0.122880380567269
0.141493790786818	0.0550477805246781
-0.77852656407205	0.650626571799984
0.175814837814698	0.0440558167231384
-0.352824712262703	0.102155795737906
-0.991230724735651	0.496757652087311
-1.100740115574	0.752834227007039
-1.49874044389978	0.778455311524854
-0.504179771370157	0.375609750529691
-0.0648793670734584	0.0283573029912185
-0.0858594730794778	0.0520527395938449
-1.22626811106647	0.92040819036904
-0.631884345297995	0.564936941303924
-0.804794589431867	0.605070471037042
-1.052804398571	0.834179561824609
0.013564422826422	0.00736468126392564
1.10099354794007	1.46677549265878
-0.187369644438232	0.0998634841195676
-1.46209367121269	1.29466724679558
-0.456203073709035	0.298390245283198
-0.568879065893214	0.516700180187002
-0.776879787840873	0.344461894256519
0.151829705041778	0.0858787567608224
-1.15908515199516	0.995970755427335
-0.776879219916836	0.347397010506723
-1.79522376365631	0.406159618358576
-3.46056115971004	1.25132587477871
0.157056474373317	0.0303984095560313
-3.07968455989498	0.963635125148535
0.468377574380126	0.316710007168953
-0.573774130693482	0.402844840029734
-0.403129075139671	0.317400997412615
-0.536386347273469	0.441687078130123
0.280299727165331	0.212897730457531
-0.676795014815961	0.465395134668977
-0.963519225742903	0.592980233660307
-0.502839514282984	0.377777916773733
0.15993574587836	0.0843806246502952
0.14971744932443	0.077685765606786
-0.790950212014164	0.436604470749783
-0.497141333788721	0.262511633184996
-0.400375131161567	0.170476605274052
-3.45549576669823	1.25034460620717
-0.405058914373109	0.172684284751207
-0.653961489643565	0.388801601271304
-0.958891222107647	0.592201865106131
-0.10552008315132	0.0426262885060725
0.0610371511283525	0.0406992252384253
-0.489280766854271	0.257343067415587
-0.343268806146835	0.0999183449449793
-0.792306760250954	0.518693123542077
-1.00737404012914	0.902961472531554
-0.786686602972121	0.349677420395447
-0.985281130704056	0.959468036759705
-0.694011731938278	0.549889889634658
0.00759085372574519	0.00426073369531385
-0.192633504545139	0.101991330633227
-0.24622009546943	0.122208884227209
-0.735788928866273	0.255451470384917
0.951547874681655	0.253003737941398
-3.07968455989498	0.963635125148535
-0.222901125507273	0.07385839070143
-2.57936018855439	0.682903044011602
-0.339412770165686	0.0990063673017856
-4.71528190011283	2.84134931711485
-0.193054507857358	0.128161357295191
-0.0799635278715868	0.0573700402361198
-0.0442008144837183	0.0284357321150546
-0.339455636988133	0.202475341504377
0.054412576898556	0.0359862512994906
0.154648370757061	0.087670557889646
0.164374528368852	0.0941387912558159
0.851292882232982	0.615305832622303
-0.157555289345605	0.0882687138332062
0.2951525535409	0.184851705340417
0.149315858131757	0.0721015100093893
-0.491616593462786	0.257713399966371
-0.31009708070067	0.143643851282101
-0.624582031923329	0.153403426322781
-0.102406220099274	0.0411302498165056
-0.399090488436148	0.170073668796408
-0.40251508325605	0.227926386736731
-0.78123283560621	0.657833067037043
0.864426586393275	0.628032792153728
-0.665987300562658	0.390012828639615
0.47383960823745	0.31767568108381
-1.10598639591085	1.06195550972649
0.15040943542578	0.0900602903740354
-0.685188224417555	0.533619941161195
-0.784344369306422	0.776065120996918
-1.06654993957125	0.828588733439204
-0.290743581602056	0.209466547958436
-0.440030307113779	0.336743459066025
-1.61354403449575	1.23516094827515
-0.996185944845233	0.964684243965078
-0.183871830881906	0.122042911237212
-0.524932853331832	0.391904803336814
-0.615353533030979	0.49963605725924
0.83704593507102	0.742107669778844
-0.216233327172033	0.0712426822696432
0.67114469411031	0.215490092261742
-1.139798321011	0.349782272227464
0.169301214921532	0.0427592743769238
-0.343268806146835	0.0999183449449793
0.166394015894957	0.0421995715384941
-0.771161508762355	0.34142138493375
0.155526521605554	0.0532128765898322
0.0422433260039672	0.0255326598273653
-0.0941380880403526	0.0569762379043346
-0.0576865123142209	0.0361089950718518
-0.493534177212612	0.36408362814523
0.1608036869719	0.102901549988861
0.175515707201897	0.12860026733497
-0.0295577898841945	0.0139624164848681
0.175598585708708	0.11299163055826
1.12737867066812	1.14049572077414
-0.0260899433605706	0.0170337440901789
0.469513057001806	0.315863406428568
0.140891428288908	0.060904314261619
-1.17238082827497	0.662485332944579
-0.723310015883846	0.254344357266946
1.03932317999806	0.399473022199737
-0.524252707979673	0.204085170600417
-0.0215968424549792	0.0103120255135093
-0.248330531981191	0.124137920986872
-0.960244855195355	0.590329228215385
-0.398770700609257	0.310489212340721
-0.574428681357112	0.548670022256264
-0.220109901011941	0.0723811542078152
-0.268862656633486	0.165359253236176
-0.398138992913368	0.309299793363822
-0.935245471452749	1.04943855084629
-0.802856752641783	0.528221088368916
-0.504397234063176	0.374750392113032
0.142877738438115	0.0615345074781389
-1.02985304618648	0.417366865086498
-0.329978805823871	0.231535404186629
0.137805886818994	0.0595503902395953
-0.00382587577509361	0.00192454208817747
-0.623695063230009	0.152227657420805
-1.13238101744968	0.345367402292769
0.822157638974394	0.35584875469151
-0.0948785436976563	0.0379647799727033
0.278806946342792	0.203719919593454
-0.133763342190154	0.093188250887357
0.839594033131723	0.753911221148719
1.69261861503974	2.22037708670918
0.323754446139659	0.192894293961398
-0.256807178826015	0.153553210246626
1.05450710893452	0.5173944638936
-0.792879941330265	0.743716772650321
1.1051950014199	0.965333037174923
1.11190585253495	0.975396815779157
-0.062616565530439	0.0273389742708638
-4.21812417083856	2.02805192827638
-0.722107203298062	0.248515786358393
-0.796310196237544	0.525521745763407
-0.408909684576828	0.173426470986382
-0.61960534552131	0.300510648702095
-0.190009293361656	0.126599696677039
-1.33800728254378	1.08020177130759
0.138208282247422	0.0656488080408358
-0.793492494934721	0.518397189838797
-0.786686602972121	0.349677420395447
0.818401429874522	0.3510010871155
-0.457041322496713	0.350880143875055
-0.108987456417329	0.0630144436829223
0.0637442449431656	0.0387711064988107
-1.66163918375983	1.68673580014167
-1.01034832243097	0.892688585173197
-1.06799537192021	0.821923085023497
-0.180685974752841	0.0956833064813569
-1.49975535419222	0.771988704660767
-0.653096265725075	0.388608385608011
-0.557885087300338	0.349524859715304
-0.513316419139963	0.471568947395725
-1.28278970955142	0.589182514630397
-0.996917080630793	0.504568445214349
-1.6110023222894	1.20808242300039
0.173098035606419	0.0436660682371104
-0.00620828560981589	0.0030670069936433
-0.341883740678267	0.24306899288193
-0.236530797488568	0.153755328308547
-0.148313072133129	0.0835060710155301
1.02248636661136	1.28303151919022
0.864947248724748	0.630880568014777
-0.0941643105185199	0.0574115207368428
0.861839257512893	0.62710097182359
0.77691112294194	0.594987603505981
-0.99160532010116	0.505778587229041
-0.760970926187252	0.333182242971268
-1.49201386817581	0.778707402834225
-0.725896158891892	0.253805951910148
-1.05624853237477	0.833181669424989
-1.60981721176521	1.23203410211533
-1.09763789693588	0.744725339160652
-0.321127562856255	0.146364092591606
-1.94027337941202	1.87390081931595
-0.238093399959811	0.118854396479291
-0.33880934140762	0.239909639002779
-0.150926493893935	0.101973783081001
0.166080345055598	0.116886721723627
-0.186813586778307	0.0994381966171893
0.139432279957111	0.06034234287435
-0.100834149042324	0.0403700432775533
-0.0852478739439523	0.0519513630699957
-1.17520108132813	1.43999341789574
-2.57393942994101	0.680804613621979
-1.13238101744968	0.345367402292769
-2.78824347964461	1.91269208931496
-0.395498423731817	0.309604556086899
0.0688797299694415	0.0461629864404758
0.187921851756833	0.137816259336186
-0.121058137836776	0.0706460166610265
-0.622328895103702	0.547377397758202
0.298684708895933	0.222617695549546
-0.104645317659636	0.0420037540482151
-0.668292153592495	0.458328628885804
-2.64597134625435	1.63105472417042
-0.529590931055547	0.206114530882042
-1.32815787232552	0.832127461252563
-1.13599688789171	0.349486711323194
-0.0973331504973105	0.0393571325416917
-0.247091061722936	0.123194014994185
-0.615902880476494	0.30174608006186
-0.660751988689063	0.39089055926737
-0.672854001145084	0.460037189562644
1.08065674607775	0.669857820843632
-0.963024080216068	0.589455598204704
-0.585381547824002	0.423601484816571
-0.264053283510221	0.162163115484301
-0.0691898775419921	0.0506151948158976
-0.390004658127879	0.266300855636738
-1.09329384612956	1.2640107578787
-0.487137946949452	0.412556782932934
0.0115647480005435	0.00632271803014641
-0.384969282789997	0.259878621141409
-1.33128900195745	0.832311314168931
-0.311130992440824	0.142268365142975
-0.289528477023996	0.208222336358926
-0.450801737690768	0.346238479992949
-0.88993616811737	0.808682920047124
-1.79522376365631	0.406159618358576
-1.81140338655151	2.03056507261974
-1.47712320455937	1.02757619910533
-0.976010978565181	0.953232512296602
0.445956859048473	0.317340407719106
-1.34721951872538	1.09732551162992
-0.150125865893158	0.0843014414818041
-1.33800728254378	1.08020177130759
0.0501255681070834	0.0303645451725203
-0.907332512243312	0.754101631543639
-0.790433983093676	0.432770530923929
-2.57450915234243	0.686119713628322
0.673290374161129	0.21539984522156
2.1098250236748	0.960200477129045
0.355862801893773	0.17852794265263
-0.97900136103569	0.495018827323948
0.149853105967217	0.0649478893208599
-0.0636281148585226	0.0280441453398971
-0.719194001735348	0.251086827288541
-1.4503553833935	1.24089340949942
-0.409415252514099	0.173082594925053
-0.506277599131458	0.378480217515058
0.894504813822409	0.487480093057045
-0.778919093445955	0.349025831228475
1.00452674261405	0.809778402251032
-1.00934743232677	0.897787809102605
-0.266583517321674	0.163770916022453
-0.180571637861057	0.118749130557456
-0.186206623003587	0.123765561159777
-0.646395902798979	0.380189954929966
-0.32716251149033	0.193126297189323
0.38222816255329	0.173783928001849
-0.250569010959917	0.125293513548091
-0.794915591289788	0.436176015756917
-0.592079701393213	0.426344446785352
-0.969021200982954	0.932507572200146
0.170061956434915	0.0968235113031847
-0.406675325032305	0.227384890046454
-1.09664798908646	1.05077571943277
-0.337651114494508	0.237714393364308
-1.55508481314694	1.48439722664232
-0.948377495893077	1.061683371066
-1.52232119373392	1.67699590542075
0.857075404662938	0.625509989940328
0.855871384176484	0.617321728634266
-0.711426074506053	0.620340535002951
-0.397988564666662	0.272346621099968
-1.18053450833852	0.67243059473729
-1.67249477659624	0.960415524300744
-2.57393942994101	0.680804613621979
-0.623203514518812	0.152886975065438
-1.02871170775367	0.417044529530206
-0.103661141028937	0.0420042327055223
-0.0795048020940823	0.0341300678393966
-0.616286004016235	0.30143490963561
-0.615855234074898	0.298922989452473
-0.460308053938183	0.301935732526057
-0.234925173656813	0.116636566655047
-0.401117636997912	0.225153774292167
-0.796310196237544	0.525521745763407
-0.28853905649114	0.179950130462266
-0.119757053003532	0.0852210949754044
-0.0274990710179687	0.0178929804037394
0.156110824224881	0.0819297885527766
-1.4709872720697	1.01377344095213
0.706297803695645	0.459692418019603
-1.0577927610163	1.08747879908939
0.154671538116993	0.0817347441288946
-0.612145438014205	0.297697819633693
0.148448238167646	0.0513076201238473
-2.0269303965467	2.0685134699978
-0.260638931436681	0.159429759172726
-0.190198191721028	0.126251272021577
-1.51881703656416	1.66994828502001
-0.66470335382536	0.392213140290928
-0.291423475567458	0.210009264167071
-0.792258139403804	0.67676613600715
1.41811460242705	1.7458349177655
-0.396961333937204	0.169069226575145
0.850767245041012	1.04281769966646
0.41570006875884	0.310450891289445
-1.13900716695186	1.23261292135583
-0.142317481621152	0.0519396951823788
-0.39811919819778	0.169202407581422
-2.07554755290781	0.970734229791733
-0.239827304956825	0.119687115823833
-0.804090785532171	0.519949091946241
-1.16596890765205	0.660278651174474
1.27242372353935	0.718360154360699
-1.17420796844917	0.671948679234328
-0.107384579203446	0.0430213037775229
-0.391850493468769	0.267615504702192
0.0274915030526409	0.0159231372318802
-0.605494596218858	0.492385821877048
-0.253792827096395	0.125937941334836
0.303917417463331	0.194365903893861
-0.404961639026276	0.226737213175972
-0.63242276004824	0.561558198633171
-0.0158265270930333	0.0104209019773196
-0.408209669817992	0.229760761387878
0.849421270435493	0.762378883885771
-0.676448896739522	0.4716983357216
-0.798756516023543	0.611677495622837
0.602748147475317	0.55462186279579
1.23679643626162	0.848781770811463
-0.978946436709521	0.487644144378908
0.1588995276689	0.0306480879354901
-0.22458825905564	0.0738605087191762
-0.160220812675745	0.123701690680242
0.59183246535252	0.567463153756422
0.101292230236368	0.0728316569947906
-0.278400072187824	0.173872203583177
-0.698130798249229	0.609600757599101
-0.646395902798979	0.380189954929966
-0.607341595481306	0.292490327823148
-1.28290684431383	0.577174667928447
-1.13345886337206	0.34828321496857
-1.1412609968196	0.35088828313214
0.166760634916841	0.0427859605507963
-1.81814593327299	0.757477944035012
-0.432435024799777	0.369360357325143
0.450208381690465	0.418936437498211
-0.0857834185088966	0.0618658007831354
-0.620467019257838	0.548899043633455
0.164536562915627	0.122823335827866
-0.891044970948776	0.809824745406745
-0.272434693582717	0.169204183274893
-0.781235554126182	0.346465337902491
-1.01612031024169	0.903349053860673
-0.199821477284911	0.169582550487501
-0.678738500208145	0.526517198758255
-0.706699066298467	0.663975875707524
-1.26642372626088	1.168645669068
-0.459012388061114	0.300688006507987
0.00531961346266698	0.00309776435917438
-0.487061163132179	0.255682967190836
-1.17092142872885	0.66082761525485
-0.344119186039616	0.204997924955797
-0.687211039195796	0.477293316735769
-0.0622692555006939	0.0273856967612758
-0.233072882497993	0.14994129635221
-0.144657221278321	0.0811475641186105
-0.191247086518846	0.126821400944265
-0.202981060554959	0.16644997501356
-1.23222034308972	0.924247283339673
-0.382678470178353	0.299243111284714
-0.0361825751005276	0.0232543121024577
-0.58873835490829	0.426174370435368
0.987357110813219	0.788755241507071
-0.786634179379494	0.785132942988357
-1.71865523850868	1.39987108824497
-0.032654141346875	0.0154581395438371
-1.22512547115615	0.919329964390852
0.882045122139498	0.878021913107173
-0.446035658881533	0.343216712877048
0.348989059454187	0.175129005978979
-0.101848527109922	0.0410558052055211
-0.343693528937163	0.0996288364739292
-0.0748503739796563	0.0532147674026935
-0.500298166119695	0.453080094052403
-0.352876312558409	0.283224535956945
-0.270108743272647	0.200303713893464
-0.200842028269878	0.133939101029591
-0.0928497085659428	0.0667026562768361
-0.332733810364199	0.233276818131471
-0.273824872160241	0.168370203933118
-0.216459792863705	0.0716410349070388
-0.623695063230009	0.152227657420805
-1.79541110556836	0.406108159138969
-1.13453748317733	0.348386420481102
-1.05683268306092	1.08565357711336
-0.634398503580198	0.76857526784021
-0.234229174218792	0.195500997821777
-0.962393316688101	1.02188386234531
-0.340483520952497	0.271049882485772
-0.803984647680941	0.960099000656896
-0.44196097616865	0.341041128195891
-1.02849046705274	0.419931822610547
-0.0872474005421302	0.0525557558001343
-0.592434088889651	0.578734092083389
-0.480765316684653	0.403875271946938
-0.883747518347846	0.880948335559477
-0.615149674031273	0.541070174250151
-0.258171525867829	0.191262339871614
-0.146628250543871	0.0825751455396138
-0.392770151107862	0.166777270096309
-0.247375434072875	0.123418370108923
1.7748977794676	1.02052278249499
-0.688487128775815	0.544338387238688
0.14816772814011	0.0644268413535071
-1.36013480722137	1.10683030553017
0.316834162366666	0.18879841097068
-1.0460944397154	0.818340894182914
-1.16867706242406	0.665203149311039
-0.270179207391282	0.167313344447548
-0.0243717597721406	0.0115555314686887
0.167687222186382	0.112607979652727
0.306537664429152	0.20811837448984
-0.448163770144016	0.343961013582113
-0.398514258431168	0.312846362500764
0.406469724682204	0.315039620905878
-0.0932401346342789	0.0753155366913209
0.40560300456627	0.399204401516827
1.23110043703728	1.45931284665133
-1.90710167658923	2.29309198671317
-0.305816002781083	0.246879274460613
-0.520024315525337	0.201968241826799
-0.241319182692718	0.119380154817501
-0.622314221648084	0.151717296808394
-1.03632230245063	1.15183832995453
-0.289123855238204	0.209666749028157
-0.382023631652906	0.328727119685045
-0.595007913485298	0.614109654948785
-0.225702057097603	0.14639868687434
-0.383907745266534	0.332515169661149
-0.0446621338953408	0.0286349070110829
-0.911196947554229	0.750744913524415
-1.06172628608059	0.833414928309539
-0.725896158891892	0.253805951910148
-0.540821775825243	0.336334618955908
-1.16272667351517	0.643501934739985
-0.193748180851011	0.129275541882732
-1.19978411257789	1.22189283366725
-0.453998827692847	0.349340052108986
-1.36386171374747	1.89802356754858
0.0742012943765135	0.0493719354442687
0.602286145833661	0.449358397602333
-0.771161508762355	0.34142138493375
-0.315691458801795	0.182820112496528
-0.52402013054653	0.203694200281952
-0.786686084752088	0.43131714149169
-0.459363620928992	0.30378445720099
0.442527379761808	0.181395623041047
1.2718566097362	0.712683488420344
-1.33037060175874	0.839303302528819
-0.304721601904204	0.140994740770125
0.166736618422624	0.107600344846359
0.454571900671501	0.324818171996371
0.602692360653499	0.31429359381702
-0.305006801305479	0.246593370970883
-0.401588962846415	0.27745623048581
0.165503922577511	0.0869814005079604
-0.103257425931252	0.0603122183479933
0.0563968888045611	0.0362032073259132
-0.15410056500207	0.0864203978449252
-0.0302156364547628	0.0142003302951735
0.963551179228706	0.929616716209357
-0.15323266514763	0.0865285379942847
-0.462031751733995	0.302057432023277
-0.137190752623441	0.0761346439571015
-0.162948299402441	0.110909674097671
0.0206166254423876	0.0119347085168169
-0.345159529363144	0.245832636325024
-0.13932893773379	0.120781180229597
-0.348197658577707	0.277741585525537
-0.113272095539334	0.0798505873212648
-0.288363446662583	0.208919840792085
-0.191727098834376	0.126237478042953
-0.290574142359156	0.260062474519614
-0.344402239949132	0.275625764198512
-0.0216623813502222	0.0142219274529661
0.422809097620905	0.318434988200649
-0.72198648359966	0.734012400580155
-0.285424186590135	0.234139240256113
-2.11541569267607	1.61510113813222
-1.02765165280788	0.415656971981192
-0.50938246158843	0.464852834237749
-0.534688083026506	0.443718059667201
-0.481869904388749	0.4076201053398
-0.349560684636933	0.248172065607567
-0.804791427555199	0.524607057970204
-0.661233355824687	0.388822196928523
-0.650503437764247	0.384354101554401
-0.240054627699978	0.156224076293103
-0.708982768922758	0.622669871173378
-0.222153857568961	0.167477502196684
0.0814173306922796	0.0583243393579477
-0.0248159637334999	0.016256840368309
-0.238827664889888	0.154709850401935
-0.339721128516966	0.203668660486098
-0.783336226727165	0.347829987541355
-3.08976598879865	0.953303162204477
-0.788657317215279	0.510119554329581
0.146656017596735	0.0699491451395626
0.304085250629548	0.206344695108417
-0.669259745362201	0.461351606212549
0.902748351991385	0.493637104589603
-0.488908264359259	0.256537926538476
0.594733027467338	0.439568444119947
0.952725906569979	0.643335826253641
0.14153767221589	0.0608952878980603
0.83068245400576	0.857165693430321
-0.500241982166145	0.263967423109451
0.327727395032464	0.196708890032712
-2.13186001235601	1.63019587006339
-0.398511133576354	0.274122941343663
-0.270838551334303	0.200545890452957
0.306664987918473	0.22857999526605
-0.867399671282507	0.855746895810292
0.501716669814319	0.443226518820734
0.0784844672513692	0.0525949430987186
-0.583954879750252	0.421772003301552
0.329013015685064	0.180316740885366
-0.274401734149334	0.238764629198609
-1.09170703752237	0.73905815768154
-0.0729406221762411	0.0533628030331771
-0.135870411354314	0.0951640619513336
-0.801085922256539	0.920733571613546
0.921961288510177	1.20676578740661
-0.358137062867465	0.312904869252294
-0.188806100636676	0.126088917121451
-0.314824536786712	0.146665958986666
-0.460448782775644	0.302999760038651
-0.0423117394496095	0.0196893503929097
0.149799062385088	0.0453698747948897
0.673553513601153	0.218109822226041
-0.866175747025448	0.852313322153736
-0.523031222243104	0.50005534789658
1.24053539912117	1.0155262724448
-0.239640519166111	0.155146096395374
-1.60856925108941	1.23302721698362
0.150962175768306	0.0850544936185709
-0.282789128583035	0.201007263343055
0.0792561005532487	0.0531751933529842
0.0558619503819159	0.0339266619538387
-0.637697437086538	0.569420951769845
0.573353187459331	0.450275471561122
0.753154002441557	0.728469363929801
1.45880490073319	0.91408866732071
-0.33047512373018	0.230640370215824
0.15980118900851	0.0909222772431751
-2.0791962231377	0.971582571771178
0.310722524126666	0.200118745839918
-1.23081759124493	0.924150007214297
0.446849742346894	0.183685662671941
1.40594138138588	1.07788619562459
0.72382941683141	0.464793698701429
0.446255611379891	0.316892765909934
0.0536899660675539	0.0328453935913126
-0.124082875707479	0.0724944452876706
-1.53023192816992	1.70136911067454
0.547618155495346	0.316486907141428
-0.0659822530649535	0.0288144011056569
-0.545063380497726	0.341411112008363
-0.434260383223419	0.329486457823851
0.78706078479443	0.736615934811954
-0.896877095096245	0.821532193132009
-0.469648901755082	0.389304842306144
-1.44114250994324	1.51131670620082
-0.189076827915654	0.141566640809679
-0.473033464294272	0.395529829234334
-0.563683083081118	0.510107579893176
-0.346375151955485	0.301089502990892
-0.144931784651276	0.0996214172978603
-0.347013158746694	0.205763549633106
-0.322387632492138	0.148990546107498
0.289868681871738	0.215391848223147
-0.556739931422973	0.349727520402061
-0.723310015883846	0.254344357266946
-1.25081107873216	1.14659493794759
-0.106863850735119	0.0430512195381685
-0.725896158891892	0.253805951910148
0.143074866879088	0.0553218038304213
-1.72434276576065	1.43471935058847
-0.77852656407205	0.650626571799984
0.303342898303791	0.192868477410598
0.185269860204726	0.131251752347047
0.408804113952429	0.320584941986203
-1.15825346209276	1.00012470558849
-0.176816941139464	0.0929270094867286
-0.677984451458462	0.471019969734437
-0.624582031923329	0.153403426322781
-1.79522376365631	0.406159618358576
0.816796075513508	0.352385300037275
-0.521357579386442	0.199779658101577
-0.149014850415935	0.0540557143040431
-1.23477487832105	0.919894955159131
-1.33261491802073	0.840774914309201
0.887247742708993	0.481855048500336
-0.40305279217743	0.227995842663372
0.321954169599001	0.192178564282315
-0.403627925542444	0.278098459355664
-0.276113184828848	0.171433726689703
-0.0304042572919432	0.01441158253198
-0.501758164109772	0.376499950821413
-0.354870459880258	0.251249414057136
-0.545496498515188	0.337245146319934
-0.552534614542228	0.347715795248888
-0.550011553178521	0.342123892512154
-0.789526510821236	0.515432982331578
-1.09800433069836	0.741850902778701
0.504080264241799	0.426218946875527
-0.397787994613123	0.307599924044536
-0.516098064988257	0.468492530200245
-0.508765129743407	0.379912838228486
-0.384576507684446	0.261107124826592
-0.692701604162871	0.598828101450407
-0.192466303428853	0.127227999814362
-1.100740115574	0.752834227007039
-0.637975449964608	0.606724935214163
-0.804424968576245	0.438135484102258
-1.04383125367322	0.818053797413411
-0.189771739126784	0.126319095257231
-0.422387461690028	0.233943952537348
-0.0717018395276833	0.0432909747244598
0.0388841323276447	0.022467617831838
-1.25024251405945	1.14338522959832
-0.158466029677387	0.124440818695716
0.0967917723101381	0.0702334692809295
-0.795215313870587	0.524151018803305
-1.00546556533647	0.889067499094761
0.899563699291533	0.493503891378626
0.27806639955214	0.206227410472647
-0.269023819064758	0.165736196862987
0.444294786050343	0.315208278508897
0.360374637904446	0.182212162425847
-0.267964437272853	0.165980959376582
-0.187360789720056	0.0997421123689418
0.645074903028782	0.450724345551658
0.305850167148114	0.209553078790309
-0.228358576380837	0.0754206022353645
-1.16636867396514	0.658024947918292
0.297242918772523	0.199418405265217
-0.154835841563796	0.0563030454582585
-0.800916044878359	0.528803492657499
-0.115456271636667	0.0679709470569812
-0.388601591663898	0.305516601472206
-0.0739683315416796	0.0320413002933939
1.41100172247666	1.72716903353648
-0.15305394996009	0.0561503783181607
0.163495720439158	0.0927929952573736
-0.793944040086815	0.595640922844698
-0.10872641036116	0.0438528865909718
-0.401888059640663	0.27452743433163
-0.342264186375822	0.203713357776764
-0.465183075462056	0.306375190442602
0.322064001880026	0.192578516042555
-1.01107821814098	0.906114707947601
-1.479346553393	1.02374433442241
-0.458637027068395	0.421576501796528
-0.377571684247903	0.32291268994236
-0.0615676692905558	0.0384982970102079
-0.922821990960222	0.659750505364054
-0.323985573276239	0.262536741628137
-0.242558225808069	0.120961538018201
-0.615927449453082	0.493537403483103
0.743966746131287	0.714785534136587
-0.108762007301014	0.0630606906571108
-0.443965833939992	0.339249960184126
-0.890811007456945	0.814049057514279
0.0743511670957074	0.0474585591902355
-2.35466831043585	3.69066078413593
-0.398776817471561	0.169595465995923
-0.277962475954406	0.245433960119486
-0.396354369676117	0.268522836865503
-0.925905105841565	0.665677743860107
-0.542970671990298	0.335963560994378
-0.33252726051911	0.233370378474739
0.0177855695411247	0.00961492651555503
-1.13523371584312	1.24716188613985
0.521498151976054	0.447836482220824
0.316118704801121	0.202254877295758
-0.505668484376365	0.380412770532775
0.174309227319931	0.118631681680476
-0.334813524538988	0.197399433320683
-1.51659726126421	0.549787550108874
-1.1412609968196	0.35088828313214
-1.28170971891495	0.590727891544826
-2.06925682614305	0.953303639064859
-0.772809967855799	0.345229262622284
-0.530671843634332	0.2061859514931
0.444843201556635	0.180611044491138
0.466679473649488	0.314483739849452
1.75991941325317	1.35943225562178
0.424193610069449	0.319838152542969
-0.031435860858696	0.0147515111487322
-0.546620648699966	0.340110563590423
-1.18874649673675	1.21016852847347
-0.399706600788769	0.16951647127703
-0.114853572206162	0.0673136439838926
-0.336358972658613	0.200276334235056
-0.486665909642446	0.254765064005968
-0.501422399047738	0.375438520764863
-0.492956642595205	0.258698473279103
0.286673717965926	0.221401524084948
-0.199308696669738	0.132079600265622
-0.119946301370314	0.0705083849255703
-0.507894998166048	0.381710504970262
-0.338626241379966	0.202113773676027
-0.157147708004178	0.107209775172959
-0.191239563261874	0.101319330813165
-0.798142210319348	0.610699285997183
0.314925400080793	0.203058733450625
-0.234452625873559	0.152167869902325
0.974909253516958	1.05233404200875
-2.61683711842693	3.88950833997022
-0.391724997080686	0.303691078996401
-0.426691736262699	0.364364752090769
-0.0583687027179528	0.0365862735789552
-0.0834244390560519	0.0509459353506953
-0.401892257816059	0.317225066974407
-0.609582492901003	0.296208939108801
-1.27289941916576	0.585707177565299
-0.350454717877603	0.101552906153879
-0.327539067627606	0.227697346271506
-0.133190595780205	0.0930418309173319
-0.130907656487804	0.104026959843943
-1.18711672809289	1.59321164287723
-0.387200459243778	0.336807235554042
-0.345718571637129	0.275171598039103
-0.547243503484246	0.34617833363682
-1.05171325266841	0.81852796644133
-0.260638931436681	0.159429759172726
-0.586123106490904	0.568872809622841
1.15939987520476	1.41136010822819
-0.80229137099142	0.918896824696668
1.09199639860943	1.45974679791706
0.00793351790636357	0.00545254302548641
0.908012235162445	0.767272201371774
0.302370241049	0.206559476309868
-1.82520825564935	0.748101761838019
-0.343268806146835	0.0999183449449793
3.63643152651936	1.45439996443785
-1.02826904072658	0.414339349171287
0.14474970923973	0.0500449668198986
-0.3190112852976	0.148400163014118
-2.44578940372379	2.33318484455674
-0.422787232010713	0.233177052150979
-1.50774935680936	0.539484760175277
-0.568428191760117	0.403889345585779
0.0450475707837883	0.0260036388859336
-0.338444763558406	0.238903920669296
-0.668894362819763	0.689559651354194
-0.110556123344669	0.0646728461138739
-0.0962172596168923	0.058338989125111
-0.583386674299956	0.567624385353544
-1.04814523754465	0.829067097034784
-0.344514500148877	0.242041291994336
-0.343992881762071	0.29755241397925
-0.0408163710021245	0.0262057664473952
0.1608036869719	0.102901549988861
-0.0751012630893098	0.0452660616508776
-0.282006597856269	0.173706736045102
-1.82231749393078	0.757183848190581
-2.63159093295163	1.63089396438972
-0.985338636322953	0.500133304674995
-0.957995291430212	0.589390643760209
-0.423473837226796	0.361009768384273
0.107504890119757	0.0872539550874253
-0.689438843375513	0.476099133289718
1.46496197741114	1.42803888011045
0.477803197951535	0.434219032037301
-0.621203148651906	0.549791278751798
-0.477764262745686	0.395881839537836
-0.19434747447049	0.130034475283396
-0.343115701238308	0.273169675902514
-1.0329934449952	1.15600759532973
1.06677447024057	1.21358861163781
-0.0708973852175862	0.0309250056071839
-1.79522376365631	0.406159618358576
0.152750217986773	0.052406749850536
-1.3266749192786	0.826881220741945
-0.710796316406162	0.676820132872034
-0.343139015156991	0.322034965390012
-0.410323704849952	0.437682436500123
-0.707360126252627	0.903195329351878
0.159047121424083	0.0960043015815101
-0.615131908761804	0.495258709685965
-0.598012875651847	0.478427542273331
-0.475388138291922	0.313658823459609
-0.500370820610519	0.26173778333504
-1.81579996036086	0.748722663220006
-0.54153610509801	0.532070380990932
0.911673573674621	0.993901942367515
-0.798550794925705	0.809083865329025
-0.395542605608398	0.307844371683727
-0.713696612275095	0.676936487753116
0.606650541994845	0.452523764147297
0.61107256772107	0.457316296710916
-3.45442672204145	1.24810798046793
-1.5208643075246	0.552186247107342
-0.619634069394611	0.151716324023864
-0.339689629328073	0.0991873938654728
1.24134316513282	0.859633554251615
-0.552010296606859	0.34717187092869
-0.185111969334228	0.0984427233282706
-0.500326363491952	0.261719986917822
0.0107287972351654	0.00588586780955696
0.0121459266883991	0.0066280395092847
-0.41390349766237	0.23298604673533
-0.00920566890207541	0.00611736255813146
-0.628169405182902	0.506035815986468
-0.464865566273797	0.482337161038252
1.11968466499615	0.985670335858259
-0.169756376359154	0.116545294874937
-0.586525882503686	0.427703885848916
-0.856872572036258	0.906892626765425
-0.354654928764674	0.251453484731689
-0.579189953634184	0.4166218170426
-0.623203514518812	0.152886975065438
-0.397239214323214	0.167334511467005
-1.04668824992446	0.831650259591315
-0.0947641286539923	0.0576963481569968
-0.648632244554511	0.382603490805123
0.488942825854352	0.300550051990055
0.295524456419956	0.199751540022206
0.0974539059635427	0.0731291187098828
0.0630375418867749	0.0406027837406767
-1.11484299760371	1.30210830510946
-0.36577130166031	0.322689261270675
-0.149240179341625	0.0830985206219753
-0.559568415430343	0.50286977793708
-0.659230912272978	0.38272051129402
-1.03068576659328	1.13606360862966
-0.724261839758342	0.252034414225576
-1.1412822568496	0.344496178785723
-0.73427160052572	0.252954344900617
-0.0269262478916084	0.0175499806443956
-0.656871286547996	0.800430913932323
-1.0631409286629	1.47527540737144
-0.794361267426771	0.523645028164917
-0.195027479474716	0.147133191059953
-0.412505632057768	0.231692424928147
-1.85875318952824	1.17072121614545
0.143544165988088	0.0687745449583927
0.956487790679547	0.25443416057231
-0.343542423818443	0.10090975164114
-0.618092065922922	0.298745960678128
-0.59561321286323	0.582203996380347
0.164507567495854	0.122262368978305
0.172499205784649	0.115303619167284
0.542589716569094	0.518719332785403
0.370546195376627	0.291628069279534
-0.0663404192151828	0.0291756320885271
-0.134920389807554	0.0750346399054743
-0.342379729578389	0.202760781588153
-1.5116278501578	0.543160476988583
-1.79522376365631	0.406159618358576
-0.404401306744511	0.172540392766287
-3.07880362658843	0.963967696821091
-0.609520921070317	0.298082193005535
-0.923706442570815	0.664700323421548
-0.660308770546567	0.388386432988731
-2.07578315473008	0.970788456683427
-0.697541848313045	0.605559599561307
-0.193595990734651	0.103139592834256
0.0339300556445392	0.0195354464525523
-0.0636231255213636	0.0399848720055648
-0.226511280154025	0.146919979958005
0.297815360885173	0.199974622615413
0.323836971947241	0.207689769476549
-0.398794388800301	0.2705725917765
-0.404369817740413	0.319227912541116
0.157880673662814	0.0957369144516712
-0.110498672757371	0.0782073806933551
-0.205103491148906	0.135960185210864
-0.216438423080455	0.161010974797185
-0.106727814461286	0.0756887395706095
-0.193119777267219	0.12738998243154
1.32734329143029	1.54344261217407
-0.100543638654961	0.040427077654483
-0.344882985175325	0.100433634159356
-1.03864870587511	0.418283951060013
-1.19650426629242	1.20689035226646
-0.457691402193654	0.301971497819593
0.699221668820295	0.450896881579374
0.40666783142997	0.314304962086568
-1.14046299621409	1.46692547045496
-0.483264236248157	0.409810948722358
-0.586630515218031	0.570898421894338
-0.344525689167032	0.274798244991696
-0.226697803109222	0.170850999780474
-0.509307314019185	0.379211953985561
-0.313025901077638	0.145867946745732
0.168213647836342	0.0427717891925395
-0.727420399689634	0.25376364736154
-1.80012731460838	0.40572439661199
-1.13492041310201	0.349384486959602
-0.716838691308628	0.24822899409895
-0.519797039639197	0.500868090735293
-0.278668877035961	0.174799123847118
0.350971801806023	0.32196395335733
-0.249270038272046	0.124178319593224
-0.106329343832119	0.0625272208347401
0.166412821998806	0.0871503361313456
0.786356830061551	0.471396411766043
-0.725669351344178	0.254938132698188
0.679180916044646	0.319149705144991
-0.0488215093415195	0.0312401906432575
-0.705096839982703	0.661671540847555
-0.0294176255078785	0.0192170641989958
-0.0684499735797798	0.049656801106914
-0.132806698815148	0.0920790536620986
-0.291116974857344	0.211505908063533
-0.0708685318991447	0.0309394335433911
0.332656900292056	0.198539098557467
1.02693094535399	0.391628476671144
-0.630732478411191	0.153857382309032
-1.13870450738851	0.347544729295153
0.153330488140151	0.0297415921897382
1.96025897070573	0.471212877436839
-2.57936018855439	0.682903044011602
-1.79522376365631	0.406159618358576
-0.219052553662513	0.0719255077197386
-0.407314095983314	0.17369816386051
-1.84376548483211	1.16816215842798
-0.262257481554996	0.193918120818569
-1.2743260503212	1.35089280299601
2.31121399082721	3.29625870311455
-0.267365263264937	0.165241107200732
0.24224426566217	0.216498626461023
-0.0710078068742784	0.0445398983630318
-0.906689456975096	0.82887731792314
-0.25919742551612	0.191107867567292
-0.283493458033272	0.176695384999405
0.00867966532269845	0.0048426908801654
-0.783225978189003	0.821267060021356
-0.296611571173384	0.238253954105418
-0.113305483647221	0.066710117705328
-0.508559661278428	0.381853213537181
0.174796839848378	0.112282400865333
-1.67496273561768	2.06659386568999
0.0533210326124628	0.0337900558028389
0.148844176950626	0.0708805046553222
-0.400375131161567	0.170476605274052
-0.73248982751734	0.255921070717602
-0.54551107742992	0.339325256650248
-0.605430932414333	0.294773150923939
-0.723081962585608	0.252158286122281
-1.13074478212004	0.3459795805111
-0.785435008946157	0.928038610687807
-0.988227852511775	0.966980330403485
-0.680995264526324	0.47197534010791
-0.279263486262803	0.175189219774252
-0.576330888575594	0.4155116289085
-0.300690992608412	0.240052180377592
-0.24899205620619	0.205341710443767
-0.291644179399987	0.211080493176531
-0.0123813249369971	0.00818818822683596
-0.864612402888535	0.910220695944181
0.794601316403189	0.730190085317171
1.03089658662325	0.396761481668771
-1.13599688789171	0.349486711323194
-0.59059304651811	0.575077194838339
0.0442458925610107	0.033637489789341
0.177505286436212	0.113446807574112
-0.277745134966718	0.227861858522606
-0.597539793974401	0.480194886534005
-0.495636051786359	0.365774162461367
-0.335068971901152	0.200706626875326
0.94600956868122	0.637506608044577
0.672218008258563	0.213049657255573
-1.10160190607598	0.753314991414968
-0.0779685589780514	0.0474649981321535
0.116128636623394	0.0928730716085335
-0.207061211138487	0.187787469444542
0.111385076378698	0.0874156938128241
-0.0414210983329077	0.0265600795637929
-0.0399933372162092	0.0297701442306456
0.163847984509887	0.0851088497302987
-0.93347260263941	0.674494778959419
0.67888497922432	0.216927289969948
1.96025897070573	0.471212877436839
-0.625469527156518	0.152450282737538
0.15921674927226	0.0483450021306231
0.161910749638676	0.0490513039831909
0.95292022183415	0.255029382628136
-0.625469527156518	0.152450282737538
0.166760634916841	0.0427859605507963
-1.16452104462497	0.656980764228863
-0.72537436202323	0.788270935691169
-0.514894741666485	0.38582177160672
-0.0124606983220327	0.00825193002520263
-0.659380136020973	0.390833428315178
-0.00000561445587762677	0.000099520147113632
-0.474261525901187	0.309063471839166
0.951353482413015	0.641686542202097
1.01791393408629	1.19374266243822
-0.0557864195525397	0.0349349434547429
-0.798036138567592	0.805917576716275
-0.299859505650569	0.241382337984294
0.544884382453553	0.544624918052339
1.13014082768025	1.22783269940922
-0.869834923654395	0.931638832576405
0.525951163902531	0.447292329929034
-0.277502049982915	0.171564793116649
-2.57393942994101	0.680804613621979
1.82723433620716	0.72976386465442
-0.155176577406178	0.0569095937853962
-0.340869162586215	0.0994476453021484
0.158321872008447	0.03054890339565
0.166737913090613	0.0422118222449661
-1.27715079908349	0.591856388497322
-0.344627611377552	0.205638600740375
-0.488404309176342	0.257083791354799
-0.352265577409945	0.309039596263716
-0.617360808165676	0.544438212403757
-0.478729331822689	0.40491971326935
-0.136007994259776	0.108349384315145
-0.157488109909713	0.10755114825474
0.545523104095895	0.546431362226236
-0.122278742246605	0.0836845297191856
0.603305616358923	0.318625443315838
-0.525335160168346	0.204442902704607
-0.62578517099276	0.152177768086576
-1.13384470910725	0.346451671342812
-1.14765955682404	0.348346437303257
-1.13345886337206	0.34828321496857
-0.422017404038481	0.391793569443483
-0.39295012353657	0.342035533874738
-0.46178921345252	0.427617152787463
0.271148703577724	0.214594239474956
0.687608756242279	0.58698861690237
-1.0136743397095	0.896569406941613
-0.187360789720056	0.0997421123689418
0.315506717682805	0.202661103439568
0.44192635514138	0.178984241872572
-0.355442936329478	0.102041079869511
0.593982923561624	0.311004053975875
0.980706161097765	1.06135541007244
-0.394384567402432	0.269354711316268
0.741534527506554	0.975132776243514
-1.10736308364295	1.29520969022629
-0.264268510157513	0.194624478207319
0.317285129095607	0.188906171113546
-0.329876655197873	0.196058536532348
-0.197706940739938	0.104902638129314
-1.28815563613943	0.594383243309462
0.161486408205213	0.0413117168731846
-0.623695063230009	0.152227657420805
0.170554909891898	0.0426008804093734
-0.344991553778112	0.100675971877677
-0.624582031923329	0.153403426322781
-0.400452575339514	0.225225433943023
-0.444129090994619	0.342925581066804
-0.28524710920686	0.204918395859469
-0.215756596781752	0.161057752797046
-1.52289162356269	1.69460768141636
-0.224813335789367	0.144409589363589
-0.91429118103803	0.752358661270408
-0.580907939394139	0.421854349929739
-0.971051457855497	0.913672340014752
-0.307568117383479	0.247842243833624
0.305636568303239	0.218960622600774
-0.876601741965895	0.867443612907236
2.14458574171299	2.16276557016894
0.00959466816501561	0.0053018385890883
-0.62982953293132	0.153685936034785
0.150987968499307	0.0459422956002911
-1.33003608837823	0.824924738514461
0.168213647836342	0.0427717891925395
-0.343542423818443	0.10090975164114
1.32815384338885	0.59428936619523
-0.593271929993823	0.426737715062507
-0.525829107728031	0.42875435090575
-0.726050919450961	0.790893081281127
-0.0754606261424803	0.0552569371514822
0.569311231700475	0.443367751877282
-0.562196774259359	0.50887394166143
0.539135813717643	0.310904239697794
0.783966562507124	0.470513419818828
-0.983077627122339	0.497551274847704
1.03773179442616	0.400174057999191
0.157631418222578	0.0304971390385879
1.45351865984672	0.48998410568291
-3.45549576669823	1.25034460620717
-0.62982953293132	0.153685936034785
-1.81789801192182	0.755319680676232
-0.614219789972031	0.667602516151829
-0.151421335547235	0.119094252754851
-0.571240934228442	0.54150539297048
-0.421284471712023	0.393796967608833
-0.402765185495233	0.346524800085067
-0.112290216252161	0.0879888830275769
-1.72411277949313	1.42493546704879
0.703928868682204	0.452017872912474
-0.69186694870854	0.539714414341352
-0.610445837697756	0.298771474775142
0.166737913090613	0.0422118222449661
0.147080011885509	0.0710062935931662
0.18009566929256	0.132926255523907
0.0450695469497077	0.0332419206660169
-0.490718984698266	0.435034763037702
-0.519669454454266	0.543069184109515
-0.0307609076020934	0.0230092473635663
-1.11080348730938	1.48418241099699
0.782683234315526	0.728834059029379
-0.3281307309444	0.195655314495779
0.164278215865622	0.0494439084469955
0.433479902651479	0.177093447889082
0.156634201293332	0.0476265114655575
0.157819500886876	0.0479964018015095
0.666636334072553	0.213033462222844
-0.624872195318547	0.152004974277265
-1.13453748317733	0.348386420481102
-0.883315500427597	0.804641118978141
-0.0197454173974652	0.0129686578373444
-0.895053471336822	0.824168514437461
-1.07724227197398	1.32967496286327
-0.2300074341822	0.149386032184027
0.0720386268491494	0.0484601966583681
-0.557699625778704	0.502188144533773
-0.33868035888137	0.267903514671384
0.0687903595159002	0.046155329001529
-0.168012932745807	0.115433946713469
-0.674173746513354	0.468376479503675
-0.723310015883846	0.254344357266946
-1.49099625807477	0.776999131898863
0.537776930215888	0.306707416178408
-0.576656057221809	0.417585131951303
-0.501485995691561	0.370745797880199
-0.876727008651643	0.848754574325156
-0.530114808222593	0.485494441130207
0.0199827365346497	0.011566669252688
-0.103101931915807	0.074327123682028
-0.125526970005884	0.0896199480043511
0.676712242839901	0.577945964938929
-0.470228813461479	0.309467903468299
0.352567828079875	0.176408972878977
-1.84782701511967	1.18302894844642
2.75734920342264	0.799800653832186
0.1588995276689	0.0306480879354901
-0.623695063230009	0.152227657420805
3.92874288694813	1.75035531053454
1.06426358771682	0.529514790306315
-1.33261491802073	0.840774914309201
-1.35786104741239	1.10634755346333
-0.554869510634192	0.578711571919834
-0.105971867498337	0.0846459692326468
-0.230462782968124	0.172843445052683
-0.182579891195606	0.140445557478795
-0.312815526002443	0.2766034701972
-1.19271717693868	1.21132579571478
-0.894169608789692	1.08715985356677
-0.34408610941694	0.244247098490889
0.57857710684164	0.458816788768035
0.167176011744946	0.0949516786458698
0.15217592618318	0.0460645385354346
-1.1688110482252	0.655118110388826
-0.345493344425194	0.244578632086993
-0.337602952508169	0.237548312125606
0.116302642603582	0.0898787359298592
0.19973470994639	0.157971619050209
-0.0870611434611947	0.0625709533264804
-0.278894731346029	0.230130266823678
-1.45804663739586	1.29526499451006
-0.624582031923329	0.153403426322781
0.952024225447137	0.254550165942042
-0.342091382580869	0.0996589886024872
-1.13492041310201	0.349384486959602
0.1588995276689	0.0306480879354901
-0.7619842936865	0.334564840184944
-0.0738976266573764	0.0447310824908346
0.453345422637061	0.434902889943206
-1.10283772511196	1.04045153732283
-1.04452700497971	1.1635432587515
-0.477069453669176	0.312334850385217
-0.704166026363863	0.553542202282348
-0.197711683566034	0.105482313450744
-0.264387176523684	0.16231315078964
-0.24485985467002	0.121807838096152
-0.62982953293132	0.153685936034785
-0.152782075404647	0.0560846680959654
-0.956666218475379	0.589212254250842
-1.67596173982522	0.970531835985497
0.528969012283931	0.192665716160184
0.159324697367292	0.047751336687268
-0.643726099403591	0.375845672048357
-0.400443022099987	0.315517765070958
0.517490901564994	0.529746518281614
-0.301327180816096	0.218317591401932
-0.296969712557521	0.216238287637609
-0.57261263053863	0.409157916645805
-0.241193660305825	0.120474605714752
-0.154080721580194	0.0564960500422514
-0.343542423818443	0.10090975164114
0.166760634916841	0.0427859605507963
0.165273197569164	0.0419033482397814
-4.00838196096475	1.77405129369899
-0.62935300969794	0.153342878403685
-0.526418386848564	0.204314992368531
-0.729062021363672	0.876106878946305
-0.202236281641555	0.199731849041137
-0.954519179318816	1.00554867931323
-0.0224301323862265	0.0146891234838623
0.179780494738719	0.121179873367086
1.01047016633894	0.925105561446723
0.845479559644148	0.764898187105608
0.167846042512584	0.0427707788849589
0.165273197569164	0.0419033482397814
-0.998438673625377	0.884468574418776
0.47670220008561	0.317200011465361
0.360154627409729	0.322331141566496
0.115257732714067	0.0943559892330617
-0.259829290600664	0.215898348560637
-0.356704761743776	0.335095957397851
-0.231418390077192	0.150606583853248
-3.45656556517559	1.24745399482219
-3.45442672204145	1.24810798046793
0.157631418222578	0.0304971390385879
-0.622314221648084	0.151717296808394
-1.79522376365631	0.406159618358576
-1.4647776031293	1.28188533393022
-0.63391437652675	0.604886762950303
-0.22224763830024	0.142284166462631
-0.374531390117376	0.28722195919006
-0.234833570348913	0.152286741929637
0.0927216637010431	0.0646696820991719
0.166358993209806	0.0871821837402085
-0.799204346328214	0.526092374451805
0.166394015894957	0.0421995715384941
-1.10870285034881	0.746046572117126
0.78767812419087	0.472977753985954
-0.501164933035323	0.26245938607316
0.170541995167361	0.0433725109405701
0.153330488140151	0.0297415921897382
-0.225400119271266	0.0740149655022009
-0.0143918262233003	0.00953243965775225
-0.48110559109318	0.469297984312316
-0.708135178598028	0.670513564139183
-0.262812881245181	0.195691364902384
0.15273478140905	0.08065812726879
-1.60895824513457	1.23161291109811
0.513831458592409	0.185862743795988
-0.342366844950387	0.0999187527730966
-0.344882985175325	0.100433634159356
-1.13384470910725	0.346451671342812
-0.540926847373338	0.526089932396624
-0.236661947310113	0.213197748422687
-0.265985721807034	0.216827295356877
-0.539036440281348	0.548656299568395
-0.58964936503349	0.427310287862882
-0.121415067046825	0.0708888006259582
-0.0569991265623195	0.0357891988704741
-1.23166852890222	0.924027448524211
0.47351453476567	0.320793552013169
-0.0999454745239706	0.0404223584776093
-1.5248710593532	0.544691522076106
0.605116504894479	0.319158142854426
0.854048276860583	0.611020736628522
-0.629947283942186	0.593897465069944
-0.391748934303433	0.341114422610551
0.185751497410575	0.13193273042796
0.0714196709623041	0.0479590901763347
-1.80012731460838	0.40572439661199
1.04300319841899	0.402259764791993
-0.62409333671727	0.15194082521988
-0.0448896583782868	0.0279321605950453
0.0701055302686977	0.0484420607423813
-0.423452078933658	0.356805915580048
-0.188368496682405	0.142102070606186
-0.110260518310535	0.0644651419289289
-0.603357342073249	0.479889661971541
-0.282637475279589	0.177453678589967
0.155899731397344	0.0809175110904318
-1.51968686804079	0.548134504172194
-1.28249262659451	0.590053788876711
0.169301214921532	0.0427592743769238
0.660154272128366	0.210687849785302
-0.805460611210747	0.436127528091064
-0.342343944626084	0.20425568549332
-0.224211414742263	0.143487755354309
0.166931015208672	0.0871880187490601
-0.351116978000287	0.279567121107238
-0.538608552194917	0.441103002337525
-0.183489054695711	0.0971044737604413
-0.649058339828041	0.382218949112789
-0.660613811812072	0.682902795429588
-0.0953575342214801	0.0689226583508378
-0.665738784293852	0.726071641193406
-0.255451097234066	0.126879767892573
0.0152025932102993	0.0107771304038708
-0.293867577679416	0.212623398832192
-1.0997607347851	1.48152683689066
-0.307766350182569	0.224047687975735
-0.281478665360034	0.175627680475176
-0.199108586288721	0.105943123787248
-0.62409333671727	0.15194082521988
-2.28361142919572	1.18123677773886
-0.194745574276702	0.162182315897254
-0.129321411870216	0.102893586017389
-1.86966819674854	2.57899933186125
-0.686638523531769	0.538490320024974
0.29069489707847	0.207728375877635
-0.0245182219961205	0.0116516155531074
0.138245181993836	0.0705346575276043
1.02812537071345	0.392269342637904
-0.982863446903846	0.494803580271686
-0.892049206392269	0.724299722504105
-0.869921440434798	0.864174575661926
-0.0337802726680908	0.0256082699597628
-0.0215802853742388	0.0141238465237408
-0.655371047899854	0.674003664800151
-0.849933420529315	0.948633761250704
-1.81672391556845	0.755139764558434
-1.13384470910725	0.346451671342812
-1.79541110556836	0.406108159138969
-0.794137456891797	0.90895053862537
-0.0683388576980099	0.0422581040546887
-0.156616181542294	0.107094808726461
0.0435723113278204	0.0264464460049731
-0.786954664652294	0.507888671427921
-0.134757498690367	0.107306085405375
-0.426671193222069	0.319505227562344
-0.226781961885032	0.170628444843918
-1.10211868304183	0.753024129296489
0.656081819038325	0.208379304495248
-0.780222385383906	0.350064605644818
-1.82373483340545	0.759520768730619
-1.03579126744407	0.415883407326815
-0.0851947929472468	0.0513287923181816
-0.476017758095381	0.400495611624245
-0.481284876430862	0.403717652790843
-0.475441778163331	0.401351601792899
-0.79606981837034	0.523932796047054
-0.150458831228779	0.0551520014582941
-0.108121035697767	0.0753246500048499
-0.0704043391337923	0.0441102082916869
-0.273859449981025	0.170300197375437
-0.305626273441317	0.247152653951827
-0.0768140652589442	0.0564913090026202
-0.959721904052352	1.01503807096238
-0.413577281780878	0.380513802012758
-0.495411944996823	0.366997933411296
-0.188841164750629	0.0992553707390531
-0.14504708496047	0.101732327276509
0.117134499509207	0.092939313261783
-0.393193316274148	0.310198057542176
-0.464242440014182	0.302154040613518
-0.349413050609425	0.247707655159635
0.00723064418869684	0.00339202996536877
0.811464339981117	0.343951428135544
-1.02992750637185	0.416369548424928
-1.16032319920046	0.991065035646171
0.539057878146671	0.309826803144394
0.156585456967934	0.0821619937289387
-0.501735063774677	0.455588659851018
-0.250282333689297	0.208286519280842
-1.66493633365195	1.68680851068305
-0.637124521437909	0.568728832229327
-0.778985833827289	0.492922505893431
-0.610408770443119	0.292899637627394
-0.0216623813502222	0.0142219274529661
-1.73320320264058	1.4455791488042
-0.0373075877494016	0.0172427281234933
-0.774797596745505	0.346403427121627
-1.13870450738851	0.347544729295153
-2.07805768838125	0.973913682864122
0.162378104800928	0.0310834456145106
-1.79522376365631	0.406159618358576
-0.616852278726524	0.498847004418642
-0.346342063511199	0.244927808278993
0.165803697590273	0.0949513100276901
-0.790056916166774	0.51592931843067
0.162942698182568	0.0413114056520163
-1.80012731460838	0.40572439661199
-1.79522376365631	0.406159618358576
-0.871396657648795	0.867054428142301
-0.200154317466285	0.153227217756793
-0.351014360786072	0.308145275399935
-0.305479419306887	0.290915375908986
-0.57609105363106	0.630121708965515
-0.592449595356219	0.579272084930104
-0.0844083585893913	0.0604407539937254
-0.535922341410085	0.444308422009205
-0.00777144287906948	0.00380544596471064
-0.313924957395564	0.146394167896912
-0.24897835149268	0.183835712655451
0.185004843333703	0.130610849673872
-0.328292949823093	0.314285020552429
0.0849618029854641	0.059505656718253
-0.330763645144021	0.309661256132827
-0.29995442584854	0.217421020943766
-0.522409729434804	0.507339052485401
-0.110830340093806	0.0799879970906054
0.497372831976353	0.312127650384131
-0.350191590281639	0.102610881125832
-0.00227117421192441	0.00117746547509184
-0.666862236828799	0.457668315578562
0.00168708289034339	0.000712057917945932
-1.66935649089898	0.941265977422
-1.13492041310201	0.349384486959602
-0.00291910711142368	0.00147168531131875
0.275455125715747	0.212792122121091
0.104923069030614	0.0813108975431636
0.381264902219785	0.42268809711482
-1.35997418614543	2.04874132740062
-0.431381313443281	0.364385040452697
-0.231379525476452	0.17516439955375
-1.20963787127963	1.39161345920169
-1.0969920050561	1.28344694458129
-1.8153772032336	2.45795519808856
-0.574551935268776	0.409776820477953
-1.81672391556845	0.755139764558434
-0.722131735316544	0.252143474448172
-1.17275460279799	0.668667087442433
-0.723310015883846	0.254344357266946
-3.46056115971004	1.25132587477871
-0.330758619251793	0.196247886213409
-0.118213313668135	0.0691374828071365
0.157133234902599	0.0829227388679478
0.055491189673698	0.0340045311343545
-1.15700262895314	0.993742369523403
0.295757648387239	0.210365604317841
1.57171381285112	0.807457867769169
-1.13238101744968	0.345367402292769
-0.485907162136131	0.476978277451658
-0.317239345562877	0.28107490928955
0.316312729527207	0.310577505284244
-0.474171839481094	0.399419636828523
-0.735364303308297	1.04337363460987
-0.519930856681954	0.629469289054293
-0.415985177388374	0.442879882943268
-0.351614369866961	0.24927052169976
0.129247345200039	0.106029489538241
-0.321640446928462	0.324730634034819
0.172229213333182	0.134676123827585
0.267875092086307	0.227173127921017
-0.0762046694613388	0.0558524694278035
-0.716998939532559	0.729069094659915
0.437283920826631	0.311429830164199
-1.32615943204948	0.83619384238508
-0.349006134070706	0.101786523630064
0.167846042512584	0.0427707788849589
-0.339721128516966	0.203668660486098
0.994034523414519	1.07152803457476
1.06227051800425	0.521411756477986
0.956965590292449	0.254225160809089
-0.0374815745435634	0.0175884481417263
-0.317357091486896	0.280700366103803
-1.07233411842964	1.73950846797344
-0.536122363768526	0.656768433912407
-0.228950678910115	0.192805229270108
-0.434030121601382	0.4550522877606
-0.707760555555985	0.616480339932454
0.0917572731225233	0.0616763312564144
-0.395498423731817	0.309604556086899
-0.849752770390035	1.01359656028981
-0.731525616406812	0.255525096859232
-1.51425919312654	0.549483381615373
-1.47458342152422	0.976927859446594
-0.989347254003255	0.503518651055263
-2.07691999930247	0.973664095812084
-0.275302968302789	0.17178825201346
-0.00266642449785371	0.00136984368134132
-0.0655947765789305	0.0407313771605289
-0.493815116491635	0.364785530531104
-0.460200383130768	0.304138532593064
-0.220610815050773	0.0725929304678882
-0.491323379226207	0.599276372964735
-0.221110865860079	0.185993037951075
-0.928844198145498	1.10135674843704
-0.496675702437333	0.261214055422983
-0.72482370718423	0.629732359421153
-0.0183094731710065	0.0153378227155769
1.23578815984472	1.60038047520338
-0.0877178295383167	0.0633273107225049
0.0986831199709445	0.073910624084488
-0.419956905298942	0.41873490302443
1.02671621454721	1.37915557078898
0.0935347254565623	0.0698921625780918
-0.432050035505628	0.404416791471991
-0.67860720165939	0.773124599088104
-0.888128646746869	0.817525185137365
0.651922887990171	0.583344339121441
0.495913213789614	0.4395431255768
-0.15305394996009	0.0561503783181607
-2.57393942994101	0.680804613621979
0.950654218295308	0.25253240285929
-0.2484269126938	0.181001499290051
-0.0902477433320281	0.0643687829417541
0.883529860795424	0.876877566492196
-0.603143984678897	0.289351704213653
-1.17829176569354	0.669586310216936
0.158076927023715	0.0890107058014912
0.462384124709061	0.412496776271381
0.362065271995759	0.321791277141444
-0.171979205547704	0.145575575506586
-0.00920566890207541	0.00611736255813146
-0.503147690707528	0.524047654963152
-0.0849885837110166	0.0511857541583098
-0.290234372200563	0.180673938591991
-1.19807570148703	1.2187672281975
0.259637177802674	0.203844888944331
-0.344991553778112	0.100675971877677
-0.681947683926679	0.823236315398333
-0.0986380951758019	0.0706942765597801
-0.0894959615136754	0.0546817475655594
1.36686501711921	1.24351466315796
-0.21746550146596	0.16262559478248
0.124994599651973	0.112111373689716
-0.981442636052	0.960528050474695
-0.669620649680052	0.69338203455059
-0.639282440319056	0.608923055824678
0.596445131916244	0.645598090925524
0.614110836011037	0.562311728323503
-0.0607226045296954	0.0379910536769128
-0.143885120596302	0.124830215365869
-0.538946162141269	0.447787867157939
-0.744772462653494	0.754215617806163
0.428352157078543	0.321815164904683
-1.36748066852074	1.34609229364791
-1.31298594960682	2.06193490134533
-0.986054395151155	0.962344130464047
-0.87980512908721	0.879375584495039
-0.565603729376473	0.51213136449503
1.06937027967994	0.529192518985335
-1.13492041310201	0.349384486959602
0.613350129104703	0.457959462281092
0.0820321753283075	0.0591333164604774
-0.626694405430205	0.55913317080553
0.485912924044751	0.427857901732124
0.253076024225197	0.251537664690889
-0.391573904999786	0.367429483583586
-0.342366844950387	0.0999187527730966
-0.401367853802564	0.275162638719628
-0.535143557964921	0.443610046628878
-0.54004577213928	0.447529137580125
-0.547621611273123	0.450547187493012
-0.281759557137544	0.175776126440416
-0.907791325774239	0.736152092127579
0.550976094717189	0.530808769148712
-0.0902212130719918	0.0543590147508455
0.296547938893892	0.211320574209678
-0.265202560379063	0.196159687947773
0.944209131475729	0.910883066804657
-0.404354746507366	0.277785188381539
0.832847667030259	0.962632482116389
-0.0545310976552074	0.0405035623848241
-0.197039225212466	0.131651767745164
-0.396360874551995	0.272805654369658
0.17452889947803	0.143886619075134
-0.271924597892435	0.219207244132667
-0.556739931422973	0.349727520402061
-0.930893645290781	1.03991229284571
0.534052194983316	0.439906539269573
0.294860286847035	0.209863250758711
0.519227112336005	0.442651140761883
-0.342366844950387	0.0999187527730966
0.363470100833978	0.183072809026953
-0.793289514227465	0.679717508501998
0.281254469557781	0.216044776308926
0.090513971308494	0.0859159370412998
-0.558065396633873	0.584875234119666
-0.182057683410465	0.156147009234066
-0.497636013319783	0.494289280963459
-1.13238101744968	0.345367402292769
-0.227212618004882	0.0750820913651819
-0.192712281041559	0.12894800188462
-0.984370173910544	0.498898517233409
-0.343816891455429	0.0996962776646578
-0.805902286638396	0.433131935993399
-0.0894959615136754	0.0546817475655594
-1.12082428469921	1.05454705705622
-1.07248688320325	1.32695388025657
-0.87716453170156	0.793517192822706
-0.225702057097603	0.14639868687434
-0.673213698546306	0.466397280409096
-0.683636061338198	0.475362142895991
0.0346489354676776	0.0210709041046792
-0.280670105693886	0.199660987763395
-0.264880637937477	0.163215152957147
0.140540587524375	0.0547519601052748
-0.151885317082032	0.102369180441717
-0.606886014584247	0.62763485867734
-0.893413359486797	0.814423316862732
-0.673213698546306	0.466397280409096
-0.684891883308931	0.539531215042994
0.684383684154409	0.59363414132702
-0.482779858270623	0.407525963128998
0.160731630292267	0.101830723606327
1.07467174187184	0.652531589330432
-0.221755533699252	0.0734151122801483
-0.274095060078358	0.169689561945505
0.188831492431951	0.149557390868287
-0.545923484768482	0.45605066528225
-0.242737051529587	0.156989338598904
-0.176209102134734	0.13711196848197
-0.448709810098185	0.345920706118216
-0.587300223739998	0.572843080867369
-0.400339874419045	0.170786884464105
-0.154080721580194	0.0564960500422514
-1.51940297937032	0.550464997835271
-0.400062396642448	0.170601933136714
-0.113839670271214	0.0662562103586348
0.0385583926613376	0.0234498876081983
0.0270614938907705	0.0236776144679119
-0.233179328686798	0.149959731514703
0.157656310522215	0.0954315518135585
0.143747269175704	0.0559041635309843
-1.02963215386019	0.419175161984872
0.596820015476109	0.313678697886024
-0.523324953422777	0.201994861376303
-1.17328369638531	0.671526484374024
-0.773826407262892	0.34645590203316
-0.508245143047028	0.463297073976
-0.0209440772945877	0.0137683611391048
-0.167387490441925	0.132021495230711
-0.132245980111737	0.131371174791072
-0.517687990741484	0.607558997576613
-0.791844545928061	0.437781587518266
-0.385377525371544	0.300303975803196
0.171001042427177	0.128809986644887
-0.384532960912507	0.331913317000063
-0.386459408695862	0.445585659761589
0.760334675211388	1.29168471099527
0.105586439347205	0.0819295049168632
0.861611180125096	0.617299866487019
0.540028479320891	0.308352882283886
0.393973994408102	0.180500237393899
-1.48651927095021	1.02249929896518
1.82073728246914	0.724274882905695
-0.40476831832118	0.229595068782961
-0.447399833678819	0.552455633534889
0.0578245260427552	0.0452220267915276
-0.289572116780699	0.258334157813612
-0.13223325843893	0.125699454896911
-0.434147767668715	0.457995739442027
-0.547305796631569	0.457494304449195
-0.579085328170739	0.418597720991573
-0.466019746420319	0.307474869785137
0.914250733883214	0.997802019657467
-0.314864262098549	0.37919957869575
-0.281263347353092	0.175325168953755
-0.0648793670734584	0.0283573029912185
0.328338982676048	0.180513348311102
-3.75681356070144	1.50692473174253
0.0633592793527022	0.0403784965741624
0.421777435523129	0.317237224102723
-0.478475002300932	0.39788665896241
-0.0578011217655823	0.0429205641225631
-0.254207450426302	0.232004438627105
-0.6688368845302	0.732592138100164
-0.698775779081855	0.604702260898719
-0.598226024318357	0.618387432621998
-0.308870274892517	0.36941217961733
-0.570291532686912	0.625458529497651
-0.0375282935680046	0.0240719338107209
-0.793710322086891	0.744136832253352
-1.0648607291796	0.833787348712519
-0.0779491965684019	0.0471816745436734
-0.600708237288848	0.584906123730771
-0.113197643366605	0.0805661689479827
-0.556144563105144	0.649230408582896
-0.0698408757330768	0.0518140189644435
0.456537589942909	0.424331993696953
1.40165169540852	1.85262043510836
-0.072642356507427	0.0438113712635319
-0.772467984691118	0.345310968145738
-0.779940052077409	0.348591494839591
-0.0153805168483718	0.0074778433773626
-1.0518506570388	0.830249419066258
0.181391096343066	0.133993884611193
0.0261760339291648	0.0198413591328507
-0.602598389791818	0.623129839354199
0.0806056156010027	0.0558433692907981
-0.091353683184942	0.073746715299394
-0.0119710007883717	0.00583199423370429
-0.499362635927598	0.263949831739233
1.45212946014259	0.916274823051588
-0.497141333788721	0.262511633184996
-0.615902880476494	0.30174608006186
-0.958891222107647	0.592201865106131
-0.189075382629575	0.10074913107773
-0.0681768336001665	0.0297956725282971
-0.0850222999103973	0.0518563772544468
-0.043867269772677	0.0328018325217801
-0.0644753949799781	0.0478669976987064
-0.468204037950904	0.434414262065155
0.00621125106916168	0.00287266144063428
0.322363954391221	0.192346277051545
-0.40439172147323	0.170285732882523
-0.437022770298711	0.331791269274675
-0.278986963254424	0.226681616666964
-0.787438501795299	0.792916021418458
0.0142980323753588	0.00973772761374875
-0.217071732380826	0.162074822888684
0.152475807180908	0.0724907537224134
0.335374235210676	0.184884978297153
-0.401117849293956	0.226278583457149
0.302115197903957	0.214156265391008
1.45306393810611	0.923041358497123
-0.344388709177867	0.205260397296772
-0.384640977611926	0.301506230769532
0.0146522700048714	0.00797948505779615
-0.930750023955189	0.66113810585099
-0.461667682329401	0.306072859450934
-0.793966250245216	0.746752181818503
-0.183956456456637	0.121435534417797
0.57391042435809	0.450911377774856
-0.66281380431382	0.387493591020623
-0.234059117953775	0.116149520332101
-0.0060773006844551	0.00302797962514663
0.147035556764615	0.0508245783399546
-0.115845228199569	0.0670435113329594
0.839675618328385	0.750403597904831
0.313901767897378	0.198219363932778
-0.612762871746792	0.498283080879739
0.00141883057255161	0.000600264434590458
-1.106570134651	0.753725202490952
-0.772809967855799	0.345229262622284
0.795338105144388	0.476712764309247
0.431001318086886	0.42373341778229
1.13488698583958	1.26680005153022
-0.176222602388864	0.137183270412326
-0.561051112127474	0.505939718528058
-0.394719713584503	0.270283974168761
0.0499578834874845	0.0305559361053889
0.853238490381556	0.623014853646542
-0.512006408142147	0.386546643430711
-0.588183810712409	0.428854119839775
-0.271339550009617	0.169247603661952
0.0704749251593452	0.0443135598121885
0.717209714283934	0.713070443131612
-0.78203475950839	0.659418674746381
-1.66391266720449	1.67014269124815
0.752569884281359	0.726589219820516
0.788064306014327	0.612343370703652
0.290897352399618	0.206315085683549
-0.24245924135388	0.157170883687022
-0.400062396642448	0.170601933136714
-0.517868278390425	0.200769558542108
-1.84100906407231	1.17626309687335
-0.17641645077478	0.115487180666642
-0.020408854095527	0.013395652654834
-0.247239658505003	0.159109417610837
-0.965357859411683	0.588391321793015
-0.00408820289290722	0.00206244396152541
-0.147473014706808	0.0827975301941648
-0.0400779332089592	0.0257542111146627
0.179445817504701	0.13168593470405
0.340356666392115	0.185288779494566
-0.31153758209367	0.253611211278407
0.69708990431215	0.690203923374395
-0.435744075921894	0.404703311360152
-0.0193939294797755	0.012561084582932
-0.678826456293438	0.472985607994376
-1.16820980546979	0.667063769105361
-0.721903010717535	0.251442136891875
-0.624582031923329	0.153403426322781
-0.62982953293132	0.153685936034785
-0.924821274255943	0.673600793192863
0.0955304475519616	0.0694994016013247
-0.1387152714426	0.107781002231659
-0.420939995627734	0.356562665585977
-0.887093057500516	0.801859274581054
-0.246151309439022	0.158960186332952
-0.564456427084643	0.507999246328698
-0.711982585454955	0.622819044436977
0.426890822906926	0.319298283344136
-0.263508844431529	0.214284923385307
0.138428251912748	0.0538210500753023
0.712360192728174	0.464443893286297
0.914544716631916	0.785541237023576
-0.641331222930346	0.648256455385059
0.0373962575658534	0.0283489610040795
0.258358153362265	0.231543816685434
0.0915082549349119	0.0641863560399384
-0.54715039575238	0.566051201648626
-0.544195858021817	0.536443226684469
0.0400019238462861	0.0230031137722383
-0.445690888426143	0.343083931366552
-1.17005311436771	0.66907080886783
2.75734920342264	0.799800653832186
-1.13710196565356	0.345665576379782
-1.03978903438032	0.421120383022407
-0.629397422842579	0.557464779189718
-0.0336221080436661	0.0216233390056382
-0.617169763041802	0.542908593037426
0.191440972489874	0.151394257450615
-0.599487363978615	0.431468838653487
0.262902783963228	0.227377213996535
-0.168005771678112	0.128882125281568
-0.0352480932560348	0.0230217472765678
-0.197381224347204	0.130843168607544
-0.102221048657667	0.0411285428770169
0.150783671583358	0.045388108777533
0.157631418222578	0.0304971390385879
1.03515111598185	0.401690296345324
2.12041844499872	0.96077521211255
0.0329701269662443	0.0190684294384108
0.27105235442128	0.244835738799985
-0.342185447447881	0.318103411824045
-0.225673715416643	0.201942073905934
-0.406310256043914	0.400917632006746
-1.23185328773585	1.58275909134793
0.264488596307966	0.217417790935651
-0.411557715657158	0.378852269165519
-0.415929137557967	0.442333762762324
-0.278926418454384	0.26145538129803
-1.47644516229701	1.01655067126216
-0.22551045023112	0.0740620347060826
-0.310737210098248	0.293019925929806
-0.552241613861311	0.626982809440835
-0.164230418566459	0.153270167136287
-0.702024596261954	0.615100793228339
-0.73626558889952	0.805024518778051
0.424706579777965	0.401048399811414
0.0810755340805821	0.0562437933435861
0.396702206809069	0.324719115689543
0.654746723450515	0.684504447545431
-0.782018448904977	0.343959142313171
0.524938478553276	0.192889918548823
0.668257563820224	0.216585127844403
-1.82349417803259	0.758718061977533
-1.03442196057676	0.415064722068335
-0.281174905669566	0.173562086439463
-0.789181145188986	0.586423537717211
-0.490275293657144	0.25601408599492
-0.493877594772449	0.255317112149991
-1.22829609972077	0.912122484792895
-0.149735794643364	0.0548714666208697
-1.02757122770041	0.415639038598866
1.31445388317958	0.576271652088561
0.168395066223425	0.0502982738562411
-1.48012126223009	1.03553054242062
0.598713662126471	0.313997946459841
0.0383812737935582	0.0220352384267983
-0.303387918014325	0.306718614103194
-0.324822006870696	0.344850890456064
-0.200517265504801	0.183962521888751
-0.416129196094523	0.559862706801138
-0.290752139873731	0.298153380906443
-0.168738741953127	0.173749235519586
-0.13653102499308	0.170214785474873
0.155235890866718	0.195580091417585
-0.153714043871373	0.151238369727162
-0.270509705428117	0.168641498740225
0.338005365534889	0.184445487586302
-1.16320090675563	0.660558799872326
-0.606800204881802	0.293482136227108
-0.487118629245869	0.254557715778005
-1.28599957284154	0.599485299783715
-1.22656040624925	0.905749669044833
0.523447488322515	0.607709405973283
-0.393121721773859	0.338565941893849
-0.792759278943081	0.998528405339438
0.148325812556078	0.14549324980868
-0.185562558923309	0.172180729984407
-0.233086852205623	0.210520804515994
-0.181039938973685	0.0958136867758466
-1.98405381847681	1.37414676324975
-1.34668279838563	1.08803186719612
0.71305543882581	0.462439516265492
-0.448747828615181	0.290183332359923
-1.51511964599354	1.67464911795711
-0.110076354001328	0.0744948961079922
0.0428770142652577	0.0448751245954551
-0.492078739869117	0.744641257301294
-1.25957375455209	1.89729888545088
-0.553620152230263	0.795900398873038
-0.0345245052444492	0.032121150783763
0.0154165424027089	0.0134946868698413
-0.00641257771442794	0.00553611999755569
-0.524293911131783	0.589043193300836
-2.57450915234243	0.686119713628322
-2.57450915234243	0.686119713628322
-0.35137798744179	0.102393082124341
-0.622314221648084	0.151717296808394
1.03535032731158	0.398385212491039
0.438824662597488	0.180014698523793
-0.399918404222074	0.224388979639845
-0.0679761958321906	0.0295520868040948
-0.326895232014268	0.228019992115529
-0.687254071761111	0.866962148067846
-0.289217025916628	0.279544331594834
0.458261885282734	0.595458652485223
-0.281027493548717	0.306154822371267
-0.180733441023777	0.166973651067865
0.24327441138072	0.290218653917996
0.0519945587154945	0.0524368428450998
-0.382177695882626	0.354452727131319
-0.532276703088154	0.205902875815849
1.83112253944877	0.720240851310307
-0.236725627042462	0.117782882143089
-0.72365205194762	0.250894972367881
0.379636847817712	0.170869984753736
-1.13345886337206	0.34828321496857
-2.07805768838125	0.973913682864122
-0.147689713388894	0.054302242157111
-0.228575803073719	0.0755878378969254
0.797243481805232	0.742629411988034
-1.35481166676511	1.10644385402809
0.167539468318417	0.108255681497964
-0.246091117179975	0.122533323775075
0.814284768450867	0.350652393917073
-0.61960534552131	0.300510648702095
-0.0356014236178125	0.0165813267424299
1.46162214469856	0.916853822621037
-0.990452262538566	1.66357164379823
0.0367503395181467	0.0313590134543387
-0.420864888651656	0.492286726569658
-0.208979411717222	0.220942318351433
0.699233008902754	0.953535678633004
-0.264871303022517	0.266514027518667
-0.0635932201795808	0.0523690686332303
-1.15945949385953	1.63309074254549
-1.79541110556836	0.406108159138969
-2.57994643475892	0.682934722662173
-0.618737201948444	0.150559036504414
-1.27930512577485	0.595095920645693
-0.624872195318547	0.152004974277265
-1.79541110556836	0.406108159138969
-0.34219625580044	0.0980646877575467
-0.624582031923329	0.153403426322781
0.152059452718086	0.029590171141199
-0.62578517099276	0.152177768086576
-3.07792320695436	0.955710221735997
0.152059452718086	0.029590171141199
0.0275305647632635	0.0260758224062987
-0.232923050604866	0.304147955311361
-0.444438726404263	0.569751540969808
-0.375163819204435	0.561226887188162
-0.232159771159936	0.295194727716471
-0.0536378525416309	0.0234591532961293
-0.719426085672194	0.251004789565613
2.75863284516271	0.79267969100207
0.1588995276689	0.0306480879354901
0.165310764697054	0.0422104497686673
-0.342366844950387	0.0999187527730966
-0.339689629328073	0.0991873938654728
0.166760634916841	0.0427859605507963
-0.4066368701203	0.172349398427519
-0.338232313416877	0.0987458905293902
-0.395022882227856	0.168315057184819
-0.437644354561675	0.489168193546338
-0.726238487506654	0.253437335397984
0.157631418222578	0.0304971390385879
-1.12965913036419	0.345874034206289
-0.719426085672194	0.251004789565613
-0.222901125507273	0.07385839070143
-0.979905511594362	0.489560187486965
0.264090949022743	0.310705748480391
0.205345694624386	0.194579568807955
-0.174006979194487	0.147941769712707
-0.185065586323461	0.180427201901048
-0.556291835507447	0.578551514876405
0.102438890158983	0.0790182931720774
-0.201997742588221	0.154433963957963
-1.12965913036419	0.345874034206289
0.157056474373317	0.0303984095560313
0.15921674927226	0.0483450021306231
-1.139798321011	0.349782272227464
-0.624582031923329	0.153403426322781
0.166737913090613	0.0422118222449661
-1.79522376365631	0.406159618358576
0.157056474373317	0.0303984095560313
-1.79541110556836	0.406108159138969
-0.524252707979673	0.204085170600417
-1.51309151623221	0.544844714826084
-0.728941560495149	0.254842900527914
-1.79522376365631	0.406159618358576
-0.0731479210122363	0.0658753429934141
-0.0265025011484222	0.0200450516485158
-0.0560002066488594	0.057434257385332
0.0666350252116363	0.0675211713164176
-0.153843580057845	0.144553061553657
-0.0463460016012699	0.0527726275800817
-0.405708713397196	0.562253176853437
0.307630832228468	0.197829540392947
-1.13384470910725	0.346451671342812
-4.01072485788056	1.77884917680187
-2.57450915234243	0.686119713628322
-0.247530661474454	0.123524940435766
-0.03870381080407	0.0360397723060401
-1.54899811401595	2.22202419144222
-0.320632211151463	0.25975339393412
0.470672573825527	0.317849526312339
-0.777898816341768	0.348631200573361
-0.351639245332709	0.102368245698131
-1.13492041310201	0.349384486959602
-1.28624234459102	0.594941965574939
-2.57450915234243	0.686119713628322
0.166760634916841	0.0427859605507963
-0.724832779293065	0.252803415831091
0.157056474373317	0.0303984095560313
-0.220404038835599	0.0729168656391525
0.530234735136755	0.195115554796289
-0.4006866669445	0.168969938115005
-0.161834942094146	0.110838521005088
-0.725896158891892	0.253805951910148
-0.407936972722431	0.173043293441896
-3.45442672204145	1.24810798046793
0.188865181395059	0.149595629057357
-0.0522991515184281	0.0476852501957408
0.144360057617073	0.0496936999572725
-0.251911364061584	0.125321307579192
-0.249194186478626	0.240133321387009
-0.637697437086538	0.569420951769845
-0.248928250908523	0.183269158065125
-0.29276438482583	0.23313888152031
-0.00434798286381595	0.00216421260056549
-0.101848527109922	0.0410558052055211
-0.719426085672194	0.251004789565613
-1.13492041310201	0.349384486959602
-3.08381588002162	0.95918852957187
-0.220404038835599	0.0729168656391525
-0.77201457824771	0.339147032765176
0.377561874303277	0.170060282373362
-1.106570134651	0.753725202490952
-0.396479160594486	0.221192614175367
-1.79522376365631	0.406159618358576
-0.611264420624204	0.495484556089239
0.0629674435127958	0.0405249896171259
-0.792104025664866	0.599940635729093
-0.113917454453344	0.0659235050960804
-0.34793777091743	0.245027124773454
-0.329560115576181	0.196728262252948
-0.283233552418558	0.177742944640883
-1.27798020801158	0.587966405772343
-2.57393942994101	0.680804613621979
-0.73427160052572	0.252954344900617
-0.623695063230009	0.152227657420805
-0.62935300969794	0.153342878403685
0.166760634916841	0.0427859605507963
1.03793223060229	0.402236165852461
0.530234735136755	0.195115554796289
0.353038432049409	0.176266257281784
-2.57936018855439	0.682903044011602
-1.13453748317733	0.348386420481102
-3.76085193858471	1.516389149945
-0.525335160168346	0.204442902704607
0.0510388345923167	0.0311423827832961
-0.0323005497372191	0.0206274240357983
0.958703669546782	0.936972355806707
0.201175231307149	0.17699033640907
0.118406600945947	0.0972502932448612
-0.6246019318779	0.689441183890721
-0.178534549861173	0.148667276633
-0.469724856541152	0.31031344296043
-0.343629188554211	0.273437282792256
-2.57393942994101	0.680804613621979
-1.79522376365631	0.406159618358576
0.1588995276689	0.0306480879354901
-1.13238101744968	0.345367402292769
0.157631418222578	0.0304971390385879
-1.79541110556836	0.406108159138969
-0.731525616406812	0.255525096859232
-0.0321281792554104	0.015215555734364
-1.79522376365631	0.406159618358576
-3.07968455989498	0.963635125148535
0.1588995276689	0.0306480879354901
-1.79522376365631	0.406159618358576
0.148009607409806	0.0508661285145361
-0.185607581234448	0.15604275639153
-1.24816039227135	1.70965096046871
1.0181139435342	1.92112352770444
-0.0233514647955425	0.0218303234538939
-0.136312642650929	0.0947088737467955
-0.78781716782232	0.897166417872528
-3.07968455989498	0.963635125148535
-0.221755533699252	0.0734151122801483
-1.79541110556836	0.406108159138969
-2.57936018855439	0.682903044011602
-1.80012731460838	0.40572439661199
0.167846042512584	0.0427707788849589
-0.628447709775194	0.153171179772782
0.666887977767422	0.21415635270207
0.32136857854746	0.190561743893223
-0.624582031923329	0.153403426322781
0.157631418222578	0.0304971390385879
-2.57393942994101	0.680804613621979
-1.79541110556836	0.406108159138969
-2.57936018855439	0.682903044011602
0.1588995276689	0.0306480879354901
-2.57393942994101	0.680804613621979
-0.216233327172033	0.0712426822696432
-0.400332631737291	0.16699575867662
-0.277336768276422	0.173262128551363
0.196860377768567	0.165504552118363
-0.1062446826319	0.0928308294846149
0.0650481435947174	0.0576294962499205
-0.117026415778165	0.105037139995731
-0.0784495106052118	0.0743940710548596
0.165310764697054	0.0422104497686673
0.157631418222578	0.0304971390385879
0.688295437001719	0.328656313107427
0.956965590292449	0.254225160809089
-0.724832779293065	0.252803415831091
0.170554909891898	0.0426008804093734
-0.221755533699252	0.0734151122801483
-0.623695063230009	0.152227657420805
-1.139798321011	0.349782272227464
0.434765734153405	0.177993138783725
-0.622314221648084	0.151717296808394
-0.399402960373904	0.169604841607115
0.171588780100056	0.120082519462095
0.170541995167361	0.0433725109405701
0.167846042512584	0.0427707788849589
-0.350454717877603	0.101552906153879
-1.5154277743567	0.550652304944458
-1.81814593327299	0.757477944035012
-1.79522376365631	0.406159618358576
-1.29279308439871	0.592795795204863
0.155236989444065	0.046931522021964
-1.03302388557896	0.421793611703792
-0.159513824343925	0.0584877561943233
-0.0104970001736424	0.00699728063819088
-0.0582883418383024	0.0421103115107523
1.21838262202385	1.56091399570022
0.0993350800183173	0.0746217172866506
-0.289509211998312	0.209063992489603
-1.82491177099641	0.761062662410459
-1.17137392181324	0.665394599475887
-0.343542423818443	0.10090975164114
0.953397312790705	0.252738122158945
-1.13238101744968	0.345367402292769
-2.57936018855439	0.682903044011602
-4.00307510020539	1.77089277820852
-0.62409333671727	0.15194082521988
-1.5154277743567	0.550652304944458
0.662786179108504	0.213105829711844
0.524938478553276	0.192889918548823
-1.02734963908132	0.419609489752489
-1.5248710593532	0.544691522076106
0.166760634916841	0.0427859605507963
-1.04115769482839	0.418592116600537
1.5836722282431	0.785956489576846
-0.376715331242326	0.291255969145418
-1.51425919312654	0.549483381615373
-0.624582031923329	0.153403426322781
0.663034678171856	0.21290337117364
0.157056474373317	0.0303984095560313
-1.8211417211846	0.751312028200316
-3.45335843018676	1.237143568277
0.148115698391849	0.0509157943010484
-0.151758142408721	0.0543594174176327
0.144418071472831	0.0692832401870381
-0.929660514128857	1.0296156550831
-0.782632837575663	0.832638606768086
-0.796953653817559	0.745977862189903
-0.499362635927598	0.263949831739233
0.166394015894957	0.0421995715384941
-3.07792320695436	0.955710221735997
-0.62982953293132	0.153685936034785
-1.79541110556836	0.406108159138969
-0.723310015883846	0.254344357266946
-0.350191590281639	0.102610881125832
-0.342091382580869	0.0996589886024872
-0.340869162586215	0.0994476453021484
-2.57393942994101	0.680804613621979
-1.14016935299318	0.348638213237076
-0.227429765821456	0.0748191696657807
-1.79522376365631	0.406159618358576
0.519274334222245	0.189240619758764
-0.62409333671727	0.15194082521988
-0.349006134070706	0.101786523630064
0.1588995276689	0.0306480879354901
0.160614285616072	0.0483709724331317
-0.965357859411683	0.588391321793015
0.723878526361974	0.595243197995757
-3.07792320695436	0.955710221735997
-0.623695063230009	0.152227657420805
-1.03442196057676	0.415064722068335
0.526088870322886	0.19195857798614
-0.624582031923329	0.153403426322781
-0.35158404400266	0.101134556810023
-0.724716701361779	0.253084880212333
-0.692299063368251	0.59474934673481
-0.311562211757527	0.253130551017955
0.876167488691116	0.997000208641598
-0.431610739150649	0.432397514660345
0.653856723759169	0.452081505294843
0.157631418222578	0.0304971390385879
-1.81555072674751	0.752836446371321
0.170541995167361	0.0433725109405701
-0.335535613285346	0.0968358090286094
0.1588995276689	0.0306480879354901
-1.79522376365631	0.406159618358576
-0.636023364439912	0.153505134692002
-1.51009345022257	0.545190528961888
0.1588995276689	0.0306480879354901
0.157631418222578	0.0304971390385879
0.153568454289862	0.0464103165581933
0.160033282133955	0.0407505791232416
0.165273197569164	0.0419033482397814
2.76088021610819	0.795949787637318
1.03395964520782	0.397385011005584
0.59829718168914	0.312656295127005
-0.469389585736941	0.308930568932831
-0.775129318553996	0.34506231765234
-1.14508574724039	0.346861667774683
0.158321872008447	0.03054890339565
0.142482706235465	0.055536351134023
-0.217376423974934	0.0714638472668936
0.139470173943424	0.066346965284837
-0.530953460829193	0.436103115496225
0.475670281973412	0.529713201253939
-0.151550944625638	0.11934197714515
-0.259343125630012	0.215869533507958
-0.210398112867665	0.16188112768108
-0.134129185749324	0.115176567817206
-0.98126007376761	0.493856900338242
-0.623695063230009	0.152227657420805
-0.730343536032476	0.253594480814791
-0.221755533699252	0.0734151122801483
0.1588995276689	0.0306480879354901
-0.630732478411191	0.153857382309032
-0.624872195318547	0.152004974277265
-1.80012731460838	0.40572439661199
0.157631418222578	0.0304971390385879
2.75734920342264	0.799800653832186
-1.79522376365631	0.406159618358576
0.1588995276689	0.0306480879354901
0.525964016980888	0.191864376850222
-1.79541110556836	0.406108159138969
0.157631418222578	0.0304971390385879
0.1588995276689	0.0306480879354901
-1.79541110556836	0.406108159138969
0.948141792901091	0.250604857806815
1.03376095681478	0.39809706574288
-1.13870450738851	0.347544729295153
0.1588995276689	0.0306480879354901
0.152059452718086	0.029590171141199
1.9613717712777	0.470903909509444
-0.105340946764016	0.0423042376026443
0.333884884535809	0.18184201765623
0.951547874681655	0.253003737941398
-2.57450915234243	0.686119713628322
-1.79541110556836	0.406108159138969
-0.623695063230009	0.152227657420805
-4.00307510020539	1.77089277820852
-0.100917399450161	0.0405936510884419
-0.614974912875044	0.301052141709719
-0.407727639434345	0.226059042799761
0.356374202558498	0.335530427422812
-0.0793251117078598	0.058284046996664
-0.524989248435872	0.682416787148503
-0.0943151831132337	0.0854490008101389
-0.486652869450981	0.255498420997553
-1.79522376365631	0.406159618358576
0.156807201934892	0.0301762424591594
-0.388379835040829	0.162956091598671
-1.80012731460838	0.40572439661199
0.167846042512584	0.0427707788849589
-1.79541110556836	0.406108159138969
0.165674434882817	0.0422257308822068
0.1588995276689	0.0306480879354901
0.157631418222578	0.0304971390385879
1.9613717712777	0.470903909509444
0.160033282133955	0.0407505791232416
-0.624582031923329	0.153403426322781
-0.628447709775194	0.153171179772782
0.167846042512584	0.0427707788849589
-0.624582031923329	0.153403426322781
0.166394015894957	0.0421995715384941
-1.81555072674751	0.752836446371321
-1.13492041310201	0.349384486959602
0.157056474373317	0.0303984095560313
-0.624582031923329	0.153403426322781
-0.619634069394611	0.151716324023864
-0.450626180616469	0.346621883145314
0.167846042512584	0.0427707788849589
-1.13492041310201	0.349384486959602
-0.620531475305306	0.150785249491411
1.33336750964019	0.595719963912108
-2.57507908676252	0.680490038595289
0.161694559716164	0.0487970170518378
-0.22458825905564	0.0738605087191762
-0.344557148938041	0.242663925143616
-0.258111454799667	0.19121770638863
-0.186142549250865	0.156270716437267
-0.0552157488285495	0.0488954231828334
-0.622076504012969	0.929152217147407
0.150987968499307	0.0459422956002911
0.169301214921532	0.0427592743769238
0.1588995276689	0.0306480879354901
-0.407314095983314	0.17369816386051
-1.52751919802195	0.5494166055303
0.164278215865622	0.0494439084469955
-3.07880362658843	0.963967696821091
-2.57450915234243	0.686119713628322
0.673553513601153	0.218109822226041
-1.79522376365631	0.406159618358576
-1.13492041310201	0.349384486959602
2.11510958403916	0.96677783943862
-1.03328578715706	0.412302662174158
0.50183110859023	0.441353810145455
0.670883773275737	0.21573252817249
0.161791665747346	0.0309826798878848
-1.13453748317733	0.348386420481102
-1.79522376365631	0.406159618358576
0.170541995167361	0.0433725109405701
0.1588995276689	0.0306480879354901
0.167846042512584	0.0427707788849589
2.75863284516271	0.79267969100207
0.168213647836342	0.0427717891925395
-0.391485682806602	0.165080105305881
-1.11135552662474	0.752723588053758
-0.147597219273687	0.103077287341085
-0.080541380966845	0.0654627598737878
-0.282627884746652	0.273053613358998
-0.773036299856524	0.342081892386786
1.04160966012263	0.401916952457565
0.149822512433037	0.0515980643104733
-0.350191590281639	0.102610881125832
-1.5154277743567	0.550652304944458
0.166737913090613	0.0422118222449661
-1.02757122770041	0.415639038598866
0.169577227255396	0.0503177026549377
-0.623203514518812	0.152886975065438
0.176916601796261	0.0440419009793811
0.169301214921532	0.0427592743769238
0.950331430928645	0.251806185220337
0.150987968499307	0.0459422956002911
0.436051221892724	0.178450617932061
-0.155108190251964	0.056718694500787
0.653446494338454	0.585793948131138
-3.45947707291401	1.2418726498034
1.05739250525133	0.522020826016938
0.157819500886876	0.0479964018015095
-0.21782126076243	0.0717238674753132
1.82578795240992	0.72409353488536
-0.147413525125714	0.0541557128042683
0.157819500886876	0.0479964018015095
-0.785666389806822	0.349770403162494
-0.161584312119121	0.110342504949743
0.436051221892724	0.178450617932061
-0.76533834055596	0.338041545712676
0.167846042512584	0.0427707788849589
0.156422543419747	0.0472980918883861
0.445846077973603	0.180546267967607
-0.609908405157597	0.297681507668352
-0.530113495452228	0.203568083312847
0.152380753568528	0.046289512415668
-0.152027874499813	0.0556812356537209
0.525131259349727	0.192999914873943
-0.344718928168882	0.101170101330633
-0.15305394996009	0.0561503783181607
0.523787196468579	0.192297988976743
-0.343816891455429	0.0996962776646578
-0.52054516814826	0.200215625996803
-0.13922291811362	0.0500537641309676
-0.21782126076243	0.0717238674753132
0.81151620199283	0.348634244573977
1.76667559085405	1.00128528132399
-0.39051976082699	0.163555990233317
0.51666515090309	0.18694647718822
-0.61034981008363	0.296851575272232
1.05867489725025	0.524260431275118
-0.399401390410689	0.224864501995494
0.157819500886876	0.0479964018015095
0.143277210472495	0.0493154830389871
-1.29036537030714	0.59556127294321
1.78566382260107	1.01250100815393
0.810186660059278	0.348204719952732
-1.82231749393078	0.757183848190581
-0.596347221174747	0.57875147786778
-0.192437698987974	0.103234446109599
-0.104296607075842	0.0609245653825842
-0.61415442898554	0.296190537141419
1.82480935034987	0.726106092264881
0.142730736368908	0.0428308717507511
0.672365927723615	0.21584689717513
-0.726014434586772	0.253129587844998
-0.340869162586215	0.0994476453021484
-0.523324953422777	0.201994861376303
0.164495633504715	0.0495456538908044
-2.57936018855439	0.682903044011602
-0.529590931055547	0.206114530882042
-1.02757122770041	0.415639038598866
-0.350191590281639	0.102610881125832
-0.624582031923329	0.153403426322781
2.35616814707374	1.20973592380132
0.339726117165447	0.18762243616706
0.187135320920697	0.143367064105646
0.167846042512584	0.0427707788849589
0.172003388254653	0.043682446671818
-0.630732478411191	0.153857382309032
-0.35424652274721	0.101699068262197
-0.343816891455429	0.0996962776646578
0.1588995276689	0.0306480879354901
-0.465715898251017	0.383710505141705
-0.628346793451716	0.689382765399499
-0.605430932414333	0.294773150923939
2.11260268209087	0.963178522665624
-2.29814549250753	1.18729499827723
-1.1412609968196	0.35088828313214
0.148009607409806	0.0508661285145361
0.60136490580067	0.314785644548723
-0.165622769744477	0.0593162650287256
0.160400851667561	0.0483731984970343
0.164495633504715	0.0495456538908044
0.167846042512584	0.0427707788849589
-0.338511026319061	0.0982184054411285
-0.525335160168346	0.204442902704607
-0.730123386031477	0.256802322226565
-1.80012731460838	0.40572439661199
-1.13238101744968	0.345367402292769
-1.13238101744968	0.345367402292769
1.32943403806317	0.587896010181443
0.432193731853075	0.175339500524409
-1.13384470910725	0.346451671342812
0.151872149221307	0.058732396864501
1.03654154158417	0.402707767551167
1.03837185588393	0.966845864058554
-0.529856186543624	0.206206399241258
0.148474860661707	0.0573671962426336
0.148009607409806	0.0508661285145361
0.15140740070063	0.0522724297544451
-0.345150316372877	0.100068376294618
-0.624582031923329	0.153403426322781
-1.52751919802195	0.5494166055303
-0.227212618004882	0.0750820913651819
-0.0811861035909121	0.0581123900507899
-0.0825159275737691	0.0715529418874602
-0.500917135640226	0.493115407676087
-0.206376330551374	0.20011596917641
-0.726014434586772	0.253129587844998
-2.57450915234243	0.686119713628322
-0.623695063230009	0.152227657420805
0.141595248893409	0.0490443609015525
3.26454918998549	1.12582035861405
-0.340869162586215	0.0994476453021484
-0.350191590281639	0.102610881125832
-0.741277871490015	0.252221838221847
-0.623695063230009	0.152227657420805
-1.79541110556836	0.406108159138969
0.821071015660031	0.355024826276381
0.153330488140151	0.0297415921897382
0.141595248893409	0.0490443609015525
-0.215091100919037	0.0708081397941703
-1.27715079908349	0.591856388497322
1.26428368836971	0.705103132104894
-0.15100249430913	0.0549770279031329
0.161694559716164	0.0487970170518378
0.144455913259947	0.0625950346418914
0.689859582303827	0.330466967885979
-0.230641834909391	0.148309677237005
1.06172248177281	0.508892536219531
-0.617214662001483	0.302128791616088
-0.618737201948444	0.150559036504414
-0.623695063230009	0.152227657420805
-2.57393942994101	0.680804613621979
-0.23539447738102	0.228846896523065
-0.522569732807544	0.834651043051681
0.142769389794402	0.170861402002291
-0.316483898817212	0.452050001108313
-1.12965913036419	0.345874034206289
0.170907934848088	0.043117938222106
-1.79541110556836	0.406108159138969
0.153330488140151	0.0297415921897382
-0.623695063230009	0.152227657420805
0.157631418222578	0.0304971390385879
0.1588995276689	0.0306480879354901
-0.622314221648084	0.151717296808394
-2.57450915234243	0.686119713628322
-0.62578517099276	0.152177768086576
0.156807201934892	0.0301762424591594
1.82459505180038	0.722360648575796
2.75606918885066	0.793508670212093
0.167846042512584	0.0427707788849589
0.158321872008447	0.03054890339565
-1.79522376365631	0.406159618358576
-2.57450915234243	0.686119713628322
-2.57393942994101	0.680804613621979
-1.02757122770041	0.415639038598866
-0.0677726592278881	0.0294157500641004
-0.736974202582871	0.25698901940374
-3.07880362658843	0.963967696821091
0.1588995276689	0.0306480879354901
-2.57393942994101	0.680804613621979
-1.28624234459102	0.594941965574939
-0.788200370562668	0.664516979819593
-0.20690417292825	0.235291715088536
-0.453128441666527	0.701366054857174
-0.111673588743787	0.128266143672869
0.298412508592373	0.432162738972172
-0.580907939394139	0.421854349929739
-1.13599688789171	0.349486711323194
-1.79522376365631	0.406159618358576
0.158321872008447	0.03054890339565
-0.725669351344178	0.254938132698188
0.166760634916841	0.0427859605507963
-0.622314221648084	0.151717296808394
1.81672375669943	0.71977097990322
-1.02902587576124	0.416486411153987
-0.623695063230009	0.152227657420805
-0.349006134070706	0.101786523630064
1.96025897070573	0.471212877436839
-1.51396593073936	0.54893460092185
-0.62578517099276	0.152177768086576
0.157631418222578	0.0304971390385879
-0.343268806146835	0.0999183449449793
-1.79522376365631	0.406159618358576
-0.724716701361779	0.253084880212333
-0.776879219916836	0.347397010506723
-0.226994851075598	0.074404091761554
-0.62982953293132	0.153685936034785
-0.405058914373109	0.172684284751207
-0.487055445675178	0.4108596505814
-0.279032323735218	0.345273581043363
-0.211718213666951	0.232086433620984
-0.178771815069285	0.216786607255849
-0.120852202527546	0.134094395489365
-1.09346027099426	0.729699691935488
-1.13492041310201	0.349384486959602
-1.13599688789171	0.349486711323194
-3.45442672204145	1.24810798046793
-1.79541110556836	0.406108159138969
2.75734920342264	0.799800653832186
-0.530113495452228	0.203568083312847
0.140236160554526	0.0546773519781851
0.527625536835698	0.193638734585991
0.14318569950382	0.0490968287972809
-1.49099625807477	0.776999131898863
-0.143336076992984	0.0522792289562263
-0.220404038835599	0.0729168656391525
0.157631418222578	0.0304971390385879
-3.07792320695436	0.955710221735997
-1.80012731460838	0.40572439661199
-1.27397293855583	0.586625042370409
0.142679564838216	0.0491455222440914
-0.62409333671727	0.15194082521988
1.05859322316798	0.522130093605929
-0.0274731149373824	0.0130180256919096
-1.24784652230282	2.41964698753802
-0.840688716195493	1.09873542433257
-0.397934085733099	0.31347959452997
-0.300327298865373	0.286123912527978
-0.503794819475944	0.524307279471025
0.136877836413772	0.123704860751622
-0.428128030257082	0.574383609293923
-0.724131959540442	0.786394433119875
-2.43574692525086	3.23325929620688
-1.22911706520929	0.920678324387362
-1.16735789444722	0.663455127508124
1.78309950762151	1.00861797657502
-0.219259833165648	0.0720995324237527
-0.404088877477541	0.172300735136295
0.135258156202137	0.0585783791053786
-0.719426085672194	0.251004789565613
-0.992573404614983	0.505703885908064
-1.34203906120985	0.850709844337526
0.600495967155209	0.314537772639029
-0.768389441221935	0.338468442928245
0.526282024246712	0.193593170961761
0.167846042512584	0.0427707788849589
-1.68414146482666	0.983858903403601
0.151914213431948	0.0657413809627806
0.156510084507197	0.0750130819052589
-1.2479659891505	1.12842835273497
0.082665788173442	0.059509076307303
0.17161565540766	0.10411787851131
-0.254654001109278	0.12692343644755
0.141493790786818	0.0550477805246781
0.143124970655759	0.0619917154393719
-1.48589808018751	0.763922199517563
-1.03302388557896	0.421793611703792
-2.29240998427004	1.1910126278839
-0.406342549193427	0.173701308354649
-0.985013406948836	0.499181139479645
-2.6485126418143	1.65683499378699
-0.113372946964712	0.0451601518964262
-0.19405864791561	0.103439090541655
-1.43232078237898	2.05844604297636
-0.932450155708632	1.22233601417084
-0.392053742122152	0.267833780044117
-1.02876159815116	1.14217373226677
-0.561506631109892	0.682590234129167
-0.496841478390343	0.55171753026226
-0.409004173585417	0.322081282607034
-0.694267671799229	0.839313989118517
0.562705345722385	0.443409664812527
-0.238840890498252	0.233560193682519
0.00428018961014016	0.00332967157193977
-0.128739440187373	0.10218586535288
-0.0337403116745583	0.0280083828382089
-0.193582473752256	0.163122921533856
-0.190181635187669	0.101967004818941
-1.90336464048962	2.2544873936364
-0.963519225742903	0.592980233660307
-0.800582702068375	0.606565237747029
-1.34893678394921	1.10572378885072
-0.583993434413315	0.424484130248543
-0.651078011591064	0.624710712175571
-1.10518742401483	0.753537558256566
-0.247464514388541	0.122812595046995
-0.0695347745751546	0.0304385311438849
-0.787770189687373	0.668678438602541
-0.323269296183079	0.148985547823648
-1.16596890765205	0.660278651174474
-1.13453748317733	0.348386420481102
-0.300979927122279	0.137531150819667
-1.18739617463661	0.666754458871534
-0.487528343543058	0.256476702305278
-0.0839390662378123	0.0506804439255357
0.16299210207927	0.0839757476513337
-0.187803556465622	0.158139119800482
-0.797375585975784	0.519263890669153
-0.221860227790252	0.0729410950813406
-1.0908477279837	0.739039590639021
-1.67726281414494	0.962577209907809
1.26781397401166	0.705789182040809
-0.193812017611591	0.102329582268643
0.347090353191795	0.172515148487221
-0.0286705711761857	0.0135289367186542
-0.137882262819338	0.0960507584032374
-0.220973369776412	0.14197844727454
-0.862039730233139	0.917623280888548
-0.529310906531005	0.512699648565611
-0.381839989160109	0.354091062084888
-0.787944918540471	0.985958117798997
-1.37369117922748	2.34265351488699
-0.591795741134015	0.577880452678431
-0.390400196625955	0.306246056758312
-0.608891533391571	0.655748406034922
-0.60165903125566	0.700647514904428
-0.78518157538153	0.844347006840585
-0.515298282310163	0.469679106910159
-0.511379327240899	0.536957028139998
-0.211878704699845	0.174070813674988
-0.222591582137708	0.143011687093474
-0.799979838100063	0.602916737732546
-0.802742836414872	0.685498279178344
-0.767372534252304	0.342433422022686
-0.792299391521203	0.437805854647237
-0.342049627515181	0.0990466327294158
0.133200650385756	0.0574217153059935
-0.0641040223256365	0.0282490171992017
-0.264326928391302	0.162615305270503
1.07307691123601	0.658708914320812
-1.10852329972542	1.06070674404886
-0.252429941463452	0.126139154231273
-0.343693528937163	0.0996288364739292
0.149069581142614	0.0649019495188531
0.161808396057621	0.0971101820909442
-0.142782688103874	0.0788496990763266
-0.991928365674222	0.501235694208886
-1.5154277743567	0.550652304944458
-1.6818775999092	0.970676525221855
-0.656275171709372	0.388587136928864
-0.786922674316977	0.509224727062513
-0.81258510834023	0.523818819082341
-0.119504139415341	0.0701444397544239
-0.226123718091758	0.146112741350932
-0.643353213771242	0.650640446135373
-0.682658011406361	0.472256356007705
-0.760970926187252	0.333182242971268
0.147041195550145	0.0627199672449262
-0.520024315525337	0.201968241826799
-1.68439837492378	0.966504976336147
-1.5048932530262	0.782150769525218
-0.721783751651319	0.251597360149973
-0.274534936229231	0.170281697925645
-0.228302069710006	0.111455684631053
-0.616374491169733	0.494521762284692
-0.730504326583923	0.796813445207502
-0.789344471579274	0.739842388456492
-0.796357609474508	0.899862336995028
-0.740711039308636	0.895557168510448
-1.18425579290571	1.17257518443522
-0.59470862899553	0.722007026974609
-0.347811207311844	0.303948158187049
-0.294146244902635	0.212676589260081
-0.121039764633676	0.0956783081536921
-1.04717615029937	0.82538742451676
0.153814003219937	0.0811110176111413
-0.46661782797495	0.307727493559148
0.44123842978774	0.180936747631182
-0.302483320960127	0.138497639278955
0.144616061493927	0.0500253520513714
0.168436641808994	0.103078843965151
-1.83966410513708	1.17829735828949
-0.0357565078272702	0.0167826133625674
-0.474717523569975	0.40002825485816
0.954059724165983	0.644615149718445
-0.649058339828041	0.382218949112789
-0.393375578429947	0.219371901081908
-0.317670041541197	0.147638924362247
-0.404633553011844	0.225198971477941
0.152461540844192	0.0734262513516032
-0.98623770485444	0.501884047923389
-0.535048311485641	0.206420937784142
-0.581691224416877	0.417926441519794
-2.00220517137545	1.40030007342987
0.78767812419087	0.472977753985954
0.741203545154445	0.718587775494066
0.317415856236112	0.190363107584285
0.893515512999351	0.896623239226352
2.35751925380291	1.20659224933164
-0.529889202249864	0.434454529505229
-0.106826663406859	0.0431021657871433
-0.610938201288696	0.292141718399115
-1.73320320264058	1.4455791488042
-0.580907939394139	0.421854349929739
0.887837899976829	0.478504535084456
-0.698645347394002	0.547204611049223
-0.696590376868046	0.548788520917445
-1.00655698994649	0.900651318806635
-1.10709462691429	1.05916626178432
-1.09533830709978	1.26053259561899
-0.39370867808059	0.310279483841857
-0.515390860038917	0.473347282382681
-0.109459636058912	0.0890971450719237
-0.0567953515640857	0.0249611544161382
-0.248829068599719	0.124639701897521
-1.25709367999394	1.16988940037089
-0.549714297450046	0.341931986840453
-0.228575803073719	0.0755878378969254
-0.220719282235606	0.0721977307033811
0.818401429874522	0.3510010871155
-0.528510789511083	0.205441902241372
-0.518945913103219	0.201612309704566
-2.79190349326692	1.89810943880028
-0.656275171709372	0.388587136928864
0.149271671672469	0.0712974353556596
-0.509352921576467	0.191737991908286
1.05859322316798	0.522130093605929
-0.352824712262703	0.102155795737906
0.525131259349727	0.192999914873943
0.155877509351262	0.081336915573086
-0.342091382580869	0.0996589886024872
-0.725669351344178	0.254938132698188
1.27213959508899	0.719856330378455
-0.728603241616642	0.252594278008489
1.7748977794676	1.02052278249499
-1.13599688789171	0.349486711323194
-0.980294578852326	0.492645517231773
-1.48691192314698	0.767213175502713
-1.48589808018751	0.763922199517563
-1.94027337941202	1.87390081931595
0.304588564466228	0.207829622808897
-0.107439544241819	0.0763457359680089
-0.52402013054653	0.203694200281952
-0.146391767834071	0.0538121497783544
0.161486408205213	0.0413117168731846
0.67114469411031	0.215490092261742
-1.01976360336146	0.408668891743866
-0.416689899256407	0.174259826058117
-0.780222385383906	0.350064605644818
-0.380080163609914	0.514152861594906
-0.224524008288445	0.298706776950543
-0.756147778470852	1.45900130410301
0.55272600400081	1.09762956262078
0.0365853681233376	0.0270198549985089
-0.98189701851344	0.496218329476225
-0.221860227790252	0.0729410950813406
-0.487669535549097	0.408431999468402
-0.523171029238127	0.20323286573159
-0.335535613285346	0.0968358090286094
0.440208643626581	0.180693389650481
2.11510958403916	0.96677783943862
0.1465405233427	0.0566450450736671
-0.343542423818443	0.10090975164114
0.166394015894957	0.0421995715384941
-2.57393942994101	0.680804613621979
-0.797457403683643	0.438498373003615
-1.28063049074862	0.590967255795044
-0.346338838256578	0.100875906320348
0.1588995276689	0.0306480879354901
-3.45549576669823	1.25034460620717
1.96025897070573	0.471212877436839
1.45606145484126	0.491057209685398
-0.235571220413538	0.0764142387662903
-0.719426085672194	0.251004789565613
-0.249255629315266	0.124783998823651
-0.501563976546634	0.376478543442747
0.073359477744103	0.0712125215930941
-1.84100906407231	1.17626309687335
-1.82373483340545	0.759520768730619
1.44824908922374	0.485976898894524
-0.725896158891892	0.253805951910148
-1.52751919802195	0.5494166055303
-0.343542423818443	0.10090975164114
-0.72255203673867	1.3180825873707
-0.301041492048127	0.473194110193118
-0.372943846447622	0.417658541056005
-0.338511026319061	0.0982184054411285
-0.536127695906329	0.206804527707773
-0.494828248558829	0.256810336723992
0.519274334222245	0.189240619758764
-2.47292732715865	1.41210091807372
-1.22026412283843	0.90716640297476
-1.02620966872653	0.41818337996543
-1.02620966872653	0.41818337996543
-0.405371619690847	0.173316494832004
-1.35191995877192	0.827993522289157
-1.81697249352039	0.755161927952963
0.598713662126471	0.313997946459841
0.147035556764615	0.0508245783399546
-1.85374790821983	1.1797411060444
-1.17328369638531	0.671526484374024
0.138428251912748	0.0538210500753023
-0.402321330714336	0.171233810890718
0.105816963228701	0.0793059274049239
0.229145625068153	0.298443206963861
-0.000550060115961311	0.000344678250374976
-0.408749849009961	0.229641369711672
-0.00988944030141084	0.00485845854569112
-0.804083951087752	0.516950397948853
-1.02203827315684	0.413518890635416
-0.520024315525337	0.201968241826799
-2.07782275052685	0.968670753618719
0.0680795408125939	0.0456091171172513
-0.0441044462682806	0.0409205519934383
-0.367683572940047	0.32451217191903
-0.584015755533587	0.71465781190981
-0.200058254664302	0.133277568031939
0.156090984368583	0.0881928450716222
-1.00020720057497	1.15541536949095
-0.109665086500393	0.064181535265277
-1.13154456517371	1.4480106266703
-1.73158862191795	1.8537098083564
-0.254154998451828	0.126775191979198
-0.143765460614544	0.0805132981619434
1.44332016543323	0.896721496904172
-0.197200230550141	0.105142153367129
-0.800603612591288	0.52681139842462
-0.0622121886426164	0.0271906046643111
-0.229196760999046	0.148862781657688
-0.118216214047616	0.0689242019824768
0.161452817962799	0.0767896938259987
-0.452524433176527	0.345088099768135
-0.255899283308229	0.127152500504326
0.71199823934011	0.460100210934162
0.0477950895427954	0.0291662846251245
-0.476596301597202	0.440541296829345
-1.02155289800156	1.53084272662156
-0.596082929660044	0.431965681448108
0.168530228350895	0.102956339665606
-0.15387456759466	0.0564152538997517
-0.150674187199182	0.0849706601958203
2.26823337827777	1.74027421110959
-0.469129473317608	0.309904961034326
-0.0435187914606922	0.020191084132239
-0.964785133476016	0.588612972031311
-1.04207226962081	0.419557625732583
-0.709847107782062	0.935822366923061
-0.750971785115685	1.11431712379476
-0.40261465605428	0.378812651322566
0.754670241957883	0.818221664979786
0.817137982315143	1.02703759861425
-0.112237658129027	0.0901628247239145
-0.056161237597602	0.0415248887948341
-0.275116417891861	0.225296045491071
-0.486685719696834	0.479990205277396
-0.681975431525327	0.857347625225984
-0.322892507513625	0.307314668041425
-0.577454370229957	0.552752401550183
0.0717044459801305	0.059266141366645
-0.558920817518325	0.500878857027248
0.275060488541179	0.20862475205688
0.679453241401487	0.581087145711189
0.0622889318326863	0.0412572962265889
0.63419433022643	0.660672117214303
0.161234785105382	0.107848196476315
-0.279571216589157	0.247382188480026
-0.387990381805524	0.331464308748329
-0.17320025233604	0.145913158649027
0.187183530634934	0.152574719665965
-0.713136353405489	0.668773218618481
0.252984839538932	0.224197253534014
0.168016514346758	0.11828455842994
0.0177855695411247	0.00961492651555503
0.281783407851889	0.231865074090889
-0.515164521731016	0.471163966291483
-0.233730523655193	0.151133161799198
-0.31340680800079	0.276852097724924
0.292115174206195	0.208179231880079
-0.431492952980886	0.368507937629349
-1.79541110556836	0.406108159138969
0.149085757624738	0.0580193309004684
-0.120607710132629	0.0973086317931766
0.431608825626766	0.476304153626486
-0.328713618778284	0.358801181347057
-0.209011252445564	0.188988005810243
-0.687924537048862	0.835215316185268
-0.51338710571113	0.47156706857044
0.12021980918435	0.0984591059513149
-0.684596868315598	0.827636852143488
0.573950127579157	0.704473403644723
-1.21765917059471	1.90675907133824
0.0127393706636073	0.00912031419882089
-0.230954793866701	0.20680708734982
-0.623594978441255	0.679085138223486
-0.38995497015051	0.394850897342799
-0.228063883104922	0.171400945319012
-0.331346183991635	0.259020034412999
0.356967127638135	0.316693331036465
-0.0434697175815775	0.027983412811935
-0.051818212990809	0.0384245397356071
-0.852244252189068	1.06639824466901
0.0458537652860782	0.0277724513737902
0.181480091585509	0.147192321501922
0.286094747172347	0.21177043800972
-0.895296178067668	0.817514302527216
0.938687637937314	0.897504558049545
0.177147508698612	0.124373531700854
-0.320206718337888	0.304450303090675
0.454683746524895	0.423809582975858
0.0930220430348845	0.0689491262955527
-0.50633881148405	0.377541655429259
-0.139467421091861	0.10841295418635
-0.721594480472065	0.735059072252144
-0.710321754080909	0.666508356173159
-0.652725834483953	0.626065485656005
-1.23481420264721	0.921023709504496
-0.794382480552701	0.675431549710937
-1.34528463018792	1.33158348339925
-0.319513776906243	0.186198664077438
-1.83549924852255	1.16299796141271
-1.27690358994486	0.587047608858878
-0.225625954532307	0.190224877884777
-0.212854707357853	0.203891049508853
-0.458395524148977	0.584183282505368
-0.54533434452247	0.634363278813384
-0.479421556372894	0.608185366545691
-0.581112944496131	0.782794802169318
-0.556723719317764	0.581676941311424
-0.304741282230628	0.309427089226872
-0.414154266219198	0.465752503867225
-1.8710537399833	2.59258464093336
-0.0876866724311031	0.0631255618083599
-0.298780861926101	0.285868097231797
-0.352698632520294	0.394645893059609
-0.604322212774283	0.740016484490045
0.179109335050911	0.166465686017076
-0.354987704322066	0.358303116503621
0.505060043327369	0.599322189017331
-0.130464851885333	0.090725417888392
0.608270349604895	0.558012031804927
-0.172153211214951	0.145088835588113
-0.850577881459932	1.07439286562277
-0.620717719079036	0.711751879683092
-0.522040234984414	0.391286272949137
0.17665171112926	0.125355315355874
0.0888075080688129	0.062221641262196
-1.07869432187914	1.52749617543347
-0.624582031923329	0.153403426322781
0.342651176761481	0.189151789363139
-0.351017327963088	0.28173243473062
-1.83941263427894	2.09379476429121
0.609310182678317	0.454093158059005
-1.03439373371663	0.41922059845391
-1.17454419011651	0.66058812032378
-0.47841258745604	0.504468114615112
-0.396344206147509	0.374719737335324
-0.489211633982569	0.575915624994936
-0.125233849582511	0.11640731694322
-0.394981237460268	0.341862942608184
-0.490919005670848	0.598897574401963
-0.187684389114667	0.171295259950596
-0.427983147706305	0.502629694146252
-0.188948155968569	0.171004655150291
-0.864852167171165	1.24911855322623
0.687326325897616	1.01043837461678
-0.243699920626078	0.220895909174148
-0.133998456900474	0.126338835118643
0.0454177691149968	0.0344378536301589
-0.115232300234366	0.0678893663918376
-0.0463135421229336	0.0342264782049071
0.460489445352441	0.431744593371262
-0.0242245303891957	0.0158215502502806
-0.0643097032191009	0.0402201722451041
-0.793008611485031	0.742046443542454
-0.623201470478118	0.553311478080161
-0.104590329612916	0.0423595399149465
-0.141299571448262	0.0514880255645158
0.448893696902475	0.416564194817162
-0.340309194284563	0.239818491972451
-0.0116309206606635	0.0056432299300719
-0.623203514518812	0.152886975065438
-0.240705931052942	0.199830526904432
-0.512653207978616	0.470233712708254
-0.726748442990811	0.791692474391505
-0.573651967986958	0.629029689922749
-0.73248982751734	0.255921070717602
-0.404250388317841	0.428961763289849
-0.154762366282712	0.132884866225028
-0.106716706087904	0.0758074179564005
0.0892542563177422	0.0793897290809292
-0.690898607574281	0.873875848179409
-0.789186687868385	0.949883264875343
-0.474369971420209	0.550420869822091
-0.236091628024247	0.2553867561139
-0.144500087176846	0.126047736781243
-0.316161699501545	0.279230846847001
-0.0890602192950296	0.0731605572557734
-0.172415309770736	0.148646830633129
-0.246456539762889	0.218382606430629
-0.464352466033747	0.463859138074942
0.272185496649394	0.209254498337743
1.46814484302057	2.06049347265258
0.790630264639856	0.614406733838826
-0.988166682338739	0.500650015929564
-0.333393464431474	0.195989653428496
0.447728996777147	0.428422952421746
0.534039331644218	0.534152902854776
0.683675814235171	0.695595348323865
-0.887974998196004	0.88195405374749
-1.51309151623221	0.544844714826084
0.148637143683965	0.0647084348912117
-1.05109156311629	1.08173907079267
-0.971348146214865	0.944725238902525
-0.617705476273454	0.300459908442062
0.00283435156564051	0.00200528511037969
-0.155282602263409	0.105443772330613
-0.791323809753763	0.343383542616103
-0.342366844950387	0.0999187527730966
-0.300084165145487	0.137144307945409
-1.30438662553716	1.75299198621783
-0.10790137776917	0.100828326098335
-0.293102511872443	0.279859082553233
-0.329199806949371	0.334718282498942
-0.314627915370842	0.29696695541243
-0.501427988335432	0.498118699883979
-0.244090132009319	0.234992280653429
-0.486119889345156	0.479400068646128
-1.19073004581256	1.58216966548314
-0.31680258693194	0.256965411171112
-0.478548368170249	0.468924414032165
-0.49580407925477	0.44676488506257
-1.13588137974729	1.65649170423063
-0.597569301993529	0.582408623873488
-0.932137440108853	0.662503092192559
-0.452262654188735	0.295498354367204
-0.436160076223466	0.332881186363546
0.450193437640057	0.411894120428125
-0.481388167946074	0.407535180855688
-0.0969107494479335	0.076170423503125
-1.51822461727644	0.546437377819713
2.11769700263871	0.971078644340133
-0.313924957395564	0.146394167896912
-0.806388018115046	0.817076904214243
-0.460742321001071	0.414067707418147
-0.226511280154025	0.146919979958005
-0.455777279255888	0.297900106281188
0.14938898484042	0.0448799012129405
-0.784646857032786	0.348858181333033
-0.263951517464273	0.250150520216428
-0.234844220074183	0.214934376435822
-0.0378316016003581	0.0290238775529084
-0.00783859301171788	0.0060899610871935
-0.745741874453996	1.01131033245603
-0.22909441717235	0.209433637982267
-0.208375881398191	0.154699289983325
-0.354902708641299	0.312480287523089
-0.450539783611501	0.348520106224649
-0.463605556936042	0.425173269945403
-0.1704054370588	0.131584571945667
-0.623891295357034	0.537887124757876
-0.209777048639239	0.160812275620074
0.296622728686488	0.212152192501158
-1.17977331435951	1.44055876298936
-0.536938047912868	0.442135614438977
-1.51009345022257	0.545190528961888
-0.150032806760901	0.054468561489925
-0.469595966445842	0.310235090599618
-0.345353647169579	0.243867586123453
-0.495851004770011	0.484485210101951
-0.185927680189122	0.14386701165945
0.438338128820545	0.310289690299527
-0.674660728808392	0.68557285386365
-0.479395521642975	0.406225220961802
0.0361446449974984	0.025668778852295
-0.234405163435374	0.191737849973313
-0.67639444913513	0.519419787274634
-0.793619297151139	0.737757453694989
-0.625896579815101	0.297054237411967
0.365340004650458	0.184089546308535
0.527431899623247	0.192654585358379
-2.07127821802252	0.968855193957147
-0.414912039516498	0.442474903222073
0.700544501253799	0.794845247945537
-0.0383156092365068	0.0287796272981505
-0.192596404511145	0.163696773117196
-1.59107135980666	2.79990110512088
-0.525610540549186	0.641380448040981
-0.424275521486957	0.393974791592198
-0.34737251289245	0.27483342419113
-0.711606026096828	0.676111576502248
0.185899434826663	0.137304605357353
-0.253395787239327	0.132652451378741
-0.347095883880694	0.276938908297018
-0.640274311801151	0.739071077272538
-0.904135660506871	1.18831398124639
0.118680277698287	0.0961095252999837
0.694952376444655	0.857624548457123
0.075544054762159	0.0537643961157715
-0.475934181712239	0.396889347111358
-0.860033842802053	0.910594699708705
-0.504056520434099	0.378788591108701
-0.660135219454975	0.749357833713252
0.34377504168633	0.312624800514347
-0.0190528883215253	0.0175488231428112
-0.800060199306637	1.00697397376381
0.199285124924565	0.210226003615744
-0.0749208062414468	0.0620699509928299
0.518476569493889	0.540406054320059
-0.261166696516855	0.331124771518788
-0.231621624654163	0.250984631251115
-0.723407525909004	0.688345575040993
0.161230932471556	0.0921007639037707
2.02913572640191	1.86880777282502
-0.451758123275066	0.348039628278308
-0.934896694906592	0.673635789304504
-1.32914618072091	0.823042595160895
0.0415071745700175	0.0252723281139792
-0.57963633680861	0.415979805721942
-0.874805953469141	0.7870500677997
0.110567457421628	0.123797739666896
-1.3630434907359	1.73967885087694
-0.396047535064046	0.273388937203072
-0.48332394503632	0.402869018372109
-0.717714572040675	0.676608820323791
-0.514593205438903	0.540658770935463
0.0727511316747632	0.0489451090071246
-0.5026543151863	0.499946363449487
-0.574899245164495	0.413429870902547
0.179273688888101	0.14060207849188
-0.114478419671875	0.0815566855684045
-0.0698644208275714	0.0436086413896636
-0.392568964785488	0.394580557936573
-0.438427907188449	0.377916611474217
-0.422399907374536	0.3920977891163
-0.870582127778711	1.15020906470066
-0.0729921484770185	0.05345408019577
-0.309757716397458	0.225958044680475
0.182009533343025	0.139253179815971
0.866332596072511	1.17358707303756
-0.614455677683333	0.700479676881665
0.179781963829102	0.139535095618113
-0.444670666432312	0.334946580748745
-1.05196553244283	0.831889270718989
2.11763800488772	1.48637636013371
-1.42913708916177	1.71380005122567
0.00272297011483656	0.00257857703844496
-0.349580382890084	0.39089823893652
-0.627461587845645	0.833293911666645
-0.831549562628804	1.27118588399243
-0.935370102113387	1.37903965448399
-0.382817141438332	0.384873045836697
0.290641475678696	0.216335662511809
-0.349024446253075	0.27748841638596
0.121079117606379	0.102844340666233
-0.743549389822991	0.8946189558624
-0.678443750119048	0.779782353131562
-0.162146189149025	0.125181855379293
-0.793070152507096	0.946993282058086
-0.385503139984887	0.362865567604754
-0.357824717486323	0.381906339916154
-0.271485425554248	0.259990353890894
-0.36218798622309	0.364422346669995
-0.334455522872178	0.294252579922165
-0.461825702566757	0.427678918272537
-0.61597179718748	0.6645795836726
-0.260914597422971	0.193184711478722
-0.266690914021975	0.198342271100502
-0.501955785290847	0.374539903266989
0.13693813472375	0.059128012802319
0.147528393742037	0.0705022870007616
-0.407673817458555	0.227911292084613
-0.64562941196034	0.623226069576111
-0.580842619522361	0.417760456877793
-0.286958724178367	0.255344764215168
-0.792145325880043	0.905598059384782
-0.192323330401044	0.147076857149967
-0.244737507997244	0.2281088987442
-1.18380689178411	1.19363841610566
0.0610378706762835	0.040579295261045
-0.393805885447175	0.163244407349985
0.362598201161885	0.182622714538315
3.26595066981528	1.12514815365216
0.156338512427385	0.0524139847934051
-0.578302157810736	0.640474859238748
-0.305559885312488	0.334020383683389
-0.225523124516984	0.227102811219967
0.348923208355847	0.318875985448859
-0.0519337289920021	0.0442033644310945
-0.126008116921692	0.124484354457626
0.25809969802954	0.230050035785581
0.00163836732143073	0.00116327203683589
-0.418013266173513	0.386800292253723
-0.072533192024308	0.0601396213109451
-0.0566198361032431	0.0506000108707385
-0.669761728538896	0.765839032383981
-0.104734244687846	0.0847084919820209
-0.987368009858093	1.42732739309228
-0.287892326240873	0.23596333327766
-0.251538049081105	0.186254534192052
-1.35107426552768	1.51046723540293
-0.311373722119237	0.225970915815622
-2.06649732727297	0.952837564792397
0.670883773275737	0.21573252817249
-1.03279141777036	0.417914440602884
0.138735128433672	0.0716731121478006
-0.368809343457114	0.351508535946224
-1.01155626879028	1.43735497574979
-0.348546977245144	0.302743792209405
-1.05241225139493	0.835414773702197
-0.343542423818443	0.10090975164114
-0.223224030014746	0.0737859552848937
-0.775129318553996	0.34506231765234
-0.58442609236445	0.646114893447461
0.446153005842138	0.512385796224698
-0.0576865123142209	0.0361089950718518
-0.210459215351105	0.218007606133104
-0.098712516650215	0.0860995437527865
0.202187598703106	0.203280730039009
0.189868542243086	0.170863954082617
-0.133057734164271	0.124473672372073
-0.243270173747808	0.232888277404078
0.023497402668936	0.0195755615663016
0.0901062532173845	0.0833232837802061
-0.524515659183616	0.616609591871163
-0.665142892020321	0.848429334976928
-0.46357436106181	0.305838853238404
-0.690223322074386	0.545111960557094
0.150928658417594	0.0851562819268246
0.523462084360853	0.192012618175419
-0.527431417964659	0.203758571862499
-1.51425919312654	0.549483381615373
0.393973994408102	0.180500237393899
-1.85921095627053	1.15337862952508
-0.344588880488485	0.27464177033339
-1.06130837211913	1.08066768265656
-0.47149385368463	0.437293730877457
-0.709154976553993	0.622704684745297
-0.525545277978377	0.575029202123487
0.0543469490768775	0.0426527285048525
0.187594549839421	0.148267420362262
-0.276469749362128	0.263942974100417
-0.0554494353564355	0.0415255233734456
0.465995439422383	0.529321570227311
-0.653690815612319	0.865020883090376
-0.222936752839205	0.203838566062231
-0.311367633553438	0.319210618134684
-0.045622488121369	0.037754003555413
-0.60723011880071	0.740471174961256
-0.648194253673266	0.381471550878666
0.458564786032482	0.440575842913017
-0.307502069318408	0.1420918290503
1.56384250998656	0.794596926536509
1.06401084594047	0.530069212232045
-0.506268551109545	0.262978716787522
-0.152782075404647	0.0560846680959654
1.36150066085201	1.23218912566386
-0.0060773006844551	0.00302797962514663
-0.963024080216068	0.589455598204704
-2.57393942994101	0.680804613621979
-1.51940297937032	0.550464997835271
-1.0248480889871	0.413348830270468
0.00304796318644686	0.00187932967281332
-0.152836552422701	0.120488733762584
-0.359783752509003	0.404954030207553
0.711814180534737	0.790513220704384
-0.378958155866518	0.380392597582049
-0.15384079817257	0.13229337691129
-0.440033240927476	0.466405795579403
-0.239506844665	0.217695089893239
-1.2266734496914	1.41141100424621
-0.490517639427037	0.660813680999876
-0.271911393006206	0.223118096764349
0.135671354024317	0.119891157056231
-0.868496079667175	0.984262894842839
0.0462903871633354	0.0283031337867779
-0.0995281713141916	0.0400580490365602
0.164495633504715	0.0495456538908044
-2.57393942994101	0.680804613621979
-0.982226173461859	0.494254657002848
-0.215881749211491	0.0700333815496104
-0.272818757117667	0.167396040507686
-0.448807653265917	0.347320503714297
0.155579163778655	0.0744621715348235
-0.406345623085723	0.226976458188408
-1.50387762896899	0.781760630908673
0.157446713573225	0.0474765777179273
0.161486408205213	0.0413117168731846
-1.51968686804079	0.548134504172194
-0.280840549494413	0.231645122123621
0.208166765123146	0.18337259079964
-0.369756117973591	0.392247074742395
-0.86616548799572	0.921501038712528
-0.0847631239648149	0.0680721745007168
0.138021082803743	0.1274732914196
-0.00936364413722663	0.00722832764395922
-1.52121834077431	2.36884490672879
0.336910752134777	0.339566941880779
0.0340144309668661	0.0295187065797033
-0.314687671771776	0.323834604662044
-0.270633568901997	0.293968741709635
-0.49827745475025	0.556316632665903
-0.308250317185659	0.306352161789814
-0.385637050351377	0.403307108127989
-0.392147415088228	0.366767857977164
-0.630732478411191	0.153857382309032
-0.216459792863705	0.0716410349070388
-1.2182092408185	1.41457573962674
-0.552151473752723	0.456260770051347
-0.547172778631858	0.338558016577133
0.328850605160434	0.180615288414938
-0.224366804519632	0.0741231334290571
1.25501818804194	0.866126605438126
0.161827597706243	0.0770641855281209
-0.607615848465321	0.292840050340194
0.151443445746813	0.0777135806834819
-0.396047535064046	0.273388937203072
0.142806746374312	0.054486058075353
-0.628447709775194	0.153171179772782
-0.0623213406573382	0.0388957294593027
-0.342366844950387	0.0999187527730966
1.45986014199587	0.492707629107706
-2.57450915234243	0.686119713628322
-1.67629835794408	0.957991199340762
0.525967988920481	0.449514860398486
-1.05591744244259	1.54133962799497
0.0729452074051292	0.0653067268834451
0.429382629130391	0.323124180779312
-0.203562335616891	0.196460453449366
-0.25213612738075	0.224814680207422
0.0651113148799294	0.052074676373821
0.204451527173994	0.19371758825702
0.503744486844553	0.526263067909564
-0.791277803276185	1.17029561868149
0.407731517352843	0.38760131196223
-0.0462196491552279	0.0418497234694157
-1.03481258271954	1.56873738169138
-0.124782308847653	0.0981259174606575
-0.301474038190752	0.306907570306327
0.0941845826480632	0.0702074916754612
-0.351648851814451	0.309121839270417
-0.341290455177086	0.242747515763828
-0.519182389064896	0.20022512922475
-0.35424652274721	0.101699068262197
0.336903913378153	0.183732872639251
-0.464297402347433	0.303921543442531
-0.297765417953295	0.267088433504567
-1.24262589121194	1.60624855948536
-0.9041974515796	0.751214439695917
0.148228629004075	0.0512983752502419
-1.2849226802386	0.599119703841267
-0.227212618004882	0.0750820913651819
0.430649624197691	0.17370188001158
-0.953844121938599	0.584081800298939
1.14445557219824	1.27775713220133
-0.186110165934786	0.123011518525463
-2.47698578362819	1.4193238411886
-0.158488679171333	0.058060458869062
-0.878770643099759	0.939827947140033
-0.939717594315282	1.12389023515693
-0.426845767942263	0.365376567666238
-0.731903600641749	0.252158293267431
0.308528101852406	0.194947051822236
-0.339412770165686	0.0990063673017856
-0.159523283512501	0.058068610189777
-1.02112723329116	0.409480486660586
0.662786179108504	0.213105829711844
-0.100928407604649	0.0710574779730531
0.179326857449754	0.170043774909245
0.193898557588428	0.161299822896951
0.197783955247247	0.139952809112044
0.0216884757957841	0.017960287478708
0.389659457979413	0.406694329278391
0.202439016912541	0.19194807121177
1.05327408938085	1.51284718885066
-0.142356879798578	0.142911806135661
-0.828989033835576	1.26318047535393
-0.179401836803802	0.166789037464636
-0.091735735184896	0.0792614441953547
-0.0481509987861714	0.035640746231484
-0.394642521077395	0.48715021543331
-0.631261334138017	0.692284385617184
-0.24104689536804	0.24709111648405
-0.254484122995368	0.262745417648958
-0.0917960419239533	0.0874101998152584
-0.691097926674399	0.793417324888286
-0.603612418084628	0.490377580132801
-0.724489220764226	0.25507339261849
-2.57393942994101	0.680804613621979
-1.22241293908719	1.4079275148006
0.197940323679489	0.165082276509266
0.036014011030545	0.0208024797658752
-0.602663436905353	0.625140072530872
0.0541139900660353	0.0331735912672547
0.399111205782261	0.312313365719973
-0.0549324392000638	0.0241101131830825
0.142470070524425	0.0554450529408985
-0.14898797790818	0.0544634098656251
-0.0789819079689361	0.047849211123523
0.369892329311689	0.322085528928118
-0.334475011898024	0.199542526115625
-0.783991193942987	0.425789863438788
-0.518104588854245	0.198465389927385
0.148779719482915	0.0579010525492348
-0.156079251299596	0.122785849206023
0.156567751123439	0.0594380829297851
0.154486730268478	0.0806787432309761
0.18327948718223	0.138572351686697
0.142787768424453	0.0556070724421697
1.03228256529356	0.39631348486546
0.517919746467627	0.187450152099889
0.825182242099608	0.353696494063807
0.0700118953950455	0.0468311401016231
-0.0786653030575196	0.0562164983834544
-0.249608340939633	0.20696392435105
-0.179450657190042	0.134970851637118
-0.352213042738443	0.355824722344015
0.575959282201164	0.703906254235356
-0.294992759722798	0.280157140301013
-0.812620346876272	1.12789683675028
0.241846750804803	0.239097830952221
-0.0534574291400341	0.0443502640004055
-0.593176968354922	0.693118281620218
-0.168036657111504	0.166173134298089
0.528768229784759	0.619174000263056
-0.0653447072814335	0.0536136036118514
0.0929595254639572	0.0861192797776259
-0.380087249693318	0.427906442866839
-0.463248253855739	0.518557840595483
-0.353070127981289	0.334799920077218
-0.709210359798717	0.662103464285076
0.0349911783220842	0.0201626610264391
-0.203303980128627	0.134565186610674
-0.554392543121762	0.457974335301435
-0.720604456465959	0.251721589615544
-0.149166835202003	0.083574792212162
-0.41812691341391	0.388230984944321
-0.0616453800127321	0.0387270458343695
1.36480260178819	1.22119568666365
0.993922658792958	1.16148749374167
0.0557318937952328	0.0341055778508505
-0.577146187507253	0.518251048668504
-2.7946525417696	1.90354231230452
-0.649883901043627	0.377648764993215
-0.238592961275274	0.118984136689727
0.155960829463363	0.0741341153330979
-0.0247046561043451	0.0117448296993747
-0.0863022896422385	0.0522428285771156
0.466877045025779	0.309681774045004
0.144340801616269	0.0629736658109237
-1.68439837492378	0.966504976336147
-0.106270964938309	0.0427461928777631
-0.482945854774214	0.512103391476832
-0.623454518571796	0.713013840351665
-0.240026536989263	0.198982175299917
-0.482593843964251	0.509009039525242
-0.379383076592759	0.323442476103761
-0.057216517379253	0.0354128014029644
0.0138169881412564	0.00749612650798273
-0.2602913389718	0.193393678830303
-0.0598922815918533	0.0262948636599503
-0.797457403683643	0.438498373003615
0.162878077886294	0.0488236589544503
-0.129726829133039	0.0901081488194283
0.0516045060521521	0.0412365402538425
-0.754293340709691	1.11399828865505
-0.514342480421169	0.600642889600182
-0.2935764905749	0.309470881215485
-0.128890852439509	0.110980460164669
0.178927897170306	0.144760196272405
-0.179705363297206	0.166286080704278
0.2532284544514	0.240003335820148
-0.15202653097458	0.140132194404118
-0.477103343559359	0.554780758621377
-0.568812522315761	0.690987344722428
-0.271940144076271	0.169910843225668
-0.0261946533180831	0.0167707490933549
0.073817377014228	0.0475512148836003
-0.576045914327935	0.417045659490092
-0.616831406135845	0.301885163522066
-1.79522376365631	0.406159618358576
0.383163604441088	0.173145665364127
-0.959836605972474	0.587127411471532
-0.953848258497368	0.579900902551989
-0.623376315221864	0.682156014636748
-0.399026008570724	0.270957891368098
0.363332360985489	0.325741436469411
0.602353700157669	0.549029119127383
0.074292344390807	0.0495761511616196
-0.0846449725802124	0.0516631784357778
0.934426193526139	0.595832328520969
0.688295437001719	0.328656313107427
-0.532282892444089	0.204114272576865
0.316432435851792	0.188581859113677
-1.48370518047417	1.02587697159091
-0.549275513206305	0.343946228500684
-1.51968686804079	0.548134504172194
0.348970960664832	0.174793080320287
0.144722032390523	0.0561741813106704
-0.469481534548231	0.308509904993385
-0.151804398980359	0.115561628773449
-0.327434450582522	0.312600919910946
-0.209788328613754	0.193538572492346
-0.695655039125858	0.603061169710071
-1.2752988540859	0.587647301442411
0.669440224929851	0.215480111776117
0.679919249825638	0.585465364349502
0.272435693132162	0.25660042340822
-0.677144662041963	0.738842705123261
-0.57215249462112	0.630701231646968
-0.191563819128751	0.189766744695362
0.272995382555757	0.209807642537698
-0.201221758076688	0.194310108130306
-0.4012638509644	0.402202621489097
-0.109607167309419	0.0965524653781063
-0.404652986151602	0.279200892746145
-0.24026444743191	0.120040726052722
-0.52402013054653	0.203694200281952
0.364457584306451	0.183699430200832
-0.0877169651931705	0.0533648374534277
-0.438427907188449	0.377916611474217
-0.38548711396302	0.261954524553203
-0.0880590679665489	0.0531817735262227
-0.406902017736162	0.320212616074317
0.643145333710111	0.669201445066551
-0.596082929660044	0.431965681448108
-0.26515505411055	0.163118366239788
0.528816418367408	0.454387768489772
-0.397277952639259	0.168380613117446
0.157819500886876	0.0479964018015095
-0.142317481621152	0.0519396951823788
-3.45763611849403	1.23653939858857
0.319112152613163	0.189225983271774
-0.223224030014746	0.0737859552848937
-0.344718928168882	0.101170101330633
0.471520644434937	0.318084490889475
0.0527375109352	0.0323049363557814
-1.35425757237108	1.10622297898573
-0.1400819506754	0.078377570288101
0.100027303277509	0.0720804960400582
-0.207173130351309	0.159172433047175
-1.51425919312654	0.549483381615373
-0.21782126076243	0.0717238674753132
-0.54331920027946	0.452622874369605
0.184562586103766	0.138596939386082
-0.252707569346067	0.206299907401865
-0.721132240464809	0.771265418399407
-0.701005939457103	0.893560497615729
0.326599613301585	0.301192355602779
0.190666520977221	0.167275983205162
-0.502953407029878	0.453608311198654
0.0301716776856129	0.0227401875954868
-0.441181555203765	0.340111693065984
-0.643680846228136	0.619304296343934
-0.502763999258407	0.374764542054101
-0.499340468846154	0.374128094345441
-0.0741423798743539	0.032159151796198
-0.336494188281781	0.201588858402914
-0.585310112431821	0.425577882297086
-0.628185652203792	0.549710062372997
-0.616231612741958	0.49683500015967
-1.13492041310201	0.349384486959602
-1.13238101744968	0.345367402292769
0.446580291622268	0.180898722485786
-0.0553100227046169	0.034571750145361
-0.113108841979297	0.0802483272375125
0.045103612287642	0.02742783506543
-0.194883699267248	0.129536654650797
-0.498483784770797	0.263510307702279
-0.695434052670956	0.546957795129576
-0.88819485587641	0.797854137555307
-1.10231059096358	1.29701394947878
0.522874221982762	0.510194110788459
0.485960122340784	0.29587780131673
0.319963125658106	0.191252188285113
-1.17644636351614	0.661272564623458
-0.150032388048406	0.0829257931736817
0.179821054100519	0.153381636138218
-0.203243397856668	0.155943547584094
-0.106109461833395	0.0621933891424097
-0.19634568712583	0.104338618956856
-0.0876763029321987	0.0532219009390972
-0.794119461587245	0.6693128974497
-0.985893364514168	0.955886136865888
-0.103124232986043	0.0745321010266104
-0.354870459880258	0.251249414057136
-0.779201170961778	0.349669330011866
0.67134567514062	0.312716472025168
0.455645598139996	0.32470694366248
-0.977118010667645	1.26923841385869
0.715134998526683	0.875763273928112
-0.121495089456573	0.0960950752641034
-0.183921173287666	0.138968635949083
-1.25810781081558	1.1633006245679
-0.421896439767733	0.389283026167726
-1.05220430559716	0.832872657561902
-0.538380094540012	0.528484253571174
-0.629796234800182	0.561874076041381
-0.0636889672681588	0.0397862417414101
-0.576550733960317	0.414567339719606
0.322935931799125	0.204312014230124
-0.605816187291616	0.490913573888614
-0.931286426085881	0.677631975638922
-0.728941560495149	0.254842900527914
1.44554210061811	0.897287778918745
-0.475393092349168	0.312398171462515
-0.603858110858111	0.489407054552819
0.000550239045519323	0.000163147100269838
-0.244795588949212	0.123160748609705
0.0073360424150921	0.00412981416147553
0.594267541855317	0.649076100824101
0.324893835546542	0.306949086462424
-0.304586139579162	0.266361157312489
-0.258796889646389	0.230756013826717
-0.0892112639394484	0.0719159803179433
0.168798081163755	0.113750575365429
-0.124715380016085	0.086436831835289
0.171901525413085	0.138212599803629
-0.114034842420968	0.099100233093158
0.119938251148793	0.107093181277137
-0.267306683163524	0.218461573539358
-0.739680256397971	0.85442977975445
0.110990564846338	0.0896264038234985
-0.469523342519832	0.524499385583145
0.176549165886198	0.123097008910871
0.413408972315841	0.413808591814169
-0.421730761995468	0.466627274356148
-0.132767358646772	0.0919649123710374
-0.397755251331851	0.269992778356508
0.307434026072767	0.206986207551095
-0.33026395040924	0.196906802109778
-0.399851157480438	0.273373261210142
-0.186311853224752	0.0994505822299494
-0.338048885115011	0.201514604232144
-0.115826252511865	0.0682177726792346
0.388072541393395	0.314327717966803
-0.387330431191433	0.262557622951362
-1.04330435499291	0.805740338761581
-0.335198293609505	0.236631299150602
-0.242479587236188	0.120306833307906
-0.491035160361312	0.256648737803647
-0.548610233207354	0.341211619235321
0.418003273886472	0.329631191458103
0.164374528368852	0.0941387912558159
-1.51279643757503	0.547771213649107
0.816700047883506	0.350207754005225
0.139237941355009	0.0539463657658055
-0.397350606624816	0.223001335635329
-0.587639122210416	0.425435542070413
0.0109681462411139	0.00605016373935735
-2.36836572291086	3.72078724690314
-0.417605959924491	0.384808252314913
-0.789014843255441	0.89895774146879
0.262746132296162	0.247834073543746
0.0798867860965882	0.0552416555605967
-0.803902600110587	0.967536641439448
-0.301367230394338	0.241720173497976
-0.185305141461097	0.15549319718042
-0.35746558772419	0.359796985974351
0.0782149183295579	0.0685643420994506
-1.66951147928728	3.49552760407243
0.0706990049366092	0.0473518238702326
-0.350191590281639	0.102610881125832
-1.10862116218472	0.740878503886244
-0.313390293725552	0.14520664742384
-0.687965294623941	0.541250585243088
-0.407202355543132	0.227437985278123
-0.803552378785001	0.613946013905344
-0.960244855195355	0.590329228215385
-0.188548338843644	0.100034226637203
-0.461621746853009	0.301614911117094
-1.09851840495242	0.742992916996284
0.308563539867792	0.194579977120174
0.0506147464887092	0.0323494299303012
0.14668725222992	0.0822938772289078
0.440366853122407	0.314637355445751
-0.301294268921241	0.218830418114564
0.924536655561934	1.01173615082488
-0.285995956492997	0.178732558144127
-0.432631172662699	0.370085894627862
-0.226511280154025	0.146919979958005
0.289466505251994	0.233040929753015
-0.0415380014574225	0.0257961085399333
0.146656017596735	0.0699491451395626
0.604968769597341	0.31806661562569
-0.395022882227856	0.168315057184819
0.705285446915229	0.461129143834248
0.862292367676865	0.628620765410039
-1.47798777904606	1.02951187869667
0.180531810782807	0.142280471651178
-0.231200179375643	0.208538228111447
-0.476360804405515	0.696355050324814
-0.308070119826862	0.377445958245553
0.150423970180867	0.1416648952178
-0.958891222107647	0.592201865106131
-0.273875038876939	0.202792661197272
-0.0348845105187251	0.0336258052701445
0.164296119092442	0.160193704543116
-0.240109658728451	0.277647708006163
-0.0717461996958511	0.0730828473252268
-0.391633212859697	0.339976849504181
-0.0274521791743108	0.0127943075517415
-1.98876069737506	1.38871875249222
-0.604505279692161	0.294366536257939
-0.351639245332709	0.102368245698131
-0.804791427555199	0.524607057970204
-0.343420355881356	0.202625419253414
-0.703297605347692	0.611333582634991
0.167019100355971	0.10199124498288
-0.327872633761918	0.19497325322522
-0.675770016108881	0.520868889240522
-0.399596519605918	0.224762027392955
0.162075831855144	0.0927048730621113
-0.733723355630795	0.795088458906053
0.0398585153158142	0.0229674363252284
-0.482742475346379	0.406002721886212
0.0516036659069609	0.0310983636001798
-1.18134181608564	1.19616935884514
-0.629422430218478	0.561800310279149
-1.12103478650775	1.31705670219646
-1.46376808807457	1.29563140763507
-1.18013935445302	0.670452926455456
-0.0699647145598626	0.0306147841918201
-0.0603755676204497	0.0264880217228476
0.167770503461791	0.0953026933688391
0.649981979030118	0.451498066505905
0.398103889241863	0.181475912925545
-0.0300607427018578	0.0141178302480729
0.164866751143337	0.100785907033296
-0.0582141500775393	0.0253439532301418
-1.34049745789169	1.07519735713508
-0.0839964488537577	0.0505663777036295
-0.274155969175035	0.329843209488587
-0.178586958365279	0.179342501701773
-0.218967456641134	0.217457214305933
0.32927747215786	0.304628084845014
-0.945792424279533	1.07043864053974
-0.400339874419045	0.170786884464105
-1.47286966921128	1.02226981949877
-1.04247615576093	0.812319717845639
-0.390073628230462	0.213765763147016
-0.864644464692378	1.03045197150664
0.53067169177027	0.740891095890273
-0.0539243899331489	0.0517291320189239
0.189776350166448	0.195004377075501
-0.016589478690684	0.0164648249905212
-0.191660065098048	0.146522132906737
0.388012940249955	0.177640021767954
-0.311152231807913	0.144059492294592
-1.11007817890851	1.29839360720235
-0.642250686377519	0.616661327140717
-0.355878904859209	0.252561907234188
-0.0602749623547106	0.0375427629756096
0.332292995021593	0.184039483290158
0.0625944567522906	0.0401048136594059
-0.650749233724475	0.378750157616763
-0.221829361964272	0.163192319196515
-0.46805064630973	0.308487832116353
-0.203354709132654	0.135812289765486
-0.162579957547925	0.111510767935562
-1.14765955682404	0.348346437303257
-0.280140950487983	0.175197520991652
0.182133704119018	0.147931178170088
0.303964918214601	0.192199019125094
0.280151256493885	0.216248365946211
-0.0882728383773117	0.0536172299198371
-0.509976597042585	0.381939694601264
-0.278876731145649	0.225665837461331
-0.0576154422546444	0.0428734142954309
0.470628483194718	0.426698557468105
-1.20407968051171	1.21885240959807
-0.292364325310482	0.283460333428812
-0.649463579696383	0.627803921166961
-0.344007961247836	0.242090023825567
-0.587400528737541	0.683094552502092
-0.131803697110785	0.0912772788997004
0.949320274445395	1.13033323503318
0.403214123493901	0.31637760947961
0.959512848460237	0.926865805128148
-0.272937127318954	0.23939075601303
-0.151550944625638	0.11934197714515
-0.390451172491213	0.305756948237174
-1.11447225879273	1.04942835502241
-0.237227168786662	0.11820022045858
0.0706359614469772	0.0452995684765353
0.996102240466459	0.802149798681033
-0.192437698987974	0.103234446109599
-0.728267324019252	0.686577505461851
-0.801874047729145	0.612712736601668
-0.288665408690298	0.208652573797132
-0.16030981773095	0.108855630851699
-0.406342549193427	0.173701308354649
0.157607154140132	0.0473340538421367
-0.175798001850397	0.120011303999191
0.179562751227301	0.122417798964842
0.510232398053784	0.435115760554163
0.164607817320387	0.0936940870508609
-0.303144738286661	0.220149204373059
-0.2239348993626	0.16846999142677
-0.286526174847334	0.207009531248988
-0.384057126261928	0.260367234423637
-0.491122181948212	0.248838928920098
-0.502521633543839	0.261870731474606
1.24222284609177	1.03117544301671
-0.59191592484944	0.429152227975163
-0.522289219666255	0.390760791418836
-0.250941475633206	0.207401395466471
-0.962147832145957	0.590015499577223
-0.723258154415788	0.778578959787246
-1.28707722447605	0.59833626410524
0.685514030494988	0.326317895337534
-0.222901125507273	0.07385839070143
-0.31917115889983	0.282927912006093
-0.495166776166879	0.418382063658897
-0.461371945058083	0.354259978041475
-0.236861564935069	0.116806959250396
-0.449355058668857	0.29140093583674
0.77691112294194	0.594987603505981
1.12707338644046	0.992845872894596
0.0746159993011093	0.0500235949142085
-0.00703084416323976	0.00343485420042099
-0.888992333863082	0.817798263100861
-3.46056115971004	1.25132587477871
-0.52305527712639	0.201845077333667
-0.195558894919833	0.129918623361003
-0.355635089369268	0.285974211090538
-0.801656328864633	0.435706673137884
0.832940987825015	0.96543390787622
-0.216492922902808	0.138392861308173
-0.710198559979857	0.620277055749563
-0.617450419968735	0.494585513240358
-1.07212225054323	1.10248831593671
-0.348383116918275	0.278133414199946
0.172374600504864	0.111726817254999
-0.719590886226584	0.727338104434849
-0.44786563798428	0.343278286304476
-0.323796834488316	0.287926850153896
-0.345293528762874	0.299277934431226
-0.217567659412602	0.163624325135775
0.171303104988904	0.120552511365484
-0.332714083051342	0.261869086211421
-2.11657113189399	2.26109927625621
-0.573957290760696	0.516546606291413
-0.402276816057652	0.312546423862442
-0.214809479256003	0.159684580808459
-0.907029560201442	0.748121297329582
-0.449762272413305	0.347516183238875
-0.012786498866603	0.00620175850775239
0.011804852623783	0.00649355129459231
-0.566780352231278	0.4019324622033
0.0342995053034136	0.0196128989861259
-1.27531388886189	0.579561603383744
0.668257563820224	0.216585127844403
0.393608602810428	0.180020414433707
0.00113592369325118	0.000959622452265879
0.307056679436233	0.197498881361357
-0.471651131387776	0.31166109760532
0.367977863114992	0.319586837018121
-0.544752356165454	0.536738872913334
-0.235740958395659	0.177555972922586
-0.337052788373784	0.0977805881937846
-0.0594947759017596	0.0261417215575998
-0.224253139168393	0.073796430498605
-0.0954763974352959	0.0385184353113694
-0.94657999371478	0.561759453854132
-1.45231919111495	1.28623803434225
-1.20590318566036	1.37536554661922
0.613362131761758	0.565413980361152
0.774641188848853	0.594600776946504
0.547598258182193	0.31632651773467
-0.284914614101398	0.177026265743947
-0.347852164789034	0.278321285770763
-1.79522376365631	0.406159618358576
-0.0672940981898262	0.0293652194789197
-0.44370348275556	0.339754013960933
0.273135219886153	0.217813693475354
-0.250569010959917	0.125293513548091
-0.545568317707157	0.33996990137468
-1.67779059840576	0.969467161480293
-1.49435960601645	0.775701166735618
-0.343073861269363	0.240417245371486
-0.539037377812758	0.446878928979608
-0.278255986848912	0.229590975214954
-0.248751805615027	0.124517765118238
-0.535310592403348	0.205683725276715
0.157056474373317	0.0303984095560313
-1.81398610755111	0.750093739397359
-0.806838876007672	0.606658257250899
-0.895449646931254	0.728301421452935
0.13659064890545	0.0592974663459694
1.65467817352843	1.51129188176483
-0.0554697634699189	0.0347834829174887
-0.507962070249481	0.380831118005144
-0.720724982768529	0.249295208299825
-1.12965913036419	0.345874034206289
0.376265374791381	0.169361064953666
0.044672769253015	0.0273499033179756
0.402629057566092	0.314502339488795
0.170206355841324	0.0886570770401065
0.292753363449627	0.197436982733564
-0.690651430800574	0.533546587779638
0.020392616476259	0.0145444464627681
-0.94705158525794	0.580185854953404
0.349632588707326	0.202067353515753
-0.155108190251964	0.056718694500787
-0.343542423818443	0.10090975164114
-0.767372534252304	0.342433422022686
-0.10456375419843	0.0416750119950847
-0.435542038531746	0.332503537745568
-0.786747327253874	0.670749615010559
-0.518805176261117	0.388672896389345
0.817003523318725	0.351976278955221
-0.345150316372877	0.100068376294618
-0.143502606424536	0.097890907086371
-0.791820461764227	0.74163696223187
-0.0616453800127321	0.0387270458343695
-0.445366032716098	0.341310681217663
0.951547874681655	0.253003737941398
0.157819500886876	0.0479964018015095
-0.573624881613641	0.407317732943681
-0.233988592135521	0.150128525164715
-0.342694423714874	0.24348794262528
-1.17275460279799	0.668667087442433
-1.49231147652868	0.771104896871233
-0.589218371316879	0.567908515494089
-0.573466191406277	0.410287895649235
-0.0616827643222681	0.0270712332620394
-0.723081962585608	0.252158286122281
-0.139516396473588	0.077994741402075
-1.01089131558697	0.895640362481299
-0.362054380611256	0.289182256181807
-0.351424794308166	0.280101614937912
-0.550321314694888	0.637747326977218
-0.120259753340262	0.0850684607878393
0.168200491842846	0.107069131143084
0.133628748103844	0.0516517332150908
-0.239033249514953	0.118805629104773
1.0404202529805	0.404466019128978
-1.48691192314698	0.767213175502713
0.158321872008447	0.03054890339565
-0.903060335223594	0.745538234737975
-0.346167140140093	0.100935083264355
-0.0959897730291594	0.0383858996134862
-0.536206596138691	0.444946699341671
-0.500947727108824	0.372517076052393
-0.322237965069737	0.283154022776865
-0.157339793630077	0.106781652136527
-0.642296155181816	0.570185997134353
-0.185084100396281	0.122815442598294
-0.221961803322893	0.0725421592346928
-0.540485340251334	0.336948135712582
-0.798756516023543	0.611677495622837
-0.659285173111942	0.390224771981641
0.393608602810428	0.180020414433707
0.152489836004519	0.052740500279662
-0.0558489803247717	0.0242313169002519
0.178252277447029	0.121331959925701
0.286137159621173	0.213114515100193
-1.35447863730737	1.08307943941545
-0.661165620369498	0.679380945113866
-0.917693347443587	0.988555258918268
-0.310253528051153	0.143451394522151
0.368579479061687	0.184282681288771
0.444006149797941	0.181272572244986
-1.82491177099641	0.761062662410459
-0.348155422228939	0.244590143319694
0.160614285616072	0.0483709724331317
1.07197143942052	0.52604230068407
0.29470475933098	0.199306819507854
0.0395614229984033	0.0229042588089778
0.170173297058991	0.108683785068328
0.158680561424193	0.0760672851422416
-0.512040951095077	0.468712282620887
-0.0456639835098523	0.0292581707592461
-1.44520532920292	1.52543844033977
0.548798338780554	0.45325502487805
-0.394407213597677	0.271346097618656
-1.26056009226501	1.16103352821859
-1.22715634525317	0.912015085579887
0.330393508800868	0.197817843946513
-0.720604456465959	0.251721589615544
-4.21699301697494	2.02830354120448
0.132330555889544	0.0446918893113169
-0.0395950066454078	0.0254670355591415
-0.224253139168393	0.073796430498605
0.016709985112768	0.00892001227647974
-0.517995387982569	0.388330767325562
-0.308434295842302	0.250138989026253
-0.673333260116334	0.467541612531459
1.82604050116992	0.728003309996437
-3.46056115971004	1.25132587477871
0.436051221892724	0.178450617932061
-0.102732516759253	0.0415613264455241
-0.628682354768936	0.561447729422949
-0.518565823245142	0.477247013307551
-1.13384470910725	0.346451671342812
1.55968893748963	0.780009247412779
0.530174897699532	0.300880066583115
-0.0676605601667034	0.0423578715245218
-0.899967142436738	0.737764017066263
-0.119405474980033	0.0700093872310721
-0.0360289096385182	0.0227959825444721
-0.540538156876705	0.338331310908736
-0.26879327169926	0.166487868869126
-0.787125934345823	0.432261706433072
-0.123894616727291	0.0719586010999834
-1.25709367999394	1.16988940037089
0.511585218816238	0.438397377277248
2.11542745345448	1.47530702823749
1.03477532867731	0.398490468718945
0.133628050945406	0.051389275332301
0.547598258182193	0.31632651773467
-0.790950212014164	0.436604470749783
1.8219271179281	0.726018448121517
-0.286278076025692	0.178678498574862
-0.54526997392494	0.343065037774709
0.0292081528309761	0.0167923476273385
-0.92812214526247	1.02678059685959
0.0873337347051188	0.0582641730811661
-0.0882791795596711	0.0633799739725045
-0.127324228307992	0.0885830717053164
-0.48470388988555	0.509451330286502
-0.475895846196901	0.44138181731244
-0.656684553564596	0.388782332667482
0.159750489562787	0.0840459478517592
0.148448238167646	0.0513076201238473
0.157656028229457	0.0474930202178279
-0.619634069394611	0.151716324023864
1.45351865984672	0.48998410568291
0.00533520445116948	0.00309024583970818
-0.413420175644893	0.412187447587627
-2.29026519133476	1.1905219179738
0.0525530892053127	0.0333853761900727
0.0839667859273161	0.0565553102339205
-0.176209102134734	0.13711196848197
-0.0883320662542359	0.0634882662060562
-0.447157778214714	0.345146641686637
-0.665514461071583	0.388382881742046
-0.542517062208526	0.339891178936676
1.05720673633485	1.20760126451642
-0.800205367436692	0.607720784199044
0.149313540235263	0.0513415421340099
-1.82756631873176	0.744339774477909
1.39707812950571	1.07406679929981
-0.39649560229205	0.22195978277139
-0.0892778290849854	0.0540213572452467
0.15186702122539	0.079701686544524
0.305001209713023	0.178791419389842
0.0312817525113274	0.0229516362845498
0.355956297087038	0.327469661232838
-0.675559961900778	0.768908425501481
0.0334350041279007	0.0243986174401372
0.179277351947283	0.141018459058456
-0.0663107213245377	0.0535098804091362
0.532080070978403	0.529963365813228
-0.0792985063850798	0.0649171385385627
0.174244423056803	0.116975535493199
-0.72355716560867	0.785115075732457
0.175002457252925	0.117054180965858
-0.0393843267062519	0.0184029303398287
-0.517995387982569	0.388330767325562
-0.523171029238127	0.20323286573159
-1.0234029277996	0.414343036193287
1.45203784523897	0.484281434940963
-0.98126007376761	0.493856900338242
-0.675817110309091	0.736153023702351
-0.576261043766003	0.414885975120809
0.16680544619097	0.116575570088885
-0.336012213688946	0.236648931947288
-0.713929912422298	0.622689918499286
-0.333993664466325	0.261967634175342
-0.172367391161324	0.13307987291415
-0.0904949781785706	0.0550005527877942
-0.375974214504769	0.290441740834069
-0.906689456975096	0.82887731792314
-0.545833251120716	0.344865649519863
-0.309638815232146	0.142800763435162
1.45563577961849	0.911936734765645
0.165694942178876	0.101361659870098
-0.60215849615053	0.285822948546217
0.145837129647114	0.050508335078259
0.17448169563458	0.106340165354683
-0.873919412621285	0.930159327649783
1.24033162495631	1.33166758640923
0.720058877648429	0.802719722693422
-0.387007094860784	0.303369650255756
0.941950341691528	1.23401181549918
-0.0652543356892048	0.0528798306418922
-0.485343889208925	0.411841055058337
0.281976140095279	0.216961349166655
0.569287941242824	0.451172028022594
0.284120845492798	0.220747424038138
-0.101459952124451	0.0715353139060046
0.32318760767069	0.194360914201644
0.474378438729176	0.31895884972075
-0.152027874499813	0.0556812356537209
-0.111335955364491	0.0448322141937914
-0.739558785736375	0.255015015827305
-0.331690676897262	0.198193021194366
-1.34644468262974	1.31255536523323
-0.263058420081453	0.219045532865242
-0.0723000278569502	0.0531198657679046
-0.110227454682548	0.064770603347288
-0.438481123309472	0.336292854058197
-0.236793554537973	0.116750835514166
-0.0572528998349559	0.0251958935118193
0.532741912476932	0.194574887814862
-1.50358435836552	0.772528439040345
-0.934900021782728	0.677846073155805
-0.393491614967089	0.26955233133254
-0.153133836778932	0.0562143523090425
0.94067979584435	1.03802740873784
-0.101715407323919	0.0590615624776963
0.92466589151483	1.21158635135439
-0.518483045612015	0.473448359842528
-0.19622697236752	0.16657269716003
-0.474083606734042	0.399937690654987
0.084480835114466	0.0565807361214868
0.183739588430611	0.144874410121218
0.291297500023869	0.208604154316524
-0.232016965534706	0.151082199013914
-0.600549431485818	0.476481172318838
-0.541331376920545	0.338530865469787
-0.394196215440555	0.268572539726318
0.166760634916841	0.0427859605507963
0.154050490761234	0.0462665288164102
0.160384885012197	0.0410552053935884
-1.091851702931	1.35105212478816
-0.655337368704353	0.389304253090125
-0.963030610418928	0.587658678872052
-2.63377991599752	1.63524371555896
-2.57507908676252	0.680490038595289
-1.04115769482839	0.418592116600537
-0.993865699042135	0.502059922688089
-0.201615102322843	0.106505069903023
1.389445223726	1.05753942550784
0.155734903065802	0.0819516463443674
-0.543814118039572	0.450696431103502
0.159857560589097	0.102118402101538
-0.236126480378126	0.197720971234263
-0.0896165769938161	0.0647722920566628
-0.220287014092927	0.165887853031066
-0.565543531072998	0.508863487859341
0.504959425008359	0.424997882061975
-0.094119114512319	0.0378170042292673
0.988758821333413	0.787791199079235
-1.26987725131746	0.575790584617401
0.162378104800928	0.0310834456145106
-0.623203514518812	0.152886975065438
-0.153808610141153	0.056307890723225
-0.389499560383462	0.305748758421975
-0.0248159637334999	0.016256840368309
-0.652269998436074	0.626381467766369
-0.405423738954735	0.22725679630596
-0.238277033982975	0.179299752375041
0.181716593609062	0.12628488282914
-1.08965062229268	0.73505635722301
-0.221755533699252	0.0734151122801483
-0.098262373419946	0.0396767302918698
-0.158398172805191	0.088917804958029
-0.944028258761083	0.673523818329826
0.355767224786419	0.180161649565182
0.951381579755033	0.640905669194076
1.07025397026223	0.652602605089609
0.582383261963693	0.447596071876051
0.028627718482751	0.0210842923721364
-0.163197844641729	0.111615659179618
-0.00411510363309101	0.00275803302751842
-0.80123876573034	0.751157655335081
-0.0941850995913845	0.0679420026206724
-0.50628142628717	0.380981509925589
-0.325012349960722	0.192345125494954
-0.247903017866678	0.124303107106591
-0.465142774763225	0.308264958808481
1.33086270821398	0.600615079200926
0.166760634916841	0.0427859605507963
-0.73427160052572	0.252954344900617
0.547119412936544	0.315200530592857
0.0597759800017649	0.0467217552540898
-0.275066238528127	0.226483704383762
-0.00418016457328886	0.00279587838752745
0.0183803510151799	0.0134450429650106
0.0530998589694229	0.0320586239913615
0.325737515516783	0.194783619724414
-0.795180555705615	0.802941295167991
-0.092646087031874	0.0371954446855587
-0.807771217627006	0.811560767185149
-1.89803893871782	2.25956639445049
-0.113747200945364	0.0455039431059434
-0.119946301370314	0.0705083849255703
0.604381071707869	0.310306328643319
0.799433605520306	0.851702667853905
1.28813246406766	1.97531779119453
0.10854182322323	0.0835734690917649
-2.62752379212205	3.88876898238352
-0.152860374823187	0.106656847186256
-0.206527610321598	0.171672227076368
-0.185326779827411	0.139829072057835
0.146849141005884	0.0568003585590321
-0.802804540578587	0.680130478010075
0.147292931049622	0.050586614524483
-0.336226992073852	0.201251304061386
0.00166780165533185	0.00119694010926528
-1.03319638761749	1.14164419487955
1.17046425465969	1.63395740519299
-0.403044115728497	0.225137707304417
0.037344338677234	0.0215997820581628
-1.16242419849147	0.996604892203653
-0.584869647155977	0.424220066437202
-0.543200323316337	0.20511996912137
-0.786670775458066	0.428019949224136
-0.275675160237318	0.170981363361826
0.679211942715075	0.322720793319865
-0.109658541586099	0.0441173978698076
-0.0779491965684019	0.0471816745436734
0.401865323511295	0.410634335422602
-0.579694255488484	0.421254881761592
-0.493171064317936	0.416378058596059
-0.105489564828189	0.074542718784151
-0.569333814769246	0.510246717665537
-1.10444489772738	1.05707187526878
-0.6218805223609	0.504364940034198
-0.511596140317017	0.383119800539692
0.14569794572577	0.0504060636924665
-0.623695063230009	0.152227657420805
-0.344657652730705	0.203865788103617
-0.118915416077523	0.0842821575912638
-0.204498463641453	0.156258264541133
-0.184679715813272	0.154214184472661
0.133754768913827	0.120755992395035
-0.212317538844614	0.15812249161286
-1.21570032316315	1.39885979691572
0.0513621286566461	0.0327985207928499
0.0656825014044915	0.0422096291700495
-0.110956049108378	0.0649678754397555
-0.772467984691118	0.345310968145738
-0.286912725891292	0.206262339828721
-0.343268806146835	0.0999183449449793
0.142932199282946	0.0493789142388318
0.128911516751069	0.05482994668478
0.163495720439158	0.0927929952573736
0.318330168647331	0.204320449591054
-0.159523283512501	0.058068610189777
-0.10552008315132	0.0426262885060725
-1.0493379742252	0.828620398489595
0.872977673443009	0.988116616089316
-0.605918725585444	0.628337317973529
0.335065155835401	0.289884615224864
0.585465309617528	0.558782759708111
-1.1092686487353	1.50229448904262
-0.794322795442535	0.596830141613368
0.164278215865622	0.0494439084469955
0.157056474373317	0.0303984095560313
-0.34167157368657	0.239428950563677
0.302237183823459	0.2066281044017
-0.328310616204072	0.30956159363769
0.310091074918785	0.18360184227124
-0.227285525401603	0.146595415739388
-0.309198278125967	0.143464560573435
-0.19740158221495	0.104773777282184
-0.673188783053008	0.452709827820866
-0.218997449237333	0.071516753358303
-0.717440170384747	0.673420630204517
-1.2305753478528	0.898995616890024
-2.48573669017938	1.41480584670068
-0.351639245332709	0.102368245698131
0.684244863758359	0.325476385061808
0.137833536897981	0.0474381003971079
-0.243869227890328	0.121058440482213
-0.804347985731775	0.442201781767738
-0.189422802842882	0.100933130652687
0.69525093575504	0.599504571322537
-0.140561834405813	0.0982764967129435
-0.32680647803639	0.289915325965761
0.0676705469526123	0.0449175920264343
-1.19061307623662	1.21142153651674
-0.721605941489656	0.682956640192485
-1.1582204744011	0.981617130596061
-0.243222612288494	0.201048141864238
-0.223845247222338	0.166719307946075
-0.348008386793554	0.246364927542977
-0.525478080321758	0.204331560252006
-0.0383448224623506	0.0179546941256397
-2.12715293627485	2.32581340476681
0.0611601086287102	0.036868549476577
-3.04091356196177	2.43902346753311
-0.229505410798325	0.0753532432921718
-0.730123386031477	0.256802322226565
0.146089036830782	0.0762173285270456
-0.316327530097956	0.1465020723795
-0.386526802683031	0.303169527762881
-0.451543962008406	0.411978151525403
-0.423302182111824	0.393464744416218
-0.854863126047655	0.967057283247521
-0.104723044824355	0.0742255397006166
0.525625077045564	0.538068169421342
-1.05211458708089	1.51959853600033
-0.319309959503538	0.320912477409143
-0.970810383607322	1.25935337358797
-0.710034720039131	0.619953364879024
0.161199834424246	0.0980089168481721
-0.137087258858653	0.0959678539338402
-0.186311853224752	0.0994505822299494
-0.11040300185585	0.0444760204878545
0.526088870322886	0.19195857798614
0.556249282763032	0.427926179834169
-0.619210291057531	0.504125785007787
-0.786162330764537	0.666124826165744
0.861964412783633	0.625830117383264
1.95747165384479	1.25841510477163
-0.724489220764226	0.25507339261849
0.147035556764615	0.0508245783399546
-0.644288480233118	0.611358149413631
-0.725932840908395	0.831147925318913
-0.33778679775382	0.26801297931695
-0.713930149628578	0.619616719000723
-0.412382657749408	0.232085303590919
1.02484004412887	0.945118867216905
-0.28495361396409	0.203808727201206
-0.277057369461365	0.171539030118503
-0.136382449049161	0.0761391902050303
0.14694660280189	0.076588611314248
0.144530836188186	0.0497609179041408
-0.496227048495073	0.2608299370348
-0.108797656782984	0.0637655696013826
0.166892324024208	0.107619710506515
-0.221443463447573	0.139256814465031
0.297481321879907	0.187191460815347
-1.02757122770041	0.415639038598866
-1.10462186570347	1.05410106212131
0.262490477315091	0.252908157828418
-0.87166204440961	0.928341229502257
-0.286038461577465	0.178405881243595
0.0799961658775843	0.0538976563695302
-0.392582344558078	0.370300120399517
0.708406283227304	0.457118046328607
-0.51544379078791	0.382190134724892
-1.84284614156796	1.17316364205454
0.323477002874719	0.194154428688735
0.27476126580533	0.227573511434267
0.641196964952959	0.75473591644836
-0.881184345440695	0.79190875109343
-0.292565509252215	0.209415792617335
-0.430418887360714	0.326477315486351
-0.791362991483799	0.741722465256353
-0.19547755733836	0.130745684739169
-0.380700605421365	0.327921413314829
-0.474659001282963	0.399543003681426
-1.27233583113022	1.34526936640016
-0.72418014459987	0.7413067362684
-1.15655843047064	0.99198944993713
-0.779940052077409	0.348591494839591
-1.26174114989527	1.33736704993807
-0.591278565479749	0.427621738563662
0.106321155235709	0.082298404473589
-1.00728835599566	1.43108149776111
0.00210086310741471	0.0019930631664089
-0.134559850657044	0.132556352107913
-0.561905263205492	0.822380375191712
-0.436238770464011	0.512507702445073
0.0169136937732259	0.00914219777630251
-0.450175288219723	0.343312680370999
0.0300060078016118	0.0253843164346842
-0.100167439588677	0.0959841179083725
-0.137712009417576	0.127627791947185
0.061541439533327	0.0394807741475027
-0.244883823002844	0.280366730072455
-0.139396531859937	0.10861181135119
-0.246164022510924	0.123647724489227
-0.279263486262803	0.175189219774252
-0.724489220764226	0.25507339261849
-1.36006850749192	1.33241163287133
-0.0843050644435634	0.0510818063876414
-0.243334468603283	0.157377082151623
-0.560266616188413	0.651103335826317
0.064357525223525	0.0703390248534214
0.120857690246819	0.127514389231652
-0.213488725945893	0.245450596286205
0.389724103306418	0.441976119773497
-0.273966827919895	0.170557646236552
0.961666169964946	0.643744489935135
-0.746454282052089	1.17779737085437
-0.418502846006211	0.578250059892844
-0.175597346929069	0.175274690137222
-0.0632206038013059	0.0525493657344414
1.40236979205187	1.07493985445436
-0.0139924195275759	0.0130154671170689
-0.909077355931783	0.74652251722506
-0.521857859949803	0.202488147552731
-0.4066368701203	0.172349398427519
-0.067204857860164	0.0542151399860646
0.0967936657149576	0.0744460648145058
0.188230031360253	0.147720132150914
-1.27562273482439	1.37137661130392
-0.49055785357834	0.484745367025975
-0.142421795624372	0.124180254182861
0.809313827119139	1.00377076473084
0.286963689727673	0.238967673710499
0.100395472556453	0.0771858941178451
-0.875438734743386	0.785574869899647
-0.286144803737444	0.255755090262516
-0.411708316112603	0.280820051698604
-2.54156206046832	2.54616175771211
-0.538581434672188	0.334758596066829
0.544503824017378	0.313711096688822
-0.598568167377704	0.613270587488697
0.142182976680504	0.0681443890617556
-0.193532039422304	0.102640361498117
-0.876124039798065	0.87458415202862
-0.951799619277883	0.997687074266934
0.152230318137847	0.0526288187748188
0.14095264373543	0.0607888977204954
-0.406607552743501	0.279318415167101
-0.0590462176972968	0.0254877790805132
-1.34893678394921	1.10572378885072
-0.692067557193523	0.596637772319779
-1.79522376365631	0.406159618358576
-1.79541110556836	0.406108159138969
-1.79522376365631	0.406159618358576
-3.46164602167476	1.25116087441461
0.140736731819611	0.0478351892047391
-0.711210454077006	0.622193485650313
-0.171797261863829	0.13340251701605
-0.136618437085894	0.0954973844615476
-0.438925199549409	0.33656055488534
