x	y	clickSelects
0.00863284516271001	0.79267969100207	1709
0.00734920342264012	0.799800653832186	55
0.0060691888506601	0.793508670212093	876
0.00734920342264012	0.799800653832186	876
0.00734920342264012	0.799800653832186	9
0.0060691888506601	0.793508670212093	247
0.00863284516271001	0.79267969100207	9
0.00863284516271001	0.79267969100207	25
0.00863284516271001	0.79267969100207	553
0.00734920342264012	0.799800653832186	13
0.0121730123549999	0.796052683519412	13
0.00734920342264012	0.799800653832186	13
0.0121730123549999	0.796052683519412	13
0.0060691888506601	0.793508670212093	265
0.0108802161081898	0.795949787637318	265
0.0121730123549999	0.796052683519412	265
0.00734920342264012	0.799800653832186	265
0.00863284516271001	0.79267969100207	479
0.00734920342264012	0.799800653832186	92
0.00863284516271001	0.79267969100207	286
0.00734920342264012	0.799800653832186	626
0.00734920342264012	0.799800653832186	626
0.0060691888506601	0.793508670212093	244
0.0108802161081898	0.795949787637318	244
0.00863284516271001	0.79267969100207	2468
0.0060691888506601	0.793508670212093	2468
0.00734920342264012	0.799800653832186	216
0.00734920342264012	0.799800653832186	768
0.00734920342264012	0.799800653832186	553
0.00734920342264012	0.799800653832186	553
0.0108802161081898	0.795949787637318	3147
0.00863284516271001	0.79267969100207	232
0.00863284516271001	0.79267969100207	7
0.0060691888506601	0.793508670212093	1194
0.00734920342264012	0.799800653832186	3526
0.00734920342264012	0.799800653832186	1610
0.0060691888506601	0.793508670212093	1610
0.0121730123549999	0.796052683519412	768
0.0121730123549999	0.796052683519412	768
0.0060691888506601	0.793508670212093	572
0.0060691888506601	0.793508670212093	572
0.00734920342264012	0.799800653832186	247
0.0121730123549999	0.796052683519412	553
0.00734920342264012	0.799800653832186	13
0.00734920342264012	0.799800653832186	932
0.0060691888506601	0.793508670212093	265
0.0121730123549999	0.796052683519412	2468
0.0121730123549999	0.796052683519412	1610
0.00734920342264012	0.799800653832186	1610
0.00734920342264012	0.799800653832186	2196
0.0108802161081898	0.795949787637318	34
0.00734920342264012	0.799800653832186	785
0.0060691888506601	0.793508670212093	572
0.00734920342264012	0.799800653832186	9
0.00734920342264012	0.799800653832186	553
0.00734920342264012	0.799800653832186	13
0.00734920342264012	0.799800653832186	932
0.0060691888506601	0.793508670212093	303
0.00734920342264012	0.799800653832186	265
0.00734920342264012	0.799800653832186	265
0.00734920342264012	0.799800653832186	414
0.0060691888506601	0.793508670212093	626
0.00863284516271001	0.79267969100207	55
0.0108802161081898	0.795949787637318	1610
0.0060691888506601	0.793508670212093	247
0.00863284516271001	0.79267969100207	247
0.0121730123549999	0.796052683519412	1146
0.0108802161081898	0.795949787637318	1146
0.00863284516271001	0.79267969100207	553
0.00863284516271001	0.79267969100207	13
0.00734920342264012	0.799800653832186	932
0.0060691888506601	0.793508670212093	1360
0.0060691888506601	0.793508670212093	265
0.00734920342264012	0.799800653832186	414
0.0121730123549999	0.796052683519412	92
0.0060691888506601	0.793508670212093	232
0.00734920342264012	0.799800653832186	3352
0.0157345823100901	0.786881337530458	3352
0.00734920342264012	0.799800653832186	385
-0.0110046220509101	1.71886834158457	1709
0.00734920342264012	0.799800653832186	34
0.00734920342264012	0.799800653832186	34
0.00734920342264012	0.799800653832186	785
0.0108802161081898	0.795949787637318	9
0.00863284516271001	0.79267969100207	9
0.0060691888506601	0.793508670212093	247
0.00734920342264012	0.799800653832186	247
0.0060691888506601	0.793508670212093	9
0.0108802161081898	0.795949787637318	9
0.00734920342264012	0.799800653832186	1146
0.0060691888506601	0.793508670212093	553
0.00734920342264012	0.799800653832186	13
0.0060691888506601	0.793508670212093	932
0.0108802161081898	0.795949787637318	297
0.0108802161081898	0.795949787637318	526
0.00734920342264012	0.799800653832186	1051
0.0060691888506601	0.793508670212093	92
0.0060691888506601	0.793508670212093	1610
0.00734920342264012	0.799800653832186	2575
0.0108802161081898	0.795949787637318	1101
0.00734920342264012	0.799800653832186	9
0.00734920342264012	0.799800653832186	876
0.00734920342264012	0.799800653832186	9
0.00734920342264012	0.799800653832186	9
0.00734920342264012	0.799800653832186	1146
0.0060691888506601	0.793508670212093	13
0.00734920342264012	0.799800653832186	13
-0.0074041625731498	1.72004178733985	7
0.0060691888506601	0.793508670212093	149
0.0121730123549999	0.796052683519412	385
0.0060691888506601	0.793508670212093	1226
0.0121730123549999	0.796052683519412	9
0.00734920342264012	0.799800653832186	9
0.0108802161081898	0.795949787637318	9
0.00734920342264012	0.799800653832186	25
0.00734920342264012	0.799800653832186	553
0.00734920342264012	0.799800653832186	13
0.0060691888506601	0.793508670212093	265
0.00734920342264012	0.799800653832186	265
0.0108802161081898	0.795949787637318	265
0.00734920342264012	0.799800653832186	265
0.0060691888506601	0.793508670212093	305
0.0108802161081898	0.795949787637318	526
0.0108802161081898	0.795949787637318	626
0.00734920342264012	0.799800653832186	1617
-0.0125215683677098	1.69720732314696	3365
0.0060691888506601	0.793508670212093	202
0.00734920342264012	0.799800653832186	9
0.0108802161081898	0.795949787637318	9
0.00734920342264012	0.799800653832186	9
0.00734920342264012	0.799800653832186	553
0.0121730123549999	0.796052683519412	13
0.00863284516271001	0.79267969100207	13
0.00734920342264012	0.799800653832186	414
-0.0122774104273899	1.71534807665957	1051
0.0060691888506601	0.793508670212093	1135
-0.00277026202802011	1.69590393022797	1709
0.0060691888506601	0.793508670212093	9
0.00863284516271001	0.79267969100207	9
0.00734920342264012	0.799800653832186	785
0.00734920342264012	0.799800653832186	785
0.0060691888506601	0.793508670212093	202
0.0121730123549999	0.796052683519412	34
0.00734920342264012	0.799800653832186	9
0.00734920342264012	0.799800653832186	9
0.00863284516271001	0.79267969100207	553
0.00734920342264012	0.799800653832186	3084
0.0060691888506601	0.793508670212093	265
0.0060691888506601	0.793508670212093	265
0.00863284516271001	0.79267969100207	429
0.00734920342264012	0.799800653832186	2467
0.00734920342264012	0.799800653832186	34
0.00734920342264012	0.799800653832186	202
0.00863284516271001	0.79267969100207	34
0.0060691888506601	0.793508670212093	806
0.0108802161081898	0.795949787637318	806
0.00863284516271001	0.79267969100207	9
0.0108802161081898	0.795949787637318	9
0.00863284516271001	0.79267969100207	9
0.0121730123549999	0.796052683519412	82
0.00734920342264012	0.799800653832186	1087
0.0108802161081898	0.795949787637318	553
0.0108802161081898	0.795949787637318	13
0.0060691888506601	0.793508670212093	106
0.00734920342264012	0.799800653832186	62
0.00734920342264012	0.799800653832186	71
0.00734920342264012	0.799800653832186	149
0.0108802161081898	0.795949787637318	149
0.00734920342264012	0.799800653832186	1101
0.0060691888506601	0.793508670212093	9
0.00734920342264012	0.799800653832186	9
0.0060691888506601	0.793508670212093	13
0.00734920342264012	0.799800653832186	13
0.0060691888506601	0.793508670212093	297
0.0060691888506601	0.793508670212093	265
0.00734920342264012	0.799800653832186	265
0.0060691888506601	0.793508670212093	265
0.0108802161081898	0.795949787637318	265
0.00734920342264012	0.799800653832186	106
-0.0122774104273899	1.71534807665957	285
-0.01633759951708	1.7007539088036	626
0.00863284516271001	0.79267969100207	149
0.0060691888506601	0.793508670212093	202
-0.01656706863373	1.70009377125699	9
0.0060691888506601	0.793508670212093	9
0.00734920342264012	0.799800653832186	834
0.0108802161081898	0.795949787637318	9
0.0060691888506601	0.793508670212093	9
0.0060691888506601	0.793508670212093	9
0.0060691888506601	0.793508670212093	13
0.0060691888506601	0.793508670212093	13
0.0060691888506601	0.793508670212093	265
0.00734920342264012	0.799800653832186	265
0.0060691888506601	0.793508670212093	2209
0.00734920342264012	0.799800653832186	806
0.0108802161081898	0.795949787637318	9
0.0060691888506601	0.793508670212093	9
0.0060691888506601	0.793508670212093	13
0.0108802161081898	0.795949787637318	1731
0.00734920342264012	0.799800653832186	1731
0.00734920342264012	0.799800653832186	3248
0.00863284516271001	0.79267969100207	297
0.00734920342264012	0.799800653832186	265
0.0060691888506601	0.793508670212093	297
0.00863284516271001	0.79267969100207	265
0.0060691888506601	0.793508670212093	2103
0.0108802161081898	0.795949787637318	9
0.0060691888506601	0.793508670212093	9
0.0060691888506601	0.793508670212093	9
0.00863284516271001	0.79267969100207	82
0.00863284516271001	0.79267969100207	1731
0.0060691888506601	0.793508670212093	227
0.00734920342264012	0.799800653832186	13
0.0060691888506601	0.793508670212093	3248
0.00734920342264012	0.799800653832186	3620
0.00734920342264012	0.799800653832186	265
0.0060691888506601	0.793508670212093	265
0.00863284516271001	0.79267969100207	265
-0.0137911414566001	1.701732332329	646
0.0121730123549999	0.796052683519412	55
0.0121730123549999	0.796052683519412	290
0.0060691888506601	0.793508670212093	9
0.0060691888506601	0.793508670212093	3346
0.0060691888506601	0.793508670212093	9
0.00734920342264012	0.799800653832186	9
0.00863284516271001	0.79267969100207	25
0.00734920342264012	0.799800653832186	13
0.0108802161081898	0.795949787637318	13
0.00863284516271001	0.79267969100207	13
0.0121730123549999	0.796052683519412	265
0.0060691888506601	0.793508670212093	265
0.0121730123549999	0.796052683519412	297
0.0060691888506601	0.793508670212093	265
0.0060691888506601	0.793508670212093	265
0.0060691888506601	0.793508670212093	265
-0.0140238206906198	1.70618402842073	646
0.0060691888506601	0.793508670212093	678
0.0108802161081898	0.795949787637318	149
0.0108802161081898	0.795949787637318	727
0.0060691888506601	0.793508670212093	1615
0.0121730123549999	0.796052683519412	9
0.0060691888506601	0.793508670212093	994
0.00734920342264012	0.799800653832186	1265
0.0060691888506601	0.793508670212093	9
0.00734920342264012	0.799800653832186	9
0.00734920342264012	0.799800653832186	9
0.0060691888506601	0.793508670212093	1999
0.00734920342264012	0.799800653832186	227
0.00734920342264012	0.799800653832186	227
0.00863284516271001	0.79267969100207	227
0.00863284516271001	0.79267969100207	227
0.00863284516271001	0.79267969100207	13
0.00863284516271001	0.79267969100207	13
0.00863284516271001	0.79267969100207	265
0.00734920342264012	0.799800653832186	265
0.00863284516271001	0.79267969100207	265
0.00734920342264012	0.799800653832186	265
0.00734920342264012	0.799800653832186	297
0.00734920342264012	0.799800653832186	265
0.0121730123549999	0.796052683519412	678
0.00734920342264012	0.799800653832186	1148
0.0060691888506601	0.793508670212093	1148
0.00734920342264012	0.799800653832186	7
0.0060691888506601	0.793508670212093	2771
0.00734920342264012	0.799800653832186	34
0.00863284516271001	0.79267969100207	9
0.00734920342264012	0.799800653832186	9
0.00734920342264012	0.799800653832186	9
0.00863284516271001	0.79267969100207	1265
0.00863284516271001	0.79267969100207	9
0.00734920342264012	0.799800653832186	82
0.00863284516271001	0.79267969100207	227
0.0157345823100901	0.786881337530458	319
-0.0127527662785401	1.70504373111934	2726
0.0121730123549999	0.796052683519412	34
0.0060691888506601	0.793508670212093	1615
0.0108802161081898	0.795949787637318	9
0.0121730123549999	0.796052683519412	9
0.0060691888506601	0.793508670212093	2752
0.00734920342264012	0.799800653832186	3495
0.00734920342264012	0.799800653832186	265
0.00734920342264012	0.799800653832186	265
0.0060691888506601	0.793508670212093	265
0.0060691888506601	0.793508670212093	265
0.00734920342264012	0.799800653832186	414
0.0060691888506601	0.793508670212093	71
0.00734920342264012	0.799800653832186	2726
0.00734920342264012	0.799800653832186	782
0.00734920342264012	0.799800653832186	2740
0.00863284516271001	0.79267969100207	1253
0.00863284516271001	0.79267969100207	9
0.0060691888506601	0.793508670212093	2771
0.0108802161081898	0.795949787637318	34
0.00863284516271001	0.79267969100207	9
0.0108802161081898	0.795949787637318	2721
0.0060691888506601	0.793508670212093	2254
0.0108802161081898	0.795949787637318	1265
0.0108802161081898	0.795949787637318	1265
0.00734920342264012	0.799800653832186	9
0.0060691888506601	0.793508670212093	3484
0.00863284516271001	0.79267969100207	265
0.00863284516271001	0.79267969100207	62
0.0060691888506601	0.793508670212093	2271
0.0121730123549999	0.796052683519412	1107
0.00863284516271001	0.79267969100207	71
0.0108802161081898	0.795949787637318	153
0.0060691888506601	0.793508670212093	2740
0.00734920342264012	0.799800653832186	2740
0.00734920342264012	0.799800653832186	149
0.00734920342264012	0.799800653832186	55
0.0060691888506601	0.793508670212093	149
0.0060691888506601	0.793508670212093	55
0.0121730123549999	0.796052683519412	55
0.00734920342264012	0.799800653832186	290
0.0060691888506601	0.793508670212093	9
0.0121730123549999	0.796052683519412	9
0.0157345823100901	0.786881337530458	9
0.00863284516271001	0.79267969100207	9
0.00734920342264012	0.799800653832186	265
0.0060691888506601	0.793508670212093	265
0.0121730123549999	0.796052683519412	651
-0.00967414028604985	1.69892896328487	23
0.00734920342264012	0.799800653832186	92
0.00863284516271001	0.79267969100207	92
0.0121730123549999	0.796052683519412	78
0.0121730123549999	0.796052683519412	78
0.0060691888506601	0.793508670212093	2271
0.00734920342264012	0.799800653832186	2271
0.00863284516271001	0.79267969100207	92
0.0121730123549999	0.796052683519412	71
0.00734920342264012	0.799800653832186	2976
0.00734920342264012	0.799800653832186	258
0.0060691888506601	0.793508670212093	55
0.00734920342264012	0.799800653832186	55
0.0121730123549999	0.796052683519412	290
0.00734920342264012	0.799800653832186	9
0.00734920342264012	0.799800653832186	1560
0.0060691888506601	0.793508670212093	1265
0.00734920342264012	0.799800653832186	9
0.0121730123549999	0.796052683519412	1889
0.00734920342264012	0.799800653832186	13
0.00734920342264012	0.799800653832186	507
0.0060691888506601	0.793508670212093	13
0.00734920342264012	0.799800653832186	3113
0.0060691888506601	0.793508670212093	576
0.0060691888506601	0.793508670212093	2271
0.00734920342264012	0.799800653832186	1105
0.00734920342264012	0.799800653832186	1105
0.00734920342264012	0.799800653832186	153
0.00863284516271001	0.79267969100207	153
0.0060691888506601	0.793508670212093	128
0.00734920342264012	0.799800653832186	3116
0.0060691888506601	0.793508670212093	2085
0.00734920342264012	0.799800653832186	9
0.0060691888506601	0.793508670212093	1560
0.0060691888506601	0.793508670212093	1170
0.00734920342264012	0.799800653832186	1170
0.00734920342264012	0.799800653832186	3484
0.0060691888506601	0.793508670212093	3484
0.0108802161081898	0.795949787637318	13
0.00734920342264012	0.799800653832186	265
0.0060691888506601	0.793508670212093	265
0.0060691888506601	0.793508670212093	92
0.0121730123549999	0.796052683519412	71
0.00734920342264012	0.799800653832186	258
0.00734920342264012	0.799800653832186	1170
0.0060691888506601	0.793508670212093	1170
0.0060691888506601	0.793508670212093	227
0.00734920342264012	0.799800653832186	265
0.00734920342264012	0.799800653832186	265
0.00734920342264012	0.799800653832186	265
0.00863284516271001	0.79267969100207	78
0.00734920342264012	0.799800653832186	92
0.00734920342264012	0.799800653832186	153
0.0108802161081898	0.795949787637318	153
-0.00972946601998004	1.71912631850453	149
0.0121730123549999	0.796052683519412	290
0.0121730123549999	0.796052683519412	9
0.00734920342264012	0.799800653832186	3644
0.0121730123549999	0.796052683519412	2721
0.00734920342264012	0.799800653832186	2721
0.0108802161081898	0.795949787637318	1560
0.00734920342264012	0.799800653832186	3608
0.0060691888506601	0.793508670212093	3484
0.00734920342264012	0.799800653832186	227
0.00734920342264012	0.799800653832186	13
0.0060691888506601	0.793508670212093	265
0.00734920342264012	0.799800653832186	71
0.00863284516271001	0.79267969100207	258
0.0060691888506601	0.793508670212093	9
0.00863284516271001	0.79267969100207	1534
0.0157345823100901	0.786881337530458	1257
0.0060691888506601	0.793508670212093	2391
0.0060691888506601	0.793508670212093	9
0.00734920342264012	0.799800653832186	9
0.00863284516271001	0.79267969100207	1560
0.00734920342264012	0.799800653832186	227
0.00863284516271001	0.79267969100207	227
0.00863284516271001	0.79267969100207	227
0.0060691888506601	0.793508670212093	227
0.0060691888506601	0.793508670212093	227
0.0060691888506601	0.793508670212093	13
0.00863284516271001	0.79267969100207	71
0.00734920342264012	0.799800653832186	117
0.00863284516271001	0.79267969100207	7
0.0108802161081898	0.795949787637318	1770
0.00734920342264012	0.799800653832186	1770
0.00734920342264012	0.799800653832186	1243
0.00734920342264012	0.799800653832186	9
0.00863284516271001	0.79267969100207	9
0.00734920342264012	0.799800653832186	9
0.0121730123549999	0.796052683519412	1560
0.0060691888506601	0.793508670212093	1170
0.0060691888506601	0.793508670212093	1170
0.0060691888506601	0.793508670212093	227
0.0121730123549999	0.796052683519412	227
0.0060691888506601	0.793508670212093	13
0.00734920342264012	0.799800653832186	106
0.0060691888506601	0.793508670212093	414
0.0121730123549999	0.796052683519412	576
0.00863284516271001	0.79267969100207	78
0.00734920342264012	0.799800653832186	1911
0.0060691888506601	0.793508670212093	1495
0.00734920342264012	0.799800653832186	1049
0.00863284516271001	0.79267969100207	55
0.0121730123549999	0.796052683519412	9
0.00734920342264012	0.799800653832186	1257
0.00734920342264012	0.799800653832186	1257
0.0121730123549999	0.796052683519412	2177
0.0108802161081898	0.795949787637318	9
0.00734920342264012	0.799800653832186	9
0.0108802161081898	0.795949787637318	13
0.0121730123549999	0.796052683519412	265
0.0060691888506601	0.793508670212093	414
0.00863284516271001	0.79267969100207	130
0.0108802161081898	0.795949787637318	130
0.00734920342264012	0.799800653832186	130
0.0060691888506601	0.793508670212093	2541
0.0108802161081898	0.795949787637318	414
0.0060691888506601	0.793508670212093	414
0.0060691888506601	0.793508670212093	2350
0.0060691888506601	0.793508670212093	414
0.0157345823100901	0.786881337530458	220
0.0060691888506601	0.793508670212093	62
0.0108802161081898	0.795949787637318	68
0.0060691888506601	0.793508670212093	68
0.00734920342264012	0.799800653832186	62
0.0060691888506601	0.793508670212093	3305
0.0121730123549999	0.796052683519412	2487
0.00734920342264012	0.799800653832186	128
0.00863284516271001	0.79267969100207	7
0.0060691888506601	0.793508670212093	7
0.00863284516271001	0.79267969100207	375
0.0108802161081898	0.795949787637318	9
0.0108802161081898	0.795949787637318	9
0.00863284516271001	0.79267969100207	25
0.00863284516271001	0.79267969100207	25
0.0060691888506601	0.793508670212093	13
0.0108802161081898	0.795949787637318	13
0.00734920342264012	0.799800653832186	68
0.00734920342264012	0.799800653832186	92
0.0108802161081898	0.795949787637318	117
0.00734920342264012	0.799800653832186	128
0.0121730123549999	0.796052683519412	258
0.00734920342264012	0.799800653832186	258
0.00863284516271001	0.79267969100207	258
0.0108802161081898	0.795949787637318	2448
0.0108802161081898	0.795949787637318	149
0.0060691888506601	0.793508670212093	1534
0.0108802161081898	0.795949787637318	9
0.00734920342264012	0.799800653832186	9
0.00734920342264012	0.799800653832186	2177
0.00734920342264012	0.799800653832186	9
0.0060691888506601	0.793508670212093	9
0.0108802161081898	0.795949787637318	1170
0.00734920342264012	0.799800653832186	9
0.0060691888506601	0.793508670212093	2691
0.00734920342264012	0.799800653832186	227
0.0060691888506601	0.793508670212093	227
0.00734920342264012	0.799800653832186	227
0.00734920342264012	0.799800653832186	2460
0.00734920342264012	0.799800653832186	128
0.00734920342264012	0.799800653832186	2448
0.0108802161081898	0.795949787637318	9
0.00734920342264012	0.799800653832186	375
0.00734920342264012	0.799800653832186	769
0.00734920342264012	0.799800653832186	769
0.00863284516271001	0.79267969100207	1534
0.0060691888506601	0.793508670212093	1534
0.00863284516271001	0.79267969100207	810
0.00734920342264012	0.799800653832186	810
0.0108802161081898	0.795949787637318	9
0.00734920342264012	0.799800653832186	9
0.00734920342264012	0.799800653832186	1170
0.00734920342264012	0.799800653832186	25
0.00863284516271001	0.79267969100207	1823
-0.00328395643794988	1.71705345928228	130
0.00734920342264012	0.799800653832186	362
0.0060691888506601	0.793508670212093	71
0.0121730123549999	0.796052683519412	1149
0.0121730123549999	0.796052683519412	604
0.00863284516271001	0.79267969100207	258
0.00734920342264012	0.799800653832186	7
0.00734920342264012	0.799800653832186	2448
0.00734920342264012	0.799800653832186	9
0.00863284516271001	0.79267969100207	375
0.0060691888506601	0.793508670212093	701
0.00734920342264012	0.799800653832186	701
0.00734920342264012	0.799800653832186	1170
0.0121730123549999	0.796052683519412	1170
0.0060691888506601	0.793508670212093	25
0.00734920342264012	0.799800653832186	1823
0.0121730123549999	0.796052683519412	414
0.00734920342264012	0.799800653832186	78
0.00734920342264012	0.799800653832186	78
0.00734920342264012	0.799800653832186	71
0.00734920342264012	0.799800653832186	71
0.00734920342264012	0.799800653832186	71
0.0108802161081898	0.795949787637318	1495
0.00734920342264012	0.799800653832186	1149
0.0108802161081898	0.795949787637318	2460
0.00734920342264012	0.799800653832186	2460
0.00734920342264012	0.799800653832186	9
0.0060691888506601	0.793508670212093	375
0.00863284516271001	0.79267969100207	375
0.00734920342264012	0.799800653832186	2857
0.00863284516271001	0.79267969100207	1248
0.00734920342264012	0.799800653832186	1248
0.0060691888506601	0.793508670212093	9
0.00734920342264012	0.799800653832186	9
0.00863284516271001	0.79267969100207	9
0.00734920342264012	0.799800653832186	9
0.0060691888506601	0.793508670212093	9
0.00863284516271001	0.79267969100207	2379
0.0157345823100901	0.786881337530458	2379
0.00734920342264012	0.799800653832186	1170
0.00734920342264012	0.799800653832186	227
0.0060691888506601	0.793508670212093	227
0.00734920342264012	0.799800653832186	265
0.00734920342264012	0.799800653832186	265
0.00734920342264012	0.799800653832186	414
0.0108802161081898	0.795949787637318	29
0.00734920342264012	0.799800653832186	23
0.00734920342264012	0.799800653832186	23
0.00734920342264012	0.799800653832186	78
0.0121730123549999	0.796052683519412	576
0.0108802161081898	0.795949787637318	78
0.0121730123549999	0.796052683519412	325
0.0060691888506601	0.793508670212093	1495
0.00734920342264012	0.799800653832186	128
0.00734920342264012	0.799800653832186	258
0.00734920342264012	0.799800653832186	258
0.00734920342264012	0.799800653832186	258
0.0060691888506601	0.793508670212093	375
0.0060691888506601	0.793508670212093	2857
0.00734920342264012	0.799800653832186	1150
0.00863284516271001	0.79267969100207	9
0.00734920342264012	0.799800653832186	2379
0.0121730123549999	0.796052683519412	1170
0.00734920342264012	0.799800653832186	25
0.00863284516271001	0.79267969100207	227
0.00734920342264012	0.799800653832186	265
0.0157345823100901	0.786881337530458	265
0.00734920342264012	0.799800653832186	362
0.0060691888506601	0.793508670212093	1512
0.0121730123549999	0.796052683519412	2460
0.0060691888506601	0.793508670212093	9
0.00863284516271001	0.79267969100207	3610
0.00863284516271001	0.79267969100207	9
0.0108802161081898	0.795949787637318	9
0.0121730123549999	0.796052683519412	1170
-0.0056067017849899	1.71471682539001	1170
0.00734920342264012	0.799800653832186	25
0.00734920342264012	0.799800653832186	13
0.00734920342264012	0.799800653832186	25
0.00734920342264012	0.799800653832186	106
0.00734920342264012	0.799800653832186	265
0.0108802161081898	0.795949787637318	265
0.00734920342264012	0.799800653832186	265
0.0060691888506601	0.793508670212093	265
0.00734920342264012	0.799800653832186	130
0.0157345823100901	0.786881337530458	23
0.0060691888506601	0.793508670212093	397
0.00734920342264012	0.799800653832186	23
0.0108802161081898	0.795949787637318	78
0.0121730123549999	0.796052683519412	78
0.00734920342264012	0.799800653832186	2375
0.0108802161081898	0.795949787637318	2979
0.0060691888506601	0.793508670212093	1495
0.00734920342264012	0.799800653832186	3188
0.00734920342264012	0.799800653832186	1149
0.0121730123549999	0.796052683519412	1512
0.0060691888506601	0.793508670212093	258
0.00734920342264012	0.799800653832186	2448
0.0108802161081898	0.795949787637318	55
0.00734920342264012	0.799800653832186	3610
0.00734920342264012	0.799800653832186	9
0.00734920342264012	0.799800653832186	701
0.0060691888506601	0.793508670212093	9
0.00863284516271001	0.79267969100207	1170
0.0060691888506601	0.793508670212093	1170
0.00734920342264012	0.799800653832186	1170
0.00734920342264012	0.799800653832186	25
0.00734920342264012	0.799800653832186	227
0.0108802161081898	0.795949787637318	227
0.0108802161081898	0.795949787637318	130
0.00863284516271001	0.79267969100207	130
0.00863284516271001	0.79267969100207	130
0.0060691888506601	0.793508670212093	414
0.0060691888506601	0.793508670212093	3439
0.0108802161081898	0.795949787637318	1836
0.00863284516271001	0.79267969100207	414
0.0108802161081898	0.795949787637318	68
0.00734920342264012	0.799800653832186	220
0.00734920342264012	0.799800653832186	685
0.0060691888506601	0.793508670212093	130
0.00734920342264012	0.799800653832186	23
0.00863284516271001	0.79267969100207	23
0.00734920342264012	0.799800653832186	23
0.0060691888506601	0.793508670212093	78
0.00734920342264012	0.799800653832186	78
0.00734920342264012	0.799800653832186	595
0.00734920342264012	0.799800653832186	71
-0.00996646108536003	1.72277331334905	130
0.00734920342264012	0.799800653832186	1836
0.0108802161081898	0.795949787637318	29
0.00734920342264012	0.799800653832186	78
0.0060691888506601	0.793508670212093	78
0.00734920342264012	0.799800653832186	2979
0.0108802161081898	0.795949787637318	2979
0.00734920342264012	0.799800653832186	1989
0.00863284516271001	0.79267969100207	40
0.00734920342264012	0.799800653832186	3188
0.0108802161081898	0.795949787637318	1149
0.00734920342264012	0.799800653832186	258
0.00734920342264012	0.799800653832186	1384
0.00734920342264012	0.799800653832186	1384
0.00863284516271001	0.79267969100207	1384
0.00734920342264012	0.799800653832186	2448
0.0060691888506601	0.793508670212093	9
0.0060691888506601	0.793508670212093	9
0.00863284516271001	0.79267969100207	9
0.0108802161081898	0.795949787637318	9
0.00863284516271001	0.79267969100207	9
0.00734920342264012	0.799800653832186	9
0.0108802161081898	0.795949787637318	25
0.0121730123549999	0.796052683519412	227
0.00734920342264012	0.799800653832186	265
0.00734920342264012	0.799800653832186	23
0.0108802161081898	0.795949787637318	78
0.00734920342264012	0.799800653832186	2979
0.0060691888506601	0.793508670212093	1989
0.00734920342264012	0.799800653832186	1989
0.0121730123549999	0.796052683519412	1495
0.0060691888506601	0.793508670212093	1495
0.00734920342264012	0.799800653832186	1495
0.00734920342264012	0.799800653832186	1149
0.0121730123549999	0.796052683519412	1149
0.0108802161081898	0.795949787637318	1512
0.0060691888506601	0.793508670212093	258
0.00734920342264012	0.799800653832186	1384
0.00863284516271001	0.79267969100207	1384
0.00863284516271001	0.79267969100207	2002
0.00734920342264012	0.799800653832186	3610
0.00863284516271001	0.79267969100207	3610
0.0060691888506601	0.793508670212093	3610
0.00734920342264012	0.799800653832186	3610
0.0121730123549999	0.796052683519412	9
0.00734920342264012	0.799800653832186	701
0.0060691888506601	0.793508670212093	1170
0.00734920342264012	0.799800653832186	1170
0.00734920342264012	0.799800653832186	1170
0.0108802161081898	0.795949787637318	227
-0.0178392532975802	1.69185369155927	227
0.00734920342264012	0.799800653832186	265
0.0060691888506601	0.793508670212093	265
0.00863284516271001	0.79267969100207	414
0.00734920342264012	0.799800653832186	414
0.00734920342264012	0.799800653832186	616
0.00734920342264012	0.799800653832186	29
0.0108802161081898	0.795949787637318	23
0.0060691888506601	0.793508670212093	78
0.00863284516271001	0.79267969100207	78
0.0108802161081898	0.795949787637318	78
0.00734920342264012	0.799800653832186	2375
0.00734920342264012	0.799800653832186	1989
0.00734920342264012	0.799800653832186	1989
0.0060691888506601	0.793508670212093	1495
0.00734920342264012	0.799800653832186	1384
0.0157345823100901	0.786881337530458	2448
0.0060691888506601	0.793508670212093	3610
0.00734920342264012	0.799800653832186	9
0.00734920342264012	0.799800653832186	701
0.0060691888506601	0.793508670212093	9
0.00734920342264012	0.799800653832186	3167
0.0060691888506601	0.793508670212093	25
0.0060691888506601	0.793508670212093	227
0.0060691888506601	0.793508670212093	227
0.0121730123549999	0.796052683519412	227
0.0060691888506601	0.793508670212093	1993
0.0060691888506601	0.793508670212093	616
0.0060691888506601	0.793508670212093	616
0.00734920342264012	0.799800653832186	23
0.0108802161081898	0.795949787637318	23
0.00863284516271001	0.79267969100207	23
0.00734920342264012	0.799800653832186	23
0.00734920342264012	0.799800653832186	23
0.0121730123549999	0.796052683519412	325
0.00734920342264012	0.799800653832186	40
0.0121730123549999	0.796052683519412	2894
0.0060691888506601	0.793508670212093	9
0.0108802161081898	0.795949787637318	9
0.00734920342264012	0.799800653832186	3610
0.00863284516271001	0.79267969100207	9
0.0121730123549999	0.796052683519412	9
0.0060691888506601	0.793508670212093	9
0.0060691888506601	0.793508670212093	150
0.0060691888506601	0.793508670212093	1170
0.00734920342264012	0.799800653832186	392
0.00734920342264012	0.799800653832186	1170
0.0060691888506601	0.793508670212093	13
0.0121730123549999	0.796052683519412	1681
0.0157345823100901	0.786881337530458	227
0.0060691888506601	0.793508670212093	227
0.00734920342264012	0.799800653832186	2448
0.0121730123549999	0.796052683519412	9
0.00734920342264012	0.799800653832186	1150
0.0060691888506601	0.793508670212093	1170
0.00863284516271001	0.79267969100207	1170
0.00863284516271001	0.79267969100207	25
0.00734920342264012	0.799800653832186	227
0.00863284516271001	0.79267969100207	265
0.0060691888506601	0.793508670212093	265
0.0060691888506601	0.793508670212093	265
0.0108802161081898	0.795949787637318	2244
0.00863284516271001	0.79267969100207	9
-0.00996646108536003	1.72277331334905	701
0.00734920342264012	0.799800653832186	1150
0.00734920342264012	0.799800653832186	1170
0.0060691888506601	0.793508670212093	1170
0.0060691888506601	0.793508670212093	392
0.0060691888506601	0.793508670212093	392
0.00734920342264012	0.799800653832186	2111
0.00734920342264012	0.799800653832186	265
0.00734920342264012	0.799800653832186	265
0.00734920342264012	0.799800653832186	353
0.00863284516271001	0.79267969100207	265
0.00863284516271001	0.79267969100207	265
0.00734920342264012	0.799800653832186	265
0.00734920342264012	0.799800653832186	265
0.0060691888506601	0.793508670212093	265
0.00734920342264012	0.799800653832186	2615
0.00734920342264012	0.799800653832186	414
0.0108802161081898	0.795949787637318	616
0.00734920342264012	0.799800653832186	595
0.00734920342264012	0.799800653832186	1724
0.0060691888506601	0.793508670212093	40
0.00734920342264012	0.799800653832186	258
0.00863284516271001	0.79267969100207	884
0.0060691888506601	0.793508670212093	9
0.0060691888506601	0.793508670212093	9
0.00734920342264012	0.799800653832186	9
0.0060691888506601	0.793508670212093	150
0.0121730123549999	0.796052683519412	150
0.00863284516271001	0.79267969100207	150
0.00734920342264012	0.799800653832186	1170
0.00863284516271001	0.79267969100207	1170
0.00734920342264012	0.799800653832186	3297
0.0108802161081898	0.795949787637318	3297
0.0060691888506601	0.793508670212093	13
0.00734920342264012	0.799800653832186	13
0.0108802161081898	0.795949787637318	25
0.0060691888506601	0.793508670212093	25
0.00734920342264012	0.799800653832186	1681
0.0060691888506601	0.793508670212093	227
0.0108802161081898	0.795949787637318	265
0.0060691888506601	0.793508670212093	265
0.0060691888506601	0.793508670212093	265
0.00734920342264012	0.799800653832186	265
-0.0140238206906198	1.70618402842073	414
0.0060691888506601	0.793508670212093	414
0.0060691888506601	0.793508670212093	616
0.00863284516271001	0.79267969100207	130
0.0108802161081898	0.795949787637318	1127
0.00734920342264012	0.799800653832186	23
0.0060691888506601	0.793508670212093	2244
0.00863284516271001	0.79267969100207	937
0.00734920342264012	0.799800653832186	1724
0.00734920342264012	0.799800653832186	258
0.00734920342264012	0.799800653832186	884
0.0108802161081898	0.795949787637318	9
0.00863284516271001	0.79267969100207	3067
0.0060691888506601	0.793508670212093	9
0.0121730123549999	0.796052683519412	9
0.00734920342264012	0.799800653832186	9
0.00734920342264012	0.799800653832186	9
0.00734920342264012	0.799800653832186	1150
0.00734920342264012	0.799800653832186	1170
0.00734920342264012	0.799800653832186	1170
0.0108802161081898	0.795949787637318	3541
0.00863284516271001	0.79267969100207	1170
0.00734920342264012	0.799800653832186	1170
0.00734920342264012	0.799800653832186	1170
0.0157345823100901	0.786881337530458	265
0.00863284516271001	0.79267969100207	265
0.0121730123549999	0.796052683519412	265
0.00863284516271001	0.79267969100207	265
0.00734920342264012	0.799800653832186	265
0.00734920342264012	0.799800653832186	265
0.0108802161081898	0.795949787637318	130
0.00734920342264012	0.799800653832186	1991
0.0060691888506601	0.793508670212093	550
0.00734920342264012	0.799800653832186	550
0.0060691888506601	0.793508670212093	23
0.00734920342264012	0.799800653832186	1724
0.00863284516271001	0.79267969100207	884
0.00863284516271001	0.79267969100207	9
0.00734920342264012	0.799800653832186	3450
0.0060691888506601	0.793508670212093	150
0.00734920342264012	0.799800653832186	1170
0.00734920342264012	0.799800653832186	25
0.0121730123549999	0.796052683519412	25
0.00734920342264012	0.799800653832186	25
0.00863284516271001	0.79267969100207	227
0.0060691888506601	0.793508670212093	227
0.00734920342264012	0.799800653832186	3511
0.00734920342264012	0.799800653832186	227
0.00734920342264012	0.799800653832186	265
0.00734920342264012	0.799800653832186	265
0.0157345823100901	0.786881337530458	265
0.0108802161081898	0.795949787637318	265
0.00734920342264012	0.799800653832186	106
0.00863284516271001	0.79267969100207	884
0.00734920342264012	0.799800653832186	7
0.00863284516271001	0.79267969100207	9
0.0060691888506601	0.793508670212093	9
0.00734920342264012	0.799800653832186	9
0.00734920342264012	0.799800653832186	150
0.00734920342264012	0.799800653832186	1170
0.00734920342264012	0.799800653832186	81
0.00863284516271001	0.79267969100207	227
0.00734920342264012	0.799800653832186	265
0.00734920342264012	0.799800653832186	353
0.00734920342264012	0.799800653832186	353
0.00863284516271001	0.79267969100207	265
0.00863284516271001	0.79267969100207	265
0.00863284516271001	0.79267969100207	265
0.0060691888506601	0.793508670212093	414
0.00863284516271001	0.79267969100207	110
0.0108802161081898	0.795949787637318	3036
0.00734920342264012	0.799800653832186	130
0.0060691888506601	0.793508670212093	23
0.00734920342264012	0.799800653832186	550
0.00734920342264012	0.799800653832186	2273
0.00734920342264012	0.799800653832186	2376
0.00734920342264012	0.799800653832186	884
0.0060691888506601	0.793508670212093	258
0.00863284516271001	0.79267969100207	7
0.00734920342264012	0.799800653832186	9
0.0121730123549999	0.796052683519412	9
0.00734920342264012	0.799800653832186	998
0.00734920342264012	0.799800653832186	9
0.0060691888506601	0.793508670212093	9
0.00863284516271001	0.79267969100207	9
0.00734920342264012	0.799800653832186	9
0.00863284516271001	0.79267969100207	150
0.00734920342264012	0.799800653832186	150
0.0060691888506601	0.793508670212093	800
0.00863284516271001	0.79267969100207	13
0.0060691888506601	0.793508670212093	227
0.00863284516271001	0.79267969100207	265
0.00863284516271001	0.79267969100207	265
0.00734920342264012	0.799800653832186	81
0.00734920342264012	0.799800653832186	265
0.00734920342264012	0.799800653832186	414
0.0108802161081898	0.795949787637318	414
0.0060691888506601	0.793508670212093	414
0.00863284516271001	0.79267969100207	995
0.0060691888506601	0.793508670212093	130
0.00734920342264012	0.799800653832186	1991
0.0121730123549999	0.796052683519412	3036
0.00734920342264012	0.799800653832186	3036
0.00863284516271001	0.79267969100207	23
0.00734920342264012	0.799800653832186	1136
0.0121730123549999	0.796052683519412	1715
0.00734920342264012	0.799800653832186	23
0.0121730123549999	0.796052683519412	23
0.0121730123549999	0.796052683519412	92
0.00734920342264012	0.799800653832186	258
0.00734920342264012	0.799800653832186	258
0.0121730123549999	0.796052683519412	258
0.00734920342264012	0.799800653832186	2448
0.00734920342264012	0.799800653832186	9
0.00734920342264012	0.799800653832186	953
0.00734920342264012	0.799800653832186	227
0.00734920342264012	0.799800653832186	227
0.00734920342264012	0.799800653832186	110
0.0121730123549999	0.796052683519412	110
0.00734920342264012	0.799800653832186	68
0.0060691888506601	0.793508670212093	1991
0.00863284516271001	0.79267969100207	738
0.0060691888506601	0.793508670212093	1715
0.0121730123549999	0.796052683519412	1715
0.00734920342264012	0.799800653832186	594
0.00734920342264012	0.799800653832186	594
0.00863284516271001	0.79267969100207	71
0.00863284516271001	0.79267969100207	71
0.0060691888506601	0.793508670212093	71
0.0060691888506601	0.793508670212093	580
0.0157345823100901	0.786881337530458	258
0.00734920342264012	0.799800653832186	258
0.0121730123549999	0.796052683519412	3586
0.00734920342264012	0.799800653832186	61
0.00734920342264012	0.799800653832186	258
0.00863284516271001	0.79267969100207	9
0.0108802161081898	0.795949787637318	988
0.0060691888506601	0.793508670212093	9
0.0060691888506601	0.793508670212093	227
0.00734920342264012	0.799800653832186	227
0.0060691888506601	0.793508670212093	81
-0.00431713259999	1.71320896030049	995
0.00734920342264012	0.799800653832186	595
0.00734920342264012	0.799800653832186	594
0.00863284516271001	0.79267969100207	92
0.00734920342264012	0.799800653832186	580
0.00734920342264012	0.799800653832186	258
0.00734920342264012	0.799800653832186	258
0.00863284516271001	0.79267969100207	1498
0.0108802161081898	0.795949787637318	9
0.00734920342264012	0.799800653832186	953
0.0121730123549999	0.796052683519412	9
0.0060691888506601	0.793508670212093	9
0.00863284516271001	0.79267969100207	150
0.00734920342264012	0.799800653832186	1406
0.0108802161081898	0.795949787637318	13
0.0060691888506601	0.793508670212093	1030
0.00734920342264012	0.799800653832186	81
0.00734920342264012	0.799800653832186	265
0.0121730123549999	0.796052683519412	265
0.0060691888506601	0.793508670212093	92
0.0060691888506601	0.793508670212093	258
0.00734920342264012	0.799800653832186	9
0.00863284516271001	0.79267969100207	168
0.00734920342264012	0.799800653832186	9
0.0060691888506601	0.793508670212093	2080
0.00734920342264012	0.799800653832186	150
0.0060691888506601	0.793508670212093	2366
0.00734920342264012	0.799800653832186	265
0.0060691888506601	0.793508670212093	265
0.0060691888506601	0.793508670212093	265
-0.0125215683677098	1.69720732314696	71
0.00863284516271001	0.79267969100207	904
0.0121730123549999	0.796052683519412	9
0.00734920342264012	0.799800653832186	3164
0.0060691888506601	0.793508670212093	104
0.00734920342264012	0.799800653832186	2226
0.00863284516271001	0.79267969100207	2226
0.0108802161081898	0.795949787637318	265
0.0060691888506601	0.793508670212093	265
0.0121730123549999	0.796052683519412	143
0.00734920342264012	0.799800653832186	169
0.0121730123549999	0.796052683519412	3164
0.0121730123549999	0.796052683519412	2226
0.0108802161081898	0.795949787637318	1543
0.00734920342264012	0.799800653832186	265
0.0121730123549999	0.796052683519412	353
0.0060691888506601	0.793508670212093	265
0.00863284516271001	0.79267969100207	265
0.0060691888506601	0.793508670212093	1983
0.0060691888506601	0.793508670212093	2144
-0.0122474452111501	1.69822452348585	9
0.0060691888506601	0.793508670212093	9
0.00734920342264012	0.799800653832186	1035
0.0121730123549999	0.796052683519412	1035
0.00734920342264012	0.799800653832186	13
0.0108802161081898	0.795949787637318	2226
0.00734920342264012	0.799800653832186	13
0.00863284516271001	0.79267969100207	2269
0.0108802161081898	0.795949787637318	2807
0.0060691888506601	0.793508670212093	265
0.0060691888506601	0.793508670212093	1627
0.00734920342264012	0.799800653832186	550
0.0121730123549999	0.796052683519412	23
0.00734920342264012	0.799800653832186	416
0.00734920342264012	0.799800653832186	9
0.00734920342264012	0.799800653832186	9
0.0121730123549999	0.796052683519412	1035
0.00863284516271001	0.79267969100207	1035
0.0121730123549999	0.796052683519412	659
0.0121730123549999	0.796052683519412	659
0.00734920342264012	0.799800653832186	13
0.00734920342264012	0.799800653832186	13
0.00734920342264012	0.799800653832186	1473
0.00734920342264012	0.799800653832186	3341
0.00734920342264012	0.799800653832186	2807
0.00734920342264012	0.799800653832186	353
0.0108802161081898	0.795949787637318	1025
0.00734920342264012	0.799800653832186	1025
0.00863284516271001	0.79267969100207	110
0.00734920342264012	0.799800653832186	23
0.00734920342264012	0.799800653832186	9
0.00734920342264012	0.799800653832186	9
0.00734920342264012	0.799800653832186	1035
0.00863284516271001	0.79267969100207	1106
0.0121730123549999	0.796052683519412	338
0.0121730123549999	0.796052683519412	1627
0.0121730123549999	0.796052683519412	438
0.00734920342264012	0.799800653832186	9
0.00734920342264012	0.799800653832186	659
0.0060691888506601	0.793508670212093	13
0.0108802161081898	0.795949787637318	13
0.00734920342264012	0.799800653832186	13
0.0060691888506601	0.793508670212093	382
0.00863284516271001	0.79267969100207	509
0.0060691888506601	0.793508670212093	353
0.00734920342264012	0.799800653832186	353
0.00734920342264012	0.799800653832186	353
0.0108802161081898	0.795949787637318	456
0.00734920342264012	0.799800653832186	456
0.0060691888506601	0.793508670212093	456
0.0060691888506601	0.793508670212093	438
0.00734920342264012	0.799800653832186	23
0.00863284516271001	0.79267969100207	181
0.00734920342264012	0.799800653832186	150
0.00734920342264012	0.799800653832186	13
0.00734920342264012	0.799800653832186	13
0.0157345823100901	0.786881337530458	3548
0.0060691888506601	0.793508670212093	456
0.00734920342264012	0.799800653832186	71
0.0157345823100901	0.786881337530458	416
0.0060691888506601	0.793508670212093	3371
0.0060691888506601	0.793508670212093	1555
0.0060691888506601	0.793508670212093	1555
0.00863284516271001	0.79267969100207	2035
0.0060691888506601	0.793508670212093	2424
0.0108802161081898	0.795949787637318	81
0.0108802161081898	0.795949787637318	169
0.00863284516271001	0.79267969100207	550
0.0121730123549999	0.796052683519412	416
0.0108802161081898	0.795949787637318	9
-0.0068962743814498	1.71251196979478	9
0.00734920342264012	0.799800653832186	150
0.0060691888506601	0.793508670212093	104
0.00863284516271001	0.79267969100207	1106
0.00863284516271001	0.79267969100207	292
0.0060691888506601	0.793508670212093	2424
0.00863284516271001	0.79267969100207	2424
0.00734920342264012	0.799800653832186	456
0.0060691888506601	0.793508670212093	1627
0.0108802161081898	0.795949787637318	1627
0.0108802161081898	0.795949787637318	1509
0.0121730123549999	0.796052683519412	550
0.00863284516271001	0.79267969100207	258
0.00734920342264012	0.799800653832186	9
0.0157345823100901	0.786881337530458	9
0.0108802161081898	0.795949787637318	104
0.0060691888506601	0.793508670212093	1075
0.00734920342264012	0.799800653832186	1555
0.0060691888506601	0.793508670212093	81
0.0060691888506601	0.793508670212093	1789
0.0121730123549999	0.796052683519412	1789
0.00734920342264012	0.799800653832186	2087
0.0108802161081898	0.795949787637318	353
0.0108802161081898	0.795949787637318	130
0.0060691888506601	0.793508670212093	23
0.0060691888506601	0.793508670212093	686
0.00863284516271001	0.79267969100207	71
0.00863284516271001	0.79267969100207	71
0.00863284516271001	0.79267969100207	416
0.0108802161081898	0.795949787637318	9
-0.00818584741928996	1.70604941196116	9
0.0060691888506601	0.793508670212093	150
0.0060691888506601	0.793508670212093	382
0.00734920342264012	0.799800653832186	292
0.00734920342264012	0.799800653832186	292
0.00734920342264012	0.799800653832186	353
0.00734920342264012	0.799800653832186	353
0.00863284516271001	0.79267969100207	110
0.0060691888506601	0.793508670212093	1509
0.0108802161081898	0.795949787637318	221
0.0060691888506601	0.793508670212093	416
0.0108802161081898	0.795949787637318	1412
0.0060691888506601	0.793508670212093	659
0.00863284516271001	0.79267969100207	659
0.0108802161081898	0.795949787637318	659
0.0108802161081898	0.795949787637318	1846
0.0060691888506601	0.793508670212093	292
0.00863284516271001	0.79267969100207	292
0.0060691888506601	0.793508670212093	1807
0.00734920342264012	0.799800653832186	353
0.00734920342264012	0.799800653832186	2259
0.0121730123549999	0.796052683519412	2259
0.00734920342264012	0.799800653832186	2259
0.0108802161081898	0.795949787637318	1627
0.00734920342264012	0.799800653832186	438
0.0121730123549999	0.796052683519412	143
0.00734920342264012	0.799800653832186	130
0.0108802161081898	0.795949787637318	221
0.00734920342264012	0.799800653832186	221
0.0121730123549999	0.796052683519412	550
0.0157345823100901	0.786881337530458	829
0.00734920342264012	0.799800653832186	829
0.0121730123549999	0.796052683519412	686
-0.0150772563865802	1.70463930478689	40
0.00863284516271001	0.79267969100207	9
0.0060691888506601	0.793508670212093	9
0.00734920342264012	0.799800653832186	9
0.00734920342264012	0.799800653832186	659
0.00734920342264012	0.799800653832186	659
0.00734920342264012	0.799800653832186	1846
0.00734920342264012	0.799800653832186	1846
0.0060691888506601	0.793508670212093	3437
0.00734920342264012	0.799800653832186	3437
0.0060691888506601	0.793508670212093	3437
0.00734920342264012	0.799800653832186	1497
0.0060691888506601	0.793508670212093	292
0.00734920342264012	0.799800653832186	406
0.0108802161081898	0.795949787637318	2259
0.0060691888506601	0.793508670212093	1627
0.00734920342264012	0.799800653832186	221
0.00734920342264012	0.799800653832186	829
0.0108802161081898	0.795949787637318	550
0.0108802161081898	0.795949787637318	564
0.0060691888506601	0.793508670212093	1213
0.00734920342264012	0.799800653832186	416
0.00863284516271001	0.79267969100207	659
0.00734920342264012	0.799800653832186	1555
0.00734920342264012	0.799800653832186	292
0.00734920342264012	0.799800653832186	353
0.0121730123549999	0.796052683519412	353
0.00734920342264012	0.799800653832186	828
0.0121730123549999	0.796052683519412	438
0.0121730123549999	0.796052683519412	353
0.00734920342264012	0.799800653832186	169
0.0157345823100901	0.786881337530458	829
0.0121730123549999	0.796052683519412	281
0.0060691888506601	0.793508670212093	690
0.00734920342264012	0.799800653832186	1412
0.00734920342264012	0.799800653832186	9
0.0108802161081898	0.795949787637318	9
0.00863284516271001	0.79267969100207	104
0.0121730123549999	0.796052683519412	659
0.00734920342264012	0.799800653832186	104
0.00863284516271001	0.79267969100207	104
0.00734920342264012	0.799800653832186	13
0.0060691888506601	0.793508670212093	70
0.00734920342264012	0.799800653832186	382
0.00734920342264012	0.799800653832186	292
0.00734920342264012	0.799800653832186	406
0.00734920342264012	0.799800653832186	438
-0.00457259558963008	1.71857473310691	430
0.0060691888506601	0.793508670212093	221
0.0060691888506601	0.793508670212093	1861
0.0121730123549999	0.796052683519412	9
0.00734920342264012	0.799800653832186	104
0.00863284516271001	0.79267969100207	13
0.00863284516271001	0.79267969100207	70
0.00734920342264012	0.799800653832186	406
0.0157345823100901	0.786881337530458	353
0.00734920342264012	0.799800653832186	353
0.0060691888506601	0.793508670212093	353
0.0060691888506601	0.793508670212093	828
0.00863284516271001	0.79267969100207	828
0.00863284516271001	0.79267969100207	1627
0.00863284516271001	0.79267969100207	353
0.0060691888506601	0.793508670212093	281
0.0108802161081898	0.795949787637318	9
0.00734920342264012	0.799800653832186	104
0.0060691888506601	0.793508670212093	70
0.00734920342264012	0.799800653832186	1747
0.0108802161081898	0.795949787637318	406
0.0121730123549999	0.796052683519412	406
0.00734920342264012	0.799800653832186	353
0.00734920342264012	0.799800653832186	1627
0.0060691888506601	0.793508670212093	353
0.0060691888506601	0.793508670212093	550
0.00734920342264012	0.799800653832186	9
0.00734920342264012	0.799800653832186	659
0.00863284516271001	0.79267969100207	2656
0.0060691888506601	0.793508670212093	2705
0.0108802161081898	0.795949787637318	976
0.00734920342264012	0.799800653832186	382
0.0108802161081898	0.795949787637318	1747
0.00734920342264012	0.799800653832186	2718
0.00863284516271001	0.79267969100207	52
0.0108802161081898	0.795949787637318	2425
0.00734920342264012	0.799800653832186	823
0.00734920342264012	0.799800653832186	823
0.00863284516271001	0.79267969100207	13
0.0060691888506601	0.793508670212093	1497
0.00734920342264012	0.799800653832186	2705
0.00734920342264012	0.799800653832186	3476
0.00734920342264012	0.799800653832186	353
0.00734920342264012	0.799800653832186	353
0.0060691888506601	0.793508670212093	353
0.00863284516271001	0.79267969100207	353
0.0108802161081898	0.795949787637318	353
0.0108802161081898	0.795949787637318	341
0.0060691888506601	0.793508670212093	499
0.00734920342264012	0.799800653832186	40
0.0060691888506601	0.793508670212093	258
0.0060691888506601	0.793508670212093	9
0.00863284516271001	0.79267969100207	823
0.00734920342264012	0.799800653832186	823
0.0121730123549999	0.796052683519412	823
0.00734920342264012	0.799800653832186	9
0.00863284516271001	0.79267969100207	9
0.0108802161081898	0.795949787637318	2373
0.0060691888506601	0.793508670212093	866
0.0108802161081898	0.795949787637318	13
0.00734920342264012	0.799800653832186	13
0.0121730123549999	0.796052683519412	13
0.0060691888506601	0.793508670212093	3476
0.00734920342264012	0.799800653832186	353
0.00863284516271001	0.79267969100207	2147
-0.00586123918728987	1.71636616011543	9
0.0060691888506601	0.793508670212093	1497
0.00734920342264012	0.799800653832186	292
0.0108802161081898	0.795949787637318	735
0.00734920342264012	0.799800653832186	2718
0.0060691888506601	0.793508670212093	2718
0.00734920342264012	0.799800653832186	828
0.00863284516271001	0.79267969100207	353
0.0121730123549999	0.796052683519412	353
0.0060691888506601	0.793508670212093	353
0.00734920342264012	0.799800653832186	2059
0.00734920342264012	0.799800653832186	353
-0.0140238206906198	1.70618402842073	110
0.0060691888506601	0.793508670212093	1213
0.0060691888506601	0.793508670212093	1805
0.00734920342264012	0.799800653832186	2593
-0.00302756981094987	1.70751708874546	1429
0.00863284516271001	0.79267969100207	9
0.00863284516271001	0.79267969100207	9
0.0060691888506601	0.793508670212093	9
0.00734920342264012	0.799800653832186	9
0.0060691888506601	0.793508670212093	31
0.00734920342264012	0.799800653832186	1497
0.00734920342264012	0.799800653832186	13
0.00734920342264012	0.799800653832186	81
0.0060691888506601	0.793508670212093	2718
0.0060691888506601	0.793508670212093	353
0.0121730123549999	0.796052683519412	353
0.00863284516271001	0.79267969100207	828
0.00863284516271001	0.79267969100207	353
0.00734920342264012	0.799800653832186	353
0.00734920342264012	0.799800653832186	23
0.0060691888506601	0.793508670212093	9
0.0060691888506601	0.793508670212093	9
0.00734920342264012	0.799800653832186	104
0.0060691888506601	0.793508670212093	1497
0.00734920342264012	0.799800653832186	1497
0.0121730123549999	0.796052683519412	292
0.0060691888506601	0.793508670212093	2039
0.00734920342264012	0.799800653832186	81
0.00734920342264012	0.799800653832186	353
0.0060691888506601	0.793508670212093	353
0.00863284516271001	0.79267969100207	353
0.0121730123549999	0.796052683519412	353
0.0108802161081898	0.795949787637318	353
0.0157345823100901	0.786881337530458	2059
0.0060691888506601	0.793508670212093	353
0.0060691888506601	0.793508670212093	353
0.00734920342264012	0.799800653832186	419
0.0060691888506601	0.793508670212093	1893
0.00863284516271001	0.79267969100207	1667
0.00734920342264012	0.799800653832186	9
0.0108802161081898	0.795949787637318	147
0.0108802161081898	0.795949787637318	9
0.00734920342264012	0.799800653832186	520
0.0157345823100901	0.786881337530458	976
0.00734920342264012	0.799800653832186	353
0.0121730123549999	0.796052683519412	353
0.00863284516271001	0.79267969100207	169
0.0108802161081898	0.795949787637318	9
0.00734920342264012	0.799800653832186	9
0.0121730123549999	0.796052683519412	9
0.00863284516271001	0.79267969100207	9
0.00734920342264012	0.799800653832186	13
0.00734920342264012	0.799800653832186	866
0.00863284516271001	0.79267969100207	866
0.00863284516271001	0.79267969100207	2268
0.00863284516271001	0.79267969100207	1245
0.00734920342264012	0.799800653832186	70
0.0121730123549999	0.796052683519412	2143
0.0060691888506601	0.793508670212093	292
0.00734920342264012	0.799800653832186	81
0.0121730123549999	0.796052683519412	359
0.0060691888506601	0.793508670212093	353
0.0060691888506601	0.793508670212093	353
0.0060691888506601	0.793508670212093	419
0.0060691888506601	0.793508670212093	419
0.00734920342264012	0.799800653832186	3075
-0.0140238206906198	1.70618402842073	1893
-0.000449171259909953	1.70475623934202	1893
0.00863284516271001	0.79267969100207	9
0.0060691888506601	0.793508670212093	9
-0.00457259558963008	1.71857473310691	1323
0.00734920342264012	0.799800653832186	1353
0.00734920342264012	0.799800653832186	13
0.00734920342264012	0.799800653832186	866
0.00734920342264012	0.799800653832186	2268
0.00863284516271001	0.79267969100207	13
0.0108802161081898	0.795949787637318	2143
0.00863284516271001	0.79267969100207	3135
0.00734920342264012	0.799800653832186	281
0.00863284516271001	0.79267969100207	260
0.0108802161081898	0.795949787637318	823
0.00734920342264012	0.799800653832186	823
0.0060691888506601	0.793508670212093	1819
0.0121730123549999	0.796052683519412	9
0.00863284516271001	0.79267969100207	9
0.0108802161081898	0.795949787637318	1353
0.00734920342264012	0.799800653832186	13
0.0108802161081898	0.795949787637318	13
0.0060691888506601	0.793508670212093	1245
0.00734920342264012	0.799800653832186	81
0.0060691888506601	0.793508670212093	359
0.0121730123549999	0.796052683519412	359
0.00734920342264012	0.799800653832186	353
0.0060691888506601	0.793508670212093	353
0.0060691888506601	0.793508670212093	353
0.00734920342264012	0.799800653832186	353
0.0108802161081898	0.795949787637318	353
-0.0110046220509101	1.71886834158457	23
0.0060691888506601	0.793508670212093	23
-0.0137931956645101	1.70120585950469	258
0.00734920342264012	0.799800653832186	823
0.00863284516271001	0.79267969100207	1819
0.0060691888506601	0.793508670212093	1649
0.00734920342264012	0.799800653832186	13
0.00734920342264012	0.799800653832186	1245
0.0060691888506601	0.793508670212093	353
0.00734920342264012	0.799800653832186	353
0.0060691888506601	0.793508670212093	353
0.0121730123549999	0.796052683519412	353
0.00863284516271001	0.79267969100207	353
0.00734920342264012	0.799800653832186	829
0.0121730123549999	0.796052683519412	147
0.00734920342264012	0.799800653832186	1182
0.0060691888506601	0.793508670212093	31
0.0060691888506601	0.793508670212093	2298
0.00863284516271001	0.79267969100207	1732
0.00863284516271001	0.79267969100207	353
0.00863284516271001	0.79267969100207	353
0.00734920342264012	0.799800653832186	353
0.00734920342264012	0.799800653832186	353
0.0121730123549999	0.796052683519412	353
0.00734920342264012	0.799800653832186	353
0.00734920342264012	0.799800653832186	169
0.0108802161081898	0.795949787637318	829
-0.0068962743814498	1.71251196979478	1429
0.00734920342264012	0.799800653832186	2298
0.00734920342264012	0.799800653832186	1732
0.00734920342264012	0.799800653832186	2421
0.0060691888506601	0.793508670212093	255
0.00734920342264012	0.799800653832186	255
0.00734920342264012	0.799800653832186	359
0.00734920342264012	0.799800653832186	353
0.0060691888506601	0.793508670212093	353
0.0060691888506601	0.793508670212093	353
0.00863284516271001	0.79267969100207	353
0.00734920342264012	0.799800653832186	2934
0.00863284516271001	0.79267969100207	353
0.0060691888506601	0.793508670212093	353
0.0060691888506601	0.793508670212093	531
0.0121730123549999	0.796052683519412	16
0.0121730123549999	0.796052683519412	23
-0.00148013998990981	1.70098221572273	1057
0.0060691888506601	0.793508670212093	662
0.0060691888506601	0.793508670212093	31
0.00734920342264012	0.799800653832186	31
0.00734920342264012	0.799800653832186	13
0.0060691888506601	0.793508670212093	2435
0.00734920342264012	0.799800653832186	2435
0.00734920342264012	0.799800653832186	13
0.00734920342264012	0.799800653832186	13
0.0060691888506601	0.793508670212093	359
0.0121730123549999	0.796052683519412	353
0.0121730123549999	0.796052683519412	353
0.0060691888506601	0.793508670212093	783
0.0060691888506601	0.793508670212093	353
0.00734920342264012	0.799800653832186	419
0.0121730123549999	0.796052683519412	9
0.0060691888506601	0.793508670212093	9
0.0157345823100901	0.786881337530458	13
0.00863284516271001	0.79267969100207	79
0.00734920342264012	0.799800653832186	359
0.00734920342264012	0.799800653832186	353
0.00863284516271001	0.79267969100207	353
0.0060691888506601	0.793508670212093	353
0.00734920342264012	0.799800653832186	829
0.00734920342264012	0.799800653832186	23
0.00734920342264012	0.799800653832186	1429
0.0060691888506601	0.793508670212093	13
0.00734920342264012	0.799800653832186	2549
0.00734920342264012	0.799800653832186	353
0.0157345823100901	0.786881337530458	353
0.0108802161081898	0.795949787637318	783
0.00734920342264012	0.799800653832186	353
0.00734920342264012	0.799800653832186	353
0.00734920342264012	0.799800653832186	353
0.0121730123549999	0.796052683519412	353
0.0060691888506601	0.793508670212093	353
0.00734920342264012	0.799800653832186	145
0.0060691888506601	0.793508670212093	829
0.0157345823100901	0.786881337530458	23
-0.0176103671738099	1.6962593152463	48
-0.00972946601998004	1.71912631850453	647
0.0108802161081898	0.795949787637318	3471
0.00734920342264012	0.799800653832186	104
0.00734920342264012	0.799800653832186	31
0.00734920342264012	0.799800653832186	2298
0.00734920342264012	0.799800653832186	734
0.00734920342264012	0.799800653832186	13
0.0060691888506601	0.793508670212093	1951
0.00734920342264012	0.799800653832186	1951
0.0121730123549999	0.796052683519412	79
0.0060691888506601	0.793508670212093	2549
0.00734920342264012	0.799800653832186	2549
0.00734920342264012	0.799800653832186	353
0.0060691888506601	0.793508670212093	359
0.0060691888506601	0.793508670212093	353
0.0060691888506601	0.793508670212093	353
0.0060691888506601	0.793508670212093	353
0.0060691888506601	0.793508670212093	9
0.0060691888506601	0.793508670212093	31
0.00734920342264012	0.799800653832186	353
0.00734920342264012	0.799800653832186	783
0.0108802161081898	0.795949787637318	353
0.0060691888506601	0.793508670212093	353
0.00734920342264012	0.799800653832186	9
0.00734920342264012	0.799800653832186	9
0.00734920342264012	0.799800653832186	124
0.00734920342264012	0.799800653832186	353
0.00734920342264012	0.799800653832186	52
-0.0176495015563898	1.70086560688571	169
0.00734920342264012	0.799800653832186	170
0.0060691888506601	0.793508670212093	647
0.00734920342264012	0.799800653832186	1888
0.00863284516271001	0.79267969100207	9
0.0060691888506601	0.793508670212093	9
0.00734920342264012	0.799800653832186	9
0.0108802161081898	0.795949787637318	104
0.00734920342264012	0.799800653832186	2224
0.00863284516271001	0.79267969100207	734
0.0060691888506601	0.793508670212093	70
0.00734920342264012	0.799800653832186	1953
0.0121730123549999	0.796052683519412	353
0.0060691888506601	0.793508670212093	353
0.00734920342264012	0.799800653832186	353
0.00863284516271001	0.79267969100207	353
0.00734920342264012	0.799800653832186	353
0.00863284516271001	0.79267969100207	890
0.0060691888506601	0.793508670212093	1451
0.00734920342264012	0.799800653832186	521
0.0108802161081898	0.795949787637318	521
0.00734920342264012	0.799800653832186	9
0.00863284516271001	0.79267969100207	9
0.00734920342264012	0.799800653832186	9
0.0060691888506601	0.793508670212093	647
0.00863284516271001	0.79267969100207	647
0.0121730123549999	0.796052683519412	9
0.00734920342264012	0.799800653832186	9
0.0060691888506601	0.793508670212093	1097
0.0060691888506601	0.793508670212093	734
0.00734920342264012	0.799800653832186	734
0.00734920342264012	0.799800653832186	1953
0.00734920342264012	0.799800653832186	120
0.0108802161081898	0.795949787637318	3128
0.0060691888506601	0.793508670212093	2606
0.0060691888506601	0.793508670212093	9
0.00734920342264012	0.799800653832186	9
0.0060691888506601	0.793508670212093	647
0.00734920342264012	0.799800653832186	647
0.00734920342264012	0.799800653832186	9
0.00734920342264012	0.799800653832186	1888
0.00734920342264012	0.799800653832186	648
0.0108802161081898	0.795949787637318	31
0.0121730123549999	0.796052683519412	1953
0.0121730123549999	0.796052683519412	353
-0.0163633774077101	1.70435907905984	110
0.0060691888506601	0.793508670212093	23
0.00863284516271001	0.79267969100207	48
0.0121730123549999	0.796052683519412	3368
0.00734920342264012	0.799800653832186	9
0.00734920342264012	0.799800653832186	9
0.00863284516271001	0.79267969100207	9
0.0108802161081898	0.795949787637318	9
0.00734920342264012	0.799800653832186	1097
0.0121730123549999	0.796052683519412	1097
0.00734920342264012	0.799800653832186	734
0.0157345823100901	0.786881337530458	79
0.00734920342264012	0.799800653832186	48
0.00734920342264012	0.799800653832186	2606
0.00863284516271001	0.79267969100207	9
0.0121730123549999	0.796052683519412	647
0.0060691888506601	0.793508670212093	647
0.00734920342264012	0.799800653832186	1586
0.00863284516271001	0.79267969100207	9
0.00734920342264012	0.799800653832186	9
0.00734920342264012	0.799800653832186	648
0.00734920342264012	0.799800653832186	648
0.00734920342264012	0.799800653832186	13
0.0060691888506601	0.793508670212093	1363
0.00734920342264012	0.799800653832186	1254
0.00863284516271001	0.79267969100207	353
0.0060691888506601	0.793508670212093	353
0.00863284516271001	0.79267969100207	64
0.0157345823100901	0.786881337530458	647
0.00863284516271001	0.79267969100207	647
0.0060691888506601	0.793508670212093	647
0.00734920342264012	0.799800653832186	9
0.0108802161081898	0.795949787637318	9
0.00734920342264012	0.799800653832186	9
0.0060691888506601	0.793508670212093	31
0.0060691888506601	0.793508670212093	734
0.0060691888506601	0.793508670212093	734
0.0060691888506601	0.793508670212093	353
0.0108802161081898	0.795949787637318	353
0.00863284516271001	0.79267969100207	353
0.00734920342264012	0.799800653832186	1161
0.00734920342264012	0.799800653832186	647
0.00734920342264012	0.799800653832186	647
0.0121730123549999	0.796052683519412	9
0.00734920342264012	0.799800653832186	9
0.0108802161081898	0.795949787637318	9
0.00734920342264012	0.799800653832186	388
0.0060691888506601	0.793508670212093	9
0.00734920342264012	0.799800653832186	734
0.00734920342264012	0.799800653832186	734
0.00863284516271001	0.79267969100207	79
0.0108802161081898	0.795949787637318	79
0.0121730123549999	0.796052683519412	353
0.00734920342264012	0.799800653832186	353
0.00734920342264012	0.799800653832186	353
0.00734920342264012	0.799800653832186	353
0.0060691888506601	0.793508670212093	1161
0.00734920342264012	0.799800653832186	1161
0.00863284516271001	0.79267969100207	1129
0.00863284516271001	0.79267969100207	325
0.0121730123549999	0.796052683519412	48
0.0060691888506601	0.793508670212093	48
0.0060691888506601	0.793508670212093	699
0.00863284516271001	0.79267969100207	9
0.0121730123549999	0.796052683519412	648
0.00734920342264012	0.799800653832186	353
0.00734920342264012	0.799800653832186	353
-0.00714988425930008	1.7098802340113	110
0.0060691888506601	0.793508670212093	2577
0.0108802161081898	0.795949787637318	2577
0.00734920342264012	0.799800653832186	214
0.0121730123549999	0.796052683519412	48
0.0121730123549999	0.796052683519412	423
0.0108802161081898	0.795949787637318	1439
0.00734920342264012	0.799800653832186	1439
0.0157345823100901	0.786881337530458	9
0.0060691888506601	0.793508670212093	9
0.00734920342264012	0.799800653832186	647
0.00734920342264012	0.799800653832186	647
0.00863284516271001	0.79267969100207	1820
0.0060691888506601	0.793508670212093	1820
0.0121730123549999	0.796052683519412	648
0.00734920342264012	0.799800653832186	648
0.00863284516271001	0.79267969100207	734
0.00734920342264012	0.799800653832186	734
0.00863284516271001	0.79267969100207	734
0.0060691888506601	0.793508670212093	353
0.0108802161081898	0.795949787637318	353
0.00863284516271001	0.79267969100207	23
0.00734920342264012	0.799800653832186	1439
0.00863284516271001	0.79267969100207	647
0.00734920342264012	0.799800653832186	9
-0.0204755202455398	1.68797112003595	9
0.00863284516271001	0.79267969100207	1820
0.0108802161081898	0.795949787637318	9
0.0060691888506601	0.793508670212093	70
0.0108802161081898	0.795949787637318	353
0.00863284516271001	0.79267969100207	353
0.00734920342264012	0.799800653832186	353
0.0060691888506601	0.793508670212093	353
0.0060691888506601	0.793508670212093	325
0.00734920342264012	0.799800653832186	214
0.0108802161081898	0.795949787637318	214
0.00734920342264012	0.799800653832186	214
0.0060691888506601	0.793508670212093	325
0.00734920342264012	0.799800653832186	48
0.0060691888506601	0.793508670212093	2486
0.00734920342264012	0.799800653832186	423
0.00863284516271001	0.79267969100207	7
0.00863284516271001	0.79267969100207	9
0.00734920342264012	0.799800653832186	9
0.00734920342264012	0.799800653832186	9
0.00863284516271001	0.79267969100207	9
0.00734920342264012	0.799800653832186	9
0.0121730123549999	0.796052683519412	9
0.00734920342264012	0.799800653832186	1820
0.0060691888506601	0.793508670212093	669
0.00863284516271001	0.79267969100207	2545
0.00734920342264012	0.799800653832186	648
0.0060691888506601	0.793508670212093	9
0.0121730123549999	0.796052683519412	997
0.0108802161081898	0.795949787637318	353
0.00734920342264012	0.799800653832186	353
0.00863284516271001	0.79267969100207	214
0.00734920342264012	0.799800653832186	48
0.00734920342264012	0.799800653832186	423
0.00863284516271001	0.79267969100207	9
0.0060691888506601	0.793508670212093	18
0.0121730123549999	0.796052683519412	669
0.00863284516271001	0.79267969100207	669
0.00863284516271001	0.79267969100207	9
0.0060691888506601	0.793508670212093	9
0.00734920342264012	0.799800653832186	9
0.00734920342264012	0.799800653832186	9
0.0108802161081898	0.795949787637318	70
0.0121730123549999	0.796052683519412	70
0.00734920342264012	0.799800653832186	734
0.0108802161081898	0.795949787637318	2032
0.00734920342264012	0.799800653832186	2032
0.00734920342264012	0.799800653832186	70
0.00734920342264012	0.799800653832186	70
0.00863284516271001	0.79267969100207	70
0.0060691888506601	0.793508670212093	79
0.00734920342264012	0.799800653832186	79
0.00734920342264012	0.799800653832186	353
0.0060691888506601	0.793508670212093	169
0.0121730123549999	0.796052683519412	16
-0.00586123918728987	1.71636616011543	214
0.00734920342264012	0.799800653832186	154
0.00863284516271001	0.79267969100207	891
0.0121730123549999	0.796052683519412	7
0.0060691888506601	0.793508670212093	170
0.00734920342264012	0.799800653832186	9
0.00734920342264012	0.799800653832186	1048
0.0121730123549999	0.796052683519412	64
0.00734920342264012	0.799800653832186	647
0.0108802161081898	0.795949787637318	9
0.0060691888506601	0.793508670212093	648
0.00863284516271001	0.79267969100207	9
0.0108802161081898	0.795949787637318	9
0.0108802161081898	0.795949787637318	9
0.0060691888506601	0.793508670212093	997
0.00863284516271001	0.79267969100207	585
0.0060691888506601	0.793508670212093	70
0.00734920342264012	0.799800653832186	115
0.0108802161081898	0.795949787637318	115
0.00734920342264012	0.799800653832186	2319
0.0060691888506601	0.793508670212093	115
0.00863284516271001	0.79267969100207	79
0.00734920342264012	0.799800653832186	353
0.0108802161081898	0.795949787637318	169
0.0060691888506601	0.793508670212093	1109
0.00734920342264012	0.799800653832186	16
0.00734920342264012	0.799800653832186	1496
0.0108802161081898	0.795949787637318	1650
0.00734920342264012	0.799800653832186	1650
0.00734920342264012	0.799800653832186	214
0.00734920342264012	0.799800653832186	154
0.0060691888506601	0.793508670212093	154
0.00863284516271001	0.79267969100207	170
0.00734920342264012	0.799800653832186	170
0.00734920342264012	0.799800653832186	2158
0.00734920342264012	0.799800653832186	18
0.00734920342264012	0.799800653832186	699
0.0060691888506601	0.793508670212093	9
0.0108802161081898	0.795949787637318	9
0.0108802161081898	0.795949787637318	648
0.00734920342264012	0.799800653832186	3278
0.00734920342264012	0.799800653832186	3278
0.0121730123549999	0.796052683519412	997
0.0060691888506601	0.793508670212093	115
0.00734920342264012	0.799800653832186	353
0.00734920342264012	0.799800653832186	1161
0.00734920342264012	0.799800653832186	110
0.0060691888506601	0.793508670212093	264
0.00734920342264012	0.799800653832186	169
0.0108802161081898	0.795949787637318	169
0.0060691888506601	0.793508670212093	2165
0.0060691888506601	0.793508670212093	16
0.00863284516271001	0.79267969100207	16
0.0157345823100901	0.786881337530458	1650
0.00863284516271001	0.79267969100207	1650
-0.0125215683677098	1.69720732314696	214
0.00734920342264012	0.799800653832186	154
0.0060691888506601	0.793508670212093	154
0.00734920342264012	0.799800653832186	9
0.0060691888506601	0.793508670212093	9
0.0108802161081898	0.795949787637318	699
0.00734920342264012	0.799800653832186	9
0.0060691888506601	0.793508670212093	394
0.00734920342264012	0.799800653832186	648
0.0060691888506601	0.793508670212093	9
0.00734920342264012	0.799800653832186	9
0.0060691888506601	0.793508670212093	9
0.00863284516271001	0.79267969100207	734
0.00863284516271001	0.79267969100207	1579
0.0108802161081898	0.795949787637318	1579
0.0060691888506601	0.793508670212093	1579
0.0060691888506601	0.793508670212093	115
0.0060691888506601	0.793508670212093	110
0.00734920342264012	0.799800653832186	2019
0.0060691888506601	0.793508670212093	1496
0.0108802161081898	0.795949787637318	1496
0.00734920342264012	0.799800653832186	1650
0.0108802161081898	0.795949787637318	325
0.00734920342264012	0.799800653832186	154
0.00734920342264012	0.799800653832186	154
0.0108802161081898	0.795949787637318	3517
0.0121730123549999	0.796052683519412	9
0.0121730123549999	0.796052683519412	9
0.00734920342264012	0.799800653832186	1173
0.0060691888506601	0.793508670212093	9
0.0060691888506601	0.793508670212093	9
0.00734920342264012	0.799800653832186	1579
0.00734920342264012	0.799800653832186	585
0.00734920342264012	0.799800653832186	585
0.0060691888506601	0.793508670212093	353
0.00863284516271001	0.79267969100207	353
0.0060691888506601	0.793508670212093	353
0.00734920342264012	0.799800653832186	353
0.00734920342264012	0.799800653832186	110
0.00863284516271001	0.79267969100207	490
0.00734920342264012	0.799800653832186	2292
0.00734920342264012	0.799800653832186	23
0.0108802161081898	0.795949787637318	325
0.0060691888506601	0.793508670212093	154
0.00734920342264012	0.799800653832186	154
0.00734920342264012	0.799800653832186	154
0.0060691888506601	0.793508670212093	154
0.0060691888506601	0.793508670212093	48
0.0108802161081898	0.795949787637318	170
0.00734920342264012	0.799800653832186	9
0.0108802161081898	0.795949787637318	18
0.00734920342264012	0.799800653832186	3150
0.00734920342264012	0.799800653832186	9
0.0060691888506601	0.793508670212093	9
0.00734920342264012	0.799800653832186	2712
0.0060691888506601	0.793508670212093	734
0.00863284516271001	0.79267969100207	734
0.00734920342264012	0.799800653832186	585
0.0108802161081898	0.795949787637318	115
0.00734920342264012	0.799800653832186	115
0.0060691888506601	0.793508670212093	353
0.00734920342264012	0.799800653832186	353
0.0060691888506601	0.793508670212093	353
0.0108802161081898	0.795949787637318	264
0.00734920342264012	0.799800653832186	2214
0.00734920342264012	0.799800653832186	279
0.00734920342264012	0.799800653832186	1496
0.00734920342264012	0.799800653832186	279
0.0121730123549999	0.796052683519412	18
0.00734920342264012	0.799800653832186	3150
0.0060691888506601	0.793508670212093	3150
0.0060691888506601	0.793508670212093	394
0.00734920342264012	0.799800653832186	9
0.00734920342264012	0.799800653832186	9
0.0060691888506601	0.793508670212093	9
0.00734920342264012	0.799800653832186	70
0.0060691888506601	0.793508670212093	115
0.00863284516271001	0.79267969100207	126
0.0108802161081898	0.795949787637318	353
0.0060691888506601	0.793508670212093	353
0.0060691888506601	0.793508670212093	1161
0.00734920342264012	0.799800653832186	264
0.00734920342264012	0.799800653832186	2813
0.0121730123549999	0.796052683519412	9
0.0060691888506601	0.793508670212093	89
0.00734920342264012	0.799800653832186	1211
0.0108802161081898	0.795949787637318	1579
0.0060691888506601	0.793508670212093	1579
0.00734920342264012	0.799800653832186	115
0.00734920342264012	0.799800653832186	353
0.00734920342264012	0.799800653832186	353
0.00734920342264012	0.799800653832186	353
-0.00457259558963008	1.71857473310691	89
0.00863284516271001	0.79267969100207	89
0.00863284516271001	0.79267969100207	585
0.00863284516271001	0.79267969100207	115
0.0060691888506601	0.793508670212093	115
0.00734920342264012	0.799800653832186	353
0.00734920342264012	0.799800653832186	353
0.0060691888506601	0.793508670212093	353
0.00734920342264012	0.799800653832186	1626
-0.00967414028604985	1.69892896328487	110
0.0060691888506601	0.793508670212093	264
-0.00586123918728987	1.71636616011543	393
0.00863284516271001	0.79267969100207	9
0.00734920342264012	0.799800653832186	602
0.0060691888506601	0.793508670212093	1211
0.00734920342264012	0.799800653832186	9
0.00734920342264012	0.799800653832186	70
0.00863284516271001	0.79267969100207	2708
0.00863284516271001	0.79267969100207	353
0.0108802161081898	0.795949787637318	353
0.00734920342264012	0.799800653832186	126
0.0108802161081898	0.795949787637318	353
0.00734920342264012	0.799800653832186	1626
0.0060691888506601	0.793508670212093	162
0.0108802161081898	0.795949787637318	9
0.0121730123549999	0.796052683519412	89
0.00734920342264012	0.799800653832186	1211
0.00863284516271001	0.79267969100207	1211
0.0060691888506601	0.793508670212093	1292
0.00734920342264012	0.799800653832186	1292
0.00734920342264012	0.799800653832186	1142
0.0060691888506601	0.793508670212093	70
0.0121730123549999	0.796052683519412	115
0.0121730123549999	0.796052683519412	353
0.0121730123549999	0.796052683519412	1161
0.00863284516271001	0.79267969100207	217
0.00734920342264012	0.799800653832186	517
0.00863284516271001	0.79267969100207	1169
0.00734920342264012	0.799800653832186	1211
0.00734920342264012	0.799800653832186	115
0.0108802161081898	0.795949787637318	1955
0.0060691888506601	0.793508670212093	126
0.00863284516271001	0.79267969100207	353
0.0060691888506601	0.793508670212093	353
0.0121730123549999	0.796052683519412	843
0.00863284516271001	0.79267969100207	151
-0.0140238206906198	1.70618402842073	791
0.0108802161081898	0.795949787637318	89
0.00734920342264012	0.799800653832186	401
0.00734920342264012	0.799800653832186	70
0.00734920342264012	0.799800653832186	1142
0.0108802161081898	0.795949787637318	70
0.00863284516271001	0.79267969100207	115
0.00734920342264012	0.799800653832186	126
0.00734920342264012	0.799800653832186	1955
0.00863284516271001	0.79267969100207	1955
0.00734920342264012	0.799800653832186	353
0.0060691888506601	0.793508670212093	353
0.00863284516271001	0.79267969100207	353
0.0060691888506601	0.793508670212093	279
0.00734920342264012	0.799800653832186	9
-0.00869223623192994	1.72302589955692	9
0.00734920342264012	0.799800653832186	89
0.00863284516271001	0.79267969100207	1292
0.0060691888506601	0.793508670212093	70
0.00734920342264012	0.799800653832186	115
0.0121730123549999	0.796052683519412	115
0.00734920342264012	0.799800653832186	2580
0.0060691888506601	0.793508670212093	353
0.0060691888506601	0.793508670212093	353
0.0108802161081898	0.795949787637318	89
0.0121730123549999	0.796052683519412	115
0.0060691888506601	0.793508670212093	159
0.00734920342264012	0.799800653832186	353
0.0060691888506601	0.793508670212093	353
0.0060691888506601	0.793508670212093	422
0.00734920342264012	0.799800653832186	279
-0.0140238206906198	1.70618402842073	48
0.0060691888506601	0.793508670212093	9
0.00734920342264012	0.799800653832186	18
0.0060691888506601	0.793508670212093	3435
0.0121730123549999	0.796052683519412	89
0.00863284516271001	0.79267969100207	251
0.0060691888506601	0.793508670212093	115
0.00734920342264012	0.799800653832186	126
0.00863284516271001	0.79267969100207	1436
0.0121730123549999	0.796052683519412	2490
0.00863284516271001	0.79267969100207	9
0.00734920342264012	0.799800653832186	3435
0.00863284516271001	0.79267969100207	89
0.00734920342264012	0.799800653832186	159
0.00734920342264012	0.799800653832186	126
0.00734920342264012	0.799800653832186	1436
0.00863284516271001	0.79267969100207	9
0.0108802161081898	0.795949787637318	115
0.00734920342264012	0.799800653832186	115
0.0121730123549999	0.796052683519412	96
0.0060691888506601	0.793508670212093	1436
0.00734920342264012	0.799800653832186	325
0.0060691888506601	0.793508670212093	2320
0.00863284516271001	0.79267969100207	9
0.00734920342264012	0.799800653832186	1169
0.00734920342264012	0.799800653832186	1169
0.0060691888506601	0.793508670212093	401
0.00863284516271001	0.79267969100207	70
0.00734920342264012	0.799800653832186	2077
0.0108802161081898	0.795949787637318	2077
0.00734920342264012	0.799800653832186	115
0.00734920342264012	0.799800653832186	136
0.0060691888506601	0.793508670212093	422
0.0060691888506601	0.793508670212093	110
0.00734920342264012	0.799800653832186	16
0.0060691888506601	0.793508670212093	16
0.00734920342264012	0.799800653832186	151
0.0060691888506601	0.793508670212093	48
0.0121730123549999	0.796052683519412	217
0.00863284516271001	0.79267969100207	1933
0.00734920342264012	0.799800653832186	9
0.00863284516271001	0.79267969100207	70
0.0121730123549999	0.796052683519412	251
0.0060691888506601	0.793508670212093	3308
0.0108802161081898	0.795949787637318	115
0.00734920342264012	0.799800653832186	115
-0.00457259558963008	1.71857473310691	48
0.00734920342264012	0.799800653832186	1933
0.00863284516271001	0.79267969100207	9
0.00734920342264012	0.799800653832186	2320
0.0060691888506601	0.793508670212093	2320
0.0121730123549999	0.796052683519412	9
0.0060691888506601	0.793508670212093	9
0.0060691888506601	0.793508670212093	2574
0.00863284516271001	0.79267969100207	2069
0.0157345823100901	0.786881337530458	2069
0.0108802161081898	0.795949787637318	159
0.00734920342264012	0.799800653832186	353
0.00863284516271001	0.79267969100207	353
0.00734920342264012	0.799800653832186	9
0.00863284516271001	0.79267969100207	401
0.0060691888506601	0.793508670212093	115
0.0060691888506601	0.793508670212093	96
-0.01529525628992	1.70460271311389	48
0.00734920342264012	0.799800653832186	89
0.0060691888506601	0.793508670212093	1042
0.00734920342264012	0.799800653832186	2069
0.0060691888506601	0.793508670212093	70
0.00734920342264012	0.799800653832186	115
0.0121730123549999	0.796052683519412	115
0.0060691888506601	0.793508670212093	115
0.00734920342264012	0.799800653832186	96
0.00863284516271001	0.79267969100207	97
0.00734920342264012	0.799800653832186	353
0.0060691888506601	0.793508670212093	353
0.00734920342264012	0.799800653832186	353
0.00863284516271001	0.79267969100207	353
0.00734920342264012	0.799800653832186	151
0.00734920342264012	0.799800653832186	217
0.00734920342264012	0.799800653832186	9
0.00863284516271001	0.79267969100207	89
0.00734920342264012	0.799800653832186	89
0.0108802161081898	0.795949787637318	1058
0.00863284516271001	0.79267969100207	251
0.00734920342264012	0.799800653832186	2069
0.0060691888506601	0.793508670212093	91
0.0060691888506601	0.793508670212093	96
0.00863284516271001	0.79267969100207	96
0.0060691888506601	0.793508670212093	96
0.0060691888506601	0.793508670212093	3356
0.00734920342264012	0.799800653832186	84
0.0108802161081898	0.795949787637318	325
0.0121730123549999	0.796052683519412	151
0.0060691888506601	0.793508670212093	1014
0.0060691888506601	0.793508670212093	18
0.0060691888506601	0.793508670212093	401
0.00734920342264012	0.799800653832186	401
0.00863284516271001	0.79267969100207	1042
0.00734920342264012	0.799800653832186	1042
0.00734920342264012	0.799800653832186	91
0.00863284516271001	0.79267969100207	96
0.0060691888506601	0.793508670212093	151
0.0108802161081898	0.795949787637318	1014
0.00734920342264012	0.799800653832186	217
0.00734920342264012	0.799800653832186	18
0.00734920342264012	0.799800653832186	3022
0.0157345823100901	0.786881337530458	9
0.00734920342264012	0.799800653832186	89
0.0060691888506601	0.793508670212093	89
0.0108802161081898	0.795949787637318	401
0.00734920342264012	0.799800653832186	3017
0.00863284516271001	0.79267969100207	3017
0.00863284516271001	0.79267969100207	2069
0.00863284516271001	0.79267969100207	96
0.00734920342264012	0.799800653832186	2614
-0.0150652075336302	1.70233441133424	151
0.00734920342264012	0.799800653832186	1014
0.00734920342264012	0.799800653832186	2458
0.0121730123549999	0.796052683519412	217
0.0060691888506601	0.793508670212093	9
0.00734920342264012	0.799800653832186	9
0.0121730123549999	0.796052683519412	18
0.00734920342264012	0.799800653832186	9
0.00734920342264012	0.799800653832186	767
0.0108802161081898	0.795949787637318	89
0.0060691888506601	0.793508670212093	89
0.0108802161081898	0.795949787637318	89
0.0060691888506601	0.793508670212093	1058
0.00734920342264012	0.799800653832186	115
0.0060691888506601	0.793508670212093	115
0.0060691888506601	0.793508670212093	217
-0.00586123918728987	1.71636616011543	9
0.00863284516271001	0.79267969100207	9
0.00734920342264012	0.799800653832186	3072
0.0060691888506601	0.793508670212093	1042
0.00734920342264012	0.799800653832186	251
0.00734920342264012	0.799800653832186	251
0.0121730123549999	0.796052683519412	70
0.00863284516271001	0.79267969100207	115
0.0060691888506601	0.793508670212093	96
0.00734920342264012	0.799800653832186	96
0.0060691888506601	0.793508670212093	1840
0.00734920342264012	0.799800653832186	97
-0.0110046220509101	1.71886834158457	462
0.00863284516271001	0.79267969100207	919
0.00734920342264012	0.799800653832186	89
0.0108802161081898	0.795949787637318	401
0.00734920342264012	0.799800653832186	756
0.0121730123549999	0.796052683519412	251
0.00863284516271001	0.79267969100207	70
0.00863284516271001	0.79267969100207	134
0.0108802161081898	0.795949787637318	115
0.00734920342264012	0.799800653832186	96
0.00734920342264012	0.799800653832186	96
0.00734920342264012	0.799800653832186	96
0.0060691888506601	0.793508670212093	1840
0.0108802161081898	0.795949787637318	1840
0.00734920342264012	0.799800653832186	1840
0.00863284516271001	0.79267969100207	353
0.00734920342264012	0.799800653832186	84
-0.0112382891393499	1.71924327267148	84
0.00734920342264012	0.799800653832186	462
0.0060691888506601	0.793508670212093	1694
0.00734920342264012	0.799800653832186	2548
0.00863284516271001	0.79267969100207	2548
0.00734920342264012	0.799800653832186	401
0.00734920342264012	0.799800653832186	1690
0.00734920342264012	0.799800653832186	428
0.00734920342264012	0.799800653832186	126
0.00734920342264012	0.799800653832186	1840
0.00734920342264012	0.799800653832186	1960
0.0108802161081898	0.795949787637318	353
0.00734920342264012	0.799800653832186	84
0.0060691888506601	0.793508670212093	2616
0.0121730123549999	0.796052683519412	151
0.0060691888506601	0.793508670212093	151
0.0108802161081898	0.795949787637318	614
0.0060691888506601	0.793508670212093	9
-0.00972946601998004	1.71912631850453	9
0.00734920342264012	0.799800653832186	9
0.0060691888506601	0.793508670212093	2548
0.0060691888506601	0.793508670212093	481
0.00734920342264012	0.799800653832186	872
0.0060691888506601	0.793508670212093	1960
0.0060691888506601	0.793508670212093	353
0.00863284516271001	0.79267969100207	353
0.00734920342264012	0.799800653832186	84
0.00734920342264012	0.799800653832186	2616
0.00734920342264012	0.799800653832186	151
-0.01529525628992	1.70460271311389	9
-0.00972946601998004	1.71912631850453	89
0.0108802161081898	0.795949787637318	70
0.00734920342264012	0.799800653832186	251
0.00734920342264012	0.799800653832186	251
0.00734920342264012	0.799800653832186	1090
0.0060691888506601	0.793508670212093	134
0.00734920342264012	0.799800653832186	115
0.0060691888506601	0.793508670212093	428
0.0060691888506601	0.793508670212093	3492
0.0060691888506601	0.793508670212093	3492
0.00734920342264012	0.799800653832186	96
0.00734920342264012	0.799800653832186	96
0.00734920342264012	0.799800653832186	1960
0.00734920342264012	0.799800653832186	353
0.00734920342264012	0.799800653832186	353
0.00734920342264012	0.799800653832186	151
0.00863284516271001	0.79267969100207	9
0.0121730123549999	0.796052683519412	9
0.0060691888506601	0.793508670212093	3175
0.00734920342264012	0.799800653832186	756
0.0108802161081898	0.795949787637318	756
0.0060691888506601	0.793508670212093	1090
0.0108802161081898	0.795949787637318	5
0.00734920342264012	0.799800653832186	134
0.00734920342264012	0.799800653832186	134
0.0060691888506601	0.793508670212093	134
0.0121730123549999	0.796052683519412	115
0.0108802161081898	0.795949787637318	115
0.00863284516271001	0.79267969100207	428
0.00863284516271001	0.79267969100207	2930
0.00734920342264012	0.799800653832186	2930
0.00734920342264012	0.799800653832186	1840
0.00734920342264012	0.799800653832186	1960
0.0157345823100901	0.786881337530458	353
0.00734920342264012	0.799800653832186	353
0.0060691888506601	0.793508670212093	3469
-0.0125105048956402	1.71169721482069	151
0.00734920342264012	0.799800653832186	151
0.0060691888506601	0.793508670212093	1758
0.0108802161081898	0.795949787637318	9
0.0060691888506601	0.793508670212093	89
0.0108802161081898	0.795949787637318	89
0.0121730123549999	0.796052683519412	401
0.00863284516271001	0.79267969100207	251
0.00734920342264012	0.799800653832186	134
0.00734920342264012	0.799800653832186	134
0.00734920342264012	0.799800653832186	115
0.00863284516271001	0.79267969100207	353
0.00734920342264012	0.799800653832186	557
-0.00869223623192994	1.72302589955692	9
-0.0135505854278799	1.70783040173358	463
0.00863284516271001	0.79267969100207	134
0.0060691888506601	0.793508670212093	134
0.00863284516271001	0.79267969100207	134
0.0121730123549999	0.796052683519412	625
0.00734920342264012	0.799800653832186	115
0.0060691888506601	0.793508670212093	3321
0.0060691888506601	0.793508670212093	428
0.0060691888506601	0.793508670212093	96
0.0060691888506601	0.793508670212093	841
-0.0056067017849899	1.71471682539001	393
0.00734920342264012	0.799800653832186	9
0.00863284516271001	0.79267969100207	9
0.0108802161081898	0.795949787637318	73
0.00734920342264012	0.799800653832186	401
0.00734920342264012	0.799800653832186	66
0.0060691888506601	0.793508670212093	251
0.00734920342264012	0.799800653832186	251
0.0108802161081898	0.795949787637318	115
0.00734920342264012	0.799800653832186	351
0.0060691888506601	0.793508670212093	1547
0.00734920342264012	0.799800653832186	18
0.0121730123549999	0.796052683519412	898
0.00734920342264012	0.799800653832186	401
0.00734920342264012	0.799800653832186	70
0.0108802161081898	0.795949787637318	66
0.00734920342264012	0.799800653832186	134
0.0108802161081898	0.795949787637318	115
0.00734920342264012	0.799800653832186	3092
0.00863284516271001	0.79267969100207	353
0.00863284516271001	0.79267969100207	771
0.00734920342264012	0.799800653832186	771
0.00863284516271001	0.79267969100207	9
0.00734920342264012	0.799800653832186	18
0.00863284516271001	0.79267969100207	9
0.0060691888506601	0.793508670212093	401
0.00734920342264012	0.799800653832186	1977
0.00734920342264012	0.799800653832186	1238
0.00734920342264012	0.799800653832186	1688
0.0060691888506601	0.793508670212093	115
0.00734920342264012	0.799800653832186	3092
0.00734920342264012	0.799800653832186	841
0.00734920342264012	0.799800653832186	351
0.00734920342264012	0.799800653832186	353
0.0060691888506601	0.793508670212093	353
0.0121730123549999	0.796052683519412	142
0.00734920342264012	0.799800653832186	9
0.00863284516271001	0.79267969100207	73
0.00863284516271001	0.79267969100207	73
0.0121730123549999	0.796052683519412	1475
0.0108802161081898	0.795949787637318	401
0.00734920342264012	0.799800653832186	401
0.0108802161081898	0.795949787637318	898
0.00734920342264012	0.799800653832186	66
0.0060691888506601	0.793508670212093	66
0.00734920342264012	0.799800653832186	134
0.0060691888506601	0.793508670212093	1964
0.00734920342264012	0.799800653832186	115
0.0060691888506601	0.793508670212093	115
0.0060691888506601	0.793508670212093	115
0.00734920342264012	0.799800653832186	841
0.0060691888506601	0.793508670212093	351
0.0060691888506601	0.793508670212093	422
0.0060691888506601	0.793508670212093	353
0.0060691888506601	0.793508670212093	73
0.00734920342264012	0.799800653832186	1145
0.0060691888506601	0.793508670212093	251
0.00863284516271001	0.79267969100207	66
0.0108802161081898	0.795949787637318	1238
0.00734920342264012	0.799800653832186	1238
0.00734920342264012	0.799800653832186	841
0.00734920342264012	0.799800653832186	353
0.00734920342264012	0.799800653832186	393
0.00734920342264012	0.799800653832186	24
0.00734920342264012	0.799800653832186	393
0.0060691888506601	0.793508670212093	1089
0.00734920342264012	0.799800653832186	84
0.0060691888506601	0.793508670212093	84
0.00734920342264012	0.799800653832186	84
0.0121730123549999	0.796052683519412	16
0.00734920342264012	0.799800653832186	151
0.00734920342264012	0.799800653832186	151
0.00734920342264012	0.799800653832186	151
0.0060691888506601	0.793508670212093	151
0.00734920342264012	0.799800653832186	538
0.00863284516271001	0.79267969100207	142
0.00863284516271001	0.79267969100207	142
0.00734920342264012	0.799800653832186	142
0.00863284516271001	0.79267969100207	142
0.00863284516271001	0.79267969100207	480
0.0121730123549999	0.796052683519412	98
0.00734920342264012	0.799800653832186	861
0.00734920342264012	0.799800653832186	861
0.0060691888506601	0.793508670212093	9
0.00863284516271001	0.79267969100207	2387
0.0060691888506601	0.793508670212093	2668
0.00863284516271001	0.79267969100207	2668
0.00734920342264012	0.799800653832186	2668
0.00863284516271001	0.79267969100207	1122
0.00863284516271001	0.79267969100207	73
0.00863284516271001	0.79267969100207	401
0.00734920342264012	0.799800653832186	251
0.0060691888506601	0.793508670212093	66
0.0060691888506601	0.793508670212093	122
0.0060691888506601	0.793508670212093	24
-0.0176495015563898	1.70086560688571	151
0.00734920342264012	0.799800653832186	2684
0.0060691888506601	0.793508670212093	3550
0.0060691888506601	0.793508670212093	2761
0.00734920342264012	0.799800653832186	50
0.00734920342264012	0.799800653832186	898
0.00734920342264012	0.799800653832186	743
0.0060691888506601	0.793508670212093	743
0.00734920342264012	0.799800653832186	122
0.00734920342264012	0.799800653832186	115
0.00734920342264012	0.799800653832186	353
0.0060691888506601	0.793508670212093	1208
0.00734920342264012	0.799800653832186	2684
0.0060691888506601	0.793508670212093	240
0.0060691888506601	0.793508670212093	921
0.00734920342264012	0.799800653832186	2761
0.0121730123549999	0.796052683519412	50
0.0060691888506601	0.793508670212093	73
0.00734920342264012	0.799800653832186	743
0.0060691888506601	0.793508670212093	134
0.0060691888506601	0.793508670212093	134
0.00863284516271001	0.79267969100207	115
0.0121730123549999	0.796052683519412	353
0.0121730123549999	0.796052683519412	2441
0.0157345823100901	0.786881337530458	921
0.00863284516271001	0.79267969100207	9
0.00734920342264012	0.799800653832186	9
0.00863284516271001	0.79267969100207	731
0.00734920342264012	0.799800653832186	731
0.0121730123549999	0.796052683519412	2341
0.00734920342264012	0.799800653832186	898
0.0121730123549999	0.796052683519412	251
0.00734920342264012	0.799800653832186	743
0.00734920342264012	0.799800653832186	1238
0.00734920342264012	0.799800653832186	134
0.00734920342264012	0.799800653832186	1964
0.0157345823100901	0.786881337530458	122
0.00734920342264012	0.799800653832186	1618
0.00734920342264012	0.799800653832186	841
0.00734920342264012	0.799800653832186	353
0.0108802161081898	0.795949787637318	2441
0.0121730123549999	0.796052683519412	151
0.00734920342264012	0.799800653832186	151
0.0108802161081898	0.795949787637318	240
0.00863284516271001	0.79267969100207	2842
0.0060691888506601	0.793508670212093	921
0.00863284516271001	0.79267969100207	921
-0.0109607849627502	1.70040372211638	9
0.00734920342264012	0.799800653832186	18
0.0121730123549999	0.796052683519412	73
0.0121730123549999	0.796052683519412	73
0.0121730123549999	0.796052683519412	3605
0.00863284516271001	0.79267969100207	731
0.00734920342264012	0.799800653832186	731
0.00734920342264012	0.799800653832186	401
0.0108802161081898	0.795949787637318	2341
0.00734920342264012	0.799800653832186	66
0.0121730123549999	0.796052683519412	841
0.0157345823100901	0.786881337530458	151
0.0108802161081898	0.795949787637318	151
0.0157345823100901	0.786881337530458	2842
0.0060691888506601	0.793508670212093	487
0.00734920342264012	0.799800653832186	98
0.00734920342264012	0.799800653832186	9
0.00734920342264012	0.799800653832186	9
0.0121730123549999	0.796052683519412	9
0.00734920342264012	0.799800653832186	73
0.00863284516271001	0.79267969100207	73
0.0108802161081898	0.795949787637318	3605
0.00863284516271001	0.79267969100207	1872
0.0060691888506601	0.793508670212093	296
0.00734920342264012	0.799800653832186	898
0.0060691888506601	0.793508670212093	743
0.0108802161081898	0.795949787637318	743
0.0060691888506601	0.793508670212093	1238
0.00734920342264012	0.799800653832186	1238
0.00734920342264012	0.799800653832186	134
0.00863284516271001	0.79267969100207	351
0.00863284516271001	0.79267969100207	353
0.00863284516271001	0.79267969100207	296
0.00734920342264012	0.799800653832186	898
0.0060691888506601	0.793508670212093	898
0.00734920342264012	0.799800653832186	66
0.00734920342264012	0.799800653832186	66
0.00734920342264012	0.799800653832186	743
0.00734920342264012	0.799800653832186	66
0.00734920342264012	0.799800653832186	1238
0.0060691888506601	0.793508670212093	1238
0.00734920342264012	0.799800653832186	841
0.0108802161081898	0.795949787637318	351
0.00734920342264012	0.799800653832186	353
0.00734920342264012	0.799800653832186	73
0.0121730123549999	0.796052683519412	981
0.0108802161081898	0.795949787637318	66
0.0121730123549999	0.796052683519412	743
0.00734920342264012	0.799800653832186	2920
0.0060691888506601	0.793508670212093	2920
0.0060691888506601	0.793508670212093	2920
0.00734920342264012	0.799800653832186	115
0.0108802161081898	0.795949787637318	115
0.0060691888506601	0.793508670212093	115
0.00734920342264012	0.799800653832186	351
0.0108802161081898	0.795949787637318	353
-0.01633759951708	1.7007539088036	151
0.0060691888506601	0.793508670212093	73
0.00863284516271001	0.79267969100207	73
0.00734920342264012	0.799800653832186	73
0.00863284516271001	0.79267969100207	1799
0.0060691888506601	0.793508670212093	296
0.0121730123549999	0.796052683519412	743
0.0060691888506601	0.793508670212093	2920
0.00734920342264012	0.799800653832186	339
0.00734920342264012	0.799800653832186	134
0.00863284516271001	0.79267969100207	841
0.00734920342264012	0.799800653832186	351
0.00734920342264012	0.799800653832186	73
0.0060691888506601	0.793508670212093	2246
0.00734920342264012	0.799800653832186	1799
0.0108802161081898	0.795949787637318	401
0.00863284516271001	0.79267969100207	115
0.00863284516271001	0.79267969100207	115
0.0060691888506601	0.793508670212093	115
0.00734920342264012	0.799800653832186	115
0.00863284516271001	0.79267969100207	351
0.00734920342264012	0.799800653832186	351
0.00734920342264012	0.799800653832186	1278
0.00734920342264012	0.799800653832186	351
-0.0150652075336302	1.70233441133424	151
0.00734920342264012	0.799800653832186	245
0.00863284516271001	0.79267969100207	3066
0.0060691888506601	0.793508670212093	73
0.00734920342264012	0.799800653832186	2332
0.0108802161081898	0.795949787637318	2332
0.0060691888506601	0.793508670212093	401
0.0108802161081898	0.795949787637318	898
0.0108802161081898	0.795949787637318	3520
0.00734920342264012	0.799800653832186	66
0.0060691888506601	0.793508670212093	743
0.00734920342264012	0.799800653832186	1238
0.00863284516271001	0.79267969100207	1238
0.00734920342264012	0.799800653832186	134
0.00734920342264012	0.799800653832186	2202
0.00863284516271001	0.79267969100207	115
0.00734920342264012	0.799800653832186	351
0.00863284516271001	0.79267969100207	351
0.0108802161081898	0.795949787637318	351
-0.00941500530996997	1.6682792303722	84
-0.0114820975132899	1.70102024385124	151
0.0108802161081898	0.795949787637318	98
0.00734920342264012	0.799800653832186	9
0.00863284516271001	0.79267969100207	2339
0.0121730123549999	0.796052683519412	296
0.00863284516271001	0.79267969100207	179
0.00863284516271001	0.79267969100207	3520
0.00734920342264012	0.799800653832186	3631
0.0060691888506601	0.793508670212093	743
0.00734920342264012	0.799800653832186	66
0.0060691888506601	0.793508670212093	134
0.0060691888506601	0.793508670212093	134
0.00863284516271001	0.79267969100207	2003
0.00863284516271001	0.79267969100207	115
0.00734920342264012	0.799800653832186	351
0.00734920342264012	0.799800653832186	728
0.0060691888506601	0.793508670212093	245
0.0060691888506601	0.793508670212093	3066
0.00734920342264012	0.799800653832186	1016
0.00734920342264012	0.799800653832186	2447
0.00863284516271001	0.79267969100207	2447
0.00734920342264012	0.799800653832186	73
0.00734920342264012	0.799800653832186	73
0.00734920342264012	0.799800653832186	2303
0.00863284516271001	0.79267969100207	296
0.0108802161081898	0.795949787637318	179
0.0108802161081898	0.795949787637318	66
0.00734920342264012	0.799800653832186	441
0.00863284516271001	0.79267969100207	743
0.00734920342264012	0.799800653832186	134
0.00734920342264012	0.799800653832186	2202
0.0121730123549999	0.796052683519412	2202
0.0121730123549999	0.796052683519412	2003
0.0108802161081898	0.795949787637318	2420
0.00863284516271001	0.79267969100207	2420
0.00863284516271001	0.79267969100207	115
0.0121730123549999	0.796052683519412	351
0.0121730123549999	0.796052683519412	351
0.00863284516271001	0.79267969100207	1735
0.0121730123549999	0.796052683519412	151
0.00863284516271001	0.79267969100207	368
0.0060691888506601	0.793508670212093	151
0.0060691888506601	0.793508670212093	48
0.0060691888506601	0.793508670212093	653
0.00734920342264012	0.799800653832186	487
0.0121730123549999	0.796052683519412	728
0.0108802161081898	0.795949787637318	451
0.00734920342264012	0.799800653832186	451
0.0121730123549999	0.796052683519412	2447
0.0060691888506601	0.793508670212093	2954
0.0157345823100901	0.786881337530458	73
0.0121730123549999	0.796052683519412	73
0.0060691888506601	0.793508670212093	73
0.00734920342264012	0.799800653832186	2641
0.0121730123549999	0.796052683519412	179
0.0060691888506601	0.793508670212093	179
0.00734920342264012	0.799800653832186	66
0.0108802161081898	0.795949787637318	134
0.00734920342264012	0.799800653832186	2420
0.0060691888506601	0.793508670212093	351
0.0060691888506601	0.793508670212093	1981
0.00734920342264012	0.799800653832186	142
0.0121730123549999	0.796052683519412	653
0.0108802161081898	0.795949787637318	653
0.00734920342264012	0.799800653832186	487
0.0060691888506601	0.793508670212093	451
0.00734920342264012	0.799800653832186	9
0.00734920342264012	0.799800653832186	9
0.0060691888506601	0.793508670212093	9
0.0060691888506601	0.793508670212093	1016
0.0060691888506601	0.793508670212093	2447
0.00734920342264012	0.799800653832186	1481
0.0060691888506601	0.793508670212093	1481
0.00734920342264012	0.799800653832186	73
0.00734920342264012	0.799800653832186	807
0.0108802161081898	0.795949787637318	2303
0.0121730123549999	0.796052683519412	179
0.0060691888506601	0.793508670212093	441
0.00734920342264012	0.799800653832186	441
0.0108802161081898	0.795949787637318	743
0.0060691888506601	0.793508670212093	2202
0.00734920342264012	0.799800653832186	2202
0.0108802161081898	0.795949787637318	1618
0.00734920342264012	0.799800653832186	134
0.0108802161081898	0.795949787637318	134
0.0060691888506601	0.793508670212093	115
0.00734920342264012	0.799800653832186	115
0.0060691888506601	0.793508670212093	351
0.0060691888506601	0.793508670212093	351
0.00734920342264012	0.799800653832186	151
0.0060691888506601	0.793508670212093	306
0.00734920342264012	0.799800653832186	151
0.0108802161081898	0.795949787637318	342
0.0108802161081898	0.795949787637318	142
0.0060691888506601	0.793508670212093	653
0.00863284516271001	0.79267969100207	2729
0.00734920342264012	0.799800653832186	2729
-0.00972946601998004	1.71912631850453	563
0.0060691888506601	0.793508670212093	807
0.00734920342264012	0.799800653832186	431
0.00734920342264012	0.799800653832186	483
0.00734920342264012	0.799800653832186	179
0.0060691888506601	0.793508670212093	179
0.0121730123549999	0.796052683519412	1238
0.00734920342264012	0.799800653832186	2202
0.0060691888506601	0.793508670212093	1618
0.0108802161081898	0.795949787637318	2003
0.0121730123549999	0.796052683519412	134
-0.0127527662785401	1.70504373111934	151
0.0060691888506601	0.793508670212093	2838
0.0121730123549999	0.796052683519412	2398
0.00734920342264012	0.799800653832186	2738
0.00863284516271001	0.79267969100207	2
0.0060691888506601	0.793508670212093	98
0.00734920342264012	0.799800653832186	9
0.00863284516271001	0.79267969100207	73
0.00863284516271001	0.79267969100207	431
0.00863284516271001	0.79267969100207	179
0.00863284516271001	0.79267969100207	179
0.0108802161081898	0.795949787637318	743
0.0060691888506601	0.793508670212093	743
0.00734920342264012	0.799800653832186	1238
0.0121730123549999	0.796052683519412	134
0.0121730123549999	0.796052683519412	115
0.00863284516271001	0.79267969100207	2838
0.00734920342264012	0.799800653832186	2838
0.0157345823100901	0.786881337530458	118
0.00863284516271001	0.79267969100207	1208
-0.0125215683677098	1.69720732314696	653
0.0108802161081898	0.795949787637318	653
0.0060691888506601	0.793508670212093	1912
0.00863284516271001	0.79267969100207	2954
0.0108802161081898	0.795949787637318	73
0.0060691888506601	0.793508670212093	807
0.00734920342264012	0.799800653832186	2641
0.0108802161081898	0.795949787637318	431
0.00863284516271001	0.79267969100207	179
0.00734920342264012	0.799800653832186	1443
0.00863284516271001	0.79267969100207	1238
0.0108802161081898	0.795949787637318	2202
0.00863284516271001	0.79267969100207	2202
0.0157345823100901	0.786881337530458	115
0.00734920342264012	0.799800653832186	1981
0.0060691888506601	0.793508670212093	48
0.00863284516271001	0.79267969100207	878
0.0108802161081898	0.795949787637318	451
0.00863284516271001	0.79267969100207	1382
0.00734920342264012	0.799800653832186	1016
0.0060691888506601	0.793508670212093	1490
0.00734920342264012	0.799800653832186	2641
0.0108802161081898	0.795949787637318	179
0.00734920342264012	0.799800653832186	179
0.0108802161081898	0.795949787637318	1966
0.00863284516271001	0.79267969100207	2202
0.00734920342264012	0.799800653832186	134
0.0060691888506601	0.793508670212093	351
0.0060691888506601	0.793508670212093	351
0.0121730123549999	0.796052683519412	151
0.0060691888506601	0.793508670212093	2098
0.00863284516271001	0.79267969100207	458
0.00734920342264012	0.799800653832186	458
0.0060691888506601	0.793508670212093	412
0.00863284516271001	0.79267969100207	9
0.00734920342264012	0.799800653832186	9
0.00863284516271001	0.79267969100207	9
0.00734920342264012	0.799800653832186	9
0.0060691888506601	0.793508670212093	73
0.0060691888506601	0.793508670212093	73
0.00734920342264012	0.799800653832186	807
0.00863284516271001	0.79267969100207	1966
0.00734920342264012	0.799800653832186	1761
0.0108802161081898	0.795949787637318	134
0.0108802161081898	0.795949787637318	177
0.00734920342264012	0.799800653832186	351
0.00734920342264012	0.799800653832186	351
0.0060691888506601	0.793508670212093	351
0.00863284516271001	0.79267969100207	151
0.0121730123549999	0.796052683519412	304
0.00863284516271001	0.79267969100207	2098
0.00863284516271001	0.79267969100207	458
0.0108802161081898	0.795949787637318	458
0.00734920342264012	0.799800653832186	458
0.00863284516271001	0.79267969100207	458
0.00734920342264012	0.799800653832186	2475
0.00863284516271001	0.79267969100207	9
0.0060691888506601	0.793508670212093	9
0.00734920342264012	0.799800653832186	73
0.0060691888506601	0.793508670212093	73
0.00734920342264012	0.799800653832186	1490
0.0121730123549999	0.796052683519412	179
0.00734920342264012	0.799800653832186	66
0.00734920342264012	0.799800653832186	1761
0.00863284516271001	0.79267969100207	134
0.00734920342264012	0.799800653832186	134
0.0108802161081898	0.795949787637318	351
0.00734920342264012	0.799800653832186	351
0.00863284516271001	0.79267969100207	351
0.0060691888506601	0.793508670212093	351
0.00863284516271001	0.79267969100207	253
0.0060691888506601	0.793508670212093	2152
0.0108802161081898	0.795949787637318	1208
0.00734920342264012	0.799800653832186	342
0.0060691888506601	0.793508670212093	1912
0.00734920342264012	0.799800653832186	451
0.0060691888506601	0.793508670212093	658
0.0108802161081898	0.795949787637318	9
0.00734920342264012	0.799800653832186	73
0.0108802161081898	0.795949787637318	73
0.00863284516271001	0.79267969100207	516
0.00863284516271001	0.79267969100207	483
0.00734920342264012	0.799800653832186	179
0.0108802161081898	0.795949787637318	179
0.0060691888506601	0.793508670212093	134
0.00863284516271001	0.79267969100207	66
0.00734920342264012	0.799800653832186	2202
0.0121730123549999	0.796052683519412	134
0.00734920342264012	0.799800653832186	351
0.00734920342264012	0.799800653832186	2152
0.00863284516271001	0.79267969100207	306
0.0121730123549999	0.796052683519412	48
0.0121730123549999	0.796052683519412	1029
0.0108802161081898	0.795949787637318	1912
0.0108802161081898	0.795949787637318	458
0.00734920342264012	0.799800653832186	458
0.0060691888506601	0.793508670212093	9
0.0157345823100901	0.786881337530458	73
0.00863284516271001	0.79267969100207	73
0.00734920342264012	0.799800653832186	73
0.00734920342264012	0.799800653832186	431
0.00734920342264012	0.799800653832186	483
0.0108802161081898	0.795949787637318	179
0.0121730123549999	0.796052683519412	179
0.0060691888506601	0.793508670212093	179
0.00734920342264012	0.799800653832186	179
0.0108802161081898	0.795949787637318	179
0.0121730123549999	0.796052683519412	984
0.00734920342264012	0.799800653832186	743
0.00734920342264012	0.799800653832186	66
0.0060691888506601	0.793508670212093	134
0.0121730123549999	0.796052683519412	134
0.00863284516271001	0.79267969100207	351
0.0060691888506601	0.793508670212093	351
0.00734920342264012	0.799800653832186	1981
0.00734920342264012	0.799800653832186	151
0.00734920342264012	0.799800653832186	569
0.00734920342264012	0.799800653832186	878
0.00734920342264012	0.799800653832186	1029
0.00863284516271001	0.79267969100207	458
0.00863284516271001	0.79267969100207	658
0.00734920342264012	0.799800653832186	9
0.0060691888506601	0.793508670212093	9
0.0121730123549999	0.796052683519412	3600
0.0108802161081898	0.795949787637318	3600
0.00863284516271001	0.79267969100207	179
0.0157345823100901	0.786881337530458	984
0.00734920342264012	0.799800653832186	66
0.0121730123549999	0.796052683519412	134
0.00863284516271001	0.79267969100207	134
0.00734920342264012	0.799800653832186	134
0.00734920342264012	0.799800653832186	351
0.0060691888506601	0.793508670212093	351
0.00863284516271001	0.79267969100207	351
0.0121730123549999	0.796052683519412	351
-0.00328395643794988	1.71705345928228	253
0.00734920342264012	0.799800653832186	2116
0.00863284516271001	0.79267969100207	120
0.0060691888506601	0.793508670212093	569
0.0121730123549999	0.796052683519412	342
0.0060691888506601	0.793508670212093	342
0.00734920342264012	0.799800653832186	372
0.0108802161081898	0.795949787637318	1994
0.00863284516271001	0.79267969100207	1912
0.00863284516271001	0.79267969100207	1912
0.00734920342264012	0.799800653832186	458
0.0060691888506601	0.793508670212093	458
0.0108802161081898	0.795949787637318	2731
0.00734920342264012	0.799800653832186	658
0.0060691888506601	0.793508670212093	2175
0.00734920342264012	0.799800653832186	431
0.00734920342264012	0.799800653832186	483
0.00734920342264012	0.799800653832186	179
0.0060691888506601	0.793508670212093	743
0.0121730123549999	0.796052683519412	3524
0.0121730123549999	0.796052683519412	3524
0.0060691888506601	0.793508670212093	134
0.00734920342264012	0.799800653832186	134
0.0121730123549999	0.796052683519412	3040
0.00863284516271001	0.79267969100207	351
0.0060691888506601	0.793508670212093	351
0.00734920342264012	0.799800653832186	351
0.00863284516271001	0.79267969100207	229
0.0060691888506601	0.793508670212093	1792
0.00734920342264012	0.799800653832186	3566
0.0060691888506601	0.793508670212093	1912
0.00734920342264012	0.799800653832186	458
0.00734920342264012	0.799800653832186	458
0.00734920342264012	0.799800653832186	9
0.00734920342264012	0.799800653832186	770
0.00734920342264012	0.799800653832186	73
0.00863284516271001	0.79267969100207	73
0.00734920342264012	0.799800653832186	431
0.0060691888506601	0.793508670212093	1219
0.0108802161081898	0.795949787637318	2248
0.0108802161081898	0.795949787637318	3600
0.0108802161081898	0.795949787637318	3600
0.0060691888506601	0.793508670212093	179
0.0060691888506601	0.793508670212093	179
0.00863284516271001	0.79267969100207	179
0.0060691888506601	0.793508670212093	179
0.0060691888506601	0.793508670212093	134
0.00734920342264012	0.799800653832186	351
0.0060691888506601	0.793508670212093	351
-0.0150652075336302	1.70233441133424	306
0.00734920342264012	0.799800653832186	372
0.00863284516271001	0.79267969100207	458
-0.00869223623192994	1.72302589955692	9
0.00734920342264012	0.799800653832186	9
0.0060691888506601	0.793508670212093	9
0.00734920342264012	0.799800653832186	73
0.00734920342264012	0.799800653832186	2215
0.00734920342264012	0.799800653832186	179
0.0060691888506601	0.793508670212093	66
0.00734920342264012	0.799800653832186	66
0.0121730123549999	0.796052683519412	743
0.00863284516271001	0.79267969100207	66
0.00863284516271001	0.79267969100207	134
0.0108802161081898	0.795949787637318	351
0.00863284516271001	0.79267969100207	458
0.0060691888506601	0.793508670212093	458
0.00734920342264012	0.799800653832186	451
0.00734920342264012	0.799800653832186	1641
0.0108802161081898	0.795949787637318	2215
0.00863284516271001	0.79267969100207	2276
0.0060691888506601	0.793508670212093	516
0.0108802161081898	0.795949787637318	1307
0.00863284516271001	0.79267969100207	179
0.0060691888506601	0.793508670212093	179
0.0121730123549999	0.796052683519412	3593
0.00863284516271001	0.79267969100207	179
0.00734920342264012	0.799800653832186	2902
0.0121730123549999	0.796052683519412	3627
0.00863284516271001	0.79267969100207	66
0.00734920342264012	0.799800653832186	134
0.00734920342264012	0.799800653832186	134
0.00863284516271001	0.79267969100207	134
0.00734920342264012	0.799800653832186	134
0.00863284516271001	0.79267969100207	2645
0.00734920342264012	0.799800653832186	351
0.00734920342264012	0.799800653832186	372
-0.0112382891393499	1.71924327267148	458
0.0108802161081898	0.795949787637318	9
0.00734920342264012	0.799800653832186	9
0.0060691888506601	0.793508670212093	73
0.00863284516271001	0.79267969100207	2276
0.0157345823100901	0.786881337530458	431
-0.00199532471825004	1.71132903499024	3527
0.0121730123549999	0.796052683519412	336
0.00734920342264012	0.799800653832186	66
0.00863284516271001	0.79267969100207	743
0.00734920342264012	0.799800653832186	66
0.0060691888506601	0.793508670212093	1001
0.0121730123549999	0.796052683519412	134
0.0060691888506601	0.793508670212093	134
0.00863284516271001	0.79267969100207	134
0.0060691888506601	0.793508670212093	351
0.00734920342264012	0.799800653832186	351
0.00734920342264012	0.799800653832186	351
0.0121730123549999	0.796052683519412	351
0.00734920342264012	0.799800653832186	351
0.0060691888506601	0.793508670212093	1513
0.0121730123549999	0.796052683519412	1513
0.0060691888506601	0.793508670212093	9
0.00734920342264012	0.799800653832186	2247
0.0060691888506601	0.793508670212093	2247
0.00734920342264012	0.799800653832186	73
0.0157345823100901	0.786881337530458	179
0.0060691888506601	0.793508670212093	336
0.0060691888506601	0.793508670212093	66
0.00863284516271001	0.79267969100207	1108
0.0121730123549999	0.796052683519412	63
0.00863284516271001	0.79267969100207	743
0.0060691888506601	0.793508670212093	2993
0.00734920342264012	0.799800653832186	134
0.00863284516271001	0.79267969100207	134
0.00734920342264012	0.799800653832186	134
0.00734920342264012	0.799800653832186	351
0.00863284516271001	0.79267969100207	351
0.00734920342264012	0.799800653832186	351
0.0108802161081898	0.795949787637318	351
0.0108802161081898	0.795949787637318	351
0.0060691888506601	0.793508670212093	351
0.00734920342264012	0.799800653832186	351
0.00734920342264012	0.799800653832186	351
0.00734920342264012	0.799800653832186	351
0.0157345823100901	0.786881337530458	253
0.0060691888506601	0.793508670212093	562
0.00734920342264012	0.799800653832186	458
0.0121730123549999	0.796052683519412	73
0.00734920342264012	0.799800653832186	1001
0.00734920342264012	0.799800653832186	134
0.0060691888506601	0.793508670212093	351
0.00734920342264012	0.799800653832186	351
0.0121730123549999	0.796052683519412	351
0.0121730123549999	0.796052683519412	351
0.0108802161081898	0.795949787637318	372
0.0108802161081898	0.795949787637318	562
0.00734920342264012	0.799800653832186	211
0.0121730123549999	0.796052683519412	708
0.0060691888506601	0.793508670212093	1260
0.0060691888506601	0.793508670212093	1260
0.00734920342264012	0.799800653832186	1782
0.00734920342264012	0.799800653832186	66
0.00734920342264012	0.799800653832186	66
0.0108802161081898	0.795949787637318	134
0.00863284516271001	0.79267969100207	1004
0.0060691888506601	0.793508670212093	134
0.00863284516271001	0.79267969100207	351
0.0108802161081898	0.795949787637318	351
0.00863284516271001	0.79267969100207	157
0.0060691888506601	0.793508670212093	24
-0.0150652075336302	1.70233441133424	372
0.0060691888506601	0.793508670212093	372
-0.00586123918728987	1.71636616011543	2
0.0060691888506601	0.793508670212093	458
0.0060691888506601	0.793508670212093	211
0.0121730123549999	0.796052683519412	9
0.00734920342264012	0.799800653832186	708
0.00734920342264012	0.799800653832186	27
0.0108802161081898	0.795949787637318	940
0.00734920342264012	0.799800653832186	66
0.0108802161081898	0.795949787637318	66
0.0108802161081898	0.795949787637318	839
0.0108802161081898	0.795949787637318	134
0.00734920342264012	0.799800653832186	351
0.0060691888506601	0.793508670212093	207
0.00734920342264012	0.799800653832186	351
0.0060691888506601	0.793508670212093	253
0.00734920342264012	0.799800653832186	431
0.00734920342264012	0.799800653832186	708
0.0121730123549999	0.796052683519412	3419
0.0108802161081898	0.795949787637318	1782
0.00734920342264012	0.799800653832186	2900
0.0060691888506601	0.793508670212093	839
0.00863284516271001	0.79267969100207	1004
0.00734920342264012	0.799800653832186	351
0.0108802161081898	0.795949787637318	351
0.00734920342264012	0.799800653832186	351
0.00863284516271001	0.79267969100207	351
0.00734920342264012	0.799800653832186	351
0.0060691888506601	0.793508670212093	253
0.0060691888506601	0.793508670212093	229
-0.01656706863373	1.70009377125699	372
0.00734920342264012	0.799800653832186	372
-0.0176103671738099	1.6962593152463	9
0.00734920342264012	0.799800653832186	9
-0.01633759951708	1.7007539088036	3419
0.0121730123549999	0.796052683519412	940
0.00734920342264012	0.799800653832186	940
0.00734920342264012	0.799800653832186	66
0.00863284516271001	0.79267969100207	2900
0.00863284516271001	0.79267969100207	134
0.00863284516271001	0.79267969100207	134
0.0121730123549999	0.796052683519412	134
0.00734920342264012	0.799800653832186	121
0.0121730123549999	0.796052683519412	351
0.00863284516271001	0.79267969100207	351
0.0108802161081898	0.795949787637318	1569
0.0060691888506601	0.793508670212093	351
0.00734920342264012	0.799800653832186	372
0.0060691888506601	0.793508670212093	9
0.00863284516271001	0.79267969100207	73
0.0060691888506601	0.793508670212093	708
0.00734920342264012	0.799800653832186	708
0.00734920342264012	0.799800653832186	3626
0.00734920342264012	0.799800653832186	3419
0.00734920342264012	0.799800653832186	940
0.0121730123549999	0.796052683519412	839
0.00734920342264012	0.799800653832186	134
0.00734920342264012	0.799800653832186	134
0.00734920342264012	0.799800653832186	351
0.0157345823100901	0.786881337530458	351
0.00734920342264012	0.799800653832186	9
0.0060691888506601	0.793508670212093	9
0.0060691888506601	0.793508670212093	1111
0.00863284516271001	0.79267969100207	2901
0.00734920342264012	0.799800653832186	66
0.0060691888506601	0.793508670212093	134
0.00734920342264012	0.799800653832186	134
0.0060691888506601	0.793508670212093	134
0.00863284516271001	0.79267969100207	83
0.0060691888506601	0.793508670212093	134
0.0060691888506601	0.793508670212093	351
0.00734920342264012	0.799800653832186	351
0.00734920342264012	0.799800653832186	351
0.0060691888506601	0.793508670212093	351
0.0060691888506601	0.793508670212093	351
0.0121730123549999	0.796052683519412	351
0.00734920342264012	0.799800653832186	157
0.00863284516271001	0.79267969100207	351
0.00734920342264012	0.799800653832186	157
0.00863284516271001	0.79267969100207	372
0.00863284516271001	0.79267969100207	1385
0.00734920342264012	0.799800653832186	27
0.00863284516271001	0.79267969100207	27
0.00734920342264012	0.799800653832186	2901
0.00734920342264012	0.799800653832186	940
0.00734920342264012	0.799800653832186	66
0.00734920342264012	0.799800653832186	134
0.0121730123549999	0.796052683519412	134
0.00734920342264012	0.799800653832186	237
0.00734920342264012	0.799800653832186	134
0.0121730123549999	0.796052683519412	351
0.00734920342264012	0.799800653832186	458
0.00734920342264012	0.799800653832186	1079
0.00734920342264012	0.799800653832186	73
0.00734920342264012	0.799800653832186	27
0.00863284516271001	0.79267969100207	839
0.0108802161081898	0.795949787637318	1992
0.0121730123549999	0.796052683519412	134
0.00734920342264012	0.799800653832186	2989
0.00734920342264012	0.799800653832186	2390
0.00863284516271001	0.79267969100207	2243
0.00734920342264012	0.799800653832186	3434
-0.00431713259999	1.71320896030049	1629
0.00863284516271001	0.79267969100207	372
0.00734920342264012	0.799800653832186	1
0.0060691888506601	0.793508670212093	73
0.00734920342264012	0.799800653832186	73
0.00863284516271001	0.79267969100207	241
0.00734920342264012	0.799800653832186	676
0.0108802161081898	0.795949787637318	2369
0.0108802161081898	0.795949787637318	839
0.00734920342264012	0.799800653832186	351
0.00734920342264012	0.799800653832186	3434
0.0060691888506601	0.793508670212093	229
0.00734920342264012	0.799800653832186	372
0.0060691888506601	0.793508670212093	1385
0.00734920342264012	0.799800653832186	458
0.00734920342264012	0.799800653832186	458
0.00734920342264012	0.799800653832186	451
-0.0127527662785401	1.70504373111934	451
0.00734920342264012	0.799800653832186	1079
0.0060691888506601	0.793508670212093	1079
0.00863284516271001	0.79267969100207	1111
0.0108802161081898	0.795949787637318	676
0.0060691888506601	0.793508670212093	66
0.0060691888506601	0.793508670212093	446
0.00734920342264012	0.799800653832186	66
0.00863284516271001	0.79267969100207	1942
0.00734920342264012	0.799800653832186	66
0.00734920342264012	0.799800653832186	3556
0.00863284516271001	0.79267969100207	839
0.00863284516271001	0.79267969100207	1974
0.00734920342264012	0.799800653832186	2989
0.0060691888506601	0.793508670212093	2390
0.00734920342264012	0.799800653832186	351
0.00734920342264012	0.799800653832186	351
0.0060691888506601	0.793508670212093	253
0.00863284516271001	0.79267969100207	253
-0.0163633774077101	1.70435907905984	466
0.00734920342264012	0.799800653832186	372
0.00863284516271001	0.79267969100207	112
0.00734920342264012	0.799800653832186	27
0.00734920342264012	0.799800653832186	1510
0.0060691888506601	0.793508670212093	1942
0.00734920342264012	0.799800653832186	1942
0.00734920342264012	0.799800653832186	839
0.00734920342264012	0.799800653832186	839
0.0121730123549999	0.796052683519412	1974
0.0060691888506601	0.793508670212093	237
0.0060691888506601	0.793508670212093	207
0.00863284516271001	0.79267969100207	351
0.00734920342264012	0.799800653832186	27
0.00734920342264012	0.799800653832186	134
0.0121730123549999	0.796052683519412	134
0.0108802161081898	0.795949787637318	207
0.0060691888506601	0.793508670212093	1283
0.00734920342264012	0.799800653832186	351
0.00863284516271001	0.79267969100207	351
0.0060691888506601	0.793508670212093	157
-0.0204755202455398	1.68797112003595	151
0.0060691888506601	0.793508670212093	3655
0.0108802161081898	0.795949787637318	211
0.00734920342264012	0.799800653832186	9
0.00863284516271001	0.79267969100207	1079
0.0108802161081898	0.795949787637318	134
0.00734920342264012	0.799800653832186	134
0.0108802161081898	0.795949787637318	207
0.0121730123549999	0.796052683519412	407
0.0121730123549999	0.796052683519412	623
0.0060691888506601	0.793508670212093	372
0.00734920342264012	0.799800653832186	372
0.0060691888506601	0.793508670212093	458
0.00734920342264012	0.799800653832186	458
0.00863284516271001	0.79267969100207	451
0.00734920342264012	0.799800653832186	451
0.0060691888506601	0.793508670212093	458
0.00734920342264012	0.799800653832186	451
0.0060691888506601	0.793508670212093	211
0.00863284516271001	0.79267969100207	211
0.00863284516271001	0.79267969100207	211
0.00734920342264012	0.799800653832186	2255
0.00734920342264012	0.799800653832186	2255
0.0060691888506601	0.793508670212093	2160
0.0060691888506601	0.793508670212093	2160
0.0060691888506601	0.793508670212093	73
0.0157345823100901	0.786881337530458	134
0.0060691888506601	0.793508670212093	134
0.0108802161081898	0.795949787637318	237
0.00734920342264012	0.799800653832186	2989
0.0108802161081898	0.795949787637318	151
0.0060691888506601	0.793508670212093	623
0.00734920342264012	0.799800653832186	118
0.00734920342264012	0.799800653832186	1187
0.0060691888506601	0.793508670212093	372
0.00734920342264012	0.799800653832186	372
0.0060691888506601	0.793508670212093	458
0.00734920342264012	0.799800653832186	3655
0.00863284516271001	0.79267969100207	3655
0.00734920342264012	0.799800653832186	211
0.00734920342264012	0.799800653832186	211
-0.00967414028604985	1.69892896328487	211
0.00734920342264012	0.799800653832186	374
0.0060691888506601	0.793508670212093	357
0.00734920342264012	0.799800653832186	357
0.00734920342264012	0.799800653832186	1886
0.00863284516271001	0.79267969100207	1886
0.00863284516271001	0.79267969100207	241
0.0060691888506601	0.793508670212093	241
0.0060691888506601	0.793508670212093	27
0.0060691888506601	0.793508670212093	66
0.00734920342264012	0.799800653832186	66
0.00734920342264012	0.799800653832186	3446
0.0060691888506601	0.793508670212093	2333
0.00734920342264012	0.799800653832186	134
0.00863284516271001	0.79267969100207	134
0.00734920342264012	0.799800653832186	237
0.00734920342264012	0.799800653832186	134
0.00734920342264012	0.799800653832186	2989
0.0060691888506601	0.793508670212093	451
0.00734920342264012	0.799800653832186	9
0.00734920342264012	0.799800653832186	241
0.00734920342264012	0.799800653832186	27
0.00734920342264012	0.799800653832186	66
0.00734920342264012	0.799800653832186	66
0.00734920342264012	0.799800653832186	134
0.0060691888506601	0.793508670212093	237
0.00734920342264012	0.799800653832186	545
0.0108802161081898	0.795949787637318	372
0.0121730123549999	0.796052683519412	562
0.00734920342264012	0.799800653832186	73
0.00734920342264012	0.799800653832186	73
0.0060691888506601	0.793508670212093	27
0.00734920342264012	0.799800653832186	27
0.0121730123549999	0.796052683519412	27
0.0060691888506601	0.793508670212093	66
0.0108802161081898	0.795949787637318	66
0.0060691888506601	0.793508670212093	134
0.00734920342264012	0.799800653832186	134
0.00734920342264012	0.799800653832186	237
0.0060691888506601	0.793508670212093	134
0.00734920342264012	0.799800653832186	15
0.00863284516271001	0.79267969100207	1283
0.00734920342264012	0.799800653832186	545
0.0121730123549999	0.796052683519412	22
0.0108802161081898	0.795949787637318	431
0.00734920342264012	0.799800653832186	66
0.0060691888506601	0.793508670212093	134
0.00734920342264012	0.799800653832186	121
0.00863284516271001	0.79267969100207	22
0.0060691888506601	0.793508670212093	351
0.0121730123549999	0.796052683519412	22
-0.01656706863373	1.70009377125699	562
-0.00996646108536003	1.72277331334905	451
0.00734920342264012	0.799800653832186	66
0.00734920342264012	0.799800653832186	134
0.00734920342264012	0.799800653832186	22
0.00863284516271001	0.79267969100207	22
0.0121730123549999	0.796052683519412	229
0.00734920342264012	0.799800653832186	229
0.0121730123549999	0.796052683519412	372
0.0060691888506601	0.793508670212093	1306
0.00734920342264012	0.799800653832186	27
0.00734920342264012	0.799800653832186	1389
0.00734920342264012	0.799800653832186	970
0.00863284516271001	0.79267969100207	27
0.00863284516271001	0.79267969100207	3496
0.0121730123549999	0.796052683519412	66
0.0060691888506601	0.793508670212093	134
0.0060691888506601	0.793508670212093	134
0.0121730123549999	0.796052683519412	237
0.0060691888506601	0.793508670212093	134
0.00734920342264012	0.799800653832186	207
0.0108802161081898	0.795949787637318	22
0.00734920342264012	0.799800653832186	22
0.00863284516271001	0.79267969100207	22
0.00734920342264012	0.799800653832186	112
0.0108802161081898	0.795949787637318	374
0.00863284516271001	0.79267969100207	1389
0.00863284516271001	0.79267969100207	27
0.00863284516271001	0.79267969100207	2377
0.00734920342264012	0.799800653832186	1827
0.00734920342264012	0.799800653832186	134
0.0060691888506601	0.793508670212093	134
0.0060691888506601	0.793508670212093	134
0.0108802161081898	0.795949787637318	134
0.00734920342264012	0.799800653832186	1283
0.00734920342264012	0.799800653832186	22
0.00734920342264012	0.799800653832186	22
0.0060691888506601	0.793508670212093	2440
0.00734920342264012	0.799800653832186	234
0.00734920342264012	0.799800653832186	27
0.00734920342264012	0.799800653832186	2377
0.0121730123549999	0.796052683519412	1283
0.00863284516271001	0.79267969100207	22
0.00734920342264012	0.799800653832186	22
0.0060691888506601	0.793508670212093	211
0.0108802161081898	0.795949787637318	66
0.00734920342264012	0.799800653832186	134
0.0060691888506601	0.793508670212093	134
0.00863284516271001	0.79267969100207	134
0.00734920342264012	0.799800653832186	134
0.00863284516271001	0.79267969100207	237
0.0060691888506601	0.793508670212093	15
0.0121730123549999	0.796052683519412	22
0.00863284516271001	0.79267969100207	22
0.00863284516271001	0.79267969100207	2148
-0.0122474452111501	1.69822452348585	451
-0.01529525628992	1.70460271311389	237
0.0121730123549999	0.796052683519412	237
0.0108802161081898	0.795949787637318	15
0.0121730123549999	0.796052683519412	1283
0.00863284516271001	0.79267969100207	1283
0.0060691888506601	0.793508670212093	1283
0.00734920342264012	0.799800653832186	22
0.00734920342264012	0.799800653832186	22
0.00734920342264012	0.799800653832186	22
0.00734920342264012	0.799800653832186	253
0.00734920342264012	0.799800653832186	431
0.00734920342264012	0.799800653832186	47
0.00734920342264012	0.799800653832186	134
0.0060691888506601	0.793508670212093	134
0.00734920342264012	0.799800653832186	1283
0.00734920342264012	0.799800653832186	1283
0.0060691888506601	0.793508670212093	1283
0.00734920342264012	0.799800653832186	22
0.00863284516271001	0.79267969100207	1081
0.00734920342264012	0.799800653832186	134
0.00863284516271001	0.79267969100207	2321
0.0108802161081898	0.795949787637318	15
0.0108802161081898	0.795949787637318	1283
0.00734920342264012	0.799800653832186	22
0.0121730123549999	0.796052683519412	22
0.0060691888506601	0.793508670212093	22
0.0121730123549999	0.796052683519412	3603
0.0060691888506601	0.793508670212093	2321
0.0060691888506601	0.793508670212093	376
0.0060691888506601	0.793508670212093	3012
0.00863284516271001	0.79267969100207	1283
0.00734920342264012	0.799800653832186	1283
0.0060691888506601	0.793508670212093	22
0.0108802161081898	0.795949787637318	802
0.00734920342264012	0.799800653832186	118
0.0121730123549999	0.796052683519412	225
0.0108802161081898	0.795949787637318	112
0.0121730123549999	0.796052683519412	9
0.0060691888506601	0.793508670212093	1305
0.0060691888506601	0.793508670212093	3603
0.00734920342264012	0.799800653832186	3603
0.00863284516271001	0.79267969100207	1081
0.00734920342264012	0.799800653832186	380
0.0060691888506601	0.793508670212093	380
0.00734920342264012	0.799800653832186	2321
0.00734920342264012	0.799800653832186	2321
0.00863284516271001	0.79267969100207	2321
0.0060691888506601	0.793508670212093	2321
0.00863284516271001	0.79267969100207	134
0.00734920342264012	0.799800653832186	15
0.0108802161081898	0.795949787637318	1556
0.00734920342264012	0.799800653832186	2709
0.0060691888506601	0.793508670212093	253
0.00734920342264012	0.799800653832186	749
0.0060691888506601	0.793508670212093	802
0.00734920342264012	0.799800653832186	118
0.00863284516271001	0.79267969100207	118
0.0108802161081898	0.795949787637318	118
0.00734920342264012	0.799800653832186	225
0.00734920342264012	0.799800653832186	225
0.0060691888506601	0.793508670212093	3032
0.0060691888506601	0.793508670212093	112
0.0108802161081898	0.795949787637318	372
0.0121730123549999	0.796052683519412	372
0.0108802161081898	0.795949787637318	372
0.00863284516271001	0.79267969100207	372
0.0060691888506601	0.793508670212093	19
0.0060691888506601	0.793508670212093	211
0.00863284516271001	0.79267969100207	451
0.0108802161081898	0.795949787637318	1663
0.00863284516271001	0.79267969100207	211
0.0157345823100901	0.786881337530458	630
0.0060691888506601	0.793508670212093	9
0.00734920342264012	0.799800653832186	9
0.00734920342264012	0.799800653832186	234
0.0060691888506601	0.793508670212093	27
0.00734920342264012	0.799800653832186	1081
0.00734920342264012	0.799800653832186	380
0.0060691888506601	0.793508670212093	2321
0.0108802161081898	0.795949787637318	134
0.00734920342264012	0.799800653832186	134
0.00734920342264012	0.799800653832186	15
0.00863284516271001	0.79267969100207	22
0.0060691888506601	0.793508670212093	253
0.0060691888506601	0.793508670212093	253
0.00863284516271001	0.79267969100207	49
0.00734920342264012	0.799800653832186	1611
0.0108802161081898	0.795949787637318	1611
0.00863284516271001	0.79267969100207	229
0.00863284516271001	0.79267969100207	534
0.0060691888506601	0.793508670212093	118
0.00734920342264012	0.799800653832186	225
0.00863284516271001	0.79267969100207	118
0.0108802161081898	0.795949787637318	225
0.0108802161081898	0.795949787637318	225
0.00863284516271001	0.79267969100207	112
0.0108802161081898	0.795949787637318	3245
0.0108802161081898	0.795949787637318	372
0.00734920342264012	0.799800653832186	211
0.00863284516271001	0.79267969100207	211
0.0157345823100901	0.786881337530458	211
0.00734920342264012	0.799800653832186	1663
0.0108802161081898	0.795949787637318	630
0.0060691888506601	0.793508670212093	374
0.0121730123549999	0.796052683519412	9
0.00863284516271001	0.79267969100207	47
0.0060691888506601	0.793508670212093	3603
0.0121730123549999	0.796052683519412	3603
0.00734920342264012	0.799800653832186	1081
0.00734920342264012	0.799800653832186	134
0.00863284516271001	0.79267969100207	380
0.00863284516271001	0.79267969100207	2321
0.00734920342264012	0.799800653832186	134
0.0060691888506601	0.793508670212093	15
0.00863284516271001	0.79267969100207	1283
0.00734920342264012	0.799800653832186	802
0.00734920342264012	0.799800653832186	225
0.00734920342264012	0.799800653832186	3603
0.00863284516271001	0.79267969100207	3650
0.00734920342264012	0.799800653832186	134
0.00734920342264012	0.799800653832186	15
0.00863284516271001	0.79267969100207	15
0.0060691888506601	0.793508670212093	22
0.0121730123549999	0.796052683519412	22
0.00734920342264012	0.799800653832186	229
0.0121730123549999	0.796052683519412	225
0.0060691888506601	0.793508670212093	3505
0.00734920342264012	0.799800653832186	3603
0.0060691888506601	0.793508670212093	134
0.0060691888506601	0.793508670212093	794
0.00734920342264012	0.799800653832186	15
0.0121730123549999	0.796052683519412	22
0.0060691888506601	0.793508670212093	22
0.0121730123549999	0.796052683519412	802
0.00863284516271001	0.79267969100207	19
0.00734920342264012	0.799800653832186	3521
0.00734920342264012	0.799800653832186	9
0.0121730123549999	0.796052683519412	3603
0.0121730123549999	0.796052683519412	3603
0.00734920342264012	0.799800653832186	3603
0.00734920342264012	0.799800653832186	134
0.0157345823100901	0.786881337530458	2321
0.00863284516271001	0.79267969100207	2321
0.00734920342264012	0.799800653832186	1283
0.00734920342264012	0.799800653832186	22
-0.0122474452111501	1.69822452348585	118
0.0108802161081898	0.795949787637318	27
0.00863284516271001	0.79267969100207	134
0.0108802161081898	0.795949787637318	1283
0.00734920342264012	0.799800653832186	211
0.00734920342264012	0.799800653832186	187
0.00734920342264012	0.799800653832186	787
0.00734920342264012	0.799800653832186	134
0.00734920342264012	0.799800653832186	15
0.0121730123549999	0.796052683519412	15
0.00734920342264012	0.799800653832186	1892
0.00863284516271001	0.79267969100207	372
0.0060691888506601	0.793508670212093	372
0.0108802161081898	0.795949787637318	211
0.0121730123549999	0.796052683519412	211
0.00734920342264012	0.799800653832186	211
0.0060691888506601	0.793508670212093	211
0.00734920342264012	0.799800653832186	3401
0.0060691888506601	0.793508670212093	3401
0.00734920342264012	0.799800653832186	3401
0.0060691888506601	0.793508670212093	234
0.00863284516271001	0.79267969100207	691
0.00863284516271001	0.79267969100207	691
0.0060691888506601	0.793508670212093	134
0.00863284516271001	0.79267969100207	15
0.00734920342264012	0.799800653832186	118
0.0060691888506601	0.793508670212093	225
0.00863284516271001	0.79267969100207	225
0.00734920342264012	0.799800653832186	56
0.00734920342264012	0.799800653832186	211
0.0157345823100901	0.786881337530458	211
0.0121730123549999	0.796052683519412	681
0.00734920342264012	0.799800653832186	3401
0.00863284516271001	0.79267969100207	862
0.00734920342264012	0.799800653832186	47
0.00863284516271001	0.79267969100207	47
0.0060691888506601	0.793508670212093	234
0.0060691888506601	0.793508670212093	691
0.0060691888506601	0.793508670212093	691
0.0108802161081898	0.795949787637318	691
0.00734920342264012	0.799800653832186	27
0.00863284516271001	0.79267969100207	134
0.00734920342264012	0.799800653832186	134
0.0108802161081898	0.795949787637318	134
0.0108802161081898	0.795949787637318	134
0.0108802161081898	0.795949787637318	1763
0.00863284516271001	0.79267969100207	956
0.0108802161081898	0.795949787637318	211
0.0060691888506601	0.793508670212093	348
0.00863284516271001	0.79267969100207	47
0.00734920342264012	0.799800653832186	134
0.00734920342264012	0.799800653832186	588
0.0060691888506601	0.793508670212093	15
-0.0176103671738099	1.6962593152463	372
0.0121730123549999	0.796052683519412	211
0.0060691888506601	0.793508670212093	239
0.00394074802846989	1.68351800384891	211
0.0121730123549999	0.796052683519412	211
0.00734920342264012	0.799800653832186	47
0.00863284516271001	0.79267969100207	27
0.0060691888506601	0.793508670212093	691
0.00734920342264012	0.799800653832186	691
0.0060691888506601	0.793508670212093	787
0.00734920342264012	0.799800653832186	787
0.0060691888506601	0.793508670212093	15
0.00863284516271001	0.79267969100207	1283
0.0121730123549999	0.796052683519412	502
0.00734920342264012	0.799800653832186	118
0.00863284516271001	0.79267969100207	372
0.00734920342264012	0.799800653832186	56
0.0108802161081898	0.795949787637318	56
0.0060691888506601	0.793508670212093	210
0.0108802161081898	0.795949787637318	862
0.00734920342264012	0.799800653832186	2086
0.0121730123549999	0.796052683519412	1801
0.00734920342264012	0.799800653832186	134
0.0060691888506601	0.793508670212093	588
0.00734920342264012	0.799800653832186	22
0.00863284516271001	0.79267969100207	49
0.0060691888506601	0.793508670212093	3271
0.00734920342264012	0.799800653832186	308
0.0108802161081898	0.795949787637318	796
0.0108802161081898	0.795949787637318	1
0.0121730123549999	0.796052683519412	956
0.0108802161081898	0.795949787637318	282
0.00734920342264012	0.799800653832186	211
0.00863284516271001	0.79267969100207	187
0.00734920342264012	0.799800653832186	3401
0.0121730123549999	0.796052683519412	3401
0.00734920342264012	0.799800653832186	2086
0.0060691888506601	0.793508670212093	691
0.00734920342264012	0.799800653832186	691
0.0121730123549999	0.796052683519412	134
0.00863284516271001	0.79267969100207	134
0.00734920342264012	0.799800653832186	134
0.0121730123549999	0.796052683519412	134
0.00734920342264012	0.799800653832186	116
0.0060691888506601	0.793508670212093	134
0.0108802161081898	0.795949787637318	697
0.00734920342264012	0.799800653832186	1283
0.00734920342264012	0.799800653832186	3271
0.00734920342264012	0.799800653832186	1982
0.0121730123549999	0.796052683519412	308
0.00734920342264012	0.799800653832186	308
0.00734920342264012	0.799800653832186	1564
0.0108802161081898	0.795949787637318	282
0.00863284516271001	0.79267969100207	282
0.00863284516271001	0.79267969100207	282
0.0060691888506601	0.793508670212093	3085
0.00863284516271001	0.79267969100207	3087
0.0108802161081898	0.795949787637318	3087
0.00734920342264012	0.799800653832186	360
0.00863284516271001	0.79267969100207	348
0.00734920342264012	0.799800653832186	348
0.0060691888506601	0.793508670212093	47
0.00863284516271001	0.79267969100207	691
0.00734920342264012	0.799800653832186	1801
0.00734920342264012	0.799800653832186	134
0.00863284516271001	0.79267969100207	289
0.00734920342264012	0.799800653832186	15
0.0121730123549999	0.796052683519412	1283
0.00863284516271001	0.79267969100207	697
0.0060691888506601	0.793508670212093	3271
0.0121730123549999	0.796052683519412	502
0.0108802161081898	0.795949787637318	1381
0.00734920342264012	0.799800653832186	308
0.00734920342264012	0.799800653832186	308
0.00863284516271001	0.79267969100207	308
0.0108802161081898	0.795949787637318	225
0.00863284516271001	0.79267969100207	225
0.00734920342264012	0.799800653832186	796
0.0121730123549999	0.796052683519412	112
0.00863284516271001	0.79267969100207	1536
0.00734920342264012	0.799800653832186	372
0.0060691888506601	0.793508670212093	372
0.0060691888506601	0.793508670212093	206
0.0060691888506601	0.793508670212093	1763
0.0108802161081898	0.795949787637318	1763
0.00734920342264012	0.799800653832186	282
0.00734920342264012	0.799800653832186	211
0.0060691888506601	0.793508670212093	210
0.0108802161081898	0.795949787637318	1168
0.00863284516271001	0.79267969100207	3205
0.00734920342264012	0.799800653832186	3205
0.0060691888506601	0.793508670212093	348
0.00734920342264012	0.799800653832186	348
0.0108802161081898	0.795949787637318	2640
0.00734920342264012	0.799800653832186	588
0.0060691888506601	0.793508670212093	588
0.0121730123549999	0.796052683519412	1283
0.0060691888506601	0.793508670212093	1283
0.00734920342264012	0.799800653832186	1982
0.00734920342264012	0.799800653832186	308
0.0060691888506601	0.793508670212093	796
0.0121730123549999	0.796052683519412	956
0.00734920342264012	0.799800653832186	19
0.00734920342264012	0.799800653832186	282
0.0060691888506601	0.793508670212093	3085
0.0060691888506601	0.793508670212093	3085
0.0060691888506601	0.793508670212093	210
0.0060691888506601	0.793508670212093	1168
0.00734920342264012	0.799800653832186	3205
0.0108802161081898	0.795949787637318	348
0.00734920342264012	0.799800653832186	47
0.00863284516271001	0.79267969100207	2086
0.00734920342264012	0.799800653832186	2086
0.0060691888506601	0.793508670212093	691
0.00734920342264012	0.799800653832186	691
0.0121730123549999	0.796052683519412	1801
0.0121730123549999	0.796052683519412	134
0.00734920342264012	0.799800653832186	134
0.00863284516271001	0.79267969100207	134
0.0108802161081898	0.795949787637318	289
0.0060691888506601	0.793508670212093	3659
0.0060691888506601	0.793508670212093	3271
0.0121730123549999	0.796052683519412	1982
0.00734920342264012	0.799800653832186	3488
0.0121730123549999	0.796052683519412	308
0.0060691888506601	0.793508670212093	1536
0.00734920342264012	0.799800653832186	3011
0.00863284516271001	0.79267969100207	956
0.0108802161081898	0.795949787637318	1564
0.00734920342264012	0.799800653832186	211
0.00734920342264012	0.799800653832186	927
0.0060691888506601	0.793508670212093	3205
0.00734920342264012	0.799800653832186	348
0.00863284516271001	0.79267969100207	1329
0.00734920342264012	0.799800653832186	691
0.0060691888506601	0.793508670212093	134
0.0060691888506601	0.793508670212093	134
0.0060691888506601	0.793508670212093	134
0.00863284516271001	0.79267969100207	1283
0.0121730123549999	0.796052683519412	1982
0.0060691888506601	0.793508670212093	308
0.0060691888506601	0.793508670212093	3069
0.0060691888506601	0.793508670212093	1763
0.00734920342264012	0.799800653832186	282
0.00734920342264012	0.799800653832186	211
0.0108802161081898	0.795949787637318	211
0.0108802161081898	0.795949787637318	211
0.00734920342264012	0.799800653832186	348
0.0108802161081898	0.795949787637318	348
0.0108802161081898	0.795949787637318	348
0.00734920342264012	0.799800653832186	47
0.0060691888506601	0.793508670212093	47
0.0121730123549999	0.796052683519412	1329
0.00734920342264012	0.799800653832186	691
0.00734920342264012	0.799800653832186	691
0.00734920342264012	0.799800653832186	691
0.0121730123549999	0.796052683519412	1801
0.0060691888506601	0.793508670212093	588
0.0157345823100901	0.786881337530458	588
0.0060691888506601	0.793508670212093	588
0.00734920342264012	0.799800653832186	2352
0.00734920342264012	0.799800653832186	2352
0.00863284516271001	0.79267969100207	1283
0.00863284516271001	0.79267969100207	118
0.0108802161081898	0.795949787637318	3420
0.0121730123549999	0.796052683519412	308
0.00863284516271001	0.79267969100207	225
0.00734920342264012	0.799800653832186	225
0.0121730123549999	0.796052683519412	796
0.00863284516271001	0.79267969100207	2179
0.0108802161081898	0.795949787637318	3069
0.00734920342264012	0.799800653832186	282
0.00734920342264012	0.799800653832186	1533
0.0060691888506601	0.793508670212093	211
0.00734920342264012	0.799800653832186	210
0.0157345823100901	0.786881337530458	1168
0.0060691888506601	0.793508670212093	348
0.00734920342264012	0.799800653832186	348
0.0060691888506601	0.793508670212093	348
0.00734920342264012	0.799800653832186	348
0.00734920342264012	0.799800653832186	348
0.0108802161081898	0.795949787637318	1801
0.0108802161081898	0.795949787637318	134
0.0108802161081898	0.795949787637318	289
0.0108802161081898	0.795949787637318	2352
0.00734920342264012	0.799800653832186	102
0.00863284516271001	0.79267969100207	502
0.00734920342264012	0.799800653832186	307
0.0060691888506601	0.793508670212093	308
-0.0176103671738099	1.6962593152463	1138
0.00863284516271001	0.79267969100207	19
0.0121730123549999	0.796052683519412	504
0.00734920342264012	0.799800653832186	348
0.0108802161081898	0.795949787637318	47
0.00734920342264012	0.799800653832186	1801
0.00734920342264012	0.799800653832186	3615
0.0060691888506601	0.793508670212093	588
0.00734920342264012	0.799800653832186	588
-0.0178392532975802	1.69185369155927	134
0.00734920342264012	0.799800653832186	15
0.0108802161081898	0.795949787637318	15
0.0108802161081898	0.795949787637318	1283
0.00734920342264012	0.799800653832186	502
0.00734920342264012	0.799800653832186	1926
0.00734920342264012	0.799800653832186	1926
0.00734920342264012	0.799800653832186	308
0.0060691888506601	0.793508670212093	308
0.00734920342264012	0.799800653832186	225
0.00734920342264012	0.799800653832186	796
0.0060691888506601	0.793508670212093	1144
0.00734920342264012	0.799800653832186	1144
0.00734920342264012	0.799800653832186	2130
0.0060691888506601	0.793508670212093	2179
0.0060691888506601	0.793508670212093	2179
0.0121730123549999	0.796052683519412	282
0.0060691888506601	0.793508670212093	282
0.00734920342264012	0.799800653832186	211
0.00734920342264012	0.799800653832186	1505
0.0060691888506601	0.793508670212093	211
0.00734920342264012	0.799800653832186	211
0.00863284516271001	0.79267969100207	3089
0.00734920342264012	0.799800653832186	3377
0.00734920342264012	0.799800653832186	348
0.0060691888506601	0.793508670212093	1801
0.0108802161081898	0.795949787637318	1801
0.0060691888506601	0.793508670212093	1801
0.00734920342264012	0.799800653832186	3615
0.00863284516271001	0.79267969100207	134
0.00734920342264012	0.799800653832186	118
0.0060691888506601	0.793508670212093	308
0.00863284516271001	0.79267969100207	1465
0.00863284516271001	0.79267969100207	1144
0.00734920342264012	0.799800653832186	2130
0.0060691888506601	0.793508670212093	1138
0.00734920342264012	0.799800653832186	1763
0.0121730123549999	0.796052683519412	1763
0.0108802161081898	0.795949787637318	956
0.00734920342264012	0.799800653832186	947
0.0060691888506601	0.793508670212093	282
0.00734920342264012	0.799800653832186	1505
0.00734920342264012	0.799800653832186	211
0.0121730123549999	0.796052683519412	2908
0.00863284516271001	0.79267969100207	3089
0.00734920342264012	0.799800653832186	210
0.00863284516271001	0.79267969100207	348
0.0060691888506601	0.793508670212093	1024
0.0060691888506601	0.793508670212093	1329
0.00863284516271001	0.79267969100207	691
0.0060691888506601	0.793508670212093	134
0.00863284516271001	0.79267969100207	134
0.0060691888506601	0.793508670212093	2749
0.00734920342264012	0.799800653832186	15
0.00863284516271001	0.79267969100207	3243
0.00734920342264012	0.799800653832186	390
0.00863284516271001	0.79267969100207	1283
0.00734920342264012	0.799800653832186	1200
0.0121730123549999	0.796052683519412	102
0.00734920342264012	0.799800653832186	307
0.0060691888506601	0.793508670212093	2108
0.00734920342264012	0.799800653832186	1763
0.0121730123549999	0.796052683519412	280
0.00734920342264012	0.799800653832186	282
0.0121730123549999	0.796052683519412	211
0.0108802161081898	0.795949787637318	3377
0.0121730123549999	0.796052683519412	2715
0.00863284516271001	0.79267969100207	1653
0.0108802161081898	0.795949787637318	1329
0.0121730123549999	0.796052683519412	691
0.0060691888506601	0.793508670212093	1801
0.0060691888506601	0.793508670212093	134
0.0121730123549999	0.796052683519412	588
0.0108802161081898	0.795949787637318	588
0.0060691888506601	0.793508670212093	1283
0.00734920342264012	0.799800653832186	2108
0.00734920342264012	0.799800653832186	2108
0.00734920342264012	0.799800653832186	225
0.00734920342264012	0.799800653832186	1465
0.00734920342264012	0.799800653832186	1763
0.0060691888506601	0.793508670212093	956
0.00734920342264012	0.799800653832186	1533
0.0121730123549999	0.796052683519412	1533
0.0060691888506601	0.793508670212093	765
0.0060691888506601	0.793508670212093	1817
0.00863284516271001	0.79267969100207	691
0.00734920342264012	0.799800653832186	134
0.00734920342264012	0.799800653832186	588
0.0157345823100901	0.786881337530458	588
0.0108802161081898	0.795949787637318	1283
0.00734920342264012	0.799800653832186	1283
0.0060691888506601	0.793508670212093	502
0.00734920342264012	0.799800653832186	372
0.00734920342264012	0.799800653832186	1763
0.00734920342264012	0.799800653832186	211
0.0060691888506601	0.793508670212093	210
0.0060691888506601	0.793508670212093	691
0.00734920342264012	0.799800653832186	691
0.00734920342264012	0.799800653832186	134
0.00863284516271001	0.79267969100207	900
0.0108802161081898	0.795949787637318	134
0.00734920342264012	0.799800653832186	588
0.00863284516271001	0.79267969100207	1478
0.00734920342264012	0.799800653832186	1283
0.00863284516271001	0.79267969100207	881
0.0060691888506601	0.793508670212093	372
-0.0122774104273899	1.71534807665957	56
0.00863284516271001	0.79267969100207	211
0.0060691888506601	0.793508670212093	1505
0.00734920342264012	0.799800653832186	1505
-0.00869223623192994	1.72302589955692	47
0.00734920342264012	0.799800653832186	691
0.0060691888506601	0.793508670212093	134
0.0060691888506601	0.793508670212093	134
0.00863284516271001	0.79267969100207	134
0.00734920342264012	0.799800653832186	15
0.00734920342264012	0.799800653832186	1283
0.0060691888506601	0.793508670212093	1283
0.0108802161081898	0.795949787637318	1283
0.00863284516271001	0.79267969100207	1283
0.00734920342264012	0.799800653832186	881
0.00734920342264012	0.799800653832186	502
0.00734920342264012	0.799800653832186	308
0.00734920342264012	0.799800653832186	1163
0.0060691888506601	0.793508670212093	56
0.00734920342264012	0.799800653832186	3298
0.00734920342264012	0.799800653832186	282
0.00734920342264012	0.799800653832186	1505
0.0121730123549999	0.796052683519412	968
0.0060691888506601	0.793508670212093	210
0.0108802161081898	0.795949787637318	197
0.00734920342264012	0.799800653832186	900
0.0108802161081898	0.795949787637318	1283
0.00734920342264012	0.799800653832186	1283
0.00734920342264012	0.799800653832186	1283
0.00734920342264012	0.799800653832186	1283
0.00863284516271001	0.79267969100207	22
0.00734920342264012	0.799800653832186	22
0.00734920342264012	0.799800653832186	881
0.0108802161081898	0.795949787637318	118
0.00863284516271001	0.79267969100207	2785
0.00734920342264012	0.799800653832186	1465
0.0060691888506601	0.793508670212093	1163
0.0108802161081898	0.795949787637318	56
0.0157345823100901	0.786881337530458	990
0.0121730123549999	0.796052683519412	968
0.0060691888506601	0.793508670212093	968
0.0060691888506601	0.793508670212093	348
0.0060691888506601	0.793508670212093	197
0.00734920342264012	0.799800653832186	1653
0.00734920342264012	0.799800653832186	900
0.00863284516271001	0.79267969100207	900
0.00863284516271001	0.79267969100207	900
0.0157345823100901	0.786881337530458	900
0.0060691888506601	0.793508670212093	900
0.00734920342264012	0.799800653832186	134
0.00863284516271001	0.79267969100207	588
-0.00019003085902991	1.70141042869243	118
0.00734920342264012	0.799800653832186	102
0.00863284516271001	0.79267969100207	881
0.0108802161081898	0.795949787637318	2823
0.00734920342264012	0.799800653832186	308
0.00734920342264012	0.799800653832186	225
0.0060691888506601	0.793508670212093	1163
0.00863284516271001	0.79267969100207	605
0.0060691888506601	0.793508670212093	3272
0.0060691888506601	0.793508670212093	211
0.00734920342264012	0.799800653832186	211
0.0060691888506601	0.793508670212093	1152
0.0060691888506601	0.793508670212093	2498
0.00863284516271001	0.79267969100207	197
0.0108802161081898	0.795949787637318	2702
0.0060691888506601	0.793508670212093	1653
0.0108802161081898	0.795949787637318	291
0.0108802161081898	0.795949787637318	691
0.00863284516271001	0.79267969100207	900
0.0060691888506601	0.793508670212093	900
0.0121730123549999	0.796052683519412	900
0.0108802161081898	0.795949787637318	3058
0.00734920342264012	0.799800653832186	588
0.0060691888506601	0.793508670212093	2001
0.00734920342264012	0.799800653832186	22
0.0060691888506601	0.793508670212093	881
0.00734920342264012	0.799800653832186	118
0.0108802161081898	0.795949787637318	148
0.00863284516271001	0.79267969100207	308
0.0060691888506601	0.793508670212093	549
0.00734920342264012	0.799800653832186	372
0.00863284516271001	0.79267969100207	282
0.0108802161081898	0.795949787637318	504
0.00734920342264012	0.799800653832186	1533
0.0060691888506601	0.793508670212093	211
0.00734920342264012	0.799800653832186	211
0.00863284516271001	0.79267969100207	624
0.00734920342264012	0.799800653832186	210
0.0060691888506601	0.793508670212093	210
0.00734920342264012	0.799800653832186	2702
0.0060691888506601	0.793508670212093	291
0.00734920342264012	0.799800653832186	900
0.0108802161081898	0.795949787637318	134
0.00863284516271001	0.79267969100207	134
0.0108802161081898	0.795949787637318	2168
0.0108802161081898	0.795949787637318	337
-0.0137911414566001	1.701732332329	15
0.00734920342264012	0.799800653832186	1283
0.0060691888506601	0.793508670212093	118
0.00734920342264012	0.799800653832186	118
0.00734920342264012	0.799800653832186	225
0.00863284516271001	0.79267969100207	549
0.0060691888506601	0.793508670212093	605
0.00734920342264012	0.799800653832186	990
0.0060691888506601	0.793508670212093	3272
0.00734920342264012	0.799800653832186	282
0.00863284516271001	0.79267969100207	799
0.0060691888506601	0.793508670212093	211
0.0060691888506601	0.793508670212093	1152
0.00734920342264012	0.799800653832186	624
0.0060691888506601	0.793508670212093	968
0.00863284516271001	0.79267969100207	210
0.00734920342264012	0.799800653832186	210
0.00734920342264012	0.799800653832186	197
0.00734920342264012	0.799800653832186	1172
0.00863284516271001	0.79267969100207	291
0.0121730123549999	0.796052683519412	900
0.00734920342264012	0.799800653832186	2168
0.00734920342264012	0.799800653832186	337
0.00734920342264012	0.799800653832186	1283
0.00734920342264012	0.799800653832186	118
0.0060691888506601	0.793508670212093	308
0.0108802161081898	0.795949787637318	308
0.00734920342264012	0.799800653832186	2067
0.00734920342264012	0.799800653832186	2067
0.0121730123549999	0.796052683519412	3054
0.00734920342264012	0.799800653832186	372
0.0060691888506601	0.793508670212093	1532
0.0060691888506601	0.793508670212093	210
0.00734920342264012	0.799800653832186	624
0.00734920342264012	0.799800653832186	2089
0.00734920342264012	0.799800653832186	47
0.00734920342264012	0.799800653832186	900
0.0060691888506601	0.793508670212093	900
0.00734920342264012	0.799800653832186	134
0.00863284516271001	0.79267969100207	134
0.00734920342264012	0.799800653832186	2233
0.0108802161081898	0.795949787637318	134
0.0060691888506601	0.793508670212093	2168
0.00734920342264012	0.799800653832186	15
0.0121730123549999	0.796052683519412	219
0.00734920342264012	0.799800653832186	1636
0.00734920342264012	0.799800653832186	118
0.00734920342264012	0.799800653832186	308
0.00734920342264012	0.799800653832186	2067
0.00734920342264012	0.799800653832186	814
0.00734920342264012	0.799800653832186	549
0.00734920342264012	0.799800653832186	549
0.0060691888506601	0.793508670212093	2205
0.00734920342264012	0.799800653832186	605
0.0060691888506601	0.793508670212093	605
0.00734920342264012	0.799800653832186	990
0.00863284516271001	0.79267969100207	210
0.0060691888506601	0.793508670212093	87
0.00734920342264012	0.799800653832186	197
0.00734920342264012	0.799800653832186	47
0.00863284516271001	0.79267969100207	2660
0.0060691888506601	0.793508670212093	1653
0.00734920342264012	0.799800653832186	900
0.00734920342264012	0.799800653832186	134
0.00734920342264012	0.799800653832186	2001
0.0157345823100901	0.786881337530458	2168
0.00863284516271001	0.79267969100207	22
0.00863284516271001	0.79267969100207	148
0.0121730123549999	0.796052683519412	148
0.00734920342264012	0.799800653832186	814
0.00734920342264012	0.799800653832186	549
0.0060691888506601	0.793508670212093	549
-0.0112382891393499	1.71924327267148	1532
0.00734920342264012	0.799800653832186	612
0.0060691888506601	0.793508670212093	2660
0.00863284516271001	0.79267969100207	1653
0.00863284516271001	0.79267969100207	47
0.00734920342264012	0.799800653832186	900
0.0060691888506601	0.793508670212093	2001
0.0060691888506601	0.793508670212093	518
0.00734920342264012	0.799800653832186	549
0.00734920342264012	0.799800653832186	605
0.00734920342264012	0.799800653832186	605
0.00734920342264012	0.799800653832186	990
0.0121730123549999	0.796052683519412	1532
0.00734920342264012	0.799800653832186	1532
0.00863284516271001	0.79267969100207	211
0.00734920342264012	0.799800653832186	211
0.00734920342264012	0.799800653832186	211
0.00734920342264012	0.799800653832186	211
0.00734920342264012	0.799800653832186	2089
0.00734920342264012	0.799800653832186	1141
0.0108802161081898	0.795949787637318	612
0.00734920342264012	0.799800653832186	134
0.0060691888506601	0.793508670212093	134
-0.00818584741928996	1.70604941196116	134
0.0060691888506601	0.793508670212093	518
0.00734920342264012	0.799800653832186	518
0.00863284516271001	0.79267969100207	219
0.00863284516271001	0.79267969100207	95
0.0060691888506601	0.793508670212093	148
0.0108802161081898	0.795949787637318	118
0.00863284516271001	0.79267969100207	1157
0.0060691888506601	0.793508670212093	1157
0.0121730123549999	0.796052683519412	1157
0.00734920342264012	0.799800653832186	225
0.0108802161081898	0.795949787637318	1532
0.0108802161081898	0.795949787637318	1532
0.0108802161081898	0.795949787637318	624
0.00863284516271001	0.79267969100207	624
0.0060691888506601	0.793508670212093	1141
0.00863284516271001	0.79267969100207	612
0.00734920342264012	0.799800653832186	1653
0.0060691888506601	0.793508670212093	291
0.0060691888506601	0.793508670212093	47
0.0060691888506601	0.793508670212093	134
0.00734920342264012	0.799800653832186	134
0.00734920342264012	0.799800653832186	134
0.0060691888506601	0.793508670212093	518
0.0108802161081898	0.795949787637318	15
0.00734920342264012	0.799800653832186	1283
0.00734920342264012	0.799800653832186	118
0.0060691888506601	0.793508670212093	3291
0.0108802161081898	0.795949787637318	148
0.0060691888506601	0.793508670212093	1157
0.00734920342264012	0.799800653832186	1157
0.0108802161081898	0.795949787637318	225
0.0121730123549999	0.796052683519412	112
0.00734920342264012	0.799800653832186	593
0.00734920342264012	0.799800653832186	56
0.0060691888506601	0.793508670212093	56
0.0121730123549999	0.796052683519412	990
0.00863284516271001	0.79267969100207	1624
0.0121730123549999	0.796052683519412	624
0.0157345823100901	0.786881337530458	210
0.00734920342264012	0.799800653832186	87
0.00863284516271001	0.79267969100207	87
0.00734920342264012	0.799800653832186	87
0.0121730123549999	0.796052683519412	87
0.00734920342264012	0.799800653832186	87
0.00734920342264012	0.799800653832186	612
0.0108802161081898	0.795949787637318	1653
0.0108802161081898	0.795949787637318	1653
0.00734920342264012	0.799800653832186	134
0.00734920342264012	0.799800653832186	116
0.0121730123549999	0.796052683519412	15
0.0060691888506601	0.793508670212093	22
0.0060691888506601	0.793508670212093	3255
0.0060691888506601	0.793508670212093	118
0.0108802161081898	0.795949787637318	225
0.0108802161081898	0.795949787637318	225
0.0060691888506601	0.793508670212093	1242
0.00863284516271001	0.79267969100207	56
0.00734920342264012	0.799800653832186	473
0.0121730123549999	0.796052683519412	706
0.0108802161081898	0.795949787637318	1532
0.0108802161081898	0.795949787637318	1532
-0.0150652075336302	1.70233441133424	211
0.00734920342264012	0.799800653832186	210
0.0060691888506601	0.793508670212093	1624
0.0157345823100901	0.786881337530458	2891
0.00734920342264012	0.799800653832186	210
0.0108802161081898	0.795949787637318	840
0.0060691888506601	0.793508670212093	87
0.0121730123549999	0.796052683519412	47
0.00734920342264012	0.799800653832186	47
0.00863284516271001	0.79267969100207	2233
0.00863284516271001	0.79267969100207	53
0.00863284516271001	0.79267969100207	1283
0.00863284516271001	0.79267969100207	1283
0.00734920342264012	0.799800653832186	148
0.0060691888506601	0.793508670212093	372
0.0108802161081898	0.795949787637318	3068
0.00734920342264012	0.799800653832186	56
0.0060691888506601	0.793508670212093	56
0.00734920342264012	0.799800653832186	56
0.0060691888506601	0.793508670212093	278
0.0060691888506601	0.793508670212093	473
0.00734920342264012	0.799800653832186	1532
0.00863284516271001	0.79267969100207	624
0.00734920342264012	0.799800653832186	840
0.00863284516271001	0.79267969100207	612
0.0108802161081898	0.795949787637318	291
0.0060691888506601	0.793508670212093	47
0.00734920342264012	0.799800653832186	47
0.00734920342264012	0.799800653832186	134
0.0060691888506601	0.793508670212093	2233
0.00734920342264012	0.799800653832186	2233
0.00734920342264012	0.799800653832186	518
0.00863284516271001	0.79267969100207	22
0.00863284516271001	0.79267969100207	1598
0.0060691888506601	0.793508670212093	95
0.0121730123549999	0.796052683519412	148
0.0108802161081898	0.795949787637318	148
0.00734920342264012	0.799800653832186	1157
0.0108802161081898	0.795949787637318	1157
0.00734920342264012	0.799800653832186	1157
0.00734920342264012	0.799800653832186	112
0.0060691888506601	0.793508670212093	372
0.00734920342264012	0.799800653832186	3068
0.0121730123549999	0.796052683519412	706
0.0060691888506601	0.793508670212093	706
0.00734920342264012	0.799800653832186	211
0.00734920342264012	0.799800653832186	194
0.00734920342264012	0.799800653832186	2891
0.0060691888506601	0.793508670212093	210
0.0121730123549999	0.796052683519412	612
0.00734920342264012	0.799800653832186	291
0.00863284516271001	0.79267969100207	47
0.00734920342264012	0.799800653832186	3134
0.00863284516271001	0.79267969100207	2233
0.00734920342264012	0.799800653832186	53
0.0060691888506601	0.793508670212093	492
0.00734920342264012	0.799800653832186	95
0.00734920342264012	0.799800653832186	95
0.00734920342264012	0.799800653832186	148
0.00734920342264012	0.799800653832186	118
0.0108802161081898	0.795949787637318	1157
0.00734920342264012	0.799800653832186	1157
0.00734920342264012	0.799800653832186	211
0.00734920342264012	0.799800653832186	689
0.0108802161081898	0.795949787637318	134
0.0060691888506601	0.793508670212093	598
0.0060691888506601	0.793508670212093	2233
0.00734920342264012	0.799800653832186	2233
0.0060691888506601	0.793508670212093	116
0.00734920342264012	0.799800653832186	185
0.0121730123549999	0.796052683519412	1283
0.0060691888506601	0.793508670212093	1157
0.00734920342264012	0.799800653832186	3068
0.0157345823100901	0.786881337530458	56
0.0060691888506601	0.793508670212093	990
0.00863284516271001	0.79267969100207	473
0.0121730123549999	0.796052683519412	19
0.00734920342264012	0.799800653832186	134
0.0108802161081898	0.795949787637318	53
0.00734920342264012	0.799800653832186	53
0.0108802161081898	0.795949787637318	185
0.0121730123549999	0.796052683519412	185
0.00863284516271001	0.79267969100207	1283
0.0060691888506601	0.793508670212093	1598
0.00734920342264012	0.799800653832186	22
0.0108802161081898	0.795949787637318	22
0.0060691888506601	0.793508670212093	47
0.00863284516271001	0.79267969100207	47
0.0121730123549999	0.796052683519412	22
0.00863284516271001	0.79267969100207	22
0.00863284516271001	0.79267969100207	243
0.0060691888506601	0.793508670212093	1044
0.00734920342264012	0.799800653832186	112
0.00863284516271001	0.79267969100207	971
0.00734920342264012	0.799800653832186	270
0.00863284516271001	0.79267969100207	47
0.00734920342264012	0.799800653832186	53
0.00863284516271001	0.79267969100207	53
0.00863284516271001	0.79267969100207	101
0.00734920342264012	0.799800653832186	1689
0.00734920342264012	0.799800653832186	22
-0.0110046220509101	1.71886834158457	225
0.00734920342264012	0.799800653832186	1044
0.00734920342264012	0.799800653832186	2686
0.00734920342264012	0.799800653832186	191
0.00734920342264012	0.799800653832186	191
0.0121730123549999	0.796052683519412	47
0.00863284516271001	0.79267969100207	47
0.0108802161081898	0.795949787637318	53
0.00734920342264012	0.799800653832186	53
0.00863284516271001	0.79267969100207	53
0.00734920342264012	0.799800653832186	53
0.0121730123549999	0.796052683519412	54
0.00863284516271001	0.79267969100207	22
0.00734920342264012	0.799800653832186	22
0.0108802161081898	0.795949787637318	59
0.0060691888506601	0.793508670212093	2473
0.0121730123549999	0.796052683519412	2473
0.0060691888506601	0.793508670212093	1347
0.0060691888506601	0.793508670212093	252
0.00863284516271001	0.79267969100207	1044
0.0157345823100901	0.786881337530458	1044
0.00734920342264012	0.799800653832186	1044
0.0060691888506601	0.793508670212093	2698
0.00734920342264012	0.799800653832186	3270
0.0121730123549999	0.796052683519412	211
0.00863284516271001	0.79267969100207	211
0.00863284516271001	0.79267969100207	971
0.00863284516271001	0.79267969100207	2505
0.00863284516271001	0.79267969100207	1930
0.0121730123549999	0.796052683519412	519
0.0060691888506601	0.793508670212093	210
0.00863284516271001	0.79267969100207	47
0.00734920342264012	0.799800653832186	298
0.0108802161081898	0.795949787637318	47
0.00734920342264012	0.799800653832186	47
0.00734920342264012	0.799800653832186	134
0.0121730123549999	0.796052683519412	185
0.00734920342264012	0.799800653832186	22
0.0060691888506601	0.793508670212093	252
0.00734920342264012	0.799800653832186	589
0.00734920342264012	0.799800653832186	3270
0.00863284516271001	0.79267969100207	191
0.0060691888506601	0.793508670212093	191
0.00734920342264012	0.799800653832186	33
0.0060691888506601	0.793508670212093	693
0.00863284516271001	0.79267969100207	47
0.00734920342264012	0.799800653832186	53
0.0060691888506601	0.793508670212093	53
0.00734920342264012	0.799800653832186	101
0.00734920342264012	0.799800653832186	101
0.00734920342264012	0.799800653832186	101
0.0060691888506601	0.793508670212093	54
0.00734920342264012	0.799800653832186	22
0.0121730123549999	0.796052683519412	59
0.00734920342264012	0.799800653832186	225
0.0060691888506601	0.793508670212093	252
0.0060691888506601	0.793508670212093	1044
0.00863284516271001	0.79267969100207	1044
0.0121730123549999	0.796052683519412	1044
0.0121730123549999	0.796052683519412	278
0.0060691888506601	0.793508670212093	3270
0.00863284516271001	0.79267969100207	211
0.00734920342264012	0.799800653832186	211
0.00734920342264012	0.799800653832186	270
0.0108802161081898	0.795949787637318	210
0.0121730123549999	0.796052683519412	704
0.00734920342264012	0.799800653832186	47
0.0060691888506601	0.793508670212093	972
0.00734920342264012	0.799800653832186	693
0.0108802161081898	0.795949787637318	693
0.00734920342264012	0.799800653832186	53
0.00734920342264012	0.799800653832186	101
0.00863284516271001	0.79267969100207	185
0.00863284516271001	0.79267969100207	185
0.0121730123549999	0.796052683519412	22
-0.01656706863373	1.70009377125699	118
0.00734920342264012	0.799800653832186	191
0.00734920342264012	0.799800653832186	210
0.00734920342264012	0.799800653832186	444
0.00734920342264012	0.799800653832186	704
0.0121730123549999	0.796052683519412	972
0.00734920342264012	0.799800653832186	53
0.0060691888506601	0.793508670212093	185
0.0060691888506601	0.793508670212093	22
0.00734920342264012	0.799800653832186	1010
0.0121730123549999	0.796052683519412	59
0.00863284516271001	0.79267969100207	118
0.00863284516271001	0.79267969100207	243
0.0108802161081898	0.795949787637318	118
0.0108802161081898	0.795949787637318	225
0.0060691888506601	0.793508670212093	225
0.0060691888506601	0.793508670212093	1844
0.0060691888506601	0.793508670212093	278
0.0121730123549999	0.796052683519412	211
0.00863284516271001	0.79267969100207	211
0.0108802161081898	0.795949787637318	211
0.0060691888506601	0.793508670212093	211
0.0060691888506601	0.793508670212093	404
0.0121730123549999	0.796052683519412	191
0.0157345823100901	0.786881337530458	47
0.0108802161081898	0.795949787637318	972
0.0060691888506601	0.793508670212093	53
0.00863284516271001	0.79267969100207	3507
0.0108802161081898	0.795949787637318	321
0.0060691888506601	0.793508670212093	59
0.0060691888506601	0.793508670212093	1183
0.00734920342264012	0.799800653832186	589
0.0060691888506601	0.793508670212093	211
0.00734920342264012	0.799800653832186	1745
0.0157345823100901	0.786881337530458	2142
0.00734920342264012	0.799800653832186	191
0.0121730123549999	0.796052683519412	191
0.0108802161081898	0.795949787637318	191
0.0121730123549999	0.796052683519412	12
0.0108802161081898	0.795949787637318	47
0.00734920342264012	0.799800653832186	972
0.00734920342264012	0.799800653832186	47
0.0060691888506601	0.793508670212093	47
0.00734920342264012	0.799800653832186	2020
0.0060691888506601	0.793508670212093	276
0.00734920342264012	0.799800653832186	1010
0.00863284516271001	0.79267969100207	59
0.00734920342264012	0.799800653832186	243
0.00734920342264012	0.799800653832186	472
0.00734920342264012	0.799800653832186	589
0.00734920342264012	0.799800653832186	1745
0.0060691888506601	0.793508670212093	2142
0.00734920342264012	0.799800653832186	191
0.00734920342264012	0.799800653832186	33
0.00734920342264012	0.799800653832186	33
0.0108802161081898	0.795949787637318	982
0.0108802161081898	0.795949787637318	47
0.00734920342264012	0.799800653832186	2183
-0.0150772563865802	1.70463930478689	47
0.00863284516271001	0.79267969100207	47
0.0060691888506601	0.793508670212093	101
0.0121730123549999	0.796052683519412	1010
0.0060691888506601	0.793508670212093	59
0.00734920342264012	0.799800653832186	243
0.00734920342264012	0.799800653832186	243
0.00734920342264012	0.799800653832186	243
0.0121730123549999	0.796052683519412	243
0.0108802161081898	0.795949787637318	225
0.0108802161081898	0.795949787637318	589
0.00734920342264012	0.799800653832186	512
0.00734920342264012	0.799800653832186	1745
0.0108802161081898	0.795949787637318	982
0.0121730123549999	0.796052683519412	982
0.00734920342264012	0.799800653832186	3409
0.00863284516271001	0.79267969100207	298
0.00734920342264012	0.799800653832186	972
0.0108802161081898	0.795949787637318	1350
0.00734920342264012	0.799800653832186	716
0.00734920342264012	0.799800653832186	716
0.00734920342264012	0.799800653832186	47
0.0060691888506601	0.793508670212093	101
0.00734920342264012	0.799800653832186	101
0.00734920342264012	0.799800653832186	22
-0.00996646108536003	1.72277331334905	276
0.0108802161081898	0.795949787637318	1010
0.0121730123549999	0.796052683519412	313
0.0108802161081898	0.795949787637318	313
0.0157345823100901	0.786881337530458	243
0.0108802161081898	0.795949787637318	243
0.0060691888506601	0.793508670212093	243
0.00734920342264012	0.799800653832186	252
0.0121730123549999	0.796052683519412	1844
0.00734920342264012	0.799800653832186	2837
0.0060691888506601	0.793508670212093	2837
0.00734920342264012	0.799800653832186	2837
0.00734920342264012	0.799800653832186	2837
0.0121730123549999	0.796052683519412	211
0.00734920342264012	0.799800653832186	1379
0.00734920342264012	0.799800653832186	1745
0.0060691888506601	0.793508670212093	3292
0.0121730123549999	0.796052683519412	33
0.00734920342264012	0.799800653832186	982
0.0108802161081898	0.795949787637318	982
0.00734920342264012	0.799800653832186	3409
0.0121730123549999	0.796052683519412	444
0.0108802161081898	0.795949787637318	2183
0.0060691888506601	0.793508670212093	1350
0.0060691888506601	0.793508670212093	716
0.0060691888506601	0.793508670212093	101
0.00863284516271001	0.79267969100207	22
0.0060691888506601	0.793508670212093	22
0.00863284516271001	0.79267969100207	22
0.0060691888506601	0.793508670212093	22
0.0060691888506601	0.793508670212093	276
0.0060691888506601	0.793508670212093	313
0.0060691888506601	0.793508670212093	243
0.00734920342264012	0.799800653832186	243
0.0060691888506601	0.793508670212093	225
0.0121730123549999	0.796052683519412	589
0.00734920342264012	0.799800653832186	589
0.0108802161081898	0.795949787637318	1379
0.00734920342264012	0.799800653832186	1379
0.0060691888506601	0.793508670212093	191
0.00734920342264012	0.799800653832186	191
0.00734920342264012	0.799800653832186	33
0.00863284516271001	0.79267969100207	982
0.00734920342264012	0.799800653832186	982
0.0121730123549999	0.796052683519412	3390
0.0121730123549999	0.796052683519412	208
0.00734920342264012	0.799800653832186	113
0.00734920342264012	0.799800653832186	22
0.00734920342264012	0.799800653832186	22
0.0121730123549999	0.796052683519412	22
0.0108802161081898	0.795949787637318	276
0.00734920342264012	0.799800653832186	144
0.00734920342264012	0.799800653832186	2765
0.0060691888506601	0.793508670212093	512
0.00863284516271001	0.79267969100207	1379
0.00734920342264012	0.799800653832186	191
0.00734920342264012	0.799800653832186	191
0.00863284516271001	0.79267969100207	33
0.00863284516271001	0.79267969100207	47
0.00734920342264012	0.799800653832186	298
0.0060691888506601	0.793508670212093	47
0.00734920342264012	0.799800653832186	1769
0.0060691888506601	0.793508670212093	1350
0.00734920342264012	0.799800653832186	716
0.00734920342264012	0.799800653832186	113
0.00863284516271001	0.79267969100207	185
0.0108802161081898	0.795949787637318	22
0.0108802161081898	0.795949787637318	22
0.0060691888506601	0.793508670212093	144
0.00734920342264012	0.799800653832186	472
0.00734920342264012	0.799800653832186	225
0.0060691888506601	0.793508670212093	589
0.00734920342264012	0.799800653832186	19
0.0108802161081898	0.795949787637318	211
0.00734920342264012	0.799800653832186	1379
0.00734920342264012	0.799800653832186	1379
0.0121730123549999	0.796052683519412	1379
0.00734920342264012	0.799800653832186	1923
0.00734920342264012	0.799800653832186	191
0.00734920342264012	0.799800653832186	191
0.0108802161081898	0.795949787637318	33
0.0060691888506601	0.793508670212093	982
0.00734920342264012	0.799800653832186	982
0.00734920342264012	0.799800653832186	47
0.00734920342264012	0.799800653832186	860
0.00863284516271001	0.79267969100207	47
0.00734920342264012	0.799800653832186	47
0.00863284516271001	0.79267969100207	1769
0.00734920342264012	0.799800653832186	2068
0.0060691888506601	0.793508670212093	716
0.00734920342264012	0.799800653832186	321
0.00734920342264012	0.799800653832186	1273
0.0108802161081898	0.795949787637318	1273
0.00734920342264012	0.799800653832186	2429
0.0121730123549999	0.796052683519412	1665
0.0060691888506601	0.793508670212093	589
0.0121730123549999	0.796052683519412	1379
0.0060691888506601	0.793508670212093	1379
0.00863284516271001	0.79267969100207	404
0.00734920342264012	0.799800653832186	2579
0.0108802161081898	0.795949787637318	713
0.0108802161081898	0.795949787637318	2826
0.0060691888506601	0.793508670212093	982
0.0060691888506601	0.793508670212093	982
0.0121730123549999	0.796052683519412	444
0.00734920342264012	0.799800653832186	47
0.00734920342264012	0.799800653832186	652
0.00734920342264012	0.799800653832186	2982
0.0060691888506601	0.793508670212093	298
0.00734920342264012	0.799800653832186	657
0.00734920342264012	0.799800653832186	47
0.0060691888506601	0.793508670212093	716
0.00734920342264012	0.799800653832186	113
0.00734920342264012	0.799800653832186	219
0.0108802161081898	0.795949787637318	59
0.00734920342264012	0.799800653832186	2623
0.0108802161081898	0.795949787637318	2623
0.00734920342264012	0.799800653832186	472
0.0060691888506601	0.793508670212093	589
0.00863284516271001	0.79267969100207	589
0.0108802161081898	0.795949787637318	589
0.00734920342264012	0.799800653832186	19
0.00734920342264012	0.799800653832186	1848
0.00863284516271001	0.79267969100207	2579
0.0060691888506601	0.793508670212093	47
0.0060691888506601	0.793508670212093	716
0.00863284516271001	0.79267969100207	113
0.00863284516271001	0.79267969100207	101
0.00734920342264012	0.799800653832186	22
0.00863284516271001	0.79267969100207	1665
0.0060691888506601	0.793508670212093	243
0.0108802161081898	0.795949787637318	243
0.0060691888506601	0.793508670212093	243
0.0108802161081898	0.795949787637318	472
0.0060691888506601	0.793508670212093	472
0.00863284516271001	0.79267969100207	472
0.0121730123549999	0.796052683519412	472
0.00734920342264012	0.799800653832186	1537
0.00863284516271001	0.79267969100207	2266
0.0121730123549999	0.796052683519412	2266
0.0060691888506601	0.793508670212093	1848
0.00734920342264012	0.799800653832186	1848
0.00863284516271001	0.79267969100207	191
0.00863284516271001	0.79267969100207	33
0.00863284516271001	0.79267969100207	33
0.00734920342264012	0.799800653832186	1885
0.00863284516271001	0.79267969100207	2826
0.0108802161081898	0.795949787637318	982
0.00734920342264012	0.799800653832186	982
0.00734920342264012	0.799800653832186	256
0.0060691888506601	0.793508670212093	86
0.0108802161081898	0.795949787637318	716
0.0108802161081898	0.795949787637318	185
0.0060691888506601	0.793508670212093	185
0.00734920342264012	0.799800653832186	54
0.0108802161081898	0.795949787637318	2163
0.0121730123549999	0.796052683519412	118
0.00734920342264012	0.799800653832186	118
0.0060691888506601	0.793508670212093	129
0.0108802161081898	0.795949787637318	243
0.0108802161081898	0.795949787637318	472
0.00734920342264012	0.799800653832186	2266
0.00734920342264012	0.799800653832186	1848
0.0157345823100901	0.786881337530458	1885
0.00734920342264012	0.799800653832186	1885
0.00863284516271001	0.79267969100207	1885
0.0121730123549999	0.796052683519412	444
0.0060691888506601	0.793508670212093	47
0.0121730123549999	0.796052683519412	185
0.0121730123549999	0.796052683519412	22
0.0121730123549999	0.796052683519412	22
0.00734920342264012	0.799800653832186	22
0.00734920342264012	0.799800653832186	22
0.00734920342264012	0.799800653832186	118
0.0108802161081898	0.795949787637318	935
0.0157345823100901	0.786881337530458	1665
0.0108802161081898	0.795949787637318	472
0.00734920342264012	0.799800653832186	472
0.0121730123549999	0.796052683519412	472
0.0108802161081898	0.795949787637318	2278
0.00734920342264012	0.799800653832186	19
0.0108802161081898	0.795949787637318	58
0.0108802161081898	0.795949787637318	2266
0.0060691888506601	0.793508670212093	2266
0.00734920342264012	0.799800653832186	561
0.0121730123549999	0.796052683519412	1848
0.00863284516271001	0.79267969100207	713
0.0121730123549999	0.796052683519412	33
0.0060691888506601	0.793508670212093	1885
0.00734920342264012	0.799800653832186	33
0.0157345823100901	0.786881337530458	2981
0.0157345823100901	0.786881337530458	657
0.00863284516271001	0.79267969100207	657
0.0121730123549999	0.796052683519412	657
0.0108802161081898	0.795949787637318	101
0.0108802161081898	0.795949787637318	1273
0.00734920342264012	0.799800653832186	1665
0.0121730123549999	0.796052683519412	77
0.00734920342264012	0.799800653832186	243
0.0060691888506601	0.793508670212093	1969
0.00734920342264012	0.799800653832186	1969
0.0121730123549999	0.796052683519412	472
0.0108802161081898	0.795949787637318	2278
0.0108802161081898	0.795949787637318	19
0.00863284516271001	0.79267969100207	2266
0.00734920342264012	0.799800653832186	33
0.0060691888506601	0.793508670212093	33
0.00734920342264012	0.799800653832186	215
0.0060691888506601	0.793508670212093	444
0.00734920342264012	0.799800653832186	256
0.0060691888506601	0.793508670212093	12
0.0060691888506601	0.793508670212093	657
0.0060691888506601	0.793508670212093	657
0.00734920342264012	0.799800653832186	657
0.0108802161081898	0.795949787637318	716
0.0108802161081898	0.795949787637318	101
0.0121730123549999	0.796052683519412	185
0.0108802161081898	0.795949787637318	185
0.0108802161081898	0.795949787637318	1876
0.00734920342264012	0.799800653832186	22
0.0060691888506601	0.793508670212093	935
0.00734920342264012	0.799800653832186	118
0.00734920342264012	0.799800653832186	77
0.0060691888506601	0.793508670212093	77
0.0121730123549999	0.796052683519412	472
0.0060691888506601	0.793508670212093	472
0.0108802161081898	0.795949787637318	472
0.00734920342264012	0.799800653832186	2104
0.00863284516271001	0.79267969100207	58
0.00734920342264012	0.799800653832186	33
0.00734920342264012	0.799800653832186	33
0.0060691888506601	0.793508670212093	33
0.00734920342264012	0.799800653832186	2981
0.00734920342264012	0.799800653832186	1461
0.0121730123549999	0.796052683519412	657
0.0121730123549999	0.796052683519412	47
0.00863284516271001	0.79267969100207	185
0.00863284516271001	0.79267969100207	22
0.0121730123549999	0.796052683519412	22
0.00734920342264012	0.799800653832186	243
0.0121730123549999	0.796052683519412	77
0.00734920342264012	0.799800653832186	472
0.00734920342264012	0.799800653832186	694
0.0060691888506601	0.793508670212093	694
0.00863284516271001	0.79267969100207	33
0.00863284516271001	0.79267969100207	1301
0.0060691888506601	0.793508670212093	444
0.0108802161081898	0.795949787637318	1461
0.00734920342264012	0.799800653832186	12
0.0060691888506601	0.793508670212093	324
0.00734920342264012	0.799800653832186	2948
0.0157345823100901	0.786881337530458	2948
0.00863284516271001	0.79267969100207	47
0.00734920342264012	0.799800653832186	47
0.0060691888506601	0.793508670212093	2156
0.00863284516271001	0.79267969100207	2156
0.0060691888506601	0.793508670212093	185
0.0108802161081898	0.795949787637318	22
0.0108802161081898	0.795949787637318	77
0.00863284516271001	0.79267969100207	472
0.00863284516271001	0.79267969100207	472
0.0060691888506601	0.793508670212093	472
0.00863284516271001	0.79267969100207	19
0.00734920342264012	0.799800653832186	2104
0.0060691888506601	0.793508670212093	58
0.00734920342264012	0.799800653832186	2349
0.0060691888506601	0.793508670212093	1461
0.00863284516271001	0.79267969100207	47
0.00734920342264012	0.799800653832186	2357
0.0121730123549999	0.796052683519412	2357
0.00734920342264012	0.799800653832186	2587
0.00734920342264012	0.799800653832186	77
0.0060691888506601	0.793508670212093	472
0.0060691888506601	0.793508670212093	1537
0.0060691888506601	0.793508670212093	541
0.0060691888506601	0.793508670212093	58
0.00734920342264012	0.799800653832186	58
0.00734920342264012	0.799800653832186	58
0.00863284516271001	0.79267969100207	2601
0.00863284516271001	0.79267969100207	324
0.00734920342264012	0.799800653832186	86
0.00734920342264012	0.799800653832186	86
0.0108802161081898	0.795949787637318	86
0.00863284516271001	0.79267969100207	2357
0.0060691888506601	0.793508670212093	54
0.00734920342264012	0.799800653832186	22
0.00734920342264012	0.799800653832186	22
0.00734920342264012	0.799800653832186	22
0.00734920342264012	0.799800653832186	22
0.0121730123549999	0.796052683519412	22
0.0157345823100901	0.786881337530458	129
0.0121730123549999	0.796052683519412	77
0.00734920342264012	0.799800653832186	77
0.0108802161081898	0.795949787637318	472
0.0108802161081898	0.795949787637318	58
0.00734920342264012	0.799800653832186	3355
0.00734920342264012	0.799800653832186	200
0.00863284516271001	0.79267969100207	33
0.00863284516271001	0.79267969100207	33
0.00863284516271001	0.79267969100207	611
0.0060691888506601	0.793508670212093	611
0.00734920342264012	0.799800653832186	611
0.00734920342264012	0.799800653832186	457
0.0157345823100901	0.786881337530458	210
0.0060691888506601	0.793508670212093	256
0.00863284516271001	0.79267969100207	47
0.00734920342264012	0.799800653832186	47
0.00863284516271001	0.79267969100207	2357
0.00734920342264012	0.799800653832186	22
0.0060691888506601	0.793508670212093	2231
0.0108802161081898	0.795949787637318	129
0.00734920342264012	0.799800653832186	77
0.0060691888506601	0.793508670212093	77
0.0060691888506601	0.793508670212093	77
0.0121730123549999	0.796052683519412	77
0.00863284516271001	0.79267969100207	472
0.00734920342264012	0.799800653832186	472
0.0108802161081898	0.795949787637318	58
0.0121730123549999	0.796052683519412	256
0.00734920342264012	0.799800653832186	86
0.0060691888506601	0.793508670212093	302
0.00734920342264012	0.799800653832186	47
0.00863284516271001	0.79267969100207	47
0.00734920342264012	0.799800653832186	1205
0.00734920342264012	0.799800653832186	2742
0.0108802161081898	0.795949787637318	694
0.00734920342264012	0.799800653832186	58
0.00734920342264012	0.799800653832186	33
0.00734920342264012	0.799800653832186	33
0.0121730123549999	0.796052683519412	611
0.00734920342264012	0.799800653832186	1301
0.0121730123549999	0.796052683519412	1301
0.0060691888506601	0.793508670212093	35
0.0121730123549999	0.796052683519412	35
0.00734920342264012	0.799800653832186	47
0.0108802161081898	0.795949787637318	801
0.00734920342264012	0.799800653832186	22
-0.00972946601998004	1.71912631850453	77
0.00734920342264012	0.799800653832186	77
0.00734920342264012	0.799800653832186	77
0.0060691888506601	0.793508670212093	86
0.0108802161081898	0.795949787637318	47
0.00734920342264012	0.799800653832186	185
0.00863284516271001	0.79267969100207	1205
0.0108802161081898	0.795949787637318	801
0.00734920342264012	0.799800653832186	1856
0.0121730123549999	0.796052683519412	1301
0.0121730123549999	0.796052683519412	86
0.00734920342264012	0.799800653832186	47
0.0121730123549999	0.796052683519412	185
0.0060691888506601	0.793508670212093	1205
0.0108802161081898	0.795949787637318	400
0.00734920342264012	0.799800653832186	801
0.0060691888506601	0.793508670212093	801
0.00734920342264012	0.799800653832186	801
0.0121730123549999	0.796052683519412	1474
0.0060691888506601	0.793508670212093	918
0.00734920342264012	0.799800653832186	918
0.0060691888506601	0.793508670212093	261
0.0060691888506601	0.793508670212093	47
0.0060691888506601	0.793508670212093	77
0.00863284516271001	0.79267969100207	918
0.0060691888506601	0.793508670212093	47
0.00734920342264012	0.799800653832186	47
0.0060691888506601	0.793508670212093	185
0.0060691888506601	0.793508670212093	400
0.00734920342264012	0.799800653832186	400
0.0121730123549999	0.796052683519412	1691
0.0108802161081898	0.795949787637318	1474
0.0108802161081898	0.795949787637318	3543
0.00863284516271001	0.79267969100207	47
0.0060691888506601	0.793508670212093	11
0.00863284516271001	0.79267969100207	11
0.0060691888506601	0.793508670212093	801
0.0060691888506601	0.793508670212093	400
0.0108802161081898	0.795949787637318	326
-0.00844046611900007	1.71616248149973	47
-0.0114820975132899	1.70102024385124	11
0.00863284516271001	0.79267969100207	571
-0.01633759951708	1.7007539088036	58
0.0108802161081898	0.795949787637318	108
0.00734920342264012	0.799800653832186	1670
0.00734920342264012	0.799800653832186	421
0.0121730123549999	0.796052683519412	801
0.00863284516271001	0.79267969100207	571
0.00863284516271001	0.79267969100207	532
0.00734920342264012	0.799800653832186	2153
0.0060691888506601	0.793508670212093	3009
0.00734920342264012	0.799800653832186	86
0.0060691888506601	0.793508670212093	47
0.00734920342264012	0.799800653832186	47
0.0121730123549999	0.796052683519412	1670
0.0060691888506601	0.793508670212093	1670
0.0060691888506601	0.793508670212093	421
-0.00328395643794988	1.71705345928228	417
0.00734920342264012	0.799800653832186	571
0.0121730123549999	0.796052683519412	532
0.0060691888506601	0.793508670212093	532
0.00734920342264012	0.799800653832186	532
0.0060691888506601	0.793508670212093	213
0.0060691888506601	0.793508670212093	35
0.00734920342264012	0.799800653832186	86
0.0108802161081898	0.795949787637318	421
0.0060691888506601	0.793508670212093	571
0.00734920342264012	0.799800653832186	532
0.00734920342264012	0.799800653832186	86
0.0060691888506601	0.793508670212093	421
0.00734920342264012	0.799800653832186	571
0.0121730123549999	0.796052683519412	76
0.00734920342264012	0.799800653832186	532
0.0060691888506601	0.793508670212093	72
0.0060691888506601	0.793508670212093	2805
0.0121730123549999	0.796052683519412	58
0.00863284516271001	0.79267969100207	310
0.0121730123549999	0.796052683519412	310
0.00734920342264012	0.799800653832186	86
0.0121730123549999	0.796052683519412	86
0.00863284516271001	0.79267969100207	108
0.0121730123549999	0.796052683519412	571
0.0108802161081898	0.795949787637318	532
0.00734920342264012	0.799800653832186	532
0.00734920342264012	0.799800653832186	532
0.00863284516271001	0.79267969100207	129
0.00734920342264012	0.799800653832186	77
0.00734920342264012	0.799800653832186	494
0.00734920342264012	0.799800653832186	72
0.00863284516271001	0.79267969100207	1651
0.0060691888506601	0.793508670212093	310
0.00863284516271001	0.79267969100207	35
0.00734920342264012	0.799800653832186	3076
0.00734920342264012	0.799800653832186	86
0.00734920342264012	0.799800653832186	86
0.00863284516271001	0.79267969100207	47
0.00863284516271001	0.79267969100207	47
0.0108802161081898	0.795949787637318	1670
0.0108802161081898	0.795949787637318	532
0.00734920342264012	0.799800653832186	2866
0.0108802161081898	0.795949787637318	2866
0.0108802161081898	0.795949787637318	45
0.0060691888506601	0.793508670212093	77
0.00734920342264012	0.799800653832186	1721
0.0108802161081898	0.795949787637318	1798
0.00734920342264012	0.799800653832186	494
0.00734920342264012	0.799800653832186	494
0.00734920342264012	0.799800653832186	72
0.0060691888506601	0.793508670212093	200
0.0060691888506601	0.793508670212093	310
0.0108802161081898	0.795949787637318	3630
0.0060691888506601	0.793508670212093	3630
0.00734920342264012	0.799800653832186	3630
0.00863284516271001	0.79267969100207	603
0.00734920342264012	0.799800653832186	1648
0.0157345823100901	0.786881337530458	86
0.00863284516271001	0.79267969100207	86
0.00863284516271001	0.79267969100207	2516
0.0121730123549999	0.796052683519412	2516
0.0108802161081898	0.795949787637318	2516
0.0108802161081898	0.795949787637318	47
0.0108802161081898	0.795949787637318	185
0.00863284516271001	0.79267969100207	532
0.00734920342264012	0.799800653832186	532
0.0108802161081898	0.795949787637318	400
0.00734920342264012	0.799800653832186	129
-0.00199532471825004	1.71132903499024	129
0.00734920342264012	0.799800653832186	77
0.00734920342264012	0.799800653832186	649
0.0060691888506601	0.793508670212093	494
0.00863284516271001	0.79267969100207	236
0.00734920342264012	0.799800653832186	72
0.00734920342264012	0.799800653832186	72
0.0108802161081898	0.795949787637318	665
0.0060691888506601	0.793508670212093	35
0.0121730123549999	0.796052683519412	35
0.00734920342264012	0.799800653832186	3076
0.0108802161081898	0.795949787637318	86
0.0108802161081898	0.795949787637318	86
0.00734920342264012	0.799800653832186	2516
0.0108802161081898	0.795949787637318	1670
0.0060691888506601	0.793508670212093	532
0.0108802161081898	0.795949787637318	532
-0.0140238206906198	1.70618402842073	72
0.00863284516271001	0.79267969100207	310
0.00734920342264012	0.799800653832186	11
0.0060691888506601	0.793508670212093	532
0.00734920342264012	0.799800653832186	400
0.0121730123549999	0.796052683519412	2516
0.0060691888506601	0.793508670212093	2444
0.00863284516271001	0.79267969100207	3148
0.0060691888506601	0.793508670212093	400
0.0121730123549999	0.796052683519412	532
0.00734920342264012	0.799800653832186	200
0.00734920342264012	0.799800653832186	801
0.0060691888506601	0.793508670212093	76
0.00734920342264012	0.799800653832186	400
0.00734920342264012	0.799800653832186	3148
0.00863284516271001	0.79267969100207	2017
0.0060691888506601	0.793508670212093	77
0.00863284516271001	0.79267969100207	35
0.00734920342264012	0.799800653832186	108
0.00863284516271001	0.79267969100207	356
0.00863284516271001	0.79267969100207	3406
0.0060691888506601	0.793508670212093	801
0.00863284516271001	0.79267969100207	2732
0.00734920342264012	0.799800653832186	2732
0.00863284516271001	0.79267969100207	2257
-0.00431713259999	1.71320896030049	72
0.0060691888506601	0.793508670212093	72
0.00734920342264012	0.799800653832186	356
0.0108802161081898	0.795949787637318	1040
0.00734920342264012	0.799800653832186	1040
0.0157345823100901	0.786881337530458	76
0.0108802161081898	0.795949787637318	3165
0.0060691888506601	0.793508670212093	3165
0.00734920342264012	0.799800653832186	3165
0.00734920342264012	0.799800653832186	400
0.0121730123549999	0.796052683519412	2732
0.00734920342264012	0.799800653832186	2732
-0.01656706863373	1.70009377125699	72
0.00863284516271001	0.79267969100207	199
0.0157345823100901	0.786881337530458	3280
0.00863284516271001	0.79267969100207	400
0.00734920342264012	0.799800653832186	77
0.00734920342264012	0.799800653832186	58
0.00734920342264012	0.799800653832186	574
0.00734920342264012	0.799800653832186	1040
0.00734920342264012	0.799800653832186	3280
0.0121730123549999	0.796052683519412	3381
0.0060691888506601	0.793508670212093	3381
0.00863284516271001	0.79267969100207	45
0.0108802161081898	0.795949787637318	72
0.00734920342264012	0.799800653832186	2354
0.0060691888506601	0.793508670212093	35
0.0108802161081898	0.795949787637318	621
0.00863284516271001	0.79267969100207	35
0.0108802161081898	0.795949787637318	35
0.0121730123549999	0.796052683519412	35
0.0108802161081898	0.795949787637318	218
0.00863284516271001	0.79267969100207	218
0.00734920342264012	0.799800653832186	574
0.0108802161081898	0.795949787637318	108
0.0121730123549999	0.796052683519412	356
0.0108802161081898	0.795949787637318	1749
0.0060691888506601	0.793508670212093	1749
0.00863284516271001	0.79267969100207	1900
-0.00996646108536003	1.72277331334905	2973
0.00734920342264012	0.799800653832186	77
0.00863284516271001	0.79267969100207	494
0.0060691888506601	0.793508670212093	72
-0.00972946601998004	1.71912631850453	58
0.0060691888506601	0.793508670212093	723
0.00734920342264012	0.799800653832186	35
0.00734920342264012	0.799800653832186	2848
0.00734920342264012	0.799800653832186	2848
0.0108802161081898	0.795949787637318	1259
0.00734920342264012	0.799800653832186	47
0.0157345823100901	0.786881337530458	1749
0.00734920342264012	0.799800653832186	1900
0.00734920342264012	0.799800653832186	1900
0.0060691888506601	0.793508670212093	1040
0.0060691888506601	0.793508670212093	1980
0.00734920342264012	0.799800653832186	3448
0.00734920342264012	0.799800653832186	400
0.00863284516271001	0.79267969100207	737
-0.00148013998990981	1.70098221572273	129
0.00863284516271001	0.79267969100207	494
0.0060691888506601	0.793508670212093	35
0.0060691888506601	0.793508670212093	574
0.00734920342264012	0.799800653832186	574
0.0060691888506601	0.793508670212093	574
0.00863284516271001	0.79267969100207	912
0.0108802161081898	0.795949787637318	356
0.0060691888506601	0.793508670212093	2210
0.0121730123549999	0.796052683519412	2973
0.0108802161081898	0.795949787637318	2973
0.0108802161081898	0.795949787637318	366
0.00734920342264012	0.799800653832186	72
0.0060691888506601	0.793508670212093	72
0.00863284516271001	0.79267969100207	1312
0.00734920342264012	0.799800653832186	751
0.00734920342264012	0.799800653832186	200
0.00863284516271001	0.79267969100207	200
0.00734920342264012	0.799800653832186	35
0.00863284516271001	0.79267969100207	35
0.00863284516271001	0.79267969100207	723
0.0060691888506601	0.793508670212093	574
0.0060691888506601	0.793508670212093	356
0.00734920342264012	0.799800653832186	47
0.0060691888506601	0.793508670212093	1914
0.00734920342264012	0.799800653832186	366
0.0060691888506601	0.793508670212093	58
0.00863284516271001	0.79267969100207	58
0.00863284516271001	0.79267969100207	3354
0.00734920342264012	0.799800653832186	35
0.00863284516271001	0.79267969100207	574
0.00734920342264012	0.799800653832186	574
0.00734920342264012	0.799800653832186	1259
0.0060691888506601	0.793508670212093	1259
0.00734920342264012	0.799800653832186	356
0.0060691888506601	0.793508670212093	356
0.0108802161081898	0.795949787637318	2210
0.0121730123549999	0.796052683519412	1275
0.0108802161081898	0.795949787637318	1913
0.00863284516271001	0.79267969100207	1914
0.00734920342264012	0.799800653832186	1914
0.00734920342264012	0.799800653832186	905
0.00734920342264012	0.799800653832186	2386
0.0108802161081898	0.795949787637318	2386
0.0121730123549999	0.796052683519412	2386
0.00734920342264012	0.799800653832186	77
0.0060691888506601	0.793508670212093	77
0.0060691888506601	0.793508670212093	236
0.00734920342264012	0.799800653832186	72
0.0121730123549999	0.796052683519412	58
0.00734920342264012	0.799800653832186	1313
0.0121730123549999	0.796052683519412	35
0.00734920342264012	0.799800653832186	35
0.00863284516271001	0.79267969100207	574
0.0108802161081898	0.795949787637318	574
0.00734920342264012	0.799800653832186	356
0.00734920342264012	0.799800653832186	356
0.0121730123549999	0.796052683519412	47
0.0108802161081898	0.795949787637318	2492
0.0108802161081898	0.795949787637318	2492
0.0108802161081898	0.795949787637318	76
0.00734920342264012	0.799800653832186	1040
0.0121730123549999	0.796052683519412	1913
0.00734920342264012	0.799800653832186	2386
0.00734920342264012	0.799800653832186	129
0.00734920342264012	0.799800653832186	192
0.00863284516271001	0.79267969100207	269
0.00863284516271001	0.79267969100207	1027
0.00734920342264012	0.799800653832186	494
0.00734920342264012	0.799800653832186	72
0.00734920342264012	0.799800653832186	985
0.00734920342264012	0.799800653832186	1312
0.0060691888506601	0.793508670212093	35
0.00863284516271001	0.79267969100207	1313
0.00734920342264012	0.799800653832186	1313
0.0157345823100901	0.786881337530458	35
0.0060691888506601	0.793508670212093	35
0.0060691888506601	0.793508670212093	35
0.0108802161081898	0.795949787637318	1040
0.00734920342264012	0.799800653832186	1040
0.0060691888506601	0.793508670212093	1275
0.0157345823100901	0.786881337530458	2036
0.0060691888506601	0.793508670212093	77
0.00734920342264012	0.799800653832186	494
0.0060691888506601	0.793508670212093	236
0.00734920342264012	0.799800653832186	58
0.0060691888506601	0.793508670212093	58
0.0060691888506601	0.793508670212093	2611
0.00863284516271001	0.79267969100207	2611
0.0060691888506601	0.793508670212093	2611
0.0121730123549999	0.796052683519412	3267
0.0060691888506601	0.793508670212093	35
0.0108802161081898	0.795949787637318	574
0.00734920342264012	0.799800653832186	574
0.00734920342264012	0.799800653832186	1259
0.0108802161081898	0.795949787637318	199
0.00734920342264012	0.799800653832186	2210
0.00734920342264012	0.799800653832186	1467
0.00734920342264012	0.799800653832186	1313
0.00734920342264012	0.799800653832186	1313
0.00734920342264012	0.799800653832186	8
0.00863284516271001	0.79267969100207	913
0.00734920342264012	0.799800653832186	35
0.0060691888506601	0.793508670212093	35
0.00734920342264012	0.799800653832186	1558
0.00734920342264012	0.799800653832186	574
0.0060691888506601	0.793508670212093	2492
0.00863284516271001	0.79267969100207	199
0.00863284516271001	0.79267969100207	1040
0.0157345823100901	0.786881337530458	2210
0.00734920342264012	0.799800653832186	2210
0.00734920342264012	0.799800653832186	1455
-0.0110046220509101	1.71886834158457	36
0.0060691888506601	0.793508670212093	58
0.00734920342264012	0.799800653832186	58
0.0060691888506601	0.793508670212093	2972
0.0060691888506601	0.793508670212093	2210
0.00734920342264012	0.799800653832186	2210
0.0060691888506601	0.793508670212093	1275
0.0108802161081898	0.795949787637318	1913
0.00734920342264012	0.799800653832186	1913
0.0060691888506601	0.793508670212093	58
0.00863284516271001	0.79267969100207	2972
0.0121730123549999	0.796052683519412	35
0.00734920342264012	0.799800653832186	356
0.00734920342264012	0.799800653832186	1040
0.0060691888506601	0.793508670212093	1040
0.0060691888506601	0.793508670212093	1040
0.00734920342264012	0.799800653832186	905
-0.01529525628992	1.70460271311389	77
0.00863284516271001	0.79267969100207	35
0.00863284516271001	0.79267969100207	8
0.0121730123549999	0.796052683519412	105
0.0108802161081898	0.795949787637318	574
0.0060691888506601	0.793508670212093	199
0.00734920342264012	0.799800653832186	1275
0.0108802161081898	0.795949787637318	1275
0.00863284516271001	0.79267969100207	129
0.00863284516271001	0.79267969100207	77
0.00734920342264012	0.799800653832186	3207
0.00734920342264012	0.799800653832186	58
0.00734920342264012	0.799800653832186	58
0.0060691888506601	0.793508670212093	1218
0.0108802161081898	0.795949787637318	1218
0.0060691888506601	0.793508670212093	8
0.0121730123549999	0.796052683519412	8
0.0121730123549999	0.796052683519412	312
0.0060691888506601	0.793508670212093	574
0.0121730123549999	0.796052683519412	574
0.0060691888506601	0.793508670212093	448
0.00734920342264012	0.799800653832186	448
0.0060691888506601	0.793508670212093	2661
0.00734920342264012	0.799800653832186	58
0.0060691888506601	0.793508670212093	35
0.0060691888506601	0.793508670212093	8
0.0060691888506601	0.793508670212093	105
0.00863284516271001	0.79267969100207	1332
0.0108802161081898	0.795949787637318	199
0.0108802161081898	0.795949787637318	3125
0.00734920342264012	0.799800653832186	448
0.0060691888506601	0.793508670212093	1275
0.00863284516271001	0.79267969100207	1275
0.0121730123549999	0.796052683519412	77
0.00734920342264012	0.799800653832186	528
0.00734920342264012	0.799800653832186	2661
0.00734920342264012	0.799800653832186	58
0.00734920342264012	0.799800653832186	3501
0.00734920342264012	0.799800653832186	1218
0.0121730123549999	0.796052683519412	2480
0.0060691888506601	0.793508670212093	35
0.00734920342264012	0.799800653832186	2968
0.00734920342264012	0.799800653832186	3125
0.00863284516271001	0.79267969100207	448
0.00863284516271001	0.79267969100207	448
0.0060691888506601	0.793508670212093	76
0.0060691888506601	0.793508670212093	175
0.00863284516271001	0.79267969100207	1275
0.0060691888506601	0.793508670212093	129
0.00863284516271001	0.79267969100207	2942
0.00734920342264012	0.799800653832186	90
0.0108802161081898	0.795949787637318	77
0.00734920342264012	0.799800653832186	793
0.0060691888506601	0.793508670212093	2791
0.0157345823100901	0.786881337530458	36
0.00734920342264012	0.799800653832186	3322
0.0060691888506601	0.793508670212093	1838
0.00863284516271001	0.79267969100207	369
0.00734920342264012	0.799800653832186	2480
0.00734920342264012	0.799800653832186	8
0.00734920342264012	0.799800653832186	35
0.0060691888506601	0.793508670212093	2430
0.00863284516271001	0.79267969100207	2430
0.00734920342264012	0.799800653832186	2816
0.00734920342264012	0.799800653832186	47
0.00734920342264012	0.799800653832186	309
0.0060691888506601	0.793508670212093	2008
0.0060691888506601	0.793508670212093	1275
0.0108802161081898	0.795949787637318	2612
0.00863284516271001	0.79267969100207	129
0.00734920342264012	0.799800653832186	77
0.0108802161081898	0.795949787637318	269
0.0121730123549999	0.796052683519412	528
0.00734920342264012	0.799800653832186	528
0.00734920342264012	0.799800653832186	72
0.00734920342264012	0.799800653832186	3322
0.00863284516271001	0.79267969100207	4
0.00734920342264012	0.799800653832186	4
0.00734920342264012	0.799800653832186	4
0.00734920342264012	0.799800653832186	3501
0.00863284516271001	0.79267969100207	58
0.0060691888506601	0.793508670212093	8
0.0108802161081898	0.795949787637318	58
0.00734920342264012	0.799800653832186	35
0.0121730123549999	0.796052683519412	35
0.00734920342264012	0.799800653832186	35
0.0157345823100901	0.786881337530458	35
0.0121730123549999	0.796052683519412	35
0.00734920342264012	0.799800653832186	105
0.0108802161081898	0.795949787637318	108
0.0060691888506601	0.793508670212093	2968
0.00734920342264012	0.799800653832186	199
0.0060691888506601	0.793508670212093	448
0.00734920342264012	0.799800653832186	2008
0.00863284516271001	0.79267969100207	175
0.0108802161081898	0.795949787637318	77
0.0121730123549999	0.796052683519412	77
0.0108802161081898	0.795949787637318	793
0.00734920342264012	0.799800653832186	2791
0.00734920342264012	0.799800653832186	36
0.0121730123549999	0.796052683519412	528
0.0060691888506601	0.793508670212093	236
0.0060691888506601	0.793508670212093	3322
0.0060691888506601	0.793508670212093	3322
0.0121730123549999	0.796052683519412	4
0.00734920342264012	0.799800653832186	4
0.0108802161081898	0.795949787637318	35
0.00734920342264012	0.799800653832186	8
0.0108802161081898	0.795949787637318	105
0.0108802161081898	0.795949787637318	1581
0.0108802161081898	0.795949787637318	1407
0.0060691888506601	0.793508670212093	2149
0.0060691888506601	0.793508670212093	77
0.00863284516271001	0.79267969100207	77
-0.00457259558963008	1.71857473310691	269
-0.0125105048956402	1.71169721482069	36
0.0060691888506601	0.793508670212093	236
0.0060691888506601	0.793508670212093	3322
0.00863284516271001	0.79267969100207	4
0.0108802161081898	0.795949787637318	35
0.00734920342264012	0.799800653832186	3579
0.00734920342264012	0.799800653832186	1218
0.0108802161081898	0.795949787637318	35
0.0121730123549999	0.796052683519412	864
0.0060691888506601	0.793508670212093	105
0.00734920342264012	0.799800653832186	105
0.00863284516271001	0.79267969100207	1581
0.0060691888506601	0.793508670212093	47
0.0060691888506601	0.793508670212093	3125
0.0060691888506601	0.793508670212093	1407
0.0108802161081898	0.795949787637318	448
0.00863284516271001	0.79267969100207	905
0.00863284516271001	0.79267969100207	175
0.0121730123549999	0.796052683519412	1407
0.0121730123549999	0.796052683519412	2791
-0.0191899675961502	1.6868889485625	2767
0.0121730123549999	0.796052683519412	448
0.00863284516271001	0.79267969100207	175
0.0121730123549999	0.796052683519412	1314
0.00863284516271001	0.79267969100207	2045
0.0060691888506601	0.793508670212093	2045
0.0157345823100901	0.786881337530458	2270
0.0108802161081898	0.795949787637318	8
0.0060691888506601	0.793508670212093	2176
0.0060691888506601	0.793508670212093	2176
0.0108802161081898	0.795949787637318	2176
0.0108802161081898	0.795949787637318	2563
0.00734920342264012	0.799800653832186	175
0.0060691888506601	0.793508670212093	175
0.0121730123549999	0.796052683519412	1407
0.00734920342264012	0.799800653832186	1407
0.0060691888506601	0.793508670212093	1407
0.0121730123549999	0.796052683519412	902
0.00734920342264012	0.799800653832186	90
0.0157345823100901	0.786881337530458	902
0.0157345823100901	0.786881337530458	902
0.00734920342264012	0.799800653832186	788
0.00734920342264012	0.799800653832186	2345
0.0108802161081898	0.795949787637318	36
0.0060691888506601	0.793508670212093	36
0.0060691888506601	0.793508670212093	718
0.0060691888506601	0.793508670212093	718
0.00734920342264012	0.799800653832186	4
0.0121730123549999	0.796052683519412	4
0.0108802161081898	0.795949787637318	2358
0.0108802161081898	0.795949787637318	8
0.0060691888506601	0.793508670212093	35
-0.00586123918728987	1.71636616011543	47
0.00863284516271001	0.79267969100207	622
0.00734920342264012	0.799800653832186	902
0.00734920342264012	0.799800653832186	902
0.0108802161081898	0.795949787637318	36
0.0121730123549999	0.796052683519412	36
0.00734920342264012	0.799800653832186	1470
0.0108802161081898	0.795949787637318	3121
0.00734920342264012	0.799800653832186	35
0.00734920342264012	0.799800653832186	2162
0.0060691888506601	0.793508670212093	2162
0.0121730123549999	0.796052683519412	196
0.00734920342264012	0.799800653832186	622
0.0060691888506601	0.793508670212093	622
0.0060691888506601	0.793508670212093	2198
0.0060691888506601	0.793508670212093	47
0.00863284516271001	0.79267969100207	1407
0.0121730123549999	0.796052683519412	36
0.0121730123549999	0.796052683519412	35
0.0060691888506601	0.793508670212093	35
0.0121730123549999	0.796052683519412	2162
0.0060691888506601	0.793508670212093	622
0.00734920342264012	0.799800653832186	2198
0.0060691888506601	0.793508670212093	1746
0.00734920342264012	0.799800653832186	1746
0.0060691888506601	0.793508670212093	175
0.0060691888506601	0.793508670212093	175
0.0060691888506601	0.793508670212093	175
0.00863284516271001	0.79267969100207	67
0.0060691888506601	0.793508670212093	67
0.00734920342264012	0.799800653832186	67
0.00863284516271001	0.79267969100207	35
0.00734920342264012	0.799800653832186	1592
0.0060691888506601	0.793508670212093	67
0.00734920342264012	0.799800653832186	67
0.00863284516271001	0.79267969100207	1407
0.0060691888506601	0.793508670212093	175
0.00863284516271001	0.79267969100207	175
0.0157345823100901	0.786881337530458	175
0.0060691888506601	0.793508670212093	47
0.0060691888506601	0.793508670212093	67
-0.0127527662785401	1.70504373111934	3057
0.00734920342264012	0.799800653832186	236
0.00734920342264012	0.799800653832186	8
0.00734920342264012	0.799800653832186	175
0.0060691888506601	0.793508670212093	175
0.00863284516271001	0.79267969100207	175
0.00734920342264012	0.799800653832186	67
0.00863284516271001	0.79267969100207	3057
-0.000449171259909953	1.70475623934202	35
0.00734920342264012	0.799800653832186	67
-0.00714988425930008	1.7098802340113	415
0.00734920342264012	0.799800653832186	1348
-0.0127527662785401	1.70504373111934	199
0.00734920342264012	0.799800653832186	415
0.0108802161081898	0.795949787637318	254
0.0121730123549999	0.796052683519412	47
0.0108802161081898	0.795949787637318	1414
0.00734920342264012	0.799800653832186	2530
0.00734920342264012	0.799800653832186	1348
0.00734920342264012	0.799800653832186	199
0.0157345823100901	0.786881337530458	2530
0.00863284516271001	0.79267969100207	141
0.0060691888506601	0.793508670212093	141
0.0121730123549999	0.796052683519412	415
0.0060691888506601	0.793508670212093	132
0.0108802161081898	0.795949787637318	90
0.0121730123549999	0.796052683519412	35
0.00734920342264012	0.799800653832186	415
0.00734920342264012	0.799800653832186	47
0.00734920342264012	0.799800653832186	2415
0.0060691888506601	0.793508670212093	415
-0.01529525628992	1.70460271311389	51
0.0060691888506601	0.793508670212093	175
0.00863284516271001	0.79267969100207	90
0.0108802161081898	0.795949787637318	90
0.0108802161081898	0.795949787637318	524
0.00734920342264012	0.799800653832186	36
-0.00996646108536003	1.72277331334905	875
0.0108802161081898	0.795949787637318	8
0.0108802161081898	0.795949787637318	141
0.0060691888506601	0.793508670212093	415
0.0108802161081898	0.795949787637318	415
0.00734920342264012	0.799800653832186	36
0.0108802161081898	0.795949787637318	524
0.00734920342264012	0.799800653832186	36
0.0108802161081898	0.795949787637318	35
0.0060691888506601	0.793508670212093	175
0.0060691888506601	0.793508670212093	415
0.00734920342264012	0.799800653832186	47
0.00863284516271001	0.79267969100207	90
0.0060691888506601	0.793508670212093	415
0.0108802161081898	0.795949787637318	8
0.00734920342264012	0.799800653832186	415
0.0108802161081898	0.795949787637318	36
0.00863284516271001	0.79267969100207	2610
0.0121730123549999	0.796052683519412	141
0.0108802161081898	0.795949787637318	141
0.0121730123549999	0.796052683519412	415
0.00734920342264012	0.799800653832186	415
-0.00812781346495983	1.68199601015403	6
0.0060691888506601	0.793508670212093	30
0.0121730123549999	0.796052683519412	38
0.0060691888506601	0.793508670212093	36
0.00863284516271001	0.79267969100207	36
0.00863284516271001	0.79267969100207	30
0.00863284516271001	0.79267969100207	1017
0.00734920342264012	0.799800653832186	21
0.00863284516271001	0.79267969100207	30
0.0060691888506601	0.793508670212093	1426
0.0121730123549999	0.796052683519412	47
0.00734920342264012	0.799800653832186	175
0.00734920342264012	0.799800653832186	1426
0.00734920342264012	0.799800653832186	47
0.0060691888506601	0.793508670212093	38
-0.00457259558963008	1.71857473310691	175
0.0060691888506601	0.793508670212093	21
0.00863284516271001	0.79267969100207	21
0.0108802161081898	0.795949787637318	1096
0.0108802161081898	0.795949787637318	36
0.00734920342264012	0.799800653832186	1426
0.00734920342264012	0.799800653832186	175
0.0060691888506601	0.793508670212093	837
0.00734920342264012	0.799800653832186	36
0.00734920342264012	0.799800653832186	36
0.00863284516271001	0.79267969100207	2578
0.0121730123549999	0.796052683519412	175
0.0121730123549999	0.796052683519412	6
0.0060691888506601	0.793508670212093	38
0.0121730123549999	0.796052683519412	30
0.00734920342264012	0.799800653832186	2699
0.00734920342264012	0.799800653832186	2699
-0.00684064379424987	1.68700438523157	47
0.00863284516271001	0.79267969100207	320
-0.0074041625731498	1.72004178733985	30
0.00863284516271001	0.79267969100207	175
0.0157345823100901	0.786881337530458	8
0.0060691888506601	0.793508670212093	38
0.0060691888506601	0.793508670212093	30
0.0060691888506601	0.793508670212093	30
0.0121730123549999	0.796052683519412	47
-0.00431713259999	1.71320896030049	47
0.00734920342264012	0.799800653832186	175
-0.00586123918728987	1.71636616011543	3187
0.0060691888506601	0.793508670212093	175
0.00734920342264012	0.799800653832186	21
0.0060691888506601	0.793508670212093	21
0.0108802161081898	0.795949787637318	212
0.00734920342264012	0.799800653832186	1223
0.00734920342264012	0.799800653832186	1223
0.00863284516271001	0.79267969100207	38
0.0060691888506601	0.793508670212093	38
0.0060691888506601	0.793508670212093	21
0.0060691888506601	0.793508670212093	36
0.00734920342264012	0.799800653832186	30
0.0121730123549999	0.796052683519412	47
0.00863284516271001	0.79267969100207	1223
0.00863284516271001	0.79267969100207	209
0.00863284516271001	0.79267969100207	175
0.0108802161081898	0.795949787637318	21
0.00734920342264012	0.799800653832186	30
-0.0127527662785401	1.70504373111934	47
0.0121730123549999	0.796052683519412	47
0.00734920342264012	0.799800653832186	1223
0.00734920342264012	0.799800653832186	38
0.0060691888506601	0.793508670212093	3558
0.0121730123549999	0.796052683519412	2958
-0.00586123918728987	1.71636616011543	47
0.0121730123549999	0.796052683519412	47
-0.0074041625731498	1.72004178733985	620
-0.0176103671738099	1.6962593152463	21
0.0121730123549999	0.796052683519412	2958
0.00734920342264012	0.799800653832186	36
0.00863284516271001	0.79267969100207	266
-0.0137931956645101	1.70120585950469	155
0.0108802161081898	0.795949787637318	2627
0.0121730123549999	0.796052683519412	551
0.00734920342264012	0.799800653832186	140
0.0060691888506601	0.793508670212093	551
0.00734920342264012	0.799800653832186	620
0.00734920342264012	0.799800653832186	36
0.0060691888506601	0.793508670212093	36
0.00734920342264012	0.799800653832186	501
0.0060691888506601	0.793508670212093	47
0.00863284516271001	0.79267969100207	212
0.0157345823100901	0.786881337530458	140
0.00734920342264012	0.799800653832186	1607
0.0060691888506601	0.793508670212093	47
0.00863284516271001	0.79267969100207	703
0.000840004018929808	1.70518005633528	1680
0.00734920342264012	0.799800653832186	21
0.00734920342264012	0.799800653832186	36
0.0108802161081898	0.795949787637318	1607
0.00734920342264012	0.799800653832186	38
-0.0068962743814498	1.71251196979478	212
0.0060691888506601	0.793508670212093	315
0.00863284516271001	0.79267969100207	8
0.00734920342264012	0.799800653832186	1151
-0.00457259558963008	1.71857473310691	1680
0.00734920342264012	0.799800653832186	212
0.00863284516271001	0.79267969100207	30
0.0060691888506601	0.793508670212093	36
0.0121730123549999	0.796052683519412	36
0.00734920342264012	0.799800653832186	36
0.0121730123549999	0.796052683519412	2459
0.00734920342264012	0.799800653832186	2459
0.0121730123549999	0.796052683519412	30
0.00734920342264012	0.799800653832186	551
0.0060691888506601	0.793508670212093	2459
0.00734920342264012	0.799800653832186	47
0.00734920342264012	0.799800653832186	980
0.0060691888506601	0.793508670212093	30
0.00734920342264012	0.799800653832186	2311
0.0157345823100901	0.786881337530458	551
-0.00199532471825004	1.71132903499024	175
-0.01656706863373	1.70009377125699	327
0.00734920342264012	0.799800653832186	1772
0.0108802161081898	0.795949787637318	2197
0.0121730123549999	0.796052683519412	703
0.0060691888506601	0.793508670212093	8
0.0108802161081898	0.795949787637318	30
-0.00996646108536003	1.72277331334905	80
0.0060691888506601	0.793508670212093	42
-0.01633759951708	1.7007539088036	47
0.00734920342264012	0.799800653832186	140
-0.00972946601998004	1.71912631850453	80
0.0060691888506601	0.793508670212093	100
0.0121730123549999	0.796052683519412	2748
0.0121730123549999	0.796052683519412	703
0.0060691888506601	0.793508670212093	960
0.00734920342264012	0.799800653832186	108
0.0060691888506601	0.793508670212093	47
0.0121730123549999	0.796052683519412	551
0.00734920342264012	0.799800653832186	80
0.0157345823100901	0.786881337530458	960
0.0108802161081898	0.795949787637318	100
0.00734920342264012	0.799800653832186	960
0.00734920342264012	0.799800653832186	47
0.0060691888506601	0.793508670212093	80
0.0121730123549999	0.796052683519412	960
0.0121730123549999	0.796052683519412	960
0.0121730123549999	0.796052683519412	551
0.0108802161081898	0.795949787637318	2181
0.0121730123549999	0.796052683519412	2181
0.00734920342264012	0.799800653832186	140
0.0060691888506601	0.793508670212093	960
0.0121730123549999	0.796052683519412	8
0.0060691888506601	0.793508670212093	2181
-0.0135505854278799	1.70783040173358	47
0.00734920342264012	0.799800653832186	80
0.00734920342264012	0.799800653832186	792
-0.0140238206906198	1.70618402842073	1334
0.0060691888506601	0.793508670212093	960
0.00734920342264012	0.799800653832186	108
-0.00173836048712994	1.69966120173408	175
-0.00972946601998004	1.71912631850453	80
0.00863284516271001	0.79267969100207	655
0.00734920342264012	0.799800653832186	1116
0.0108802161081898	0.795949787637318	1699
0.0060691888506601	0.793508670212093	175
0.0121730123549999	0.796052683519412	682
0.00734920342264012	0.799800653832186	80
0.0157345823100901	0.786881337530458	301
0.00863284516271001	0.79267969100207	301
0.0060691888506601	0.793508670212093	26
0.0060691888506601	0.793508670212093	26
0.0060691888506601	0.793508670212093	178
0.00734920342264012	0.799800653832186	178
0.00863284516271001	0.79267969100207	8
0.00734920342264012	0.799800653832186	817
0.00734920342264012	0.799800653832186	2446
0.00863284516271001	0.79267969100207	108
0.0157345823100901	0.786881337530458	1557
0.00734920342264012	0.799800653832186	175
0.0108802161081898	0.795949787637318	778
0.0108802161081898	0.795949787637318	682
0.0060691888506601	0.793508670212093	682
0.0060691888506601	0.793508670212093	682
0.0121730123549999	0.796052683519412	301
0.00734920342264012	0.799800653832186	301
0.0060691888506601	0.793508670212093	26
0.00734920342264012	0.799800653832186	1033
0.0060691888506601	0.793508670212093	2446
0.00734920342264012	0.799800653832186	805
0.0060691888506601	0.793508670212093	47
0.0121730123549999	0.796052683519412	47
0.0108802161081898	0.795949787637318	1699
0.00734920342264012	0.799800653832186	175
0.00734920342264012	0.799800653832186	175
0.00863284516271001	0.79267969100207	792
0.00734920342264012	0.799800653832186	235
0.0121730123549999	0.796052683519412	235
0.00734920342264012	0.799800653832186	1228
0.00734920342264012	0.799800653832186	301
0.00863284516271001	0.79267969100207	610
0.0121730123549999	0.796052683519412	140
0.0060691888506601	0.793508670212093	817
0.0108802161081898	0.795949787637318	1033
-0.0176495015563898	1.70086560688571	805
0.0157345823100901	0.786881337530458	1304
0.00734920342264012	0.799800653832186	424
0.00734920342264012	0.799800653832186	778
0.00734920342264012	0.799800653832186	235
0.0060691888506601	0.793508670212093	1116
0.0060691888506601	0.793508670212093	1116
0.0060691888506601	0.793508670212093	2380
0.0060691888506601	0.793508670212093	2380
0.0108802161081898	0.795949787637318	1986
0.00734920342264012	0.799800653832186	1986
0.00734920342264012	0.799800653832186	778
0.00863284516271001	0.79267969100207	792
0.00734920342264012	0.799800653832186	301
0.00863284516271001	0.79267969100207	301
0.00863284516271001	0.79267969100207	1116
0.00734920342264012	0.799800653832186	805
0.00734920342264012	0.799800653832186	138
0.00734920342264012	0.799800653832186	47
0.0060691888506601	0.793508670212093	1271
0.0108802161081898	0.795949787637318	235
0.0121730123549999	0.796052683519412	235
0.00734920342264012	0.799800653832186	235
0.00734920342264012	0.799800653832186	720
0.0108802161081898	0.795949787637318	720
0.00734920342264012	0.799800653832186	301
0.00863284516271001	0.79267969100207	301
0.0060691888506601	0.793508670212093	2282
0.00863284516271001	0.79267969100207	1968
0.0060691888506601	0.793508670212093	1968
-0.00457259558963008	1.71857473310691	8
0.00734920342264012	0.799800653832186	628
0.0060691888506601	0.793508670212093	140
0.00863284516271001	0.79267969100207	140
0.0060691888506601	0.793508670212093	817
0.00734920342264012	0.799800653832186	2484
0.00734920342264012	0.799800653832186	69
0.00734920342264012	0.799800653832186	138
0.0121730123549999	0.796052683519412	138
0.00734920342264012	0.799800653832186	138
0.0060691888506601	0.793508670212093	3490
0.00863284516271001	0.79267969100207	47
0.00734920342264012	0.799800653832186	1271
0.00734920342264012	0.799800653832186	682
0.00734920342264012	0.799800653832186	235
0.00863284516271001	0.79267969100207	235
0.0121730123549999	0.796052683519412	720
0.0060691888506601	0.793508670212093	720
0.00734920342264012	0.799800653832186	2507
0.0108802161081898	0.795949787637318	2282
0.0060691888506601	0.793508670212093	178
0.0060691888506601	0.793508670212093	1968
0.0060691888506601	0.793508670212093	628
0.0060691888506601	0.793508670212093	817
0.0060691888506601	0.793508670212093	817
0.00734920342264012	0.799800653832186	817
0.00734920342264012	0.799800653832186	1116
0.00734920342264012	0.799800653832186	805
0.0060691888506601	0.793508670212093	805
0.00734920342264012	0.799800653832186	47
0.0060691888506601	0.793508670212093	138
0.0121730123549999	0.796052683519412	551
0.0157345823100901	0.786881337530458	759
0.0060691888506601	0.793508670212093	178
0.00734920342264012	0.799800653832186	140
0.0108802161081898	0.795949787637318	830
0.00734920342264012	0.799800653832186	1806
0.0060691888506601	0.793508670212093	778
0.00734920342264012	0.799800653832186	1271
0.00734920342264012	0.799800653832186	682
0.00734920342264012	0.799800653832186	2507
0.00734920342264012	0.799800653832186	140
0.0121730123549999	0.796052683519412	817
0.0060691888506601	0.793508670212093	1116
0.0121730123549999	0.796052683519412	138
-0.01656706863373	1.70009377125699	355
0.00734920342264012	0.799800653832186	1806
0.0121730123549999	0.796052683519412	778
0.00734920342264012	0.799800653832186	778
0.0108802161081898	0.795949787637318	778
0.00734920342264012	0.799800653832186	235
0.00734920342264012	0.799800653832186	610
0.00734920342264012	0.799800653832186	1380
0.0121730123549999	0.796052683519412	138
0.0060691888506601	0.793508670212093	138
0.00734920342264012	0.799800653832186	93
0.00734920342264012	0.799800653832186	2027
0.00734920342264012	0.799800653832186	1806
0.00734920342264012	0.799800653832186	778
0.00734920342264012	0.799800653832186	1271
0.00734920342264012	0.799800653832186	682
-0.01529525628992	1.70460271311389	2507
0.0108802161081898	0.795949787637318	2507
0.00863284516271001	0.79267969100207	140
0.0108802161081898	0.795949787637318	108
0.0108802161081898	0.795949787637318	805
0.0121730123549999	0.796052683519412	720
0.00734920342264012	0.799800653832186	301
0.00863284516271001	0.79267969100207	301
0.00863284516271001	0.79267969100207	3572
0.0108802161081898	0.795949787637318	178
0.00734920342264012	0.799800653832186	178
0.00734920342264012	0.799800653832186	178
0.00734920342264012	0.799800653832186	892
0.00863284516271001	0.79267969100207	8
0.0121730123549999	0.796052683519412	3200
0.00734920342264012	0.799800653832186	108
0.00863284516271001	0.79267969100207	1806
0.0121730123549999	0.796052683519412	3351
0.0060691888506601	0.793508670212093	3351
0.00863284516271001	0.79267969100207	26
0.0108802161081898	0.795949787637318	3572
0.00734920342264012	0.799800653832186	178
0.00734920342264012	0.799800653832186	1285
-0.0074041625731498	1.72004178733985	1285
0.00734920342264012	0.799800653832186	1479
0.00734920342264012	0.799800653832186	1479
0.00734920342264012	0.799800653832186	1479
0.00863284516271001	0.79267969100207	2769
0.00734920342264012	0.799800653832186	1116
0.0060691888506601	0.793508670212093	1116
0.00863284516271001	0.79267969100207	47
0.00734920342264012	0.799800653832186	138
0.0121730123549999	0.796052683519412	183
0.0060691888506601	0.793508670212093	424
0.0157345823100901	0.786881337530458	778
0.00863284516271001	0.79267969100207	778
0.0121730123549999	0.796052683519412	235
0.0108802161081898	0.795949787637318	235
0.0060691888506601	0.793508670212093	235
0.00734920342264012	0.799800653832186	301
0.00734920342264012	0.799800653832186	1479
0.00863284516271001	0.79267969100207	476
0.0108802161081898	0.795949787637318	476
0.0060691888506601	0.793508670212093	1116
0.00863284516271001	0.79267969100207	108
0.0060691888506601	0.793508670212093	138
0.0060691888506601	0.793508670212093	355
0.00734920342264012	0.799800653832186	263
0.00863284516271001	0.79267969100207	778
0.00863284516271001	0.79267969100207	224
0.00863284516271001	0.79267969100207	235
0.00734920342264012	0.799800653832186	3462
0.00734920342264012	0.799800653832186	476
0.00734920342264012	0.799800653832186	93
0.00863284516271001	0.79267969100207	263
0.0108802161081898	0.795949787637318	301
0.00734920342264012	0.799800653832186	2027
0.0108802161081898	0.795949787637318	778
0.00863284516271001	0.79267969100207	778
0.0060691888506601	0.793508670212093	778
0.00734920342264012	0.799800653832186	778
0.00734920342264012	0.799800653832186	235
0.00734920342264012	0.799800653832186	233
0.00734920342264012	0.799800653832186	2027
0.00734920342264012	0.799800653832186	32
0.00734920342264012	0.799800653832186	235
0.00734920342264012	0.799800653832186	138
0.0121730123549999	0.796052683519412	138
0.0108802161081898	0.795949787637318	235
0.0060691888506601	0.793508670212093	1662
0.0060691888506601	0.793508670212093	2653
0.0060691888506601	0.793508670212093	138
0.0060691888506601	0.793508670212093	235
0.00734920342264012	0.799800653832186	224
0.0121730123549999	0.796052683519412	720
0.0108802161081898	0.795949787637318	257
0.00734920342264012	0.799800653832186	178
0.00734920342264012	0.799800653832186	8
0.0060691888506601	0.793508670212093	108
0.0060691888506601	0.793508670212093	805
0.0121730123549999	0.796052683519412	138
0.00734920342264012	0.799800653832186	138
0.00734920342264012	0.799800653832186	47
0.00734920342264012	0.799800653832186	424
0.00734920342264012	0.799800653832186	2723
0.00863284516271001	0.79267969100207	488
-0.00812781346495983	1.68199601015403	1335
0.0060691888506601	0.793508670212093	138
0.00734920342264012	0.799800653832186	138
0.00863284516271001	0.79267969100207	138
0.0157345823100901	0.786881337530458	138
0.0108802161081898	0.795949787637318	1003
0.00734920342264012	0.799800653832186	776
0.0060691888506601	0.793508670212093	2723
0.0060691888506601	0.793508670212093	235
0.00734920342264012	0.799800653832186	1270
0.00734920342264012	0.799800653832186	108
0.00863284516271001	0.79267969100207	977
0.0121730123549999	0.796052683519412	805
0.00734920342264012	0.799800653832186	47
0.00734920342264012	0.799800653832186	577
0.0121730123549999	0.796052683519412	235
0.00734920342264012	0.799800653832186	613
-0.0135505854278799	1.70783040173358	1765
-0.0137831038735898	1.69555517070331	2625
0.00863284516271001	0.79267969100207	566
0.00734920342264012	0.799800653832186	263
0.0108802161081898	0.795949787637318	32
0.0108802161081898	0.795949787637318	275
0.0121730123549999	0.796052683519412	613
0.00863284516271001	0.79267969100207	263
0.0060691888506601	0.793508670212093	263
0.00734920342264012	0.799800653832186	26
0.0060691888506601	0.793508670212093	263
0.00734920342264012	0.799800653832186	26
0.0060691888506601	0.793508670212093	47
0.0060691888506601	0.793508670212093	1367
0.0060691888506601	0.793508670212093	263
0.0121730123549999	0.796052683519412	275
0.00734920342264012	0.799800653832186	566
0.0121730123549999	0.796052683519412	566
0.00734920342264012	0.799800653832186	47
0.0121730123549999	0.796052683519412	1159
0.00734920342264012	0.799800653832186	47
0.0108802161081898	0.795949787637318	1159
0.00734920342264012	0.799800653832186	47
0.0060691888506601	0.793508670212093	1293
0.0060691888506601	0.793508670212093	47
0.0060691888506601	0.793508670212093	275
0.0060691888506601	0.793508670212093	1310
0.00734920342264012	0.799800653832186	275
-0.00586123918728987	1.71636616011543	275
0.00734920342264012	0.799800653832186	424
0.0108802161081898	0.795949787637318	26
0.00863284516271001	0.79267969100207	47
0.0108802161081898	0.795949787637318	1550
0.00863284516271001	0.79267969100207	660
0.00863284516271001	0.79267969100207	275
0.0060691888506601	0.793508670212093	57
0.00863284516271001	0.79267969100207	57
0.0060691888506601	0.793508670212093	1829
0.0060691888506601	0.793508670212093	47
0.0108802161081898	0.795949787637318	57
0.0060691888506601	0.793508670212093	1829
0.0060691888506601	0.793508670212093	2513
0.0060691888506601	0.793508670212093	275
-0.00199532471825004	1.71132903499024	1293
0.0060691888506601	0.793508670212093	1829
0.00734920342264012	0.799800653832186	1061
0.0060691888506601	0.793508670212093	3407
0.0060691888506601	0.793508670212093	3454
0.0121730123549999	0.796052683519412	57
0.00863284516271001	0.79267969100207	127
0.00734920342264012	0.799800653832186	2513
-0.00555349936069982	1.68743490680913	1061
0.0108802161081898	0.795949787637318	1008
0.00734920342264012	0.799800653832186	275
0.00734920342264012	0.799800653832186	275
0.0060691888506601	0.793508670212093	57
0.00863284516271001	0.79267969100207	57
-0.00431713259999	1.71320896030049	275
0.0121730123549999	0.796052683519412	57
0.0108802161081898	0.795949787637318	14
0.00734920342264012	0.799800653832186	275
0.00734920342264012	0.799800653832186	340
0.0121730123549999	0.796052683519412	47
-0.0112382891393499	1.71924327267148	275
0.0060691888506601	0.793508670212093	57
0.00734920342264012	0.799800653832186	3094
0.0060691888506601	0.793508670212093	565
0.0060691888506601	0.793508670212093	275
0.00734920342264012	0.799800653832186	47
0.0121730123549999	0.796052683519412	275
0.0060691888506601	0.793508670212093	275
-0.0137831038735898	1.69555517070331	565
0.0060691888506601	0.793508670212093	3635
0.00863284516271001	0.79267969100207	127
0.0108802161081898	0.795949787637318	275
0.00734920342264012	0.799800653832186	535
0.0108802161081898	0.795949787637318	275
0.0060691888506601	0.793508670212093	565
0.00734920342264012	0.799800653832186	57
0.0060691888506601	0.793508670212093	465
0.0060691888506601	0.793508670212093	465
0.0121730123549999	0.796052683519412	386
0.00863284516271001	0.79267969100207	2714
0.0060691888506601	0.793508670212093	386
0.00863284516271001	0.79267969100207	1191
0.00734920342264012	0.799800653832186	535
0.00734920342264012	0.799800653832186	565
-0.0135505854278799	1.70783040173358	506
0.0060691888506601	0.793508670212093	465
0.00734920342264012	0.799800653832186	57
0.0060691888506601	0.793508670212093	465
-0.000449171259909953	1.70475623934202	565
-0.00173836048712994	1.69966120173408	1633
0.00734920342264012	0.799800653832186	535
0.00734920342264012	0.799800653832186	14
0.0121730123549999	0.796052683519412	275
0.0060691888506601	0.793508670212093	565
0.00734920342264012	0.799800653832186	573
0.00734920342264012	0.799800653832186	573
0.0108802161081898	0.795949787637318	2951
0.00863284516271001	0.79267969100207	127
0.0121730123549999	0.796052683519412	127
0.00734920342264012	0.799800653832186	57
0.0157345823100901	0.786881337530458	542
0.00734920342264012	0.799800653832186	57
0.00863284516271001	0.79267969100207	57
0.0121730123549999	0.796052683519412	882
0.00734920342264012	0.799800653832186	161
0.0060691888506601	0.793508670212093	275
0.0157345823100901	0.786881337530458	535
0.0108802161081898	0.795949787637318	535
0.0157345823100901	0.786881337530458	929
0.00863284516271001	0.79267969100207	565
0.00734920342264012	0.799800653832186	57
0.0060691888506601	0.793508670212093	14
0.0060691888506601	0.793508670212093	882
0.0060691888506601	0.793508670212093	2774
0.0060691888506601	0.793508670212093	1678
0.00863284516271001	0.79267969100207	47
0.00863284516271001	0.79267969100207	882
0.0060691888506601	0.793508670212093	161
-0.00996646108536003	1.72277331334905	542
0.0060691888506601	0.793508670212093	882
0.0121730123549999	0.796052683519412	57
0.0121730123549999	0.796052683519412	127
0.0108802161081898	0.795949787637318	57
0.00734920342264012	0.799800653832186	882
0.00734920342264012	0.799800653832186	398
0.0108802161081898	0.795949787637318	1289
0.0157345823100901	0.786881337530458	1289
0.0108802161081898	0.795949787637318	1531
0.0108802161081898	0.795949787637318	1289
0.00734920342264012	0.799800653832186	2187
0.00734920342264012	0.799800653832186	1239
0.00734920342264012	0.799800653832186	1239
0.0060691888506601	0.793508670212093	1290
0.00734920342264012	0.799800653832186	57
0.0060691888506601	0.793508670212093	1289
0.0060691888506601	0.793508670212093	3
-0.0140238206906198	1.70618402842073	1656
0.00734920342264012	0.799800653832186	57
0.0060691888506601	0.793508670212093	2285
0.00863284516271001	0.79267969100207	377
0.00734920342264012	0.799800653832186	707
0.0060691888506601	0.793508670212093	707
0.0157345823100901	0.786881337530458	707
0.0121730123549999	0.796052683519412	1239
0.00734920342264012	0.799800653832186	1290
0.00734920342264012	0.799800653832186	57
0.00863284516271001	0.79267969100207	57
0.0121730123549999	0.796052683519412	1552
0.0060691888506601	0.793508670212093	815
0.00734920342264012	0.799800653832186	2700
0.00734920342264012	0.799800653832186	161
0.00863284516271001	0.79267969100207	2285
0.00734920342264012	0.799800653832186	2285
0.00734920342264012	0.799800653832186	2122
0.0060691888506601	0.793508670212093	2122
-0.01529525628992	1.70460271311389	398
0.00863284516271001	0.79267969100207	57
0.00734920342264012	0.799800653832186	1000
0.0060691888506601	0.793508670212093	3137
0.0121730123549999	0.796052683519412	57
0.00734920342264012	0.799800653832186	789
0.0060691888506601	0.793508670212093	815
0.0060691888506601	0.793508670212093	1289
0.00734920342264012	0.799800653832186	1289
0.0121730123549999	0.796052683519412	1289
0.0121730123549999	0.796052683519412	2700
0.0108802161081898	0.795949787637318	2700
0.0121730123549999	0.796052683519412	2285
0.00734920342264012	0.799800653832186	2122
0.00863284516271001	0.79267969100207	57
0.0108802161081898	0.795949787637318	1000
0.0108802161081898	0.795949787637318	57
0.00863284516271001	0.79267969100207	14
0.00863284516271001	0.79267969100207	1289
0.0121730123549999	0.796052683519412	1124
0.0049676276098598	1.68718658167361	573
0.00863284516271001	0.79267969100207	506
-0.00996646108536003	1.72277331334905	707
0.0060691888506601	0.793508670212093	57
0.00734920342264012	0.799800653832186	3251
0.0060691888506601	0.793508670212093	896
0.00734920342264012	0.799800653832186	1062
0.0121730123549999	0.796052683519412	2943
0.0108802161081898	0.795949787637318	789
0.0060691888506601	0.793508670212093	1289
0.0157345823100901	0.786881337530458	161
0.00734920342264012	0.799800653832186	57
0.00734920342264012	0.799800653832186	1000
0.0121730123549999	0.796052683519412	896
0.00734920342264012	0.799800653832186	57
0.00734920342264012	0.799800653832186	2943
0.0060691888506601	0.793508670212093	679
0.00734920342264012	0.799800653832186	1289
0.0060691888506601	0.793508670212093	3
0.0108802161081898	0.795949787637318	3
0.0060691888506601	0.793508670212093	1124
0.00863284516271001	0.79267969100207	1124
0.00863284516271001	0.79267969100207	815
0.00734920342264012	0.799800653832186	973
0.00863284516271001	0.79267969100207	973
0.0121730123549999	0.796052683519412	2048
0.00863284516271001	0.79267969100207	57
0.0060691888506601	0.793508670212093	14
0.00863284516271001	0.79267969100207	2309
0.0060691888506601	0.793508670212093	3
0.0121730123549999	0.796052683519412	195
0.0060691888506601	0.793508670212093	2280
0.0108802161081898	0.795949787637318	1124
0.0108802161081898	0.795949787637318	57
0.0060691888506601	0.793508670212093	57
0.0121730123549999	0.796052683519412	57
0.0060691888506601	0.793508670212093	57
0.0060691888506601	0.793508670212093	896
0.0121730123549999	0.796052683519412	1062
0.0060691888506601	0.793508670212093	789
0.00734920342264012	0.799800653832186	3
0.00734920342264012	0.799800653832186	2048
0.0108802161081898	0.795949787637318	195
0.00734920342264012	0.799800653832186	707
0.0060691888506601	0.793508670212093	3171
0.0121730123549999	0.796052683519412	57
0.00734920342264012	0.799800653832186	57
0.0108802161081898	0.795949787637318	57
0.00734920342264012	0.799800653832186	426
0.00863284516271001	0.79267969100207	3
0.0121730123549999	0.796052683519412	3
0.00863284516271001	0.79267969100207	195
0.00734920342264012	0.799800653832186	195
0.0060691888506601	0.793508670212093	3264
0.0060691888506601	0.793508670212093	3264
-0.00996646108536003	1.72277331334905	127
0.0060691888506601	0.793508670212093	3264
0.00734920342264012	0.799800653832186	3667
-0.0148241425733899	1.69175619100861	3
-0.00328395643794988	1.71705345928228	57
0.00734920342264012	0.799800653832186	275
0.00863284516271001	0.79267969100207	936
0.0060691888506601	0.793508670212093	123
0.0121730123549999	0.796052683519412	123
0.0108802161081898	0.795949787637318	627
0.00734920342264012	0.799800653832186	123
-0.0189356258821798	1.69343889905583	137
0.0060691888506601	0.793508670212093	57
-0.0140238206906198	1.70618402842073	57
-0.0191899675961502	1.6868889485625	391
0.00734920342264012	0.799800653832186	123
0.0060691888506601	0.793508670212093	123
0.00734920342264012	0.799800653832186	427
0.0060691888506601	0.793508670212093	123
0.00734920342264012	0.799800653832186	259
0.00863284516271001	0.79267969100207	527
-0.0150772563865802	1.70463930478689	917
0.0108802161081898	0.795949787637318	57
-0.01633759951708	1.7007539088036	123
-0.00869223623192994	1.72302589955692	226
0.0157345823100901	0.786881337530458	57
0.0108802161081898	0.795949787637318	3530
0.0121730123549999	0.796052683519412	314
0.0108802161081898	0.795949787637318	57
0.0121730123549999	0.796052683519412	57
0.00734920342264012	0.799800653832186	427
0.00734920342264012	0.799800653832186	1261
0.0060691888506601	0.793508670212093	1261
0.00734920342264012	0.799800653832186	57
0.0121730123549999	0.796052683519412	57
0.00863284516271001	0.79267969100207	57
0.0108802161081898	0.795949787637318	57
0.00734920342264012	0.799800653832186	527
0.00863284516271001	0.79267969100207	3
0.00734920342264012	0.799800653832186	57
0.00734920342264012	0.799800653832186	123
0.0060691888506601	0.793508670212093	57
0.0060691888506601	0.793508670212093	527
-0.00869223623192994	1.72302589955692	656
0.0121730123549999	0.796052683519412	57
-0.00996646108536003	1.72277331334905	57
0.0121730123549999	0.796052683519412	427
-0.0109607849627502	1.70040372211638	57
0.0108802161081898	0.795949787637318	293
0.0060691888506601	0.793508670212093	1394
0.0060691888506601	0.793508670212093	1394
0.0121730123549999	0.796052683519412	1394
0.0108802161081898	0.795949787637318	137
0.0121730123549999	0.796052683519412	1394
0.0060691888506601	0.793508670212093	1956
0.0060691888506601	0.793508670212093	440
0.00863284516271001	0.79267969100207	440
0.00863284516271001	0.79267969100207	1394
0.0060691888506601	0.793508670212093	1394
0.00863284516271001	0.79267969100207	57
0.00863284516271001	0.79267969100207	57
-0.0112382891393499	1.71924327267148	57
-0.0110046220509101	1.71886834158457	812
0.00734920342264012	0.799800653832186	1153
0.00863284516271001	0.79267969100207	57
0.0108802161081898	0.795949787637318	57
0.00863284516271001	0.79267969100207	812
0.0121730123549999	0.796052683519412	345
0.00734920342264012	0.799800653832186	14
0.0121730123549999	0.796052683519412	57
0.0060691888506601	0.793508670212093	1015
0.00734920342264012	0.799800653832186	57
0.00734920342264012	0.799800653832186	1015
0.0108802161081898	0.795949787637318	107
0.0060691888506601	0.793508670212093	323
0.0060691888506601	0.793508670212093	323
0.00734920342264012	0.799800653832186	1240
-0.00869223623192994	1.72302589955692	469
0.0108802161081898	0.795949787637318	57
0.00734920342264012	0.799800653832186	57
0.0108802161081898	0.795949787637318	536
0.00734920342264012	0.799800653832186	674
0.0108802161081898	0.795949787637318	674
0.0121730123549999	0.796052683519412	274
0.00734920342264012	0.799800653832186	274
0.0157345823100901	0.786881337530458	17
0.0108802161081898	0.795949787637318	57
0.0108802161081898	0.795949787637318	57
0.0121730123549999	0.796052683519412	2191
0.0060691888506601	0.793508670212093	674
0.0108802161081898	0.795949787637318	674
0.0060691888506601	0.793508670212093	2113
0.00734920342264012	0.799800653832186	107
0.0108802161081898	0.795949787637318	57
0.00734920342264012	0.799800653832186	674
0.0108802161081898	0.795949787637318	674
0.00734920342264012	0.799800653832186	674
0.00734920342264012	0.799800653832186	17
0.0060691888506601	0.793508670212093	2113
-0.00818584741928996	1.70604941196116	57
0.00734920342264012	0.799800653832186	2478
0.00863284516271001	0.79267969100207	2384
0.00863284516271001	0.79267969100207	107
0.0060691888506601	0.793508670212093	674
0.0108802161081898	0.795949787637318	674
0.0157345823100901	0.786881337530458	674
0.0060691888506601	0.793508670212093	674
0.0157345823100901	0.786881337530458	674
0.00734920342264012	0.799800653832186	2384
0.00734920342264012	0.799800653832186	3235
0.00734920342264012	0.799800653832186	17
0.00734920342264012	0.799800653832186	17
-0.00457259558963008	1.71857473310691	323
0.00863284516271001	0.79267969100207	17
0.00734920342264012	0.799800653832186	452
-0.0068962743814498	1.71251196979478	323
0.0060691888506601	0.793508670212093	287
0.00734920342264012	0.799800653832186	643
0.0060691888506601	0.793508670212093	350
0.00734920342264012	0.799800653832186	955
0.0060691888506601	0.793508670212093	643
0.0108802161081898	0.795949787637318	350
0.0060691888506601	0.793508670212093	486
0.0060691888506601	0.793508670212093	486
0.0108802161081898	0.795949787637318	955
0.0060691888506601	0.793508670212093	203
0.0060691888506601	0.793508670212093	643
0.0108802161081898	0.795949787637318	350
0.0060691888506601	0.793508670212093	250
0.00734920342264012	0.799800653832186	643
-0.00148013998990981	1.70098221572273	287
-0.0056067017849899	1.71471682539001	808
0.0060691888506601	0.793508670212093	2986
0.0060691888506601	0.793508670212093	439
-0.0150652075336302	1.70233441133424	203
0.0121730123549999	0.796052683519412	131
0.0060691888506601	0.793508670212093	287
0.00734920342264012	0.799800653832186	287
-0.0204755202455398	1.68797112003595	131
0.00863284516271001	0.79267969100207	75
0.0121730123549999	0.796052683519412	203
0.0060691888506601	0.793508670212093	75
0.00734920342264012	0.799800653832186	75
0.0108802161081898	0.795949787637318	75
-0.00996646108536003	1.72277331334905	75
-0.00967414028604985	1.69892896328487	75
0.0060691888506601	0.793508670212093	3299
0.0060691888506601	0.793508670212093	3299
0.00863284516271001	0.79267969100207	60
0.00863284516271001	0.79267969100207	597
0.0108802161081898	0.795949787637318	926
0.0108802161081898	0.795949787637318	3443
0.0108802161081898	0.795949787637318	75
0.0060691888506601	0.793508670212093	2250
0.00863284516271001	0.79267969100207	60
0.0121730123549999	0.796052683519412	597
0.0108802161081898	0.795949787637318	597
0.0060691888506601	0.793508670212093	926
0.00863284516271001	0.79267969100207	60
0.0121730123549999	0.796052683519412	60
0.0108802161081898	0.795949787637318	1875
0.0121730123549999	0.796052683519412	60
0.00734920342264012	0.799800653832186	1875
0.00863284516271001	0.79267969100207	933
0.0121730123549999	0.796052683519412	933
0.0060691888506601	0.793508670212093	933
0.0060691888506601	0.793508670212093	75
0.00734920342264012	0.799800653832186	933
0.00734920342264012	0.799800653832186	60
0.00734920342264012	0.799800653832186	1839
0.00734920342264012	0.799800653832186	60
0.0060691888506601	0.793508670212093	75
0.00863284516271001	0.79267969100207	1839
0.00734920342264012	0.799800653832186	60
0.00863284516271001	0.79267969100207	2418
-0.0114820975132899	1.70102024385124	75
0.00780866398266999	1.65346699218294	1775
0.0121730123549999	0.796052683519412	1775
