x	y	clickSelects
0.11369260940414	1.12903998030414	220
-0.0994366217748499	1.07337601909298	220
-0.0962859388941899	1.07794902938213	220
-0.10207189684722	1.0722665323108	220
0.06629393122933	0.800830556955224	220
0.0262814404337699	1.28534591383754	92
-0.10963774583292	1.06759546587919	779
-0.04648134015328	0.48998410568291	232
-0.0453882713028699	0.491065821848087	626
-0.0513892655818	0.912810140512687	128
-0.0450337881962599	0.489974899858239	244
-0.03596148207418	0.486432467057371	244
-0.04792578460344	0.485631123308653	1610
-0.0401398580041299	0.492707629107706	9
-0.0450337881962599	0.489974899858239	25
-0.0426981136187199	0.488260410534648	13
-0.04393854515874	0.491057209685398	13
-0.0393101814310901	0.897594404510045	13
-0.04792578460344	0.485631123308653	932
0.0665202137715899	0.791170383160884	414
0.0385872230668101	1.29967817098001	414
0.11197222753272	1.11175556141382	29
-0.04393854515874	0.491057209685398	220
-0.04393854515874	0.491057209685398	576
-0.0517509107762599	0.485976898894524	779
-0.0450337881962599	0.489974899858239	153
-0.0412422299414701	0.49161470941807	160
-0.0517509107762599	0.485976898894524	160
-0.0453882713028699	0.491065821848087	626
-0.03867863790684	0.489990587090443	888
-0.0401398580041299	0.492707629107706	385
-0.0465029461993001	0.487589009547808	385
-0.03867863790684	0.489990587090443	385
0.07280368997465	0.801127382429996	1709
0.0584219599332101	0.787317172029354	34
-0.0450337881962599	0.489974899858239	13
-0.04393854515874	0.491057209685398	414
-0.1029783305915	1.86356790139884	23
-0.0491547184327099	0.912416094166212	23
-0.04159792656106	0.489337286075825	389
-0.0503000792695401	0.485973419912067	153
-0.1042640225063	1.07483586979764	160
-0.03867863790684	0.489990587090443	249
-0.03596148207418	0.486432467057371	626
-0.04792578460344	0.485631123308653	244
0.06493266273026	0.795584214388428	1709
-0.05770404060749	0.897029947596535	1087
-0.0401398580041299	0.492707629107706	414
0.11954826418869	1.12304442653829	3508
-0.05191219593996	1.59155284751631	1051
0.0650023200374801	0.799635859648323	1107
0.02504302796115	1.78176438893826	1107
0.06216046842741	0.789051343065144	160
-0.0453882713028699	0.491065821848087	626
-0.0401398580041299	0.492707629107706	626
-0.0450337881962599	0.489974899858239	244
0.0651991094415301	0.791620042971659	1709
-0.0435831175093799	0.4860389300833	2315
-0.0435831175093799	0.4860389300833	785
-0.0517509107762599	0.485976898894524	768
-0.0426981136187199	0.488260410534648	247
-0.04648134015328	0.48998410568291	9
-0.04393854515874	0.491057209685398	553
-0.0453882713028699	0.491065821848087	553
-0.03596148207418	0.486432467057371	13
-0.04648134015328	0.48998410568291	13
-0.0159756152502399	1.46243036899582	1051
0.10352289426865	2.44265784756194	1135
0.0243349571812499	1.27012300838716	576
-0.0485660098477001	1.6020679315697	92
-0.04393854515874	0.491057209685398	153
-0.0412422299414701	0.49161470941807	249
-0.0453882713028699	0.491065821848087	249
-0.0453882713028699	0.491065821848087	626
-0.0453882713028699	0.491065821848087	626
-0.0450337881962599	0.489974899858239	626
0.12159300542251	1.13205525850051	128
-0.0450337881962599	0.489974899858239	785
-0.0453882713028699	0.491065821848087	785
-0.0453882713028699	0.491065821848087	572
-0.0435831175093799	0.4860389300833	9
-0.0401398580041299	0.492707629107706	9
-0.0397831978713901	0.488909487893217	9
-0.04648134015328	0.48998410568291	1087
-0.04648134015328	0.48998410568291	553
-0.064362116656	1.59882112304989	62
-0.0790808118894	1.73193786001732	1135
0.0769075904867	0.797547015895299	92
-0.05104994141012	0.91254510534318	576
0.0651991094415301	0.791620042971659	576
-0.05361646685346	0.908376591071996	92
-0.10605844037982	1.06590418703701	389
-0.0348497457467101	0.487505243218888	249
-0.04393854515874	0.491057209685398	385
-0.0412422299414701	0.49161470941807	55
-0.04648134015328	0.48998410568291	55
-0.0517509107762599	0.485976898894524	55
-0.0517509107762599	0.485976898894524	9
-0.0453882713028699	0.491065821848087	9
0.07582095063623	0.803772600889529	1087
-0.0453882713028699	0.491065821848087	13
-0.04393854515874	0.491057209685398	297
-0.10480916148539	1.05328151700328	305
0.0734049768074401	0.792812846293566	305
0.12239813910867	1.14469198923518	62
0.12108255309914	1.14394989801968	220
-0.0437623736411199	0.911352362549489	272
0.06629393122933	0.800830556955224	128
0.0706231275959299	0.798124052962526	128
-0.03596148207418	0.486432467057371	1617
-0.0453882713028699	0.491065821848087	7
-0.04792578460344	0.485631123308653	55
-0.0426981136187199	0.488260410534648	9
-0.0401398580041299	0.492707629107706	9
-0.04393854515874	0.491057209685398	9
-0.04248569716236	0.487103907991292	1146
-0.0468348868246	0.486692367864221	13
-0.0250631674147901	1.4529292683874	414
0.0941320365198599	1.68948260751893	305
-0.10288649904736	1.8532678186932	29
-0.04188439232428	0.923690330704584	262
0.0703868441081701	0.807034365925312	1051
-0.03084978728913	1.43392999404211	92
-0.0401398580041299	0.492707629107706	71
-0.0411896962709799	0.912699358809601	71
0.10449440404083	1.1090418420024	71
-0.0497525653888	0.912053996829086	160
0.0706231275959299	0.798124052962526	249
-0.04648134015328	0.48998410568291	2467
-0.04648134015328	0.48998410568291	9
-0.04393854515874	0.491057209685398	2315
0.0687072263488899	0.794144549178341	2315
-0.0453882713028699	0.491065821848087	785
-0.0397831978713901	0.488909487893217	785
-0.04393854515874	0.491057209685398	1101
-0.04248569716236	0.487103907991292	1101
-0.0453882713028699	0.491065821848087	9
0.0730404754656799	0.805716297602441	9
-0.0453882713028699	0.491065821848087	1087
-0.0412422299414701	0.49161470941807	954
-0.04248569716236	0.487103907991292	13
-0.0453882713028699	0.491065821848087	13
-0.0412422299414701	0.49161470941807	3084
0.0241706028930699	1.28859064298788	305
0.0673879387471601	0.794603309712501	29
0.0660972750431901	0.793424923313814	526
-0.04393854515874	0.491057209685398	526
-0.0348497457467101	0.487505243218888	1051
-0.0479621547610301	0.484281434940963	220
0.1136972393646	1.13047729306499	173
-0.0196573080493601	1.45961721043489	92
-0.02699321976777	1.4495560680706	1107
-0.0456513455168199	0.923679325795707	71
0.11522406829293	1.1394080960292	71
-0.05608306554825	0.906709774192598	71
-0.05420149670243	0.906837737262896	232
0.07473350741888	0.794587624378978	2467
0.07003232504343	0.791841314550571	7
-0.0453882713028699	0.491065821848087	149
0.0595163419992799	0.788298487905879	1268
-0.0450337881962599	0.489974899858239	9
0.06629393122933	0.800830556955224	9
-0.0531986137434599	0.481686443078168	3365
-0.04393854515874	0.491057209685398	2287
0.12016968321942	1.12996331364642	9
-0.04648134015328	0.48998410568291	13
-0.0468348868246	0.486692367864221	954
-0.04792578460344	0.485631123308653	954
-0.0450337881962599	0.489974899858239	838
-0.0503000792695401	0.485973419912067	305
0.11430958082354	1.13747820111025	305
0.0273007201425299	1.27824646871837	305
-0.0401398580041299	0.492707629107706	526
-0.0479621547610301	0.484281434940963	262
-0.0497659370935899	0.912456900106155	92
-0.06722740743798	1.59742497032889	92
-0.10292187049429	1.07406679929981	160
-0.0441079972237699	0.918202907355338	232
-0.04648134015328	0.48998410568291	7
-0.04153769492717	0.923739548640697	7
0.0701513798267499	0.798112285981421	149
-0.0401398580041299	0.492707629107706	34
-0.04648134015328	0.48998410568291	785
0.06894018726966	0.797991249064816	9
-0.04648134015328	0.48998410568291	13
-0.0450337881962599	0.489974899858239	13
0.03379586714286	1.3012786747185	2103
-0.0468348868246	0.486692367864221	305
0.0264237438213499	1.27295777306571	305
-0.0296239337237401	1.45129498104951	305
-0.0729951851677899	2.11264085407027	29
-0.04648134015328	0.48998410568291	1135
-0.0441079972237699	0.918202907355338	173
-0.10027145268496	1.07869151777431	92
-0.0653473900430901	1.59163976699756	92
0.0717138128511201	0.807457867769169	389
-0.0453882713028699	0.491065821848087	272
-0.0453882713028699	0.491065821848087	71
-0.04393854515874	0.491057209685398	71
0.12371490086477	1.14325354419679	1148
0.0701513798267499	0.798112285981421	2467
-0.04393854515874	0.491057209685398	149
-0.04648134015328	0.48998410568291	149
-0.0517509107762599	0.485976898894524	149
-0.0401398580041299	0.492707629107706	1831
-0.0450337881962599	0.489974899858239	2169
-0.0401398580041299	0.492707629107706	785
-0.0453882713028699	0.491065821848087	806
-0.04648134015328	0.48998410568291	2287
-0.0453882713028699	0.491065821848087	9
-0.0453882713028699	0.491065821848087	894
-0.05010645561376	0.914136723856593	29
-0.0401398580041299	0.492707629107706	526
0.0703868441081701	0.807034365925312	1051
0.02763785020539	1.28898473194647	232
-0.04505446773579	0.916413500388825	128
-0.05199402681515	0.901962416497495	2467
-0.04393854515874	0.491057209685398	7
-0.0468348868246	0.486692367864221	55
-0.0453882713028699	0.491065821848087	9
-0.0417942820745001	0.912083987605781	202
-0.0401398580041299	0.492707629107706	9
-0.04393854515874	0.491057209685398	9
-0.0450337881962599	0.489974899858239	82
-0.0401398580041299	0.492707629107706	13
-0.04792578460344	0.485631123308653	13
-0.10791549032325	1.05329286000366	29
-0.08711796177358	1.72855043577331	29
-0.0401398580041299	0.492707629107706	1526
0.11500962654846	1.12955402639847	23
-0.10383762719152	1.06884512345608	1107
-0.0450337881962599	0.489974899858239	678
-0.0517509107762599	0.485976898894524	2100
0.0673879387471601	0.794603309712501	286
0.0703868441081701	0.807034365925312	55
-0.04792578460344	0.485631123308653	806
-0.04792578460344	0.485631123308653	9
-0.04393854515874	0.491057209685398	13
-0.04159792656106	0.489337286075825	13
-0.03867863790684	0.489990587090443	13
-0.0517509107762599	0.485976898894524	265
0.07355832208282	2.13435248776393	414
-0.0495040319376301	0.916260886053364	23
-0.03867863790684	0.489990587090443	1526
-0.04471095424489	0.925292967788079	23
-0.0864307108417	2.20112400324653	23
-0.04599496688161	0.92465607668814	71
-0.04648134015328	0.48998410568291	678
0.0638425099865601	0.794596926536509	7
-0.0453882713028699	0.491065821848087	1268
0.06371017708573	0.796477488281912	9
-0.0412422299414701	0.49161470941807	9
-0.0450337881962599	0.489974899858239	34
-0.0450337881962599	0.489974899858239	806
-0.0450337881962599	0.489974899858239	25
0.06761412650483	0.800352775712037	3620
-0.0412422299414701	0.49161470941807	265
-0.0434477333068799	0.885873451438625	62
-0.0469360618938901	0.923041358497123	262
0.0795598128585799	0.791893759756822	23
0.07449339049613	0.801962693736397	92
-0.0529172541256899	0.90913607423889	71
0.06216046842741	0.789051343065144	232
-0.0453882713028699	0.491065821848087	1148
-0.04648134015328	0.48998410568291	7
0.0703868441081701	0.807034365925312	55
0.06629393122933	0.800830556955224	290
-0.0412422299414701	0.49161470941807	9
-0.0453882713028699	0.491065821848087	9
-0.04648134015328	0.48998410568291	34
-0.0450337881962599	0.489974899858239	9
-0.04159792656106	0.489337286075825	297
-0.04648134015328	0.48998410568291	297
-0.07054770121475	1.57557550927004	646
0.12333367754504	2.03227175478027	262
-0.04393854515874	0.491057209685398	23
-0.0191525771471599	1.89756485500367	173
-0.0450337881962599	0.489974899858239	71
-0.05582540691181	0.901589955330941	153
-0.0469360618938901	0.923041358497123	149
-0.0435831175093799	0.4860389300833	149
-0.0401398580041299	0.492707629107706	149
-0.04648134015328	0.48998410568291	290
-0.0468348868246	0.486692367864221	290
-0.0450337881962599	0.489974899858239	9
-0.04393854515874	0.491057209685398	9
0.0673879387471601	0.794603309712501	9
0.0584219599332101	0.787317172029354	727
-0.04648134015328	0.48998410568291	1615
-0.04648134015328	0.48998410568291	34
-0.04884610787864	0.482105241849398	9
-0.0412422299414701	0.49161470941807	3346
0.11764169218383	1.1382697461348	994
0.0795598128585799	0.791893759756822	9
-0.04393854515874	0.491057209685398	9
-0.04648134015328	0.48998410568291	9
-0.0450337881962599	0.489974899858239	9
-0.04393854515874	0.491057209685398	9
-0.04648134015328	0.48998410568291	82
-0.0468348868246	0.486692367864221	13
-0.0468348868246	0.486692367864221	227
-0.04393854515874	0.491057209685398	13
0.06629393122933	0.800830556955224	13
-0.0401398580041299	0.492707629107706	265
-0.0401398580041299	0.492707629107706	646
0.0755809993940499	0.79576600509465	29
-0.04248569716236	0.487103907991292	262
0.11288630993847	1.11253457412291	23
-0.0453882713028699	0.491065821848087	23
0.06516596550042	0.795022296079777	71
-0.0453882713028699	0.491065821848087	7
-0.0450337881962599	0.489974899858239	149
-0.0465029461993001	0.487589009547808	290
0.07714819353063	0.802960629731615	9
-0.0450337881962599	0.489974899858239	34
-0.0450337881962599	0.489974899858239	34
0.0687072263488899	0.794144549178341	9
-0.04159792656106	0.489337286075825	13
-0.0453882713028699	0.491065821848087	13
0.0839129506840499	1.67820649950308	305
-0.04282308619426	0.92208865263228	62
-0.0517509107762599	0.485976898894524	23
0.07582095063623	0.803772600889529	71
0.06629393122933	0.800830556955224	1482
-0.0450337881962599	0.489974899858239	1148
-0.04393854515874	0.491057209685398	149
-0.04792578460344	0.485631123308653	467
-0.0435831175093799	0.4860389300833	290
-0.0450337881962599	0.489974899858239	290
-0.04159792656106	0.489337286075825	9
-0.0453882713028699	0.491065821848087	1615
-0.0453882713028699	0.491065821848087	9
0.06119464852235	0.785321770211079	9
-0.04648134015328	0.48998410568291	9
-0.03867863790684	0.489990587090443	9
-0.0348497457467101	0.487505243218888	13
-0.0468348868246	0.486692367864221	13
-0.0503000792695401	0.485973419912067	13
-0.0412422299414701	0.49161470941807	13
-0.0918304959832901	1.06674739417786	646
-0.0450337881962599	0.489974899858239	62
0.12196949537374	2.00929491780377	62
-0.05267158129615	0.909961163048385	62
-0.0523334516234399	0.911219653929393	397
-0.11274614667968	1.05465465489412	514
0.0634820643999401	0.78677156575863	153
0.0542776147508599	0.773679421818348	232
0.07847511448865	0.797981377492465	1253
0.0703868441081701	0.807034365925312	7
-0.04792578460344	0.485631123308653	149
-0.03631941323805	0.48685860015717	149
-0.0412422299414701	0.49161470941807	467
-0.0397831978713901	0.488909487893217	290
-0.0401398580041299	0.492707629107706	290
-0.0401398580041299	0.492707629107706	9
-0.0426981136187199	0.488260410534648	9
-0.0453882713028699	0.491065821848087	1265
-0.04248569716236	0.487103907991292	9
-0.0450337881962599	0.489974899858239	9
-0.0401398580041299	0.492707629107706	9
-0.02390248799897	2.41531654502586	29
-0.0450337881962599	0.489974899858239	78
-0.0517509107762599	0.485976898894524	299
-0.04393854515874	0.491057209685398	92
0.08234573582386	0.789840481657458	2271
-0.04792578460344	0.485631123308653	1107
-0.0450337881962599	0.489974899858239	1482
-0.0397831978713901	0.488909487893217	149
-0.0453882713028699	0.491065821848087	9
-0.0426981136187199	0.488260410534648	9
-0.0503000792695401	0.485973419912067	13
-0.0453882713028699	0.491065821848087	318
-0.04648134015328	0.48998410568291	2103
-0.0588410804730499	1.61367232397671	414
-0.0405997075807301	0.925343333700157	414
-0.04393854515874	0.491057209685398	576
-0.0401398580041299	0.492707629107706	92
-0.0397831978713901	0.488909487893217	1107
-0.0453882713028699	0.491065821848087	1105
-0.03631941323805	0.48685860015717	258
-0.0397831978713901	0.488909487893217	1253
-0.0397831978713901	0.488909487893217	7
-0.0503000792695401	0.485973419912067	55
-0.0450337881962599	0.489974899858239	3644
-0.0468348868246	0.486692367864221	9
-0.04159792656106	0.489337286075825	13
0.0688247753909299	0.791345125916077	13
-0.04287264879251	2.00076706722802	414
-0.05360102693868	0.904775724949146	646
0.11976814133334	1.14101976698945	62
-0.03867863790684	0.489990587090443	62
-0.01997423132612	1.46195386966811	23
0.0635143545296699	0.783250075911372	576
-0.0453882713028699	0.491065821848087	2271
-0.0450337881962599	0.489974899858239	2271
-0.03631941323805	0.48685860015717	1105
-0.04792578460344	0.485631123308653	128
-0.0426981136187199	0.488260410534648	149
0.0687072263488899	0.794144549178341	9
-0.04648134015328	0.48998410568291	9
-0.0401398580041299	0.492707629107706	265
-0.10611237371571	1.07131867487919	29
0.0634820643999401	0.78677156575863	62
-0.0412422299414701	0.49161470941807	78
-0.0426840182878101	0.481869506806391	78
-0.0453882713028699	0.491065821848087	78
-0.03631941323805	0.48685860015717	2271
-0.0517509107762599	0.485976898894524	1107
-0.10167042642446	1.07090321718563	128
-0.0450337881962599	0.489974899858239	9
-0.0468348868246	0.486692367864221	9
-0.04648134015328	0.48998410568291	9
-0.04648134015328	0.48998410568291	25
-0.0517509107762599	0.485976898894524	507
-0.04648134015328	0.48998410568291	507
0.06761412650483	0.800352775712037	13
-0.03596148207418	0.486432467057371	265
-0.0199269808221401	2.4059715497335	305
0.02399434181487	1.78383701421783	29
0.11215136418705	1.96103820304975	220
-0.0364364517828599	1.40701050272765	23
-0.0321177919458699	0.479383153990354	23
-0.04248569716236	0.487103907991292	576
0.02715835053264	1.29074878068211	92
-0.04159792656106	0.489337286075825	92
-0.0453882713028699	0.491065821848087	92
-0.04393854515874	0.491057209685398	71
-0.0435831175093799	0.4860389300833	128
-0.0412422299414701	0.49161470941807	3618
-0.0453882713028699	0.491065821848087	9
-0.04792578460344	0.485631123308653	2177
-0.0426981136187199	0.488260410534648	9
-0.04648134015328	0.48998410568291	13
-0.0453882713028699	0.491065821848087	13
0.0354525706334601	1.80986181886634	414
-0.0450337881962599	0.489974899858239	414
0.08082066148173	1.66722543006922	23
-0.03867863790684	0.489990587090443	92
-0.0465029461993001	0.487589009547808	71
-0.04393854515874	0.491057209685398	153
-0.0412422299414701	0.49161470941807	2402
-0.0435831175093799	0.4860389300833	258
-0.0397831978713901	0.488909487893217	7
-0.0401398580041299	0.492707629107706	149
-0.0450337881962599	0.489974899858239	34
-0.05010645561376	0.914136723856593	9
-0.0450337881962599	0.489974899858239	25
0.06794727744892	0.789750456823628	2728
-0.04316859756916	0.919795466641332	227
-0.0517509107762599	0.485976898894524	13
-0.0510358675050899	0.911415024923888	220
0.0276017250545899	1.27670359603976	62
0.0769075904867	0.797547015895299	23
-0.0412422299414701	0.49161470941807	23
0.0769075904867	0.797547015895299	576
-0.04248569716236	0.487103907991292	78
-0.0397831978713901	0.488909487893217	78
-0.04393854515874	0.491057209685398	639
-0.0450337881962599	0.489974899858239	128
0.0665202137715899	0.791170383160884	128
-0.0435831175093799	0.4860389300833	1243
-0.04393854515874	0.491057209685398	9
-0.0503000792695401	0.485973419912067	9
0.06629393122933	0.800830556955224	9
-0.04648134015328	0.48998410568291	2177
-0.04648134015328	0.48998410568291	9
0.06371017708573	0.796477488281912	2728
-0.0453882713028699	0.491065821848087	265
0.11653552101092	1.14304976312402	414
-0.0478809654432699	0.906022528095472	2350
-0.04792578460344	0.485631123308653	78
-0.04648134015328	0.48998410568291	78
-0.04248569716236	0.487103907991292	71
-0.0450337881962599	0.489974899858239	117
-0.0453882713028699	0.491065821848087	232
-0.0450337881962599	0.489974899858239	128
-0.0450337881962599	0.489974899858239	55
-0.04393854515874	0.491057209685398	9
-0.0517509107762599	0.485976898894524	9
-0.04648134015328	0.48998410568291	9
-0.0450337881962599	0.489974899858239	9
-0.04393854515874	0.491057209685398	3608
-0.0435831175093799	0.4860389300833	13
-0.04648134015328	0.48998410568291	414
-0.0401398580041299	0.492707629107706	29
-0.0450337881962599	0.489974899858239	23
-0.0412422299414701	0.49161470941807	78
-0.04393854515874	0.491057209685398	78
0.06648909798212	0.793349671169786	2487
-0.04393854515874	0.491057209685398	1911
-0.0450337881962599	0.489974899858239	1243
-0.03596148207418	0.486432467057371	9
-0.0450337881962599	0.489974899858239	25
-0.0401398580041299	0.492707629107706	13
-0.0401398580041299	0.492707629107706	13
-0.03631941323805	0.48685860015717	2541
-0.0503000792695401	0.485973419912067	2350
-0.04792578460344	0.485631123308653	62
-0.04792578460344	0.485631123308653	220
-0.0465029461993001	0.487589009547808	23
-0.0453882713028699	0.491065821848087	128
-0.0355546050138	0.91259213176541	414
0.06929519244363	0.797697255741726	29
-0.11278090341709	1.06159766663723	3387
-0.0494077553332399	0.916745201046687	397
-0.04159792656106	0.489337286075825	92
-0.0453882713028699	0.491065821848087	92
-0.0453882713028699	0.491065821848087	71
-0.0453882713028699	0.491065821848087	71
-0.04188439232428	0.923690330704584	71
-0.04648134015328	0.48998410568291	1911
-0.0426981136187199	0.488260410534648	286
-0.04119509926681	0.91408866732071	128
0.06516596550042	0.795022296079777	128
-0.0426981136187199	0.488260410534648	128
-0.0435831175093799	0.4860389300833	604
-0.0453882713028699	0.491065821848087	1049
-0.0468348868246	0.486692367864221	375
-0.0453882713028699	0.491065821848087	1243
-0.0412422299414701	0.49161470941807	9
0.0730404754656799	0.805716297602441	9
-0.04792578460344	0.485631123308653	2691
-0.04159792656106	0.489337286075825	25
0.0360336871806299	1.30081980987402	362
-0.0453882713028699	0.491065821848087	576
0.0769075904867	0.797547015895299	78
-0.04648134015328	0.48998410568291	78
-0.0401398580041299	0.492707629107706	71
-0.04648134015328	0.48998410568291	71
-0.0468348868246	0.486692367864221	2448
-0.04393854515874	0.491057209685398	9
0.0383990324283301	2.25907869937644	414
0.06629393122933	0.800830556955224	78
-0.0412422299414701	0.49161470941807	71
-0.0401398580041299	0.492707629107706	1149
-0.04648134015328	0.48998410568291	2460
-0.0348497457467101	0.487505243218888	258
-0.0426981136187199	0.488260410534648	258
-0.04393854515874	0.491057209685398	9
0.0662551419060999	0.796008569427114	9
-0.04648134015328	0.48998410568291	9
-0.04792578460344	0.485631123308653	25
-0.04648134015328	0.48998410568291	25
-0.0510358675050899	0.911415024923888	198
-0.0985075328615399	1.06770109925305	227
-0.04393854515874	0.491057209685398	265
-0.04393854515874	0.491057209685398	265
0.11653552101092	1.14304976312402	414
-0.0465858864231801	0.917919056840804	29
0.0714776862188999	0.800703716196944	220
-0.0412131570596701	0.482509497096658	685
0.11305781262253	1.09317048241663	220
-0.0450337881962599	0.489974899858239	23
-0.0497525653888	0.912053996829086	23
0.0703868441081701	0.807034365925312	23
-0.0468348868246	0.486692367864221	78
-0.04884610787864	0.482105241849398	78
-0.0468348868246	0.486692367864221	78
-0.03596148207418	0.486432467057371	325
-0.0453882713028699	0.491065821848087	71
-0.0453882713028699	0.491065821848087	71
-0.0450337881962599	0.489974899858239	1149
-0.0517509107762599	0.485976898894524	2448
-0.0453882713028699	0.491065821848087	375
-0.0450337881962599	0.489974899858239	9
-0.04393854515874	0.491057209685398	9
-0.0503000792695401	0.485973419912067	9
-0.04648134015328	0.48998410568291	25
-0.0450337881962599	0.489974899858239	25
-0.04792578460344	0.485631123308653	227
0.11733481824303	1.12854572843994	414
-0.0450337881962599	0.489974899858239	362
-0.04248569716236	0.487103907991292	29
-0.04159792656106	0.489337286075825	62
-0.03867863790684	0.489990587090443	62
-0.0468348868246	0.486692367864221	220
-0.04792578460344	0.485631123308653	130
-0.0401398580041299	0.492707629107706	130
-0.0450337881962599	0.489974899858239	23
-0.0426981136187199	0.488260410534648	3106
-0.04648134015328	0.48998410568291	397
0.0714776862188999	0.800703716196944	23
-0.0450337881962599	0.489974899858239	78
-0.03596148207418	0.486432467057371	595
-0.0545428425299399	0.910411715503773	71
-0.0453882713028699	0.491065821848087	71
-0.0393145443029299	0.925037681985631	78
-0.10565046346021	1.07151943966091	325
0.0801801113978	0.786958244673516	71
0.07449339049613	0.801962693736397	71
0.05974514847552	0.78851565291543	1495
0.07449339049613	0.801962693736397	1495
-0.1114018970194	1.05338747855357	1149
0.0673879387471601	0.794603309712501	1149
-0.0453882713028699	0.491065821848087	258
-0.04648134015328	0.48998410568291	9
-0.0453882713028699	0.491065821848087	55
-0.0412422299414701	0.49161470941807	2857
0.0703868441081701	0.807034365925312	9
0.0679669568919701	0.795117762229217	9
-0.0453882713028699	0.491065821848087	9
0.11876127548988	1.13372316181811	9
-0.0517509107762599	0.485976898894524	701
-0.04393854515874	0.491057209685398	9
-0.0453882713028699	0.491065821848087	1170
-0.04648134015328	0.48998410568291	392
-0.04393854515874	0.491057209685398	25
-0.04792578460344	0.485631123308653	25
-0.04648134015328	0.48998410568291	25
0.0719507577404199	0.796446112466694	227
-0.04648134015328	0.48998410568291	227
-0.04393854515874	0.491057209685398	227
-0.04648134015328	0.48998410568291	227
-0.02002273986154	1.45073417402433	2300
0.06773200665896	0.797493334056868	362
-0.04393854515874	0.491057209685398	414
-0.0426840182878101	0.481869506806391	414
-0.04648134015328	0.48998410568291	29
0.06516596550042	0.795022296079777	685
-0.0453882713028699	0.491065821848087	23
-0.04471095424489	0.925292967788079	78
-0.0453882713028699	0.491065821848087	78
-0.04159792656106	0.489337286075825	92
-0.0401398580041299	0.492707629107706	1597
-0.03867863790684	0.489990587090443	1495
-0.0450337881962599	0.489974899858239	1495
-0.0450337881962599	0.489974899858239	258
-0.0453882713028699	0.491065821848087	2857
-0.04393854515874	0.491057209685398	9
-0.0397831978713901	0.488909487893217	9
0.0660972750431901	0.793424923313814	9
-0.0401398580041299	0.492707629107706	130
-0.04648134015328	0.48998410568291	130
-0.0531986137434599	0.481686443078168	414
-0.0348497457467101	0.487505243218888	414
-0.0468348868246	0.486692367864221	29
0.06083855942342	0.78949740844192	3439
-0.04471095424489	0.925292967788079	3439
-0.05104994141012	0.91254510534318	414
0.0662551419060999	0.796008569427114	68
-0.0453882713028699	0.491065821848087	23
-0.10118980887217	1.06233110506993	23
-0.0623158806950901	1.58994139160476	23
-0.1154085696489	1.03093071938536	23
-0.03631941323805	0.48685860015717	78
-0.0517509107762599	0.485976898894524	1989
-0.0517509107762599	0.485976898894524	258
-0.0453882713028699	0.491065821848087	2448
-0.04648134015328	0.48998410568291	9
-0.04393854515874	0.491057209685398	2448
-0.04159792656106	0.489337286075825	9
-0.04648134015328	0.48998410568291	227
-0.01049857201238	1.89230665328738	414
-0.0376385609699501	2.05260038751047	414
-0.0397831978713901	0.488909487893217	1836
0.12199486311961	1.14588462773785	2300
-0.0958800557353801	1.05426068262406	1993
0.0714776862188999	0.800703716196944	29
0.11199129287263	1.11681701370556	29
0.0302005085177099	1.28770040881298	23
0.0635143545296699	0.783250075911372	78
-0.0453882713028699	0.491065821848087	2375
-0.0397831978713901	0.488909487893217	2375
-0.04159792656106	0.489337286075825	2979
-0.11009705169716	1.06831130270395	71
-0.04248569716236	0.487103907991292	1989
-0.0397831978713901	0.488909487893217	1149
0.0650023200374801	0.799635859648323	128
-0.04393854515874	0.491057209685398	1384
-0.0453882713028699	0.491065821848087	1384
-0.04648134015328	0.48998410568291	2448
-0.0453882713028699	0.491065821848087	9
-0.04648134015328	0.48998410568291	9
-0.0450337881962599	0.489974899858239	3610
-0.04393854515874	0.491057209685398	3610
-0.0453882713028699	0.491065821848087	9
0.06371017708573	0.796477488281912	9
-0.04393854515874	0.491057209685398	1170
-0.0453882713028699	0.491065821848087	392
0.06371017708573	0.796477488281912	227
-0.04393854515874	0.491057209685398	3172
-0.04159792656106	0.489337286075825	130
0.0810189089721001	0.789273824389394	414
-0.0531986137434599	0.481686443078168	414
0.07714819353063	0.802960629731615	414
-0.0412422299414701	0.49161470941807	29
-0.0390597543458	0.909622953653133	23
0.0679669568919701	0.795117762229217	23
-0.03867863790684	0.489990587090443	23
-0.04393854515874	0.491057209685398	78
-0.10125142557569	1.06118914865721	78
0.0719507577404199	0.796446112466694	595
-0.04648134015328	0.48998410568291	92
0.11613799391346	1.12853422989432	71
-0.0426981136187199	0.488260410534648	128
-0.0426981136187199	0.488260410534648	9
-0.0453882713028699	0.491065821848087	1170
-0.04248569716236	0.487103907991292	1170
-0.0450337881962599	0.489974899858239	227
-0.04393854515874	0.491057209685398	227
-0.04648134015328	0.48998410568291	616
-0.0397831978713901	0.488909487893217	220
-0.03867863790684	0.489990587090443	130
0.11784814879827	1.14469395101344	78
-0.03867863790684	0.489990587090443	78
-0.04159792656106	0.489337286075825	78
-0.0401398580041299	0.492707629107706	78
-0.0348497457467101	0.487505243218888	595
-0.0453882713028699	0.491065821848087	2979
-0.0468348868246	0.486692367864221	71
-0.0503000792695401	0.485973419912067	71
-0.04248569716236	0.487103907991292	3188
-0.0517509107762599	0.485976898894524	1149
-0.0435831175093799	0.4860389300833	3610
-0.04648134015328	0.48998410568291	1150
-0.04648134015328	0.48998410568291	150
-0.04393854515874	0.491057209685398	1170
-0.0412422299414701	0.49161470941807	13
-0.0450337881962599	0.489974899858239	13
-0.10115698833596	1.06316378342123	616
-0.04471095424489	0.925292967788079	130
-0.0253980600858501	1.46280323679881	23
-0.04693257238919	0.910587449483483	1127
-0.0437623736411199	0.911352362549489	23
-0.0426981136187199	0.488260410534648	78
0.11824866623605	1.1425356352448	78
-0.0412422299414701	0.49161470941807	595
-0.0453882713028699	0.491065821848087	2802
-0.0374251619953001	0.91906683793072	2802
0.0202473591991299	1.27226925852185	71
-0.0412422299414701	0.49161470941807	1495
0.07449339049613	0.801962693736397	1149
0.0731430230630901	0.779150224147383	128
-0.0453882713028699	0.491065821848087	258
-0.04648134015328	0.48998410568291	7
-0.04393854515874	0.491057209685398	7
-0.0412422299414701	0.49161470941807	2002
-0.0401398580041299	0.492707629107706	9
-0.0450337881962599	0.489974899858239	3610
-0.04393854515874	0.491057209685398	150
-0.0517509107762599	0.485976898894524	1170
-0.0468348868246	0.486692367864221	25
-0.0397831978713901	0.488909487893217	13
-0.0426981136187199	0.488260410534648	227
-0.0468348868246	0.486692367864221	3167
-0.04648134015328	0.48998410568291	227
-0.0479621547610301	0.484281434940963	227
-0.0522969816005401	1.59149630586536	414
-0.04214147308945	0.921106291037143	1990
0.000555083810110046	1.93917054662074	220
-0.0815868743100701	1.72876519111204	68
-0.0566798345667701	0.896721496904172	68
-0.0453882713028699	0.491065821848087	1127
0.11016014579646	1.12554738915833	23
0.0282649914458599	1.28854589418294	78
-0.0450405677986001	0.484932859758814	1724
-0.09341888712632	1.68911941154921	71
-0.05010645561376	0.914136723856593	40
-0.03867863790684	0.489990587090443	258
0.0719507577404199	0.796446112466694	7
0.07280368997465	0.801127382429996	884
-0.0513892655818	0.912810140512687	2448
-0.0450337881962599	0.489974899858239	2448
-0.04648134015328	0.48998410568291	9
-0.04393854515874	0.491057209685398	9
-0.0397831978713901	0.488909487893217	9
-0.04648134015328	0.48998410568291	150
-0.04792578460344	0.485631123308653	392
-0.0453882713028699	0.491065821848087	25
0.06761412650483	0.800352775712037	13
-0.0453882713028699	0.491065821848087	227
-0.0453882713028699	0.491065821848087	265
0.07823386320572	0.796760919939203	414
0.06493266273026	0.795584214388428	414
-0.0503000792695401	0.485973419912067	220
-0.0401398580041299	0.492707629107706	68
-0.11005471175727	1.05767412384341	68
-0.0426981136187199	0.488260410534648	1991
-0.0401398580041299	0.492707629107706	1127
-0.04393854515874	0.491057209685398	23
-0.0426981136187199	0.488260410534648	937
0.06761412650483	0.800352775712037	2802
-0.0517509107762599	0.485976898894524	71
-0.04393854515874	0.491057209685398	71
-0.0450337881962599	0.489974899858239	3238
-0.0397831978713901	0.488909487893217	2550
-0.0453882713028699	0.491065821848087	9
-0.0412422299414701	0.49161470941807	1150
-0.0453882713028699	0.491065821848087	13
-0.04648134015328	0.48998410568291	25
-0.0412422299414701	0.49161470941807	13
-0.0522969816005401	1.59149630586536	414
-0.0517509107762599	0.485976898894524	414
-0.04393854515874	0.491057209685398	616
0.0706231275959299	0.798124052962526	110
0.06251873611041	0.792025869992769	110
-0.04792578460344	0.485631123308653	110
0.0581938207469801	0.785193524974265	110
0.0714776862188999	0.800703716196944	68
-0.0465029461993001	0.487589009547808	130
-0.04248569716236	0.487103907991292	1991
-0.0412422299414701	0.49161470941807	550
-0.11005471175727	1.05767412384341	23
-0.04247627496309	0.912974890833604	23
-0.0468348868246	0.486692367864221	23
-0.04153769492717	0.923739548640697	71
-0.03631941323805	0.48685860015717	71
-0.04792578460344	0.485631123308653	40
-0.04393854515874	0.491057209685398	40
-0.0401398580041299	0.492707629107706	258
-0.0450337881962599	0.489974899858239	258
-0.0450337881962599	0.489974899858239	258
-0.0401398580041299	0.492707629107706	904
-0.0401398580041299	0.492707629107706	55
-0.04648134015328	0.48998410568291	9
-0.0450337881962599	0.489974899858239	1170
-0.0453882713028699	0.491065821848087	1170
-0.0426981136187199	0.488260410534648	1170
-0.0453882713028699	0.491065821848087	227
0.11653552101092	1.14304976312402	414
-0.0497659370935899	0.912456900106155	414
-0.0573659117799099	0.905388234124268	110
-0.0426981136187199	0.488260410534648	110
-0.0453882713028699	0.491065821848087	130
0.0636098640576399	0.793010187764851	1991
-0.0401398580041299	0.492707629107706	23
0.02458708510591	1.27806174363187	23
0.0624175079273901	0.789262309147399	23
-0.04648134015328	0.48998410568291	23
0.06905957384716	0.80439629318691	128
-0.03867863790684	0.489990587090443	7
-0.0426981136187199	0.488260410534648	884
-0.0503000792695401	0.485973419912067	7
-0.0517509107762599	0.485976898894524	9
-0.04648134015328	0.48998410568291	55
-0.04393854515874	0.491057209685398	9
0.06629393122933	0.800830556955224	3541
-0.0450337881962599	0.489974899858239	25
-0.0401398580041299	0.492707629107706	13
-0.0412422299414701	0.49161470941807	3511
-0.04159792656106	0.489337286075825	265
-0.04792578460344	0.485631123308653	265
-0.0513892655818	0.912810140512687	130
-0.0517509107762599	0.485976898894524	1991
-0.0401398580041299	0.492707629107706	1991
-0.05325979424383	0.914812831084915	130
0.0662551419060999	0.796008569427114	1488
-0.0686424958815599	1.57978788704471	71
0.0679669568919701	0.795117762229217	40
0.11784814879827	1.14469395101344	580
-0.0401398580041299	0.492707629107706	884
-0.05010645561376	0.914136723856593	9
0.0650023200374801	0.799635859648323	9
-0.04648134015328	0.48998410568291	9
-0.0405997075807301	0.925343333700157	150
-0.0426981136187199	0.488260410534648	150
-0.0401398580041299	0.492707629107706	150
-0.04393854515874	0.491057209685398	150
-0.0450337881962599	0.489974899858239	104
-0.0435831175093799	0.4860389300833	800
-0.0397831978713901	0.488909487893217	338
-0.0453882713028699	0.491065821848087	25
-0.0450337881962599	0.489974899858239	265
-0.0412422299414701	0.49161470941807	265
-0.0412422299414701	0.49161470941807	265
-0.0450337881962599	0.489974899858239	265
-0.0348497457467101	0.487505243218888	414
-0.04648134015328	0.48998410568291	414
0.0703868441081701	0.807034365925312	110
-0.0412422299414701	0.49161470941807	110
-0.0401398580041299	0.492707629107706	68
-0.0401398580041299	0.492707629107706	1991
-0.04648134015328	0.48998410568291	44
-0.11013744208219	1.05282273732992	23
-0.04648134015328	0.48998410568291	23
0.0679669568919701	0.795117762229217	529
-0.0453882713028699	0.491065821848087	23
-0.04393854515874	0.491057209685398	595
-0.0374289507290699	0.48578937094864	325
-0.04792578460344	0.485631123308653	71
0.08234573582386	0.789840481657458	71
-0.04648134015328	0.48998410568291	2323
-0.0453882713028699	0.491065821848087	2323
-0.0450337881962599	0.489974899858239	258
-0.0397831978713901	0.488909487893217	258
-0.04159792656106	0.489337286075825	258
-0.0435831175093799	0.4860389300833	9
-0.0453882713028699	0.491065821848087	953
-0.04648134015328	0.48998410568291	2080
-0.04648134015328	0.48998410568291	81
-0.0412422299414701	0.49161470941807	525
-0.04648134015328	0.48998410568291	414
-0.0450337881962599	0.489974899858239	145
-0.03867863790684	0.489990587090443	414
-0.04159792656106	0.489337286075825	414
-0.0468348868246	0.486692367864221	130
-0.0412422299414701	0.49161470941807	1991
-0.0450337881962599	0.489974899858239	1488
0.0276608797709901	1.82286048587937	525
-0.05787837777889	1.60755944550008	414
0.11562143327275	1.14111153594545	145
-0.0402518243860399	0.923437913170731	995
-0.0503000792695401	0.485973419912067	995
-0.04792578460344	0.485631123308653	110
-0.0453882713028699	0.491065821848087	110
-0.04648134015328	0.48998410568291	110
-0.0450337881962599	0.489974899858239	68
-0.0453882713028699	0.491065821848087	1991
-0.04393854515874	0.491057209685398	130
-0.0348497457467101	0.487505243218888	23
-0.0401398580041299	0.492707629107706	71
-0.0426981136187199	0.488260410534648	580
-0.04648134015328	0.48998410568291	9
-0.08555269865381	1.72918298077103	145
-0.08034738498753	2.21836724610475	414
0.0843059059434901	0.776973203207176	110
0.0754547711087701	0.793844573566136	110
0.0734049768074401	0.792812846293566	68
-0.05361646685346	0.908376591071996	1991
-0.0545428425299399	0.910411715503773	2376
0.06905957384716	0.80439629318691	92
-0.04648134015328	0.48998410568291	594
-0.0450337881962599	0.489974899858239	594
-0.0348497457467101	0.487505243218888	71
-0.03867863790684	0.489990587090443	71
-0.0450337881962599	0.489974899858239	258
-0.04159792656106	0.489337286075825	258
-0.0401398580041299	0.492707629107706	9
-0.0435831175093799	0.4860389300833	9
0.0703868441081701	0.807034365925312	9
-0.0453882713028699	0.491065821848087	3164
-0.0503000792695401	0.485973419912067	99
-0.0503000792695401	0.485973419912067	99
-0.0426981136187199	0.488260410534648	13
-0.0397831978713901	0.488909487893217	1030
-0.04393854515874	0.491057209685398	227
-0.064101630465	1.58743992578211	145
0.03634939727667	1.29652523697423	110
-0.12354635616319	1.23115441599652	23
0.0337753220293699	2.2360041156259	23
-0.0450405677986001	0.484932859758814	23
-0.04648134015328	0.48998410568291	92
-0.04393854515874	0.491057209685398	92
0.06371017708573	0.796477488281912	325
0.06905957384716	0.80439629318691	580
-0.0453882713028699	0.491065821848087	258
0.0660972750431901	0.793424923313814	55
-0.0503000792695401	0.485973419912067	9
-0.0503000792695401	0.485973419912067	9
-0.0450337881962599	0.489974899858239	9
-0.0401398580041299	0.492707629107706	2080
-0.0531986137434599	0.481686443078168	9
-0.0348497457467101	0.487505243218888	338
-0.04752373160983	0.909948373873982	2269
-0.04393854515874	0.491057209685398	227
0.0714776862188999	0.800703716196944	227
-0.04648134015328	0.48998410568291	353
-0.0311733015748901	1.42554945121692	143
-0.05831003197701	0.897564909781328	414
0.0635143545296699	0.783250075911372	110
-0.1087525624155	1.06917122864192	110
0.0660972750431901	0.793424923313814	220
0.06773200665896	0.797493334056868	71
-0.04153769492717	0.923739548640697	580
-0.0435831175093799	0.4860389300833	580
0.0665202137715899	0.791170383160884	258
0.0673879387471601	0.794603309712501	258
-0.0517509107762599	0.485976898894524	988
-0.0453882713028699	0.491065821848087	9
-0.0450337881962599	0.489974899858239	9
-0.04248569716236	0.487103907991292	953
0.06371017708573	0.796477488281912	9
-0.0453882713028699	0.491065821848087	150
0.0595163419992799	0.788298487905879	227
-0.0450337881962599	0.489974899858239	227
0.0730404754656799	0.805716297602441	110
-0.04599496688161	0.92465607668814	3639
0.11391378911887	1.13323340769897	169
-0.0401398580041299	0.492707629107706	130
-0.0993892340301801	1.07773170812346	23
0.06629393122933	0.800830556955224	71
-0.04648134015328	0.48998410568291	71
-0.05420149670243	0.906837737262896	71
-0.0468348868246	0.486692367864221	9
0.07280368997465	0.801127382429996	9
0.0714776862188999	0.800703716196944	9
0.06251873611041	0.792025869992769	9
-0.0468348868246	0.486692367864221	9
-0.04648134015328	0.48998410568291	150
-0.0426981136187199	0.488260410534648	150
-0.0453882713028699	0.491065821848087	800
0.07582095063623	0.803772600889529	1134
0.0675772969134201	0.794331052216231	2094
-0.0468348868246	0.486692367864221	2226
-0.04648134015328	0.48998410568291	13
-0.0468348868246	0.486692367864221	81
-0.0453882713028699	0.491065821848087	81
-0.0450337881962599	0.489974899858239	1543
-0.0412422299414701	0.49161470941807	353
-0.04648134015328	0.48998410568291	265
-0.11676863349186	1.04995919381634	995
-0.063821434504	1.600978479728	143
-0.0268223011109301	1.45336992002594	143
0.05974514847552	0.78851565291543	143
0.0714776862188999	0.800703716196944	143
-0.04393854515874	0.491057209685398	143
-0.05636904348137	2.13517388958431	110
0.02803474954358	1.28941468670424	23
0.0570507106547	0.777100707075356	23
-0.10380934036495	1.8294239261579	991
-0.10027145268496	1.07869151777431	92
-0.0450337881962599	0.489974899858239	71
-0.0517509107762599	0.485976898894524	71
0.11238603139603	1.12977750651922	258
0.0703868441081701	0.807034365925312	908
-0.0709951593805001	1.56269435979792	9
-0.0450337881962599	0.489974899858239	9
-0.04727849298877	0.922305146735278	9
-0.0453882713028699	0.491065821848087	9
-0.04393854515874	0.491057209685398	9
0.06629393122933	0.800830556955224	9
-0.0450337881962599	0.489974899858239	150
0.0755809993940499	0.79576600509465	150
-0.04248569716236	0.487103907991292	150
-0.04393854515874	0.491057209685398	13
-0.04792578460344	0.485631123308653	13
0.06516596550042	0.795022296079777	509
-0.0397831978713901	0.488909487893217	81
-0.04393854515874	0.491057209685398	2807
0.0692712852853401	0.791519401429986	143
-0.09222927331702	1.72360751778923	110
0.0714776862188999	0.800703716196944	130
-0.0426981136187199	0.488260410534648	169
-0.0450337881962599	0.489974899858239	1588
-0.0517509107762599	0.485976898894524	23
-0.10514743446388	1.07044736924711	92
-0.06742687136263	1.57434010521047	92
-0.0453882713028699	0.491065821848087	281
-0.0465029461993001	0.487589009547808	416
-0.0517509107762599	0.485976898894524	416
-0.0491635686916001	0.906099028039479	258
-0.04393854515874	0.491057209685398	9
-0.0401398580041299	0.492707629107706	9
0.06629393122933	0.800830556955224	347
0.0853858410847399	0.785562206857278	9
0.0714776862188999	0.800703716196944	9
0.0624175079273901	0.789262309147399	1035
-0.0503000792695401	0.485973419912067	150
-0.0426981136187199	0.488260410534648	13
-0.0503000792695401	0.485973419912067	1473
-0.0450337881962599	0.489974899858239	1025
-0.0453882713028699	0.491065821848087	1627
-0.0479621547610301	0.484281434940963	438
-0.04648134015328	0.48998410568291	438
-0.0468348868246	0.486692367864221	169
-0.0453882713028699	0.491065821848087	130
-0.0401398580041299	0.492707629107706	550
-0.0412422299414701	0.49161470941807	23
0.0386391170647	1.29484631853492	23
-0.11123479330804	1.82134861676401	23
0.03418661382417	1.28414735953252	258
-0.11186080113417	1.04656166291756	258
0.07470816079444	0.783937200394392	258
-0.0564223911762301	0.899816808257445	258
0.12331004681519	1.14662608479542	258
0.0717138128511201	0.807457867769169	9
0.0730404754656799	0.805716297602441	9
-0.04648134015328	0.48998410568291	9
-0.04648134015328	0.48998410568291	9
0.0650023200374801	0.799635859648323	9
-0.0465029461993001	0.487589009547808	347
-0.0401398580041299	0.492707629107706	150
0.0703868441081701	0.807034365925312	1106
-0.03867863790684	0.489990587090443	338
-0.03867863790684	0.489990587090443	227
-0.0465029461993001	0.487589009547808	382
-0.0401398580041299	0.492707629107706	81
-0.0453882713028699	0.491065821848087	1627
-0.03631941323805	0.48685860015717	438
-0.10213490858886	1.06946421855114	130
-0.0453882713028699	0.491065821848087	169
-0.04393854515874	0.491057209685398	44
0.0673879387471601	0.794603309712501	829
-0.0397831978713901	0.488909487893217	281
-0.0412422299414701	0.49161470941807	71
0.12016968321942	1.12996331364642	258
0.0623905990703799	0.785798402905367	9
-0.0426981136187199	0.488260410534648	9
-0.04648134015328	0.48998410568291	150
-0.0453882713028699	0.491065821848087	150
0.0714776862188999	0.800703716196944	1106
0.0639065493603399	0.79044386627471	338
0.07582095063623	0.803772600889529	338
-0.04248569716236	0.487103907991292	13
-0.04648134015328	0.48998410568291	3548
-0.0453882713028699	0.491065821848087	81
-0.0453882713028699	0.491065821848087	456
-0.0599301336112901	0.897825978678627	110
0.0263400129593701	1.26431981719864	130
-0.11315840294913	1.05133872946019	23
-0.0555887941095099	1.60757095418016	92
-0.04393854515874	0.491057209685398	71
0.11606213829656	2.00573579559775	580
-0.0453882713028699	0.491065821848087	9
-0.0450337881962599	0.489974899858239	9
-0.0479621547610301	0.484281434940963	9
-0.0531986137434599	0.481686443078168	9
-0.0450337881962599	0.489974899858239	800
-0.0450337881962599	0.489974899858239	13
-0.0412422299414701	0.49161470941807	13
-0.04792578460344	0.485631123308653	1473
-0.04393854515874	0.491057209685398	509
-0.04248569716236	0.487103907991292	143
0.05093444118044	2.48415124783215	110
0.07449339049613	0.801962693736397	220
-0.0503000792695401	0.485973419912067	169
-0.0426981136187199	0.488260410534648	44
-0.04648134015328	0.48998410568291	23
-0.0450337881962599	0.489974899858239	23
-0.0126238886516401	1.46572282540562	23
-0.0401398580041299	0.492707629107706	23
-0.0348497457467101	0.487505243218888	23
0.0308872230473101	1.8022896564423	258
-0.0453882713028699	0.491065821848087	416
0.10933351384097	1.10820242036089	9
0.0665202137715899	0.791170383160884	9
-0.0412422299414701	0.49161470941807	9
-0.0397831978713901	0.488909487893217	9
0.0673879387471601	0.794603309712501	9
-0.0435831175093799	0.4860389300833	9
0.0717138128511201	0.807457867769169	150
0.0639065493603399	0.79044386627471	9
-0.03867863790684	0.489990587090443	150
-0.0450405677986001	0.484932859758814	13
-0.0468348868246	0.486692367864221	13
-0.0453882713028699	0.491065821848087	2947
-0.0450337881962599	0.489974899858239	3416
-0.0468348868246	0.486692367864221	110
-0.0402518243860399	0.923437913170731	110
-0.0412422299414701	0.49161470941807	110
-0.11232540688902	1.06427402548611	110
0.11613799391346	1.12853422989432	169
-0.0450337881962599	0.489974899858239	221
-0.0401398580041299	0.492707629107706	44
-0.04393854515874	0.491057209685398	550
0.0687072263488899	0.794144549178341	829
-0.0531986137434599	0.481686443078168	23
0.07473350741888	0.794587624378978	23
-0.04393854515874	0.491057209685398	23
-0.04727849298877	0.922305146735278	92
-0.10522820085335	1.06296066850607	92
-0.0397831978713901	0.488909487893217	71
-0.01611419429841	1.89390555853812	40
-0.0401398580041299	0.492707629107706	416
-0.04393854515874	0.491057209685398	416
-0.0450337881962599	0.489974899858239	9
-0.10605993738421	1.07058103476572	9
0.06629393122933	0.800830556955224	9
0.0136750080997401	1.24571349460151	9
-0.0450337881962599	0.489974899858239	9
-0.0412422299414701	0.49161470941807	9
-0.04648134015328	0.48998410568291	150
-0.04393854515874	0.491057209685398	659
-0.04393854515874	0.491057209685398	1106
-0.0412422299414701	0.49161470941807	104
-0.0435831175093799	0.4860389300833	338
-0.04648134015328	0.48998410568291	104
-0.0479621547610301	0.484281434940963	104
0.0623905990703799	0.785798402905367	13
-0.04248569716236	0.487103907991292	2035
-0.04648134015328	0.48998410568291	1473
-0.0450405677986001	0.484932859758814	1789
-0.0453882713028699	0.491065821848087	143
-0.0453882713028699	0.491065821848087	550
0.06629393122933	0.800830556955224	829
-0.0426981136187199	0.488260410534648	416
0.11016014579646	1.12554738915833	9
0.0581938207469801	0.785193524974265	248
-0.05831003197701	0.897564909781328	9
0.01665211041271	1.26375225711676	9
0.0650023200374801	0.799635859648323	9
-0.03867863790684	0.489990587090443	9
-0.0236659516312601	1.4530471517026	9
0.0665202137715899	0.791170383160884	9
-0.0450337881962599	0.489974899858239	659
-0.03867863790684	0.489990587090443	659
0.06648909798212	0.793349671169786	104
-0.0503000792695401	0.485973419912067	13
-0.0468348868246	0.486692367864221	1555
-0.0453882713028699	0.491065821848087	1627
-0.04248569716236	0.487103907991292	438
0.06629393122933	0.800830556955224	110
-0.0453882713028699	0.491065821848087	143
-0.04393854515874	0.491057209685398	130
-0.0453882713028699	0.491065821848087	1509
0.07823386320572	0.796760919939203	221
0.07412938648184	0.799431649536959	23
-0.03580422743325	0.906755350624125	23
-0.0503000792695401	0.485973419912067	1861
0.11876127548988	1.13372316181811	92
-0.0426981136187199	0.488260410534648	71
-0.10430214576106	1.07149963983041	258
-0.00371322685550002	1.93474489896068	258
-0.0453882713028699	0.491065821848087	61
-0.06240554177563	0.885477222684252	61
-0.04393854515874	0.491057209685398	640
-0.0450337881962599	0.489974899858239	640
0.0651991094415301	0.791620042971659	9
-0.0503000792695401	0.485973419912067	150
-0.0401398580041299	0.492707629107706	1106
0.06761412650483	0.800352775712037	143
-0.03867863790684	0.489990587090443	130
0.0639065493603399	0.79044386627471	44
-0.11349293683832	1.83930191499906	92
0.07412938648184	0.799431649536959	71
-0.0519762629874601	0.917146096891362	40
0.0719507577404199	0.796446112466694	580
-0.0453882713028699	0.491065821848087	61
-0.0426981136187199	0.488260410534648	9
0.0255335163886701	1.29039340353231	9
-0.0517509107762599	0.485976898894524	9
-0.0503000792695401	0.485973419912067	9
-0.0517509107762599	0.485976898894524	13
-0.0468348868246	0.486692367864221	13
-0.0397831978713901	0.488909487893217	1555
-0.04648134015328	0.48998410568291	406
-0.0453882713028699	0.491065821848087	456
0.03131092932497	1.8018771009271	110
-0.11102420713214	1.04485035962867	110
-0.0453882713028699	0.491065821848087	130
0.0624175079273901	0.789262309147399	221
-0.0531986137434599	0.481686443078168	829
-0.04248569716236	0.487103907991292	829
-0.0453882713028699	0.491065821848087	829
-0.0412131570596701	0.482509497096658	829
0.0687072263488899	0.794144549178341	23
0.12108255309914	1.14394989801968	16
-0.03596148207418	0.486432467057371	23
0.0910907379023	1.69465817445187	40
0.0282649914458599	1.28854589418294	258
-0.10828026352531	1.06726955112006	61
-0.05388031987696	1.59015943405752	1667
-0.0453882713028699	0.491065821848087	9
-0.0397831978713901	0.488909487893217	9
0.11936801561816	1.13733942778847	1206
-0.0401398580041299	0.492707629107706	1206
-0.04648134015328	0.48998410568291	1206
-0.0401398580041299	0.492707629107706	150
-0.04648134015328	0.48998410568291	292
-0.0450337881962599	0.489974899858239	353
-0.04648134015328	0.48998410568291	353
0.12159300542251	1.13205525850051	143
0.0703868441081701	0.807034365925312	829
-0.04393854515874	0.491057209685398	550
0.12068085322113	1.14294837629123	71
-0.0453882713028699	0.491065821848087	580
-0.0998099136341499	1.07425567257856	258
0.06905957384716	0.80439629318691	416
-0.04792578460344	0.485631123308653	9
-0.0481227808368201	0.913674735213483	9
-0.0557424327242699	0.898808082710785	9
-0.04393854515874	0.491057209685398	508
-0.0401398580041299	0.492707629107706	9
-0.0453882713028699	0.491065821848087	659
-0.0503000792695401	0.485973419912067	13
0.0703868441081701	0.807034365925312	1497
-0.0531986137434599	0.481686443078168	2035
-0.0426981136187199	0.488260410534648	13
-0.0435831175093799	0.4860389300833	353
-0.0412422299414701	0.49161470941807	1627
0.12108255309914	1.14394989801968	110
0.0723250971298901	2.13878281449446	110
-0.04153769492717	0.923739548640697	110
-0.0374289507290699	0.48578937094864	110
-0.0468348868246	0.486692367864221	130
0.0993508180916301	1.09002678225563	169
-0.10611237371571	1.07131867487919	169
-0.0435831175093799	0.4860389300833	550
-0.0675204640053499	1.59386453996416	23
-0.05395340188344	0.905175761708426	1861
-0.04159792656106	0.489337286075825	564
-0.11317031850962	1.03386795528797	564
0.11831833547049	2.05006529908881	40
-0.0962859388941899	1.07794902938213	258
0.07449339049613	0.801962693736397	1667
0.0788513345709101	0.78638956361574	9
-0.0292937512825799	1.43435242614732	9
-0.0412422299414701	0.49161470941807	9
0.0703868441081701	0.807034365925312	9
-0.0468348868246	0.486692367864221	9
-0.05864826809924	0.902563276076877	9
-0.0453882713028699	0.491065821848087	9
0.07412938648184	0.799431649536959	9
0.0570984686875899	0.784216189333434	9
0.0650023200374801	0.799635859648323	9
-0.0397831978713901	0.488909487893217	9
-0.0412422299414701	0.49161470941807	9
-0.0507093206378799	0.90189413401487	9
-0.0450337881962599	0.489974899858239	1412
0.07280368997465	0.801127382429996	9
-0.04393854515874	0.491057209685398	9
-0.0450337881962599	0.489974899858239	104
0.0714776862188999	0.800703716196944	104
-0.0453882713028699	0.491065821848087	1075
-0.0503000792695401	0.485973419912067	13
-0.04159792656106	0.489337286075825	13
-0.0426981136187199	0.488260410534648	292
-0.04393854515874	0.491057209685398	828
-0.04648134015328	0.48998410568291	1627
-0.0450337881962599	0.489974899858239	1627
-0.10699706686606	1.06974214346094	110
-0.04884610787864	0.482105241849398	3591
-0.0519762629874601	0.917146096891362	1294
-0.0489014786367701	0.901024398072446	130
-0.0468348868246	0.486692367864221	550
-0.0401398580041299	0.492707629107706	550
-0.10828026352531	1.06726955112006	829
-0.03631941323805	0.48685860015717	1861
-0.04159792656106	0.489337286075825	564
0.11112959751936	2.03039715954188	92
-0.0434617602251499	2.02242271980982	40
-0.0401398580041299	0.492707629107706	9
-0.0450337881962599	0.489974899858239	9
-0.04753935644685	0.91244887477375	1237
-0.04159792656106	0.489337286075825	9
0.07412938648184	0.799431649536959	9
0.10803771612651	1.12213549445468	104
-0.0450337881962599	0.489974899858239	1497
-0.0453882713028699	0.491065821848087	406
-0.0435831175093799	0.4860389300833	406
-0.0412422299414701	0.49161470941807	353
-0.0453882713028699	0.491065821848087	438
0.0703868441081701	0.807034365925312	110
-0.04159792656106	0.489337286075825	1294
-0.0401398580041299	0.492707629107706	221
-0.04648134015328	0.48998410568291	550
0.06371017708573	0.796477488281912	23
0.0935678810359	1.67027249229699	92
0.11693446123468	1.14275356428472	9
-0.11009705169716	1.06831130270395	9
-0.11408868375479	1.05448781076202	248
0.0691739636408599	0.78296122899012	823
0.0635143545296699	0.783250075911372	9
0.0665202137715899	0.791170383160884	2328
-0.0450337881962599	0.489974899858239	104
-0.0397831978713901	0.488909487893217	659
-0.0435831175093799	0.4860389300833	70
-0.0517509107762599	0.485976898894524	322
-0.0453882713028699	0.491065821848087	353
-0.0397831978713901	0.488909487893217	353
-0.0503000792695401	0.485973419912067	1627
-0.04792578460344	0.485631123308653	353
-0.0270418925090199	1.43191086640461	110
0.03564631457739	1.29558594694872	430
-0.05420149670243	0.906837737262896	3591
0.0701513798267499	0.798112285981421	110
-0.10380508921701	1.06969238560159	829
0.0714776862188999	0.800703716196944	829
-0.01611370390325	1.91527066566789	281
0.0303562743797701	1.29075812804701	40
-0.0456513455168199	0.923679325795707	40
-0.10737219931817	1.05686688547968	7
-0.0529172541256899	0.90913607423889	1667
-0.0503000792695401	0.485973419912067	9
-0.0456513455168199	0.923679325795707	9
-0.0503000792695401	0.485973419912067	9
0.0650023200374801	0.799635859648323	9
-0.04248569716236	0.487103907991292	9
0.0687072263488899	0.794144549178341	104
-0.0412422299414701	0.49161470941807	1783
0.07714819353063	0.802960629731615	2328
-0.0503000792695401	0.485973419912067	1822
-0.0503000792695401	0.485973419912067	866
-0.0450337881962599	0.489974899858239	13
-0.0503000792695401	0.485973419912067	13
0.02715835053264	1.29074878068211	110
-0.0976302079481299	1.07493985445436	169
0.11632704491536	2.04374292810072	23
-0.0429069025939699	2.01346519952681	40
-0.0497659370935899	0.912456900106155	7
-0.03596148207418	0.486432467057371	1667
0.0638425099865601	0.794596926536509	1667
0.0650023200374801	0.799635859648323	9
-0.04393854515874	0.491057209685398	823
-0.04393854515874	0.491057209685398	823
0.05974514847552	0.78851565291543	823
-0.04648134015328	0.48998410568291	823
0.07714819353063	0.802960629731615	9
-0.0453882713028699	0.491065821848087	9
-0.03631941323805	0.48685860015717	976
0.0714776862188999	0.800703716196944	231
-0.04393854515874	0.491057209685398	92
-0.0401398580041299	0.492707629107706	92
-0.0443661427995199	0.922619563650067	325
-0.0401398580041299	0.492707629107706	281
-0.0465029461993001	0.487589009547808	40
-0.04393854515874	0.491057209685398	7
-0.04393854515874	0.491057209685398	1667
0.11784814879827	1.14469395101344	156
-0.04393854515874	0.491057209685398	9
-0.04648134015328	0.48998410568291	823
-0.04393854515874	0.491057209685398	9
-0.04159792656106	0.489337286075825	9
0.06794727744892	0.789750456823628	9
-0.0517509107762599	0.485976898894524	104
-0.04159792656106	0.489337286075825	659
-0.03867863790684	0.489990587090443	13
-0.0450337881962599	0.489974899858239	13
0.07449339049613	0.801962693736397	382
-0.11675157226376	1.81942914041536	829
-0.0348343502615001	1.40502394441403	23
-0.0422297916534899	0.911694844731526	92
0.10712123478989	1.11203226391297	499
-0.10871812016213	1.05920878149383	258
0.0662551419060999	0.796008569427114	258
0.11916195318116	1.14447241835695	1667
0.06480334271035	0.780850535040392	9
-0.0450337881962599	0.489974899858239	9
0.0650023200374801	0.799635859648323	823
-0.0397831978713901	0.488909487893217	823
-0.04471095424489	0.925292967788079	823
-0.0450337881962599	0.489974899858239	823
0.06371017708573	0.796477488281912	9
-0.0401398580041299	0.492707629107706	9
0.11055455321052	1.11419796596268	9
0.06371017708573	0.796477488281912	9
-0.0531986137434599	0.481686443078168	104
-0.03631941323805	0.48685860015717	31
-0.0450337881962599	0.489974899858239	866
-0.0465029461993001	0.487589009547808	13
-0.0517509107762599	0.485976898894524	1497
0.07327807824916	0.790903436649492	1497
-0.04393854515874	0.491057209685398	976
-0.04393854515874	0.491057209685398	292
-0.0435831175093799	0.4860389300833	110
-0.04599496688161	0.92465607668814	169
0.0648506482120399	1.55661561248821	169
-0.10031364129059	1.05830498221555	23
0.0932822624190801	1.69392290684926	316
-0.04648134015328	0.48998410568291	281
0.10863840569127	1.12071011362554	281
-0.04153769492717	0.923739548640697	1213
-0.0468348868246	0.486692367864221	1429
-0.0453882713028699	0.491065821848087	9
-0.0348497457467101	0.487505243218888	9
0.0648060784522699	0.790323975763253	823
0.07582095063623	0.803772600889529	823
-0.10880005681137	1.06148095591694	823
0.0650023200374801	0.799635859648323	823
-0.0450337881962599	0.489974899858239	9
-0.04648134015328	0.48998410568291	104
-0.04393854515874	0.491057209685398	866
-0.04648134015328	0.48998410568291	866
-0.0453882713028699	0.491065821848087	1497
-0.04648134015328	0.48998410568291	70
-0.0450337881962599	0.489974899858239	2059
0.11653552101092	1.14304976312402	110
0.0660972750431901	0.793424923313814	829
-0.0644498115913199	1.593272880155	92
-0.04648134015328	0.48998410568291	1667
0.11976814133334	1.14101976698945	1429
-0.0450337881962599	0.489974899858239	1429
-0.0450337881962599	0.489974899858239	9
-0.0468348868246	0.486692367864221	9
-0.04248569716236	0.487103907991292	1794
-0.0450337881962599	0.489974899858239	9
-0.0468348868246	0.486692367864221	2239
-0.0426981136187199	0.488260410534648	9
-0.0468348868246	0.486692367864221	1353
-0.04648134015328	0.48998410568291	104
0.0651991094415301	0.791620042971659	70
-0.0450337881962599	0.489974899858239	292
-0.03631941323805	0.48685860015717	2718
-0.04393854515874	0.491057209685398	353
-0.0374289507290699	0.48578937094864	341
0.0662551419060999	0.796008569427114	531
-0.0397831978713901	0.488909487893217	829
0.07446657617654	0.784324131620618	829
-0.04648134015328	0.48998410568291	829
0.12054420493515	2.03724071385792	23
-0.04393854515874	0.491057209685398	23
0.11613799391346	1.12853422989432	92
-0.0348497457467101	0.487505243218888	281
-0.0453882713028699	0.491065821848087	281
-0.0426981136187199	0.488260410534648	3398
-0.05420149670243	0.906837737262896	1805
-0.0380289034601	0.922521641578188	40
0.0247322972330699	1.26174683835836	40
-0.10871812016213	1.05920878149383	7
0.0755809993940499	0.79576600509465	3231
-0.0468348868246	0.486692367864221	9
0.0703868441081701	0.807034365925312	9
0.06629393122933	0.800830556955224	147
-0.04159792656106	0.489337286075825	1446
-0.0453882713028699	0.491065821848087	104
-0.0468348868246	0.486692367864221	520
-0.04792578460344	0.485631123308653	31
-0.0412422299414701	0.49161470941807	866
-0.04792578460344	0.485631123308653	13
-0.04648134015328	0.48998410568291	292
0.06905957384716	0.80439629318691	110
-0.0503000792695401	0.485973419912067	531
0.0660972750431901	0.793424923313814	531
-0.0412422299414701	0.49161470941807	829
-0.10651384138231	1.05647080563224	23
-0.04393854515874	0.491057209685398	23
0.08974429909629	1.68237541255878	92
0.07446657617654	0.784324131620618	281
-0.0523334516234399	0.911219653929393	3398
-0.01829229287895	1.43170846010661	1667
-0.0551402525712801	0.901125318868236	9
-0.0517509107762599	0.485976898894524	9
-0.04393854515874	0.491057209685398	1429
-0.04471095424489	0.925292967788079	9
-0.05959309607743	0.894784685179322	9
-0.0491635686916001	0.906099028039479	9
0.0595163419992799	0.788298487905879	9
-0.04159792656106	0.489337286075825	823
-0.0397831978713901	0.488909487893217	9
-0.04393854515874	0.491057209685398	9
0.07412938648184	0.799431649536959	104
-0.04393854515874	0.491057209685398	13
-0.0450337881962599	0.489974899858239	70
-0.0465029461993001	0.487589009547808	382
-0.0453882713028699	0.491065821848087	353
0.0865511366478899	2.35462601508948	110
0.0282598495317401	2.22829043469295	110
0.09260699661396	1.69341996790664	110
-0.04248569716236	0.487103907991292	341
-0.0531986137434599	0.481686443078168	341
0.0731655177813899	0.79572921804573	829
0.0267761014435	1.26651450057445	23
0.0821075076083	1.68794465405253	92
-0.04648134015328	0.48998410568291	281
-0.0980453465465101	1.07769205671066	40
-0.0513892655818	0.912810140512687	258
0.06761412650483	0.800352775712037	3075
0.11784814879827	1.14469395101344	1893
-0.0620709121113201	1.59260736096751	1667
0.12462640581011	1.14518029372484	1667
-0.0426981136187199	0.488260410534648	1429
-0.0450337881962599	0.489974899858239	260
-0.0401398580041299	0.492707629107706	9
0.0638425099865601	0.794596926536509	9
-0.0465029461993001	0.487589009547808	823
-0.04648134015328	0.48998410568291	823
-0.04648134015328	0.48998410568291	823
-0.04248569716236	0.487103907991292	9
-0.04393854515874	0.491057209685398	9
0.06905957384716	0.80439629318691	9
-0.0426981136187199	0.488260410534648	1353
-0.0453882713028699	0.491065821848087	1446
-0.04159792656106	0.489337286075825	1446
-0.0412422299414701	0.49161470941807	2471
0.11653552101092	1.14304976312402	110
0.0220745882851501	1.79911339758359	110
-0.0468348868246	0.486692367864221	531
-0.0348497457467101	0.487505243218888	829
-0.0981649195967	1.06357011177627	829
-0.10522820085335	1.06296066850607	16
0.11876127548988	1.13372316181811	316
-0.0497659370935899	0.912456900106155	92
0.06929519244363	0.797697255741726	1805
-0.04648134015328	0.48998410568291	258
0.0651991094415301	0.791620042971659	258
-0.0435831175093799	0.4860389300833	7
-0.03990891255732	0.912391893630262	9
-0.0397831978713901	0.488909487893217	9
-0.0412422299414701	0.49161470941807	9
-0.0412422299414701	0.49161470941807	104
-0.0450337881962599	0.489974899858239	1649
-0.04792578460344	0.485631123308653	489
-0.0531986137434599	0.481686443078168	81
-0.0450337881962599	0.489974899858239	359
-0.05267158129615	0.909961163048385	515
0.02778349485753	1.27057331408436	110
-0.04648134015328	0.48998410568291	829
0.07412938648184	0.799431649536959	829
-0.04159792656106	0.489337286075825	829
0.0635143545296699	0.783250075911372	23
-0.0374289507290699	0.48578937094864	23
-0.0557055568578	2.14242672694857	23
0.0755809993940499	0.79576600509465	92
-0.0519762629874601	0.917146096891362	92
0.03331130331624	1.29697772814229	3398
-0.11182312566579	1.05430326471985	850
0.11330092560956	1.11910434231146	7
0.11309765790088	1.12855825632998	170
0.06493266273026	0.795584214388428	1429
-0.0401398580041299	0.492707629107706	1429
-0.0491547184327099	0.912416094166212	9
-0.0468348868246	0.486692367864221	64
-0.0450405677986001	0.484932859758814	823
-0.04393854515874	0.491057209685398	823
0.07582095063623	0.803772600889529	9
-0.0450337881962599	0.489974899858239	9
-0.0453882713028699	0.491065821848087	2268
-0.0450337881962599	0.489974899858239	1732
-0.0453882713028699	0.491065821848087	1732
-0.04393854515874	0.491057209685398	1245
-0.04648134015328	0.48998410568291	489
-0.0401398580041299	0.492707629107706	70
-0.0453882713028699	0.491065821848087	70
-0.0465029461993001	0.487589009547808	70
0.06761412650483	0.800352775712037	79
-0.0450337881962599	0.489974899858239	255
-0.0397831978713901	0.488909487893217	353
-0.01823253603936	1.4616502096129	110
-0.0453882713028699	0.491065821848087	110
-0.0463372917216001	0.91410467010281	110
-0.04393854515874	0.491057209685398	531
-0.0426981136187199	0.488260410534648	829
-0.0513892655818	0.912810140512687	23
-0.10429347791286	1.06705583498395	92
0.0317182965337	1.2888926154812	850
-0.04316859756916	0.919795466641332	423
-0.0412131570596701	0.482509497096658	7
-0.10916425359011	1.06292664474209	9
-0.04648134015328	0.48998410568291	823
-0.05267158129615	0.909961163048385	823
0.0843059059434901	0.776973203207176	9
-0.0397831978713901	0.488909487893217	9
0.0650023200374801	0.799635859648323	9
-0.03631941323805	0.48685860015717	9
-0.0453882713028699	0.491065821848087	104
-0.0397831978713901	0.488909487893217	1649
-0.0348497457467101	0.487505243218888	2298
-0.0453882713028699	0.491065821848087	13
0.0714776862188999	0.800703716196944	13
-0.0453882713028699	0.491065821848087	1245
-0.0435831175093799	0.4860389300833	489
-0.04884610787864	0.482105241849398	2421
-0.0374289507290699	0.48578937094864	79
-0.0453882713028699	0.491065821848087	255
-0.04393854515874	0.491057209685398	353
-0.0450337881962599	0.489974899858239	353
0.0636098640576399	0.793010187764851	110
0.0841936214102801	1.67862413344564	110
0.02584520730138	1.28551404533321	169
-0.0503000792695401	0.485973419912067	829
0.0662551419060999	0.796008569427114	829
-0.05395340188344	0.905175761708426	23
-0.0468348868246	0.486692367864221	850
-0.04248569716236	0.487103907991292	7
0.10580722873955	1.11132479055677	922
0.0719507577404199	0.796446112466694	3665
0.1136972393646	1.13047729306499	823
-0.04159792656106	0.489337286075825	823
-0.04393854515874	0.491057209685398	719
-0.04884610787864	0.482105241849398	2852
-0.0453882713028699	0.491065821848087	662
-0.0401398580041299	0.492707629107706	9
-0.0435831175093799	0.4860389300833	1819
-0.04648134015328	0.48998410568291	104
-0.04648134015328	0.48998410568291	1182
0.0626134586467499	0.787358483162585	31
-0.0397831978713901	0.488909487893217	2298
-0.0397831978713901	0.488909487893217	13
-0.0401398580041299	0.492707629107706	1732
-0.0426981136187199	0.488260410534648	1732
-0.0491635686916001	0.906099028039479	13
-0.04393854515874	0.491057209685398	353
-0.04648134015328	0.48998410568291	353
-0.0435831175093799	0.4860389300833	110
0.0703868441081701	0.807034365925312	829
-0.04727849298877	0.922305146735278	829
-0.0450337881962599	0.489974899858239	2437
0.0769075904867	0.797547015895299	23
0.03852168490209	1.82823103155247	92
0.0717138128511201	0.807457867769169	9
-0.03631941323805	0.48685860015717	9
0.07412938648184	0.799431649536959	9
0.06761412650483	0.800352775712037	9
-0.0453882713028699	0.491065821848087	9
-0.05351590696495	0.90506573855407	823
0.0675772969134201	0.794331052216231	9
0.0665202137715899	0.791170383160884	3471
0.06371017708573	0.796477488281912	31
0.0687072263488899	0.794144549178341	31
-0.0435831175093799	0.4860389300833	2298
-0.0453882713028699	0.491065821848087	1732
0.0650023200374801	0.799635859648323	489
-0.0517509107762599	0.485976898894524	70
-0.0468348868246	0.486692367864221	79
-0.04884610787864	0.482105241849398	353
-0.03631941323805	0.48685860015717	110
0.0701513798267499	0.798112285981421	110
-0.04248569716236	0.487103907991292	829
-0.04792578460344	0.485631123308653	829
0.0660972750431901	0.793424923313814	23
0.07449339049613	0.801962693736397	23
-0.04505446773579	0.916413500388825	92
0.0250658649251101	1.27365019343011	92
-0.0112275651610001	1.46709587308528	92
0.06905957384716	0.80439629318691	170
-0.04648134015328	0.48998410568291	170
-0.0401398580041299	0.492707629107706	170
-0.0450337881962599	0.489974899858239	9
0.06929519244363	0.797697255741726	9
-0.0465029461993001	0.487589009547808	662
-0.04248569716236	0.487103907991292	9
0.06894018726966	0.797991249064816	9
-0.0412422299414701	0.49161470941807	9
-0.04159792656106	0.489337286075825	104
-0.0453882713028699	0.491065821848087	31
-0.04393854515874	0.491057209685398	2298
-0.04648134015328	0.48998410568291	79
-0.0450337881962599	0.489974899858239	255
-0.0427617679983101	2.02616595644414	110
-0.0453882713028699	0.491065821848087	16
-0.0412422299414701	0.49161470941807	829
-0.0401398580041299	0.492707629107706	829
0.0624175079273901	0.789262309147399	829
0.11500962654846	1.12955402639847	325
-0.0468348868246	0.486692367864221	170
-0.0450337881962599	0.489974899858239	170
-0.04393854515874	0.491057209685398	170
0.12309943831475	1.13481559440748	1429
-0.0503000792695401	0.485973419912067	9
-0.0435831175093799	0.4860389300833	9
0.0755809993940499	0.79576600509465	9
-0.04648134015328	0.48998410568291	662
0.11562143327275	1.14111153594545	9
0.06761412650483	0.800352775712037	9
-0.04393854515874	0.491057209685398	104
-0.04159792656106	0.489337286075825	104
-0.04393854515874	0.491057209685398	104
-0.0453882713028699	0.491065821848087	31
-0.04248569716236	0.487103907991292	31
-0.0468348868246	0.486692367864221	31
-0.0453882713028699	0.491065821848087	2298
-0.0453882713028699	0.491065821848087	734
-0.0503000792695401	0.485973419912067	13
-0.0401398580041299	0.492707629107706	13
-0.0513892655818	0.912810140512687	70
-0.04648134015328	0.48998410568291	70
-0.0401398580041299	0.492707629107706	70
-0.0412422299414701	0.49161470941807	353
-0.0450337881962599	0.489974899858239	783
-0.04282308619426	0.92208865263228	110
-0.0531986137434599	0.481686443078168	531
-0.0450337881962599	0.489974899858239	829
0.02876406600013	2.23743685630643	23
0.05974514847552	0.78851565291543	23
-0.04648134015328	0.48998410568291	23
0.0717138128511201	0.807457867769169	92
0.02715835053264	1.29074878068211	48
-0.0478809654432699	0.906022528095472	7
-0.0517509107762599	0.485976898894524	170
0.0701513798267499	0.798112285981421	2006
0.0687072263488899	0.794144549178341	9
-0.09851246056568	1.07058584209226	9
0.07003232504343	0.791841314550571	1429
-0.0412422299414701	0.49161470941807	1586
-0.04393854515874	0.491057209685398	9
-0.04393854515874	0.491057209685398	9
-0.04648134015328	0.48998410568291	104
-0.0401398580041299	0.492707629107706	104
-0.04792578460344	0.485631123308653	31
-0.04792578460344	0.485631123308653	31
-0.04648134015328	0.48998410568291	31
-0.0759921184682699	1.55835995374865	110
-0.04153769492717	0.923739548640697	110
-0.04505446773579	0.916413500388825	1785
-0.0412422299414701	0.49161470941807	325
-0.0523334516234399	0.911219653929393	7
-0.05327823815845	0.900656312186548	2006
-0.0517509107762599	0.485976898894524	2006
-0.0401398580041299	0.492707629107706	9
-0.0401398580041299	0.492707629107706	1429
-0.04648134015328	0.48998410568291	9
-0.04648134015328	0.48998410568291	9
-0.0412422299414701	0.49161470941807	9
-0.04792578460344	0.485631123308653	9
-0.04792578460344	0.485631123308653	9
-0.04792578460344	0.485631123308653	9
-0.0401398580041299	0.492707629107706	9
-0.04393854515874	0.491057209685398	104
-0.04393854515874	0.491057209685398	1182
0.0687072263488899	0.794144549178341	31
-0.0450337881962599	0.489974899858239	124
-0.0401398580041299	0.492707629107706	1951
0.06905957384716	0.80439629318691	1951
-0.0348497457467101	0.487505243218888	70
-0.04393854515874	0.491057209685398	2549
-0.0401398580041299	0.492707629107706	79
0.06493266273026	0.795584214388428	110
-0.10078662243103	1.07247368952632	110
0.086464983838	0.779769971724063	531
0.0690341572186399	0.790723048115292	857
0.0662551419060999	0.796008569427114	23
0.06251873611041	0.792025869992769	23
0.0232330657744899	1.27557184823483	1785
-0.11093865867439	1.05858343577847	325
-0.04792578460344	0.485631123308653	1057
0.0703868441081701	0.807034365925312	1057
-0.04648134015328	0.48998410568291	710
0.12199486311961	1.14588462773785	1451
0.0692712852853401	0.791519401429986	7
-0.04648134015328	0.48998410568291	7
-0.04648134015328	0.48998410568291	3368
-0.04471095424489	0.925292967788079	7
-0.0412422299414701	0.49161470941807	9
-0.0401398580041299	0.492707629107706	9
-0.0401398580041299	0.492707629107706	9
-0.0348497457467101	0.487505243218888	9
-0.0513892655818	0.912810140512687	9
0.06629393122933	0.800830556955224	9
-0.0450337881962599	0.489974899858239	31
-0.03596148207418	0.486432467057371	734
0.06929519244363	0.797697255741726	70
-0.0531986137434599	0.481686443078168	70
-0.04648134015328	0.48998410568291	79
-0.0450337881962599	0.489974899858239	110
-0.0484814395602899	0.910868578043114	110
-0.0736015684003399	1.73141832677253	110
0.06771079909315	0.784656594302237	169
-0.04188439232428	0.923690330704584	16
0.06629393122933	0.800830556955224	829
0.11916195318116	1.14447241835695	325
-0.05104994141012	0.91254510534318	710
-0.0412422299414701	0.49161470941807	3368
-0.05395340188344	0.905175761708426	9
-0.04648134015328	0.48998410568291	9
0.11784814879827	1.14469395101344	9
-0.04648134015328	0.48998410568291	2344
-0.0401398580041299	0.492707629107706	2344
-0.0503000792695401	0.485973419912067	647
-0.0531986137434599	0.481686443078168	9
-0.04792578460344	0.485631123308653	9
-0.0503000792695401	0.485973419912067	3478
-0.04792578460344	0.485631123308653	31
-0.0453882713028699	0.491065821848087	9
-0.04393854515874	0.491057209685398	734
-0.04248569716236	0.487103907991292	734
-0.04159792656106	0.489337286075825	13
0.0679669568919701	0.795117762229217	70
-0.04792578460344	0.485631123308653	70
-0.0450337881962599	0.489974899858239	79
0.0734049768074401	0.792812846293566	79
-0.02191257136711	1.46022772621535	110
-0.110554776274	1.05753942550784	24
0.11632319449833	1.12683344819166	23
-0.0453882713028699	0.491065821848087	1129
-0.0435831175093799	0.4860389300833	1129
-0.0491635686916001	0.906099028039479	325
0.06216046842741	0.789051343065144	214
-0.0397831978713901	0.488909487893217	325
-0.0468348868246	0.486692367864221	48
0.0769075904867	0.797547015895299	170
0.06516596550042	0.795022296079777	9
-0.04393854515874	0.491057209685398	9
-0.04393854515874	0.491057209685398	9
-0.0469360618938901	0.923041358497123	9
-0.04792578460344	0.485631123308653	9
0.07280368997465	0.801127382429996	9
-0.04648134015328	0.48998410568291	9
-0.0453882713028699	0.491065821848087	31
-0.0450337881962599	0.489974899858239	13
-0.0453882713028699	0.491065821848087	70
0.0665202137715899	0.791170383160884	70
-0.04984408194688	0.908939671319378	24
0.0329196651427699	1.29581995819032	24
-0.04648134015328	0.48998410568291	23
-0.04648134015328	0.48998410568291	890
-0.0435831175093799	0.4860389300833	325
-0.0453882713028699	0.491065821848087	2186
-0.0613622385722601	1.59959559280778	1057
-0.0503000792695401	0.485973419912067	9
-0.0450337881962599	0.489974899858239	9
0.0679669568919701	0.795117762229217	1097
-0.04648134015328	0.48998410568291	79
0.0660972750431901	0.793424923313814	201
-0.03867863790684	0.489990587090443	325
-0.04648134015328	0.48998410568291	120
-0.0374289507290699	0.48578937094864	40
0.0678472380275299	0.788889022392744	423
-0.0517509107762599	0.485976898894524	9
-0.03596148207418	0.486432467057371	9
-0.0450337881962599	0.489974899858239	9
-0.04393854515874	0.491057209685398	9
-0.04248569716236	0.487103907991292	9
-0.0397831978713901	0.488909487893217	64
-0.0450337881962599	0.489974899858239	647
-0.09758158093081	1.07667405063827	9
-0.0453882713028699	0.491065821848087	70
-0.0468348868246	0.486692367864221	70
-0.0531986137434599	0.481686443078168	1254
0.0385872230668101	1.29967817098001	169
0.12422139581546	1.13567574451567	23
0.10580722873955	1.11132479055677	1129
-0.0426981136187199	0.488260410534648	1330
-0.04648134015328	0.48998410568291	48
-0.04648134015328	0.48998410568291	48
-0.0426981136187199	0.488260410534648	7
-0.04648134015328	0.48998410568291	9
-0.0453882713028699	0.491065821848087	9
-0.0468348868246	0.486692367864221	9
-0.0426981136187199	0.488260410534648	9
-0.0517509107762599	0.485976898894524	9
-0.0503000792695401	0.485973419912067	9
-0.0450337881962599	0.489974899858239	647
-0.0401398580041299	0.492707629107706	9
-0.04792578460344	0.485631123308653	31
-0.0450337881962599	0.489974899858239	734
-0.04393854515874	0.491057209685398	70
-0.0450337881962599	0.489974899858239	79
0.10584416940529	1.99476160520729	110
0.0359937868597799	1.80895996669977	24
-0.0453882713028699	0.491065821848087	110
-0.03631941323805	0.48685860015717	2186
-0.0503000792695401	0.485973419912067	48
-0.0453882713028699	0.491065821848087	48
-0.04648134015328	0.48998410568291	423
-0.0517509107762599	0.485976898894524	7
-0.0517272963789199	0.901994696216299	423
0.11579127775277	2.04573201831372	170
-0.0479621547610301	0.484281434940963	9
-0.0450337881962599	0.489974899858239	9
-0.0401398580041299	0.492707629107706	9
-0.0401398580041299	0.492707629107706	394
-0.03631941323805	0.48685860015717	9
-0.04648134015328	0.48998410568291	70
-0.0401398580041299	0.492707629107706	1398
-0.08514262087573	1.73424092980084	110
-0.10483138395556	1.67958034526762	16
-0.05361646685346	0.908376591071996	23
-0.04792578460344	0.485631123308653	1129
-0.0453882713028699	0.491065821848087	1129
-0.0412422299414701	0.49161470941807	214
-0.0426981136187199	0.488260410534648	1409
-0.10113109651032	1.04501036061872	710
-0.0465029461993001	0.487589009547808	423
-0.0412422299414701	0.49161470941807	423
-0.0450337881962599	0.489974899858239	9
0.11186655865494	1.11489873685166	9
0.06493266273026	0.795584214388428	9
-0.0450337881962599	0.489974899858239	9
-0.04248569716236	0.487103907991292	9
-0.04159792656106	0.489337286075825	669
-0.0450337881962599	0.489974899858239	648
-0.04792578460344	0.485631123308653	997
0.0703868441081701	0.807034365925312	3261
-0.04393854515874	0.491057209685398	70
-0.04393854515874	0.491057209685398	70
-0.0401398580041299	0.492707629107706	70
-0.04376607534921	0.910224804648219	110
-0.11143983092466	1.06584616171357	110
0.09973777681038	2.45329915723504	23
-0.0348497457467101	0.487505243218888	23
-0.0450337881962599	0.489974899858239	1409
0.06629393122933	0.800830556955224	48
-0.0450337881962599	0.489974899858239	120
-0.0412422299414701	0.49161470941807	48
-0.0503000792695401	0.485973419912067	423
-0.03867863790684	0.489990587090443	423
-0.0397831978713901	0.488909487893217	1439
-0.0469360618938901	0.923041358497123	1439
-0.11182312566579	1.05430326471985	2676
-0.04648134015328	0.48998410568291	9
-0.04792578460344	0.485631123308653	485
-0.0453882713028699	0.491065821848087	9
-0.04159792656106	0.489337286075825	9
0.08974429909629	1.68237541255878	9
-0.04792578460344	0.485631123308653	997
0.11199129287263	1.11681701370556	70
-0.0397831978713901	0.488909487893217	70
-0.03631941323805	0.48685860015717	353
0.12086752843453	1.12503915210582	110
-0.0519762629874601	0.917146096891362	110
-0.0453882713028699	0.491065821848087	110
-0.0453007591171	0.917628524383174	110
0.11309765790088	1.12855825632998	24
-0.04393854515874	0.491057209685398	325
-0.0453882713028699	0.491065821848087	325
-0.04393854515874	0.491057209685398	325
0.0223557080260901	1.27028308869154	120
-0.0468348868246	0.486692367864221	48
-0.04648134015328	0.48998410568291	7
0.06246969327167	0.775010588232029	9
-0.0453882713028699	0.491065821848087	9
-0.0426840182878101	0.481869506806391	9
-0.03631941323805	0.48685860015717	1161
0.0257937682553	1.79852701005046	873
-0.0468348868246	0.486692367864221	325
-0.0531986137434599	0.481686443078168	423
-0.05821439664933	0.881312752378682	423
-0.04393854515874	0.491057209685398	423
-0.0450337881962599	0.489974899858239	7
0.06761412650483	0.800352775712037	7
-0.0401398580041299	0.492707629107706	9
-0.0503000792695401	0.485973419912067	9
-0.0503000792695401	0.485973419912067	647
0.0701513798267499	0.798112285981421	9
-0.0468348868246	0.486692367864221	669
-0.04393854515874	0.491057209685398	669
0.07823386320572	0.796760919939203	648
-0.0401398580041299	0.492707629107706	648
0.0769075904867	0.797547015895299	2383
-0.0531986137434599	0.481686443078168	214
-0.0435831175093799	0.4860389300833	120
-0.0450337881962599	0.489974899858239	1439
-0.0453882713028699	0.491065821848087	714
-0.0435831175093799	0.4860389300833	9
0.07280368997465	0.801127382429996	485
-0.04740415114458	1.61819392664906	145
-0.0453882713028699	0.491065821848087	201
-0.03596148207418	0.486432467057371	110
0.12138926167487	1.1313882108936	110
-0.11411886211995	1.04891019072924	24
-0.0453882713028699	0.491065821848087	169
-0.04393854515874	0.491057209685398	1650
-0.0453882713028699	0.491065821848087	1650
-0.0453882713028699	0.491065821848087	214
-0.04159792656106	0.489337286075825	214
-0.04792578460344	0.485631123308653	214
-0.04792578460344	0.485631123308653	48
-0.04648134015328	0.48998410568291	7
0.06629393122933	0.800830556955224	2676
-0.0397831978713901	0.488909487893217	383
-0.0450337881962599	0.489974899858239	9
-0.04648134015328	0.48998410568291	9
-0.0401398580041299	0.492707629107706	18
-0.0412422299414701	0.49161470941807	9
-0.04393854515874	0.491057209685398	9
-0.0453882713028699	0.491065821848087	9
-0.0468348868246	0.486692367864221	9
-0.0412422299414701	0.49161470941807	997
-0.04393854515874	0.491057209685398	79
-0.0573659117799099	0.905388234124268	16
0.03564631457739	1.29558594694872	2367
-0.04792578460344	0.485631123308653	1650
-0.0450337881962599	0.489974899858239	2383
0.07280368997465	0.801127382429996	214
-0.03631941323805	0.48685860015717	214
-0.04248569716236	0.487103907991292	154
0.0624175079273901	0.789262309147399	154
-0.0453882713028699	0.491065821848087	48
-0.0450337881962599	0.489974899858239	48
-0.0401398580041299	0.492707629107706	423
-0.04393854515874	0.491057209685398	9
-0.04648134015328	0.48998410568291	9
-0.03867863790684	0.489990587090443	64
-0.0450337881962599	0.489974899858239	18
-0.0503000792695401	0.485973419912067	699
-0.0468348868246	0.486692367864221	9
-0.04248569716236	0.487103907991292	9
-0.0435831175093799	0.4860389300833	9
-0.0531986137434599	0.481686443078168	2319
-0.0397831978713901	0.488909487893217	145
0.07582095063623	0.803772600889529	145
-0.0374289507290699	0.48578937094864	201
-0.0468348868246	0.486692367864221	264
-0.0450337881962599	0.489974899858239	1109
-0.0450337881962599	0.489974899858239	2037
0.07280368997465	0.801127382429996	16
-0.0547997303069101	0.906630850943866	214
-0.0523334516234399	0.911219653929393	120
-0.0453882713028699	0.491065821848087	2676
-0.04648134015328	0.48998410568291	9
-0.0453882713028699	0.491065821848087	383
-0.0401398580041299	0.492707629107706	1494
-0.0401398580041299	0.492707629107706	1048
-0.0450337881962599	0.489974899858239	699
-0.04159792656106	0.489337286075825	699
-0.0453882713028699	0.491065821848087	9
-0.0397831978713901	0.488909487893217	9
-0.0412422299414701	0.49161470941807	9
-0.0412422299414701	0.49161470941807	9
-0.0412422299414701	0.49161470941807	9
-0.0453882713028699	0.491065821848087	648
-0.04648134015328	0.48998410568291	9
-0.04648134015328	0.48998410568291	585
-0.04648134015328	0.48998410568291	115
-0.0573659117799099	0.905388234124268	145
-0.0401398580041299	0.492707629107706	2219
-0.0503000792695401	0.485973419912067	110
0.0570507106547	0.777100707075356	110
-0.0397831978713901	0.488909487893217	110
-0.0348497457467101	0.487505243218888	110
-0.0412422299414701	0.49161470941807	110
-0.0453882713028699	0.491065821848087	264
-0.0412422299414701	0.49161470941807	2367
-0.0397831978713901	0.488909487893217	325
-0.04248569716236	0.487103907991292	48
-0.0517509107762599	0.485976898894524	9
-0.04648134015328	0.48998410568291	9
0.06905957384716	0.80439629318691	9
-0.0435831175093799	0.4860389300833	9
-0.0435831175093799	0.4860389300833	9
-0.0517509107762599	0.485976898894524	648
-0.04648134015328	0.48998410568291	734
-0.0453882713028699	0.491065821848087	1579
-0.0412422299414701	0.49161470941807	70
-0.0374289507290699	0.48578937094864	70
-0.0468348868246	0.486692367864221	110
0.0804009144234299	1.68306696056509	110
-0.04648134015328	0.48998410568291	201
-0.0450405677986001	0.484932859758814	110
-0.04648134015328	0.48998410568291	110
-0.04393854515874	0.491057209685398	110
-0.0517272963789199	0.901994696216299	110
-0.0426981136187199	0.488260410534648	264
-0.0453882713028699	0.491065821848087	16
-0.0453882713028699	0.491065821848087	279
0.11602021213337	1.12873652048082	23
-0.0517509107762599	0.485976898894524	154
0.11156677602681	1.11178906787093	383
-0.0435831175093799	0.4860389300833	9
-0.0503000792695401	0.485973419912067	9
0.06648909798212	0.793349671169786	1630
-0.04648134015328	0.48998410568291	699
-0.0401398580041299	0.492707629107706	9
-0.04792578460344	0.485631123308653	394
-0.04648134015328	0.48998410568291	9
-0.0426981136187199	0.488260410534648	9
-0.0453882713028699	0.491065821848087	9
-0.0468348868246	0.486692367864221	734
0.11500779450911	1.13460190194235	24
-0.0401398580041299	0.492707629107706	264
-0.0401398580041299	0.492707629107706	279
0.0675772969134201	0.794331052216231	325
0.06794727744892	0.789750456823628	48
-0.0468348868246	0.486692367864221	48
0.0610680297244	0.788072196378192	217
0.12327312279036	1.11478041327992	2676
0.06371017708573	0.796477488281912	9
-0.0453882713028699	0.491065821848087	9
-0.0450337881962599	0.489974899858239	677
-0.04648134015328	0.48998410568291	9
-0.04393854515874	0.491057209685398	699
-0.04648134015328	0.48998410568291	9
-0.0450337881962599	0.489974899858239	70
-0.0513892655818	0.912810140512687	201
0.0346715588673801	1.29992068935494	201
-0.04393854515874	0.491057209685398	2367
-0.0468348868246	0.486692367864221	1496
-0.10302508641015	1.85319554631011	120
0.0306064484329101	2.22833811570659	9
-0.04822029100669	0.920694758552088	9
-0.05420149670243	0.906837737262896	9
0.0626134586467499	0.787358483162585	64
0.0248224744918799	1.26396375129197	677
-0.04648134015328	0.48998410568291	9
-0.0273433326458701	0.89137495449293	1211
0.06629393122933	0.800830556955224	70
0.0650023200374801	0.799635859648323	1579
-0.0450337881962599	0.489974899858239	70
0.0717138128511201	0.807457867769169	70
-0.0450337881962599	0.489974899858239	353
0.07582095063623	0.803772600889529	110
-0.04648134015328	0.48998410568291	264
-0.04648134015328	0.48998410568291	2214
-0.0435831175093799	0.4860389300833	16
-0.06219800482628	1.5643463429224	84
0.0660972750431901	0.793424923313814	1496
0.0675772969134201	0.794331052216231	154
-0.04648134015328	0.48998410568291	154
-0.04787775350157	0.912221818065738	217
0.0701513798267499	0.798112285981421	217
-0.04792578460344	0.485631123308653	9
0.0662551419060999	0.796008569427114	9
-0.0397831978713901	0.488909487893217	9
-0.0412422299414701	0.49161470941807	9
0.06371017708573	0.796477488281912	9
-0.0517509107762599	0.485976898894524	9
-0.0401398580041299	0.492707629107706	70
-0.04159792656106	0.489337286075825	1579
-0.0426981136187199	0.488260410534648	115
-0.0453882713028699	0.491065821848087	70
-0.0397831978713901	0.488909487893217	70
-0.0517509107762599	0.485976898894524	115
-0.04884610787864	0.482105241849398	115
0.12331004681519	1.14662608479542	201
-0.0401398580041299	0.492707629107706	264
0.0205712970946601	1.27728247820802	16
-0.0450337881962599	0.489974899858239	279
-0.0236659516312601	1.4530471517026	325
-0.0479621547610301	0.484281434940963	151
-0.0213879312304801	1.88992068787118	48
-0.0513892655818	0.912810140512687	217
0.07412938648184	0.799431649536959	217
-0.0450337881962599	0.489974899858239	9
-0.0529172541256899	0.90913607423889	9
0.0703868441081701	0.807034365925312	9
-0.04648134015328	0.48998410568291	677
-0.0453882713028699	0.491065821848087	89
-0.0453882713028699	0.491065821848087	1211
-0.04393854515874	0.491057209685398	1292
-0.04248569716236	0.487103907991292	2708
-0.0468348868246	0.486692367864221	115
-0.0453882713028699	0.491065821848087	115
-0.0397831978713901	0.488909487893217	115
-0.0517509107762599	0.485976898894524	115
0.06629393122933	0.800830556955224	115
-0.0519762629874601	0.917146096891362	110
0.10845946728562	1.11680212086466	110
-0.0450337881962599	0.489974899858239	110
-0.04159792656106	0.489337286075825	16
-0.0401398580041299	0.492707629107706	393
0.0639065493603399	0.79044386627471	393
-0.0453882713028699	0.491065821848087	843
-0.0401398580041299	0.492707629107706	16
-0.03867863790684	0.489990587090443	2367
0.11430958082354	1.13747820111025	16
-0.0450337881962599	0.489974899858239	325
-0.0456513455168199	0.923679325795707	325
0.0719507577404199	0.796446112466694	151
0.12462640581011	1.14518029372484	154
-0.0401398580041299	0.492707629107706	151
0.10410045091964	1.11500183988587	48
-0.0453882713028699	0.491065821848087	9
-0.04393854515874	0.491057209685398	9
-0.04248569716236	0.487103907991292	9
-0.0401398580041299	0.492707629107706	9
-0.0450337881962599	0.489974899858239	18
-0.03867863790684	0.489990587090443	9
-0.04792578460344	0.485631123308653	89
-0.03867863790684	0.489990587090443	9
-0.0412422299414701	0.49161470941807	585
-0.0412422299414701	0.49161470941807	115
-0.0468348868246	0.486692367864221	115
0.0150387565188399	1.24815770909537	201
-0.09540439857686	1.07699846975377	843
-0.0186271982144799	1.45283735595065	843
0.0306823103813001	1.2768437149745	843
0.0703868441081701	0.807034365925312	16
0.12108255309914	1.14394989801968	48
0.0703868441081701	0.807034365925312	217
0.11693446123468	1.14275356428472	9
0.07280368997465	0.801127382429996	9
0.07823386320572	0.796760919939203	9
-0.0435831175093799	0.4860389300833	9
-0.0450405677986001	0.484932859758814	9
-0.0453882713028699	0.491065821848087	9
-0.04393854515874	0.491057209685398	401
-0.04393854515874	0.491057209685398	9
-0.04648134015328	0.48998410568291	1579
-0.04792578460344	0.485631123308653	115
-0.0453882713028699	0.491065821848087	126
-0.0431818839043301	1.99306186157541	24
-0.04924355142861	2.10557854039409	16
-0.0222323805673901	1.45285538645731	151
-0.05010645561376	0.914136723856593	48
-0.0131683196668499	1.91983945651787	170
0.06761412650483	0.800352775712037	9
-0.05104994141012	0.91254510534318	9
-0.0450337881962599	0.489974899858239	9
0.11238603139603	1.12977750651922	9
-0.0453882713028699	0.491065821848087	517
-0.0547997303069101	0.906630850943866	18
0.0810189089721001	0.789273824389394	9
-0.04648134015328	0.48998410568291	3415
0.0717138128511201	0.807457867769169	89
-0.04159792656106	0.489337286075825	401
-0.04393854515874	0.491057209685398	70
-0.0443661427995199	0.922619563650067	585
-0.0412422299414701	0.49161470941807	115
-0.0397831978713901	0.488909487893217	115
-0.04159792656106	0.489337286075825	115
-0.0453882713028699	0.491065821848087	115
0.06083855942342	0.78949740844192	110
0.0673879387471601	0.794603309712501	24
0.0648060784522699	0.790323975763253	16
0.0703868441081701	0.807034365925312	279
-0.0468348868246	0.486692367864221	151
-0.0382360194329201	2.02916641104941	48
0.1185544173722	1.13059962163995	48
0.06905957384716	0.80439629318691	18
-0.0450337881962599	0.489974899858239	9
-0.04648134015328	0.48998410568291	89
-0.0453882713028699	0.491065821848087	89
-0.0426981136187199	0.488260410534648	89
-0.04248569716236	0.487103907991292	89
-0.0468348868246	0.486692367864221	288
-0.04648134015328	0.48998410568291	897
0.0769075904867	0.797547015895299	251
-0.0412422299414701	0.49161470941807	1142
-0.0453882713028699	0.491065821848087	115
-0.0531986137434599	0.481686443078168	115
-0.03631941323805	0.48685860015717	115
-0.0453882713028699	0.491065821848087	115
-0.04153769492717	0.923739548640697	110
-0.0397831978713901	0.488909487893217	24
0.11278218061529	1.12857138361978	48
0.07582095063623	0.803772600889529	48
-0.0513892655818	0.912810140512687	170
-0.10780709570932	1.05471149138795	9
0.06629393122933	0.800830556955224	3415
0.0650023200374801	0.799635859648323	18
-0.0401398580041299	0.492707629107706	9
-0.04393854515874	0.491057209685398	9
-0.0397831978713901	0.488909487893217	1142
-0.0401398580041299	0.492707629107706	115
-0.04648134015328	0.48998410568291	352
0.0651991094415301	0.791620042971659	110
-0.09892737117011	1.07864936731484	110
0.08916250012033	1.68594156027261	325
-0.0203455184943	1.4678138957806	151
-0.0355546050138	0.91259213176541	151
-0.0503000792695401	0.485973419912067	151
-0.0468348868246	0.486692367864221	151
-0.10786789985278	1.0608274271007	48
-0.04648134015328	0.48998410568291	217
-0.0443661427995199	0.922619563650067	9
0.07026594827711	0.791881320739229	18
-0.04159792656106	0.489337286075825	9
0.0755809993940499	0.79576600509465	9
-0.0545428425299399	0.910411715503773	9
-0.0435831175093799	0.4860389300833	1058
-0.0453882713028699	0.491065821848087	1058
-0.0397831978713901	0.488909487893217	70
-0.04393854515874	0.491057209685398	70
-0.04792578460344	0.485631123308653	1142
-0.0453882713028699	0.491065821848087	70
-0.0531986137434599	0.481686443078168	2445
-0.0401398580041299	0.492707629107706	2445
-0.04648134015328	0.48998410568291	2445
-0.0453882713028699	0.491065821848087	115
-0.04159792656106	0.489337286075825	115
0.0651991094415301	0.791620042971659	115
-0.0450337881962599	0.489974899858239	115
-0.0397831978713901	0.488909487893217	115
-0.04188439232428	0.923690330704584	110
-0.06617999140375	1.58683181770798	110
-0.0506922497015501	0.917786638270386	120
-0.04393854515874	0.491057209685398	3560
0.07823386320572	0.796760919939203	3560
-0.0227710409480699	1.45792665722318	7
-0.0497659370935899	0.912456900106155	9
-0.0401398580041299	0.492707629107706	9
-0.0450337881962599	0.489974899858239	9
0.07582095063623	0.803772600889529	401
-0.0450337881962599	0.489974899858239	401
-0.0412422299414701	0.49161470941807	1292
-0.04159792656106	0.489337286075825	9
-0.0401398580041299	0.492707629107706	251
-0.0450337881962599	0.489974899858239	70
-0.04393854515874	0.491057209685398	70
0.0665202137715899	0.791170383160884	115
-0.04159792656106	0.489337286075825	115
-0.00802115438582995	1.94155050172088	110
0.0869664312595799	1.68485588372089	24
0.0678472380275299	0.788889022392744	325
0.11733481824303	1.12854572843994	9
-0.03596148207418	0.486432467057371	89
-0.04648134015328	0.48998410568291	401
-0.04393854515874	0.491057209685398	1292
-0.0450337881962599	0.489974899858239	70
-0.0453882713028699	0.491065821848087	2445
0.0687072263488899	0.794144549178341	115
-0.0453882713028699	0.491065821848087	159
-0.0503000792695401	0.485973419912067	159
-0.04393854515874	0.491057209685398	159
-0.0450337881962599	0.489974899858239	422
-0.11098243152402	1.06673540121018	110
-0.12056163009867	2.30538864585411	110
-0.10055385744592	1.68600469364138	110
-0.04159792656106	0.489337286075825	84
-0.02994588653714	1.44894728329289	151
-0.04884610787864	0.482105241849398	217
0.0755809993940499	0.79576600509465	217
-0.0468348868246	0.486692367864221	2320
-0.0479621547610301	0.484281434940963	2320
-0.0453882713028699	0.491065821848087	1169
-0.0468348868246	0.486692367864221	9
-0.0450337881962599	0.489974899858239	70
-0.0412422299414701	0.49161470941807	251
-0.04648134015328	0.48998410568291	2077
-0.11048615091008	1.05583437171443	115
-0.0453882713028699	0.491065821848087	96
-0.04393854515874	0.491057209685398	126
-0.04393854515874	0.491057209685398	1436
-0.0453882713028699	0.491065821848087	110
-0.0491635686916001	0.906099028039479	84
-0.0437623736411199	0.911352362549489	325
-0.0312157480103701	1.42395342592397	151
-0.0453064244183199	0.911847448371912	48
0.0717138128511201	0.807457867769169	217
-0.0397831978713901	0.488909487893217	9
-0.0453882713028699	0.491065821848087	9
-0.0503000792695401	0.485973419912067	230
-0.0450337881962599	0.489974899858239	2320
-0.0465029461993001	0.487589009547808	2320
-0.04393854515874	0.491057209685398	9
-0.0519762629874601	0.917146096891362	89
0.07280368997465	0.801127382429996	89
-0.04599496688161	0.92465607668814	251
0.06629393122933	0.800830556955224	251
-0.0468348868246	0.486692367864221	70
-0.0450337881962599	0.489974899858239	115
-0.0374289507290699	0.48578937094864	115
-0.0426981136187199	0.488260410534648	352
-0.0397831978713901	0.488909487893217	110
-0.03631941323805	0.48685860015717	110
-0.0426981136187199	0.488260410534648	110
-0.0453882713028699	0.491065821848087	393
-0.0450337881962599	0.489974899858239	16
-0.0401398580041299	0.492707629107706	16
0.0650023200374801	0.799635859648323	84
-0.0479621547610301	0.484281434940963	371
0.0675772969134201	0.794331052216231	18
-0.04471095424489	0.925292967788079	84
-0.11094140706471	1.04895269260153	84
-0.04792578460344	0.485631123308653	325
-0.0503000792695401	0.485973419912067	151
-0.09887952377974	1.68517697168258	151
-0.0506922497015501	0.917786638270386	48
-0.1069432157138	1.07152771136582	48
0.07582095063623	0.803772600889529	48
0.0650023200374801	0.799635859648323	48
-0.0478809654432699	0.906022528095472	217
0.11936783462764	1.12263650850425	9
0.11055455321052	1.11419796596268	1933
0.10995263316137	1.12426440008093	18
-0.0453882713028699	0.491065821848087	9
0.06929519244363	0.797697255741726	89
-0.0517509107762599	0.485976898894524	401
-0.0412422299414701	0.49161470941807	401
-0.04393854515874	0.491057209685398	1042
-0.03867863790684	0.489990587090443	1058
-0.04884610787864	0.482105241849398	3308
-0.04648134015328	0.48998410568291	115
0.08248981471299	1.68043142736358	110
-0.0904255903690601	1.7158936577826	24
-0.10161382878164	1.07692013804028	84
0.06629393122933	0.800830556955224	84
0.0706231275959299	0.798124052962526	84
0.06773200665896	0.797493334056868	84
0.0717138128511201	0.807457867769169	325
0.06905957384716	0.80439629318691	151
0.11693446123468	1.14275356428472	151
0.07327807824916	0.790903436649492	48
-0.04753935644685	0.91244887477375	538
0.0639065493603399	0.79044386627471	217
0.0673879387471601	0.794603309712501	9
0.11481667152975	1.13387202999575	2670
-0.05104994141012	0.91254510534318	2670
0.0673879387471601	0.794603309712501	18
-0.0468348868246	0.486692367864221	2320
0.0639065493603399	0.79044386627471	2320
-0.0450337881962599	0.489974899858239	89
-0.0453882713028699	0.491065821848087	1042
0.0648060784522699	0.790323975763253	251
-0.0397831978713901	0.488909487893217	70
-0.04648134015328	0.48998410568291	2069
-0.0397831978713901	0.488909487893217	70
-0.0412422299414701	0.49161470941807	84
-0.0456513455168199	0.923679325795707	84
0.10754281720234	1.11492667422264	84
0.0714776862188999	0.800703716196944	151
0.03972862946991	1.27843857508826	151
-0.04648134015328	0.48998410568291	151
0.0734051397069899	1.64508204935836	151
-0.0450337881962599	0.489974899858239	1014
0.0673879387471601	0.794603309712501	217
-0.04248569716236	0.487103907991292	217
0.07280368997465	0.801127382429996	283
0.06929519244363	0.797697255741726	9
-0.0453882713028699	0.491065821848087	2320
-0.0426981136187199	0.488260410534648	89
-0.0450337881962599	0.489974899858239	89
0.0660972750431901	0.793424923313814	89
0.0678472380275299	0.788889022392744	89
-0.0412422299414701	0.49161470941807	1042
-0.04393854515874	0.491057209685398	1042
-0.0517509107762599	0.485976898894524	251
-0.03867863790684	0.489990587090443	134
-0.0468348868246	0.486692367864221	91
-0.0450337881962599	0.489974899858239	91
0.06629393122933	0.800830556955224	115
-0.0468348868246	0.486692367864221	115
-0.0401398580041299	0.492707629107706	126
-0.0597012869840701	1.6044891488183	110
0.11500962654846	1.12955402639847	84
0.0769075904867	0.797547015895299	84
0.0420619091486101	1.82310279522477	151
0.0584219599332101	0.787317172029354	151
-0.04648134015328	0.48998410568291	48
-0.04248569716236	0.487103907991292	48
-0.0453882713028699	0.491065821848087	217
0.0569141127177899	0.771107840284977	9
-0.0453882713028699	0.491065821848087	767
-0.0426981136187199	0.488260410534648	3017
-0.04648134015328	0.48998410568291	1058
-0.0453882713028699	0.491065821848087	1058
-0.0412422299414701	0.49161470941807	70
-0.0465029461993001	0.487589009547808	115
-0.0426981136187199	0.488260410534648	151
-0.0426981136187199	0.488260410534648	151
-0.04393854515874	0.491057209685398	48
-0.04393854515874	0.491057209685398	1014
-0.0450405677986001	0.484932859758814	7
-0.04248569716236	0.487103907991292	217
-0.0450337881962599	0.489974899858239	9
-0.0397831978713901	0.488909487893217	162
-0.0450337881962599	0.489974899858239	3022
-0.0435831175093799	0.4860389300833	89
-0.0453882713028699	0.491065821848087	1058
0.0734049768074401	0.792812846293566	251
-0.04648134015328	0.48998410568291	251
-0.0450337881962599	0.489974899858239	134
-0.0401398580041299	0.492707629107706	134
-0.04884610787864	0.482105241849398	110
-0.0976378457899401	2.39964540109995	24
0.03321039530257	1.81870003013112	557
0.06905957384716	0.80439629318691	84
-0.0450337881962599	0.489974899858239	151
-0.04159792656106	0.489337286075825	329
-0.0401398580041299	0.492707629107706	151
0.0324354829520299	1.29832796149699	48
-0.04393854515874	0.491057209685398	1014
-0.04648134015328	0.48998410568291	217
-0.03867863790684	0.489990587090443	217
0.0687072263488899	0.794144549178341	217
0.0734049768074401	0.792812846293566	9
0.08387600037065	1.68466496499476	18
-0.0468348868246	0.486692367864221	1694
-0.0450337881962599	0.489974899858239	2933
0.06516596550042	0.795022296079777	401
-0.0397831978713901	0.488909487893217	756
0.0730404754656799	0.805716297602441	1816
-0.0450337881962599	0.489974899858239	115
-0.0468348868246	0.486692367864221	96
-0.04792578460344	0.485631123308653	353
-0.08647559572396	1.73021418765577	110
-0.09582182617934	1.07446340528725	84
0.11764169218383	1.1382697461348	84
0.0769075904867	0.797547015895299	84
-0.03867863790684	0.489990587090443	151
-0.03867863790684	0.489990587090443	151
-0.04648134015328	0.48998410568291	151
0.0769075904867	0.797547015895299	151
0.02504302796115	1.78176438893826	462
-0.10032022698418	1.07180558927246	48
-0.0503000792695401	0.485973419912067	48
-0.0453882713028699	0.491065821848087	217
-0.04248569716236	0.487103907991292	217
-0.04792578460344	0.485631123308653	217
-0.04792578460344	0.485631123308653	217
-0.0468348868246	0.486692367864221	217
-0.0401398580041299	0.492707629107706	9
-0.10292187049429	1.07406679929981	9
-0.04393854515874	0.491057209685398	9
-0.03596148207418	0.486432467057371	18
-0.0517509107762599	0.485976898894524	18
-0.0465029461993001	0.487589009547808	89
-0.0465029461993001	0.487589009547808	3072
-0.0450337881962599	0.489974899858239	1694
-0.04159792656106	0.489337286075825	401
-0.04159792656106	0.489337286075825	70
-0.0453882713028699	0.491065821848087	134
-0.0465858864231801	0.917919056840804	134
-0.0401398580041299	0.492707629107706	422
-0.01002492390459	1.93395707945956	84
-0.0453007591171	0.917628524383174	84
0.10995263316137	1.12426440008093	84
-0.10737982830591	1.0593589781717	84
-0.04188439232428	0.923690330704584	151
0.06629393122933	0.800830556955224	151
0.08970062579102	1.69372051232103	151
-0.11315840294913	1.05133872946019	462
-0.0437711579548601	0.917048601837963	120
-0.01080915670407	1.91576937847568	48
-0.02051518019434	1.46324508567519	48
0.0648060784522699	0.790323975763253	1014
0.06629393122933	0.800830556955224	217
-0.0497659370935899	0.912456900106155	217
0.0678472380275299	0.788889022392744	217
-0.0517509107762599	0.485976898894524	9
-0.0484814395602899	0.910868578043114	9
0.11016014579646	1.12554738915833	18
-0.0453882713028699	0.491065821848087	50
-0.04248569716236	0.487103907991292	401
-0.04248569716236	0.487103907991292	401
-0.0453882713028699	0.491065821848087	251
-0.0453882713028699	0.491065821848087	5
0.0706231275959299	0.798124052962526	134
-0.04792578460344	0.485631123308653	134
-0.03867863790684	0.489990587090443	115
0.0908259114885901	1.67178775524759	110
-0.04648134015328	0.48998410568291	110
-0.04282308619426	0.92208865263228	393
-0.0998495216583699	1.06595774365233	84
0.0755809993940499	0.79576600509465	84
-0.04159792656106	0.489337286075825	84
-0.04792578460344	0.485631123308653	3469
-0.0348497457467101	0.487505243218888	371
-0.1069432157138	1.07152771136582	151
0.06761412650483	0.800352775712037	462
-0.03867863790684	0.489990587090443	462
-0.0554852555658101	0.902514016390457	48
0.07470816079444	0.783937200394392	1014
-0.0412422299414701	0.49161470941807	217
0.0717138128511201	0.807457867769169	9
0.0706231275959299	0.798124052962526	9
0.0679669568919701	0.795117762229217	9
0.07135712286623	0.785866685355301	9
-0.0503000792695401	0.485973419912067	18
-0.04648134015328	0.48998410568291	89
-0.0435831175093799	0.4860389300833	401
-0.0435831175093799	0.4860389300833	401
-0.04792578460344	0.485631123308653	756
-0.04393854515874	0.491057209685398	70
0.06083855942342	0.78949740844192	251
-0.0450337881962599	0.489974899858239	1612
-0.04159792656106	0.489337286075825	251
-0.04648134015328	0.48998410568291	1690
-0.0468348868246	0.486692367864221	134
-0.0435831175093799	0.4860389300833	134
-0.04159792656106	0.489337286075825	115
-0.04159792656106	0.489337286075825	115
-0.04393854515874	0.491057209685398	115
-0.0884599166799001	2.22171525841317	110
0.07412938648184	0.799431649536959	110
-0.04648134015328	0.48998410568291	16
0.03052176742413	1.82527136286356	84
0.0834472746296799	1.69094564840047	151
0.0597661029282199	2.1211190721304	217
-0.04119509926681	0.91408866732071	217
-0.0399183231332201	0.905717290656034	9
-0.0468348868246	0.486692367864221	9
-0.0548989862276901	0.903603165449039	919
0.06761412650483	0.800352775712037	18
-0.0412422299414701	0.49161470941807	1694
-0.04393854515874	0.491057209685398	401
-0.0435831175093799	0.4860389300833	1090
-0.0401398580041299	0.492707629107706	1090
-0.0374289507290699	0.48578937094864	134
-0.0401398580041299	0.492707629107706	134
-0.0479621547610301	0.484281434940963	115
-0.03631941323805	0.48685860015717	115
-0.0348497457467101	0.487505243218888	115
-0.0450337881962599	0.489974899858239	428
-0.04393854515874	0.491057209685398	96
-0.04648134015328	0.48998410568291	96
-0.0468348868246	0.486692367864221	96
-0.0412422299414701	0.49161470941807	126
-0.0450337881962599	0.489974899858239	126
-0.0450337881962599	0.489974899858239	1960
-0.0517509107762599	0.485976898894524	353
-0.0450337881962599	0.489974899858239	557
-0.04159792656106	0.489337286075825	84
-0.04393854515874	0.491057209685398	84
-0.04119509926681	0.91408866732071	3469
0.0610680297244	0.788072196378192	16
0.11218312984862	1.13624062062625	2053
-0.11676863349186	1.04995919381634	48
0.02987278128965	1.29620100167739	1014
0.0266804577390001	1.28363085072973	217
0.0333636137669899	1.29542928523832	142
-0.0453882713028699	0.491065821848087	217
-0.04648134015328	0.48998410568291	614
-0.10514743446388	1.07044736924711	217
0.0581938207469801	0.785193524974265	9
-0.04792578460344	0.485631123308653	9
0.0570984686875899	0.784216189333434	919
-0.0401398580041299	0.492707629107706	89
-0.0479621547610301	0.484281434940963	401
-0.0517509107762599	0.485976898894524	401
-0.0401398580041299	0.492707629107706	401
-0.04648134015328	0.48998410568291	70
-0.0468348868246	0.486692367864221	251
-0.0468348868246	0.486692367864221	134
-0.04248569716236	0.487103907991292	115
-0.0401398580041299	0.492707629107706	115
-0.04393854515874	0.491057209685398	96
0.07582095063623	0.803772600889529	110
-0.0450337881962599	0.489974899858239	110
-0.0426981136187199	0.488260410534648	557
0.0706231275959299	0.798124052962526	84
-0.0450337881962599	0.489974899858239	151
-0.04248569716236	0.487103907991292	151
-0.0980849033136999	1.07217272874372	48
-0.0980453465465101	1.07769205671066	48
0.0665202137715899	0.791170383160884	217
-0.0513892655818	0.912810140512687	217
-0.0468348868246	0.486692367864221	9
0.07582095063623	0.803772600889529	9
0.11954826418869	1.12304442653829	9
-0.10388199212474	1.06471916744909	9
0.06629393122933	0.800830556955224	9
0.0717138128511201	0.807457867769169	18
-0.0435831175093799	0.4860389300833	401
-0.03596148207418	0.486432467057371	70
-0.0435831175093799	0.4860389300833	251
-0.0450337881962599	0.489974899858239	251
-0.0450337881962599	0.489974899858239	1090
-0.0465029461993001	0.487589009547808	1688
-0.0374289507290699	0.48578937094864	428
-0.11479037191679	1.83920150268418	110
-0.0412422299414701	0.49161470941807	84
-0.11487862188074	1.22744520574004	16
-0.0517509107762599	0.485976898894524	371
-0.04159792656106	0.489337286075825	84
-0.10605844037982	1.06590418703701	84
-0.0450337881962599	0.489974899858239	151
-0.05010645561376	0.914136723856593	48
-0.01894826210018	1.46772935933854	48
-0.0412422299414701	0.49161470941807	217
0.0303562743797701	1.29075812804701	217
-0.10653547979842	1.0605163797756	9
0.06083855942342	0.78949740844192	9
0.10672411400296	1.12142816619171	9
0.11522406829293	1.1394080960292	919
-0.04393854515874	0.491057209685398	89
-0.0468348868246	0.486692367864221	73
0.0639065493603399	0.79044386627471	401
-0.04648134015328	0.48998410568291	251
-0.0412422299414701	0.49161470941807	251
-0.0468348868246	0.486692367864221	251
-0.0450337881962599	0.489974899858239	134
0.0760031561432499	2.15789910419965	110
-0.04153769492717	0.923739548640697	110
-0.07333438879528	2.22206742486713	110
-0.0517509107762599	0.485976898894524	24
-0.0435831175093799	0.4860389300833	24
-0.0450405677986001	0.484932859758814	84
-0.0468348868246	0.486692367864221	3469
-0.04648134015328	0.48998410568291	371
0.0626134586467499	0.787358483162585	371
-0.0374289507290699	0.48578937094864	371
-0.01037048195214	1.46939493296248	151
-0.0426981136187199	0.488260410534648	151
-0.04393854515874	0.491057209685398	151
0.10501757700406	1.10762228913282	48
-0.04753935644685	0.91244887477375	217
-0.04393854515874	0.491057209685398	9
0.12016968321942	1.12996331364642	9
-0.04884610787864	0.482105241849398	9
-0.0450337881962599	0.489974899858239	9
-0.0468348868246	0.486692367864221	9
0.06929519244363	0.797697255741726	18
-0.0450337881962599	0.489974899858239	18
-0.04393854515874	0.491057209685398	1733
-0.0401398580041299	0.492707629107706	89
-0.0503000792695401	0.485973419912067	401
-0.0450337881962599	0.489974899858239	898
-0.0450337881962599	0.489974899858239	1175
-0.0412422299414701	0.49161470941807	756
-0.0503000792695401	0.485973419912067	70
-0.03867863790684	0.489990587090443	1688
-0.0450337881962599	0.489974899858239	115
-0.0894744078696099	1.73209186240667	110
0.0650023200374801	0.799635859648323	110
-0.0426981136187199	0.488260410534648	557
-0.10517717777035	1.06063257682088	393
-0.03631941323805	0.48685860015717	24
-0.09892737117011	1.07864936731484	371
0.11208345259798	1.11757093698678	371
-0.00431959004497995	2.30836106910248	84
-0.0976978989097499	1.06687327575879	151
0.1185544173722	1.13059962163995	151
-0.0456513455168199	0.923679325795707	151
-0.0954629468675801	1.07055652853889	151
0.0636098640576399	0.793010187764851	462
-0.0412422299414701	0.49161470941807	462
0.12028056875119	1.12656697200363	538
0.0651991094415301	0.791620042971659	9
-0.0453882713028699	0.491065821848087	1758
-0.0412131570596701	0.482509497096658	898
-0.04393854515874	0.491057209685398	1175
0.0610680297244	0.788072196378192	251
0.09198119228469	2.41689642592759	110
-0.0453882713028699	0.491065821848087	557
0.06629393122933	0.800830556955224	557
-0.04648134015328	0.48998410568291	557
-0.1114160875064	1.04584415643168	151
0.06371017708573	0.796477488281912	151
-0.03015301765861	1.43210380653252	151
0.03123280059391	1.29618575804247	151
0.0366143077171099	1.82400819194365	48
-0.0361386618572099	0.919780836846218	1014
0.07606172191292	0.793812889182763	217
-0.0401398580041299	0.492707629107706	480
-0.08386223049226	1.74597934863861	217
-0.0401398580041299	0.492707629107706	18
-0.04393854515874	0.491057209685398	463
-0.04648134015328	0.48998410568291	18
-0.0426981136187199	0.488260410534648	2331
-0.0401398580041299	0.492707629107706	401
0.0679669568919701	0.795117762229217	431
-0.0426981136187199	0.488260410534648	898
-0.0453882713028699	0.491065821848087	66
0.0730404754656799	0.805716297602441	251
-0.0468348868246	0.486692367864221	251
-0.0453882713028699	0.491065821848087	66
-0.04648134015328	0.48998410568291	1903
-0.0453882713028699	0.491065821848087	134
-0.0450337881962599	0.489974899858239	134
-0.0450337881962599	0.489974899858239	115
-0.04393854515874	0.491057209685398	115
-0.0450337881962599	0.489974899858239	428
-0.0412422299414701	0.49161470941807	841
-0.0401398580041299	0.492707629107706	353
0.11147057415287	1.12787087839151	557
-0.0507872837755801	0.907365096490933	557
-0.03867863790684	0.489990587090443	24
-0.05010645561376	0.914136723856593	24
-0.0582962748784199	1.61961872294242	84
0.0626134586467499	0.787358483162585	151
-0.10027145268496	1.07869151777431	151
-0.04727849298877	0.922305146735278	151
0.10885089399557	1.12141595140091	151
-0.11320314306405	1.04638300743762	217
-0.0465029461993001	0.487589009547808	18
-0.04648134015328	0.48998410568291	18
-0.04792578460344	0.485631123308653	50
-0.0401398580041299	0.492707629107706	431
-0.0450337881962599	0.489974899858239	1475
-0.03596148207418	0.486432467057371	898
0.0703571845925199	0.792493458677294	251
-0.04393854515874	0.491057209685398	134
-0.04792578460344	0.485631123308653	1238
-0.0412422299414701	0.49161470941807	134
-0.0412422299414701	0.49161470941807	351
-0.0468348868246	0.486692367864221	151
0.0638425099865601	0.794596926536509	151
-0.03867863790684	0.489990587090443	48
0.07003232504343	0.791841314550571	217
0.02769564261378	1.26521036609936	480
-0.0397831978713901	0.488909487893217	771
-0.04393854515874	0.491057209685398	98
-0.0412422299414701	0.49161470941807	1547
-0.04159792656106	0.489337286075825	73
-0.0401398580041299	0.492707629107706	73
-0.0453882713028699	0.491065821848087	73
-0.0450337881962599	0.489974899858239	66
-0.0479621547610301	0.484281434940963	134
-0.04159792656106	0.489337286075825	134
-0.04393854515874	0.491057209685398	115
-0.04159792656106	0.489337286075825	115
-0.04248569716236	0.487103907991292	353
-0.02891613927213	1.432206308967	393
-0.11727257197907	1.03600337565083	1089
-0.04188439232428	0.923690330704584	24
0.06492063496835	2.12999655263169	84
-0.11458052120936	1.04245329213466	151
0.11278218061529	1.12857138361978	151
-0.0453064244183199	0.911847448371912	151
0.0717138128511201	0.807457867769169	1171
-0.1069432157138	1.07152771136582	1171
-0.0542890464758301	0.888439916488172	151
0.0648060784522699	0.790323975763253	1935
-0.03867863790684	0.489990587090443	48
0.1136972393646	1.13047729306499	48
-0.04648134015328	0.48998410568291	142
-0.0599301336112901	0.897825978678627	856
-0.0517509107762599	0.485976898894524	43
0.0714776862188999	0.800703716196944	9
-0.0435831175093799	0.4860389300833	18
-0.04248569716236	0.487103907991292	18
-0.0435831175093799	0.4860389300833	1733
-0.04792578460344	0.485631123308653	1733
-0.0426981136187199	0.488260410534648	73
-0.03867863790684	0.489990587090443	431
-0.0348497457467101	0.487505243218888	1475
-0.04792578460344	0.485631123308653	1475
-0.0453882713028699	0.491065821848087	401
-0.04393854515874	0.491057209685398	898
-0.03867863790684	0.489990587090443	1977
-0.04393854515874	0.491057209685398	66
-0.04648134015328	0.48998410568291	1238
-0.03596148207418	0.486432467057371	134
0.08150855606771	0.783106092814716	134
-0.0453882713028699	0.491065821848087	115
-0.04648134015328	0.48998410568291	353
0.06629393122933	0.800830556955224	151
-0.0402518243860399	0.923437913170731	151
-0.0219491449481199	1.4517536896027	240
0.05974514847552	0.78851565291543	98
-0.0465858864231801	0.917919056840804	856
0.05974514847552	0.78851565291543	856
0.07532657966084	1.64055824943834	9
0.0584219599332101	0.787317172029354	9
-0.0435831175093799	0.4860389300833	9
-0.0453882713028699	0.491065821848087	18
0.0717138128511201	0.807457867769169	1122
0.06761412650483	0.800352775712037	1475
0.10863840569127	1.12071011362554	251
-0.0401398580041299	0.492707629107706	134
0.0733839688931399	0.783370607842073	134
-0.04393854515874	0.491057209685398	1964
-0.0450337881962599	0.489974899858239	122
-0.04884610787864	0.482105241849398	115
-0.04393854515874	0.491057209685398	115
-0.04648134015328	0.48998410568291	841
-0.0412422299414701	0.49161470941807	353
-0.04214147308945	0.921106291037143	110
-0.0401398580041299	0.492707629107706	84
-0.0435831175093799	0.4860389300833	84
-0.0426840182878101	0.481869506806391	151
-0.0453882713028699	0.491065821848087	151
-0.0397831978713901	0.488909487893217	151
-0.0453882713028699	0.491065821848087	1225
-0.0426981136187199	0.488260410534648	151
-0.0450337881962599	0.489974899858239	142
-0.0911134673859399	1.71990913723875	24
-0.0526854386697799	1.60892621100066	110
-0.0494077553332399	0.916745201046687	84
0.0624175079273901	0.789262309147399	151
0.06929519244363	0.797697255741726	151
0.11916195318116	1.14447241835695	151
-0.0453882713028699	0.491065821848087	48
-0.04599496688161	0.92465607668814	142
-0.04792578460344	0.485631123308653	142
-0.04882315227301	0.914045202636107	142
-0.0450337881962599	0.489974899858239	98
0.0755809993940499	0.79576600509465	9
-0.0453882713028699	0.491065821848087	9
-0.0348497457467101	0.487505243218888	9
-0.0401398580041299	0.492707629107706	50
-0.0412422299414701	0.49161470941807	134
-0.0468348868246	0.486692367864221	134
-0.04792578460344	0.485631123308653	122
-0.03867863790684	0.489990587090443	122
-0.0510358675050899	0.911415024923888	393
-0.0495040319376301	0.916260886053364	84
0.0584219599332101	0.787317172029354	151
-0.0401398580041299	0.492707629107706	151
-0.0348497457467101	0.487505243218888	48
-0.04648134015328	0.48998410568291	142
-0.05361646685346	0.908376591071996	861
-0.0401398580041299	0.492707629107706	921
-0.0401398580041299	0.492707629107706	9
0.0717138128511201	0.807457867769169	2761
-0.04393854515874	0.491057209685398	73
0.07280368997465	0.801127382429996	73
-0.0450337881962599	0.489974899858239	73
-0.0401398580041299	0.492707629107706	898
-0.04822029100669	0.920694758552088	134
0.0638425099865601	0.794596926536509	115
-0.0904539061158101	1.72437167027563	84
0.0650023200374801	0.799635859648323	151
-0.04693257238919	0.910587449483483	120
-0.10605993738421	1.07058103476572	48
-0.0401398580041299	0.492707629107706	142
-0.0352037989619201	0.921359297688252	487
-0.04792578460344	0.485631123308653	103
0.11500779450911	1.13460190194235	73
-0.0397831978713901	0.488909487893217	73
-0.0453882713028699	0.491065821848087	73
-0.04648134015328	0.48998410568291	251
-0.06087074088162	0.881901282374713	251
-0.04648134015328	0.48998410568291	1238
-0.0374289507290699	0.48578937094864	134
-0.0503000792695401	0.485973419912067	1022
-0.04248569716236	0.487103907991292	122
-0.0450337881962599	0.489974899858239	895
-0.0180983359162601	1.46454161728742	24
-0.0537269025231799	2.13774854916679	1089
0.0241218249317401	1.80270928461327	84
-0.0397831978713901	0.488909487893217	151
-0.0412422299414701	0.49161470941807	151
-0.04648134015328	0.48998410568291	2441
-0.0443661427995199	0.922619563650067	151
0.0650023200374801	0.799635859648323	240
-0.0453882713028699	0.491065821848087	487
-0.04393854515874	0.491057209685398	487
-0.04393854515874	0.491057209685398	98
-0.04792578460344	0.485631123308653	771
-0.0468348868246	0.486692367864221	921
-0.0412422299414701	0.49161470941807	9
-0.04393854515874	0.491057209685398	9
0.08405750426146	0.78157566677987	73
-0.0435831175093799	0.4860389300833	3605
-0.0517509107762599	0.485976898894524	743
-0.04648134015328	0.48998410568291	134
-0.0450337881962599	0.489974899858239	1618
-0.04648134015328	0.48998410568291	841
-0.0491547184327099	0.912416094166212	24
-0.0453882713028699	0.491065821848087	84
0.07425409460071	0.789653166813344	688
-0.10648807473492	1.06960176368029	118
-0.0468348868246	0.486692367864221	151
-0.0517509107762599	0.485976898894524	151
-0.0412422299414701	0.49161470941807	1208
-0.0468348868246	0.486692367864221	1208
0.06216046842741	0.789051343065144	48
-0.04648134015328	0.48998410568291	48
-0.0401398580041299	0.492707629107706	240
-0.0531986137434599	0.481686443078168	9
-0.04393854515874	0.491057209685398	9
-0.04393854515874	0.491057209685398	73
0.06929519244363	0.797697255741726	73
-0.0450337881962599	0.489974899858239	134
-0.04648134015328	0.48998410568291	134
0.0509132341268499	1.8315827720776	118
0.10764043456415	1.11395917988327	151
-0.04393854515874	0.491057209685398	48
-0.0352037989619201	0.921359297688252	48
-0.04159792656106	0.489337286075825	142
0.0687072263488899	0.794144549178341	142
-0.0495040319376301	0.916260886053364	142
0.0730404754656799	0.805716297602441	142
-0.0434264560035	0.924226779477948	98
0.06761412650483	0.800352775712037	9
-0.0469360618938901	0.923041358497123	9
0.07003232504343	0.791841314550571	9
-0.0453882713028699	0.491065821848087	9
-0.0412422299414701	0.49161470941807	73
-0.0453882713028699	0.491065821848087	73
-0.0435831175093799	0.4860389300833	1799
-0.0450337881962599	0.489974899858239	1872
-0.04393854515874	0.491057209685398	296
-0.04884610787864	0.482105241849398	898
-0.04248569716236	0.487103907991292	66
0.0660972750431901	0.793424923313814	1741
-0.04393854515874	0.491057209685398	134
-0.03867863790684	0.489990587090443	1618
-0.0495040319376301	0.916260886053364	151
0.0687072263488899	0.794144549178341	151
0.0703868441081701	0.807034365925312	151
-0.02191257136711	1.46022772621535	332
0.11632415493604	1.1375209583908	120
-0.11093865867439	1.05858343577847	1208
0.0717138128511201	0.807457867769169	1208
-0.0453882713028699	0.491065821848087	1208
0.07449339049613	0.801962693736397	48
-0.04159792656106	0.489337286075825	142
-0.10472138395672	1.0730372086649	142
-0.04648134015328	0.48998410568291	487
-0.0397831978713901	0.488909487893217	98
-0.04648134015328	0.48998410568291	73
-0.04393854515874	0.491057209685398	73
0.0687072263488899	0.794144549178341	73
-0.0435831175093799	0.4860389300833	73
-0.0453882713028699	0.491065821848087	66
-0.04648134015328	0.48998410568291	1238
-0.0517509107762599	0.485976898894524	1618
0.0636098640576399	0.793010187764851	368
0.11562143327275	1.14111153594545	151
-0.0393145443029299	0.925037681985631	332
-0.0447021937546801	0.902439337859658	1208
-0.0468348868246	0.486692367864221	142
-0.04393854515874	0.491057209685398	245
-0.0412422299414701	0.49161470941807	18
-0.03631941323805	0.48685860015717	73
-0.0450337881962599	0.489974899858239	73
-0.0401398580041299	0.492707629107706	73
-0.0453882713028699	0.491065821848087	981
-0.0412422299414701	0.49161470941807	134
-0.0453882713028699	0.491065821848087	1238
-0.0450337881962599	0.489974899858239	1281
-0.0517509107762599	0.485976898894524	1281
-0.0503000792695401	0.485973419912067	339
-0.04648134015328	0.48998410568291	339
-0.04792578460344	0.485631123308653	115
-0.04159792656106	0.489337286075825	24
-0.0446941977170601	2.03108333951921	688
-0.10917097698576	1.04250670708121	1208
0.06629393122933	0.800830556955224	2
0.0321088161640599	1.29484091656329	487
-0.0570264772253599	0.898872414805268	487
-0.04248569716236	0.487103907991292	9
0.06516596550042	0.795022296079777	9
-0.04648134015328	0.48998410568291	73
-0.0374289507290699	0.48578937094864	66
-0.0401398580041299	0.492707629107706	3631
-0.04648134015328	0.48998410568291	1238
-0.0401398580041299	0.492707629107706	1238
-0.0450337881962599	0.489974899858239	1281
-0.04648134015328	0.48998410568291	339
-0.0450337881962599	0.489974899858239	1618
-0.0497525653888	0.912053996829086	24
-0.0259397786928199	1.45832064588788	84
-0.03867863790684	0.489990587090443	118
0.0399515577090599	1.30173574353108	688
-0.0453882713028699	0.491065821848087	151
0.0673879387471601	0.794603309712501	48
-0.0397831978713901	0.488909487893217	120
-0.0450337881962599	0.489974899858239	1208
0.0703868441081701	0.807034365925312	1208
0.0717138128511201	0.807457867769169	342
-0.0426981136187199	0.488260410534648	142
-0.0401398580041299	0.492707629107706	142
-0.0564223911762301	0.899816808257445	487
-0.04393854515874	0.491057209685398	9
0.0650023200374801	0.799635859648323	9
-0.04214147308945	0.921106291037143	9
-0.0517509107762599	0.485976898894524	9
-0.04393854515874	0.491057209685398	73
-0.04393854515874	0.491057209685398	73
-0.0450337881962599	0.489974899858239	296
-0.0450337881962599	0.489974899858239	66
-0.0426981136187199	0.488260410534648	66
-0.04393854515874	0.491057209685398	66
-0.0450337881962599	0.489974899858239	1238
-0.04393854515874	0.491057209685398	2202
-0.03867863790684	0.489990587090443	134
0.02803474954358	1.28941468670424	844
0.0651991094415301	0.791620042971659	118
-0.04471095424489	0.925292967788079	688
-0.04856153164785	0.917860352921785	151
0.06929519244363	0.797697255741726	151
0.07280368997465	0.801127382429996	151
-0.0412422299414701	0.49161470941807	1208
0.0639065493603399	0.79044386627471	342
-0.0374289507290699	0.48578937094864	653
-0.04393854515874	0.491057209685398	653
0.0581938207469801	0.785193524974265	142
-0.05231868833557	0.909111939814359	728
-0.0426981136187199	0.488260410534648	728
-0.04792578460344	0.485631123308653	451
-0.0450337881962599	0.489974899858239	451
-0.0450337881962599	0.489974899858239	1016
-0.0450337881962599	0.489974899858239	9
-0.0426981136187199	0.488260410534648	73
-0.0435831175093799	0.4860389300833	50
0.0648060784522699	0.790323975763253	483
-0.0453882713028699	0.491065821848087	66
-0.0401398580041299	0.492707629107706	66
-0.0412422299414701	0.49161470941807	66
-0.0468348868246	0.486692367864221	134
-0.0426981136187199	0.488260410534648	115
0.02803474954358	1.28941468670424	844
-0.0684389370367999	1.58400731721781	84
0.0650023200374801	0.799635859648323	688
0.08569127144917	1.69246895612209	151
0.11278218061529	1.12857138361978	151
-0.12481441275364	1.00502413105961	151
0.0703868441081701	0.807034365925312	151
-0.0402610048321701	0.908484506823695	151
-0.03109440140116	0.914522006196558	151
0.0342408871336199	1.2846797559248	120
0.0650023200374801	0.799635859648323	1208
-0.04393854515874	0.491057209685398	1208
-0.04393854515874	0.491057209685398	1208
-0.0401398580041299	0.492707629107706	653
-0.04648134015328	0.48998410568291	9
-0.0435831175093799	0.4860389300833	1016
-0.0412422299414701	0.49161470941807	1481
-0.0426981136187199	0.488260410534648	1481
-0.03867863790684	0.489990587090443	73
-0.0321177919458699	0.479383153990354	73
-0.0453882713028699	0.491065821848087	73
-0.04648134015328	0.48998410568291	483
-0.0465029461993001	0.487589009547808	431
-0.0453882713028699	0.491065821848087	179
-0.04248569716236	0.487103907991292	441
-0.0453882713028699	0.491065821848087	134
-0.04393854515874	0.491057209685398	134
-0.0453882713028699	0.491065821848087	134
0.0703868441081701	0.807034365925312	134
-0.0453882713028699	0.491065821848087	1618
-0.03631941323805	0.48685860015717	2420
-0.03631941323805	0.48685860015717	115
-0.0531986137434599	0.481686443078168	115
0.07714819353063	0.802960629731615	741
-0.05959309607743	0.894784685179322	741
-0.0468348868246	0.486692367864221	1735
0.0416208951391701	1.29667457949745	118
0.0703868441081701	0.807034365925312	118
-0.0517509107762599	0.485976898894524	306
-0.0453882713028699	0.491065821848087	2398
0.11178306255466	1.12693437834094	332
0.11632415493604	1.1375209583908	120
0.06083855942342	0.78949740844192	1208
0.11277810182645	1.1188553358217	48
-0.04393854515874	0.491057209685398	142
-0.04393854515874	0.491057209685398	1481
-0.04648134015328	0.48998410568291	73
-0.0426981136187199	0.488260410534648	563
-0.04393854515874	0.491057209685398	1238
-0.04393854515874	0.491057209685398	134
-0.0998099136341499	1.07425567257856	24
-0.11138960640694	1.05469816567056	84
-0.0519762629874601	0.917146096891362	118
-0.04648134015328	0.48998410568291	118
-0.10514743446388	1.07044736924711	118
-0.04159792656106	0.489337286075825	306
-0.04393854515874	0.491057209685398	368
-0.0435831175093799	0.4860389300833	151
-0.03867863790684	0.489990587090443	151
0.0730404754656799	0.805716297602441	151
0.07280368997465	0.801127382429996	332
-0.04393854515874	0.491057209685398	1208
-0.04648134015328	0.48998410568291	342
-0.0426981136187199	0.488260410534648	653
-0.04648134015328	0.48998410568291	451
-0.0450337881962599	0.489974899858239	451
-0.0397831978713901	0.488909487893217	245
-0.03867863790684	0.489990587090443	9
-0.04248569716236	0.487103907991292	1382
-0.04248569716236	0.487103907991292	1382
-0.04393854515874	0.491057209685398	1016
-0.03596148207418	0.486432467057371	2303
-0.04159792656106	0.489337286075825	66
-0.0468348868246	0.486692367864221	441
0.0650023200374801	0.799635859648323	134
-0.0401398580041299	0.492707629107706	134
-0.04792578460344	0.485631123308653	1618
-0.0435831175093799	0.4860389300833	1618
0.11178306255466	1.12693437834094	253
0.0443560563679799	1.30122071956887	393
-0.10115418940666	1.07429018095913	84
0.0730404754656799	0.805716297602441	688
-0.0453882713028699	0.491065821848087	3143
-0.03867863790684	0.489990587090443	118
-0.0450337881962599	0.489974899858239	151
-0.0397831978713901	0.488909487893217	151
-0.04248569716236	0.487103907991292	2398
-0.0401398580041299	0.492707629107706	342
-0.0361386618572099	0.919780836846218	142
-0.03867863790684	0.489990587090443	653
-0.04792578460344	0.485631123308653	451
-0.04248569716236	0.487103907991292	1382
-0.0426981136187199	0.488260410534648	73
-0.0412422299414701	0.49161470941807	807
-0.0453882713028699	0.491065821848087	431
-0.04792578460344	0.485631123308653	1238
-0.0531986137434599	0.481686443078168	1735
-0.0401398580041299	0.492707629107706	118
0.0395673075985701	1.29743013436907	118
-0.04648134015328	0.48998410568291	151
-0.0412422299414701	0.49161470941807	306
-0.04821603772058	0.906784294199028	332
-0.0453882713028699	0.491065821848087	878
0.10824166147432	1.12486331948686	2
-0.11323191920962	1.04331425906783	2
-0.0412422299414701	0.49161470941807	9
-0.04648134015328	0.48998410568291	73
-0.04648134015328	0.48998410568291	73
-0.0397831978713901	0.488909487893217	73
0.07412938648184	0.799431649536959	134
-0.0503000792695401	0.485973419912067	134
-0.0450337881962599	0.489974899858239	1618
-0.04822029100669	0.920694758552088	84
0.0755809993940499	0.79576600509465	151
0.0703868441081701	0.807034365925312	306
0.0703868441081701	0.807034365925312	151
-0.0453882713028699	0.491065821848087	1208
-0.04648134015328	0.48998410568291	120
-0.0412422299414701	0.49161470941807	2235
-0.0401398580041299	0.492707629107706	2
0.0673879387471601	0.794603309712501	9
-0.04393854515874	0.491057209685398	73
-0.0401398580041299	0.492707629107706	441
-0.04248569716236	0.487103907991292	441
-0.0401398580041299	0.492707629107706	134
0.11409496673419	1.1276538065446	253
-0.04393854515874	0.491057209685398	253
-0.0210868754022699	1.42693574464475	844
-0.0412422299414701	0.49161470941807	741
0.0755809993940499	0.79576600509465	109
-0.04159792656106	0.489337286075825	306
0.0662551419060999	0.796008569427114	332
0.0542776147508599	0.773679421818348	332
-0.0426981136187199	0.488260410534648	120
0.0717138128511201	0.807457867769169	1208
-0.0426840182878101	0.481869506806391	142
-0.0503000792695401	0.485973419912067	878
-0.0412422299414701	0.49161470941807	2098
-0.0412131570596701	0.482509497096658	2
-0.0401398580041299	0.492707629107706	1912
-0.04648134015328	0.48998410568291	451
0.06905957384716	0.80439629318691	9
0.11086812936154	1.13459940750786	874
-0.0450337881962599	0.489974899858239	50
-0.03631941323805	0.48685860015717	807
-0.0401398580041299	0.492707629107706	1966
-0.04393854515874	0.491057209685398	441
-0.04821603772058	0.906784294199028	844
-0.0940586186141199	1.07788619562459	844
-0.04159792656106	0.489337286075825	118
-0.0497659370935899	0.912456900106155	118
-0.0450337881962599	0.489974899858239	1981
-0.04393854515874	0.491057209685398	306
0.0570984686875899	0.784216189333434	306
-0.04393854515874	0.491057209685398	151
-0.0465029461993001	0.487589009547808	332
0.0651991094415301	0.791620042971659	332
-0.04393854515874	0.491057209685398	1208
-0.0450337881962599	0.489974899858239	1208
-0.04792578460344	0.485631123308653	48
-0.0513892655818	0.912810140512687	878
-0.0397831978713901	0.488909487893217	2
-0.0450337881962599	0.489974899858239	1912
-0.04248569716236	0.487103907991292	458
-0.0397831978713901	0.488909487893217	2475
-0.0450337881962599	0.489974899858239	9
-0.0453882713028699	0.491065821848087	73
0.0687072263488899	0.794144549178341	1164
-0.0374289507290699	0.48578937094864	1966
-0.0453882713028699	0.491065821848087	1408
-0.0412422299414701	0.49161470941807	134
-0.0468348868246	0.486692367864221	2202
-0.04393854515874	0.491057209685398	253
-0.0497659370935899	0.912456900106155	741
0.06905957384716	0.80439629318691	2152
0.10824166147432	1.12486331948686	2152
-0.04648134015328	0.48998410568291	151
-0.04648134015328	0.48998410568291	151
0.06629393122933	0.800830556955224	1220
-0.0401398580041299	0.492707629107706	342
-0.04648134015328	0.48998410568291	2
-0.04792578460344	0.485631123308653	2
-0.04648134015328	0.48998410568291	451
-0.04159792656106	0.489337286075825	451
0.0703868441081701	0.807034365925312	9
-0.04648134015328	0.48998410568291	9
-0.0412422299414701	0.49161470941807	9
-0.04393854515874	0.491057209685398	9
-0.0426981136187199	0.488260410534648	73
-0.0401398580041299	0.492707629107706	483
-0.04648134015328	0.48998410568291	27
-0.0450337881962599	0.489974899858239	441
-0.04159792656106	0.489337286075825	134
-0.04393854515874	0.491057209685398	134
-0.04727849298877	0.922305146735278	253
0.02987278128965	1.29620100167739	24
-0.0397831978713901	0.488909487893217	2152
0.0638425099865601	0.794596926536509	151
0.0673879387471601	0.794603309712501	306
0.07412938648184	0.799431649536959	151
0.0660972750431901	0.793424923313814	151
-0.0450337881962599	0.489974899858239	1220
-0.0412422299414701	0.49161470941807	304
-0.0503000792695401	0.485973419912067	1208
0.04913584964226	1.29536746867985	48
-0.0397831978713901	0.488909487893217	878
-0.0401398580041299	0.492707629107706	2
-0.04393854515874	0.491057209685398	458
0.0639065493603399	0.79044386627471	451
-0.0401398580041299	0.492707629107706	451
-0.04884610787864	0.482105241849398	9
-0.04648134015328	0.48998410568291	9
-0.0468348868246	0.486692367864221	2065
-0.0468348868246	0.486692367864221	66
-0.04393854515874	0.491057209685398	1761
-0.04393854515874	0.491057209685398	134
0.02709065151201	1.79996724177743	253
-0.10648807473492	1.06960176368029	24
0.10845946728562	1.11680212086466	24
-0.0453882713028699	0.491065821848087	229
-0.0491635686916001	0.906099028039479	2152
-0.0463372917216001	0.91410467010281	2152
-0.0453882713028699	0.491065821848087	2152
-0.04787775350157	0.912221818065738	2152
-0.04393854515874	0.491057209685398	1981
-0.0401398580041299	0.492707629107706	1981
-0.04792578460344	0.485631123308653	306
-0.0468348868246	0.486692367864221	120
-0.0450337881962599	0.489974899858239	342
-0.04393854515874	0.491057209685398	1029
-0.0453882713028699	0.491065821848087	458
-0.0450337881962599	0.489974899858239	451
-0.0401398580041299	0.492707629107706	658
-0.0450337881962599	0.489974899858239	9
-0.03631941323805	0.48685860015717	73
-0.0401398580041299	0.492707629107706	984
-0.0453882713028699	0.491065821848087	441
-0.04792578460344	0.485631123308653	1108
0.09770896940627	1.68602099926667	24
-0.11009705169716	1.06831130270395	1440
-0.0450337881962599	0.489974899858239	1981
-0.0401398580041299	0.492707629107706	306
-0.0531986137434599	0.481686443078168	1220
-0.0401398580041299	0.492707629107706	372
-0.0453882713028699	0.491065821848087	569
-0.04648134015328	0.48998410568291	342
-0.0517509107762599	0.485976898894524	342
-0.0503000792695401	0.485973419912067	458
-0.0450479913424	0.90755717084916	451
-0.0453882713028699	0.491065821848087	451
-0.0435831175093799	0.4860389300833	658
-0.04393854515874	0.491057209685398	9
-0.11278090341709	1.06159766663723	9
-0.04393854515874	0.491057209685398	431
0.0703868441081701	0.807034365925312	984
-0.0401398580041299	0.492707629107706	63
0.05974514847552	0.78851565291543	134
-0.05010645561376	0.914136723856593	253
-0.0465858864231801	0.917919056840804	24
-0.11098243152402	1.06673540121018	24
-0.05104994141012	0.91254510534318	253
-0.05325979424383	0.914812831084915	1440
-0.0468348868246	0.486692367864221	151
-0.0443661427995199	0.922619563650067	372
0.0665202137715899	0.791170383160884	342
-0.0397831978713901	0.488909487893217	342
-0.0453882713028699	0.491065821848087	372
-0.0465029461993001	0.487589009547808	878
-0.0397831978713901	0.488909487893217	878
-0.04884610787864	0.482105241849398	2
0.1063284163296	1.11167151554431	2
-0.03596148207418	0.486432467057371	2
-0.0517509107762599	0.485976898894524	458
-0.0401398580041299	0.492707629107706	9
-0.0450337881962599	0.489974899858239	516
-0.0468348868246	0.486692367864221	984
-0.0401398580041299	0.492707629107706	134
-0.02079083981286	1.42343157141393	253
-0.0625287743743701	1.58936916425972	253
-0.0387218543208401	1.39537686056781	24
0.06828805403719	2.15270479164673	253
-0.0599301336112901	0.897825978678627	253
-0.04153769492717	0.923739548640697	253
-0.08919910210032	1.06510381062997	253
-0.10828026352531	1.06726955112006	1054
0.0714776862188999	0.800703716196944	118
0.06629393122933	0.800830556955224	229
-0.0453882713028699	0.491065821848087	306
-0.0401398580041299	0.492707629107706	151
0.0769911768642699	1.66311678141612	562
-0.0450337881962599	0.489974899858239	451
-0.0450337881962599	0.489974899858239	9
-0.03867863790684	0.489990587090443	73
-0.0412422299414701	0.49161470941807	3600
-0.04393854515874	0.491057209685398	179
-0.04393854515874	0.491057209685398	743
-0.0412422299414701	0.49161470941807	134
-0.0401398580041299	0.492707629107706	134
-0.0517509107762599	0.485976898894524	134
0.0522081368106599	2.48975893493361	253
-0.04341622121694	0.905536433306691	253
0.01710935003241	1.24764496954335	253
-0.0450405677986001	0.484932859758814	253
0.02987278128965	1.29620100167739	1054
0.06216046842741	0.789051343065144	118
-0.05010645561376	0.914136723856593	151
-0.11143983092466	1.06584616171357	372
-0.0468348868246	0.486692367864221	372
0.07582095063623	0.803772600889529	1792
-0.0412422299414701	0.49161470941807	372
0.0691739636408599	0.78296122899012	372
0.0799355210689501	0.795297258508092	372
-0.03596148207418	0.486432467057371	1068
0.11068283581146	1.11276007778953	2
0.0734049768074401	0.792812846293566	451
-0.0374289507290699	0.48578937094864	770
-0.0426981136187199	0.488260410534648	73
0.0665202137715899	0.791170383160884	73
-0.0453882713028699	0.491065821848087	2065
-0.0450337881962599	0.489974899858239	179
-0.04248569716236	0.487103907991292	66
-0.0503000792695401	0.485973419912067	2902
-0.0450405677986001	0.484932859758814	2902
-0.04648134015328	0.48998410568291	743
-0.11493883783817	1.04413880570249	253
-0.0843612918305601	1.73674489102877	229
-0.0469360618938901	0.923041358497123	151
0.06894018726966	0.797991249064816	151
-0.0397831978713901	0.488909487893217	306
-0.0450337881962599	0.489974899858239	151
-0.04792578460344	0.485631123308653	151
0.06493266273026	0.795584214388428	151
-0.04393854515874	0.491057209685398	151
-0.04393854515874	0.491057209685398	120
-0.0506922497015501	0.917786638270386	372
0.0650023200374801	0.799635859648323	372
-0.03631941323805	0.48685860015717	2
-0.0374289507290699	0.48578937094864	458
-0.0465029461993001	0.487589009547808	458
-0.04159792656106	0.489337286075825	458
-0.0450337881962599	0.489974899858239	458
-0.04393854515874	0.491057209685398	458
0.06761412650483	0.800352775712037	211
-0.0453882713028699	0.491065821848087	451
-0.03867863790684	0.489990587090443	1641
-0.0453882713028699	0.491065821848087	9
-0.0453882713028699	0.491065821848087	9
-0.0435831175093799	0.4860389300833	73
-0.04393854515874	0.491057209685398	431
-0.04159792656106	0.489337286075825	940
-0.0453882713028699	0.491065821848087	134
-0.0426981136187199	0.488260410534648	134
-0.04792578460344	0.485631123308653	134
-0.0412422299414701	0.49161470941807	134
-0.04248569716236	0.487103907991292	157
-0.03867863790684	0.489990587090443	253
0.0812633221952901	0.795866972498483	253
0.0717138128511201	0.807457867769169	253
-0.04471095424489	0.925292967788079	253
-0.0450337881962599	0.489974899858239	253
-0.05361646685346	0.908376591071996	253
0.0719507577404199	0.796446112466694	229
0.11409496673419	1.1276538065446	151
-0.0529172541256899	0.90913607423889	372
-0.0468348868246	0.486692367864221	372
-0.0453882713028699	0.491065821848087	372
-0.0497525653888	0.912053996829086	372
0.07167987648167	0.791717792827938	569
-0.04282308619426	0.92208865263228	372
0.07280368997465	0.801127382429996	458
0.12269072979668	1.12768117745318	458
-0.0468348868246	0.486692367864221	451
-0.0468348868246	0.486692367864221	9
-0.04648134015328	0.48998410568291	9
-0.04393854515874	0.491057209685398	431
0.0660972750431901	0.793424923313814	431
-0.04792578460344	0.485631123308653	27
-0.0453882713028699	0.491065821848087	1108
-0.04248569716236	0.487103907991292	134
-0.04393854515874	0.491057209685398	134
0.0755809993940499	0.79576600509465	253
-0.0922095585884	2.20627812303884	253
-0.10649678363188	1.04966290660338	253
0.05577467930858	0.777184160802302	253
-0.0513892655818	0.912810140512687	118
0.12046055372143	1.13324020182782	151
-0.09892737117011	1.07864936731484	151
0.0687072263488899	0.794144549178341	151
0.0610680297244	0.788072196378192	151
0.12199486311961	1.14588462773785	151
-0.11278090341709	1.06159766663723	151
0.1136972393646	1.13047729306499	118
0.0678472380275299	0.788889022392744	372
0.0650023200374801	0.799635859648323	372
0.07449339049613	0.801962693736397	372
-0.0945354377926899	1.06460688002052	458
0.0639065493603399	0.79044386627471	458
-0.04792578460344	0.485631123308653	211
-0.0453882713028699	0.491065821848087	451
0.06493266273026	0.795584214388428	9
0.0651991094415301	0.791620042971659	9
-0.04393854515874	0.491057209685398	9
-0.0401398580041299	0.492707629107706	9
-0.0435831175093799	0.4860389300833	2215
0.06773200665896	0.797493334056868	708
-0.0435831175093799	0.4860389300833	336
-0.04159792656106	0.489337286075825	1782
-0.0401398580041299	0.492707629107706	1001
-0.0468348868246	0.486692367864221	1001
-0.0426840182878101	0.481869506806391	134
-0.0426981136187199	0.488260410534648	134
-0.04792578460344	0.485631123308653	253
0.11693446123468	1.14275356428472	253
-0.0401398580041299	0.492707629107706	253
-0.0317122246597401	1.43197141747604	253
0.04329191202215	1.83154691950744	464
0.0214504045069199	1.27912850711582	1054
0.07582095063623	0.803772600889529	118
0.0703571845925199	0.792493458677294	118
-0.0390268003329499	1.40174249972477	151
-0.0517509107762599	0.485976898894524	372
-0.0465029461993001	0.487589009547808	372
0.0688247753909299	0.791345125916077	372
-0.10783488397987	1.04949835663663	372
-0.04599496688161	0.92465607668814	372
-0.0998099136341499	1.07425567257856	2
-0.11278090341709	1.06159766663723	458
-0.0453882713028699	0.491065821848087	458
0.07582095063623	0.803772600889529	211
0.0650023200374801	0.799635859648323	9
0.06761412650483	0.800352775712037	9
-0.0517509107762599	0.485976898894524	9
0.05974514847552	0.78851565291543	73
-0.0450337881962599	0.489974899858239	73
-0.03867863790684	0.489990587090443	431
-0.0397831978713901	0.488909487893217	2078
-0.04393854515874	0.491057209685398	1260
-0.0401398580041299	0.492707629107706	27
-0.0468348868246	0.486692367864221	336
-0.0453882713028699	0.491065821848087	940
-0.04393854515874	0.491057209685398	134
-0.04648134015328	0.48998410568291	134
-0.04393854515874	0.491057209685398	351
-0.0450337881962599	0.489974899858239	351
0.0690341572186399	0.790723048115292	253
0.07425409460071	0.789653166813344	253
-0.04599496688161	0.92465607668814	253
-0.0370929215763201	0.914409371404221	1054
-0.0453882713028699	0.491065821848087	229
-0.0450405677986001	0.484932859758814	229
-0.10069550363144	1.07056928970139	151
0.12313648673992	2.0518096541284	151
0.11784814879827	1.14469395101344	372
-0.0523334516234399	0.911219653929393	372
-0.11182312566579	1.05430326471985	372
0.11238603139603	1.12977750651922	458
0.0717138128511201	0.807457867769169	420
0.0717138128511201	0.807457867769169	458
-0.0468348868246	0.486692367864221	211
-0.0424873633045599	0.916020606865666	211
0.0303562743797701	1.29075812804701	211
0.06216046842741	0.789051343065144	9
-0.04393854515874	0.491057209685398	431
-0.03867863790684	0.489990587090443	27
-0.0412422299414701	0.49161470941807	1260
-0.04248569716236	0.487103907991292	351
-0.0401398580041299	0.492707629107706	351
-0.0453882713028699	0.491065821848087	253
-0.03867863790684	0.489990587090443	253
0.12047693568653	1.14226642843738	253
-0.04248569716236	0.487103907991292	253
-0.1069432157138	1.07152771136582	464
-0.10207189684722	1.0722665323108	464
-0.04248569716236	0.487103907991292	118
0.1229066139436	1.13493598158671	306
0.02803474954358	1.28941468670424	372
0.06629393122933	0.800830556955224	2
-0.04393854515874	0.491057209685398	562
-0.0397831978713901	0.488909487893217	458
-0.0450337881962599	0.489974899858239	458
0.0595163419992799	0.788298487905879	458
-0.0453882713028699	0.491065821848087	458
0.0660972750431901	0.793424923313814	211
0.0634820643999401	0.78677156575863	9
-0.05104994141012	0.91254510534318	9
-0.0412422299414701	0.49161470941807	73
-0.04648134015328	0.48998410568291	708
0.0703868441081701	0.807034365925312	431
-0.0453882713028699	0.491065821848087	134
-0.0468348868246	0.486692367864221	134
-0.0450337881962599	0.489974899858239	134
-0.0435831175093799	0.4860389300833	1569
-0.0401398580041299	0.492707629107706	761
-0.0220616218948899	1.45400116178905	253
-0.04393854515874	0.491057209685398	253
-0.04792578460344	0.485631123308653	24
0.10976714690514	1.12330845277134	118
-0.0412422299414701	0.49161470941807	229
0.06271764486413	2.0879539456468	151
0.07606172191292	0.793812889182763	306
0.0761667694097601	1.65429489397176	151
0.11976814133334	1.14101976698945	372
-0.0453882713028699	0.491065821848087	372
-0.0453882713028699	0.491065821848087	2687
-0.10213490858886	1.06946421855114	211
0.0650023200374801	0.799635859648323	9
-0.11631576925339	1.05139398739003	9
0.06894018726966	0.797991249064816	9
-0.0453882713028699	0.491065821848087	748
0.07449339049613	0.801962693736397	27
-0.04393854515874	0.491057209685398	66
-0.04648134015328	0.48998410568291	940
-0.0450337881962599	0.489974899858239	66
-0.0453882713028699	0.491065821848087	66
-0.0453882713028699	0.491065821848087	66
-0.04393854515874	0.491057209685398	351
-0.0450337881962599	0.489974899858239	351
-0.03867863790684	0.489990587090443	351
-0.0401398580041299	0.492707629107706	253
-0.11585044408528	1.81926439665684	253
-0.0401398580041299	0.492707629107706	253
0.10580722873955	1.11132479055677	407
0.06629393122933	0.800830556955224	407
-0.0584245765156	1.61026377202278	151
0.0634820643999401	0.78677156575863	151
-0.03631941323805	0.48685860015717	2687
-0.03867863790684	0.489990587090443	451
-0.04153769492717	0.923739548640697	211
-0.03867863790684	0.489990587090443	9
0.07582095063623	0.803772600889529	9
0.0662551419060999	0.796008569427114	9
-0.04884610787864	0.482105241849398	9
-0.04393854515874	0.491057209685398	73
-0.04648134015328	0.48998410568291	73
-0.04648134015328	0.48998410568291	748
-0.0453882713028699	0.491065821848087	708
-0.0503000792695401	0.485973419912067	27
-0.04648134015328	0.48998410568291	66
-0.04159792656106	0.489337286075825	237
-0.04648134015328	0.48998410568291	351
0.0796917524422001	0.784061478978276	253
-0.0401398580041299	0.492707629107706	253
-0.04792578460344	0.485631123308653	253
-0.04393854515874	0.491057209685398	253
-0.0453882713028699	0.491065821848087	253
-0.0517509107762599	0.485976898894524	253
-0.03867863790684	0.489990587090443	253
-0.0893449706993401	2.19802785828441	407
-0.0401398580041299	0.492707629107706	229
-0.0401398580041299	0.492707629107706	372
-0.0517509107762599	0.485976898894524	372
-0.0329342365476899	1.42515259753528	372
-0.05267158129615	0.909961163048385	372
-0.0504456792974399	0.904790392491281	372
0.11714283452495	1.12415442125214	372
-0.04393854515874	0.491057209685398	2687
0.11016014579646	1.12554738915833	458
0.06894018726966	0.797991249064816	211
-0.04393854515874	0.491057209685398	9
-0.0453882713028699	0.491065821848087	9
-0.0397831978713901	0.488909487893217	73
0.0662551419060999	0.796008569427114	73
-0.03867863790684	0.489990587090443	748
-0.0453882713028699	0.491065821848087	748
0.0687072263488899	0.794144549178341	27
-0.04648134015328	0.48998410568291	27
-0.04393854515874	0.491057209685398	3626
-0.0412422299414701	0.49161470941807	940
-0.0426981136187199	0.488260410534648	134
-0.04393854515874	0.491057209685398	351
0.0730404754656799	0.805716297602441	253
-0.04792578460344	0.485631123308653	253
0.0730404754656799	0.805716297602441	253
0.02370985428503	1.27275859714927	151
-0.0106842750140601	1.44999363431632	118
-0.0225982543599901	1.46284521955711	151
-0.11213698025439	1.8415654831169	151
-0.0453007591171	0.917628524383174	372
-0.0453882713028699	0.491065821848087	372
-0.11009705169716	1.06831130270395	372
0.11693446123468	1.14275356428472	458
-0.0513892655818	0.912810140512687	748
-0.0412422299414701	0.49161470941807	708
-0.04648134015328	0.48998410568291	27
-0.0453882713028699	0.491065821848087	940
-0.0468348868246	0.486692367864221	66
-0.04648134015328	0.48998410568291	66
-0.04393854515874	0.491057209685398	839
-0.0503000792695401	0.485973419912067	1992
-0.0453882713028699	0.491065821848087	1992
-0.0450337881962599	0.489974899858239	237
0.11278218061529	1.12857138361978	253
-0.0465029461993001	0.487589009547808	575
-0.0453882713028699	0.491065821848087	253
-0.04393854515874	0.491057209685398	253
0.0703868441081701	0.807034365925312	253
-0.0453882713028699	0.491065821848087	253
-0.0453882713028699	0.491065821848087	253
-0.0450337881962599	0.489974899858239	253
-0.0503000792695401	0.485973419912067	253
0.0717138128511201	0.807457867769169	464
0.06371017708573	0.796477488281912	118
0.0905511406144599	1.68926132833308	151
-0.0435831175093799	0.4860389300833	372
-0.04659233249798	0.912859724495083	372
0.0703868441081701	0.807034365925312	187
0.10843642374071	1.11116889269647	9
-0.04316859756916	0.919795466641332	73
-0.04648134015328	0.48998410568291	676
-0.0503000792695401	0.485973419912067	3419
-0.04248569716236	0.487103907991292	3419
0.0650023200374801	0.799635859648323	66
-0.0412422299414701	0.49161470941807	940
0.0703868441081701	0.807034365925312	940
-0.0468348868246	0.486692367864221	839
-0.04648134015328	0.48998410568291	134
-0.0450337881962599	0.489974899858239	134
-0.0450337881962599	0.489974899858239	351
-0.04248569716236	0.487103907991292	351
-0.0450337881962599	0.489974899858239	351
0.0679669568919701	0.795117762229217	253
-0.0226015833175	1.4599368791406	253
-0.10301891108976	1.06789878860815	253
-0.08561626252592	1.74581791147985	253
0.10756208074271	2.43021261824579	118
0.0581938207469801	0.785193524974265	151
-0.0191159864255599	1.46425945321985	372
-0.0491635686916001	0.906099028039479	372
-0.0374289507290699	0.48578937094864	372
0.0714776862188999	0.800703716196944	372
0.06629393122933	0.800830556955224	562
0.1136972393646	1.13047729306499	458
0.10388319438218	1.10457515089701	458
-0.0479621547610301	0.484281434940963	211
-0.0573659117799099	0.905388234124268	187
-0.04648134015328	0.48998410568291	357
-0.0976302079481299	1.07493985445436	1246
-0.0450337881962599	0.489974899858239	73
-0.0397831978713901	0.488909487893217	748
-0.0529172541256899	0.90913607423889	431
-0.04884610787864	0.482105241849398	27
-0.0450337881962599	0.489974899858239	27
-0.0401398580041299	0.492707629107706	676
-0.03867863790684	0.489990587090443	676
-0.0519762629874601	0.917146096891362	940
-0.04393854515874	0.491057209685398	237
-0.0401398580041299	0.492707629107706	237
-0.0453882713028699	0.491065821848087	1004
-0.0479621547610301	0.484281434940963	207
-0.0450337881962599	0.489974899858239	351
0.0684194635137101	2.12992656298177	253
-0.00642377486506995	1.90959202542857	407
0.0408309505422999	1.81839588014506	464
0.0366491785063201	1.83657136488629	464
0.0703868441081701	0.807034365925312	151
0.0730404754656799	0.805716297602441	151
-0.0450337881962599	0.489974899858239	118
0.11238603139603	1.12977750651922	372
-0.0412422299414701	0.49161470941807	372
-0.04393854515874	0.491057209685398	458
-0.04393854515874	0.491057209685398	9
0.11481667152975	1.13387202999575	9
0.12391046542467	1.13465809917674	73
-0.04648134015328	0.48998410568291	73
-0.04248569716236	0.487103907991292	27
-0.04393854515874	0.491057209685398	27
-0.0401398580041299	0.492707629107706	839
-0.0468348868246	0.486692367864221	134
-0.0401398580041299	0.492707629107706	1004
0.06216046842741	0.789051343065144	253
-0.0453882713028699	0.491065821848087	253
0.0639065493603399	0.79044386627471	229
-0.04159792656106	0.489337286075825	229
-0.0453882713028699	0.491065821848087	151
-0.06344139351227	1.59244461290719	151
0.06905957384716	0.80439629318691	372
-0.0450337881962599	0.489974899858239	372
-0.12168802151275	1.02541312612399	372
0.11784814879827	1.14469395101344	372
-0.0450337881962599	0.489974899858239	372
-0.10213490858886	1.06946421855114	372
-0.0453882713028699	0.491065821848087	562
-0.0453882713028699	0.491065821848087	9
-0.0453882713028699	0.491065821848087	9
-0.0450337881962599	0.489974899858239	357
-0.04159792656106	0.489337286075825	1079
-0.0450337881962599	0.489974899858239	241
-0.0503000792695401	0.485973419912067	1111
-0.0412422299414701	0.49161470941807	27
-0.0426981136187199	0.488260410534648	27
-0.03596148207418	0.486432467057371	446
-0.04248569716236	0.487103907991292	839
-0.0453882713028699	0.491065821848087	204
-0.04648134015328	0.48998410568291	442
-0.04393854515874	0.491057209685398	134
-0.0401398580041299	0.492707629107706	253
-0.0453882713028699	0.491065821848087	253
-0.0484814395602899	0.910868578043114	464
0.0666384255300001	0.788391410782668	464
-0.0910374221561301	1.73809938764448	464
-0.05582540691181	0.901589955330941	464
-0.04792578460344	0.485631123308653	229
-0.0998099136341499	1.07425567257856	1925
0.07473350741888	0.794587624378978	112
0.0714776862188999	0.800703716196944	372
-0.04248569716236	0.487103907991292	372
-0.04882315227301	0.914045202636107	372
-0.10878501137421	1.05283817054965	458
0.0719507577404199	0.796446112466694	9
-0.0503000792695401	0.485973419912067	9
-0.0401398580041299	0.492707629107706	73
-0.04393854515874	0.491057209685398	241
-0.04792578460344	0.485631123308653	241
-0.03596148207418	0.486432467057371	241
-0.03867863790684	0.489990587090443	27
-0.0426981136187199	0.488260410534648	1510
-0.04159792656106	0.489337286075825	1510
-0.0453882713028699	0.491065821848087	66
-0.0453882713028699	0.491065821848087	446
-0.0450337881962599	0.489974899858239	446
-0.04648134015328	0.48998410568291	66
-0.04393854515874	0.491057209685398	66
-0.03596148207418	0.486432467057371	134
-0.03867863790684	0.489990587090443	134
0.0665202137715899	0.791170383160884	253
0.10895363325551	1.11466561042329	253
-0.07051374758268	1.57697043819252	28
-0.0437623736411199	0.911352362549489	372
0.03199626980507	1.2909264484414	562
-0.0435831175093799	0.4860389300833	562
-0.0453882713028699	0.491065821848087	562
-0.05010645561376	0.914136723856593	458
-0.0450405677986001	0.484932859758814	451
-0.04882315227301	0.914045202636107	211
-0.1060398328669	1.05807006762403	374
-0.0517509107762599	0.485976898894524	1079
0.0703868441081701	0.807034365925312	1886
-0.10429347791286	1.06705583498395	241
-0.0397831978713901	0.488909487893217	27
0.0717138128511201	0.807457867769169	27
-0.04393854515874	0.491057209685398	676
0.0626134586467499	0.787358483162585	66
0.0665202137715899	0.791170383160884	446
0.06493266273026	0.795584214388428	446
-0.04248569716236	0.487103907991292	66
-0.0453882713028699	0.491065821848087	66
-0.04393854515874	0.491057209685398	134
-0.04393854515874	0.491057209685398	839
-0.04648134015328	0.48998410568291	134
-0.04648134015328	0.48998410568291	134
-0.0426981136187199	0.488260410534648	207
-0.0465029461993001	0.487589009547808	351
-0.0244186852522099	1.86673349038623	253
-0.0443661427995199	0.922619563650067	151
0.0319529166618699	1.29176704863997	372
-0.06128274862843	1.57406234818058	112
0.0310769678763101	1.2931012315352	372
0.02769564261378	1.26521036609936	372
0.0636098640576399	0.793010187764851	372
-0.05924744811724	0.893837344517225	19
-0.0468348868246	0.486692367864221	211
0.0610680297244	0.788072196378192	2255
0.0665202137715899	0.791170383160884	374
0.08835473203216	1.68471964991331	73
-0.04248569716236	0.487103907991292	1942
-0.0401398580041299	0.492707629107706	66
-0.0453882713028699	0.491065821848087	134
-0.0412422299414701	0.49161470941807	2333
-0.04792578460344	0.485631123308653	134
-0.02141699061682	1.44639151757442	253
-0.03631941323805	0.48685860015717	466
-0.04393854515874	0.491057209685398	118
-0.10614190942551	2.28537425268829	372
-0.10306814544313	1.85082622349103	372
-0.04648134015328	0.48998410568291	372
-0.04393854515874	0.491057209685398	241
-0.0450337881962599	0.489974899858239	241
-0.0453882713028699	0.491065821848087	27
-0.0450337881962599	0.489974899858239	446
0.0673879387471601	0.794603309712501	1942
-0.0348497457467101	0.487505243218888	66
-0.0570264772253599	0.898872414805268	134
-0.0468348868246	0.486692367864221	134
-0.0976978989097499	1.06687327575879	2989
-0.0450337881962599	0.489974899858239	118
-0.0465029461993001	0.487589009547808	118
-0.0450337881962599	0.489974899858239	118
-0.04792578460344	0.485631123308653	1187
-0.0453882713028699	0.491065821848087	372
-0.0503000792695401	0.485973419912067	458
-0.04792578460344	0.485631123308653	3655
-0.0412422299414701	0.49161470941807	211
-0.0517509107762599	0.485976898894524	211
-0.0450337881962599	0.489974899858239	187
-0.0468348868246	0.486692367864221	374
-0.04393854515874	0.491057209685398	374
-0.04648134015328	0.48998410568291	1886
0.06371017708573	0.796477488281912	1469
-0.0426981136187199	0.488260410534648	1942
-0.0453882713028699	0.491065821848087	134
-0.04648134015328	0.48998410568291	134
0.01395815707202	2.28867041878119	253
-0.0652012330626599	2.12972718596426	253
-0.03391753863011	0.91963086643903	151
-0.04393854515874	0.491057209685398	187
-0.0435831175093799	0.4860389300833	187
-0.0646807362842501	2.13688016792686	374
-0.04248569716236	0.487103907991292	357
0.07473350741888	0.794587624378978	66
-0.0531986137434599	0.481686443078168	204
-0.0517509107762599	0.485976898894524	134
-0.10429347791286	1.06705583498395	134
0.02329175674266	1.28672654774036	253
0.11876127548988	1.13372316181811	749
-0.04648134015328	0.48998410568291	229
-0.0450337881962599	0.489974899858239	1118
-0.04159792656106	0.489337286075825	562
-0.04792578460344	0.485631123308653	374
-0.04792578460344	0.485631123308653	9
0.0755809993940499	0.79576600509465	73
-0.03631941323805	0.48685860015717	66
-0.0453882713028699	0.491065821848087	134
-0.04159792656106	0.489337286075825	134
-0.0401398580041299	0.492707629107706	3446
-0.0412422299414701	0.49161470941807	1500
-0.0557424327242699	0.898808082710785	372
-0.04153769492717	0.923739548640697	372
-0.04393854515874	0.491057209685398	411
-0.04792578460344	0.485631123308653	211
-0.0450337881962599	0.489974899858239	187
-0.04727849298877	0.922305146735278	374
-0.0453882713028699	0.491065821848087	9
-0.04648134015328	0.48998410568291	134
-0.0453882713028699	0.491065821848087	134
-0.04471095424489	0.925292967788079	749
-0.05010645561376	0.914136723856593	372
0.03643973995977	1.25529576528463	372
-0.0450337881962599	0.489974899858239	562
0.12331004681519	1.14662608479542	9
-0.03867863790684	0.489990587090443	27
-0.0453882713028699	0.491065821848087	27
-0.04248569716236	0.487103907991292	27
-0.04792578460344	0.485631123308653	1510
-0.0503000792695401	0.485973419912067	66
-0.0468348868246	0.486692367864221	794
-0.0450337881962599	0.489974899858239	3446
-0.0468348868246	0.486692367864221	134
-0.0453882713028699	0.491065821848087	237
-0.04599496688161	0.92465607668814	134
-0.0397831978713901	0.488909487893217	747
-0.04792578460344	0.485631123308653	229
0.0679669568919701	0.795117762229217	372
-0.0401398580041299	0.492707629107706	1306
-0.0468348868246	0.486692367864221	1306
-0.11542951158185	1.05294149670461	451
0.0650023200374801	0.799635859648323	451
-0.0426981136187199	0.488260410534648	451
-0.0426981136187199	0.488260410534648	211
-0.0450337881962599	0.489974899858239	211
-0.0401398580041299	0.492707629107706	187
-0.0397831978713901	0.488909487893217	374
0.11592372430803	1.11891853518992	9
-0.04159792656106	0.489337286075825	9
-0.04648134015328	0.48998410568291	9
-0.04393854515874	0.491057209685398	134
-0.0401398580041299	0.492707629107706	134
-0.0435831175093799	0.4860389300833	134
-0.0453882713028699	0.491065821848087	1283
-0.04393854515874	0.491057209685398	1283
0.0626134586467499	0.787358483162585	49
-0.04648134015328	0.48998410568291	253
-0.0401398580041299	0.492707629107706	1640
-0.0287597175371901	1.43313199569381	118
-0.04648134015328	0.48998410568291	225
-0.10565046346021	1.07151943966091	372
0.0717138128511201	0.807457867769169	372
-0.0453882713028699	0.491065821848087	1352
-0.0453882713028699	0.491065821848087	451
-0.0531986137434599	0.481686443078168	451
-0.0450337881962599	0.489974899858239	211
-0.0517509107762599	0.485976898894524	211
-0.0453882713028699	0.491065821848087	187
-0.04393854515874	0.491057209685398	374
0.06761412650483	0.800352775712037	374
-0.0453882713028699	0.491065821848087	9
-0.04248569716236	0.487103907991292	234
-0.0468348868246	0.486692367864221	1827
-0.0412422299414701	0.49161470941807	1827
-0.0453882713028699	0.491065821848087	134
-0.04648134015328	0.48998410568291	134
-0.0412422299414701	0.49161470941807	237
-0.10476596776381	1.07309805583525	253
-0.02191257136711	1.46022772621535	747
-0.0389654755392299	0.920932750413196	229
0.0703868441081701	0.807034365925312	225
0.02945213128924	1.29555347751433	2221
-0.04648134015328	0.48998410568291	1777
-0.04393854515874	0.491057209685398	1777
-0.0397831978713901	0.488909487893217	374
-0.0453882713028699	0.491065821848087	9
0.06629393122933	0.800830556955224	9
-0.0412422299414701	0.49161470941807	2440
-0.03867863790684	0.489990587090443	234
0.0755809993940499	0.79576600509465	27
-0.0503000792695401	0.485973419912067	27
-0.04648134015328	0.48998410568291	27
-0.04248569716236	0.487103907991292	578
-0.0453882713028699	0.491065821848087	1827
-0.0426981136187199	0.488260410534648	134
-0.03596148207418	0.486432467057371	237
-0.11098243152402	1.06673540121018	253
0.12218796833886	1.12461693912263	229
0.0757447349493701	1.67386016058796	225
-0.0405997075807301	0.925343333700157	2221
-0.0529172541256899	0.90913607423889	112
0.0319529166618699	1.29176704863997	1352
-0.11237511602526	1.04312090739775	372
-0.04648134015328	0.48998410568291	451
0.0636098640576399	0.793010187764851	451
-0.0517509107762599	0.485976898894524	211
0.0706231275959299	0.798124052962526	630
-0.04393854515874	0.491057209685398	1081
0.07449339049613	0.801962693736397	134
-0.0468348868246	0.486692367864221	134
-0.04248569716236	0.487103907991292	134
-0.04648134015328	0.48998410568291	1283
-0.05104994141012	0.91254510534318	253
-0.0453882713028699	0.491065821848087	2453
0.07811045076876	1.64670964983598	747
0.0794656856315901	1.65195452021161	747
0.02536233421637	1.27920918672578	747
-0.04648134015328	0.48998410568291	229
-0.0367616612931501	1.42137112025511	229
-0.04188439232428	0.923690330704584	225
-0.04393854515874	0.491057209685398	19
-0.0468348868246	0.486692367864221	1306
-0.0453882713028699	0.491065821848087	1306
0.06929519244363	0.797697255741726	1469
-0.04882315227301	0.914045202636107	380
-0.0435831175093799	0.4860389300833	134
-0.0450337881962599	0.489974899858239	15
-0.0412422299414701	0.49161470941807	1283
-0.05361646685346	0.908376591071996	749
-0.0564223911762301	0.899816808257445	2453
0.08821154138135	2.39144049368592	229
0.0228095668936601	1.28492258599285	225
-0.04393854515874	0.491057209685398	225
-0.0450337881962599	0.489974899858239	1306
0.11461173557159	1.11980326972245	1306
-0.10341784779311	1.07307597267168	211
-0.0435831175093799	0.4860389300833	234
-0.0456513455168199	0.923679325795707	27
0.0346715588673801	1.29992068935494	27
0.0714776862188999	0.800703716196944	134
-0.04393854515874	0.491057209685398	134
0.0650023200374801	0.799635859648323	237
-0.0453882713028699	0.491065821848087	237
-0.0453882713028699	0.491065821848087	237
-0.03867863790684	0.489990587090443	15
-0.0401398580041299	0.492707629107706	22
0.0584219599332101	0.787317172029354	22
0.112998902361	1.13131963473883	253
0.10580722873955	1.11132479055677	229
-0.10249875455427	1.0638910195526	118
0.02584520730138	1.28551404533321	2221
-0.10472138395672	1.0730372086649	372
0.0650023200374801	0.799635859648323	1306
-0.04393854515874	0.491057209685398	211
0.0743668273220499	0.800000659186269	630
-0.04214147308945	0.921106291037143	1081
0.06773200665896	0.797493334056868	134
-0.04393854515874	0.491057209685398	380
-0.0401398580041299	0.492707629107706	134
0.12321907214818	2.03675419584621	49
-0.02227429941676	1.44889940607292	749
-0.0415460085208701	0.90777156291432	747
-0.05257451146082	0.899526708179025	229
-0.05257451146082	0.899526708179025	151
0.06894018726966	0.797991249064816	151
-0.10115418940666	1.07429018095913	372
0.0717138128511201	0.807457867769169	211
-0.0503000792695401	0.485973419912067	211
-0.09758158093081	1.07667405063827	451
-0.0401398580041299	0.492707629107706	211
0.06929519244363	0.797697255741726	211
-0.11093865867439	1.05858343577847	211
0.0650023200374801	0.799635859648323	374
0.11562143327275	1.14111153594545	3603
0.06761412650483	0.800352775712037	134
-0.05010645561376	0.914136723856593	134
-0.0412422299414701	0.49161470941807	134
-0.0468348868246	0.486692367864221	380
-0.0401398580041299	0.492707629107706	134
-0.0531986137434599	0.481686443078168	134
0.0660972750431901	0.793424923313814	253
-0.04159792656106	0.489337286075825	747
0.07449339049613	0.801962693736397	118
0.0651991094415301	0.791620042971659	229
-0.11003207891901	1.04359207561688	225
-0.0453882713028699	0.491065821848087	225
-0.04648134015328	0.48998410568291	225
-0.10295211044797	1.0695640052681	372
-0.0401398580041299	0.492707629107706	372
0.0717138128511201	0.807457867769169	56
0.0584219599332101	0.787317172029354	372
0.0769075904867	0.797547015895299	211
0.0651991094415301	0.791620042971659	211
-0.0412422299414701	0.49161470941807	41
0.07449339049613	0.801962693736397	211
-0.0453882713028699	0.491065821848087	330
-0.0450337881962599	0.489974899858239	234
-0.04393854515874	0.491057209685398	27
-0.04393854515874	0.491057209685398	380
-0.0412422299414701	0.49161470941807	380
-0.04792578460344	0.485631123308653	134
-0.04792578460344	0.485631123308653	15
-0.10338102745439	2.31142583054058	253
-0.04393854515874	0.491057209685398	253
0.06761412650483	0.800352775712037	49
-0.0401398580041299	0.492707629107706	802
0.0717138128511201	0.807457867769169	747
-0.0450337881962599	0.489974899858239	118
-0.0450337881962599	0.489974899858239	118
-0.04393854515874	0.491057209685398	372
-0.0397831978713901	0.488909487893217	372
-0.0453882713028699	0.491065821848087	1
-0.0453882713028699	0.491065821848087	372
-0.0450337881962599	0.489974899858239	19
-0.04159792656106	0.489337286075825	211
-0.04648134015328	0.48998410568291	1663
-0.04648134015328	0.48998410568291	234
-0.04393854515874	0.491057209685398	3603
0.0251987434601999	1.77748689237223	747
-0.0517509107762599	0.485976898894524	229
-0.0401398580041299	0.492707629107706	225
-0.0453882713028699	0.491065821848087	118
-0.03631941323805	0.48685860015717	372
-0.0348497457467101	0.487505243218888	211
-0.0401398580041299	0.492707629107706	211
0.11500779450911	1.13460190194235	49
0.0639065493603399	0.79044386627471	1611
-0.0412422299414701	0.49161470941807	1611
-0.0450337881962599	0.489974899858239	802
0.11845490230912	1.13542513858813	229
0.11613799391346	1.12853422989432	229
0.07714819353063	0.802960629731615	229
-0.05395340188344	0.905175761708426	229
0.0801801113978	0.786958244673516	118
-0.0415460085208701	0.90777156291432	225
0.0690341572186399	0.790723048115292	1
0.0679669568919701	0.795117762229217	19
-0.04792578460344	0.485631123308653	211
0.06629393122933	0.800830556955224	211
-0.04648134015328	0.48998410568291	211
0.0717138128511201	0.807457867769169	3521
0.0687072263488899	0.794144549178341	9
-0.04248569716236	0.487103907991292	234
0.0730404754656799	0.805716297602441	3603
-0.04792578460344	0.485631123308653	27
-0.0401398580041299	0.492707629107706	1081
-0.04648134015328	0.48998410568291	134
-0.0453882713028699	0.491065821848087	380
-0.04159792656106	0.489337286075825	134
-0.04648134015328	0.48998410568291	2321
-0.0435831175093799	0.4860389300833	2321
-0.0453882713028699	0.491065821848087	134
-0.0503000792695401	0.485973419912067	134
0.0420054414453901	1.27603781142622	253
-0.0506922497015501	0.917786638270386	253
-0.0401398580041299	0.492707629107706	49
0.0648060784522699	0.790323975763253	1603
-0.04393854515874	0.491057209685398	118
-0.10963774583292	1.06759546587919	229
0.0706231275959299	0.798124052962526	118
-0.04792578460344	0.485631123308653	118
0.0651991094415301	0.791620042971659	225
-0.0401398580041299	0.492707629107706	225
-0.0401398580041299	0.492707629107706	225
0.0734049768074401	0.792812846293566	372
-0.0510358675050899	0.911415024923888	3505
-0.0453882713028699	0.491065821848087	211
-0.0426981136187199	0.488260410534648	630
0.0650023200374801	0.799635859648323	9
-0.0412422299414701	0.49161470941807	9
-0.04792578460344	0.485631123308653	9
0.05974514847552	0.78851565291543	47
-0.04648134015328	0.48998410568291	134
-0.0401398580041299	0.492707629107706	380
-0.04393854515874	0.491057209685398	134
-0.04648134015328	0.48998410568291	134
-0.04792578460344	0.485631123308653	15
-0.04648134015328	0.48998410568291	15
-0.04792578460344	0.485631123308653	15
-0.04648134015328	0.48998410568291	22
0.07681190341431	1.67292627774756	118
-0.0066329950478401	1.91636581881539	118
-0.11542951158185	1.05294149670461	225
0.0721199074683101	1.66329774062565	225
-0.0374289507290699	0.48578937094864	19
-0.04648134015328	0.48998410568291	19
-0.04471095424489	0.925292967788079	211
-0.0401398580041299	0.492707629107706	9
-0.0517509107762599	0.485976898894524	9
0.0665202137715899	0.791170383160884	9
-0.0401398580041299	0.492707629107706	9
-0.0450337881962599	0.489974899858239	3603
-0.0517509107762599	0.485976898894524	27
0.06905957384716	0.80439629318691	134
-0.0401398580041299	0.492707629107706	134
-0.04648134015328	0.48998410568291	134
-0.0453882713028699	0.491065821848087	15
-0.03134602644062	1.44701327259905	49
0.0786073914001899	0.789985061097611	56
0.0610680297244	0.788072196378192	211
-0.04648134015328	0.48998410568291	211
-0.04648134015328	0.48998410568291	211
-0.0401398580041299	0.492707629107706	211
-0.03837785530144	0.916853822621037	187
-0.04471095424489	0.925292967788079	3521
-0.0401398580041299	0.492707629107706	681
-0.0401398580041299	0.492707629107706	47
0.06905957384716	0.80439629318691	134
0.06929519244363	0.797697255741726	118
-0.04307933568622	0.909513157157873	118
-0.04393854515874	0.491057209685398	225
0.08234573582386	0.789840481657458	112
-0.0453882713028699	0.491065821848087	372
-0.0513892655818	0.912810140512687	372
-0.04307933568622	0.909513157157873	211
-0.0435831175093799	0.4860389300833	3401
-0.0450337881962599	0.489974899858239	9
-0.0412422299414701	0.49161470941807	47
-0.0453882713028699	0.491065821848087	234
-0.0450337881962599	0.489974899858239	787
-0.04599496688161	0.92465607668814	15
-0.04648134015328	0.48998410568291	225
-0.0531986137434599	0.481686443078168	225
-0.0453882713028699	0.491065821848087	112
-0.04648134015328	0.48998410568291	372
-0.04393854515874	0.491057209685398	1
-0.0450337881962599	0.489974899858239	211
-0.0450337881962599	0.489974899858239	211
0.11186655865494	1.11489873685166	211
-0.03867863790684	0.489990587090443	187
-0.04648134015328	0.48998410568291	187
-0.0401398580041299	0.492707629107706	210
-0.04792578460344	0.485631123308653	210
-0.0401398580041299	0.492707629107706	47
0.06629393122933	0.800830556955224	431
0.03123280059391	1.29618575804247	1469
0.0734049768074401	0.792812846293566	3271
-0.0348497457467101	0.487505243218888	1892
0.0529588756311401	0.772512432230224	1892
-0.0450337881962599	0.489974899858239	118
-0.11232540688902	1.06427402548611	118
-0.0517509107762599	0.485976898894524	118
-0.0531986137434599	0.481686443078168	372
-0.0517509107762599	0.485976898894524	282
-0.0412422299414701	0.49161470941807	211
-0.0453882713028699	0.491065821848087	211
0.0639065493603399	0.79044386627471	211
-0.0468348868246	0.486692367864221	3401
-0.03867863790684	0.489990587090443	3401
-0.0450337881962599	0.489974899858239	234
-0.04393854515874	0.491057209685398	234
-0.04648134015328	0.48998410568291	234
-0.04648134015328	0.48998410568291	787
-0.0453882713028699	0.491065821848087	134
-0.04248569716236	0.487103907991292	588
-0.0412422299414701	0.49161470941807	588
0.0268195609767601	1.27765955678778	134
-0.0453882713028699	0.491065821848087	134
-0.03867863790684	0.489990587090443	15
-0.0517509107762599	0.485976898894524	1114
0.0180091464524099	1.26794153940686	102
0.0636098640576399	0.793010187764851	3271
-0.03867863790684	0.489990587090443	1892
-0.0450337881962599	0.489974899858239	118
0.07167987648167	0.791717792827938	225
0.0687072263488899	0.794144549178341	308
-0.04648134015328	0.48998410568291	56
-0.04159792656106	0.489337286075825	56
-0.0517509107762599	0.485976898894524	211
0.1136972393646	1.13047729306499	187
-0.0453882713028699	0.491065821848087	3401
-0.0453882713028699	0.491065821848087	862
-0.04393854515874	0.491057209685398	348
0.0584219599332101	0.787317172029354	691
-0.04648134015328	0.48998410568291	691
-0.04393854515874	0.491057209685398	787
-0.0450337881962599	0.489974899858239	134
-0.04393854515874	0.491057209685398	134
-0.04393854515874	0.491057209685398	15
-0.03867863790684	0.489990587090443	3271
0.0714776862188999	0.800703716196944	3271
-0.10429347791286	1.06705583498395	118
0.11976814133334	1.14101976698945	3296
0.0706231275959299	0.798124052962526	225
0.1185544173722	1.13059962163995	225
-0.0324183400748701	1.44172283136772	225
-0.0998495216583699	1.06595774365233	372
-0.0401398580041299	0.492707629107706	1763
-0.04648134015328	0.48998410568291	19
-0.0397831978713901	0.488909487893217	211
0.0595163419992799	0.788298487905879	211
-0.04648134015328	0.48998410568291	210
-0.0374289507290699	0.48578937094864	3401
-0.04648134015328	0.48998410568291	3401
-0.0412422299414701	0.49161470941807	210
-0.0453882713028699	0.491065821848087	436
-0.04648134015328	0.48998410568291	2640
0.11218312984862	1.13624062062625	47
-0.03867863790684	0.489990587090443	691
0.06929519244363	0.797697255741726	134
-0.10295450275982	1.07321225942324	134
-0.0479621547610301	0.484281434940963	134
-0.0503000792695401	0.485973419912067	588
-0.0435831175093799	0.4860389300833	588
-0.04648134015328	0.48998410568291	588
-0.04248569716236	0.487103907991292	134
-0.0397831978713901	0.488909487893217	134
-0.0468348868246	0.486692367864221	15
-0.0435831175093799	0.4860389300833	15
-0.0503000792695401	0.485973419912067	1283
-0.0468348868246	0.486692367864221	3271
-0.04159792656106	0.489337286075825	308
0.11562143327275	1.14111153594545	225
-0.0426981136187199	0.488260410534648	372
0.0651991094415301	0.791620042971659	372
-0.05010645561376	0.914136723856593	19
-0.04648134015328	0.48998410568291	187
-0.0412422299414701	0.49161470941807	2640
-0.0412422299414701	0.49161470941807	691
-0.04792578460344	0.485631123308653	588
-0.0468348868246	0.486692367864221	134
0.07412938648184	0.799431649536959	15
-0.0517509107762599	0.485976898894524	1283
0.0722717766638501	2.15520767283375	49
-0.0751584427854799	2.205772607074	102
-0.0453882713028699	0.491065821848087	3271
-0.0348497457467101	0.487505243218888	502
-0.0453882713028699	0.491065821848087	308
-0.0426981136187199	0.488260410534648	308
-0.04159792656106	0.489337286075825	56
-0.0465029461993001	0.487589009547808	1564
-0.04648134015328	0.48998410568291	211
-0.0468348868246	0.486692367864221	211
-0.04393854515874	0.491057209685398	211
0.02329175674266	1.28672654774036	211
-0.04393854515874	0.491057209685398	210
-0.04393854515874	0.491057209685398	348
-0.04393854515874	0.491057209685398	348
0.0714776862188999	0.800703716196944	47
-0.1042640225063	1.07483586979764	1469
-0.0380289034601	0.922521641578188	49
0.11349931006311	1.13603733319033	102
-0.0100155907039901	1.92334661265954	102
-0.0426981136187199	0.488260410534648	1982
-0.0426981136187199	0.488260410534648	1982
-0.03596148207418	0.486432467057371	118
-0.04648134015328	0.48998410568291	308
-0.0519762629874601	0.917146096891362	225
-0.04648134015328	0.48998410568291	372
-0.04393854515874	0.491057209685398	372
-0.04393854515874	0.491057209685398	3011
-0.03867863790684	0.489990587090443	3011
-0.04393854515874	0.491057209685398	3011
-0.03631941323805	0.48685860015717	956
-0.03631941323805	0.48685860015717	1564
0.04252440593757	1.8258749567192	19
0.06889912306091	0.788793997192015	211
-0.05584517283392	0.893215900959173	211
-0.04792578460344	0.485631123308653	927
-0.0453882713028699	0.491065821848087	210
-0.04648134015328	0.48998410568291	360
-0.0435831175093799	0.4860389300833	348
-0.04916268650595	0.90992323178659	348
-0.04648134015328	0.48998410568291	2640
-0.04393854515874	0.491057209685398	2640
-0.04648134015328	0.48998410568291	134
0.0703868441081701	0.807034365925312	134
0.0701513798267499	0.798112285981421	134
-0.0412422299414701	0.49161470941807	49
-0.04393854515874	0.491057209685398	102
-0.0465029461993001	0.487589009547808	502
0.0634820643999401	0.78677156575863	112
0.05974514847552	0.78851565291543	282
0.06083855942342	0.78949740844192	211
-0.0469360618938901	0.923041358497123	211
-0.04648134015328	0.48998410568291	3085
-0.0426981136187199	0.488260410534648	210
-0.04648134015328	0.48998410568291	210
-0.0401398580041299	0.492707629107706	210
-0.0412422299414701	0.49161470941807	691
-0.0531986137434599	0.481686443078168	134
-0.04248569716236	0.487103907991292	134
-0.04648134015328	0.48998410568291	134
-0.04283054649512	0.904666800263379	134
0.0650023200374801	0.799635859648323	15
-0.0465029461993001	0.487589009547808	102
-0.0401398580041299	0.492707629107706	118
-0.0453882713028699	0.491065821848087	56
-0.04393854515874	0.491057209685398	19
-0.0450337881962599	0.489974899858239	282
-0.0426981136187199	0.488260410534648	211
-0.0453882713028699	0.491065821848087	927
-0.04393854515874	0.491057209685398	210
-0.10341067877269	1.06612874441109	116
-0.04393854515874	0.491057209685398	544
0.0701513798267499	0.798112285981421	102
-0.04393854515874	0.491057209685398	102
-0.0468348868246	0.486692367864221	308
-0.0479621547610301	0.484281434940963	211
-0.04393854515874	0.491057209685398	211
-0.04159792656106	0.489337286075825	187
-0.0397831978713901	0.488909487893217	927
-0.04393854515874	0.491057209685398	210
-0.0453882713028699	0.491065821848087	1801
-0.06527896868465	1.58736458100685	135
-0.06900823237928	2.26196322706935	544
-0.04648134015328	0.48998410568291	118
-0.04393854515874	0.491057209685398	102
-0.0531986137434599	0.481686443078168	3420
-0.04884610787864	0.482105241849398	3420
-0.0426981136187199	0.488260410534648	308
-0.0468348868246	0.486692367864221	225
-0.0453882713028699	0.491065821848087	2179
-0.0453882713028699	0.491065821848087	956
-0.0453882713028699	0.491065821848087	956
-0.0412422299414701	0.49161470941807	211
-0.04884610787864	0.482105241849398	348
-0.0453882713028699	0.491065821848087	134
-0.06719602542354	1.58263793992903	134
-0.0435831175093799	0.4860389300833	15
0.08946296503314	2.41510458682605	49
-0.0838770768025501	1.06058917891689	118
-0.04393854515874	0.491057209685398	225
-0.04792578460344	0.485631123308653	796
0.0673879387471601	0.794603309712501	372
-0.04648134015328	0.48998410568291	2179
-0.0374289507290699	0.48578937094864	1763
-0.04393854515874	0.491057209685398	956
-0.04393854515874	0.491057209685398	956
-0.0450337881962599	0.489974899858239	211
-0.0401398580041299	0.492707629107706	210
-0.0453882713028699	0.491065821848087	348
-0.04393854515874	0.491057209685398	47
-0.04393854515874	0.491057209685398	691
-0.04792578460344	0.485631123308653	700
-0.0453882713028699	0.491065821848087	134
-0.0450337881962599	0.489974899858239	15
0.0703571845925199	0.792493458677294	15
-0.0412422299414701	0.49161470941807	796
0.06929519244363	0.797697255741726	125
-0.04648134015328	0.48998410568291	211
-0.0412422299414701	0.49161470941807	211
-0.0453882713028699	0.491065821848087	927
-0.0453882713028699	0.491065821848087	210
0.0660972750431901	0.793424923313814	47
-0.0426981136187199	0.488260410534648	691
-0.04248569716236	0.487103907991292	225
-0.0426981136187199	0.488260410534648	1138
-0.0453882713028699	0.491065821848087	2179
-0.0412422299414701	0.49161470941807	19
0.02738653885765	1.28668895544531	19
-0.0401398580041299	0.492707629107706	282
-0.0401398580041299	0.492707629107706	1533
-0.0412422299414701	0.49161470941807	1505
-0.0450337881962599	0.489974899858239	1505
-0.04393854515874	0.491057209685398	134
-0.0529172541256899	0.90913607423889	134
-0.04159792656106	0.489337286075825	15
-0.0325020723009399	2.05541442964887	544
-0.0450405677986001	0.484932859758814	1200
-0.0479621547610301	0.484281434940963	502
-0.0453882713028699	0.491065821848087	225
-0.04648134015328	0.48998410568291	225
-0.0450337881962599	0.489974899858239	225
-0.0453882713028699	0.491065821848087	2470
0.0706231275959299	0.798124052962526	796
0.12068085322113	1.14294837629123	1138
0.12246535293808	1.10438137594676	1138
-0.0426981136187199	0.488260410534648	56
-0.0517509107762599	0.485976898894524	2179
-0.0548989862276901	0.903603165449039	1763
-0.0412422299414701	0.49161470941807	211
-0.04393854515874	0.491057209685398	211
-0.0412422299414701	0.49161470941807	211
-0.0401398580041299	0.492707629107706	348
-0.0450337881962599	0.489974899858239	1801
-0.04648134015328	0.48998410568291	134
-0.0453882713028699	0.491065821848087	15
0.06761412650483	0.800352775712037	49
-0.02002273986154	1.45073417402433	225
-0.0401398580041299	0.492707629107706	19
-0.04393854515874	0.491057209685398	1533
-0.04393854515874	0.491057209685398	1533
-0.04648134015328	0.48998410568291	211
-0.0397831978713901	0.488909487893217	1505
0.0799355210689501	0.795297258508092	210
-0.0435831175093799	0.4860389300833	210
-0.0503000792695401	0.485973419912067	1817
-0.04856153164785	0.917860352921785	47
0.11562143327275	1.14111153594545	134
-0.04393854515874	0.491057209685398	588
-0.04693257238919	0.910587449483483	134
-0.0401398580041299	0.492707629107706	289
-0.0453882713028699	0.491065821848087	102
-0.0468348868246	0.486692367864221	102
-0.0453882713028699	0.491065821848087	1851
-0.04159792656106	0.489337286075825	308
-0.0453882713028699	0.491065821848087	308
-0.0453882713028699	0.491065821848087	1465
-0.0503000792695401	0.485973419912067	1144
-0.05010645561376	0.914136723856593	282
-0.0450337881962599	0.489974899858239	504
-0.0412422299414701	0.49161470941807	282
-0.0401398580041299	0.492707629107706	211
-0.04648134015328	0.48998410568291	211
-0.0453882713028699	0.491065821848087	210
-0.04159792656106	0.489337286075825	210
-0.04393854515874	0.491057209685398	1817
-0.0401398580041299	0.492707629107706	348
-0.0435831175093799	0.4860389300833	827
0.07449339049613	0.801962693736397	47
-0.0453882713028699	0.491065821848087	2715
-0.04648134015328	0.48998410568291	1329
0.0673879387471601	0.794603309712501	47
0.0624175079273901	0.789262309147399	47
-0.0453882713028699	0.491065821848087	47
-0.0401398580041299	0.492707629107706	134
-0.0374289507290699	0.48578937094864	15
-0.03867863790684	0.489990587090443	15
-0.01726387158665	1.88215741449898	1200
-0.04882315227301	0.914045202636107	502
-0.0401398580041299	0.492707629107706	307
-0.04821603772058	0.906784294199028	148
-0.0453882713028699	0.491065821848087	148
-0.0401398580041299	0.492707629107706	2108
-0.0401398580041299	0.492707629107706	308
-0.03867863790684	0.489990587090443	308
0.0651991094415301	0.791620042971659	225
-0.0479621547610301	0.484281434940963	225
-0.10517717777035	1.06063257682088	1252
-0.04393854515874	0.491057209685398	1144
0.0812633221952901	0.795866972498483	19
-0.04648134015328	0.48998410568291	282
-0.04393854515874	0.491057209685398	210
-0.0503000792695401	0.485973419912067	210
-0.04792578460344	0.485631123308653	3377
-0.0401398580041299	0.492707629107706	348
-0.04792578460344	0.485631123308653	1024
-0.0450337881962599	0.489974899858239	1653
-0.0503000792695401	0.485973419912067	1329
-0.0468348868246	0.486692367864221	845
0.0665202137715899	0.791170383160884	47
-0.0450337881962599	0.489974899858239	134
-0.0453882713028699	0.491065821848087	134
-0.04393854515874	0.491057209685398	134
-0.04248569716236	0.487103907991292	134
0.0634820643999401	0.78677156575863	134
-0.04393854515874	0.491057209685398	588
-0.0468348868246	0.486692367864221	134
-0.10648807473492	1.06960176368029	134
0.0650023200374801	0.799635859648323	1311
0.0673879387471601	0.794603309712501	15
0.0650023200374801	0.799635859648323	15
-0.0453882713028699	0.491065821848087	1478
-0.03867863790684	0.489990587090443	1478
-0.0297676835773499	2.02135712174412	544
-0.04599496688161	0.92465607668814	118
-0.0453882713028699	0.491065821848087	1851
-0.0468348868246	0.486692367864221	307
-0.0453882713028699	0.491065821848087	2108
-0.04648134015328	0.48998410568291	225
-0.04659787044067	0.904476023900489	225
-0.10737982830591	1.0593589781717	112
-0.0517509107762599	0.485976898894524	56
-0.04393854515874	0.491057209685398	56
-0.0401398580041299	0.492707629107706	56
-0.04393854515874	0.491057209685398	3298
-0.04648134015328	0.48998410568291	473
-0.04393854515874	0.491057209685398	473
0.0731655177813899	0.79572921804573	282
0.06629393122933	0.800830556955224	1505
-0.0453882713028699	0.491065821848087	765
-0.03631941323805	0.48685860015717	210
-0.04648134015328	0.48998410568291	210
0.0687072263488899	0.794144549178341	210
-0.0348497457467101	0.487505243218888	210
-0.0401398580041299	0.492707629107706	210
-0.0435831175093799	0.4860389300833	3377
-0.0450337881962599	0.489974899858239	827
0.06794727744892	0.789750456823628	827
-0.0412422299414701	0.49161470941807	691
-0.0503000792695401	0.485973419912067	134
-0.0450337881962599	0.489974899858239	588
-0.04393854515874	0.491057209685398	588
0.0755809993940499	0.79576600509465	15
-0.04648134015328	0.48998410568291	15
-0.0468348868246	0.486692367864221	102
-0.04648134015328	0.48998410568291	539
-0.0450337881962599	0.489974899858239	112
-0.0397831978713901	0.488909487893217	372
-0.0468348868246	0.486692367864221	372
-0.0397831978713901	0.488909487893217	56
-0.0450337881962599	0.489974899858239	3272
0.07449339049613	0.801962693736397	282
-0.0401398580041299	0.492707629107706	282
-0.04393854515874	0.491057209685398	211
0.0650023200374801	0.799635859648323	210
-0.04648134015328	0.48998410568291	210
-0.0453882713028699	0.491065821848087	348
0.0660972750431901	0.793424923313814	47
-0.04159792656106	0.489337286075825	1653
0.11784814879827	1.14469395101344	47
-0.0468348868246	0.486692367864221	691
-0.0426840182878101	0.481869506806391	134
0.0584219599332101	0.787317172029354	134
-0.0453882713028699	0.491065821848087	134
-0.04648134015328	0.48998410568291	134
-0.0435831175093799	0.4860389300833	15
-0.0397831978713901	0.488909487893217	22
-0.10826339202263	1.06026943136932	102
-0.0435831175093799	0.4860389300833	102
0.10895363325551	1.11466561042329	539
0.0660972750431901	0.793424923313814	539
-0.0374289507290699	0.48578937094864	56
-0.04393854515874	0.491057209685398	473
-0.04648134015328	0.48998410568291	473
-0.0503000792695401	0.485973419912067	211
-0.0450337881962599	0.489974899858239	1152
-0.04648134015328	0.48998410568291	210
-0.0453882713028699	0.491065821848087	968
0.0267237226260399	1.28737079873758	210
-0.0401398580041299	0.492707629107706	210
-0.0453882713028699	0.491065821848087	3377
-0.0401398580041299	0.492707629107706	348
-0.0453882713028699	0.491065821848087	348
-0.0426981136187199	0.488260410534648	197
-0.04393854515874	0.491057209685398	47
-0.04471095424489	0.925292967788079	1653
-0.0517509107762599	0.485976898894524	291
-0.0503000792695401	0.485973419912067	900
0.12462640581011	1.14518029372484	900
-0.0401398580041299	0.492707629107706	134
-0.04648134015328	0.48998410568291	134
-0.04159792656106	0.489337286075825	764
-0.0453882713028699	0.491065821848087	15
-0.04248569716236	0.487103907991292	102
-0.04648134015328	0.48998410568291	102
-0.0468348868246	0.486692367864221	2823
-0.0531986137434599	0.481686443078168	148
-0.04393854515874	0.491057209685398	308
-0.0397831978713901	0.488909487893217	814
-0.0503000792695401	0.485973419912067	56
-0.0517509107762599	0.485976898894524	3272
-0.04393854515874	0.491057209685398	968
-0.0412422299414701	0.49161470941807	210
0.11430958082354	1.13747820111025	47
-0.0123043956506399	1.46128998031664	845
-0.09903629542662	2.29773762981637	135
-0.0397831978713901	0.488909487893217	102
-0.0401398580041299	0.492707629107706	881
-0.0517509107762599	0.485976898894524	2823
-0.0465029461993001	0.487589009547808	118
-0.0453882713028699	0.491065821848087	118
-0.04393854515874	0.491057209685398	1163
-0.04159792656106	0.489337286075825	990
-0.0401398580041299	0.492707629107706	1532
-0.0401398580041299	0.492707629107706	211
-0.0426981136187199	0.488260410534648	1152
-0.0468348868246	0.486692367864221	1152
-0.04248569716236	0.487103907991292	968
0.07582095063623	0.803772600889529	47
-0.0453882713028699	0.491065821848087	900
-0.04159792656106	0.489337286075825	3058
-0.04648134015328	0.48998410568291	588
-0.05231868833557	0.909111939814359	1053
-0.04393854515874	0.491057209685398	102
-0.04393854515874	0.491057209685398	118
-0.03867863790684	0.489990587090443	814
-0.0453882713028699	0.491065821848087	372
-0.0450337881962599	0.489974899858239	372
-0.0468348868246	0.486692367864221	605
-0.04648134015328	0.48998410568291	1152
0.0660972750431901	0.793424923313814	691
-0.0401398580041299	0.492707629107706	335
0.0650023200374801	0.799635859648323	3162
-0.10073141636402	1.07596405541004	15
-0.0517509107762599	0.485976898894524	102
-0.0450405677986001	0.484932859758814	308
-0.0510358675050899	0.911415024923888	112
-0.04159792656106	0.489337286075825	282
-0.04393854515874	0.491057209685398	211
-0.0463372917216001	0.91410467010281	210
-0.04648134015328	0.48998410568291	87
0.03199626980507	1.2909264484414	291
0.0581938207469801	0.785193524974265	134
-0.0450337881962599	0.489974899858239	134
-0.04393854515874	0.491057209685398	3162
-0.04159792656106	0.489337286075825	1053
-0.04648134015328	0.48998410568291	148
-0.04648134015328	0.48998410568291	308
-0.04393854515874	0.491057209685398	814
-0.04159792656106	0.489337286075825	2205
0.0660972750431901	0.793424923313814	19
-0.04159792656106	0.489337286075825	1532
-0.04393854515874	0.491057209685398	1532
-0.0412422299414701	0.49161470941807	1152
-0.0450337881962599	0.489974899858239	210
0.0595163419992799	0.788298487905879	210
-0.0397831978713901	0.488909487893217	210
-0.0450337881962599	0.489974899858239	210
0.0248224744918799	1.26396375129197	87
-0.03631941323805	0.48685860015717	12
-0.0453882713028699	0.491065821848087	134
-0.0401398580041299	0.492707629107706	3291
-0.04393854515874	0.491057209685398	308
-0.0503000792695401	0.485973419912067	118
-0.0401398580041299	0.492707629107706	308
-0.0426981136187199	0.488260410534648	990
-0.0401398580041299	0.492707629107706	504
-0.04393854515874	0.491057209685398	211
-0.04648134015328	0.48998410568291	210
-0.04393854515874	0.491057209685398	1141
-0.0401398580041299	0.492707629107706	291
-0.0348497457467101	0.487505243218888	900
-0.0435831175093799	0.4860389300833	900
-0.0503000792695401	0.485973419912067	134
0.06083855942342	0.78949740844192	335
0.0717138128511201	0.807457867769169	518
-0.1069432157138	1.07152771136582	15
-0.0517509107762599	0.485976898894524	1283
-0.04884610787864	0.482105241849398	3291
-0.0503000792695401	0.485973419912067	95
-0.0453882713028699	0.491065821848087	148
-0.0468348868246	0.486692367864221	112
-0.0435831175093799	0.4860389300833	1532
-0.0450337881962599	0.489974899858239	1152
-0.0468348868246	0.486692367864221	1141
-0.04248569716236	0.487103907991292	87
-0.0468348868246	0.486692367864221	87
-0.0450337881962599	0.489974899858239	47
-0.0450337881962599	0.489974899858239	1653
-0.0479621547610301	0.484281434940963	291
-0.04393854515874	0.491057209685398	2233
-0.0405997075807301	0.925343333700157	49
-0.0426981136187199	0.488260410534648	1636
-0.04393854515874	0.491057209685398	3291
-0.03867863790684	0.489990587090443	148
-0.04159792656106	0.489337286075825	148
-0.0468348868246	0.486692367864221	148
-0.0450337881962599	0.489974899858239	112
0.0679669568919701	0.795117762229217	372
-0.04393854515874	0.491057209685398	211
-0.0401398580041299	0.492707629107706	210
-0.04648134015328	0.48998410568291	197
-0.03867863790684	0.489990587090443	612
-0.04648134015328	0.48998410568291	1653
-0.0503000792695401	0.485973419912067	492
-0.0453882713028699	0.491065821848087	95
-0.0450337881962599	0.489974899858239	148
-0.04792578460344	0.485631123308653	814
-0.0401398580041299	0.492707629107706	593
-0.04159792656106	0.489337286075825	990
-0.0412422299414701	0.49161470941807	1624
-0.0453882713028699	0.491065821848087	519
-0.0453882713028699	0.491065821848087	291
-0.03631941323805	0.48685860015717	134
-0.0517509107762599	0.485976898894524	134
-0.0517509107762599	0.485976898894524	2233
-0.0531986137434599	0.481686443078168	49
-0.0435831175093799	0.4860389300833	1636
-0.0479621547610301	0.484281434940963	148
-0.04248569716236	0.487103907991292	1157
-0.0517509107762599	0.485976898894524	1157
-0.0426981136187199	0.488260410534648	593
-0.0465858864231801	0.917919056840804	372
-0.0453882713028699	0.491065821848087	372
-0.04648134015328	0.48998410568291	706
-0.04648134015328	0.48998410568291	211
-0.0503000792695401	0.485973419912067	612
-0.0412422299414701	0.49161470941807	1653
-0.04648134015328	0.48998410568291	291
-0.0453882713028699	0.491065821848087	291
0.0223289983433299	1.26856611262741	134
-0.04792578460344	0.485631123308653	53
-0.10694323016068	1.06434077166807	49
-0.11586133135414	1.04225249714315	49
0.10580722873955	1.11132479055677	118
-0.0453882713028699	0.491065821848087	148
-0.0450337881962599	0.489974899858239	1157
0.0570984686875899	0.784216189333434	1157
-0.10560446980901	1.07398998833094	225
-0.0450337881962599	0.489974899858239	225
0.0701513798267499	0.798112285981421	225
-0.0453882713028699	0.491065821848087	210
-0.04393854515874	0.491057209685398	624
-0.0450337881962599	0.489974899858239	2891
-0.04393854515874	0.491057209685398	87
0.07280368997465	0.801127382429996	47
0.07714819353063	0.802960629731615	134
0.0648060784522699	0.790323975763253	134
-0.04393854515874	0.491057209685398	134
-0.04648134015328	0.48998410568291	53
-0.0468348868246	0.486692367864221	116
0.07280368997465	0.801127382429996	518
-0.0401398580041299	0.492707629107706	3255
-0.04393854515874	0.491057209685398	118
-0.0468348868246	0.486692367864221	148
-0.04159792656106	0.489337286075825	118
-0.0453882713028699	0.491065821848087	225
-0.0426981136187199	0.488260410534648	372
-0.04648134015328	0.48998410568291	56
-0.0397831978713901	0.488909487893217	772
-0.04393854515874	0.491057209685398	47
-0.0397831978713901	0.488909487893217	3134
0.0227578794578101	1.2700996156068	598
-0.0453882713028699	0.491065821848087	335
0.11693446123468	1.14275356428472	15
0.11238603139603	1.12977750651922	49
-0.04727849298877	0.922305146735278	225
-0.03631941323805	0.48685860015717	1242
-0.04393854515874	0.491057209685398	1242
-0.0453882713028699	0.491065821848087	3068
-0.0517509107762599	0.485976898894524	56
0.0650023200374801	0.799635859648323	990
0.0703868441081701	0.807034365925312	191
-0.0453882713028699	0.491065821848087	2891
-0.04648134015328	0.48998410568291	210
-0.04792578460344	0.485631123308653	519
-0.04792578460344	0.485631123308653	519
-0.04159792656106	0.489337286075825	612
-0.0453882713028699	0.491065821848087	47
-0.04248569716236	0.487103907991292	47
-0.04648134015328	0.48998410568291	134
0.11691325677788	1.10793362171347	116
-0.03867863790684	0.489990587090443	118
-0.0453882713028699	0.491065821848087	118
-0.0453882713028699	0.491065821848087	95
0.0769075904867	0.797547015895299	706
-0.04792578460344	0.485631123308653	706
-0.04393854515874	0.491057209685398	706
0.0687072263488899	0.794144549178341	2891
-0.0450337881962599	0.489974899858239	210
-0.0453882713028699	0.491065821848087	210
-0.04248569716236	0.487103907991292	291
-0.04792578460344	0.485631123308653	53
0.0754547711087701	0.793844573566136	53
-0.0426840182878101	0.481869506806391	1283
0.0733839688931399	0.783370607842073	56
0.11126803928521	1.12588601824136	56
0.11441343252397	1.12837034574387	473
-0.10740635975381	1.06842724114648	2416
-0.0450337881962599	0.489974899858239	1283
0.0888934599906599	1.68678770750045	19
-0.05164123749077	0.897680960216564	47
0.02738653885765	1.28668895544531	47
0.11784814879827	1.14469395101344	1282
0.0595163419992799	0.788298487905879	116
-0.04792578460344	0.485631123308653	2416
-0.0401398580041299	0.492707629107706	22
-0.0453007591171	0.917628524383174	1283
0.00169096031847005	1.9486783134236	321
-0.11676863349186	1.04995919381634	321
-0.0132990933358099	1.92964744984397	118
-0.0453882713028699	0.491065821848087	3029
-0.0450337881962599	0.489974899858239	1283
-0.04248569716236	0.487103907991292	825
-0.04393854515874	0.491057209685398	825
-0.0450337881962599	0.489974899858239	1598
0.0714776862188999	0.800703716196944	118
0.0570984686875899	0.784216189333434	118
-0.10207189684722	1.0722665323108	118
0.0703868441081701	0.807034365925312	191
-0.0517509107762599	0.485976898894524	47
0.06761412650483	0.800352775712037	47
-0.0468348868246	0.486692367864221	53
-0.0468348868246	0.486692367864221	53
0.0690341572186399	0.790723048115292	2416
-0.04159792656106	0.489337286075825	185
0.0730404754656799	0.805716297602441	321
-0.0348497457467101	0.487505243218888	59
0.0703571845925199	0.792493458677294	118
-0.03867863790684	0.489990587090443	118
-0.0468348868246	0.486692367864221	225
-0.0401398580041299	0.492707629107706	1044
-0.05267158129615	0.909961163048385	19
-0.0453882713028699	0.491065821848087	210
-0.0450337881962599	0.489974899858239	210
-0.03867863790684	0.489990587090443	194
-0.04393854515874	0.491057209685398	270
-0.0435831175093799	0.4860389300833	519
-0.04792578460344	0.485631123308653	47
0.0660972750431901	0.793424923313814	47
-0.04393854515874	0.491057209685398	53
-0.0401398580041299	0.492707629107706	101
-0.0930875726562099	1.7138297674384	118
-0.0401398580041299	0.492707629107706	118
-0.0465029461993001	0.487589009547808	243
-0.0401398580041299	0.492707629107706	225
-0.0412422299414701	0.49161470941807	112
-0.04393854515874	0.491057209685398	211
-0.0412422299414701	0.49161470941807	211
0.11540893406087	1.124944383722	971
-0.0468348868246	0.486692367864221	1930
-0.0401398580041299	0.492707629107706	210
-0.04648134015328	0.48998410568291	444
-0.0468348868246	0.486692367864221	210
-0.0401398580041299	0.492707629107706	47
-0.04393854515874	0.491057209685398	693
-0.04159792656106	0.489337286075825	693
-0.0468348868246	0.486692367864221	47
-0.0468348868246	0.486692367864221	53
-0.0412422299414701	0.49161470941807	53
-0.0450337881962599	0.489974899858239	53
-0.0517509107762599	0.485976898894524	276
-0.0412422299414701	0.49161470941807	276
-0.0412422299414701	0.49161470941807	276
-0.0468348868246	0.486692367864221	757
-0.0412422299414701	0.49161470941807	59
-0.0412422299414701	0.49161470941807	118
-0.0450337881962599	0.489974899858239	1044
-0.04648134015328	0.48998410568291	211
0.0291613840087701	1.81701086433424	210
-0.0435831175093799	0.4860389300833	33
-0.0503000792695401	0.485973419912067	33
-0.0401398580041299	0.492707629107706	704
-0.04393854515874	0.491057209685398	210
-0.0412422299414701	0.49161470941807	47
-0.04648134015328	0.48998410568291	693
-0.04393854515874	0.491057209685398	101
-0.0453882713028699	0.491065821848087	1410
-0.0435831175093799	0.4860389300833	59
-0.0348497457467101	0.487505243218888	472
-0.0453882713028699	0.491065821848087	252
-0.0468348868246	0.486692367864221	2698
-0.0412422299414701	0.49161470941807	19
-0.0450337881962599	0.489974899858239	211
-0.0453882713028699	0.491065821848087	33
-0.03867863790684	0.489990587090443	2505
-0.04393854515874	0.491057209685398	444
-0.04393854515874	0.491057209685398	704
0.12005501177901	1.12091770092072	47
-0.04393854515874	0.491057209685398	188
-0.0450337881962599	0.489974899858239	101
-0.04599496688161	0.92465607668814	276
-0.0453882713028699	0.491065821848087	276
-0.04159792656106	0.489337286075825	1410
-0.04393854515874	0.491057209685398	243
-0.0517509107762599	0.485976898894524	472
-0.04648134015328	0.48998410568291	252
-0.0453882713028699	0.491065821848087	252
-0.0453882713028699	0.491065821848087	211
0.0662551419060999	0.796008569427114	33
-0.0465029461993001	0.487589009547808	47
-0.0435831175093799	0.4860389300833	188
-0.04248569716236	0.487103907991292	53
-0.04248569716236	0.487103907991292	101
-0.0465029461993001	0.487589009547808	1010
-0.0426981136187199	0.488260410534648	2473
-0.03867863790684	0.489990587090443	243
-0.04393854515874	0.491057209685398	118
-0.04393854515874	0.491057209685398	1347
0.0626134586467499	0.787358483162585	252
-0.0401398580041299	0.492707629107706	589
-0.0531986137434599	0.481686443078168	867
-0.0453882713028699	0.491065821848087	211
-0.04393854515874	0.491057209685398	404
-0.0401398580041299	0.492707629107706	191
0.07026594827711	0.791881320739229	194
-0.0435831175093799	0.4860389300833	33
-0.0453882713028699	0.491065821848087	33
-0.0412422299414701	0.49161470941807	298
-0.0517509107762599	0.485976898894524	47
-0.0453882713028699	0.491065821848087	972
-0.0397831978713901	0.488909487893217	972
-0.0453882713028699	0.491065821848087	47
-0.0468348868246	0.486692367864221	53
-0.04393854515874	0.491057209685398	47
-0.11340003200915	1.82219069393701	49
-0.04648134015328	0.48998410568291	276
-0.0453882713028699	0.491065821848087	276
0.08234573582386	0.789840481657458	2473
-0.0453882713028699	0.491065821848087	225
-0.04648134015328	0.48998410568291	589
0.07142228436155	1.64663308225467	194
-0.0450405677986001	0.484932859758814	1425
-0.0468348868246	0.486692367864221	210
-0.04393854515874	0.491057209685398	47
-0.03596148207418	0.486432467057371	243
-0.03631941323805	0.48685860015717	118
-0.04648134015328	0.48998410568291	225
0.07473350741888	0.794587624378978	191
-0.04159792656106	0.489337286075825	191
-0.0374289507290699	0.48578937094864	194
-0.0412422299414701	0.49161470941807	210
0.0739924586779199	1.64086669809997	49
-0.0465029461993001	0.487589009547808	276
-0.0517509107762599	0.485976898894524	1328
0.0701513798267499	0.798112285981421	1347
-0.0531986137434599	0.481686443078168	512
-0.0412422299414701	0.49161470941807	19
-0.0453882713028699	0.491065821848087	211
-0.04648134015328	0.48998410568291	211
-0.0397831978713901	0.488909487893217	1745
0.11784814879827	1.14469395101344	33
-0.0412422299414701	0.49161470941807	47
-0.0503000792695401	0.485973419912067	59
-0.0426981136187199	0.488260410534648	59
-0.03867863790684	0.489990587090443	1347
-0.04159792656106	0.489337286075825	225
-0.0468348868246	0.486692367864221	211
-0.0450337881962599	0.489974899858239	191
-0.04792578460344	0.485631123308653	191
-0.04648134015328	0.48998410568291	3390
-0.04393854515874	0.491057209685398	47
0.0717138128511201	0.807457867769169	188
-0.04159792656106	0.489337286075825	101
-0.04787775350157	0.912221818065738	321
-0.04393854515874	0.491057209685398	276
-0.0348497457467101	0.487505243218888	276
-0.04159792656106	0.489337286075825	118
-0.0426981136187199	0.488260410534648	1010
-0.0468348868246	0.486692367864221	1010
-0.0517509107762599	0.485976898894524	243
0.06629393122933	0.800830556955224	1347
-0.04393854515874	0.491057209685398	1379
0.06629393122933	0.800830556955224	191
0.0730404754656799	0.805716297602441	191
-0.0412422299414701	0.49161470941807	191
-0.0374289507290699	0.48578937094864	33
0.07167987648167	0.791717792827938	47
-0.04393854515874	0.491057209685398	101
-0.0441079972237699	0.918202907355338	101
-0.04248569716236	0.487103907991292	219
-0.0531986137434599	0.481686443078168	321
-0.0453882713028699	0.491065821848087	49
-0.04393854515874	0.491057209685398	276
-0.04393854515874	0.491057209685398	243
-0.05267158129615	0.909961163048385	1347
0.0673879387471601	0.794603309712501	472
-0.0401398580041299	0.492707629107706	472
-0.04648134015328	0.48998410568291	191
-0.0453882713028699	0.491065821848087	1885
-0.0450337881962599	0.489974899858239	1885
-0.0412422299414701	0.49161470941807	210
-0.03867863790684	0.489990587090443	3390
-0.04393854515874	0.491057209685398	47
-0.0453882713028699	0.491065821848087	716
-0.04159792656106	0.489337286075825	101
-0.0412422299414701	0.49161470941807	22
0.0679669568919701	0.795117762229217	321
-0.0412422299414701	0.49161470941807	321
-0.04882315227301	0.914045202636107	276
-0.0503000792695401	0.485973419912067	243
-0.0401398580041299	0.492707629107706	472
-0.04393854515874	0.491057209685398	1379
0.0714776862188999	0.800703716196944	191
-0.0517509107762599	0.485976898894524	191
-0.0435831175093799	0.4860389300833	33
-0.04648134015328	0.48998410568291	33
-0.05962790569588	1.59761623329684	33
-0.04248569716236	0.487103907991292	3390
-0.0450337881962599	0.489974899858239	47
-0.0545428425299399	0.910411715503773	12
-0.0450337881962599	0.489974899858239	2068
-0.04248569716236	0.487103907991292	101
0.06629393122933	0.800830556955224	219
-0.0397831978713901	0.488909487893217	59
-0.04393854515874	0.491057209685398	243
0.0679669568919701	0.795117762229217	1347
0.0529588756311401	0.772512432230224	1347
-0.0453882713028699	0.491065821848087	472
0.0717138128511201	0.807457867769169	112
-0.03867863790684	0.489990587090443	33
-0.0412422299414701	0.49161470941807	444
0.07582095063623	0.803772600889529	47
-0.0468348868246	0.486692367864221	1273
0.0701513798267499	0.798112285981421	2429
-0.0401398580041299	0.492707629107706	243
-0.04159792656106	0.489337286075825	472
-0.0450337881962599	0.489974899858239	191
-0.10078662243103	1.07247368952632	713
-0.03631941323805	0.48685860015717	444
-0.0468348868246	0.486692367864221	298
-0.04648134015328	0.48998410568291	1769
-0.0517509107762599	0.485976898894524	219
-0.0453882713028699	0.491065821848087	1665
-0.04648134015328	0.48998410568291	1347
-0.0426981136187199	0.488260410534648	472
-0.0435831175093799	0.4860389300833	404
-0.04792578460344	0.485631123308653	191
-0.0435831175093799	0.4860389300833	444
-0.04727849298877	0.922305146735278	12
-0.0517509107762599	0.485976898894524	101
-0.04393854515874	0.491057209685398	101
-0.0401398580041299	0.492707629107706	185
-0.0318829546589901	1.44891589515809	2163
-0.0453882713028699	0.491065821848087	2163
-0.0468348868246	0.486692367864221	118
0.0688247753909299	0.791345125916077	59
-0.0453882713028699	0.491065821848087	243
-0.04159792656106	0.489337286075825	243
-0.04159792656106	0.489337286075825	404
-0.0397831978713901	0.488909487893217	404
-0.0468348868246	0.486692367864221	2981
-0.03867863790684	0.489990587090443	47
0.0662551419060999	0.796008569427114	47
-0.03867863790684	0.489990587090443	47
-0.0402518243860399	0.923437913170731	101
-0.04393854515874	0.491057209685398	101
-0.04648134015328	0.48998410568291	931
-0.10383762719152	1.06884512345608	1580
0.11876127548988	1.13372316181811	49
-0.07266719884763	2.25565948727781	49
-0.04648134015328	0.48998410568291	1665
0.0648060784522699	0.790323975763253	1183
-0.04159792656106	0.489337286075825	472
-0.0450337881962599	0.489974899858239	589
-0.0426981136187199	0.488260410534648	1537
-0.03867863790684	0.489990587090443	2266
-0.04393854515874	0.491057209685398	404
-0.04648134015328	0.48998410568291	404
0.0648060784522699	0.790323975763253	2830
0.11602021213337	1.12873652048082	713
-0.0426981136187199	0.488260410534648	256
0.06493266273026	0.795584214388428	1273
-0.0412422299414701	0.49161470941807	77
-0.0453882713028699	0.491065821848087	243
-0.04884610787864	0.482105241849398	243
-0.0426981136187199	0.488260410534648	589
-0.0401398580041299	0.492707629107706	58
0.07606172191292	0.793812889182763	33
-0.0450337881962599	0.489974899858239	444
0.06905957384716	0.80439629318691	256
-0.0465029461993001	0.487589009547808	47
-0.0453882713028699	0.491065821848087	1273
-0.0401398580041299	0.492707629107706	935
-0.04159792656106	0.489337286075825	243
0.0241706028930699	1.28859064298788	77
-0.0503000792695401	0.485973419912067	472
-0.03631941323805	0.48685860015717	2266
-0.0401398580041299	0.492707629107706	191
-0.04792578460344	0.485631123308653	33
-0.0426981136187199	0.488260410534648	33
-0.0517509107762599	0.485976898894524	210
-0.0453882713028699	0.491065821848087	657
-0.04159792656106	0.489337286075825	185
-0.0453882713028699	0.491065821848087	129
-0.03631941323805	0.48685860015717	243
-0.0517509107762599	0.485976898894524	243
-0.0412422299414701	0.49161470941807	561
-0.04648134015328	0.48998410568291	33
-0.0468348868246	0.486692367864221	210
-0.04648134015328	0.48998410568291	210
-0.0976302079481299	1.07493985445436	210
-0.04648134015328	0.48998410568291	47
-0.05351590696495	0.90506573855407	321
-0.04393854515874	0.491057209685398	77
0.0635143545296699	0.783250075911372	541
-0.0412422299414701	0.49161470941807	58
0.06929519244363	0.797697255741726	33
-0.04648134015328	0.48998410568291	2349
-0.0412422299414701	0.49161470941807	2349
-0.0453882713028699	0.491065821848087	457
-0.0401398580041299	0.492707629107706	1301
-0.04792578460344	0.485631123308653	444
-0.0503000792695401	0.485973419912067	444
-0.04648134015328	0.48998410568291	1461
-0.04648134015328	0.48998410568291	12
-0.04248569716236	0.487103907991292	47
-0.0453882713028699	0.491065821848087	129
-0.0412422299414701	0.49161470941807	129
-0.0453882713028699	0.491065821848087	77
-0.04393854515874	0.491057209685398	77
-0.0453882713028699	0.491065821848087	472
0.06929519244363	0.797697255741726	472
-0.0468348868246	0.486692367864221	1537
-0.0401398580041299	0.492707629107706	2104
-0.03099884217891	0.480426944421937	205
0.0651991094415301	0.791620042971659	19
-0.0412422299414701	0.49161470941807	58
-0.0453882713028699	0.491065821848087	33
-0.03867863790684	0.489990587090443	210
-0.04248569716236	0.487103907991292	86
-0.00989516815392011	1.93279073508053	185
-0.0453882713028699	0.491065821848087	129
-0.01997423132612	1.46195386966811	77
-0.0453882713028699	0.491065821848087	77
0.06629393122933	0.800830556955224	243
-0.0412422299414701	0.49161470941807	472
0.0595163419992799	0.788298487905879	472
-0.0450337881962599	0.489974899858239	472
-0.0468348868246	0.486692367864221	2104
-0.0412422299414701	0.49161470941807	3355
0.0687072263488899	0.794144549178341	3355
-0.03596148207418	0.486432467057371	33
-0.03867863790684	0.489990587090443	457
-0.0453882713028699	0.491065821848087	86
-0.0450337881962599	0.489974899858239	47
0.0777355764776999	1.6420149577955	47
-0.0453882713028699	0.491065821848087	556
-0.04393854515874	0.491057209685398	931
0.0842997922058799	1.68910416419933	321
-0.0646098047335699	2.12668836201395	49
-0.0453882713028699	0.491065821848087	129
0.06493266273026	0.795584214388428	129
-0.04648134015328	0.48998410568291	77
-0.04159792656106	0.489337286075825	77
-0.04393854515874	0.491057209685398	77
-0.02191257136711	1.46022772621535	77
-0.0517509107762599	0.485976898894524	472
-0.0401398580041299	0.492707629107706	472
-0.0517509107762599	0.485976898894524	472
-0.0468348868246	0.486692367864221	472
-0.0426981136187199	0.488260410534648	2104
-0.0450337881962599	0.489974899858239	58
-0.0453882713028699	0.491065821848087	2840
0.0382008340672699	1.29764535762193	33
-0.04648134015328	0.48998410568291	86
-0.04648134015328	0.48998410568291	47
-0.04393854515874	0.491057209685398	47
-0.04648134015328	0.48998410568291	11
-0.0453007591171	0.917628524383174	185
-0.0426981136187199	0.488260410534648	185
-0.04393854515874	0.491057209685398	129
-0.0479621547610301	0.484281434940963	77
-0.0453882713028699	0.491065821848087	472
-0.0531986137434599	0.481686443078168	472
-0.0348497457467101	0.487505243218888	541
-0.03631941323805	0.48685860015717	58
-0.04248569716236	0.487103907991292	58
-0.03867863790684	0.489990587090443	33
-0.06527896868465	1.58736458100685	33
-0.04393854515874	0.491057209685398	611
0.06629393122933	0.800830556955224	185
-0.0468348868246	0.486692367864221	185
-0.0453882713028699	0.491065821848087	185
0.07714819353063	0.802960629731615	2231
0.07582095063623	0.803772600889529	129
-0.0453882713028699	0.491065821848087	77
0.0648060784522699	0.790323975763253	77
0.0584219599332101	0.787317172029354	77
-0.0401398580041299	0.492707629107706	1718
-0.03867863790684	0.489990587090443	541
-0.0426981136187199	0.488260410534648	261
-0.04393854515874	0.491057209685398	210
0.07370380830854	2.13991361667423	256
-0.04792578460344	0.485631123308653	256
-0.04648134015328	0.48998410568291	256
-0.04648134015328	0.48998410568291	1207
0.0743668273220499	0.800000659186269	1207
-0.0412422299414701	0.49161470941807	35
-0.0517509107762599	0.485976898894524	47
-0.0993892340301801	1.07773170812346	49
-0.0523334516234399	0.911219653929393	77
-0.10565046346021	1.07151943966091	77
-0.0479621547610301	0.484281434940963	19
0.0662551419060999	0.796008569427114	694
-0.0971638391829599	1.06768085680088	205
0.0717138128511201	0.807457867769169	261
-0.0412422299414701	0.49161470941807	58
-0.0401398580041299	0.492707629107706	611
-0.04393854515874	0.491057209685398	457
-0.0503000792695401	0.485973419912067	457
-0.0453882713028699	0.491065821848087	457
-0.03631941323805	0.48685860015717	2601
-0.04393854515874	0.491057209685398	256
-0.04792578460344	0.485631123308653	35
-0.0401398580041299	0.492707629107706	86
-0.04648134015328	0.48998410568291	86
-0.04393854515874	0.491057209685398	86
-0.0412422299414701	0.49161470941807	86
-0.0503000792695401	0.485973419912067	1205
0.06794727744892	0.789750456823628	129
0.06929519244363	0.797697255741726	2592
0.0662551419060999	0.796008569427114	77
0.0651991094415301	0.791620042971659	77
-0.0412422299414701	0.49161470941807	2161
0.11016014579646	1.12554738915833	213
-0.0453882713028699	0.491065821848087	694
0.06761412650483	0.800352775712037	694
0.11733481824303	1.12854572843994	58
-0.03867863790684	0.489990587090443	611
0.06894018726966	0.797991249064816	256
-0.0450337881962599	0.489974899858239	86
0.06629393122933	0.800830556955224	86
0.11693446123468	1.14275356428472	47
0.06629393122933	0.800830556955224	47
-0.0453882713028699	0.491065821848087	22
0.0707364970086499	1.65323471818178	77
-0.0871747393324	1.74089155438005	472
0.0418110206295199	1.30019680872888	210
-0.0450337881962599	0.489974899858239	400
-0.0435831175093799	0.4860389300833	400
0.0675798131269501	2.10065949938636	19
-0.10960187561095	1.06012100802629	65
0.0264327275787599	1.81520385866414	256
-0.0591246151657801	1.61722319491198	47
-0.03243499190636	2.05804400596756	210
-0.04648134015328	0.48998410568291	400
-0.0469360618938901	0.923041358497123	185
-0.0517509107762599	0.485976898894524	1691
0.11744904738849	1.13210289728318	35
-0.11810605280781	1.04533775802382	11
-0.0435831175093799	0.4860389300833	400
-0.0348497457467101	0.487505243218888	77
-0.1042640225063	1.07483586979764	58
-0.10518696413951	1.06051614271561	108
-0.0573659117799099	0.905388234124268	47
-0.04792578460344	0.485631123308653	47
-0.04248569716236	0.487103907991292	11
0.11592372430803	1.11891853518992	185
-0.0397831978713901	0.488909487893217	185
-0.0468348868246	0.486692367864221	185
-0.04648134015328	0.48998410568291	400
-0.04393854515874	0.491057209685398	1691
0.12199486311961	1.14588462773785	269
-0.11588270331892	1.04191574777189	72
-0.0453882713028699	0.491065821848087	918
-0.04792578460344	0.485631123308653	918
-0.0450337881962599	0.489974899858239	200
-0.0426981136187199	0.488260410534648	35
0.0285146325594801	1.2944127302898	210
-0.0450337881962599	0.489974899858239	35
-0.0402518243860399	0.923437913170731	47
-0.0453882713028699	0.491065821848087	47
-0.0435831175093799	0.4860389300833	76
-0.0517509107762599	0.485976898894524	801
-0.0465029461993001	0.487589009547808	474
0.02235582901985	1.80647643896492	129
-0.0531986137434599	0.481686443078168	129
-0.04792578460344	0.485631123308653	1474
0.10501757700406	1.10762228913282	58
-0.0234664701681899	1.4431902137255	47
-0.0348497457467101	0.487505243218888	47
-0.04393854515874	0.491057209685398	47
-0.04884610787864	0.482105241849398	47
-0.04648134015328	0.48998410568291	76
-0.0426981136187199	0.488260410534648	400
0.12108255309914	1.14394989801968	1474
-0.0453882713028699	0.491065821848087	261
-0.0713454996201299	1.57840821836786	58
0.02831750111597	1.79961791363761	58
0.0703868441081701	0.807034365925312	210
-0.0631162169195501	1.6127138430712	35
-0.0561314403738999	1.60294469414721	47
0.0843685394832501	1.65061144874798	47
-0.0465029461993001	0.487589009547808	400
-0.0453882713028699	0.491065821848087	1691
-0.0531986137434599	0.481686443078168	1691
-0.0453882713028699	0.491065821848087	77
-0.11636897511314	1.80423646831244	58
0.03169676675096	1.28566691689932	58
0.0247589426959201	1.77833602484864	33
-0.0531986137434599	0.481686443078168	1738
-0.0348497457467101	0.487505243218888	35
-0.0320268365535501	0.912974230132617	47
-0.11404358225294	1.03900710744277	185
0.06761412650483	0.800352775712037	571
-0.0288764235468399	0.905993579629812	129
0.07412938648184	0.799431649536959	77
-0.11138960640694	1.05469816567056	649
0.03074892489012	1.29485305072554	58
-0.0348497457467101	0.487505243218888	35
-0.0412422299414701	0.49161470941807	35
-0.0484687829347299	0.91103937215234	12
-0.05010645561376	0.914136723856593	108
0.05974514847552	0.78851565291543	108
0.0687072263488899	0.794144549178341	47
0.11055455321052	1.11419796596268	185
-0.0453882713028699	0.491065821848087	571
0.0703868441081701	0.807034365925312	77
-0.04248569716236	0.487103907991292	1299
-0.0517509107762599	0.485976898894524	45
-0.0476196289928801	0.909750901287681	77
-0.0453882713028699	0.491065821848087	77
-0.0435831175093799	0.4860389300833	189
0.0769075904867	0.797547015895299	58
-0.04393854515874	0.491057209685398	58
-0.11048615091008	1.05583437171443	200
-0.0426981136187199	0.488260410534648	35
-0.0504456792974399	0.904790392491281	603
-0.04792578460344	0.485631123308653	185
0.10237687829887	1.09613376377345	77
0.0651991094415301	0.791620042971659	77
-0.04787053985741	0.916274823051588	58
0.0687072263488899	0.794144549178341	58
-0.0566798345667701	0.896721496904172	58
0.06761412650483	0.800352775712037	58
0.0755809993940499	0.79576600509465	35
-0.01457447223756	1.46454409461275	35
-0.0479621547610301	0.484281434940963	86
-0.0453882713028699	0.491065821848087	185
-0.0453882713028699	0.491065821848087	185
-0.0401398580041299	0.492707629107706	1670
-0.0468348868246	0.486692367864221	1670
0.07425409460071	0.789653166813344	45
0.06246969327167	0.775010588232029	1422
-0.03867863790684	0.489990587090443	649
-0.04648134015328	0.48998410568291	494
-0.0401398580041299	0.492707629107706	494
-0.04393854515874	0.491057209685398	494
0.11461173557159	1.11980326972245	58
-0.0450337881962599	0.489974899858239	1651
-0.11816011382765	1.04152471370339	33
0.11840410823185	2.03442209753218	33
-0.0450337881962599	0.489974899858239	35
-0.0412422299414701	0.49161470941807	35
-0.0348497457467101	0.487505243218888	35
-0.04393854515874	0.491057209685398	108
-0.0494077553332399	0.916745201046687	86
-0.04792578460344	0.485631123308653	47
0.06905957384716	0.80439629318691	47
-0.0517509107762599	0.485976898894524	47
0.0703868441081701	0.807034365925312	47
-0.0435831175093799	0.4860389300833	11
-0.0450337881962599	0.489974899858239	421
-0.0479621547610301	0.484281434940963	77
0.0662551419060999	0.796008569427114	45
0.0262814404337699	1.28534591383754	665
-0.04393854515874	0.491057209685398	665
-0.0456513455168199	0.923679325795707	200
-0.04393854515874	0.491057209685398	35
-0.0401398580041299	0.492707629107706	86
-0.04393854515874	0.491057209685398	129
-0.04393854515874	0.491057209685398	77
-0.0435831175093799	0.4860389300833	77
-0.04792578460344	0.485631123308653	77
-0.0450337881962599	0.489974899858239	77
-0.0465029461993001	0.487589009547808	1099
-0.0517509107762599	0.485976898894524	649
-0.0412422299414701	0.49161470941807	649
-0.04648134015328	0.48998410568291	72
-0.0401398580041299	0.492707629107706	72
-0.04393854515874	0.491057209685398	665
-0.0465029461993001	0.487589009547808	58
-0.0453882713028699	0.491065821848087	310
-0.0450337881962599	0.489974899858239	35
-0.04159792656106	0.489337286075825	35
0.0666384255300001	0.788391410782668	129
-0.0468348868246	0.486692367864221	77
-0.0531986137434599	0.481686443078168	649
-0.04159792656106	0.489337286075825	72
-0.0465029461993001	0.487589009547808	665
-0.0503000792695401	0.485973419912067	1651
-0.0517509107762599	0.485976898894524	35
-0.04648134015328	0.48998410568291	47
0.06516596550042	0.795022296079777	199
-0.03277482694715	1.41076109289938	185
-0.0468348868246	0.486692367864221	185
-0.0450337881962599	0.489974899858239	129
0.07582095063623	0.803772600889529	129
-0.03631941323805	0.48685860015717	77
-0.04393854515874	0.491057209685398	77
-0.04159792656106	0.489337286075825	310
-0.0517509107762599	0.485976898894524	310
-0.04648134015328	0.48998410568291	108
-0.04648134015328	0.48998410568291	77
-0.0401398580041299	0.492707629107706	77
-0.0453882713028699	0.491065821848087	213
-0.0450405677986001	0.484932859758814	665
-0.0468348868246	0.486692367864221	665
-0.0449702909195799	0.901338548996567	58
-0.0450337881962599	0.489974899858239	200
-0.03596148207418	0.486432467057371	310
-0.0453882713028699	0.491065821848087	35
-0.04159792656106	0.489337286075825	35
-0.0426840182878101	0.481869506806391	35
-0.0517509107762599	0.485976898894524	35
-0.04393854515874	0.491057209685398	1648
-0.0453882713028699	0.491065821848087	1648
-0.0517509107762599	0.485976898894524	86
-0.0450337881962599	0.489974899858239	47
-0.0374289507290699	0.48578937094864	1670
-0.0435831175093799	0.4860389300833	129
0.10672411400296	1.12142816619171	77
-0.10560446980901	1.07398998833094	494
-0.05958884820419	0.890326257345429	665
0.0673879387471601	0.794603309712501	2805
-0.0361386618572099	0.919780836846218	58
-0.0531986137434599	0.481686443078168	58
-0.01808906977527	1.4662906599216	200
-0.04159792656106	0.489337286075825	886
-0.05770404060749	0.897029947596535	200
0.0754547711087701	0.793844573566136	310
-0.04792578460344	0.485631123308653	35
0.10410045091964	1.11500183988587	35
0.06629393122933	0.800830556955224	35
0.0325946943517701	1.29429482111284	35
-0.0397831978713901	0.488909487893217	86
-0.1042640225063	1.07483586979764	1383
0.0241099119232799	1.27428436195443	47
0.0738096821546199	1.61894352967893	356
-0.110554776274	1.05753942550784	47
-0.04393854515874	0.491057209685398	835
0.0784023953267601	1.65188975150681	129
-0.06588253308654	1.5860877064544	129
0.11409496673419	1.1276538065446	77
0.11461173557159	1.11980326972245	19
0.07425409460071	0.789653166813344	72
0.0595163419992799	0.788298487905879	72
-0.10348148355053	1.06389667426306	72
0.11461173557159	1.11980326972245	213
-0.0491547184327099	0.912416094166212	213
0.11562143327275	1.14111153594545	665
0.11339453083781	1.12357245128754	205
-0.11182312566579	1.05430326471985	58
-0.05395340188344	0.905175761708426	310
-0.0412422299414701	0.49161470941807	621
-0.03557243304728	1.43092877424236	35
-0.04648134015328	0.48998410568291	86
-0.0611182369953101	1.56876709401862	47
-0.0397831978713901	0.488909487893217	835
-0.0401398580041299	0.492707629107706	11
-0.04648134015328	0.48998410568291	801
-0.0453882713028699	0.491065821848087	76
-0.0401398580041299	0.492707629107706	532
0.11706763876947	2.02907543754283	129
0.0475097283127299	1.83293015187458	129
-0.10740635975381	1.06842724114648	129
-0.10828026352531	1.06726955112006	77
-0.10871812016213	1.05920878149383	77
-0.03310249473088	1.42894038966276	77
0.10541169278347	1.11911141476561	86
-0.05104994141012	0.91254510534318	47
-0.10651384138231	1.05647080563224	47
-0.0450337881962599	0.489974899858239	835
-0.0468348868246	0.486692367864221	11
-0.0426981136187199	0.488260410534648	801
-0.0517509107762599	0.485976898894524	801
-0.0517509107762599	0.485976898894524	801
-0.0412422299414701	0.49161470941807	737
-0.04153769492717	0.923739548640697	77
-0.02541876613836	1.45165730517906	77
-0.09892737117011	1.07864936731484	77
0.0271184098913599	1.82136186012796	77
0.03946195059088	1.28686380319887	494
-0.0548849087680201	1.61242893784524	72
0.0390764506910399	1.30308874594219	205
-0.0510358675050899	0.911415024923888	58
-0.01402876441047	1.46809818777341	35
0.02763785020539	1.28898473194647	35
-0.04393854515874	0.491057209685398	35
0.09441851879833	1.67958723375723	108
-0.10157801045508	1.07150658124256	356
-0.0450337881962599	0.489974899858239	801
-0.04648134015328	0.48998410568291	400
-0.04153769492717	0.923739548640697	77
-0.12020062690442	1.23510105013488	77
0.0874605789821901	1.68776816943488	77
0.06516596550042	0.795022296079777	269
0.0714776862188999	0.800703716196944	494
0.0714776862188999	0.800703716196944	72
0.11309765790088	1.12855825632998	200
0.07823386320572	0.796760919939203	200
0.06629393122933	0.800830556955224	35
0.0730404754656799	0.805716297602441	35
0.10519944209269	1.1080437086038	108
-0.10295450275982	1.07321225942324	108
0.10106082604498	1.09542756142332	1383
-0.0397831978713901	0.488909487893217	356
-0.09322719468005	1.06208450271832	77
-0.05831003197701	0.897564909781328	77
-0.0465858864231801	0.917919056840804	77
-0.11182312566579	1.05430326471985	649
0.0769075904867	0.797547015895299	846
-0.04159792656106	0.489337286075825	200
0.0660972750431901	0.793424923313814	35
-0.03596148207418	0.486432467057371	108
-0.0415460085208701	0.90777156291432	344
-0.0453882713028699	0.491065821848087	1644
0.07425409460071	0.789653166813344	77
0.0714776862188999	0.800703716196944	494
-0.04393854515874	0.491057209685398	72
-0.04727849298877	0.922305146735278	200
0.0373976921310999	1.29967485195632	200
-0.04248569716236	0.487103907991292	35
-0.0453882713028699	0.491065821848087	35
-0.0412422299414701	0.49161470941807	35
-0.0450405677986001	0.484932859758814	35
-0.04648134015328	0.48998410568291	621
0.0703868441081701	0.807034365925312	35
-0.04393854515874	0.491057209685398	35
-0.0435831175093799	0.4860389300833	218
-0.04159792656106	0.489337286075825	108
0.02193059000135	1.2830649708935	1383
-0.0548849087680201	1.61242893784524	344
-0.04648134015328	0.48998410568291	1040
-0.0453882713028699	0.491065821848087	3148
0.0294792369522301	1.2747541338947	129
0.07606172191292	0.793812889182763	77
0.11278218061529	1.12857138361978	77
0.0216080116638999	1.27317959578065	77
-0.0426981136187199	0.488260410534648	72
0.0610680297244	0.788072196378192	58
-0.0519762629874601	0.917146096891362	58
-0.0401398580041299	0.492707629107706	58
0.02561296950561	1.27175666874892	35
-0.04159792656106	0.489337286075825	35
-0.11060170632954	1.04546952107803	35
0.0651991094415301	0.791620042971659	574
0.0244836875255701	1.27736965259468	199
-0.0453882713028699	0.491065821848087	199
-0.04159792656106	0.489337286075825	400
-0.0412422299414701	0.49161470941807	2017
-0.0412422299414701	0.49161470941807	129
0.07280368997465	0.801127382429996	1644
-0.04693257238919	0.910587449483483	129
-0.0491547184327099	0.912416094166212	77
0.0239774466020299	1.25995334961107	269
-0.04792578460344	0.485631123308653	77
0.0660972750431901	0.793424923313814	494
-0.0517509107762599	0.485976898894524	72
-0.0437711579548601	0.917048601837963	72
-0.0437711579548601	0.917048601837963	200
0.11238603139603	1.12977750651922	200
-0.0453882713028699	0.491065821848087	35
-0.04393854515874	0.491057209685398	356
-0.0401398580041299	0.492707629107706	47
-0.0426981136187199	0.488260410534648	199
-0.04648134015328	0.48998410568291	3280
-0.0435831175093799	0.4860389300833	3381
-0.0306851458036099	1.43171267332612	129
0.0636098640576399	0.793010187764851	2973
-0.0348497457467101	0.487505243218888	45
-0.04648134015328	0.48998410568291	1309
-0.0453882713028699	0.491065821848087	72
-0.0453882713028699	0.491065821848087	205
-0.04159792656106	0.489337286075825	35
-0.0465029461993001	0.487589009547808	35
-0.0401398580041299	0.492707629107706	35
0.07449339049613	0.801962693736397	621
-0.0453882713028699	0.491065821848087	621
0.06629393122933	0.800830556955224	621
-0.0503000792695401	0.485973419912067	621
-0.04159792656106	0.489337286075825	35
-0.04792578460344	0.485631123308653	574
-0.0517509107762599	0.485976898894524	574
-0.0435831175093799	0.4860389300833	108
-0.04248569716236	0.487103907991292	356
0.06371017708573	0.796477488281912	344
-0.04248569716236	0.487103907991292	47
-0.0426981136187199	0.488260410534648	77
0.0703868441081701	0.807034365925312	192
0.07449339049613	0.801962693736397	77
-0.04727849298877	0.922305146735278	269
-0.04792578460344	0.485631123308653	494
-0.0468348868246	0.486692367864221	72
-0.0453882713028699	0.491065821848087	213
0.0784755381636499	1.68345508928582	205
-0.04159792656106	0.489337286075825	205
-0.04393854515874	0.491057209685398	2354
-0.04159792656106	0.489337286075825	2354
-0.04792578460344	0.485631123308653	2354
0.0814258552137599	1.66257946941064	200
-0.05104994141012	0.91254510534318	35
-0.0401398580041299	0.492707629107706	35
-0.0401398580041299	0.492707629107706	621
0.11481667152975	1.13387202999575	35
-0.0397831978713901	0.488909487893217	2848
-0.0401398580041299	0.492707629107706	2414
-0.04648134015328	0.48998410568291	108
-0.0450337881962599	0.489974899858239	356
0.0703868441081701	0.807034365925312	344
-0.04648134015328	0.48998410568291	1749
-0.11278090341709	1.06159766663723	2973
-0.04787053985741	0.916274823051588	2973
-0.0469360618938901	0.923041358497123	77
-0.04248569716236	0.487103907991292	494
-0.0468348868246	0.486692367864221	494
0.06493266273026	0.795584214388428	72
-0.0943442564043599	1.72524188376725	205
0.07449339049613	0.801962693736397	58
-0.04792578460344	0.485631123308653	58
-0.0468348868246	0.486692367864221	58
-0.11009705169716	1.06831130270395	200
-0.10737982830591	1.0593589781717	35
0.0650023200374801	0.799635859648323	723
-0.05034732159786	0.90876988488863	35
-0.0598257723328599	1.59222106705079	912
-0.03867863790684	0.489990587090443	1259
-0.0453882713028699	0.491065821848087	76
-0.0401398580041299	0.492707629107706	1980
-0.0503000792695401	0.485973419912067	129
-0.0437711579548601	0.917048601837963	129
0.06493266273026	0.795584214388428	2973
-0.0401398580041299	0.492707629107706	129
-0.0412422299414701	0.49161470941807	129
-0.0453882713028699	0.491065821848087	77
-0.0401398580041299	0.492707629107706	77
-0.04159792656106	0.489337286075825	77
0.07714819353063	0.802960629731615	1631
-0.04648134015328	0.48998410568291	1631
-0.03867863790684	0.489990587090443	205
-0.0401398580041299	0.492707629107706	58
-0.04648134015328	0.48998410568291	58
-0.0374289507290699	0.48578937094864	751
-0.0401398580041299	0.492707629107706	751
-0.11186833302137	1.05577296575058	751
-0.01595950125698	1.44882839573555	200
0.0687072263488899	0.794144549178341	35
-0.0412422299414701	0.49161470941807	723
-0.0441079972237699	0.918202907355338	35
-0.04393854515874	0.491057209685398	574
-0.0397831978713901	0.488909487893217	2414
-0.04393854515874	0.491057209685398	1259
-0.0453882713028699	0.491065821848087	356
-0.0397831978713901	0.488909487893217	356
0.0673879387471601	0.794603309712501	47
-0.0412422299414701	0.49161470941807	47
-0.0468348868246	0.486692367864221	1040
0.0786073914001899	0.789985061097611	2973
-0.0450405677986001	0.484932859758814	129
-0.04648134015328	0.48998410568291	129
-0.0426981136187199	0.488260410534648	793
-0.0531986137434599	0.481686443078168	269
-0.0479621547610301	0.484281434940963	72
-0.04393854515874	0.491057209685398	72
-0.0401398580041299	0.492707629107706	1312
-0.04393854515874	0.491057209685398	205
-0.04159792656106	0.489337286075825	58
0.0675772969134201	0.794331052216231	58
-0.0348497457467101	0.487505243218888	1867
-0.04248569716236	0.487103907991292	35
-0.0426981136187199	0.488260410534648	35
0.0399515577090599	1.30173574353108	108
-0.04792578460344	0.485631123308653	344
0.06905957384716	0.80439629318691	199
0.0650023200374801	0.799635859648323	199
-0.04159792656106	0.489337286075825	76
-0.0374289507290699	0.48578937094864	192
-0.04393854515874	0.491057209685398	77
-0.0503000792695401	0.485973419912067	77
-0.0465029461993001	0.487589009547808	269
-0.04648134015328	0.48998410568291	366
-0.0468348868246	0.486692367864221	72
-0.04159792656106	0.489337286075825	72
-0.0517509107762599	0.485976898894524	985
-0.0468348868246	0.486692367864221	1312
-0.04159792656106	0.489337286075825	1312
0.0568710002382999	0.778150229054586	200
0.06648909798212	0.793349671169786	1867
-0.0321177919458699	0.479383153990354	723
-0.0453882713028699	0.491065821848087	35
-0.0479621547610301	0.484281434940963	35
-0.0453882713028699	0.491065821848087	574
-0.04248569716236	0.487103907991292	574
-0.0503000792695401	0.485973419912067	1259
0.07003232504343	0.791841314550571	199
-0.04393854515874	0.491057209685398	2386
0.10793407641147	1.10788731431962	2386
-0.0348497457467101	0.487505243218888	3491
-0.0412422299414701	0.49161470941807	129
-0.0453882713028699	0.491065821848087	192
-0.0348497457467101	0.487505243218888	77
-0.04792578460344	0.485631123308653	58
-0.0397831978713901	0.488909487893217	35
-0.0412422299414701	0.49161470941807	35
-0.0468348868246	0.486692367864221	35
-0.04159792656106	0.489337286075825	574
-0.0401398580041299	0.492707629107706	2316
-0.0453882713028699	0.491065821848087	47
-0.04648134015328	0.48998410568291	47
-0.0412422299414701	0.49161470941807	76
-0.0468348868246	0.486692367864221	3491
-0.0348497457467101	0.487505243218888	129
-0.04393854515874	0.491057209685398	129
-0.04393854515874	0.491057209685398	1467
-0.0412422299414701	0.49161470941807	192
0.07449339049613	0.801962693736397	77
-0.03867863790684	0.489990587090443	494
-0.04159792656106	0.489337286075825	494
-0.0453882713028699	0.491065821848087	236
-0.0531986137434599	0.481686443078168	72
-0.0453882713028699	0.491065821848087	1312
-0.0465029461993001	0.487589009547808	58
-0.0468348868246	0.486692367864221	58
-0.04792578460344	0.485631123308653	58
-0.0468348868246	0.486692367864221	58
0.02248667327133	1.26274614164964	1867
-0.04648134015328	0.48998410568291	35
-0.04248569716236	0.487103907991292	356
-0.0453882713028699	0.491065821848087	76
-0.0401398580041299	0.492707629107706	129
-0.0401398580041299	0.492707629107706	1467
-0.0468348868246	0.486692367864221	494
-0.0453882713028699	0.491065821848087	494
-0.04393854515874	0.491057209685398	494
-0.03631941323805	0.48685860015717	494
-0.0453882713028699	0.491065821848087	236
-0.04393854515874	0.491057209685398	236
-0.04648134015328	0.48998410568291	72
-0.0401398580041299	0.492707629107706	1312
0.0717138128511201	0.807457867769169	58
-0.0401398580041299	0.492707629107706	58
-0.04393854515874	0.491057209685398	35
-0.0397831978713901	0.488909487893217	1558
-0.0468348868246	0.486692367864221	1558
-0.11048615091008	1.05583437171443	344
-0.03867863790684	0.489990587090443	47
-0.0412422299414701	0.49161470941807	47
-0.10960187561095	1.06012100802629	199
-0.04159792656106	0.489337286075825	2386
-0.04648134015328	0.48998410568291	129
-0.04648134015328	0.48998410568291	1467
-0.0401398580041299	0.492707629107706	77
-0.04393854515874	0.491057209685398	36
-0.04159792656106	0.489337286075825	494
-0.0503000792695401	0.485973419912067	205
-0.04393854515874	0.491057209685398	1312
-0.0503000792695401	0.485973419912067	1457
-0.0401398580041299	0.492707629107706	200
0.0703868441081701	0.807034365925312	1867
-0.0450337881962599	0.489974899858239	1867
-0.04792578460344	0.485631123308653	1867
-0.0453882713028699	0.491065821848087	8
-0.0453882713028699	0.491065821848087	35
-0.0468348868246	0.486692367864221	35
-0.03596148207418	0.486432467057371	108
-0.0468348868246	0.486692367864221	108
-0.04787775350157	0.912221818065738	2316
-0.0573659117799099	0.905388234124268	129
-0.04248569716236	0.487103907991292	129
0.0687072263488899	0.794144549178341	269
-0.0348497457467101	0.487505243218888	269
0.0755809993940499	0.79576600509465	236
-0.0453882713028699	0.491065821848087	1312
-0.0412422299414701	0.49161470941807	58
-0.04599496688161	0.92465607668814	200
-0.0453882713028699	0.491065821848087	35
0.0775222303376999	0.781206444897075	8
-0.0401398580041299	0.492707629107706	35
-0.04393854515874	0.491057209685398	35
-0.04393854515874	0.491057209685398	356
0.07412938648184	0.799431649536959	47
0.05974514847552	0.78851565291543	47
-0.0450337881962599	0.489974899858239	129
0.0650023200374801	0.799635859648323	77
-0.0426981136187199	0.488260410534648	269
-0.0401398580041299	0.492707629107706	236
0.0690341572186399	0.790723048115292	985
-0.04648134015328	0.48998410568291	58
-0.04792578460344	0.485631123308653	200
-0.0412422299414701	0.49161470941807	200
0.0673879387471601	0.794603309712501	35
-0.04648134015328	0.48998410568291	409
-0.1069232045873	1.05897390015358	108
-0.0503000792695401	0.485973419912067	108
-0.0412422299414701	0.49161470941807	108
-0.0402518243860399	0.923437913170731	47
-0.0401398580041299	0.492707629107706	905
-0.04393854515874	0.491057209685398	129
-0.0832216187314401	1.74124393108773	77
-0.04248569716236	0.487103907991292	72
-0.03867863790684	0.489990587090443	213
-0.04248569716236	0.487103907991292	58
-0.0517509107762599	0.485976898894524	58
0.0651991094415301	0.791620042971659	58
-0.03867863790684	0.489990587090443	35
-0.03867863790684	0.489990587090443	35
-0.0453882713028699	0.491065821848087	35
-0.0453882713028699	0.491065821848087	35
-0.0426981136187199	0.488260410534648	574
-0.0401398580041299	0.492707629107706	574
-0.04393854515874	0.491057209685398	108
0.07167987648167	0.791717792827938	356
-0.04856153164785	0.917860352921785	47
0.0714776862188999	0.800703716196944	129
-0.0453882713028699	0.491065821848087	129
-0.0468348868246	0.486692367864221	129
0.0773896156007501	0.788984787259289	77
-0.0435831175093799	0.4860389300833	478
0.06493266273026	0.795584214388428	2791
-0.04393854515874	0.491057209685398	236
-0.0426981136187199	0.488260410534648	236
-0.0503000792695401	0.485973419912067	58
-0.04648134015328	0.48998410568291	58
-0.04648134015328	0.48998410568291	2917
-0.0450337881962599	0.489974899858239	35
-0.0503000792695401	0.485973419912067	8
-0.0468348868246	0.486692367864221	35
-0.03867863790684	0.489990587090443	35
-0.0450337881962599	0.489974899858239	35
-0.04248569716236	0.487103907991292	35
-0.0453882713028699	0.491065821848087	574
-0.04648134015328	0.48998410568291	2816
-0.0401398580041299	0.492707629107706	108
-0.04648134015328	0.48998410568291	47
-0.06087074088162	0.881901282374713	47
0.1136972393646	1.13047729306499	199
-0.0377749078260601	0.917471440348337	129
0.10611576368456	1.10882473948628	129
0.0714776862188999	0.800703716196944	77
0.0775222303376999	0.781206444897075	77
0.11218312984862	1.13624062062625	77
0.11885486909552	1.12709711528351	269
-0.0401398580041299	0.492707629107706	236
-0.0397831978713901	0.488909487893217	236
-0.04648134015328	0.48998410568291	831
-0.0450337881962599	0.489974899858239	1218
-0.04792578460344	0.485631123308653	8
-0.10295450275982	1.07321225942324	35
-0.0453882713028699	0.491065821848087	35
-0.04884610787864	0.482105241849398	105
-0.04648134015328	0.48998410568291	108
0.0701513798267499	0.798112285981421	108
0.0289961268969801	1.29076496612952	47
-0.10514743446388	1.07044736924711	47
-0.0468348868246	0.486692367864221	129
-0.04648134015328	0.48998410568291	77
-0.04393854515874	0.491057209685398	77
0.0703571845925199	0.792493458677294	2791
-0.0453882713028699	0.491065821848087	213
0.0665202137715899	0.791170383160884	3207
-0.04648134015328	0.48998410568291	3207
-0.04393854515874	0.491057209685398	4
-0.04159792656106	0.489337286075825	58
-0.04792578460344	0.485631123308653	58
-0.0450337881962599	0.489974899858239	200
-0.04648134015328	0.48998410568291	1218
0.0769075904867	0.797547015895299	35
-0.11676863349186	1.04995919381634	35
-0.04648134015328	0.48998410568291	105
-0.0503000792695401	0.485973419912067	1249
-0.04393854515874	0.491057209685398	663
-0.04393854515874	0.491057209685398	663
0.11876127548988	1.13372316181811	199
-0.04159792656106	0.489337286075825	77
-0.04393854515874	0.491057209685398	269
-0.04648134015328	0.48998410568291	58
-0.0450337881962599	0.489974899858239	58
-0.04648134015328	0.48998410568291	58
-0.04248569716236	0.487103907991292	58
-0.0412422299414701	0.49161470941807	35
-0.03867863790684	0.489990587090443	35
0.07350457984949	1.67062997733893	35
-0.0424873633045599	0.916020606865666	108
-0.0435831175093799	0.4860389300833	108
-0.0412422299414701	0.49161470941807	108
0.07412938648184	0.799431649536959	108
-0.0453882713028699	0.491065821848087	663
-0.0441146177279499	0.897019441023844	129
-0.04393854515874	0.491057209685398	129
-0.0450337881962599	0.489974899858239	793
-0.0468348868246	0.486692367864221	3322
-0.0412422299414701	0.49161470941807	4
-0.03596148207418	0.486432467057371	58
-0.0401398580041299	0.492707629107706	58
-0.0426981136187199	0.488260410534648	35
-0.04159792656106	0.489337286075825	35
-0.0453882713028699	0.491065821848087	35
0.0276017250545899	1.27670359603976	1028
-0.11278090341709	1.06159766663723	108
-0.0517509107762599	0.485976898894524	47
-0.0989727743203599	1.06935595634954	47
-0.0531986137434599	0.481686443078168	448
-0.0426981136187199	0.488260410534648	67
-0.03596148207418	0.486432467057371	129
-0.0412422299414701	0.49161470941807	129
-0.04648134015328	0.48998410568291	77
-0.04159792656106	0.489337286075825	72
-0.04393854515874	0.491057209685398	4
-0.0348497457467101	0.487505243218888	58
-0.04884610787864	0.482105241849398	58
0.0690341572186399	0.790723048115292	8
-0.0453882713028699	0.491065821848087	3579
-0.04159792656106	0.489337286075825	35
-0.0453882713028699	0.491065821848087	35
-0.04159792656106	0.489337286075825	129
-0.0401398580041299	0.492707629107706	129
-0.0468348868246	0.486692367864221	528
-0.0412422299414701	0.49161470941807	528
-0.03867863790684	0.489990587090443	3322
-0.0468348868246	0.486692367864221	4
0.06905957384716	0.80439629318691	8
-0.10651384138231	1.05647080563224	831
-0.0453882713028699	0.491065821848087	8
-0.0426981136187199	0.488260410534648	3579
-0.04393854515874	0.491057209685398	35
-0.0468348868246	0.486692367864221	108
-0.0453882713028699	0.491065821848087	1275
-0.04792578460344	0.485631123308653	2791
0.11107600109285	1.12744973507932	2791
0.06629393122933	0.800830556955224	36
0.0595163419992799	0.788298487905879	528
0.0701513798267499	0.798112285981421	236
-0.04214147308945	0.921106291037143	4
0.0692712852853401	0.791519401429986	4
0.0701513798267499	0.798112285981421	8
0.12239813910867	1.14469198923518	8
-0.0374289507290699	0.48578937094864	8
-0.0412422299414701	0.49161470941807	35
-0.05010645561376	0.914136723856593	35
0.06516596550042	0.795022296079777	1581
0.0730404754656799	0.805716297602441	108
0.0223557080260901	1.27028308869154	108
-0.0401398580041299	0.492707629107706	76
-0.04393854515874	0.491057209685398	76
0.0438621831121899	1.29894590465127	129
-0.0928448654348799	1.71091209755647	77
-0.04882315227301	0.914045202636107	4
-0.0355546050138	0.91259213176541	4
0.07280368997465	0.801127382429996	58
-0.04393854515874	0.491057209685398	1314
-0.0468348868246	0.486692367864221	1485
-0.0352037989619201	0.921359297688252	35
-0.0453882713028699	0.491065821848087	35
-0.0450337881962599	0.489974899858239	108
-0.0412422299414701	0.49161470941807	47
0.11562143327275	1.14111153594545	47
0.05559602866991	0.773271633369235	77
-0.0510358675050899	0.911415024923888	269
-0.0401398580041299	0.492707629107706	36
0.06905957384716	0.80439629318691	4
0.0660972750431901	0.793424923313814	4
0.0665202137715899	0.791170383160884	58
-0.04159792656106	0.489337286075825	8
0.0662551419060999	0.796008569427114	8
0.12068085322113	1.14294837629123	35
0.06493266273026	0.795584214388428	35
-0.0412422299414701	0.49161470941807	35
0.0650023200374801	0.799635859648323	622
0.1136972393646	1.13047729306499	454
-0.04248569716236	0.487103907991292	1407
0.02546380447408	1.2767682444658	129
-0.10167042642446	1.07090321718563	129
0.07280368997465	0.801127382429996	90
-0.04159792656106	0.489337286075825	2345
0.1095543070779	1.13098347836414	36
-0.04787775350157	0.912221818065738	236
0.0650023200374801	0.799635859648323	36
-0.00434276312039006	1.94893521649833	4
0.06889912306091	0.788793997192015	58
-0.04393854515874	0.491057209685398	2270
-0.04648134015328	0.48998410568291	2176
0.0581938207469801	0.785193524974265	35
-0.04393854515874	0.491057209685398	35
-0.04693257238919	0.910587449483483	35
-0.0453882713028699	0.491065821848087	35
0.0638425099865601	0.794596926536509	108
-0.04248569716236	0.487103907991292	622
0.06894018726966	0.797991249064816	108
-0.0397831978713901	0.488909487893217	448
-0.04159792656106	0.489337286075825	175
-0.0453882713028699	0.491065821848087	1407
0.09333221656179	1.68875657411044	129
0.11876127548988	1.13372316181811	129
-0.0412131570596701	0.482509497096658	129
-0.0453882713028699	0.491065821848087	77
-0.0443661427995199	0.922619563650067	718
-0.0468348868246	0.486692367864221	36
0.12331004681519	1.14662608479542	8
-0.04393854515874	0.491057209685398	2176
0.05377004005237	2.06368314479558	35
-0.0401398580041299	0.492707629107706	108
-0.04393854515874	0.491057209685398	622
-0.0503000792695401	0.485973419912067	2198
-0.0468348868246	0.486692367864221	199
-0.0412422299414701	0.49161470941807	1407
-0.03596148207418	0.486432467057371	902
-0.03099884217891	0.480426944421937	90
-0.0503000792695401	0.485973419912067	788
-0.0426981136187199	0.488260410534648	77
-0.0412422299414701	0.49161470941807	36
-0.0465029461993001	0.487589009547808	36
-0.0426981136187199	0.488260410534648	36
-0.0348497457467101	0.487505243218888	4
-0.0426981136187199	0.488260410534648	4
-0.0412422299414701	0.49161470941807	2176
-0.0503000792695401	0.485973419912067	35
-0.0401398580041299	0.492707629107706	35
-0.0401398580041299	0.492707629107706	47
-0.0468348868246	0.486692367864221	47
-0.0453882713028699	0.491065821848087	1407
-0.0412422299414701	0.49161470941807	1602
0.06773200665896	0.797493334056868	4
0.11330092560956	1.11910434231146	2270
-0.0401398580041299	0.492707629107706	8
-0.0402518243860399	0.923437913170731	8
-0.0450337881962599	0.489974899858239	2176
-0.04393854515874	0.491057209685398	35
-0.04159792656106	0.489337286075825	35
-0.0374289507290699	0.48578937094864	35
-0.04159792656106	0.489337286075825	1812
-0.04648134015328	0.48998410568291	108
-0.0426840182878101	0.481869506806391	2198
-0.0453882713028699	0.491065821848087	893
-0.0426981136187199	0.488260410534648	47
-0.04159792656106	0.489337286075825	47
-0.04648134015328	0.48998410568291	129
-0.04648134015328	0.48998410568291	36
-0.03596148207418	0.486432467057371	718
-0.0397831978713901	0.488909487893217	4
0.06493266273026	0.795584214388428	2270
0.07714819353063	0.802960629731615	2270
0.0650023200374801	0.799635859648323	158
-0.04393854515874	0.491057209685398	8
-0.0412422299414701	0.49161470941807	8
-0.04648134015328	0.48998410568291	35
-0.0450337881962599	0.489974899858239	1812
-0.11009705169716	1.06831130270395	893
-0.0412422299414701	0.49161470941807	47
-0.05257451146082	0.899526708179025	47
-0.04648134015328	0.48998410568291	199
0.04278257614142	1.83997727320238	36
-0.0574683831265099	1.61570600953803	718
0.0293909039733999	1.29306827703248	36
-0.10921219295464	1.05996954935775	36
-0.05199402681515	0.901962416497495	4
-0.10517717777035	1.06063257682088	8
-0.0571492861349201	1.57028112297598	35
-0.0397831978713901	0.488909487893217	175
-0.03867863790684	0.489990587090443	67
-0.0885093427172401	1.74088053606945	77
0.06761412650483	0.800352775712037	36
-0.02048836622987	1.45235931108748	36
0.0770393337092199	1.6346004024373	4
0.11784814879827	1.14469395101344	35
0.0639065493603399	0.79044386627471	35
-0.03867863790684	0.489990587090443	1592
-0.0450337881962599	0.489974899858239	175
0.11481667152975	1.13387202999575	36
0.03379586714286	1.3012786747185	236
0.11460655517822	1.12149748530664	36
0.11126803928521	1.12588601824136	4
0.11218312984862	1.13624062062625	1179
-0.02242009779243	1.42590599268407	1179
0.11409496673419	1.1276538065446	3121
-0.04524547381044	1.61783109792141	8
0.02817718530546	1.27695821368805	8
0.0373976921310999	1.29967485195632	35
-0.0478809654432699	0.906022528095472	35
-0.04822029100669	0.920694758552088	35
-0.10782701334196	1.06715417027937	108
-0.04727849298877	0.922305146735278	47
0.11916195318116	1.14447241835695	809
0.06648909798212	0.793349671169786	175
-0.0435831175093799	0.4860389300833	175
-0.04393854515874	0.491057209685398	67
-0.0435831175093799	0.4860389300833	67
-0.04436422038151	0.911936734765645	77
-0.0450337881962599	0.489974899858239	77
-0.0503448036512599	1.61271029692341	77
0.0915163212502701	1.67882509423692	36
-0.0306851458036099	1.43171267332612	4
0.0131947784742801	1.23467637636983	4
-0.01370264318833	1.45507632498261	35
-0.08589225332942	1.72367379980984	47
0.05974514847552	0.78851565291543	47
-0.04648134015328	0.48998410568291	175
-0.03631941323805	0.48685860015717	67
-0.0554852555658101	0.902514016390457	77
0.0773896156007501	0.788984787259289	77
0.07805626304272	2.1515753218341	36
-0.11218060226477	1.85317851613424	36
0.11500779450911	1.13460190194235	36
-0.0412422299414701	0.49161470941807	1179
-0.0453882713028699	0.491065821848087	35
0.0678119027422199	0.787824566884151	8
0.07280368997465	0.801127382429996	47
-0.04248569716236	0.487103907991292	199
-0.04727849298877	0.922305146735278	77
-0.04648134015328	0.48998410568291	77
-0.0561314403738999	1.60294469414721	36
-0.0453882713028699	0.491065821848087	4
-0.0494077553332399	0.916745201046687	8
0.0742586720621601	1.64088356578667	1179
0.0299410394278199	1.29460081749135	8
-0.0361053047878299	1.42522501832794	8
0.0714776862188999	0.800703716196944	8
0.10933351384097	1.10820242036089	47
-0.0495040319376301	0.916260886053364	47
-0.04393854515874	0.491057209685398	175
-0.04393854515874	0.491057209685398	175
-0.10620551981943	1.86108980378661	90
0.0338551911939999	1.29563780419558	90
-0.04393854515874	0.491057209685398	77
-0.10078662243103	1.07247368952632	77
-0.12002433231709	1.23000748799071	36
-0.05864826809924	0.902563276076877	6
0.03123280059391	1.29618575804247	8
-0.04648134015328	0.48998410568291	35
0.11693446123468	1.14275356428472	8
-0.0401398580041299	0.492707629107706	8
-0.04648134015328	0.48998410568291	3057
-0.0709481950259101	2.1181830154261	90
0.0650023200374801	0.799635859648323	36
0.0346715588673801	1.29992068935494	36
-0.11408868375479	1.05448781076202	8
-0.0236659516312601	1.4530471517026	35
-0.0994366217748499	1.07337601909298	47
-0.0441079972237699	0.918202907355338	47
-0.0571492861349201	1.57028112297598	47
-0.0728439025071299	1.56765494834999	47
-0.0479621547610301	0.484281434940963	175
0.12331004681519	1.14662608479542	36
0.11562143327275	1.14111153594545	6
0.0665202137715899	0.791170383160884	2010
0.11500779450911	1.13460190194235	8
0.05974514847552	0.78851565291543	35
0.0717138128511201	0.807457867769169	35
-0.0531986137434599	0.481686443078168	108
-0.04159792656106	0.489337286075825	175
-0.0412422299414701	0.49161470941807	175
-0.0401398580041299	0.492707629107706	67
-0.0453882713028699	0.491065821848087	3057
0.06216046842741	0.789051343065144	3057
0.0260197272737901	1.28853872787673	90
-0.0415460085208701	0.90777156291432	4
0.11522406829293	1.1394080960292	2010
-0.0397831978713901	0.488909487893217	8
-0.0453882713028699	0.491065821848087	35
-0.07490657167736	2.10010058293408	47
-0.0985535355895999	1.06505221810993	77
0.0365222583428499	1.30102578404003	8
0.0812633221952901	0.795866972498483	6
0.11441343252397	1.12837034574387	35
-0.0402518243860399	0.923437913170731	35
-0.0491547184327099	0.912416094166212	8
-0.11098243152402	1.06673540121018	35
-0.0468348868246	0.486692367864221	175
-0.0450337881962599	0.489974899858239	67
-0.0573659117799099	0.905388234124268	3057
-0.0453882713028699	0.491065821848087	132
-0.05104994141012	0.91254510534318	35
-0.0450405677986001	0.484932859758814	141
-0.0348497457467101	0.487505243218888	47
-0.0469360618938901	0.923041358497123	1348
0.06629393122933	0.800830556955224	51
-0.0453882713028699	0.491065821848087	175
-0.0484687829347299	0.91103937215234	175
-0.0450337881962599	0.489974899858239	132
-0.04248569716236	0.487103907991292	77
-0.0468348868246	0.486692367864221	415
-0.04787775350157	0.912221818065738	77
-0.10960187561095	1.06012100802629	35
-0.04393854515874	0.491057209685398	1327
-0.0453882713028699	0.491065821848087	141
0.0796917524422001	0.784061478978276	175
-0.04792578460344	0.485631123308653	175
0.07470816079444	0.783937200394392	415
-0.04393854515874	0.491057209685398	415
-0.04393854515874	0.491057209685398	415
-0.0453882713028699	0.491065821848087	236
-0.03631941323805	0.48685860015717	666
-0.0402518243860399	0.923437913170731	47
0.11562143327275	1.14111153594545	47
-0.05608306554825	0.906709774192598	141
0.0610680297244	0.788072196378192	47
-0.0465029461993001	0.487589009547808	199
-0.04648134015328	0.48998410568291	199
-0.05231868833557	0.909111939814359	175
-0.0393145443029299	0.925037681985631	175
-0.0401398580041299	0.492707629107706	175
0.0687072263488899	0.794144549178341	77
0.07714819353063	0.802960629731615	6
-0.0644873985307399	1.60977307759569	8
-0.10037873132687	1.70284656175766	8
-0.10207189684722	1.0722665323108	47
0.0701513798267499	0.798112285981421	47
0.06894018726966	0.797991249064816	175
0.06629393122933	0.800830556955224	175
-0.0401398580041299	0.492707629107706	77
-0.0405997075807301	0.925343333700157	8
-0.0412422299414701	0.49161470941807	666
-0.05104994141012	0.91254510534318	35
-0.0453882713028699	0.491065821848087	108
-0.11182312566579	1.05430326471985	47
-0.0435831175093799	0.4860389300833	47
0.0673879387471601	0.794603309712501	1348
-0.0468348868246	0.486692367864221	1348
-0.03631941323805	0.48685860015717	1348
-0.0401398580041299	0.492707629107706	415
-0.00225198180624009	2.29268609734277	4
-0.0189576861948599	1.45883094955681	6
-0.0468348868246	0.486692367864221	2530
-0.04248569716236	0.487103907991292	47
-0.0453882713028699	0.491065821848087	47
-0.0453882713028699	0.491065821848087	47
0.0595163419992799	0.788298487905879	141
-0.0450337881962599	0.489974899858239	47
-0.0529172541256899	0.90913607423889	37
-0.04248569716236	0.487103907991292	199
-0.04792578460344	0.485631123308653	175
-0.03867863790684	0.489990587090443	175
0.0733839688931399	0.783370607842073	1919
-0.0412422299414701	0.49161470941807	1414
-0.11009705169716	1.06831130270395	6
-0.0426981136187199	0.488260410534648	6
-0.03631941323805	0.48685860015717	6
-0.0383772359730901	0.905226395889077	6
-0.0517509107762599	0.485976898894524	2530
-0.0401398580041299	0.492707629107706	35
0.0707728039859501	1.64898470737755	35
-0.04248569716236	0.487103907991292	47
-0.04648134015328	0.48998410568291	199
-0.0468348868246	0.486692367864221	51
-0.04393854515874	0.491057209685398	132
0.06929519244363	0.797697255741726	415
0.07167987648167	0.791717792827938	269
-0.0453882713028699	0.491065821848087	1919
0.0660972750431901	0.793424923313814	1414
-0.0426981136187199	0.488260410534648	6
-0.04792578460344	0.485631123308653	35
-0.04282308619426	0.92208865263228	35
-0.10157801045508	1.07150658124256	35
-0.0332793701946601	1.44311052510993	35
0.0595163419992799	0.788298487905879	47
-0.0435831175093799	0.4860389300833	141
-0.0468348868246	0.486692367864221	141
0.0339584664514501	1.29026557747536	37
0.0648060784522699	0.790323975763253	175
0.0672423894612799	2.11850235528816	36
-0.11013744208219	1.05282273732992	35
-0.10514743446388	1.07044736924711	199
0.0583699923055401	0.779583738362705	1919
-0.10027145268496	1.07869151777431	6
-0.0453882713028699	0.491065821848087	523
-0.0120851329402201	1.45903489570728	108
-0.04792578460344	0.485631123308653	141
-0.04188439232428	0.923690330704584	175
0.11330092560956	1.11910434231146	1919
-0.0412422299414701	0.49161470941807	36
-0.04648134015328	0.48998410568291	2415
0.05974514847552	0.78851565291543	1012
0.0280869870240199	1.29259404901511	90
-0.0468348868246	0.486692367864221	415
0.0660972750431901	0.793424923313814	415
0.06216046842741	0.789051343065144	2125
-0.0401398580041299	0.492707629107706	1417
-0.0453882713028699	0.491065821848087	8
-0.0468348868246	0.486692367864221	141
0.0719507577404199	0.796446112466694	2415
-0.04648134015328	0.48998410568291	199
0.0660972750431901	0.793424923313814	175
-0.0453882713028699	0.491065821848087	175
-0.0453882713028699	0.491065821848087	175
-0.0453882713028699	0.491065821848087	415
0.0581938207469801	0.785193524974265	415
0.03182767706931	2.21097208456329	8
-0.0970059604986499	1.72318002787734	6
0.0354735211845301	1.29112487766417	8
-0.04153769492717	0.923739548640697	35
-0.01909060309328	1.45935353734826	8
-0.0517272963789199	0.901994696216299	47
0.11349931006311	1.13603733319033	47
-0.0401398580041299	0.492707629107706	47
-0.04648134015328	0.48998410568291	1012
-0.04822029100669	0.920694758552088	175
-0.10648807473492	1.06960176368029	132
0.0583699923055401	0.779583738362705	1229
0.0662551419060999	0.796008569427114	415
-0.12403931810839	1.94743963598356	6
0.06761412650483	0.800352775712037	875
-0.11005471175727	1.05767412384341	8
-0.0185731188317999	1.46096874793441	47
0.0799355210689501	0.795297258508092	47
0.0773896156007501	0.788984787259289	199
0.07425409460071	0.789653166813344	415
0.06929519244363	0.797697255741726	155
0.06493266273026	0.795584214388428	175
0.0241706028930699	1.28859064298788	175
-0.04159792656106	0.489337286075825	415
-0.00568200228827998	2.31495275602019	1192
-0.03867863790684	0.489990587090443	524
-0.03867863790684	0.489990587090443	524
-0.0107904924815601	1.93418114944867	8
0.08767973701584	1.67302213562676	6
-0.0944846519146001	1.72918025236627	8
-0.0465029461993001	0.487589009547808	47
-0.11009705169716	1.06831130270395	47
-0.0468348868246	0.486692367864221	209
0.0660972750431901	0.793424923313814	141
0.11470678350741	1.12712130019995	175
-0.0453882713028699	0.491065821848087	175
-0.0450337881962599	0.489974899858239	415
0.06493266273026	0.795584214388428	415
-0.0463372917216001	0.91410467010281	36
0.11976814133334	1.14101976698945	36
-0.03631941323805	0.48685860015717	36
0.06493266273026	0.795584214388428	6
-0.11753950139601	1.82133205845857	8
-0.0397831978713901	0.488909487893217	47
-0.0468348868246	0.486692367864221	209
0.06083855942342	0.78949740844192	175
0.07823386320572	0.796760919939203	320
-0.0435831175093799	0.4860389300833	320
-0.03867863790684	0.489990587090443	415
0.0755809993940499	0.79576600509465	6
-0.118995621916	1.02712808383997	8
-0.0374289507290699	0.48578937094864	108
-0.04792578460344	0.485631123308653	199
0.0651991094415301	0.791620042971659	199
0.0706231275959299	0.798124052962526	199
-0.0453882713028699	0.491065821848087	175
0.12108255309914	1.14394989801968	36
0.06371017708573	0.796477488281912	36
0.0769075904867	0.797547015895299	36
0.0101500431233601	1.7360170559396	8
0.10289910993112	1.98352657606973	6
-0.0523524996379101	1.98566301184092	6
0.11147057415287	1.12787087839151	6
-0.05871398433966	1.59302676361737	30
0.11461173557159	1.11980326972245	1476
-0.0503000792695401	0.485973419912067	1476
-0.0468348868246	0.486692367864221	8
-0.04248569716236	0.487103907991292	35
-0.0453882713028699	0.491065821848087	141
0.11916195318116	1.14447241835695	199
0.0687072263488899	0.794144549178341	175
0.0673879387471601	0.794603309712501	175
-0.0352037989619201	0.921359297688252	175
-0.0450405677986001	0.484932859758814	320
-0.04159792656106	0.489337286075825	6
0.0638425099865601	0.794596926536509	108
-0.0426981136187199	0.488260410534648	1907
-0.0348497457467101	0.487505243218888	47
-0.10560446980901	1.07398998833094	175
0.0636098640576399	0.793010187764851	320
-0.0468348868246	0.486692367864221	415
-0.0450337881962599	0.489974899858239	8
-0.0443661427995199	0.922619563650067	6
-0.0145372807312101	1.89360083649442	140
-0.08711796177358	1.72855043577331	1894
-0.0412422299414701	0.49161470941807	47
-0.0517310848566701	0.896929079966493	2417
-0.0517509107762599	0.485976898894524	141
-0.0504471305943901	0.905595627805737	38
-0.0181113888011599	1.85211260941787	36
-0.07585107561714	1.74338618417503	36
-0.0173418474589899	1.91930844051297	6
0.12027603994192	2.03225218264516	140
0.0717138128511201	0.807457867769169	30
-0.04248569716236	0.487103907991292	30
0.0650023200374801	0.799635859648323	47
0.0665202137715899	0.791170383160884	47
0.06251873611041	0.792025869992769	2417
-0.0484814395602899	0.910868578043114	141
-0.10963774583292	1.06759546587919	38
-0.04884610787864	0.482105241849398	21
0.0859209426335701	1.66693654581089	1192
-0.03958511263277	1.40583554392293	8
0.1004963284775	1.69084450514061	30
-0.04393854515874	0.491057209685398	8
-0.04159792656106	0.489337286075825	38
-0.0435831175093799	0.4860389300833	175
-0.0450337881962599	0.489974899858239	175
-0.0468348868246	0.486692367864221	38
-0.0468348868246	0.486692367864221	21
-0.04248569716236	0.487103907991292	21
-0.04393854515874	0.491057209685398	415
-0.04648134015328	0.48998410568291	1215
-0.0468348868246	0.486692367864221	36
-0.11009705169716	1.06831130270395	6
0.0433699435374699	1.28270482950054	6
0.0665202137715899	0.791170383160884	6
0.0304933333947	1.80832722678658	8
0.1219971945168	2.02530570987469	8
0.0821685240210199	1.65781717706779	140
0.11339453083781	1.12357245128754	30
0.06761412650483	0.800352775712037	175
0.0665202137715899	0.791170383160884	175
-0.04159792656106	0.489337286075825	175
0.0799355210689501	0.795297258508092	21
0.0982531952529799	1.69431244388076	8
0.0665202137715899	0.791170383160884	30
-0.0453882713028699	0.491065821848087	30
0.06929519244363	0.797697255741726	30
0.03123280059391	1.29618575804247	47
0.07449339049613	0.801962693736397	175
0.0660972750431901	0.793424923313814	175
-0.0465029461993001	0.487589009547808	175
0.06516596550042	0.795022296079777	320
-0.04648134015328	0.48998410568291	320
0.06761412650483	0.800352775712037	320
-0.12032425601675	1.95915143243885	90
-0.0517509107762599	0.485976898894524	155
-0.04393854515874	0.491057209685398	36
-0.0412422299414701	0.49161470941807	36
0.0302666650161301	1.28027407769244	36
0.07582095063623	0.803772600889529	6
0.0648060784522699	0.790323975763253	6
-0.0401398580041299	0.492707629107706	6
0.01759230121903	1.26037599994587	108
-0.0453882713028699	0.491065821848087	1426
-0.04792578460344	0.485631123308653	30
-0.0397831978713901	0.488909487893217	47
-0.04393854515874	0.491057209685398	141
-0.03596148207418	0.486432467057371	175
0.06629393122933	0.800830556955224	175
-0.0468348868246	0.486692367864221	320
-0.04393854515874	0.491057209685398	38
-0.01360067511723	1.45817367505722	6
0.09189183171713	1.688940957274	1426
-0.10499932635333	1.86138418956441	30
-0.03372096684749	2.05601324967483	38
0.10580722873955	1.11132479055677	175
-0.0450337881962599	0.489974899858239	21
-0.0424808205417899	0.913372821116264	36
-0.11720254961793	1.04072605752435	36
0.11349931006311	1.13603733319033	8
-0.0412422299414701	0.49161470941807	36
0.04131777125828	1.30151408378506	8
0.0714776862188999	0.800703716196944	6
-0.04393854515874	0.491057209685398	6
0.06761412650483	0.800352775712037	8
0.11693446123468	1.14275356428472	140
-0.0402518243860399	0.923437913170731	266
-0.0453882713028699	0.491065821848087	108
-0.0412422299414701	0.49161470941807	30
-0.0465858864231801	0.917919056840804	30
-0.04648134015328	0.48998410568291	47
-0.0468348868246	0.486692367864221	30
-0.0435831175093799	0.4860389300833	47
0.07135712286623	0.785866685355301	47
0.07280368997465	0.801127382429996	2578
-0.04248569716236	0.487103907991292	175
-0.04648134015328	0.48998410568291	90
-0.0931243536463899	1.06949227281547	155
0.02363434099719	1.2577739422813	36
0.0804009144234299	1.68306696056509	1096
-0.0548849087680201	1.61242893784524	36
0.0281484169014501	1.27088420857879	8
-0.04792578460344	0.485631123308653	6
-0.0278522004658599	1.44727214910925	140
-0.0401398580041299	0.492707629107706	30
-0.0465029461993001	0.487589009547808	30
-0.0401398580041299	0.492707629107706	30
0.0706231275959299	0.798124052962526	30
-0.1069432157138	1.07152771136582	47
-0.09493996386967	1.07883745170546	47
0.0703868441081701	0.807034365925312	2578
-0.0397831978713901	0.488909487893217	38
0.06629393122933	0.800830556955224	175
-0.0468348868246	0.486692367864221	320
0.10369411633473	1.09531535735539	21
-0.0412422299414701	0.49161470941807	155
-0.11985523914546	1.82472598363887	8
0.03526998073098	2.23686589044971	8
-0.0465029461993001	0.487589009547808	36
-0.01963018639323	1.45464046210649	8
-0.12280486672869	1.24042028596901	6
-0.05759690861712	1.61263927302175	140
0.08205685230252	1.68499860701606	30
-0.10476596776381	1.07309805583525	30
0.11470678350741	1.12712130019995	47
-0.04282308619426	0.92208865263228	47
-0.0450405677986001	0.484932859758814	320
-0.04599496688161	0.92465607668814	6
-0.0338128421938599	1.43357418881113	140
0.0703868441081701	0.807034365925312	47
0.0651991094415301	0.791620042971659	47
0.02803474954358	1.28941468670424	47
0.0703868441081701	0.807034365925312	38
-0.0401398580041299	0.492707629107706	38
0.0665202137715899	0.791170383160884	175
-0.0468348868246	0.486692367864221	175
0.0703868441081701	0.807034365925312	175
-0.0401398580041299	0.492707629107706	175
-0.12010823470495	1.24430845216946	21
0.06905957384716	0.80439629318691	21
0.11147057415287	1.12787087839151	21
0.10773846560775	1.98191009455052	155
0.0876261516309	1.69381873539613	36
-0.0450405677986001	0.484932859758814	6
0.07412938648184	0.799431649536959	266
-0.04393854515874	0.491057209685398	108
-0.0519762629874601	0.917146096891362	108
-0.0450337881962599	0.489974899858239	175
-0.03867863790684	0.489990587090443	175
-0.04248569716236	0.487103907991292	175
-0.03596148207418	0.486432467057371	38
-0.0412422299414701	0.49161470941807	38
-0.09892737117011	1.07864936731484	155
0.11026801395136	1.11379547209563	8
0.03041250863888	1.26222575333957	8
-0.0469360618938901	0.923041358497123	6
-0.04916268650595	0.90992323178659	30
-0.10739679298379	1.06633510373477	47
0.0651991094415301	0.791620042971659	47
0.0648060784522699	0.790323975763253	47
0.0651991094415301	0.791620042971659	209
-0.0484814395602899	0.910868578043114	38
-0.0412422299414701	0.49161470941807	175
-0.0412422299414701	0.49161470941807	320
-0.06344139351227	1.59244461290719	155
0.11693446123468	1.14275356428472	155
0.0595163419992799	0.788298487905879	36
0.0687072263488899	0.794144549178341	36
0.12331004681519	1.14662608479542	8
-0.04659233249798	0.912859724495083	108
0.07473350741888	0.794587624378978	30
-0.04648134015328	0.48998410568291	30
-0.0450337881962599	0.489974899858239	108
-0.04393854515874	0.491057209685398	47
-0.04792578460344	0.485631123308653	47
-0.0453882713028699	0.491065821848087	38
-0.0450337881962599	0.489974899858239	175
-0.0453882713028699	0.491065821848087	175
-0.0450337881962599	0.489974899858239	175
0.0650023200374801	0.799635859648323	8
-0.03631941323805	0.48685860015717	8
-0.0871347311963699	2.19089625852575	36
0.06905957384716	0.80439629318691	8
0.03331130331624	1.29697772814229	212
0.0650023200374801	0.799635859648323	140
0.0636098640576399	0.793010187764851	266
-0.04648134015328	0.48998410568291	30
-0.0450337881962599	0.489974899858239	38
-0.03867863790684	0.489990587090443	175
-0.12338197322527	1.95718557740981	21
-0.08876106771686	1.71339857294487	36
-0.04247627496309	0.912974890833604	21
-0.04505446773579	0.916413500388825	36
0.11602021213337	1.12873652048082	36
-0.0450337881962599	0.489974899858239	36
0.02836552964753	1.2701067092877	36
0.07449339049613	0.801962693736397	1979
0.12239813910867	1.14469198923518	212
-0.04648134015328	0.48998410568291	6
0.1148281135399	1.1224942355813	47
0.0673879387471601	0.794603309712501	47
0.06929519244363	0.797697255741726	209
0.0581938207469801	0.785193524974265	38
-0.0397831978713901	0.488909487893217	38
-0.03867863790684	0.489990587090443	175
0.0717138128511201	0.807457867769169	175
-0.03596148207418	0.486432467057371	175
-0.0412422299414701	0.49161470941807	175
-0.0401398580041299	0.492707629107706	3558
-0.0401398580041299	0.492707629107706	8
-0.0412422299414701	0.49161470941807	212
-0.0401398580041299	0.492707629107706	30
-0.0435831175093799	0.4860389300833	1223
0.0703868441081701	0.807034365925312	175
-0.0479621547610301	0.484281434940963	38
-0.04393854515874	0.491057209685398	38
-0.10963774583292	1.06759546587919	6
0.0342820513221001	1.29671941101817	140
0.02329175674266	1.28672654774036	140
-0.0749507377584899	1.56990996423499	108
-0.0479621547610301	0.484281434940963	30
-0.04393854515874	0.491057209685398	30
-0.04648134015328	0.48998410568291	30
-0.0329839737226501	0.911625824474927	47
0.0707728039859501	1.64898470737755	1223
-0.04792578460344	0.485631123308653	175
-0.04792578460344	0.485631123308653	38
-0.11208372886625	1.84756311721102	155
-0.10745706896247	1.06761581378006	155
-0.0468348868246	0.486692367864221	36
-0.0503000792695401	0.485973419912067	36
-0.08989605638382	1.71883406131567	1979
-0.04159792656106	0.489337286075825	212
-0.04471095424489	0.925292967788079	212
-0.04393854515874	0.491057209685398	266
-0.04159792656106	0.489337286075825	30
-0.04393854515874	0.491057209685398	30
0.0363904015497201	1.28938607057176	47
-0.01433960166466	1.4553892955218	47
0.11126803928521	1.12588601824136	175
-0.0450337881962599	0.489974899858239	175
-0.0397831978713901	0.488909487893217	175
-0.0412422299414701	0.49161470941807	38
-0.0412422299414701	0.49161470941807	38
-0.0453882713028699	0.491065821848087	620
0.0595163419992799	0.788298487905879	21
-0.0450337881962599	0.489974899858239	155
0.0717138128511201	0.807457867769169	47
0.06083855942342	0.78949740844192	47
-0.04393854515874	0.491057209685398	551
0.0703868441081701	0.807034365925312	1600
0.06929519244363	0.797697255741726	1600
0.0638425099865601	0.794596926536509	175
0.0660972750431901	0.793424923313814	175
0.06629393122933	0.800830556955224	620
-0.0397831978713901	0.488909487893217	620
-0.0412422299414701	0.49161470941807	21
0.0650023200374801	0.799635859648323	212
-0.0426981136187199	0.488260410534648	30
-0.0453882713028699	0.491065821848087	30
-0.05351590696495	0.90506573855407	47
0.0241706028930699	1.28859064298788	47
-0.0450337881962599	0.489974899858239	47
0.0584219599332101	0.787317172029354	1223
-0.04248569716236	0.487103907991292	1600
-0.0503000792695401	0.485973419912067	21
0.0581938207469801	0.785193524974265	155
0.0748905159501201	1.67566820124537	36
-0.0916801129596601	1.72026987832606	8
-0.0292799212994901	2.05367950184966	140
-0.11497474632234	1.05293875199878	30
-0.0453882713028699	0.491065821848087	209
-0.0570264772253599	0.898872414805268	1600
-0.04159792656106	0.489337286075825	38
0.0730404754656799	0.805716297602441	38
-0.03596148207418	0.486432467057371	21
-0.04248569716236	0.487103907991292	21
-0.04393854515874	0.491057209685398	155
-0.0980453465465101	1.07769205671066	8
-0.0401398580041299	0.492707629107706	212
-0.10383762719152	1.06884512345608	212
-0.0874315424708101	1.71811028467248	140
0.12371490086477	1.14325354419679	140
-0.0453882713028699	0.491065821848087	140
0.11562143327275	1.14111153594545	47
0.0701513798267499	0.798112285981421	47
0.04913584964226	1.29536746867985	38
-0.0412422299414701	0.49161470941807	38
-0.0348497457467101	0.487505243218888	38
0.0714776862188999	0.800703716196944	175
0.0703868441081701	0.807034365925312	620
-0.0397831978713901	0.488909487893217	155
-0.11009705169716	1.06831130270395	155
0.03202896034129	2.24305411374066	155
-0.04248569716236	0.487103907991292	36
0.0262814404337699	1.28534591383754	8
-0.11010679456983	1.81978658400822	8
-0.09307165316275	1.71228165204341	140
-0.0450337881962599	0.489974899858239	1607
0.0802877840594001	1.67569761699405	1949
-0.0453882713028699	0.491065821848087	703
0.06251873611041	0.792025869992769	1600
0.0651991094415301	0.791620042971659	175
0.06905957384716	0.80439629318691	38
0.0320483347376801	1.26703509855794	21
-0.0517509107762599	0.485976898894524	21
-0.0308075514803801	1.43201897977587	36
0.0703868441081701	0.807034365925312	36
0.0650023200374801	0.799635859648323	8
-0.04564863294683	0.912213211605784	212
0.02151056956074	1.7728279283406	140
-0.0468348868246	0.486692367864221	703
-0.0450337881962599	0.489974899858239	551
0.06761412650483	0.800352775712037	551
0.07473350741888	0.794587624378978	696
-0.0517509107762599	0.485976898894524	80
0.0660972750431901	0.793424923313814	620
-0.01943034697377	2.37018367616381	90
-0.03867863790684	0.489990587090443	36
-0.11899269987967	1.04380424363269	212
-0.11363201387337	1.05310737905897	8
-0.0082991496279301	1.9210540831124	140
0.07446657617654	0.784324131620618	140
0.06761412650483	0.800352775712037	140
-0.10225534114716	1.6997131128429	30
-0.0412422299414701	0.49161470941807	47
-0.0573659117799099	0.905388234124268	596
0.06773200665896	0.797493334056868	175
0.0730404754656799	0.805716297602441	175
-0.0450337881962599	0.489974899858239	38
0.0730404754656799	0.805716297602441	620
-0.0558740190798701	1.59977212559797	90
-0.0531986137434599	0.481686443078168	21
0.07414181904011	2.13432283457427	212
-0.10027145268496	1.07869151777431	140
-0.0818853975729501	1.7458349177655	108
0.06629393122933	0.800830556955224	30
0.11522406829293	1.1394080960292	47
0.0717138128511201	0.807457867769169	47
-0.0962859388941899	1.07794902938213	47
-0.04599496688161	0.92465607668814	47
-0.0348497457467101	0.487505243218888	47
0.0662967759808899	1.63096550311196	47
0.0285146325594801	1.2944127302898	1680
0.11744904738849	1.13210289728318	620
-0.0393145443029299	0.925037681985631	21
-0.0503000792695401	0.485973419912067	21
-0.0504456792974399	0.904790392491281	42
0.02775716174537	1.78370876745372	155
-0.03867863790684	0.489990587090443	36
0.11824866623605	1.1425356352448	212
-0.0453882713028699	0.491065821848087	8
-0.04648134015328	0.48998410568291	47
-0.04648134015328	0.48998410568291	47
-0.05104994141012	0.91254510534318	47
-0.0453882713028699	0.491065821848087	2311
-0.0503000792695401	0.485973419912067	1151
-0.0962859388941899	1.07794902938213	1680
-0.0453882713028699	0.491065821848087	1680
-0.04882315227301	0.914045202636107	620
0.06516596550042	0.795022296079777	42
-0.04792578460344	0.485631123308653	212
-0.04393854515874	0.491057209685398	2459
0.06371017708573	0.796477488281912	30
-0.0450337881962599	0.489974899858239	30
-0.0453882713028699	0.491065821848087	47
0.0703868441081701	0.807034365925312	47
-0.1042640225063	1.07483586979764	1780
-0.10476596776381	1.07309805583525	696
-0.0320268365535501	0.912974230132617	80
0.08756754426733	1.68790639923078	155
0.08066769533373	1.67606860685465	212
-0.0468348868246	0.486692367864221	212
-0.04153769492717	0.923739548640697	47
-0.0299771578425201	1.43181239708624	47
0.06929519244363	0.797697255741726	209
0.06629393122933	0.800830556955224	331
-0.04282308619426	0.92208865263228	42
-0.04648134015328	0.48998410568291	8
-0.02345868311267	1.45711769544508	100
-0.03867863790684	0.489990587090443	596
0.07003232504343	0.791841314550571	47
-0.0517509107762599	0.485976898894524	703
0.11876127548988	1.13372316181811	980
0.0717138128511201	0.807457867769169	1151
-0.0401398580041299	0.492707629107706	331
0.12239813910867	1.14469198923518	620
-0.0453882713028699	0.491065821848087	620
-0.0468348868246	0.486692367864221	42
-0.0374289507290699	0.48578937094864	36
-0.11015624124812	1.85763483604655	8
-0.04564863294683	0.912213211605784	8
-0.10246103567593	1.06716206229762	212
-0.04119509926681	0.91408866732071	108
-0.0940586186141199	1.07788619562459	108
-0.0456513455168199	0.923679325795707	47
-0.10032022698418	1.07180558927246	47
-0.0401398580041299	0.492707629107706	47
-0.0529172541256899	0.90913607423889	551
-0.0468348868246	0.486692367864221	551
0.10976714690514	1.12330845277134	80
0.06905957384716	0.80439629318691	80
-0.0469360618938901	0.923041358497123	80
-0.04307933568622	0.909513157157873	620
0.0703868441081701	0.807034365925312	42
0.07473350741888	0.794587624378978	42
0.07412938648184	0.799431649536959	42
-0.0513892655818	0.912810140512687	42
0.10380624146782	1.98946163181433	212
-0.0479621547610301	0.484281434940963	140
0.0799355210689501	0.795297258508092	175
-0.0441079972237699	0.918202907355338	80
0.0714776862188999	0.800703716196944	327
0.11026801395136	1.11379547209563	42
-0.04822029100669	0.920694758552088	140
-0.08899827752334	1.72716903353648	108
0.0395673075985701	1.29743013436907	711
-0.0542890464758301	0.888439916488172	703
0.0346715588673801	1.29992068935494	703
0.11258462558738	1.1257024623397	551
-0.04393854515874	0.491057209685398	175
-0.0465029461993001	0.487589009547808	331
0.06905957384716	0.80439629318691	620
0.11562143327275	1.14111153594545	100
-0.1035515941912	1.0439428503133	212
-0.10259780253745	1.05571925384181	212
0.000834764849970027	2.31157971733618	140
-0.0250631674147901	1.4529292683874	47
0.12179309784215	1.13755961238221	42
-0.11878994258072	1.79273852364707	26
-0.04159792656106	0.489337286075825	30
0.0255335163886701	1.29039340353231	47
-0.0453882713028699	0.491065821848087	703
-0.0450337881962599	0.489974899858239	80
0.07449339049613	0.801962693736397	42
0.06493266273026	0.795584214388428	42
-0.0401398580041299	0.492707629107706	960
-0.03503802258886	1.42803888011045	108
-0.04393854515874	0.491057209685398	30
-0.04821603772058	0.906784294199028	47
-0.0412422299414701	0.49161470941807	596
-0.0426981136187199	0.488260410534648	703
0.11016014579646	1.12554738915833	696
-0.0412422299414701	0.49161470941807	175
-0.0453882713028699	0.491065821848087	80
-0.0387111901163999	0.915898956838236	80
-0.0453882713028699	0.491065821848087	42
0.11107600109285	1.12744973507932	42
0.0679669568919701	0.795117762229217	42
-0.0187999205737299	1.4446384254045	140
0.0648060784522699	0.790323975763253	140
0.06629393122933	0.800830556955224	30
0.0342820513221001	1.29671941101817	47
-0.0468348868246	0.486692367864221	47
-0.02982625509746	1.42825429927734	551
0.06629393122933	0.800830556955224	80
-0.0517509107762599	0.485976898894524	80
0.11784814879827	1.14469395101344	42
-0.0453882713028699	0.491065821848087	960
-0.0465029461993001	0.487589009547808	496
-0.0412846457282501	2.00846577164967	212
-0.04393854515874	0.491057209685398	140
0.0701513798267499	0.798112285981421	140
-0.10295450275982	1.07321225942324	47
-0.04648134015328	0.48998410568291	703
0.0673879387471601	0.794603309712501	696
-0.04648134015328	0.48998410568291	175
-0.04599496688161	0.92465607668814	175
0.06929519244363	0.797697255741726	175
0.0650023200374801	0.799635859648323	80
-0.0393145443029299	0.925037681985631	327
0.11199129287263	1.11681701370556	42
-0.1042640225063	1.07483586979764	42
-0.0573659117799099	0.905388234124268	42
-0.04648134015328	0.48998410568291	42
-0.0453882713028699	0.491065821848087	960
-0.0468348868246	0.486692367864221	8
0.09382391535951	1.69356250666436	100
-0.04648134015328	0.48998410568291	703
-0.04393854515874	0.491057209685398	80
-0.0401398580041299	0.492707629107706	42
-0.0412422299414701	0.49161470941807	960
0.07003232504343	0.791841314550571	100
0.0761667694097601	1.65429489397176	8
-0.0468348868246	0.486692367864221	496
-0.0355546050138	0.91259213176541	47
0.11672840668362	1.12793536729003	47
-0.0623158806950901	1.58994139160476	711
-0.0412131570596701	0.482509497096658	711
-0.0453882713028699	0.491065821848087	711
-0.0450337881962599	0.489974899858239	703
-0.0450337881962599	0.489974899858239	703
0.0730404754656799	0.805716297602441	175
-0.0412422299414701	0.49161470941807	80
-0.05281174197537	1.60758196487872	8
-0.04188439232428	0.923690330704584	496
-0.03391753863011	0.91963086643903	8
-0.04648134015328	0.48998410568291	108
0.0679669568919701	0.795117762229217	47
-0.11408868375479	1.05448781076202	47
-0.0412422299414701	0.49161470941807	703
-0.04159792656106	0.489337286075825	696
0.06629393122933	0.800830556955224	331
-0.0484814395602899	0.910868578043114	80
0.0360336871806299	1.30081980987402	26
0.08025206259229	1.66440398203742	8
-0.0450405677986001	0.484932859758814	496
0.10631924213917	2.00891313150343	8
0.1212137666802	2.21653024416752	140
-0.0597976881011799	1.60152766262646	47
-0.0503000792695401	0.485973419912067	703
-0.04727849298877	0.922305146735278	703
0.11086812936154	1.13459940750786	3629
-0.10560446980901	1.07398998833094	80
0.06629393122933	0.800830556955224	80
0.0807176268919001	1.68590001847655	42
0.10237602131782	1.68926773014955	496
0.0819926451643001	1.67390651935203	8
-0.04792578460344	0.485631123308653	47
-0.04282308619426	0.92208865263228	47
0.0626134586467499	0.787358483162585	47
-0.0426981136187199	0.488260410534648	703
0.0651991094415301	0.791620042971659	3629
-0.0435831175093799	0.4860389300833	551
-0.04159792656106	0.489337286075825	551
-0.0510358675050899	0.911415024923888	175
-0.0412422299414701	0.49161470941807	80
-0.04153769492717	0.923739548640697	80
0.0678472380275299	0.788889022392744	42
-0.0465029461993001	0.487589009547808	100
-0.03867863790684	0.489990587090443	8
0.0730404754656799	0.805716297602441	140
-0.03303405971673	2.04149065143236	47
-0.04393854515874	0.491057209685398	47
-0.05696041100991	1.60848148216035	711
0.0285738793691801	1.29368176539214	42
-0.04282308619426	0.92208865263228	42
-0.04248569716236	0.487103907991292	960
-0.02191257136711	1.46022772621535	8
-0.0412422299414701	0.49161470941807	212
-0.10032022698418	1.07180558927246	212
-0.0468348868246	0.486692367864221	140
-0.0450337881962599	0.489974899858239	140
-0.04648134015328	0.48998410568291	140
-0.04393854515874	0.491057209685398	47
-0.0481227808368201	0.913674735213483	2844
0.12108255309914	1.14394989801968	327
0.0610680297244	0.788072196378192	42
-0.09236971735032	1.73707937898393	26
-0.0453882713028699	0.491065821848087	100
-0.11929262532135	1.83086435612159	496
0.0673879387471601	0.794603309712501	511
0.10672411400296	1.12142816619171	212
-0.0453882713028699	0.491065821848087	140
-0.0401398580041299	0.492707629107706	703
-0.02120540902639	1.46206059700198	551
-0.0468348868246	0.486692367864221	551
-0.0468348868246	0.486692367864221	551
-0.0412422299414701	0.49161470941807	2844
-0.04792578460344	0.485631123308653	80
-0.0441079972237699	0.918202907355338	327
-0.09758158093081	1.07667405063827	395
0.11653552101092	1.14304976312402	395
-0.04648134015328	0.48998410568291	90
-0.11064224668715	1.02299221818943	90
0.0263297062382899	1.27690902030845	90
-0.04648134015328	0.48998410568291	140
0.0717138128511201	0.807457867769169	108
-0.0468348868246	0.486692367864221	2844
-0.0465029461993001	0.487589009547808	100
-0.0603175583041	2.14400971664632	140
0.06629393122933	0.800830556955224	2859
-0.0513892655818	0.912810140512687	42
0.11693446123468	1.14275356428472	42
-0.0453882713028699	0.491065821848087	960
0.0717138128511201	0.807457867769169	511
-0.04393854515874	0.491057209685398	2181
0.0717138128511201	0.807457867769169	47
-0.0250258126978999	1.44477353093335	47
0.07412938648184	0.799431649536959	792
0.07412938648184	0.799431649536959	80
-0.0504471305943901	0.905595627805737	327
-0.04393854515874	0.491057209685398	42
-0.0849764823502299	1.74668852785292	140
0.06442072373541	2.13269020956413	47
-0.00557288429710989	1.93059718462453	47
-0.04159792656106	0.489337286075825	47
-0.08308489612212	1.75100029388165	551
0.03515812431461	1.30217802310473	2859
0.07582095063623	0.803772600889529	792
0.12350958537588	1.12145759347044	80
-0.00191878450357996	2.3203217167021	42
-0.03631941323805	0.48685860015717	960
0.11520186231929	2.01054275004099	212
0.11956404980439	1.1403393457904	703
-0.04792578460344	0.485631123308653	551
-0.05104994141012	0.91254510534318	80
-0.04787053985741	0.916274823051588	80
0.0638709059575	2.13239906946523	222
0.0688247753909299	0.791345125916077	8
-0.10292187049429	1.07406679929981	212
-0.03648958903047	0.920646114586491	47
0.0262814404337699	1.28534591383754	47
0.0866521628654899	1.68654192689227	47
-0.0397831978713901	0.488909487893217	80
0.06648909798212	0.793349671169786	222
-0.04792578460344	0.485631123308653	8
0.0317182965337	1.2888926154812	212
0.0304315868893099	1.27966389754299	8
0.07412938648184	0.799431649536959	140
-0.10605844037982	1.06590418703701	140
-0.0453882713028699	0.491065821848087	47
-0.05010645561376	0.914136723856593	47
-0.0435831175093799	0.4860389300833	47
-0.05104994141012	0.91254510534318	47
0.11954826418869	1.12304442653829	47
-0.0412422299414701	0.49161470941807	792
-0.0310127707483601	1.42428705385447	26
0.02738653885765	1.28668895544531	90
-0.0253370279809899	1.86843690170204	8
-0.0558740190798701	1.59977212559797	212
-0.04188439232428	0.923690330704584	140
-0.02022611571707	1.44118286763915	140
-0.0983483045914799	1.85262043510836	108
0.11632415493604	1.1375209583908	47
0.12086752843453	1.12503915210582	47
0.07473350741888	0.794587624378978	47
0.0184733355808	1.25318133684754	47
-0.0412422299414701	0.49161470941807	175
0.04465642989314	1.82873371878967	90
-0.0588011552486001	1.59613592550962	222
-0.03277841164869	1.43465197610616	8
-0.04787053985741	0.916274823051588	108
-0.0523334516234399	0.911219653929393	140
-0.0469360618938901	0.923041358497123	108
0.11218312984862	1.13624062062625	47
0.0223557080260901	1.27028308869154	424
-0.04822029100669	0.920694758552088	80
-0.04393854515874	0.491057209685398	80
0.0866089017065801	1.67827757926612	90
0.02329175674266	1.28672654774036	222
-0.0468348868246	0.486692367864221	610
0.0888496337317899	1.69109903249822	140
-0.04599496688161	0.92465607668814	47
0.0795598128585799	0.791893759756822	47
-0.0468348868246	0.486692367864221	47
0.02594296860373	1.27895330828716	47
0.0703868441081701	0.807034365925312	47
0.02329175674266	1.28672654774036	551
0.0650023200374801	0.799635859648323	424
-0.04393854515874	0.491057209685398	175
-0.0751591353583301	1.54505417927726	90
-0.04822029100669	0.920694758552088	90
-0.05641779919289	1.60753464897334	26
-0.09831102164231	1.69372710249166	8
-0.0453882713028699	0.491065821848087	711
0.06761412650483	0.800352775712037	703
-0.05010645561376	0.914136723856593	175
0.12218796833886	1.12461693912263	1334
-0.04393854515874	0.491057209685398	80
-0.0435831175093799	0.4860389300833	80
0.0703868441081701	0.807034365925312	80
0.0703868441081701	0.807034365925312	80
-0.11009705169716	1.06831130270395	960
-0.0479621547610301	0.484281434940963	26
-0.0275263270122199	1.44026852841629	1293
0.11976814133334	1.14101976698945	703
0.06371017708573	0.796477488281912	80
0.0651991094415301	0.791620042971659	80
-0.08390273240521	1.0575600422125	90
-0.0402610048321701	0.908484506823695	26
0.12391046542467	1.13465809917674	26
-0.0789418990878401	1.74088818872699	178
-0.10157801045508	1.07150658124256	610
0.0402873483561501	1.28119196180653	628
0.06761412650483	0.800352775712037	47
0.06629393122933	0.800830556955224	3513
-0.04792578460344	0.485631123308653	175
-0.04393854515874	0.491057209685398	235
-0.0450337881962599	0.489974899858239	235
-0.11537735676176	1.03451246301889	90
-0.0513892655818	0.912810140512687	90
-0.05385762569617	0.901056759972134	90
-0.1042640225063	1.07483586979764	178
0.0426858675939601	1.29886040622115	610
0.0365222583428499	1.30102578404003	367
-0.0397831978713901	0.488909487893217	140
-0.04792578460344	0.485631123308653	1116
-0.03837785530144	0.916853822621037	108
-0.04248569716236	0.487103907991292	47
-0.0468348868246	0.486692367864221	1557
-0.0453882713028699	0.491065821848087	1557
0.0714776862188999	0.800703716196944	1699
-0.04648134015328	0.48998410568291	1699
-0.04393854515874	0.491057209685398	175
-0.04159792656106	0.489337286075825	80
-0.0517509107762599	0.485976898894524	235
-0.0401398580041299	0.492707629107706	235
-0.0453882713028699	0.491065821848087	3302
0.07582095063623	0.803772600889529	90
-0.04648134015328	0.48998410568291	90
-0.0531986137434599	0.481686443078168	301
-0.04393854515874	0.491057209685398	301
-0.03867863790684	0.489990587090443	26
0.11653552101092	1.14304976312402	178
-0.0412422299414701	0.49161470941807	8
-0.03867863790684	0.489990587090443	8
0.06929519244363	0.797697255741726	1116
-0.04393854515874	0.491057209685398	805
-0.0453882713028699	0.491065821848087	47
-0.0468348868246	0.486692367864221	1304
-0.0453882713028699	0.491065821848087	424
-0.04393854515874	0.491057209685398	80
0.0595163419992799	0.788298487905879	1228
-0.0401398580041299	0.492707629107706	90
0.06773200665896	0.797493334056868	301
0.11238603139603	1.12977750651922	178
-0.0573659117799099	0.905388234124268	610
-0.0577898314560601	1.60844633861013	8
-0.05608306554825	0.906709774192598	8
-0.0401398580041299	0.492707629107706	8
-0.0450337881962599	0.489974899858239	805
-0.0401398580041299	0.492707629107706	1699
-0.0503000792695401	0.485973419912067	1699
-0.0479621547610301	0.484281434940963	1635
-0.0649684828136901	0.878224046648733	175
-0.04393854515874	0.491057209685398	682
-0.05351590696495	0.90506573855407	90
0.06083855942342	0.78949740844192	1228
-0.0426981136187199	0.488260410534648	26
-0.0453882713028699	0.491065821848087	26
-0.0453882713028699	0.491065821848087	178
0.0731655177813899	0.79572921804573	140
-0.0468348868246	0.486692367864221	1116
-0.0513892655818	0.912810140512687	1116
-0.0892897481892001	1.73013215119907	805
-0.04393854515874	0.491057209685398	805
-0.0412422299414701	0.49161470941807	69
-0.0465029461993001	0.487589009547808	69
-0.0401398580041299	0.492707629107706	2380
0.0687072263488899	0.794144549178341	1635
-0.0453882713028699	0.491065821848087	1635
-0.0468348868246	0.486692367864221	682
0.10541169278347	1.11911141476561	301
-0.0453882713028699	0.491065821848087	2507
-0.04393854515874	0.491057209685398	178
-0.0374289507290699	0.48578937094864	610
-0.0450405677986001	0.484932859758814	1285
0.0703868441081701	0.807034365925312	817
-0.04316859756916	0.919795466641332	47
-0.04648134015328	0.48998410568291	1557
-0.0453882713028699	0.491065821848087	1557
-0.0966997506072	1.07572583479573	551
-0.04393854515874	0.491057209685398	32
-0.03867863790684	0.489990587090443	792
0.0706231275959299	0.798124052962526	80
-0.03631941323805	0.48685860015717	720
0.06889912306091	0.788793997192015	178
-0.0435831175093799	0.4860389300833	178
-0.0412422299414701	0.49161470941807	367
-0.0397831978713901	0.488909487893217	367
-0.0456513455168199	0.923679325795707	8
-0.0401398580041299	0.492707629107706	1285
0.0703868441081701	0.807034365925312	628
-0.04248569716236	0.487103907991292	817
-0.0374289507290699	0.48578937094864	817
-0.10652189364304	1.06011426907617	830
-0.0412422299414701	0.49161470941807	805
-0.0412422299414701	0.49161470941807	69
-0.04159792656106	0.489337286075825	138
-0.0426981136187199	0.488260410534648	2380
-0.0503000792695401	0.485973419912067	47
-0.0401398580041299	0.492707629107706	1557
-0.04248569716236	0.487103907991292	235
-0.04505446773579	0.916413500388825	720
-0.04393854515874	0.491057209685398	301
-0.0426981136187199	0.488260410534648	2507
-0.0453882713028699	0.491065821848087	178
-0.03867863790684	0.489990587090443	222
0.1209974987325	2.0517757362372	8
-0.0453882713028699	0.491065821848087	1285
-0.0393145443029299	0.925037681985631	628
-0.0468348868246	0.486692367864221	628
-0.04393854515874	0.491057209685398	817
-0.0453882713028699	0.491065821848087	69
-0.04159792656106	0.489337286075825	138
-0.0401398580041299	0.492707629107706	138
-0.0412131570596701	0.482509497096658	47
-0.04648134015328	0.48998410568291	47
-0.0453882713028699	0.491065821848087	551
-0.0453882713028699	0.491065821848087	759
0.07582095063623	0.803772600889529	235
-0.04393854515874	0.491057209685398	90
-0.04792578460344	0.485631123308653	301
-0.03631941323805	0.48685860015717	301
-0.03631941323805	0.48685860015717	178
0.06761412650483	0.800352775712037	178
-0.0233081634493599	1.45507519844497	367
-0.0453882713028699	0.491065821848087	8
-0.04648134015328	0.48998410568291	1285
-0.09220494245274	1.71981409957607	805
-0.04393854515874	0.491057209685398	69
-0.0453882713028699	0.491065821848087	47
-0.0426981136187199	0.488260410534648	47
-0.04792578460344	0.485631123308653	1635
-0.0426981136187199	0.488260410534648	759
-0.0450337881962599	0.489974899858239	1806
-0.0194946868380099	1.45825137391612	720
0.0892711315647901	1.69277099222284	90
-0.03631941323805	0.48685860015717	301
-0.08828256471143	1.74379561141062	301
-0.0468348868246	0.486692367864221	2507
-0.0374289507290699	0.48578937094864	2507
-0.0450337881962599	0.489974899858239	178
-0.04648134015328	0.48998410568291	178
-0.03631941323805	0.48685860015717	178
-0.04248569716236	0.487103907991292	610
-0.0453882713028699	0.491065821848087	1285
0.11775097793783	2.02410359129113	1293
0.04138759657939	1.29411166390185	1293
-0.09670420612348	1.06176534271212	69
-0.04159792656106	0.489337286075825	47
-0.0453882713028699	0.491065821848087	703
-0.0519762629874601	0.917146096891362	577
-0.0424873633045599	0.916020606865666	1635
-0.05456195378857	0.897874707998366	759
-0.04648134015328	0.48998410568291	1806
-0.0435831175093799	0.4860389300833	778
-0.11227374452904	1.05559969199479	720
0.0659427926884999	2.11474181979681	90
0.0797561011951899	1.67537905283448	301
0.0717138128511201	0.807457867769169	178
-0.04599496688161	0.92465607668814	610
0.06648909798212	0.793349671169786	1285
-0.0426981136187199	0.488260410534648	1380
-0.0401398580041299	0.492707629107706	817
0.0836722282430999	0.785956489576846	108
-0.0450337881962599	0.489974899858239	830
0.11461173557159	1.11980326972245	805
-0.0517509107762599	0.485976898894524	47
-0.04648134015328	0.48998410568291	233
-0.04393854515874	0.491057209685398	1806
-0.0412422299414701	0.49161470941807	235
-0.04393854515874	0.491057209685398	235
0.06083855942342	0.78949740844192	720
-0.0426981136187199	0.488260410534648	720
-0.0453882713028699	0.491065821848087	301
-0.0453882713028699	0.491065821848087	301
-0.03631941323805	0.48685860015717	178
-0.0453882713028699	0.491065821848087	178
-0.0453882713028699	0.491065821848087	178
0.0714776862188999	0.800703716196944	178
-0.0519762629874601	0.917146096891362	1116
-0.0401398580041299	0.492707629107706	805
0.0624175079273901	0.789262309147399	805
-0.0453882713028699	0.491065821848087	47
-0.10125142557569	1.06118914865721	47
-0.0566798345667701	0.896721496904172	47
-0.04393854515874	0.491057209685398	224
-0.0468348868246	0.486692367864221	1674
0.06371017708573	0.796477488281912	720
-0.0361386618572099	0.919780836846218	766
0.07412938648184	0.799431649536959	301
0.0703868441081701	0.807034365925312	301
0.0232330657744899	1.27557184823483	301
-0.0484814395602899	0.910868578043114	178
-0.05010645561376	0.914136723856593	367
-0.04792578460344	0.485631123308653	367
0.06083855942342	0.78949740844192	367
-0.04159792656106	0.489337286075825	140
-0.03631941323805	0.48685860015717	1116
-0.04792578460344	0.485631123308653	233
0.11237859812285	1.11784772987263	1635
-0.0412422299414701	0.49161470941807	235
-0.0450337881962599	0.489974899858239	235
0.0265770927540501	1.8104024586602	90
-0.0397831978713901	0.488909487893217	3572
-0.04393854515874	0.491057209685398	3572
-0.03631941323805	0.48685860015717	178
-0.03867863790684	0.489990587090443	367
-0.0401398580041299	0.492707629107706	367
-0.03867863790684	0.489990587090443	367
-0.04792578460344	0.485631123308653	1286
0.07280368997465	0.801127382429996	1285
-0.04648134015328	0.48998410568291	830
-0.04393854515874	0.491057209685398	805
-0.04393854515874	0.491057209685398	805
-0.04648134015328	0.48998410568291	138
-0.0453882713028699	0.491065821848087	183
-0.0358983287411301	1.42331715384171	1180
-0.04884610787864	0.482105241849398	355
-0.04393854515874	0.491057209685398	720
-0.04648134015328	0.48998410568291	720
0.06773200665896	0.797493334056868	720
0.0650023200374801	0.799635859648323	301
-0.04393854515874	0.491057209685398	301
-0.0468348868246	0.486692367864221	26
0.0755809993940499	0.79576600509465	178
-0.04393854515874	0.491057209685398	3572
-0.0401398580041299	0.492707629107706	178
0.07606172191292	0.793812889182763	8
-0.0468348868246	0.486692367864221	367
0.07449339049613	0.801962693736397	367
-0.03631941323805	0.48685860015717	367
-0.03648958903047	0.920646114586491	367
-0.0517509107762599	0.485976898894524	476
-0.0453882713028699	0.491065821848087	1116
-0.0468348868246	0.486692367864221	805
-0.0517509107762599	0.485976898894524	805
-0.05231868833557	0.909111939814359	47
-0.04792578460344	0.485631123308653	233
-0.0479621547610301	0.484281434940963	93
-0.0401398580041299	0.492707629107706	3664
-0.0468348868246	0.486692367864221	2027
-0.0468348868246	0.486692367864221	408
-0.0412131570596701	0.482509497096658	778
0.0679669568919701	0.795117762229217	720
-0.04393854515874	0.491057209685398	301
-0.04159792656106	0.489337286075825	3572
-0.04393854515874	0.491057209685398	8
-0.0412422299414701	0.49161470941807	178
-0.0426981136187199	0.488260410534648	476
-0.0453882713028699	0.491065821848087	805
-0.0468348868246	0.486692367864221	805
-0.04648134015328	0.48998410568291	138
0.0730404754656799	0.805716297602441	233
-0.0401398580041299	0.492707629107706	233
-0.04792578460344	0.485631123308653	355
-0.0348497457467101	0.487505243218888	2027
-0.0401398580041299	0.492707629107706	613
-0.01135768107111	1.91567071008688	720
-0.12015142156615	1.95657118668356	720
-0.05010645561376	0.914136723856593	720
-0.04505446773579	0.916413500388825	301
-0.0450405677986001	0.484932859758814	301
0.0796917524422001	0.784061478978276	301
-0.0401398580041299	0.492707629107706	301
-0.0503000792695401	0.485973419912067	301
-0.0397831978713901	0.488909487893217	257
0.06083855942342	0.78949740844192	566
-0.0908055590113801	1.731071815494	1293
0.11330092560956	1.11910434231146	1293
-0.0435831175093799	0.4860389300833	476
-0.05267158129615	0.909961163048385	805
-0.04248569716236	0.487103907991292	47
-0.0463372917216001	0.91410467010281	47
-0.0412422299414701	0.49161470941807	93
0.07449339049613	0.801962693736397	93
0.07823386320572	0.796760919939203	93
-0.0555476893124101	1.61723009677722	424
-0.0465029461993001	0.487589009547808	778
-0.0435831175093799	0.4860389300833	32
-0.0468348868246	0.486692367864221	1424
0.0318514835286601	1.81462776566039	720
-0.04693257238919	0.910587449483483	301
-0.11854206142563	1.03780130781158	301
-0.10522820085335	1.06296066850607	301
0.11573038794805	1.12625503116411	8
-0.04648134015328	0.48998410568291	8
-0.10699706686606	1.06974214346094	1293
-0.0453064244183199	0.911847448371912	1293
-0.0468348868246	0.486692367864221	1293
-0.0412422299414701	0.49161470941807	977
-0.0468348868246	0.486692367864221	805
-0.0503000792695401	0.485973419912067	805
-0.0506922497015501	0.917786638270386	93
-0.08506066974121	1.74384967284973	1635
-0.04393854515874	0.491057209685398	2027
-0.0412422299414701	0.49161470941807	263
-0.0453882713028699	0.491065821848087	235
-0.0453882713028699	0.491065821848087	235
-0.04393854515874	0.491057209685398	235
-0.04393854515874	0.491057209685398	613
-0.04393854515874	0.491057209685398	613
-0.0377749078260601	0.917471440348337	613
0.0384663960754801	2.24310090258068	720
0.0171022829443701	1.71459052705913	720
-0.0993892340301801	1.07773170812346	301
-0.0506922497015501	0.917786638270386	301
0.0769075904867	0.797547015895299	178
0.07412938648184	0.799431649536959	8
-0.04505446773579	0.916413500388825	1293
-0.0468348868246	0.486692367864221	476
-0.0348497457467101	0.487505243218888	476
-0.0465029461993001	0.487589009547808	805
-0.04159792656106	0.489337286075825	805
-0.0517509107762599	0.485976898894524	138
0.0719507577404199	0.796446112466694	138
-0.04393854515874	0.491057209685398	233
-0.0517509107762599	0.485976898894524	2723
-0.0453882713028699	0.491065821848087	778
-0.0401398580041299	0.492707629107706	613
-0.05770961582155	2.44878894743619	720
0.11178306255466	1.12693437834094	720
0.0714776862188999	0.800703716196944	26
0.0638425099865601	0.794596926536509	257
0.12270502281204	1.12681249167903	178
-0.04599496688161	0.92465607668814	178
0.0720761347478001	0.786735867671008	566
-0.0962859388941899	1.07794902938213	1293
0.06761412650483	0.800352775712037	2653
-0.0412422299414701	0.49161470941807	1293
0.0714776862188999	0.800703716196944	476
-0.10652189364304	1.06011426907617	830
-0.0401398580041299	0.492707629107706	138
-0.0393145443029299	0.925037681985631	776
0.0734049768074401	0.792812846293566	1635
-0.09594588540931	2.18068539713184	720
-0.0993892340301801	1.07773170812346	720
-0.02605712214208	0.897272684341542	257
0.11744904738849	1.13210289728318	178
-0.0401398580041299	0.492707629107706	892
-0.04159792656106	0.489337286075825	566
-0.03391753863011	0.91963086643903	566
0.0584219599332101	0.787317172029354	1293
-0.0453882713028699	0.491065821848087	977
-0.0426981136187199	0.488260410534648	977
-0.0453882713028699	0.491065821848087	776
-0.0450337881962599	0.489974899858239	776
-0.0453882713028699	0.491065821848087	577
-0.0435831175093799	0.4860389300833	93
-0.04248569716236	0.487103907991292	235
0.12199486311961	1.14588462773785	720
0.11391378911887	1.13323340769897	720
0.0673879387471601	0.794603309712501	720
-0.0401398580041299	0.492707629107706	301
-0.0426981136187199	0.488260410534648	26
0.05573109724892	0.770653194976093	178
-0.04159792656106	0.489337286075825	178
-0.03867863790684	0.489990587090443	178
-0.04792578460344	0.485631123308653	977
-0.0401398580041299	0.492707629107706	14
-0.0401398580041299	0.492707629107706	47
-0.04393854515874	0.491057209685398	93
-0.0468348868246	0.486692367864221	301
-0.0503000792695401	0.485973419912067	178
-0.0469360618938901	0.923041358497123	178
0.05974514847552	0.78851565291543	488
0.10256812657951	1.09872749354649	1400
-0.04159792656106	0.489337286075825	566
-0.04599496688161	0.92465607668814	8
-0.0435831175093799	0.4860389300833	1293
-0.03596148207418	0.486432467057371	1479
-0.0450337881962599	0.489974899858239	3130
-0.04159792656106	0.489337286075825	1335
-0.0503000792695401	0.485973419912067	977
-0.0453882713028699	0.491065821848087	977
-0.0412422299414701	0.49161470941807	805
-0.0401398580041299	0.492707629107706	805
-0.0412422299414701	0.49161470941807	47
-0.0348497457467101	0.487505243218888	776
-0.11227374452904	1.05559969199479	776
-0.0348497457467101	0.487505243218888	1635
0.06083855942342	0.78949740844192	424
-0.03867863790684	0.489990587090443	408
0.02797208560956	1.80221112156461	90
-0.0396623122019499	0.917139259990878	301
-0.0513892655818	0.912810140512687	257
-0.0401398580041299	0.492707629107706	8
0.11956404980439	1.1403393457904	178
-0.04159792656106	0.489337286075825	1293
-0.0401398580041299	0.492707629107706	138
-0.0450337881962599	0.489974899858239	47
0.06083855942342	0.78949740844192	93
-0.04393854515874	0.491057209685398	93
-0.04648134015328	0.48998410568291	32
-0.0435831175093799	0.4860389300833	275
-0.04648134015328	0.48998410568291	8
-0.0456513455168199	0.923679325795707	566
-0.04393854515874	0.491057209685398	263
-0.04393854515874	0.491057209685398	235
-0.0435831175093799	0.4860389300833	1270
-0.0435831175093799	0.4860389300833	613
-0.0424808205417899	0.913372821116264	178
-0.03867863790684	0.489990587090443	263
-0.0426981136187199	0.488260410534648	1270
-0.0450337881962599	0.489974899858239	566
0.06216046842741	0.789051343065144	3445
-0.11546766404352	1.04804748177382	830
-0.0374289507290699	0.48578937094864	47
-0.04727849298877	0.922305146735278	47
-0.08766700962035	1.73003161927544	183
-0.04188439232428	0.923690330704584	47
-0.0465029461993001	0.487589009547808	424
-0.04792578460344	0.485631123308653	263
0.11592133387423	1.12697313819558	2625
0.11522406829293	1.1394080960292	47
-0.0453882713028699	0.491065821848087	275
-0.0453882713028699	0.491065821848087	1176
-0.0450337881962599	0.489974899858239	224
-0.0374251619953001	0.91906683793072	8
-0.0517509107762599	0.485976898894524	47
-0.04648134015328	0.48998410568291	408
-0.0453882713028699	0.491065821848087	32
-0.0412422299414701	0.49161470941807	1176
0.0251406297324299	1.27475672418681	26
0.11238603139603	1.12977750651922	8
0.06629393122933	0.800830556955224	3445
-0.04393854515874	0.491057209685398	108
-0.0517509107762599	0.485976898894524	108
-0.0435831175093799	0.4860389300833	47
0.06905957384716	0.80439629318691	944
-0.04248569716236	0.487103907991292	1673
-0.0401398580041299	0.492707629107706	32
-0.0468348868246	0.486692367864221	275
-0.0401398580041299	0.492707629107706	275
-0.0435831175093799	0.4860389300833	2097
-0.03867863790684	0.489990587090443	2097
-0.0517509107762599	0.485976898894524	275
-0.0450337881962599	0.489974899858239	2291
-0.05104994141012	0.91254510534318	26
0.0420619091486101	1.82310279522477	178
0.02987278128965	1.29620100167739	8
-0.11049979877776	1.05638448584519	2625
-0.11321150475362	1.05335204904192	1293
0.0650023200374801	0.799635859648323	1326
-0.0424873633045599	0.916020606865666	830
0.0307560797389601	2.2325759926447	1293
-0.10161382878164	1.07692013804028	1293
-0.0566798345667701	0.896721496904172	108
0.11754122815959	1.1216429926167	14
0.05974514847552	0.78851565291543	577
-0.0412422299414701	0.49161470941807	275
-0.0450337881962599	0.489974899858239	275
0.0595163419992799	0.788298487905879	830
0.07412938648184	0.799431649536959	47
-0.0196927846953201	1.43529366687985	577
0.06629393122933	0.800830556955224	944
-0.0426981136187199	0.488260410534648	275
-0.04393854515874	0.491057209685398	1159
-0.0468348868246	0.486692367864221	1159
-0.0450337881962599	0.489974899858239	1293
0.02283211144069	1.25715066458426	47
-0.04648134015328	0.48998410568291	47
0.0821075076083	1.68794465405253	577
-0.0397831978713901	0.488909487893217	275
-0.0531986137434599	0.481686443078168	275
-0.0401398580041299	0.492707629107706	275
-0.0401398580041299	0.492707629107706	944
-0.04393854515874	0.491057209685398	1159
0.0688247753909299	0.791345125916077	715
-0.0401398580041299	0.492707629107706	183
-0.0980083324213701	1.67247565775797	275
-0.092265287397	1.69682180937751	424
-0.04792578460344	0.485631123308653	424
0.0703571845925199	0.792493458677294	944
-0.10565046346021	1.07151943966091	275
-0.04159792656106	0.489337286075825	8
-0.04393854515874	0.491057209685398	275
-0.04648134015328	0.48998410568291	944
-0.0318551569794301	2.06049347265258	108
-0.0453064244183199	0.911847448371912	275
-0.0570264772253599	0.898872414805268	114
-0.11720254961793	1.04072605752435	275
0.0819926451643001	1.67390651935203	26
-0.0450337881962599	0.489974899858239	715
-0.0465029461993001	0.487589009547808	1293
-0.03867863790684	0.489990587090443	944
-0.0453882713028699	0.491065821848087	1293
-0.0401398580041299	0.492707629107706	1293
-0.03631941323805	0.48685860015717	47
-0.0869497164150199	1.7458167123997	1866
-0.0468348868246	0.486692367864221	47
-0.04393854515874	0.491057209685398	275
-0.0412422299414701	0.49161470941807	275
-0.0573659117799099	0.905388234124268	114
-0.11227374452904	1.05559969199479	1633
-0.02362999636189	1.44986621501266	8
-0.0450337881962599	0.489974899858239	379
0.0374769771572001	1.29467543120597	183
-0.0905465417319899	1.06301828049418	944
-0.0519762629874601	0.917146096891362	275
-0.0665241002176999	1.58937893291837	1633
-0.04212978145824	0.906250667987596	8
0.04001240888896	1.29580607159189	8
-0.10871812016213	1.05920878149383	1866
0.04001240888896	1.29580607159189	1399
0.0216959829358701	1.26577032435979	944
-0.04648134015328	0.48998410568291	26
-0.04648134015328	0.48998410568291	1399
0.07473350741888	0.794587624378978	379
0.0679669568919701	0.795117762229217	1829
0.0915812844672299	1.68183069569926	275
-0.0519762629874601	0.917146096891362	944
-0.05010645561376	0.914136723856593	275
-0.11408868375479	1.05448781076202	275
0.06629393122933	0.800830556955224	275
0.0701513798267499	0.798112285981421	275
-0.04648134015328	0.48998410568291	275
-0.0450337881962599	0.489974899858239	1767
-0.11094897231668	1.03346624694396	47
-0.0450337881962599	0.489974899858239	47
-0.04159792656106	0.489337286075825	275
-0.04822029100669	0.920694758552088	944
-0.04648134015328	0.48998410568291	1550
-0.0453882713028699	0.491065821848087	26
-0.0458877516482601	2.49570678295402	127
-0.10829134648939	1.06685550778848	57
-0.0450337881962599	0.489974899858239	47
-0.0453882713028699	0.491065821848087	275
0.06905957384716	0.80439629318691	275
-0.0401398580041299	0.492707629107706	26
0.06946645654398	2.13772170995816	8
0.0638425099865601	0.794596926536509	108
-0.0450337881962599	0.489974899858239	1767
-0.0468348868246	0.486692367864221	1829
-0.0513892655818	0.912810140512687	275
-0.0479947743665901	1.61072798799449	413
-0.04159792656106	0.489337286075825	275
-0.0348497457467101	0.487505243218888	944
-0.0401398580041299	0.492707629107706	275
-0.0468348868246	0.486692367864221	1550
-0.0536476996367301	1.98097087151245	1978
-0.0401398580041299	0.492707629107706	47
-0.11048615091008	1.05583437171443	275
-0.11363201387337	1.05310737905897	275
-0.0453882713028699	0.491065821848087	275
0.02738653885765	1.28668895544531	790
-0.0426981136187199	0.488260410534648	1695
-0.0519762629874601	0.917146096891362	1293
-0.0401398580041299	0.492707629107706	108
-0.0412422299414701	0.49161470941807	1829
0.07412938648184	0.799431649536959	47
-0.03867863790684	0.489990587090443	275
-0.03631941323805	0.48685860015717	2890
-0.0364342444750001	1.42538004354613	190
-0.05163252877541	0.909776639921946	275
0.0703571845925199	0.792493458677294	1293
0.11441343252397	1.12837034574387	1293
-0.0465029461993001	0.487589009547808	1013
0.07280368997465	0.801127382429996	1061
-0.04792578460344	0.485631123308653	127
-0.0609148493721099	1.60980076319525	1633
-0.0468348868246	0.486692367864221	57
-0.04393854515874	0.491057209685398	275
0.02370985428503	1.27275859714927	1061
-0.10527792339535	1.04679373551487	275
-0.03648958903047	0.920646114586491	275
-0.10560446980901	1.07398998833094	114
0.0701513798267499	0.798112285981421	47
0.0786073914001899	0.789985061097611	47
-0.04393854515874	0.491057209685398	413
0.06929519244363	0.797697255741726	275
-0.0412422299414701	0.49161470941807	275
0.0734049768074401	0.792812846293566	26
-0.04792578460344	0.485631123308653	3407
-0.0435983245339	2.01558098118629	1633
-0.0817491499749601	1.74977475698812	1633
0.11126803928521	1.12588601824136	1293
0.08580016103907	1.67705784656254	127
-0.00531354840045006	1.91367980578252	47
-0.09493996386967	1.07883745170546	47
0.12239813910867	1.14469198923518	1061
-0.07855768228897	1.05337576042275	275
0.06629393122933	0.800830556955224	275
-0.0648110865151501	1.59052972032503	1978
-0.0401398580041299	0.492707629107706	413
-0.0468348868246	0.486692367864221	275
-0.09758158093081	1.07667405063827	275
-0.04282308619426	0.92208865263228	114
0.11278218061529	1.12857138361978	114
-0.0213735375272199	1.46093908530227	47
0.0296335608180101	1.28456225858605	275
-0.10073141636402	1.07596405541004	275
0.09806494604343	1.66561147004343	1633
0.12148567203402	1.13070471825633	1633
-0.0544578993818901	0.897287778918745	108
0.08902165327102	1.68977863564081	47
0.11653552101092	1.14304976312402	47
-0.0573659117799099	0.905388234124268	190
0.0703868441081701	0.807034365925312	114
0.0638425099865601	0.794596926536509	114
0.07528412589298	1.65126334278625	1633
-0.03648958903047	0.920646114586491	1100
-0.0412422299414701	0.49161470941807	275
-0.0564223911762301	0.899816808257445	506
-0.04153769492717	0.923739548640697	506
-0.0453882713028699	0.491065821848087	1978
-0.10073141636402	1.07596405541004	47
0.12462640581011	1.14518029372484	1100
0.06629393122933	0.800830556955224	275
0.0679669568919701	0.795117762229217	275
0.06761412650483	0.800352775712037	275
-0.0397831978713901	0.488909487893217	275
-0.0450337881962599	0.489974899858239	275
-0.0453882713028699	0.491065821848087	275
-0.04393854515874	0.491057209685398	275
-0.0424808205417899	0.913372821116264	275
0.04069886843843	1.82679506728427	790
0.11653552101092	1.14304976312402	47
0.0719507577404199	0.796446112466694	47
0.11238603139603	1.12977750651922	47
0.0675772969134201	0.794331052216231	47
-0.10027145268496	1.07869151777431	275
-0.04248569716236	0.487103907991292	275
-0.04393854515874	0.491057209685398	1008
-0.0450337881962599	0.489974899858239	1008
-0.0401398580041299	0.492707629107706	275
-0.04159792656106	0.489337286075825	114
-0.08736230815094	1.71348074758553	26
-0.0777980506728799	1.74869525212906	1633
0.0662551419060999	0.796008569427114	1633
-0.0624882771472199	1.57273226037001	1100
-0.0227710409480699	1.45792665722318	1100
-0.0404488620214101	1.40392021654231	413
-0.10826339202263	1.06026943136932	275
-0.0401398580041299	0.492707629107706	275
-0.0081574436326799	1.94715795260715	1633
0.0769075904867	0.797547015895299	127
0.0876261516309	1.69381873539613	1100
0.12148567203402	1.13070471825633	275
0.0360336871806299	1.30081980987402	275
-0.04648134015328	0.48998410568291	275
-0.03301344458045	2.04713225458613	14
-0.0793564543257499	1.71093679512257	47
-0.0294644583885699	1.42673789360995	47
-0.0081574436326799	1.94715795260715	413
0.11766577930738	2.04237334441835	275
0.0703868441081701	0.807034365925312	275
-0.0348497457467101	0.487505243218888	275
0.0634820643999401	0.78677156575863	127
-0.0517195568017701	1.61174492790395	127
-0.0547997303069101	0.906630850943866	14
-0.06368354649456	1.58625761775844	275
-0.0980453465465101	1.07769205671066	275
-0.04393854515874	0.491057209685398	127
-0.04393854515874	0.491057209685398	14
0.07227810599409	1.6488312816001	47
0.0687072263488899	0.794144549178341	275
-0.0401398580041299	0.492707629107706	57
-0.04393854515874	0.491057209685398	14
-0.04792578460344	0.485631123308653	275
-0.0503000792695401	0.485973419912067	275
-0.04884610787864	0.482105241849398	275
-0.0435831175093799	0.4860389300833	275
0.07003232504343	0.791841314550571	114
-0.04648134015328	0.48998410568291	127
-0.04393854515874	0.491057209685398	1293
-0.00150311006412007	1.95630876136174	127
-0.04648134015328	0.48998410568291	57
0.0714776862188999	0.800703716196944	3635
-0.0453882713028699	0.491065821848087	275
-0.05104994141012	0.91254510534318	275
0.12482179506569	1.13655798132405	275
-0.11143983092466	1.06584616171357	275
0.06761412650483	0.800352775712037	1633
0.09430835916167	1.67550650602073	1837
-0.11257447281449	1.9781680483664	1837
-0.0305092385227901	2.05850287914309	1293
-0.0468348868246	0.486692367864221	57
0.11339453083781	1.12357245128754	57
-0.0971638391829599	1.06768085680088	275
-0.09809084469023	1.06842993550544	275
-0.10042561385298	1.85322041192324	26
-0.0352037989619201	0.921359297688252	343
0.00258267422384995	2.34070966840804	47
0.0673879387471601	0.794603309712501	47
-0.0968147906389001	1.06842747335219	275
0.0399515577090599	1.30173574353108	275
-0.05267158129615	0.909961163048385	275
-0.03867863790684	0.489990587090443	26
0.0596889374896299	0.780009247412779	108
-0.04648134015328	0.48998410568291	108
0.0194449152020399	1.25575539274872	506
0.11277810182645	1.1188553358217	3635
-0.0401398580041299	0.492707629107706	275
0.0714776862188999	0.800703716196944	114
-0.11143983092466	1.06584616171357	275
-0.10292187049429	1.07406679929981	108
-0.0479621547610301	0.484281434940963	108
-0.0456513455168199	0.923679325795707	275
-0.04159792656106	0.489337286075825	565
-0.05195316700109	1.61198925777121	1633
-0.04436422038151	0.911936734765645	108
-0.0903877630644001	2.21152786194265	506
-0.0287116675632699	1.43929311193723	47
0.06794727744892	0.789750456823628	47
-0.10652189364304	1.06011426907617	275
0.0394702914445899	1.8110733654138	275
-0.11987987010116	1.03328019031931	275
0.02370985428503	1.27275859714927	275
0.11126803928521	1.12588601824136	114
-0.11500632847036	1.04096619081564	275
-0.03867863790684	0.489990587090443	1633
-0.0193658440168301	1.4431373510111	506
0.09019043729032	1.67690408922127	506
-0.10027145268496	1.07869151777431	47
-0.04648134015328	0.48998410568291	47
-0.05351291746196	1.61449464193829	275
0.0706231275959299	0.798124052962526	275
0.0360336871806299	1.30081980987402	535
-0.0426981136187199	0.488260410534648	565
0.0714776862188999	0.800703716196944	565
-0.03867863790684	0.489990587090443	565
-0.0450405677986001	0.484932859758814	565
-0.0401398580041299	0.492707629107706	565
-0.0435831175093799	0.4860389300833	565
-0.04393854515874	0.491057209685398	565
-0.07118044752775	1.57204566323242	573
-0.110554776274	1.05753942550784	108
-0.03631941323805	0.48685860015717	465
-0.10125142557569	1.06118914865721	275
-0.0397831978713901	0.488909487893217	506
-0.12481105168891	1.78552176134295	127
-0.0517509107762599	0.485976898894524	127
-0.0401398580041299	0.492707629107706	386
0.0703868441081701	0.807034365925312	47
0.0249268937195699	1.2795884716539	47
-0.0412422299414701	0.49161470941807	47
-0.0453882713028699	0.491065821848087	47
-0.0453882713028699	0.491065821848087	1191
-0.0450405677986001	0.484932859758814	465
0.0717138128511201	0.807457867769169	275
-0.04159792656106	0.489337286075825	275
-0.0979688767050799	1.82449277960278	26
-0.04159792656106	0.489337286075825	565
-0.0153017581555901	1.4690212731454	343
0.01786744263558	2.19572380731788	127
-0.10625270760447	1.84763041545449	275
0.02418824937038	1.25804175431995	275
-0.1173118164672	2.3814211009698	573
-0.10073141636402	1.07596405541004	1633
-0.0479621547610301	0.484281434940963	343
-0.0450337881962599	0.489974899858239	57
0.0210034222808499	1.26611595164556	14
-0.04648134015328	0.48998410568291	746
-0.04393854515874	0.491057209685398	746
0.06083855942342	0.78949740844192	275
0.0703868441081701	0.807034365925312	275
-0.10782701334196	1.06715417027937	275
0.09653729625518	2.44647426654725	1633
-0.02226693165542	1.45132388317849	506
-0.0468348868246	0.486692367864221	506
-0.10699706686606	1.06974214346094	127
-0.0517509107762599	0.485976898894524	2714
-0.0570848759073199	1.60815752606244	275
0.11178306255466	1.12693437834094	506
-0.06541484625209	2.13335020745268	57
0.0690341572186399	0.790723048115292	465
-0.0468348868246	0.486692367864221	275
0.06083855942342	0.78949740844192	275
-0.0453882713028699	0.491065821848087	573
-0.12132616580628	1.77556379642136	1633
-0.09540439857686	1.07699846975377	1633
0.0666384255300001	0.788391410782668	57
0.07280368997465	0.801127382429996	47
-0.0468348868246	0.486692367864221	465
-0.04393854515874	0.491057209685398	465
-0.10514743446388	1.07044736924711	275
0.11613799391346	1.12853422989432	275
0.02689831127261	1.29040247492016	565
-0.0435831175093799	0.4860389300833	1633
-0.0503000792695401	0.485973419912067	47
-0.10960187561095	1.06012100802629	275
0.0769075904867	0.797547015895299	275
-0.03867863790684	0.489990587090443	275
-0.04648134015328	0.48998410568291	506
-0.0693030555832299	1.59680449444123	57
-0.0450337881962599	0.489974899858239	47
-0.0690946634860601	1.55973991753819	275
-0.0453882713028699	0.491065821848087	465
-0.0507093206378799	0.90189413401487	535
0.11046964496186	1.12337074227104	573
-0.0426981136187199	0.488260410534648	57
-0.0465858864231801	0.917919056840804	47
-0.0422297916534899	0.911694844731526	47
0.02861104336913	1.80967415486024	275
0.0701513798267499	0.798112285981421	465
-0.0453882713028699	0.491065821848087	275
-0.0551402525712801	0.901125318868236	114
-0.05641779919289	1.60753464897334	573
-0.0401398580041299	0.492707629107706	1633
-0.10207189684722	1.0722665323108	127
0.11107600109285	1.12744973507932	47
0.0748473136724199	1.66060072338353	14
-0.05361646685346	0.908376591071996	14
-0.0450337881962599	0.489974899858239	275
-0.0453882713028699	0.491065821848087	275
-0.0401398580041299	0.492707629107706	275
-0.0435831175093799	0.4860389300833	195
0.06761412650483	0.800352775712037	535
0.0171733652353101	1.22641326516771	573
0.11126803928521	1.12588601824136	573
-0.0976302079481299	1.07493985445436	108
0.11218312984862	1.13624062062625	506
0.0330655503092101	1.28458753725527	127
0.0687072263488899	0.794144549178341	57
-0.04648134015328	0.48998410568291	1538
0.0703868441081701	0.807034365925312	1071
0.07473350741888	0.794587624378978	47
0.0788513345709101	0.78638956361574	2552
0.0660972750431901	0.793424923313814	2552
-0.03867863790684	0.489990587090443	275
0.10580722873955	1.11132479055677	275
-0.0426981136187199	0.488260410534648	195
-0.0465029461993001	0.487589009547808	195
-0.0760534685038901	1.71587384601561	127
0.0352264441511101	1.2954402703618	1633
-0.0311733015748901	1.42554945121692	127
-0.0453882713028699	0.491065821848087	275
0.0786073914001899	0.789985061097611	275
-0.0468348868246	0.486692367864221	565
-0.05231868833557	0.909111939814359	565
0.0317055326885101	1.80770596874466	573
-0.10560446980901	1.07398998833094	127
-0.0426981136187199	0.488260410534648	57
-0.0456513455168199	0.923679325795707	161
-0.0435831175093799	0.4860389300833	535
-0.00760595601746994	1.94467868902752	573
0.0832412129794	2.14581867193345	573
0.04660084900365	1.298169022779	3638
-0.10960187561095	1.06012100802629	57
0.10541169278347	1.11911141476561	14
0.0189516365675999	1.78437915327263	14
-0.11372430492296	1.03957567373515	14
0.03771198635405	1.30102669911587	14
-0.04393854515874	0.491057209685398	275
0.08234573582386	0.789840481657458	275
0.06629393122933	0.800830556955224	275
0.01728562879919	1.24203968146356	573
0.11653552101092	1.14304976312402	573
0.0703868441081701	0.807034365925312	573
-0.04159792656106	0.489337286075825	573
-0.04393854515874	0.491057209685398	2951
-0.0401398580041299	0.492707629107706	453
-0.04393854515874	0.491057209685398	14
-0.0401398580041299	0.492707629107706	1535
-0.0450337881962599	0.489974899858239	47
-0.0412422299414701	0.49161470941807	14
-0.0453882713028699	0.491065821848087	14
-0.0517509107762599	0.485976898894524	14
-0.0453882713028699	0.491065821848087	275
-0.0468348868246	0.486692367864221	275
-0.0412422299414701	0.49161470941807	195
0.0624175079273901	0.789262309147399	453
-0.0348497457467101	0.487505243218888	57
0.11349931006311	1.13603733319033	57
0.11723728743946	1.12985233313644	57
0.0232330657744899	1.27557184823483	14
-0.04248569716236	0.487103907991292	161
-0.04393854515874	0.491057209685398	114
-0.10682202536732	1.84623172451094	127
-0.0412422299414701	0.49161470941807	57
-0.0503000792695401	0.485973419912067	57
0.12431473809303	1.12572720182354	57
-0.06174425018171	1.61368987785716	1535
-0.03867863790684	0.489990587090443	47
0.0660972750431901	0.793424923313814	275
-0.05864826809924	0.902563276076877	161
-0.11944177284694	1.03854016444048	161
-0.03748772255452	1.38392732862291	453
-0.0401398580041299	0.492707629107706	929
-0.0424808205417899	0.913372821116264	57
-0.1042640225063	1.07483586979764	57
-0.04159792656106	0.489337286075825	47
-0.11005471175727	1.05767412384341	14
-0.05696041100991	1.60848148216035	14
-0.04648134015328	0.48998410568291	14
-0.0453882713028699	0.491065821848087	275
0.0370263372269399	1.81221064874286	506
-0.04159792656106	0.489337286075825	929
-0.0412422299414701	0.49161470941807	57
0.08018200837611	1.66549810158341	57
-0.04648134015328	0.48998410568291	14
0.06493266273026	0.795584214388428	275
-0.04188439232428	0.923690330704584	275
0.07582095063623	0.803772600889529	275
-0.0453882713028699	0.491065821848087	275
0.0346715588673801	1.29992068935494	275
-0.0503000792695401	0.485973419912067	127
-0.0412422299414701	0.49161470941807	57
0.0662551419060999	0.796008569427114	1678
-0.04792578460344	0.485631123308653	1678
0.0249406857248999	1.81235958050783	14
-0.0422297916534899	0.911694844731526	882
0.00395357410837005	1.93719594226952	2951
-0.04648134015328	0.48998410568291	57
-0.0517509107762599	0.485976898894524	1678
-0.04393854515874	0.491057209685398	57
0.0769075904867	0.797547015895299	47
0.06905957384716	0.80439629318691	47
-0.0998495216583699	1.06595774365233	14
0.10885089399557	1.12141595140091	882
-0.0348497457467101	0.487505243218888	161
-0.0504456792974399	0.904790392491281	2956
0.11693446123468	1.14275356428472	161
-0.10960187561095	1.06012100802629	1793
0.11784814879827	1.14469395101344	47
0.07714819353063	0.802960629731615	14
-0.10740635975381	1.06842724114648	275
-0.11227374452904	1.05559969199479	275
-0.10161382878164	1.07692013804028	565
0.11309765790088	1.12855825632998	127
0.10995263316137	1.12426440008093	1793
0.06083855942342	0.78949740844192	47
-0.04282308619426	0.92208865263228	14
0.0648060784522699	0.790323975763253	195
0.0030569429465499	1.94058686552156	127
0.0584219599332101	0.787317172029354	57
-0.10914747536546	1.05598857453943	47
-0.0348497457467101	0.487505243218888	47
0.07280368997465	0.801127382429996	14
0.0639065493603399	0.79044386627471	1441
0.11562143327275	1.14111153594545	161
-0.0679338309243001	1.60056089226426	565
0.11693446123468	1.14275356428472	565
0.10845992724585	2.02024156125565	127
0.0687072263488899	0.794144549178341	506
-0.0742994229676	1.74397107271204	14
-0.06710209200892	1.59673014741816	789
0.0687072263488899	0.794144549178341	882
-0.0453882713028699	0.491065821848087	275
0.02641171845345	1.27964656542323	161
-0.04376607534921	0.910224804648219	195
0.075789782307	0.78489000124949	195
-0.10745706896247	1.06761581378006	57
0.11147057415287	1.12787087839151	57
0.0734049768074401	0.792812846293566	14
-0.0213735375272199	1.46093908530227	14
-0.0405997075807301	0.925343333700157	14
-0.03867863790684	0.489990587090443	14
0.0673879387471601	0.794603309712501	275
0.0701513798267499	0.798112285981421	161
-0.0513892655818	0.912810140512687	161
-0.0453882713028699	0.491065821848087	195
0.06251873611041	0.792025869992769	573
-0.0450337881962599	0.489974899858239	398
-0.04916268650595	0.90992323178659	127
0.10764043456415	1.11395917988327	127
-0.0348497457467101	0.487505243218888	14
-0.05608306554825	0.906709774192598	14
-0.1069432157138	1.07152771136582	275
0.11723728743946	1.12985233313644	565
-0.0680820106290401	1.57830085527666	127
0.0698811726058901	1.64674087134956	57
-0.0453882713028699	0.491065821848087	14
-0.0669808222372601	1.57907538142309	882
0.0651991094415301	0.791620042971659	14
0.0342820513221001	1.29671941101817	275
-0.04916268650595	0.90992323178659	3260
-0.0566798345667701	0.896721496904172	3260
0.0223557080260901	1.27028308869154	565
0.0819341170153201	2.13613750326254	127
-0.10476596776381	1.07309805583525	398
-0.0401398580041299	0.492707629107706	14
0.12068085322113	1.14294837629123	14
0.112998902361	1.13131963473883	161
0.0720594311609499	0.778204304761348	161
-0.03596148207418	0.486432467057371	161
0.0268090535452701	1.7994360609324	565
-0.0194299970085501	1.90719047189668	398
-0.0434264560035	0.924226779477948	57
0.0703868441081701	0.807034365925312	14
0.03379586714286	1.3012786747185	14
-0.04856153164785	0.917860352921785	275
-0.0399026385322601	0.91028138768563	161
-0.10027145268496	1.07869151777431	127
-0.02733996607196	1.45313523554859	57
-0.0437711579548601	0.917048601837963	127
-0.0424873633045599	0.916020606865666	14
-0.0453882713028699	0.491065821848087	3260
0.12199486311961	1.14588462773785	195
-0.0591246151657801	1.61722319491198	127
0.10672411400296	1.12142816619171	57
0.07999206573831	2.16839408914221	14
0.112998902361	1.13131963473883	14
-0.0437711579548601	0.917048601837963	195
0.0673879387471601	0.794603309712501	57
-0.0415460085208701	0.90777156291432	57
-0.0453882713028699	0.491065821848087	57
-0.04564863294683	0.912213211605784	57
-0.0503000792695401	0.485973419912067	195
-0.0517509107762599	0.485976898894524	2122
0.11409496673419	1.1276538065446	1656
0.0719507577404199	0.796446112466694	573
-0.10161382878164	1.07692013804028	398
-0.0443661427995199	0.922619563650067	506
-0.10963774583292	1.06759546587919	707
-0.04159792656106	0.489337286075825	57
-0.07242481926898	1.72749950114105	57
-0.0517509107762599	0.485976898894524	1552
-0.09540439857686	1.07699846975377	275
-0.04393854515874	0.491057209685398	161
-0.03867863790684	0.489990587090443	1289
-0.04393854515874	0.491057209685398	3
-0.0412422299414701	0.49161470941807	161
-0.0453882713028699	0.491065821848087	2187
0.0714776862188999	0.800703716196944	573
0.10580722873955	1.11132479055677	573
0.06761412650483	0.800352775712037	573
0.0357216929064901	1.27910065276292	573
-0.08911894625026	1.72752456142439	398
0.0665202137715899	0.791170383160884	506
-0.0468348868246	0.486692367864221	3251
-0.00938205323546004	1.44084908939265	57
-0.0453882713028699	0.491065821848087	1531
0.06929519244363	0.797697255741726	57
0.0321088161640599	1.29484091656329	1552
0.0235742062089299	1.27102336009803	789
-0.04393854515874	0.491057209685398	815
-0.0453882713028699	0.491065821848087	1289
-0.0412422299414701	0.49161470941807	3
-0.09892737117011	1.07864936731484	583
0.0690341572186399	0.790723048115292	1656
-0.1042640225063	1.07483586979764	707
0.0703868441081701	0.807034365925312	707
-0.0412422299414701	0.49161470941807	707
-0.0453882713028699	0.491065821848087	1239
0.06905957384716	0.80439629318691	1290
-0.00676344434755993	1.93132345655554	3251
0.08648628707921	1.67962715667049	57
-0.04393854515874	0.491057209685398	57
-0.04248569716236	0.487103907991292	1552
0.02342907739178	2.18352684632101	1552
0.0651991094415301	0.791620042971659	275
-0.0450337881962599	0.489974899858239	1289
-0.0503000792695401	0.485973419912067	1531
-0.0453882713028699	0.491065821848087	57
-0.04393854515874	0.491057209685398	789
-0.0453882713028699	0.491065821848087	14
-0.0465029461993001	0.487589009547808	815
-0.0450405677986001	0.484932859758814	3
-0.0453882713028699	0.491065821848087	2700
-0.11094140706471	1.04895269260153	398
-0.0401398580041299	0.492707629107706	707
-0.0453882713028699	0.491065821848087	1290
-0.0468348868246	0.486692367864221	57
-0.0479621547610301	0.484281434940963	57
-0.04393854515874	0.491057209685398	1000
-0.04393854515874	0.491057209685398	1000
-0.03099884217891	0.480426944421937	57
0.08557939498323	1.68284232038027	57
-0.0435831175093799	0.4860389300833	1552
-0.07342153488229	2.2469219018267	789
-0.0441079972237699	0.918202907355338	275
-0.10652189364304	1.06011426907617	275
0.07582095063623	0.803772600889529	161
-0.0904860478147	1.73225067470132	583
0.0650023200374801	0.799635859648323	583
-0.0402518243860399	0.923437913170731	573
-0.0519762629874601	0.917146096891362	573
-0.04159792656106	0.489337286075825	398
-0.0450337881962599	0.489974899858239	398
-0.0450337881962599	0.489974899858239	506
-0.0557424327242699	0.898808082710785	1338
-0.0479621547610301	0.484281434940963	1290
-0.0503000792695401	0.485973419912067	1000
-0.0453882713028699	0.491065821848087	3251
-0.0426981136187199	0.488260410534648	3137
-0.0450337881962599	0.489974899858239	1552
-0.04393854515874	0.491057209685398	1552
-0.04393854515874	0.491057209685398	789
0.06083855942342	0.78949740844192	275
-0.0426981136187199	0.488260410534648	275
0.0666384255300001	0.788391410782668	275
0.11602021213337	1.12873652048082	275
-0.0453882713028699	0.491065821848087	1124
-0.04159792656106	0.489337286075825	1124
-0.0426981136187199	0.488260410534648	1124
-0.10522820085335	1.06296066850607	583
0.0650023200374801	0.799635859648323	573
0.0321088161640599	1.29484091656329	573
-0.02172501184729	1.43967959062956	398
-0.0468348868246	0.486692367864221	398
-0.0348497457467101	0.487505243218888	707
-0.0453882713028699	0.491065821848087	1000
-0.0397831978713901	0.488909487893217	57
-0.04393854515874	0.491057209685398	57
-0.04648134015328	0.48998410568291	14
-0.04393854515874	0.491057209685398	1552
-0.04159792656106	0.489337286075825	679
-0.04884610787864	0.482105241849398	275
-0.0468348868246	0.486692367864221	815
-0.03596148207418	0.486432467057371	161
0.00322151922101011	2.31538862742307	583
0.1079323639693	2.00649677468463	583
-0.0597012869840701	1.6044891488183	1623
-0.0401398580041299	0.492707629107706	127
-0.04648134015328	0.48998410568291	127
-0.04393854515874	0.491057209685398	707
-0.0437623736411199	0.911352362549489	57
0.06083855942342	0.78949740844192	57
-0.0465029461993001	0.487589009547808	1062
-0.11580608771015	1.83009059491749	736
0.11896040775188	1.1368556364917	679
-0.05456195378857	0.897874707998366	275
0.0639065493603399	0.79044386627471	275
0.06905957384716	0.80439629318691	815
-0.0468348868246	0.486692367864221	815
-0.0412422299414701	0.49161470941807	3
-0.04393854515874	0.491057209685398	195
0.0610680297244	0.788072196378192	707
-0.0435831175093799	0.4860389300833	57
-0.04648134015328	0.48998410568291	57
0.06371017708573	0.796477488281912	57
-0.03631941323805	0.48685860015717	896
-0.0517509107762599	0.485976898894524	1552
0.11359081221941	2.0047726383701	1552
-0.04648134015328	0.48998410568291	2309
-0.04159792656106	0.489337286075825	789
0.11876127548988	1.13372316181811	275
-0.0453882713028699	0.491065821848087	2048
-0.04159792656106	0.489337286075825	2048
0.11764169218383	1.1382697461348	1623
-0.05334559238493	1.60870907709297	1623
-0.0399026385322601	0.91028138768563	573
-0.04659233249798	0.912859724495083	127
-0.0450337881962599	0.489974899858239	57
-0.05199402681515	0.901962416497495	57
-0.0453882713028699	0.491065821848087	1062
-0.0401398580041299	0.492707629107706	1062
-0.04648134015328	0.48998410568291	1552
-0.0401398580041299	0.492707629107706	736
-0.0450337881962599	0.489974899858239	789
-0.0412422299414701	0.49161470941807	973
-0.0453882713028699	0.491065821848087	2280
-0.0468348868246	0.486692367864221	57
-0.0450337881962599	0.489974899858239	57
-0.0453882713028699	0.491065821848087	1552
-0.04393854515874	0.491057209685398	736
-0.04159792656106	0.489337286075825	14
-0.04792578460344	0.485631123308653	259
-0.0453882713028699	0.491065821848087	789
-0.0401398580041299	0.492707629107706	2048
-0.03631941323805	0.48685860015717	195
-0.0412422299414701	0.49161470941807	195
-0.0426981136187199	0.488260410534648	1124
-0.0412422299414701	0.49161470941807	707
-0.0374289507290699	0.48578937094864	57
-0.09851246056568	1.07058584209226	57
-0.0468348868246	0.486692367864221	334
0.12137228415173	1.12568287005194	246
-0.0426981136187199	0.488260410534648	246
-0.0450337881962599	0.489974899858239	246
-0.04792578460344	0.485631123308653	259
-0.04393854515874	0.491057209685398	3
-0.04393854515874	0.491057209685398	3
-0.04159792656106	0.489337286075825	3171
0.0570984686875899	0.784216189333434	246
-0.04393854515874	0.491057209685398	57
-0.04393854515874	0.491057209685398	275
-0.04648134015328	0.48998410568291	3
-0.0397831978713901	0.488909487893217	3
-0.04393854515874	0.491057209685398	195
0.06905957384716	0.80439629318691	127
0.06905957384716	0.80439629318691	127
-0.10737982830591	1.0593589781717	57
-0.0479621547610301	0.484281434940963	57
-0.04393854515874	0.491057209685398	57
-0.0435831175093799	0.4860389300833	789
-0.0504471305943901	0.905595627805737	57
-0.0329342365476899	1.42515259753528	127
-0.0154318285524799	1.46818006959683	275
0.11086812936154	1.13459940750786	275
0.11824866623605	1.1425356352448	195
0.12136293324056	2.43076364230092	57
-0.0327146137172201	2.02780885980269	259
-0.04599496688161	0.92465607668814	275
-0.10115418940666	1.07429018095913	3
0.07449339049613	0.801962693736397	3
0.0650023200374801	0.799635859648323	127
-0.0892018365948899	1.7088132501931	57
-0.0994366217748499	1.07337601909298	14
-0.05267158129615	0.909961163048385	3667
0.0963157376569801	1.06787720113928	275
-0.04599496688161	0.92465607668814	275
0.0703868441081701	0.807034365925312	377
-0.12246522950658	1.24341287002298	57
0.11147057415287	1.12787087839151	57
-0.04648134015328	0.48998410568291	627
-0.0450337881962599	0.489974899858239	275
-0.0443661427995199	0.922619563650067	3
-0.05514714601187	0.891689479400337	195
-0.07642000002907	2.24859391012753	127
-0.0453882713028699	0.491065821848087	57
-0.0348497457467101	0.487505243218888	14
-0.04648134015328	0.48998410568291	275
-0.1087525624155	1.06917122864192	3
0.0639065493603399	0.79044386627471	195
-0.04393854515874	0.491057209685398	426
-0.0393145443029299	0.925037681985631	57
0.0610680297244	0.788072196378192	57
0.1095543070779	1.13098347836414	627
0.000684096416879942	1.93186972966617	259
-0.07138093473202	1.5792778217536	195
-0.0412422299414701	0.49161470941807	127
0.0660972750431901	0.793424923313814	3667
0.0638425099865601	0.794596926536509	195
-0.10206801048345	1.07113342003195	195
-0.04159792656106	0.489337286075825	426
-0.0517272963789199	0.901994696216299	14
-0.11102420713214	1.04485035962867	3
-0.0469360618938901	0.923041358497123	195
-0.10341784779311	1.07307597267168	426
-0.04505446773579	0.916413500388825	426
-0.0401398580041299	0.492707629107706	426
-0.0468348868246	0.486692367864221	391
-0.04787053985741	0.916274823051588	275
-0.0513892655818	0.912810140512687	3
-0.11283713769687	1.0474819907507	377
0.0748905159501201	1.67566820124537	57
-0.0985815262131899	1.05609157579307	259
0.0703868441081701	0.807034365925312	426
-0.0435831175093799	0.4860389300833	57
-0.0348497457467101	0.487505243218888	936
0.0812633221952901	0.795866972498483	259
0.12259587830034	1.12402259437733	123
0.0231617806806701	2.21404455892918	391
-0.11408868375479	1.05448781076202	3
-0.0361386618572099	0.919780836846218	3
0.0720761347478001	0.786735867671008	195
-0.04787053985741	0.916274823051588	193
-0.04248569716236	0.487103907991292	426
0.03771198635405	1.30102669911587	1388
-0.10341067877269	1.06612874441109	627
0.0785903617311301	1.65890238559269	391
0.0639065493603399	0.79044386627471	3
0.0755809993940499	0.79576600509465	127
-0.0227710409480699	1.45792665722318	377
-0.04648134015328	0.48998410568291	57
-0.0426981136187199	0.488260410534648	123
-0.0450337881962599	0.489974899858239	391
-0.0650271384196	1.60088787903675	275
0.06371017708573	0.796477488281912	3
0.0373976921310999	1.29967485195632	627
-0.0453882713028699	0.491065821848087	627
-0.0192987957865001	1.89880462025566	259
-0.11005471175727	1.05767412384341	193
0.0714776862188999	0.800703716196944	57
-0.06011700922227	1.57512061044403	427
0.11016014579646	1.12554738915833	123
-0.0894744078696099	1.73209186240667	57
0.07412938648184	0.799431649536959	259
0.0734049768074401	0.792812846293566	391
-0.05325979424383	0.914812831084915	137
-0.10249675949241	1.07252729567407	193
-0.000526763293569932	1.89484979411694	57
-0.0517509107762599	0.485976898894524	14
-0.04505446773579	0.916413500388825	3
0.07714819353063	0.802960629731615	427
0.0834986571793901	1.68781696587805	259
0.0692712852853401	0.791519401429986	123
0.00128376368390004	2.29095161594238	14
-0.03631941323805	0.48685860015717	391
-0.0517509107762599	0.485976898894524	195
0.12007467974321	1.13352362379124	57
0.0440824173312	1.80797498274365	259
-0.04792578460344	0.485631123308653	123
0.1185544173722	1.13059962163995	137
0.0308191593084799	1.29647237558752	3
-0.05622343803742	1.61848130332548	391
-0.0468348868246	0.486692367864221	391
-0.09716799649313	1.07357562107516	137
-0.02134703158082	1.44438797937978	57
0.0321088161640599	1.29484091656329	57
0.0673879387471601	0.794603309712501	391
0.0665202137715899	0.791170383160884	3
-0.04869233787661	1.6175955153446	57
0.11653552101092	1.14304976312402	57
-0.0397831978713901	0.488909487893217	57
-0.0338128421938599	1.43357418881113	57
-0.10921219295464	1.05996954935775	427
-0.00954325208174001	2.27276226320555	57
0.06905957384716	0.80439629318691	14
-0.0412422299414701	0.49161470941807	123
-0.0401398580041299	0.492707629107706	123
-0.0426981136187199	0.488260410534648	391
-0.04727849298877	0.922305146735278	391
0.11613799391346	1.12853422989432	917
-0.04967007315904	1.59535885388297	57
-0.0977297534922801	1.85874913576842	57
-0.04792578460344	0.485631123308653	57
0.0874605789821901	1.68776816943488	14
-0.05347415409763	1.62278038381293	259
0.0717138128511201	0.807457867769169	391
-0.10295450275982	1.07321225942324	137
0.10803771612651	1.12213549445468	14
-0.0478809654432699	0.906022528095472	14
-0.0593494038965701	1.57909056865506	57
0.0324354829520299	1.29832796149699	627
-0.04599496688161	0.92465607668814	259
-0.0522315964378699	0.901631228296738	193
-0.02051518019434	1.46324508567519	57
-0.0468348868246	0.486692367864221	57
-0.09990333769365	1.06415277206887	152
-0.0504456792974399	0.904790392491281	152
-0.0887489732247799	1.05362036722158	427
-0.0684708996940699	1.5929921597106	57
-0.0303163659930501	1.43494827364096	259
0.0651991094415301	0.791620042971659	123
-0.0927111296585099	1.07666207249556	123
0.0955235235337999	1.69172843488148	57
0.07026594827711	0.791881320739229	427
0.06648909798212	0.793349671169786	57
-0.10203744477732	1.06151038348831	57
0.04069886843843	1.82679506728427	14
-0.09142688387789	1.07282502273003	193
-0.10334457987655	1.05456149285419	57
0.0638425099865601	0.794596926536509	427
-0.1069432157138	1.07152771136582	57
-0.0412422299414701	0.49161470941807	123
-0.0329839737226501	0.911625824474927	527
-0.1087525624155	1.06917122864192	57
-0.04599496688161	0.92465607668814	57
-0.0494077553332399	0.916745201046687	57
0.03515812431461	1.30217802310473	152
-0.0408560064405299	0.913652221099501	57
-0.0469360618938901	0.923041358497123	57
-0.0412422299414701	0.49161470941807	259
-0.03867863790684	0.489990587090443	123
0.0255335163886701	1.29039340353231	527
-0.0424808205417899	0.913372821116264	57
0.0657723307574201	1.62702825565471	57
0.01992155523754	1.23397106938975	57
-0.0401398580041299	0.492707629107706	57
-0.04159792656106	0.489337286075825	57
-0.11542951158185	1.05294149670461	14
-0.04471095424489	0.925292967788079	527
-0.0191159864255599	1.46425945321985	193
-0.0396623122019499	0.917139259990878	193
-0.0892178146984399	1.06201772650976	57
-0.04282308619426	0.92208865263228	57
-0.0412422299414701	0.49161470941807	57
0.12047693568653	1.14226642843738	391
-0.10560446980901	1.07398998833094	193
-0.0672271993579701	1.57342874783936	57
0.0761378915254201	1.66054176774038	57
0.0836722282430999	0.785956489576846	57
-0.0465858864231801	0.917919056840804	123
0.06761412650483	0.800352775712037	527
-0.11228756856892	1.05184543508178	917
-0.04471095424489	0.925292967788079	193
0.06228675054051	0.786295461642644	57
-0.03990891255732	0.912391893630262	57
-0.0523334516234399	0.911219653929393	57
0.11369260940414	1.12903998030414	527
0.11653552101092	1.14304976312402	57
0.0424956736715101	1.29535023956031	14
0.0755809993940499	0.79576600509465	123
0.0719507577404199	0.796446112466694	123
0.0650023200374801	0.799635859648323	123
0.12179309784215	1.13755961238221	137
-0.0312665827823899	1.39309970089655	57
-0.0217414816669901	1.46568208639806	57
-0.0450337881962599	0.489974899858239	57
-0.0584557158670001	1.60156881394545	152
0.01918215416076	1.25633936690482	123
-0.0523334516234399	0.911219653929393	14
0.07412938648184	0.799431649536959	527
-0.05855749623526	0.885250863198255	527
0.12462640581011	1.14518029372484	527
-0.04539242705983	0.909754837193944	137
0.0730404754656799	0.805716297602441	3
-0.0292937512825799	1.43435242614732	917
0.0354525706334601	1.80986181886634	57
-0.0127752368504901	1.89127564020834	57
-0.0497659370935899	0.912456900106155	57
-0.04307933568622	0.909513157157873	57
0.11309765790088	1.12855825632998	123
-0.0469360618938901	0.923041358497123	123
0.11238603139603	1.12977750651922	527
-0.10605993738421	1.07058103476572	3
0.03248582834287	1.29356462627958	57
0.0743668273220499	0.800000659186269	57
0.1229066139436	1.13493598158671	527
0.10106082604498	1.09542756142332	527
0.0662551419060999	0.796008569427114	3
-0.0376786493632999	0.913997666035941	57
0.0293909039733999	1.29306827703248	57
-0.09582182617934	1.07446340528725	57
-0.0626096194227499	1.59726943430012	259
-0.03578643067831	0.907543903984462	123
0.08513762542	0.775854712136965	1959
0.0361039635482401	1.29730471230715	57
-0.05903820236585	1.59583178973035	57
-0.05231868833557	0.909111939814359	123
-0.0411896962709799	0.912699358809601	123
-0.0453064244183199	0.911847448371912	123
0.0338551911939999	1.29563780419558	527
0.02193059000135	1.2830649708935	3
-0.04153769492717	0.923739548640697	193
-0.0273638222824499	1.43985084618884	57
0.0378401831680499	2.21642440465044	57
-0.11227374452904	1.05559969199479	57
-0.09821833079725	1.04177832632949	137
0.02902211905299	1.82485251096658	57
-0.0203542489216	1.45258315294767	57
-0.05325979424383	0.914812831084915	57
0.01976750306241	1.25937171919955	123
-0.0329342365476899	1.42515259753528	123
-0.0222061829659601	1.42606969877328	123
0.0833780557866799	1.67485072234842	193
-0.0105968720212699	1.41641796483609	152
-0.02806819851189	1.4335401445582	152
-0.0937014044564599	1.73418519582152	427
0.11653552101092	1.14304976312402	57
-0.0976302079481299	1.07493985445436	123
-0.02699321976777	1.4495560680706	14
-0.11635533055229	1.04010485127264	527
0.0299410394278199	1.29460081749135	527
-0.09809084469023	1.06842993550544	226
0.0266101859619201	1.79670340970373	57
0.0385872230668101	1.29967817098001	57
0.10764043456415	1.11395917988327	57
-0.0307392824178001	0.912283781492697	57
-0.0342695241275299	0.913301643418629	152
-0.05770404060749	0.897029947596535	57
0.03162455826712	1.28203589374479	123
-0.0434264560035	0.924226779477948	527
0.06794727744892	0.789750456823628	3
-0.0453007591171	0.917628524383174	193
-0.0453007591171	0.917628524383174	193
-0.03170035966431	1.40995207931418	57
-0.0471845210980499	0.908029631303586	57
0.12159300542251	1.13205525850051	803
-0.11143983092466	1.06584616171357	527
-0.11854206142563	1.03780130781158	57
-0.0504456792974399	0.904790392491281	57
0.0650023200374801	0.799635859648323	1261
-0.0479621547610301	0.484281434940963	57
0.0679669568919701	0.795117762229217	14
-0.0401398580041299	0.492707629107706	14
0.0731655177813899	0.79572921804573	123
-0.0468348868246	0.486692367864221	123
-0.04393854515874	0.491057209685398	1832
-0.0468348868246	0.486692367864221	137
-0.04648134015328	0.48998410568291	193
0.0795598128585799	0.791893759756822	193
-0.0401398580041299	0.492707629107706	193
0.0734051397069899	1.64508204935836	1349
-0.0465029461993001	0.487589009547808	57
-0.04393854515874	0.491057209685398	57
-0.03631941323805	0.48685860015717	1261
-0.0450337881962599	0.489974899858239	57
-0.0401398580041299	0.492707629107706	57
-0.0401398580041299	0.492707629107706	57
-0.0450337881962599	0.489974899858239	57
-0.04792578460344	0.485631123308653	57
-0.0374289507290699	0.48578937094864	57
-0.03596148207418	0.486432467057371	527
-0.03596148207418	0.486432467057371	527
-0.0426981136187199	0.488260410534648	193
-0.0426981136187199	0.488260410534648	193
-0.0465029461993001	0.487589009547808	193
-0.0196573080493601	1.45961721043489	57
0.0706231275959299	0.798124052962526	427
0.0688247753909299	0.791345125916077	1261
-0.0503000792695401	0.485973419912067	57
-0.04159792656106	0.489337286075825	57
-0.0465029461993001	0.487589009547808	123
0.06629393122933	0.800830556955224	57
0.0730404754656799	0.805716297602441	527
0.0755809993940499	0.79576600509465	3
-0.04393854515874	0.491057209685398	193
-0.11005471175727	1.05767412384341	57
0.06794727744892	0.789750456823628	57
0.11329294985371	1.11048899613511	57
0.06629393122933	0.800830556955224	57
0.0303562743797701	1.29075812804701	57
-0.05831003197701	0.897564909781328	14
-0.10338112939712	1.07388253642156	527
0.0340600510014699	1.82946280642111	57
-0.0861014075509201	1.72094718051226	57
-0.06477720884009	1.60176926995268	57
-0.0463372917216001	0.91410467010281	57
0.01952538466426	1.78088205048159	57
0.0819926451643001	1.67390651935203	57
0.0946739575384099	1.69617696818497	57
-0.06190121121885	1.59945823325911	57
-0.0513892655818	0.912810140512687	527
0.0424956736715101	1.29535023956031	226
0.0293909039733999	1.29306827703248	226
-0.0187406233252401	1.90543136846151	57
0.0884195770678799	1.69461270730038	57
0.03515812431461	1.30217802310473	57
-0.08784995337261	1.06484027161076	57
0.12462640581011	1.14518029372484	57
-0.0424873633045599	0.916020606865666	57
-0.02313397449984	1.46240506336165	57
0.08970062579102	1.69372051232103	427
-0.10657269915058	1.05931808634804	57
-0.04753935644685	0.91244887477375	57
-0.0450337881962599	0.489974899858239	137
-0.0504456792974399	0.904790392491281	57
0.11562143327275	1.14111153594545	57
-0.04393854515874	0.491057209685398	57
-0.0479621547610301	0.484281434940963	57
-0.0443661427995199	0.922619563650067	57
-0.0322401610177701	1.42853393795207	14
-0.0397831978713901	0.488909487893217	1634
0.11541046162321	1.12718713071319	163
-0.11133904549014	1.83518667062075	57
0.06493266273026	0.795584214388428	57
-0.08633513141953	1.7310504263484	57
-0.10871812016213	1.05920878149383	119
-0.0435831175093799	0.4860389300833	1634
-0.0994366217748499	1.07337601909298	119
-0.0650271384196	1.60088787903675	57
-0.0435831175093799	0.4860389300833	226
-0.0878675746462201	1.73627811804138	57
-0.1138845342711	1.82805796432563	3110
-0.06177829765091	1.59731737489253	1634
-0.07325450449108	1.57146213654912	57
0.0690341572186399	0.790723048115292	57
0.0167107505256501	1.25047852551393	427
-0.0405997075807301	0.925343333700157	57
-0.0513892655818	0.912810140512687	57
-0.11420607239028	1.84223439632183	1634
0.11178306255466	1.12693437834094	527
-0.04393854515874	0.491057209685398	163
0.11178306255466	1.12693437834094	228
0.0706231275959299	0.798124052962526	228
0.0786073914001899	0.789985061097611	57
-0.04648134015328	0.48998410568291	57
-0.04393854515874	0.491057209685398	57
-0.04159792656106	0.489337286075825	2005
-0.0401398580041299	0.492707629107706	427
-0.04648134015328	0.48998410568291	57
0.0583699923055401	0.779583738362705	57
0.0786073914001899	0.789985061097611	57
0.06929519244363	0.797697255741726	14
-0.0435831175093799	0.4860389300833	2005
-0.0450337881962599	0.489974899858239	163
0.06629393122933	0.800830556955224	57
-0.0450405677986001	0.484932859758814	57
-0.04393854515874	0.491057209685398	137
0.11784814879827	1.14469395101344	228
-0.0610705466014301	1.59950262698072	1634
0.07582095063623	0.803772600889529	226
-0.04159792656106	0.489337286075825	57
-0.0435831175093799	0.4860389300833	57
-0.04727849298877	0.922305146735278	163
-0.10115418940666	1.07429018095913	226
0.08557939498323	1.68284232038027	57
0.0638425099865601	0.794596926536509	163
-0.0396623122019499	0.917139259990878	163
0.0346715588673801	1.29992068935494	57
-0.0993892340301801	1.07773170812346	57
-0.0456513455168199	0.923679325795707	57
-0.0401398580041299	0.492707629107706	57
0.06905957384716	0.80439629318691	119
-0.04248569716236	0.487103907991292	57
-0.03631941323805	0.48685860015717	226
0.0280869870240199	1.29259404901511	57
0.03331130331624	1.29697772814229	57
-0.0426981136187199	0.488260410534648	163
-0.0374289507290699	0.48578937094864	226
-0.07740429275262	1.72458478414646	228
0.0314719618831101	1.27107297956038	57
-0.10826339202263	1.06026943136932	57
-0.09851246056568	1.07058584209226	119
-0.0504456792974399	0.904790392491281	1227
-0.04648134015328	0.48998410568291	137
0.11409369383732	1.12431474532837	1394
0.02836552964753	1.2701067092877	427
-0.05351590696495	0.90506573855407	57
-0.12258912063311	1.21834194828402	57
0.10976714690514	1.12330845277134	57
0.05303334577372	1.28810701782873	57
-0.04648134015328	0.48998410568291	57
-0.0497525653888	0.912053996829086	14
0.10237687829887	1.09613376377345	226
-0.0504456792974399	0.904790392491281	57
-0.10476596776381	1.07309805583525	1227
-0.10027145268496	1.07869151777431	137
0.0703868441081701	0.807034365925312	1394
0.0701513798267499	0.798112285981421	137
0.0799355210689501	0.795297258508092	228
-0.0639788986306999	1.59535158650552	57
-0.0789418990878401	1.74088818872699	57
-0.02699321976777	1.4495560680706	57
0.00187523878144003	1.94354085745969	57
-0.0456513455168199	0.923679325795707	14
0.0324354829520299	1.29832796149699	1394
-0.0962859388941899	1.07794902938213	1394
-0.0547997303069101	0.906630850943866	228
0.01936805382118	1.27043758563551	57
-0.0591610773672	1.60741746310356	119
0.01911377696172	2.17688647874545	57
-0.09236971735032	1.73707937898393	57
-0.04159792656106	0.489337286075825	57
0.12239813910867	1.14469198923518	57
-0.0368392153708501	0.909477945524926	119
0.11339453083781	1.12357245128754	1394
-0.0402518243860399	0.923437913170731	57
-0.10960187561095	1.06012100802629	119
0.09618822039295	1.69406814787407	57
-0.09184108855481	1.07155059417402	57
-0.04648134015328	0.48998410568291	57
-0.0435831175093799	0.4860389300833	57
-0.11723078952767	1.03128213581357	1394
-0.0401398580041299	0.492707629107706	1394
0.06905957384716	0.80439629318691	137
0.11500962654846	1.12955402639847	57
0.0703868441081701	0.807034365925312	57
-0.0949599489783499	1.7073464258836	1181
0.0730404754656799	0.805716297602441	14
-0.04564863294683	0.912213211605784	1181
0.06894018726966	0.797991249064816	1394
-0.0421397000696899	2.45931553910535	57
0.06083855942342	0.78949740844192	1705
-0.04393854515874	0.491057209685398	632
-0.0412422299414701	0.49161470941807	57
-0.0412422299414701	0.49161470941807	293
0.0238490744381299	1.26209930840484	137
-0.0647573814150999	2.13063297675595	57
-0.10569501856116	1.04535489761797	57
-0.0318829546589901	1.44891589515809	57
-0.04159792656106	0.489337286075825	57
-0.02613472494852	1.44599106633577	137
0.0720761347478001	0.786735867671008	137
0.0673879387471601	0.794603309712501	57
0.0842997922058799	1.68910416419933	57
-0.0902557168305	1.73802022653609	505
-0.0412422299414701	0.49161470941807	3078
-0.0471964497030299	0.907393466077021	1705
0.08110489039308	1.67379157564198	57
0.0244836875255701	1.27736965259468	812
-0.10782701334196	1.06715417027937	57
-0.05456195378857	0.897874707998366	14
0.06246969327167	0.775010588232029	1394
-0.0480999368601101	2.15222618696874	57
0.11916195318116	1.14447241835695	57
-0.0426981136187199	0.488260410534648	14
0.11330092560956	1.11910434231146	293
0.07449339049613	0.801962693736397	57
-0.0426981136187199	0.488260410534648	617
0.0703868441081701	0.807034365925312	57
-0.0666889036568401	1.60235357862493	293
0.0701513798267499	0.798112285981421	1394
-0.04727849298877	0.922305146735278	1394
-0.10828026352531	1.06726955112006	440
-0.11425748564969	2.40243359427954	57
-0.09716799649313	1.07357562107516	812
0.0772560801134701	1.65984799407725	1394
-0.10338112939712	1.07388253642156	57
-0.0583064768117401	0.894541598503203	57
-0.04393854515874	0.491057209685398	617
-0.0453007591171	0.917628524383174	57
-0.0453882713028699	0.491065821848087	440
-0.05392126848625	1.59824423754685	57
0.11525686537351	2.03722420966586	57
-0.05267158129615	0.909961163048385	57
-0.11454377601545	1.04485283651492	57
-0.0401398580041299	0.492707629107706	57
-0.04393854515874	0.491057209685398	57
-0.04393854515874	0.491057209685398	617
-0.0507872837755801	0.907365096490933	1394
-0.0453882713028699	0.491065821848087	1394
-0.04648134015328	0.48998410568291	1394
0.11522134482859	1.11907364611616	617
-0.0519762629874601	0.917146096891362	57
-0.0453882713028699	0.491065821848087	1394
0.0714776862188999	0.800703716196944	1394
-0.0453882713028699	0.491065821848087	1394
-0.0453882713028699	0.491065821848087	440
-0.0401398580041299	0.492707629107706	440
0.11178306255466	1.12693437834094	797
-0.0503000792695401	0.485973419912067	57
-0.0154318285524799	1.46818006959683	812
-0.0611233435349301	0.886762123013269	57
-0.0348497457467101	0.487505243218888	57
0.0263400129593701	1.26431981719864	293
-0.0393145443029299	0.925037681985631	137
0.0706231275959299	0.798124052962526	427
-0.0468348868246	0.486692367864221	505
-0.04393854515874	0.491057209685398	763
0.11965761114412	2.05212489736429	1394
-0.04159792656106	0.489337286075825	57
0.0755809993940499	0.79576600509465	812
0.12199486311961	1.14588462773785	57
-0.0497525653888	0.912053996829086	1394
0.0717138128511201	0.807457867769169	133
0.0266804577390001	1.28363085072973	57
0.0639065493603399	0.79044386627471	166
0.06493266273026	0.795584214388428	57
0.11653552101092	1.14304976312402	812
-0.04159792656106	0.489337286075825	505
0.0660972750431901	0.793424923313814	345
-0.0450337881962599	0.489974899858239	57
0.0872294907039299	2.14186156994486	1376
0.0650023200374801	0.799635859648323	57
0.0246548012026	1.28852732256117	1394
-0.0374289507290699	0.48578937094864	1394
-0.10338112939712	1.07388253642156	1394
-0.03109440140116	0.914522006196558	1394
-0.0976302079481299	1.07493985445436	137
-0.0945801170987799	1.70819434202195	57
-0.0273500144829399	2.06393698139559	57
0.0719507577404199	0.796446112466694	57
-0.1042640225063	1.07483586979764	812
-0.04916268650595	0.90992323178659	505
-0.05395340188344	0.905175761708426	14
-0.03310249473088	1.42894038966276	1002
0.06493266273026	0.795584214388428	851
0.07449339049613	0.801962693736397	57
-0.04882315227301	0.914045202636107	57
0.0660972750431901	0.793424923313814	3383
0.07473350741888	0.794587624378978	14
-0.03867863790684	0.489990587090443	1394
-0.04792578460344	0.485631123308653	345
-0.0453882713028699	0.491065821848087	812
0.0688247753909299	0.791345125916077	57
0.0570984686875899	0.784216189333434	3383
-0.12214288658535	1.03024735304577	1394
-0.0170131277288399	1.88492170599927	1394
-0.05814195734932	1.6000766686443	505
0.06629393122933	0.800830556955224	57
0.06629393122933	0.800830556955224	812
0.05974514847552	0.78851565291543	505
0.06371017708573	0.796477488281912	57
-0.0450337881962599	0.489974899858239	3383
-0.10472138395672	1.0730372086649	1394
0.06629393122933	0.800830556955224	1394
0.12068085322113	1.14294837629123	812
-0.04316859756916	0.919795466641332	57
-0.0453882713028699	0.491065821848087	57
0.0717138128511201	0.807457867769169	57
-0.10648807473492	1.06960176368029	1394
0.11784814879827	1.14469395101344	166
-0.10917685443518	1.05592822289565	57
-0.0453882713028699	0.491065821848087	1153
-0.04792578460344	0.485631123308653	1153
-0.03631941323805	0.48685860015717	57
0.0703868441081701	0.807034365925312	2314
0.06905957384716	0.80439629318691	57
-0.0450337881962599	0.489974899858239	57
-0.04159792656106	0.489337286075825	57
0.0709441634242001	2.11408701302121	2314
-0.0573310002609999	1.59100201309176	853
-0.11770261322369	1.03772860165215	57
-0.04248569716236	0.487103907991292	57
-0.0453882713028699	0.491065821848087	57
-0.10560446980901	1.07398998833094	274
0.12088061346805	1.13564984028084	1002
-0.04393854515874	0.491057209685398	57
-0.0397831978713901	0.488909487893217	57
-0.05347415409763	1.62278038381293	57
-0.0648201240711299	2.13000283959733	57
-0.04648134015328	0.48998410568291	1002
0.07905592458611	1.67855780362094	57
0.03162455826712	1.28203589374479	274
-0.0453882713028699	0.491065821848087	57
0.0714776862188999	0.800703716196944	812
-0.0450405677986001	0.484932859758814	2314
0.0636098640576399	0.793010187764851	14
-0.0531986137434599	0.481686443078168	674
-0.11014134056285	1.05000849306673	1394
-0.0503000792695401	0.485973419912067	345
0.06773200665896	0.797493334056868	57
0.11916195318116	1.14447241835695	57
-0.07138093473202	1.5792778217536	57
-0.11493883783817	1.04413880570249	1394
0.07280368997465	0.801127382429996	812
-0.04159792656106	0.489337286075825	812
0.0796917524422001	0.784061478978276	14
-0.0453882713028699	0.491065821848087	1015
0.06905957384716	0.80439629318691	1394
0.07449339049613	0.801962693736397	1394
0.0595163419992799	0.788298487905879	345
-0.0465029461993001	0.487589009547808	57
-0.04648134015328	0.48998410568291	57
-0.0374289507290699	0.48578937094864	57
-0.11232540688902	1.06427402548611	57
0.10659964631303	1.99539000051218	812
-0.04393854515874	0.491057209685398	812
-0.0570236276612801	0.896788962045422	107
-0.0465029461993001	0.487589009547808	14
-0.0531986137434599	0.481686443078168	14
-0.09892737117011	1.07864936731484	674
0.0429875351189599	1.30028026814529	1394
-0.04648134015328	0.48998410568291	57
0.11693446123468	1.14275356428472	57
0.07582095063623	0.803772600889529	57
-0.11542951158185	1.05294149670461	674
0.0819926451643001	1.67390651935203	674
0.11249118944917	2.00951937969216	674
-0.11408868375479	1.05448781076202	1394
0.06251873611041	0.792025869992769	57
-0.0479621547610301	0.484281434940963	14
0.0584219599332101	0.787317172029354	14
0.10580722873955	1.11132479055677	674
0.0779852585626	1.6607524196867	57
0.0398534106564801	2.23876256262584	57
-0.0673543601181401	1.58348374750511	57
-0.0506129904282899	1.60780354500803	14
0.11976814133334	1.14101976698945	57
0.0852209027309601	1.67245424617003	14
-0.0396623122019499	0.917139259990878	674
0.03331130331624	1.29697772814229	469
0.11016014579646	1.12554738915833	14
0.11277810182645	1.1188553358217	674
0.0650023200374801	0.799635859648323	274
0.06905957384716	0.80439629318691	1394
0.02112615077805	1.26183685056378	57
-0.0453882713028699	0.491065821848087	14
-0.04648134015328	0.48998410568291	57
0.11026801395136	1.11379547209563	274
-0.04159792656106	0.489337286075825	57
-0.0435831175093799	0.4860389300833	107
-0.10292187049429	1.07406679929981	14
-0.0453882713028699	0.491065821848087	57
-0.11415781803778	1.83665047112483	57
0.0714776862188999	0.800703716196944	1676
-0.04792578460344	0.485631123308653	57
-0.0426981136187199	0.488260410534648	57
-0.0525783091094301	0.896979853620266	323
-0.04247627496309	0.912974890833604	323
0.11936801561816	1.13733942778847	1394
0.0293909039733999	1.29306827703248	57
-0.04753935644685	0.91244887477375	906
-0.04393854515874	0.491057209685398	469
-0.04648134015328	0.48998410568291	323
-0.03059546225885	2.0332529286582	57
-0.04916268650595	0.90992323178659	2565
0.07412938648184	0.799431649536959	2565
0.0687072263488899	0.794144549178341	107
-0.06177829765091	1.59731737489253	469
-0.05267158129615	0.909961163048385	57
0.0810189089721001	0.789273824389394	906
-0.04393854515874	0.491057209685398	57
-0.0465029461993001	0.487589009547808	57
0.06629393122933	0.800830556955224	57
0.0636098640576399	0.793010187764851	323
0.0773896156007501	0.788984787259289	14
-0.0573659117799099	0.905388234124268	674
0.11936801561816	1.13733942778847	674
-0.0696111330565701	2.10138917144174	3055
-0.04248569716236	0.487103907991292	813
0.0346715588673801	1.29992068935494	469
-0.09456548004382	2.17771983476974	3055
0.1105031656198	2.01070825277569	3055
-0.0453882713028699	0.491065821848087	57
-0.03867863790684	0.489990587090443	323
-0.10249875455427	1.0638910195526	323
-0.03063405885811	1.43343507658324	323
0.06119464852235	0.785321770211079	176
0.07449339049613	0.801962693736397	107
-0.02051518019434	1.46324508567519	469
-0.02768287457722	1.45478402507335	14
-0.0134847590671701	1.91719425703943	57
0.0703868441081701	0.807034365925312	107
-0.08784995337261	1.06484027161076	469
0.0651991094415301	0.791620042971659	14
-0.0873788459707401	1.07163418123906	274
0.06371017708573	0.796477488281912	14
-0.10027145268496	1.07869151777431	674
-0.11060170632954	1.04546952107803	274
-0.04648134015328	0.48998410568291	176
-0.0441079972237699	0.918202907355338	176
-0.04393854515874	0.491057209685398	17
-0.04792578460344	0.485631123308653	274
0.06216046842741	0.789051343065144	274
0.0703868441081701	0.807034365925312	536
0.11277810182645	1.1188553358217	107
0.0687072263488899	0.794144549178341	14
-0.0412422299414701	0.49161470941807	274
-0.0450337881962599	0.489974899858239	17
-0.0463372917216001	0.91410467010281	107
0.1229066139436	1.13493598158671	469
-0.0465029461993001	0.487589009547808	57
-0.03867863790684	0.489990587090443	674
-0.04393854515874	0.491057209685398	274
-0.04648134015328	0.48998410568291	536
-0.04159792656106	0.489337286075825	274
-0.0468348868246	0.486692367864221	2113
-0.0252767154884499	1.43123653850154	57
-0.04693257238919	0.910587449483483	813
-0.04393854515874	0.491057209685398	57
-0.0435831175093799	0.4860389300833	57
-0.04648134015328	0.48998410568291	57
-0.10605993738421	1.07058103476572	107
-0.04792578460344	0.485631123308653	107
-0.0881233671009301	2.41728836974452	57
-0.0435831175093799	0.4860389300833	674
-0.11270811331684	1.04191064595665	813
-0.0401398580041299	0.492707629107706	57
0.0277932207017899	1.81422518586153	107
-0.04792578460344	0.485631123308653	14
-0.0632700997061599	1.59223734742938	57
0.07280368997465	0.801127382429996	813
-0.04159792656106	0.489337286075825	57
0.0273007201425299	1.27824646871837	469
-0.0453882713028699	0.491065821848087	14
0.0595163419992799	0.788298487905879	2191
0.07280368997465	0.801127382429996	57
0.0703868441081701	0.807034365925312	57
-0.03867863790684	0.489990587090443	674
-0.04648134015328	0.48998410568291	274
-0.0468348868246	0.486692367864221	17
0.0851518309174299	1.67289424967632	813
-0.0320268365535501	0.912974230132617	107
-0.03596148207418	0.486432467057371	461
-0.0465029461993001	0.487589009547808	461
-0.0435831175093799	0.4860389300833	461
-0.0412422299414701	0.49161470941807	17
-0.0267641173800599	2.05761550930757	57
-0.10296841187853	1.83609970336809	323
0.0748905159501201	1.67566820124537	17
0.0690341572186399	0.790723048115292	17
-0.0469360618938901	0.923041358497123	107
-0.0355546050138	0.91259213176541	323
-0.0301036031374999	1.43360600342958	17
-0.0450337881962599	0.489974899858239	14
-0.10560446980901	1.07398998833094	17
0.02987278128965	1.29620100167739	674
-0.0922774743930901	1.72478780623404	813
-0.0383592502488399	1.42033439013489	674
0.06648909798212	0.793349671169786	813
0.0074445283995499	1.93877186582894	107
-0.05257451146082	0.899526708179025	107
0.0382008340672699	1.29764535762193	17
-0.09582182617934	1.07446340528725	674
0.0687072263488899	0.794144549178341	813
-0.0468348868246	0.486692367864221	323
0.11653552101092	1.14304976312402	323
0.11562143327275	1.14111153594545	813
-0.0500693402563599	2.1680202027883	107
-0.0396623122019499	0.917139259990878	323
0.0610680297244	0.788072196378192	203
-0.04539242705983	0.909754837193944	323
0.12068085322113	1.14294837629123	14
-0.0450337881962599	0.489974899858239	323
-0.11720254961793	1.04072605752435	674
-0.10472138395672	1.0730372086649	674
-0.1092511996573	1.04720130441514	813
-0.0980453465465101	1.07769205671066	813
-0.11353447478918	1.82180968333763	107
0.0717138128511201	0.807457867769169	323
-0.0412422299414701	0.49161470941807	323
-0.04248569716236	0.487103907991292	203
-0.0543005552217499	1.62039316840347	17
-0.0426981136187199	0.488260410534648	323
-0.0412422299414701	0.49161470941807	323
-0.0399026385322601	0.91028138768563	323
-0.0512728080417899	1.61749676399169	323
-0.05395340188344	0.905175761708426	674
0.0638425099865601	0.794596926536509	323
-0.05361646685346	0.908376591071996	17
0.10541169278347	1.11911141476561	17
0.0799355210689501	0.795297258508092	17
0.0399515577090599	1.30173574353108	17
0.0313100873624299	1.29348383319724	107
-0.0998495216583699	1.06595774365233	323
-0.10560446980901	1.07398998833094	323
-0.03867863790684	0.489990587090443	17
-0.0453882713028699	0.491065821848087	17
-0.0517509107762599	0.485976898894524	17
-0.04393854515874	0.491057209685398	17
0.07823386320572	0.796760919939203	323
0.06043388477399	2.08794801686065	323
0.0158821695520199	2.17078988166266	323
0.0692712852853401	0.791519401429986	17
-0.10560446980901	1.07398998833094	17
-0.0506922497015501	0.917786638270386	17
-0.05420149670243	0.906837737262896	107
0.0287689335063499	1.75817790205495	107
-0.10249875455427	1.0638910195526	107
0.08259079002669	0.791893387448281	323
-0.09544805684052	1.67280672710652	203
-0.11050598799829	1.04505959055927	17
-0.04505446773579	0.916413500388825	107
-0.03752097259258	2.02966781688215	323
-0.0453882713028699	0.491065821848087	323
-0.10383762719152	1.06884512345608	323
-0.0994315174085001	1.0574137032782	323
-0.0450337881962599	0.489974899858239	2697
-0.04393854515874	0.491057209685398	2697
-0.09892737117011	1.07864936731484	323
0.07280368997465	0.801127382429996	323
-0.04159792656106	0.489337286075825	2697
0.12239813910867	1.14469198923518	323
-0.0443661427995199	0.922619563650067	643
0.11653552101092	1.14304976312402	17
-0.10161382878164	1.07692013804028	323
0.03827261650952	1.28684263012865	643
0.11317974419738	1.11402775726428	17
-0.10528132844538	2.29553863273596	107
0.12016296075868	2.46736716175223	323
-0.0564223911762301	0.899816808257445	203
0.11278218061529	1.12857138361978	17
0.08648628707921	1.67962715667049	643
0.0651991094415301	0.791620042971659	17
0.11764169218383	1.1382697461348	486
-0.05831003197701	0.897564909781328	107
-0.04648134015328	0.48998410568291	323
0.0660972750431901	0.793424923313814	323
-0.0321177919458699	0.479383153990354	643
-0.04648134015328	0.48998410568291	643
-0.0397831978713901	0.488909487893217	452
-0.05395340188344	0.905175761708426	323
0.0673879387471601	0.794603309712501	107
-0.04393854515874	0.491057209685398	10
-0.04159792656106	0.489337286075825	287
-0.04648134015328	0.48998410568291	643
-0.0503000792695401	0.485973419912067	250
0.0337532673532901	1.82076560984332	323
-0.04792578460344	0.485631123308653	287
-0.0450337881962599	0.489974899858239	486
-0.0412422299414701	0.49161470941807	486
-0.0401398580041299	0.492707629107706	486
-0.0453882713028699	0.491065821848087	486
-0.04248569716236	0.487103907991292	486
0.0789032258034901	1.67277899387916	486
-0.03837785530144	0.916853822621037	1813
0.07582095063623	0.803772600889529	1813
-0.0453882713028699	0.491065821848087	955
-0.0503000792695401	0.485973419912067	323
-0.0902557168305	1.73802022653609	323
-0.04648134015328	0.48998410568291	808
-0.04792578460344	0.485631123308653	10
0.0701513798267499	0.798112285981421	10
-0.04159792656106	0.489337286075825	287
0.12331004681519	1.14662608479542	107
-0.04282308619426	0.92208865263228	107
-0.0441079972237699	0.918202907355338	323
0.0651991094415301	0.791620042971659	643
-0.04159792656106	0.489337286075825	250
-0.03867863790684	0.489990587090443	452
-0.05163252877541	0.909776639921946	10
-0.0450337881962599	0.489974899858239	643
-0.04792578460344	0.485631123308653	287
0.0673879387471601	0.794603309712501	808
-0.0426981136187199	0.488260410534648	486
0.0346715588673801	1.29992068935494	1297
-0.0412422299414701	0.49161470941807	10
-0.10560446980901	1.07398998833094	287
-0.04159792656106	0.489337286075825	643
0.06083855942342	0.78949740844192	486
0.0626134586467499	0.787358483162585	203
0.07059495878121	0.790746932923038	287
-0.04648134015328	0.48998410568291	808
-0.10027145268496	1.07869151777431	107
-0.0785233316798	1.73664121335527	107
-0.0508926820290601	1.61660957778845	107
-0.0648110865151501	1.59052972032503	203
-0.0838090372513001	1.73624747852942	323
0.0703868441081701	0.807034365925312	287
-0.04316859756916	0.919795466641332	486
-0.0434264560035	0.924226779477948	203
-0.0468348868246	0.486692367864221	131
-0.0387111901163999	0.915898956838236	250
-0.10963774583292	1.06759546587919	287
-0.0453882713028699	0.491065821848087	808
0.0907300796044701	1.65987002159349	287
-0.04648134015328	0.48998410568291	287
-0.0940586186141199	1.07788619562459	131
-0.0494077553332399	0.916745201046687	323
-0.11457571831835	1.83042761115575	107
-0.04599496688161	0.92465607668814	107
-0.0453882713028699	0.491065821848087	131
-0.03867863790684	0.489990587090443	287
-0.03867863790684	0.489990587090443	287
-0.0159756152502399	1.46243036899582	486
-0.0495040319376301	0.916260886053364	2986
-0.04792578460344	0.485631123308653	1795
-0.0453882713028699	0.491065821848087	1795
-0.0426981136187199	0.488260410534648	1795
0.06629393122933	0.800830556955224	1795
-0.0529172541256899	0.90913607423889	287
0.07714819353063	0.802960629731615	486
-0.05199402681515	0.901962416497495	107
-0.0450337881962599	0.489974899858239	131
-0.11546766404352	1.04804748177382	287
-0.0401398580041299	0.492707629107706	486
0.0650023200374801	0.799635859648323	131
0.0285738793691801	1.29368176539214	287
-0.0374251619953001	0.91906683793072	287
-0.1015741218887	1.8501423497638	486
-0.0397831978713901	0.488909487893217	1795
-0.0453882713028699	0.491065821848087	1795
0.06216046842741	0.789051343065144	287
0.0673879387471601	0.794603309712501	287
-0.03109440140116	0.914522006196558	486
-0.04393854515874	0.491057209685398	131
0.0227578794578101	1.2700996156068	131
-0.0453882713028699	0.491065821848087	287
-0.0412422299414701	0.49161470941807	131
0.11936801561816	1.13733942778847	203
-0.0453882713028699	0.491065821848087	203
-0.10430214576106	1.07149963983041	287
-0.11093865867439	1.05858343577847	486
-0.03867863790684	0.489990587090443	10
0.10670212238198	2.46558304635934	10
0.0717138128511201	0.807457867769169	131
-0.04159792656106	0.489337286075825	439
-0.0495040319376301	0.916260886053364	287
-0.10073141636402	1.07596405541004	486
0.0673879387471601	0.794603309712501	203
-0.09892737117011	1.07864936731484	203
-0.10916425359011	1.06292664474209	486
-0.0412422299414701	0.49161470941807	287
-0.0412422299414701	0.49161470941807	287
-0.0412422299414701	0.49161470941807	287
-0.10611237371571	1.07131867487919	486
-0.11003207891901	1.04359207561688	287
0.0373976921310999	1.29967485195632	287
-0.0164205158806801	2.37586900524493	1585
-0.0503000792695401	0.485973419912067	10
-0.08506066974121	1.74384967284973	203
-0.10871812016213	1.05920878149383	287
0.0244836875255701	1.27736965259468	287
0.12331004681519	1.14662608479542	287
0.11562143327275	1.14111153594545	287
-0.0954629468675801	1.07055652853889	486
-0.10383762719152	1.06884512345608	287
0.0394099941994199	1.26781426688261	287
0.0429875351189599	1.30028026814529	287
-0.0374289507290699	0.48578937094864	131
-0.0380289034601	0.922521641578188	287
0.06905957384716	0.80439629318691	287
-0.01909060309328	1.45935353734826	287
-0.0412422299414701	0.49161470941807	10
0.0581938207469801	0.785193524974265	287
-0.0409462913077301	0.915511852596346	486
-0.0519762629874601	0.917146096891362	131
0.12199486311961	1.14588462773785	131
-0.0426981136187199	0.488260410534648	943
-0.0203455184943	1.4678138957806	287
0.06516596550042	0.795022296079777	131
0.02649312646012	1.26446496792965	287
-0.0531986137434599	0.481686443078168	131
-0.04316859756916	0.919795466641332	131
0.0267237226260399	1.28737079873758	131
0.0706231275959299	0.798124052962526	943
-0.0605315371972199	1.60444999780815	943
-0.0570506840012399	1.61609598741788	287
-0.10476596776381	1.07309805583525	287
0.0717138128511201	0.807457867769169	203
-0.0361386618572099	0.919780836846218	131
-0.10522820085335	1.06296066850607	287
-0.0468348868246	0.486692367864221	486
0.03434841243303	1.28163432685632	107
0.0241706028930699	1.28859064298788	373
0.0650023200374801	0.799635859648323	287
-0.10073141636402	1.07596405541004	203
-0.04648134015328	0.48998410568291	287
0.06789663604499	0.768979373220535	287
-0.04822029100669	0.920694758552088	203
-0.11009705169716	1.06831130270395	203
-0.114774614917	1.84338388251403	74
-0.0412422299414701	0.49161470941807	75
-0.0453882713028699	0.491065821848087	75
0.11500779450911	1.13460190194235	131
-0.02227632853173	1.45982317038689	287
-0.0507093206378799	0.90189413401487	203
0.12442064488726	1.13157315606015	287
-0.0273179381436199	1.44300813186513	287
-0.10565046346021	1.07151943966091	287
-0.0437711579548601	0.917048601837963	287
-0.0517272963789199	0.901994696216299	203
-0.0564223911762301	0.899816808257445	75
-0.10921219295464	1.05996954935775	373
-0.0523334516234399	0.911219653929393	131
0.11936801561816	1.13733942778847	131
0.0584219599332101	0.787317172029354	131
0.07280368997465	0.801127382429996	131
-0.0446352780655199	1.9872832125462	131
-0.0513892655818	0.912810140512687	75
-0.04471095424489	0.925292967788079	131
-0.04393854515874	0.491057209685398	131
-0.0976978989097499	1.06687327575879	287
0.0651991094415301	0.791620042971659	287
0.0610680297244	0.788072196378192	287
0.11914287275383	1.12840200776118	203
-0.10739679298379	1.06633510373477	287
-0.0564223911762301	0.899816808257445	203
0.11936801561816	1.13733942778847	75
-0.09590430570666	2.32497315125012	107
-0.0976302079481299	1.07493985445436	287
-0.10605993738421	1.07058103476572	287
-0.04599496688161	0.92465607668814	203
0.11693446123468	1.14275356428472	287
0.11186655865494	1.11489873685166	287
-0.05831003197701	0.897564909781328	75
0.1185544173722	1.13059962163995	75
-0.0426840182878101	0.481869506806391	287
-0.10786789985278	1.0608274271007	203
-0.09116761789589	2.19984158890111	74
0.00437503959506991	1.94655315740662	131
-0.0519762629874601	0.917146096891362	74
0.12239813910867	1.14469198923518	131
-0.0453882713028699	0.491065821848087	203
0.0638425099865601	0.794596926536509	75
-0.0909050410254799	2.20266753916708	131
0.03515812431461	1.30217802310473	203
0.0714776862188999	0.800703716196944	203
0.0703868441081701	0.807034365925312	203
-0.0453882713028699	0.491065821848087	203
0.075789782307	0.78489000124949	75
0.0262814404337699	1.28534591383754	1506
-0.10828026352531	1.06726955112006	287
0.01617663624809	1.25940233245337	203
-0.0453882713028699	0.491065821848087	287
-0.0412422299414701	0.49161470941807	75
-0.04884610787864	0.482105241849398	75
-0.04393854515874	0.491057209685398	75
-0.0479621547610301	0.484281434940963	75
-0.0469360618938901	0.923041358497123	75
-0.03134602644062	1.44701327259905	1110
0.0535344254694201	1.29037077854495	75
-0.0456513455168199	0.923679325795707	131
-0.0811095934417301	1.75083878072588	203
-0.0513892655818	0.912810140512687	75
0.11613799391346	1.12853422989432	75
-0.00991634772076999	2.43350517904296	287
-0.0450337881962599	0.489974899858239	75
0.0874605789821901	1.68776816943488	131
-0.0523334516234399	0.911219653929393	203
0.07122207028968	2.12288262468726	131
0.09005898472497	1.6707026439113	131
0.02945213128924	1.29555347751433	384
-0.087596393219	2.1996596108124	131
0.0368362398856099	1.29559376588016	203
0.0780498705759301	1.66338008233117	287
0.0673879387471601	0.794603309712501	131
-0.0494077553332399	0.916745201046687	131
0.10976714690514	1.12330845277134	131
-0.0507093206378799	0.90189413401487	131
-0.0576398102158999	0.874994492599809	75
0.0570984686875899	0.784216189333434	75
0.0570984686875899	0.784216189333434	384
-0.09540439857686	1.07699846975377	131
-0.12386739726078	1.24592411868677	75
-0.0174009512931499	1.44565477041657	384
-0.04248569716236	0.487103907991292	131
-0.0873788459707401	1.07163418123906	131
0.07280368997465	0.801127382429996	131
0.0386536633999099	1.81393327727057	75
-0.0513892655818	0.912810140512687	75
0.0650023200374801	0.799635859648323	384
-0.0393145443029299	0.925037681985631	2225
-0.10027145268496	1.07869151777431	1036
-0.0519762629874601	0.917146096891362	75
-0.05010645561376	0.914136723856593	2225
-0.0430804546731101	0.919511896334956	131
-0.0239964660454399	1.45553131194888	1036
-0.0529251685926699	0.896088890684036	75
0.0235215408685301	2.19018930057886	131
-0.1042640225063	1.07483586979764	75
-0.05010645561376	0.914136723856593	75
0.03331130331624	1.29697772814229	75
0.07473350741888	0.794587624378978	75
-0.0134461568597699	1.90836464794539	384
0.0717138128511201	0.807457867769169	131
0.08205685230252	1.68499860701606	75
0.12298949960392	2.056058228106	75
0.07238588806604	2.15063068810579	384
0.0324354829520299	1.29832796149699	131
-0.0612395521354501	1.59742438328612	131
-0.0468348868246	0.486692367864221	131
-0.00618347351297999	1.46506373000575	1026
-0.0390597543458	0.909622953653133	131
-0.10611237371571	1.07131867487919	75
-0.04505446773579	0.916413500388825	597
-0.04505446773579	0.916413500388825	1011
-0.0140189130272701	1.46259711656752	75
0.06905957384716	0.80439629318691	75
-0.09758158093081	1.07667405063827	1026
-0.0503000792695401	0.485973419912067	60
-0.0450337881962599	0.489974899858239	1011
-0.0450405677986001	0.484932859758814	60
-0.04792578460344	0.485631123308653	1011
-0.0531986137434599	0.481686443078168	358
0.06629393122933	0.800830556955224	75
-0.0465029461993001	0.487589009547808	597
-0.04393854515874	0.491057209685398	2250
-0.0412422299414701	0.49161470941807	60
-0.03867863790684	0.489990587090443	60
-0.1092511996573	1.04720130441514	75
-0.0450337881962599	0.489974899858239	60
-0.0453882713028699	0.491065821848087	3008
-0.0468348868246	0.486692367864221	60
-0.0401398580041299	0.492707629107706	3008
-0.0374289507290699	0.48578937094864	60
-0.04393854515874	0.491057209685398	60
0.0570984686875899	0.784216189333434	60
-0.04648134015328	0.48998410568291	933
-0.0435831175093799	0.4860389300833	60
0.0717138128511201	0.807457867769169	75
-0.04564863294683	0.912213211605784	60
-0.0453882713028699	0.491065821848087	60
0.06905957384716	0.80439629318691	933
-0.04648134015328	0.48998410568291	60
-0.1087525624155	1.06917122864192	60
0.0888934599906599	1.68678770750045	75
-0.04153769492717	0.923739548640697	60
0.11672840668362	1.12793536729003	60
-0.0412422299414701	0.49161470941807	60
-0.0401398580041299	0.492707629107706	75
-0.0137176000219501	1.44953760176873	75
0.0529588756311401	0.772512432230224	60
-0.0517509107762599	0.485976898894524	75
-0.11182312566579	1.05430326471985	75
-0.0401398580041299	0.492707629107706	75
-0.0468348868246	0.486692367864221	2539
-0.0453882713028699	0.491065821848087	2539
-0.03631941323805	0.48685860015717	75
-0.0450337881962599	0.489974899858239	60
-0.0453882713028699	0.491065821848087	933
-0.04393854515874	0.491057209685398	75
-0.0348497457467101	0.487505243218888	933
0.0810189089721001	0.789273824389394	60
0.0241099119232799	1.27428436195443	933
-0.11143983092466	1.06584616171357	933
-0.0401398580041299	0.492707629107706	75
-0.10921219295464	1.05996954935775	75
0.0320483347376801	1.26703509855794	933
-0.0369899740008599	2.0369726097492	75
-0.0998135146236601	1.06069425173115	75
-0.10517679579782	1.06273600428022	60
-0.12096913968338	1.24234668567284	933
0.0262098002492099	2.22405802886487	75
0.00965426891167009	2.31841267389328	75
0.10803771612651	1.12213549445468	75
-0.11013744208219	1.05282273732992	75
-0.0507093206378799	0.90189413401487	933
-0.0450337881962599	0.489974899858239	75
0.06259477357015	1.55432621854334	75
-0.0397831978713901	0.488909487893217	75
-0.04393854515874	0.491057209685398	75
-0.0468348868246	0.486692367864221	60
0.0260197272737901	1.28853872787673	75
-0.0405997075807301	0.925343333700157	933
-0.09808559093141	2.33270542963197	75
0.112998902361	1.13131963473883	60
-0.0273179381436199	1.44300813186513	75
0.03123280059391	1.29618575804247	75
0.0325946943517701	1.29429482111284	60
0.03074892489012	1.29485305072554	75
-0.03015301765861	1.43210380653252	60
-0.08711796177358	1.72855043577331	75
-0.02989865387215	2.3801618824867	1839
-0.10484990343205	2.43686171361738	1839
-0.0395596531606499	2.04258916650242	1839
-0.10916425359011	1.06292664474209	60
0.0697064513944099	2.14718246844417	1839
-0.0250631674147901	1.4529292683874	1839
0.11470678350741	1.12712130019995	1839
0.0315755330608301	1.8133170964793	75
0.11744904738849	1.13210289728318	1839
-0.04884610787864	0.482105241849398	75
-0.0401398580041299	0.492707629107706	1839
-0.0453882713028699	0.491065821848087	60
-0.04393854515874	0.491057209685398	60
-0.0969061038733601	1.69076179393358	75
0.06905957384716	0.80439629318691	1839
0.06629393122933	0.800830556955224	1839
-0.0453882713028699	0.491065821848087	75
-0.04648134015328	0.48998410568291	60
-0.04393854515874	0.491057209685398	60
-0.08976001139049	1.72151114093366	75
-0.0497659370935899	0.912456900106155	75
-0.04393854515874	0.491057209685398	75
0.11349931006311	1.13603733319033	75
0.0651991094415301	0.791620042971659	60
-0.09673146373401	1.06841706137216	75
0.06629393122933	0.800830556955224	75
-0.0989683094618301	1.07060740995733	75
0.11562143327275	1.14111153594545	60
0.0650023200374801	0.799635859648323	1775
0.0786073914001899	0.789985061097611	60
-0.0573659117799099	0.905388234124268	60
-0.0453882713028699	0.491065821848087	60
-0.10914747536546	1.05598857453943	75
0.03355888220322	1.29196299147677	60
-0.02592241137597	1.44490815248948	60
-0.00293034461879005	1.93888650634172	75
0.03242913622357	1.83149221919711	75
0.11824866623605	1.1425356352448	75
-0.04393854515874	0.491057209685398	1719
0.0717138128511201	0.807457867769169	60
-0.04159792656106	0.489337286075825	75
0.03040230781492	1.26564918098645	1719
-0.10073141636402	1.07596405541004	75
-0.06586229900853	2.13070041771713	75
-0.1049074435902	1.86210219866476	75
0.0762777175713401	1.67862457121069	75
-0.11449007708456	1.81228049366717	75
