x	y
-0.526418386848564	0.204314992368531
-0.99160532010116	0.505778587229041
-1.5208643075246	0.552186247107342
-0.724716701361779	0.253084880212333
-1.67249477659624	0.960415524300744
-2.28361142919572	1.18123677773886
-0.62935300969794	0.153342878403685
-1.8211417211846	0.751312028200316
0.157056474373317	0.0303984095560313
0.165310764697054	0.0422104497686673
-3.76085193858471	1.516389149945
-0.338232313416877	0.0987458905293902
-0.340869162586215	0.0994476453021484
0.157056474373317	0.0303984095560313
-2.57507908676252	0.680490038595289
-0.625469527156518	0.152450282737538
0.157631418222578	0.0304971390385879
-0.618737201948444	0.150559036504414
-0.622314221648084	0.151717296808394
-0.622314221648084	0.151717296808394
-1.79541110556836	0.406108159138969
-1.79541110556836	0.406108159138969
-3.45335843018676	1.237143568277
0.526475289805826	0.193047228245027
0.953397312790705	0.252738122158945
-2.57450915234243	0.686119713628322
-0.347555636251828	0.100540132112443
-0.307857810110821	0.142953961858063
-0.347343651948862	0.100521829573696
-3.46164602167476	1.25116087441461
-0.338232313416877	0.0987458905293902
0.95292022183415	0.255029382628136
0.168213647836342	0.0427717891925395
0.953397312790705	0.252738122158945
0.157631418222578	0.0304971390385879
-1.14016935299318	0.348638213237076
0.166760634916841	0.0427859605507963
-0.625469527156518	0.152450282737538
-2.57450915234243	0.686119713628322
0.168213647836342	0.0427717891925395
0.168213647836342	0.0427717891925395
-2.57507908676252	0.680490038595289
-0.624582031923329	0.153403426322781
-1.79522376365631	0.406159618358576
2.75863284516271	0.79267969100207
-2.57450915234243	0.686119713628322
-0.729903352754239	0.254204229928182
-1.13074478212004	0.3459795805111
0.168213647836342	0.0427717891925395
0.156422543419747	0.0472980918883861
-1.79541110556836	0.406108159138969
-0.729903352754239	0.254204229928182
-3.08560892508393	0.959287165776606
-2.57450915234243	0.686119713628322
-0.624582031923329	0.153403426322781
-1.51513633099547	0.548077569901583
-0.727076542516005	0.253677508869169
-0.489398878339951	0.25504616450126
-0.518945913103219	0.201612309704566
-0.323730940625208	0.149749050634185
0.667073956986921	0.214335437648368
-0.346338838256578	0.100875906320348
0.138920554075148	0.0478149779208171
-1.81697249352039	0.755161927952963
-0.345896359412486	0.100748738523468
-1.13074478212004	0.3459795805111
-2.57393942994101	0.680804613621979
-0.222901125507273	0.07385839070143
-1.51279643757503	0.547771213649107
-0.342091382580869	0.0996589886024872
-1.13345886337206	0.34828321496857
-0.155632044447629	0.0566138894894388
-0.525102425077991	0.203568491059548
0.156634201293332	0.0476265114655575
0.166760634916841	0.0427859605507963
-0.399090488436148	0.170073668796408
-1.02849046705274	0.419931822610547
-0.218965144969334	0.0721608079673242
-0.344447158055429	0.0995152480238567
-3.45549576669823	1.25034460620717
0.665634133294312	0.212359847860864
-0.730123386031477	0.256802322226565
-0.722963972614807	0.250154165661167
-0.721903010717535	0.251442136891875
0.523979603602765	0.191000633185462
-0.225400119271266	0.0740149655022009
-1.79522376365631	0.406159618358576
0.158321872008447	0.03054890339565
-0.628447709775194	0.153171179772782
-0.350454717877603	0.101552906153879
-1.74565978941308	2.18906537415163
-1.51940297937032	0.550464997835271
-0.725669351344178	0.254938132698188
0.95292022183415	0.255029382628136
-0.524401134131976	0.203663422455522
-1.2750472124855	0.586390015079827
0.154912398361221	0.0531785910107974
0.141595248893409	0.0490443609015525
0.957871568697817	0.254705443855955
-0.349006134070706	0.101786523630064
-1.03279141777036	0.417914440602884
-0.726850409013166	0.253447860915049
-3.08976598879865	0.953303162204477
0.161910749638676	0.0490513039831909
0.526475289805826	0.193047228245027
0.663034678171856	0.21290337117364
-0.727076542516005	0.253677508869169
-0.346073388722937	0.100232951232175
-1.79541110556836	0.406108159138969
-0.0663404192151828	0.0291756320885271
-0.343816891455429	0.0996962776646578
-0.619634069394611	0.151716324023864
-3.76202423087017	1.51342722555874
0.155992320396775	0.0532108958797618
0.157056474373317	0.0303984095560313
0.144530836188186	0.0497609179041408
-0.347528305961503	0.100672430355311
-0.623203514518812	0.152886975065438
0.668257563820224	0.216585127844403
0.819969888194891	0.348170168417168
-2.0678734357667	0.955680313656345
0.951547874681655	0.253003737941398
-0.724489220764226	0.25507339261849
-2.57393942994101	0.680804613621979
-3.46056115971004	1.25132587477871
-1.28732017148272	0.595307771520904
-3.07968455989498	0.963635125148535
-1.5208643075246	0.552186247107342
-0.727076542516005	0.253677508869169
-0.319912743689129	0.148379626511564
-0.730123386031477	0.256802322226565
1.03654154158417	0.402707767551167
-1.0248480889871	0.413348830270468
2.55427890384008	1.4472911738782
-0.338232313416877	0.0987458905293902
-1.51659726126421	0.549787550108874
0.168213647836342	0.0427717891925395
-1.5208643075246	0.552186247107342
3.26454918998549	1.12582035861405
0.957871568697817	0.254705443855955
-0.149161738676502	0.0542989954328882
-0.623203514518812	0.152886975065438
-0.518945913103219	0.201612309704566
0.157819500886876	0.0479964018015095
-0.344718928168882	0.101170101330633
0.162378104800928	0.0310834456145106
0.1535714904589	0.0530493054972145
-0.622314221648084	0.151717296808394
-0.223445396665255	0.0731100986253306
0.166760634916841	0.0427859605507963
0.1588995276689	0.0306480879354901
3.26735525568462	1.11469211429917
-1.02849046705274	0.419931822610547
-1.79541110556836	0.406108159138969
-0.228358576380837	0.0754206022353645
0.950654218295308	0.25253240285929
-0.355695524668971	0.102942167041969
-0.217602968474122	0.072079936429114
-1.02849046705274	0.419931822610547
-2.57450915234243	0.686119713628322
-0.623695063230009	0.152227657420805
-0.623203514518812	0.152886975065438
0.158321872008447	0.03054890339565
-1.51659726126421	0.549787550108874
-0.622314221648084	0.151717296808394
-1.19387078648774	1.2034862844944
-1.1499189813927	0.972883340281789
0.332292995021593	0.184039483290158
0.144049997367881	0.0558397456595895
0.144418071472831	0.0692832401870381
-0.410695148189784	0.174087275578746
-0.622314221648084	0.151717296808394
0.135258156202137	0.0585783791053786
-0.220404038835599	0.0729168656391525
-0.953567811297249	0.57941289466213
-0.719194001735348	0.251086827288541
0.440468977584402	0.180297638600963
-1.51659726126421	0.549787550108874
-0.62409333671727	0.15194082521988
-0.395674248652604	0.168391716204085
-0.102221048657667	0.0411285428770169
-0.00988944030141084	0.00485845854569112
0.140466801939987	0.0602916736664756
0.165310764697054	0.0422104497686673
-0.350454717877603	0.101552906153879
0.136854502189591	0.0528578021260024
-1.13238101744968	0.345367402292769
-0.221755533699252	0.0734151122801483
-0.725057503672806	0.251523130664391
-0.719194001735348	0.251086827288541
-0.351639245332709	0.102368245698131
0.161486408205213	0.0413117168731846
2.12041844499872	0.96077521211255
-1.1412609968196	0.35088828313214
-3.07968455989498	0.963635125148535
2.12574920114994	0.949261965187769
0.531808783502716	0.194187277674226
-4.0042435470187	1.77262287616576
0.442788089425193	0.181172539640702
-0.343816891455429	0.0996962776646578
-0.220610815050773	0.0725929304678882
-1.13453748317733	0.348386420481102
0.159003857627083	0.0480265128738231
0.15217592618318	0.0460645385354346
-0.227212618004882	0.0750820913651819
0.442213944161843	0.180035215421578
-0.730123386031477	0.256802322226565
1.45461172869713	0.491065821848087
-0.339412770165686	0.0990063673017856
-0.405371619690847	0.173316494832004
0.153773809483776	0.0463295199784768
-0.625469527156518	0.152450282737538
-0.624582031923329	0.153403426322781
-0.625469527156518	0.152450282737538
0.157631418222578	0.0304971390385879
-0.400062396642448	0.170601933136714
0.157589470914045	0.10068459005347
0.154671538116993	0.0817347441288946
-0.065449021002455	0.0283602877436484
2.74259583742685	1.72004178733985
-0.0701911728468523	0.0301985842330431
-3.07880362658843	0.963967696821091
-0.106323353352413	0.0427384873366191
-0.344718928168882	0.101170101330633
0.673290374161129	0.21539984522156
0.1535714904589	0.0530493054972145
0.143445720753174	0.0557160838352611
-1.50286267273483	0.779384179751265
-0.624582031923329	0.153403426322781
0.525131259349727	0.192999914873943
0.4350233073277	0.177923778576483
2.34922022319258	1.19928102992922
-0.623203514518812	0.152886975065438
0.815705372076796	0.351565174973888
-0.229722716539759	0.0759270068257283
0.161791665747346	0.0309826798878848
-1.1412609968196	0.35088828313214
-1.82373483340545	0.759520768730619
-1.13707413454834	0.346951163921623
-1.02734963908132	0.419609489752489
0.145954636563838	0.0504439336364752
-2.57994643475892	0.682934722662173
0.175814837814698	0.0440558167231384
0.158031704426094	0.0479750742787413
-0.62409333671727	0.15194082521988
-3.75565007208521	1.51176851969756
-0.340869162586215	0.0994476453021484
-3.07880362658843	0.963967696821091
-0.342366844950387	0.0999187527730966
-0.52402013054653	0.203694200281952
-1.43411525126917	1.51222598623219
0.448411020367713	0.322456041913367
-1.09542391539232	0.741835411296731
-1.23532388541504	0.914644859650348
-0.395674248652604	0.168391716204085
-0.228575803073719	0.0755878378969254
-0.613137872499033	0.298078623231947
-0.796937085826692	0.439419711255689
-1.82373483340545	0.759520768730619
-0.22458825905564	0.0738605087191762
0.518326741577634	0.188934006826496
-1.29008873192822	0.589793852899105
0.140215739707294	0.0544615577459193
-1.02871170775367	0.417044529530206
-0.522938609184387	0.203337039703685
-1.81814593327299	0.757477944035012
0.144722032390523	0.0561741813106704
-1.13384470910725	0.346451671342812
-0.224253139168393	0.073796430498605
1.57003232504343	0.791841314550571
-0.52402013054653	0.203694200281952
-0.337052788373784	0.0977805881937846
-0.105018196900244	0.0423002004785251
-0.485777886397382	0.254050207289114
-0.342366844950387	0.0999187527730966
-0.623203514518812	0.152886975065438
0.164278215865622	0.0494439084469955
-0.347343651948862	0.100521829573696
-0.624582031923329	0.153403426322781
-0.725669351344178	0.254938132698188
1.77258387969141	0.999361972585377
1.45351865984672	0.48998410568291
0.15625990713939	0.0473604698624763
-1.51425919312654	0.549483381615373
-0.508491707819843	0.376008151305585
-0.80119648932216	0.747395726631611
-1.34921560959687	1.10139944069012
-0.402166081772512	0.225288868901687
-0.111335955364491	0.0448322141937914
-0.777166111300207	0.345035430219314
1.02157588088623	0.955532784424142
0.336791292531384	0.183980120657066
-0.1652320307871	0.0593767424701762
-0.395991800617787	0.168840395606477
-0.151756236463228	0.0557391336018927
-1.84690558452317	1.18175312361887
0.33541356062733	0.183631051074993
-0.720724982768529	0.249295208299825
1.45846230507283	0.923739548640697
-0.102406220099274	0.0411302498165056
0.156634201293332	0.0476265114655575
-0.343542423818443	0.10090975164114
-0.0599736137601478	0.0263087379336249
0.394340726947812	0.180095090167645
0.687907190802619	0.325826319444052
-0.343542423818443	0.10090975164114
0.673553513601153	0.218109822226041
1.03634162491416	0.3991693364154
-0.4006866669445	0.168969938115005
-2.07355228642512	0.96496503568204
-1.13492041310201	0.349384486959602
-0.339412770165686	0.0990063673017856
-0.528775863609232	0.204514779646363
-0.343542423818443	0.10090975164114
-0.623203514518812	0.152886975065438
-0.998815415671675	0.497658935459228
0.161486408205213	0.0413117168731846
0.166760634916841	0.0427859605507963
-0.339689629328073	0.0991873938654728
-0.308299997853827	0.143070950496121
0.144616061493927	0.0500253520513714
-0.230012458515889	0.0753532621356428
0.161910749638676	0.0490513039831909
-0.721903010717535	0.251442136891875
-0.104085245392243	0.041980675436062
0.689859582303827	0.330466967885979
-1.27739737104297	0.582756555170029
0.524938478553276	0.192889918548823
-1.6818775999092	0.970676525221855
-0.524131265471028	0.202505065683573
-0.223224030014746	0.0737859552848937
-4.21812417083856	2.02805192827638
-1.2849226802386	0.599119703841267
-0.338511026319061	0.0982184054411285
1.82048878018078	0.719555340107451
0.436051221892724	0.178450617932061
-0.773774748297677	0.346345835072774
-0.724489220764226	0.25507339261849
0.821318929242702	0.351266350233785
0.142894270609726	0.0485535417869224
-1.13599688789171	0.349486711323194
0.169301214921532	0.0427592743769238
1.04300319841899	0.402259764791993
3.26595066981528	1.12514815365216
0.527724335535867	0.192856985908082
0.956487790679547	0.25443416057231
0.163094953310193	0.0494223382636678
-2.57994643475892	0.682934722662173
-0.352824712262703	0.102155795737906
1.96025897070573	0.471212877436839
-0.727076542516005	0.253677508869169
0.166760634916841	0.0427859605507963
0.167846042512584	0.0427707788849589
-1.48559632365318	0.765978183563281
-0.442320419114683	0.335545735299824
1.08238670214644	0.669893499227843
0.382589291714827	0.174233811045461
-0.463343400127041	0.306509431082476
-1.00449437872205	0.498206741702662
-0.647769154515354	0.382132764682343
2.12908676169676	2.11448916598683
-0.219052553662513	0.0719255077197386
-0.499840950070283	0.263459811156576
0.152230318137847	0.0526288187748188
-0.224253139168393	0.073796430498605
0.149595457307736	0.0452624594369959
0.140674906301477	0.0542221083358947
0.807765749167875	0.344121641955788
-1.50416998218108	0.773518831493874
-0.0563739504781051	0.0246989823628799
-0.303667839689627	0.139717439066685
0.14750284038024	0.0573545610160358
0.434765734153405	0.177993138783725
-2.57507908676252	0.680490038595289
2.11630521628039	0.969154823351082
0.435793892227063	0.177391424756306
1.07974619147712	0.667229098444018
-0.625469527156518	0.152450282737538
-0.356890995770702	0.103287401814614
-2.07014244905779	0.967632690775644
1.45606145484126	0.491057209685398
-0.771731103251104	0.34418423749677
-1.49844534830237	0.78562406308863
0.15921674927226	0.0483450021306231
0.95292022183415	0.255029382628136
-0.727076542516005	0.253677508869169
-0.725896158891892	0.253805951910148
-0.452095907212699	0.349294673789751
-0.793570597140759	0.435822933786668
-0.150011609255872	0.054806257767118
-0.910161837561596	0.749427317893554
0.141493790786818	0.0550477805246781
-0.105389714352962	0.0424193779052806
1.7828345241313	1.02288783821055
-1.8193202809442	0.7576566965492
0.354537298752309	0.177603257316678
-0.494249950491054	0.258467988917453
-1.67283659193883	0.960818859253144
-0.218965144969334	0.0721608079673242
-0.524252707979673	0.204085170600417
0.145572833410173	0.0563319648036502
-0.767372534252304	0.342433422022686
1.82361765344649	0.72436350636832
0.439178149517754	0.179838225414641
0.15921674927226	0.0483450021306231
-0.339689629328073	0.0991873938654728
0.168213647836342	0.0427717891925395
-0.346338838256578	0.100875906320348
0.146835585674207	0.0572347599611663
1.82459505180038	0.722360648575796
-1.52204266633328	0.552410388888373
-1.49975801698483	0.77960100677852
3.26315080491707	1.11564490325583
0.440208643626581	0.180693389650481
-0.800292543880771	0.526702712270773
-0.794915591289788	0.436176015756917
0.543320739968908	0.441919203971863
-0.492029602555302	0.256876767603711
-0.786070975337563	0.509028279784654
-0.0653293305664958	0.0284527750233243
0.167211965822622	0.0499310747495658
-0.512686424790834	0.19458981252019
-0.40305279217743	0.227995842663372
0.679501874770581	0.322250917472044
0.947750486546338	0.626435575134818
-1.1412609968196	0.35088828313214
-0.146391767834071	0.0538121497783544
0.893011159578083	0.484281804101308
-0.623203514518812	0.152886975065438
1.33086270821398	0.600615079200926
0.396242157199035	0.17993982276779
1.27421926828403	0.702469604110618
-0.221755533699252	0.0734151122801483
0.14750284038024	0.0573545610160358
-0.0297144197890998	0.0140124552786911
0.386350187402796	0.176347738857702
-1.82491177099641	0.761062662410459
-0.730123386031477	0.256802322226565
0.95292022183415	0.255029382628136
-0.98623770485444	0.501884047923389
-0.536390170568121	0.207178133529191
1.56384250998656	0.794596926536509
0.952024225447137	0.254550165942042
-0.724489220764226	0.25507339261849
2.34253111536988	1.18548114745531
0.141595248893409	0.0490443609015525
1.82336730645351	0.727498434871424
-2.08788350350955	0.953090415459829
-0.24263076042603	0.120476791683218
-0.332534578989947	0.19922255782182
1.09070410228008	0.668991240577518
0.530234735136755	0.195115554796289
-0.942680999992556	0.671658476403403
1.07216454854383	0.657645307948984
-0.10872641036116	0.0438528865909718
-0.977808081176953	0.485630585159346
0.157631418222578	0.0304971390385879
-0.301875265080496	0.138732712230969
2.35346452942618	1.20590979814114
-1.23797675315059	0.919073888568617
-1.82608962166886	0.760023550642785
-1.32812624946784	0.828143506219649
-0.522420401816075	0.201298837276784
-2.07578315473008	0.970788456683427
-0.99160532010116	0.505778587229041
-4.41405373774648	2.2884231424616
-2.06876532861005	0.964719982568229
-0.224047591747806	0.0740771018889209
-0.229722716539759	0.0759270068257283
1.45351865984672	0.48998410568291
-1.27182665332711	0.583461481868873
-3.45763611849403	1.23653939858857
-0.15387456759466	0.0564152538997517
-0.798228057030688	0.52007612235284
-2.07127821802252	0.968855193957147
0.151147710779537	0.0523193888171726
0.159324697367292	0.047751336687268
-0.772467984691118	0.345310968145738
0.160510100025773	0.0484285557089307
-1.14235343443303	0.349148050508889
-1.81814593327299	0.757477944035012
-0.528510789511083	0.205441902241372
-0.623203514518812	0.152886975065438
-0.349929351107476	0.101142417853783
0.166592172832123	0.106002899707281
0.555967319135136	0.429698017422835
-0.678548228042003	0.525988723616518
-1.28170971891495	0.590727891544826
-1.16965350252276	0.662135722177859
-0.658514062827539	0.390640002430124
0.69263386949735	0.325347444834707
0.143442480029693	0.0493026399445763
-0.530937280824717	0.206881451169038
0.143747269175704	0.0559041635309843
0.391741880756504	0.179388671736555
0.810139019637964	0.344021971482578
0.546244995926747	0.315563918414816
-1.2752988540859	0.587647301442411
-0.259475010912255	0.128315392056275
-0.226067534394568	0.0743178756022403
0.529086245411457	0.194521335925232
-0.609966842831359	0.297344613909476
0.524938478553276	0.192889918548823
0.684534862790765	0.326199707602974
-0.532019147491516	0.206951811605764
0.14750284038024	0.0573545610160358
-0.215091100919037	0.0708081397941703
-1.82049553786231	0.755751724984709
1.82748782049169	0.728181584217454
-0.609966842831359	0.297344613909476
1.03477532867731	0.398490468718945
-0.150731092427451	0.0552708638941148
0.668257563820224	0.216585127844403
-1.02871170775367	0.417044529530206
-0.346167140140093	0.100935083264355
-0.609421573996344	0.295395205195079
-0.400023843460132	0.170877274666796
-0.342091382580869	0.0996589886024872
-0.399090488436148	0.170073668796408
-0.339837507517595	0.201723432499811
-0.3508168217639	0.248707201002592
0.656055444260405	0.457906133578738
0.520832738473921	0.190542776372981
1.03793223060229	0.402236165852461
-0.489280766854271	0.257343067415587
0.885609251775326	0.478802928495398
-0.0982216589151396	0.0395320886440613
0.818093284035194	0.352795702508465
-0.724716701361779	0.253084880212333
1.32970980115416	0.593918942315811
1.7751392427905	1.01228645505043
0.14474970923973	0.0500449668198986
-1.81398610755111	0.750093739397359
-1.81672391556845	0.755139764558434
-0.526555793019305	0.204404548457525
0.167846042512584	0.0427707788849589
-1.81672391556845	0.755139764558434
-3.75448747115041	1.51208464914552
0.134903959436578	0.0524653213869835
0.683264803449209	0.325356660226696
-1.17105893930933	0.660755961861957
-0.104085245392243	0.041980675436062
1.065040484914	0.526179950612369
0.433994687503127	0.176337994763149
-1.13599688789171	0.349486711323194
1.45461172869713	0.491065821848087
-0.350454717877603	0.101552906153879
-2.07014244905779	0.967632690775644
-1.51822461727644	0.546437377819713
-2.57450915234243	0.686119713628322
-3.753325756616	1.50774999821741
-2.29589520714772	1.18127723636212
-0.313390293725552	0.14520664742384
1.67408614718622	1.86980864475936
-0.656283733113451	0.384724581452462
0.148228629004075	0.0512983752502419
-0.343693528937163	0.0996288364739292
-0.796709529769403	0.434295710711006
1.03793223060229	0.402236165852461
-0.619634069394611	0.151716324023864
-0.623695063230009	0.152227657420805
0.161910749638676	0.0490513039831909
0.804720234257014	0.340626061495997
3.26595066981528	1.12514815365216
-1.51425919312654	0.549483381615373
-0.347555636251828	0.100540132112443
-0.62578517099276	0.152177768086576
0.954295652698446	0.253211023347385
-1.0271278658152	0.415065471794964
-0.623695063230009	0.152227657420805
-0.624582031923329	0.153403426322781
-3.45335843018676	1.237143568277
0.161486408205213	0.0413117168731846
0.668257563820224	0.216585127844403
-1.02902587576124	0.416486411153987
3.6379052926147	1.45060215836621
0.157056474373317	0.0303984095560313
2.75734920342264	0.799800653832186
-1.49611724693709	0.774678696534256
-0.772467984691118	0.345310968145738
-1.10470601705837	0.75114539420329
-0.545833251120716	0.344865649519863
-0.0717810127916181	0.0312954961376422
-0.787707497377243	0.347965670555617
-0.600747195260507	0.287682387162257
0.60463376659722	0.3189880214819
2.35481657035742	1.20953636231127
-0.221755533699252	0.0734151122801483
0.148448238167646	0.0513076201238473
1.26961375401025	0.715521951623609
0.156422543419747	0.0472980918883861
-0.157495643749945	0.0570852973328882
0.157819500886876	0.0479964018015095
1.3295084984824	0.599202056182031
-3.4627316598727	1.24194119481148
-0.221549116887011	0.0733586886722837
0.157631418222578	0.0304971390385879
-0.62409333671727	0.15194082521988
0.954295652698446	0.253211023347385
1.57038684410817	0.807034365925312
0.153675927942395	0.0461772426183708
0.669959235301846	0.21328277804383
-0.225194933696446	0.0739396270147115
-2.07241483008846	0.968046925511113
0.15178346683126	0.0652259853560942
-0.137814031180682	0.07707934896241
0.166394015894957	0.0421995715384941
-0.422387461690028	0.233943952537348
0.309235403982382	0.182794218257545
-0.188268349315214	0.0995280256855666
-0.10835224849371	0.0434766678530418
-0.794375201534545	0.515210684196258
-0.687371197358971	0.53307514690585
-0.113016010826656	0.0657222145689113
0.143057073570702	0.0686521567001796
-1.03416549660249	0.42282126768722
0.1588995276689	0.0306480879354901
-0.624582031923329	0.153403426322781
-1.13707413454834	0.346951163921623
0.952024225447137	0.254550165942042
0.668515656075028	0.214587613419762
-1.51968686804079	0.548134504172194
-0.725669351344178	0.254938132698188
-0.155108190251964	0.056718694500787
0.672329204234225	0.214414311899322
-0.106599362383529	0.0623261114282236
-0.0846449725802124	0.0516631784357778
0.978363650465095	1.05427873192373
0.048209028616216	0.0294997427999519
1.04998370848545	1.09280803430132
-0.498925052787732	0.371422594804564
-0.349774713473691	0.278403054252031
-0.630376059743405	0.507912141312911
0.612674271274326	0.559981731372807
-0.281804869243635	0.176936889674951
-0.120270860509266	0.082537937565721
0.16653840926027	0.124982970258872
-3.07968455989498	0.963635125148535
-0.529864970515055	0.20318186649954
-2.57393942994101	0.680804613621979
0.157631418222578	0.0304971390385879
1.46021680212861	0.488909487893217
-0.62935300969794	0.153342878403685
-0.623203514518812	0.152886975065438
-1.79522376365631	0.406159618358576
-0.453699449395845	0.296797567704533
-0.107939357543951	0.0624703517866523
-0.297497895861339	0.216064302180769
0.79353828587406	0.474608950653254
-1.16412302756656	0.661454869602404
-0.106329343832119	0.0625272208347401
-1.55191966493481	1.46133194458383
-0.608539644001326	0.292987444583733
-0.99374633814599	0.861430466646136
-0.25623345123324	0.188251190953984
0.170438846712366	0.103682310115263
-0.567399053882051	0.509539774868129
-1.13345886337206	0.34828321496857
0.161486408205213	0.0413117168731846
-1.13492041310201	0.349384486959602
-1.79541110556836	0.406108159138969
0.157056474373317	0.0303984095560313
-3.45549576669823	1.25034460620717
0.161791665747346	0.0309826798878848
0.160384885012197	0.0410552053935884
1.9613717712777	0.470903909509444
-3.07968455989498	0.963635125148535
0.1588995276689	0.0306480879354901
-1.79541110556836	0.406108159138969
-1.49405110429272	0.778055861234887
-0.545275779405687	0.340941246327338
-0.143765460614544	0.0805132981619434
-0.987529818778603	0.499440593130384
-0.962643272983593	0.592509714617709
0.614777339867459	0.320659084020546
-0.322829234053784	0.149347642231959
-4.01189765030795	1.77359263792942
-1.60856925108941	1.23302721698362
1.01668476330244	0.923445904997883
-0.072924392844158	0.0442578300202741
0.603305616358923	0.318625443315838
-0.301875265080496	0.138732712230969
0.670883773275737	0.21573252817249
-0.342091382580869	0.0996589886024872
-2.57450915234243	0.686119713628322
-1.79522376365631	0.406159618358576
0.158321872008447	0.03054890339565
0.95292022183415	0.255029382628136
-2.57507908676252	0.680490038595289
-1.13453748317733	0.348386420481102
-2.57393942994101	0.680804613621979
1.96025897070573	0.471212877436839
0.158321872008447	0.03054890339565
0.158321872008447	0.03054890339565
-1.79541110556836	0.406108159138969
-1.34277872959631	1.07889190629618
-1.28159114445641	0.589760757713105
-0.985274119763427	0.500990126027405
-0.033854004886625	0.0159273751538716
0.15329894261179	0.0736612733176028
-1.8409376266516	1.65591796064951
1.10566540013173	0.831723307019222
-0.682658011406361	0.472256356007705
-0.387733816952793	0.263935232044611
-0.241319182692718	0.119380154817501
0.441950310482661	0.180180906447315
0.438621148129934	0.177712580910109
-0.624582031923329	0.153403426322781
-1.2846438650948	0.592277235262953
-1.5205822622307	0.550689829164133
0.957871568697817	0.254705443855955
-0.620531475305306	0.150785249491411
-0.624582031923329	0.153403426322781
-0.625469527156518	0.152450282737538
-1.5154277743567	0.550652304944458
-1.13345886337206	0.34828321496857
-1.79522376365631	0.406159618358576
0.668257563820224	0.216585127844403
-1.03645130311115	0.420074230666443
-1.82608962166886	0.760023550642785
-1.10736570361685	1.29993411792354
0.155877509351262	0.081336915573086
0.900744206568286	0.751263420548802
-0.646044390408221	0.379661074505984
0.00867966532269845	0.0048426908801654
0.302558609904544	0.203424348940364
-0.508973518068369	0.384061718776399
-0.111332839346847	0.0656375005961581
-0.233503897642045	0.150624629165002
0.442693896749114	0.314113742937773
-0.504594866865302	0.377814308189707
-0.154080721580194	0.0564960500422514
0.816589194314741	0.34883309060809
-0.394705602565663	0.168162718287586
0.157056474373317	0.0303984095560313
2.12021832897881	0.95637223424271
-3.07968455989498	0.963635125148535
-2.57507908676252	0.680490038595289
-1.79522376365631	0.406159618358576
-1.79522376365631	0.406159618358576
-1.79541110556836	0.406108159138969
-1.13599688789171	0.349486711323194
1.96025897070573	0.471212877436839
0.169448715067567	0.0428107247727095
-1.79522376365631	0.406159618358576
0.157056474373317	0.0303984095560313
1.46021680212861	0.488909487893217
0.157056474373317	0.0303984095560313
-0.521624986770174	0.20104896765256
-0.407885307513508	0.23011710987072
-1.10246416305016	0.752726119469716
-1.28038342887827	0.594844087212462
-0.546914126305978	0.341007146623715
-1.44217133007404	1.51676309337475
0.803411940212795	0.623307571715514
-0.555619651969298	0.348098729933819
-1.17968791245424	0.657525194508072
-0.217602968474122	0.072079936429114
0.151710963421072	0.0790461160490467
1.05463561781146	1.11078263170714
-1.49814933855466	0.775420196438435
-2.0791962231377	0.971582571771178
-0.723310015883846	0.254344357266946
-0.216459792863705	0.0716410349070388
-2.57507908676252	0.680490038595289
-3.07880362658843	0.963967696821091
1.82480935034987	0.726106092264881
0.175814837814698	0.0440558167231384
0.161791665747346	0.0309826798878848
0.664228257408103	0.213358767976231
1.9613717712777	0.470903909509444
-1.51513633099547	0.548077569901583
-0.399057447223759	0.170109285065368
0.95292022183415	0.255029382628136
0.131864858154076	0.0568264368934897
-0.240351119046635	0.117343225789321
-0.398776817471561	0.169595465995923
-1.04658102251658	0.811087511616537
0.38537462912384	0.1748470302739
-0.230012458515889	0.0753532621356428
0.141198056397986	0.0614477730429826
-0.651731840079725	0.382517631822063
0.350410666045551	0.174793465461201
-1.03416549660249	0.42282126768722
-0.339412770165686	0.0990063673017856
-0.340914885943416	0.0986896672784069
0.157056474373317	0.0303984095560313
-1.79522376365631	0.406159618358576
2.75863284516271	0.79267969100207
0.157056474373317	0.0303984095560313
-1.79541110556836	0.406108159138969
-0.899426609706438	0.820376487422881
-0.547243503484246	0.34617833363682
-0.282661816479854	0.175877269945637
-0.190388416372444	0.100763911198758
0.734628166277845	0.608275273294191
1.03386736624609	0.963534872596369
-1.13466417842173	1.24166516177792
1.1027206502909	0.823534894257266
-1.01034832243097	0.892688585173197
-0.161835179416611	0.0588422885622865
0.158933943506847	0.0404964559262667
0.168213647836342	0.0427717891925395
0.95292022183415	0.255029382628136
0.1588995276689	0.0306480879354901
-0.224253139168393	0.073796430498605
-0.730123386031477	0.256802322226565
-1.13492041310201	0.349384486959602
-2.57936018855439	0.682903044011602
2.75863284516271	0.79267969100207
0.170541995167361	0.0433725109405701
0.956487790679547	0.25443416057231
0.157631418222578	0.0304971390385879
2.75606918885066	0.793508670212093
1.03616406217909	0.39883276251369
-1.79541110556836	0.406108159138969
-1.79522376365631	0.406159618358576
-1.80012731460838	0.40572439661199
-1.79541110556836	0.406108159138969
-1.79522376365631	0.406159618358576
-1.79522376365631	0.406159618358576
-0.524401134131976	0.203663422455522
-0.554234673956752	0.348273027118147
-0.99160532010116	0.505778587229041
-0.62091704381454	0.302058167826644
0.138920554075148	0.0478149779208171
-0.344718928168882	0.101170101330633
-1.47286966921128	1.02226981949877
-0.217602968474122	0.072079936429114
-0.719194001735348	0.251086827288541
-0.323210244821293	0.190940063475321
-1.0271278658152	0.415065471794964
-1.13492041310201	0.349384486959602
2.75734920342264	0.799800653832186
-0.62409333671727	0.15194082521988
2.11538131215311	0.952715822682064
-3.0805660074572	0.955215233063362
0.158031704426094	0.0479750742787413
0.518326741577634	0.188934006826496
0.160384885012197	0.0410552053935884
0.953397312790705	0.252738122158945
-1.79522376365631	0.406159618358576
0.158321872008447	0.03054890339565
-1.79541110556836	0.406108159138969
0.158321872008447	0.03054890339565
-1.79541110556836	0.406108159138969
-2.57393942994101	0.680804613621979
-1.81672391556845	0.755139764558434
-0.722963972614807	0.250154165661167
-1.14235343443303	0.349148050508889
-0.771731103251104	0.34418423749677
0.95292022183415	0.255029382628136
-0.342366844950387	0.0999187527730966
-0.623203514518812	0.152886975065438
0.150987968499307	0.0459422956002911
-2.57450915234243	0.686119713628322
-1.13453748317733	0.348386420481102
-3.07968455989498	0.963635125148535
-1.79522376365631	0.406159618358576
-0.62578517099276	0.152177768086576
0.953397312790705	0.252738122158945
-0.726850409013166	0.253447860915049
-1.79541110556836	0.406108159138969
-0.620531475305306	0.150785249491411
0.95292022183415	0.255029382628136
0.157056474373317	0.0303984095560313
0.954295652698446	0.253211023347385
0.1588995276689	0.0306480879354901
0.1588995276689	0.0306480879354901
-0.628447709775194	0.153171179772782
-1.79522376365631	0.406159618358576
-1.79541110556836	0.406108159138969
-1.79541110556836	0.406108159138969
-0.348742022466301	0.10134765260469
-0.334352108489327	0.0965762220704659
-0.173983546145995	0.112867807936728
-0.408392249053085	0.402899269505063
0.525010473281661	0.613645476535941
0.612924111822195	0.646627265792693
-0.111202083675291	0.0788998896170886
0.152059452718086	0.029590171141199
-0.623203514518812	0.152886975065438
-2.57450915234243	0.686119713628322
-1.80012731460838	0.40572439661199
-1.79541110556836	0.406108159138969
-2.57450915234243	0.686119713628322
-0.622314221648084	0.151717296808394
0.674740147390516	0.216998162235432
-1.79522376365631	0.406159618358576
-2.57450915234243	0.686119713628322
0.157056474373317	0.0303984095560313
0.157056474373317	0.0303984095560313
-0.351639245332709	0.102368245698131
-1.13561687794397	0.345868911390132
-2.57507908676252	0.680490038595289
0.00154478817008839	0.00115916092709843
-0.584734556087468	0.562172425431944
-0.421345271286852	0.388907450558009
-0.0150716412250582	0.00994830135211463
-0.292540950736379	0.212147820476072
-1.13345886337206	0.34828321496857
3.26454918998549	1.12582035861405
1.03535032731158	0.398385212491039
-2.57393942994101	0.680804613621979
1.03535032731158	0.398385212491039
0.158321872008447	0.03054890339565
0.954295652698446	0.253211023347385
0.677427945070776	0.216410794008318
0.1588995276689	0.0306480879354901
0.1588995276689	0.0306480879354901
1.03256922990721	0.39387722027159
-1.14235343443303	0.349148050508889
0.164226724221899	0.0416602681945232
-1.13599688789171	0.349486711323194
0.170907934848088	0.043117938222106
0.166760634916841	0.0427859605507963
0.16183898726961	0.0410563761793581
-3.08471213635442	0.965314084973475
0.140763133994103	0.0483622864744384
-0.788354018342001	0.513660294664866
0.89862698703768	0.493580741846168
-3.46675199587728	1.24010918132729
-0.727076542516005	0.253677508869169
-2.08812603339508	0.949949885621493
-2.57994643475892	0.682934722662173
-1.79541110556836	0.406108159138969
0.1588995276689	0.0306480879354901
1.96025897070573	0.471212877436839
-1.79541110556836	0.406108159138969
0.168213647836342	0.0427717891925395
-1.79541110556836	0.406108159138969
-0.619634069394611	0.151716324023864
-1.79522376365631	0.406159618358576
0.162378104800928	0.0310834456145106
-1.79541110556836	0.406108159138969
-3.45656556517559	1.24745399482219
-0.625469527156518	0.152450282737538
1.32669678794119	0.592095970478231
0.954295652698446	0.253211023347385
0.162378104800928	0.0310834456145106
-0.722131735316544	0.252143474448172
-0.623203514518812	0.152886975065438
0.157631418222578	0.0304971390385879
-1.79541110556836	0.406108159138969
-2.57507908676252	0.680490038595289
-0.62935300969794	0.153342878403685
0.161791665747346	0.0309826798878848
0.952024225447137	0.254550165942042
-0.623203514518812	0.152886975065438
0.157631418222578	0.0304971390385879
-1.79541110556836	0.406108159138969
-1.13238101744968	0.345367402292769
0.162378104800928	0.0310834456145106
1.96025897070573	0.471212877436839
0.157056474373317	0.0303984095560313
-0.625469527156518	0.152450282737538
-1.79522376365631	0.406159618358576
-1.79522376365631	0.406159618358576
-0.794466921950397	0.435295092856323
-1.03530796870446	0.422510492431002
-0.736974202582871	0.25698901940374
-1.33826694470953	1.08367539160843
-0.689819775398795	0.534859768544495
-0.115728945019737	0.0822124182230786
0.143445720753174	0.0557160838352611
-0.253654289007413	0.12616506291806
-0.226994851075598	0.074404091761554
-0.611824743245204	0.297690775140387
-0.623203514518812	0.152886975065438
-1.5208643075246	0.552186247107342
1.45351865984672	0.48998410568291
0.166027924610097	0.0492494512915152
1.45606145484126	0.491057209685398
0.673553513601153	0.218109822226041
0.165674434882817	0.0422257308822068
-0.222082125451092	0.0730311845849782
0.165310764697054	0.0422104497686673
0.442788089425193	0.181172539640702
0.168213647836342	0.0427717891925395
0.667073956986921	0.214335437648368
-3.08471213635442	0.965314084973475
1.9613717712777	0.470903909509444
-0.338232313416877	0.0987458905293902
0.166760634916841	0.0427859605507963
-1.79522376365631	0.406159618358576
-0.344718928168882	0.101170101330633
0.527457825354358	0.190929092424301
-2.57450915234243	0.686119713628322
-0.222695068591131	0.0735779431251597
-0.333169540211983	0.0956424985419645
0.157631418222578	0.0304971390385879
-0.149736388206919	0.0544938114245075
-2.08138274584727	0.958660141344507
-2.80098495880756	1.89509314153701
-0.794019394614175	0.436048281445909
-0.523786937475846	0.201288705648626
-1.33218079363811	0.833858014103365
-1.04115769482839	0.418592116600537
-1.13492041310201	0.349384486959602
0.349531066699291	0.192202107522462
-0.151483736448208	0.0554963882939861
-0.464544306847678	0.308779342483599
-0.547206935864051	0.339534614541313
1.57195075774042	0.796446112466694
-0.662967401095436	0.391915869537384
0.151942039345278	0.0728152736283755
-1.49844534830237	0.78562406308863
-1.82608962166886	0.760023550642785
0.152093183999755	0.0654125897676015
-0.768390647702962	0.343134946307021
0.693374217521916	0.328550699974281
2.35081533466009	1.20147565074976
-0.102780222267367	0.0414424096297599
-1.13599688789171	0.349486711323194
0.1588995276689	0.0306480879354901
-0.725896158891892	0.253805951910148
-1.51968686804079	0.548134504172194
1.10790440646609	0.831814917408374
-1.13238101744968	0.345367402292769
1.0404202529805	0.404466019128978
0.173098035606419	0.0436660682371104
-0.408598579744079	0.174098316850991
-0.723310015883846	0.254344357266946
-3.08471213635442	0.965314084973475
-1.5116278501578	0.543160476988583
-0.524252707979673	0.204085170600417
-1.02757122770041	0.415639038598866
-0.334352108489327	0.0965762220704659
-0.622314221648084	0.151717296808394
-0.344718928168882	0.101170101330633
-1.28278970955142	0.589182514630397
-0.624582031923329	0.153403426322781
0.141595248893409	0.0490443609015525
-0.624582031923329	0.153403426322781
-1.82467177482471	0.757687975137559
-3.45763611849403	1.23653939858857
-0.731306141239577	0.257130066262645
-0.339689629328073	0.0991873938654728
-1.1412609968196	0.35088828313214
-1.49303214997585	0.77905623883519
-0.62409333671727	0.15194082521988
-1.79541110556836	0.406108159138969
3.93272691418558	1.75618274206341
-2.57450915234243	0.686119713628322
-2.57450915234243	0.686119713628322
-0.770426192005186	0.343157493050014
0.158321872008447	0.03054890339565
-0.344718928168882	0.101170101330633
0.168213647836342	0.0427717891925395
-2.57507908676252	0.680490038595289
3.26454918998549	1.12582035861405
-0.344718928168882	0.101170101330633
0.167125285140998	0.0422176691573725
0.158321872008447	0.03054890339565
-0.62982953293132	0.153685936034785
-0.720604456465959	0.251721589615544
-1.80012731460838	0.40572439661199
0.1588995276689	0.0306480879354901
-1.1412609968196	0.35088828313214
0.152059452718086	0.029590171141199
1.9613717712777	0.470903909509444
1.9613717712777	0.470903909509444
-0.344718928168882	0.101170101330633
-0.62409333671727	0.15194082521988
-1.1412609968196	0.35088828313214
0.67114469411031	0.215490092261742
-0.624582031923329	0.153403426322781
-0.624582031923329	0.153403426322781
1.043208103876	0.402535852395547
-3.07968455989498	0.963635125148535
-1.79522376365631	0.406159618358576
-0.620531475305306	0.150785249491411
0.157631418222578	0.0304971390385879
-3.07968455989498	0.963635125148535
-2.57450915234243	0.686119713628322
-2.57450915234243	0.686119713628322
-0.347343651948862	0.100521829573696
0.1588995276689	0.0306480879354901
1.96463092715103	0.470372342687103
-0.154154862490974	0.0566375929839067
0.952024225447137	0.254550165942042
0.173098035606419	0.0436660682371104
-1.13870450738851	0.347544729295153
0.157631418222578	0.0304971390385879
0.157631418222578	0.0304971390385879
0.1588995276689	0.0306480879354901
-0.62935300969794	0.153342878403685
0.157631418222578	0.0304971390385879
-0.773539985719956	0.343836622277183
-0.544136411893475	0.34241531154668
-0.107201549110147	0.0431000898878093
0.684534862790765	0.326199707602974
-0.34314195699887	0.243978145187984
0.599745924503196	0.314384004135651
-0.312051458394623	0.144452926263228
-0.687987826179732	0.53438773808254
0.156422543419747	0.0472980918883861
-1.13345886337206	0.34828321496857
1.46132136209316	0.489990587090443
0.170541995167361	0.0433725109405701
-0.798285388051764	0.441643287121973
-0.52628553865173	0.201727986081766
-0.31249067846186	0.144812647504751
-1.94131601874536	1.84160314573263
0.395640938329373	0.179456964188883
-2.28936178148743	1.17871596981008
1.44969992073046	0.485973419912067
-1.8193202809442	0.7576566965492
-1.10298066089189	0.753504912159007
0.445559696059655	0.183481849511998
-0.61901816533554	0.299164556682995
0.157819500886876	0.0479964018015095
-0.311229355418811	0.143646495560349
-0.536127695906329	0.206804527707773
-0.162624865096479	0.0588816814769299
-0.0679761958321906	0.0295520868040948
0.153330488140151	0.0297415921897382
-0.616831406135845	0.301885163522066
-0.687454003566268	0.539634837452912
-0.405058914373109	0.172684284751207
-0.311691087518183	0.143476288507984
-0.61960534552131	0.300510648702095
-0.55027951870142	0.345819450509592
-1.49405984175204	0.774060190816805
0.446585379791805	0.183721184032664
-0.232828445142239	0.151607492638455
0.440208643626581	0.180693389650481
-0.766355098817268	0.340994356194198
0.96055594466668	0.252218652307608
0.166760634916841	0.0427859605507963
-1.82585028564619	0.752597954911243
-1.15762897025102	0.992897873623718
-0.0626387436759899	0.0272264636333946
-0.103283906152693	0.0417627729270906
-0.522705576199674	0.20140379895895
0.136480040151752	0.0530402961094183
-3.07968455989498	0.963635125148535
0.173098035606419	0.0436660682371104
2.75734920342264	0.799800653832186
0.603158749615237	0.316688076925717
-2.06876532861005	0.964719982568229
-2.07127821802252	0.968855193957147
0.522012323116954	0.187246234152396
1.07219614042544	0.521204805339431
0.524817754511886	0.192422842039039
-1.13492041310201	0.349384486959602
-1.80012731460838	0.40572439661199
-1.79541110556836	0.406108159138969
-0.345896359412486	0.100748738523468
0.1588995276689	0.0306480879354901
0.951547874681655	0.253003737941398
-1.84100906407231	1.17626309687335
-0.625469527156518	0.152450282737538
-0.619634069394611	0.151716324023864
-0.343542423818443	0.10090975164114
-0.350454717877603	0.101552906153879
0.1588995276689	0.0306480879354901
-2.57450915234243	0.686119713628322
2.75863284516271	0.79267969100207
0.157631418222578	0.0304971390385879
-1.79522376365631	0.406159618358576
0.158321872008447	0.03054890339565
0.157631418222578	0.0304971390385879
0.157056474373317	0.0303984095560313
-1.79522376365631	0.406159618358576
-0.62409333671727	0.15194082521988
-1.79541110556836	0.406108159138969
-1.51396593073936	0.54893460092185
-1.79522376365631	0.406159618358576
-2.57936018855439	0.682903044011602
-1.79522376365631	0.406159618358576
-1.79541110556836	0.406108159138969
-1.79541110556836	0.406108159138969
-2.57393942994101	0.680804613621979
-1.79522376365631	0.406159618358576
-1.79541110556836	0.406108159138969
-1.79522376365631	0.406159618358576
1.9613717712777	0.470903909509444
-0.395674248652604	0.168391716204085
-0.310340508204065	0.144382632312107
-1.13492041310201	0.349384486959602
-1.79541110556836	0.406108159138969
-3.07880362658843	0.963967696821091
0.164226724221899	0.0416602681945232
-1.79522376365631	0.406159618358576
-1.79522376365631	0.406159618358576
0.153773809483776	0.0463295199784768
-1.79541110556836	0.406108159138969
-0.623203514518812	0.152886975065438
-2.57936018855439	0.682903044011602
0.665672219783544	0.212062538915321
-0.408598579744079	0.174098316850991
-3.45947707291401	1.2418726498034
-0.724261839758342	0.252034414225576
0.82349104975392	0.355749507161144
0.157631418222578	0.0304971390385879
-3.07880362658843	0.963967696821091
-1.79522376365631	0.406159618358576
0.161341774898135	0.0479742762028071
0.164226724221899	0.0416602681945232
-0.726238487506654	0.253437335397984
-0.143021805021562	0.0998094393322573
-0.778636124744303	0.344678476196064
-1.84557948035874	1.19234470110764
-2.57450915234243	0.686119713628322
-0.498483784770797	0.263510307702279
-1.49916638864748	0.773292440454852
-4.00721185392135	1.75915132993822
0.674740147390516	0.216998162235432
0.674740147390516	0.216998162235432
1.77212150753567	1.01570537138898
-0.218747016072675	0.0723005288061521
-1.51513633099547	0.548077569901583
2.1098250236748	0.960200477129045
-0.213949743951339	0.0700136617235171
0.666816815995216	0.214564732832008
-1.13345886337206	0.34828321496857
-0.471885441484058	0.312713838060381
-0.77684534976485	0.343592564958433
-1.04207226962081	0.419557625732583
0.139237941355009	0.0539463657658055
-0.526418386848564	0.204314992368531
-0.344718928168882	0.101170101330633
-0.242558225808069	0.120961538018201
-0.399382466318543	0.222663477902106
-1.34974599842913	1.09455049638315
-0.398461944759506	0.167896823886856
0.145862581219173	0.0567091459421943
-0.608058237462925	0.294419135283942
0.135258156202137	0.0585783791053786
-1.02985304618648	0.417366865086498
-0.156655051269509	0.0568847598363441
-0.520260957272751	0.201061026298512
1.03773179442616	0.400174057999191
-0.725669351344178	0.254938132698188
-0.781244282576763	0.349626790433742
-0.251911364061584	0.125321307579192
0.147142932159236	0.0509873558125847
0.686783210149492	0.326529013787713
-1.68510584073476	0.982457596208955
-1.73706900892586	1.82504467261345
0.351646069667996	0.176699061956143
-0.394054578040223	0.167450294497097
-2.48472400690217	1.41602833512481
-0.898898767287046	0.738822532565237
0.141848058772579	0.0489994167913964
-1.15593930502532	0.987548632776765
0.147528393742037	0.0705022870007616
-0.0513383580370739	0.0224251725402054
0.136033925194953	0.0587980528672957
-0.652583787144627	0.386818251736528
-0.152046653024366	0.0858059344862341
-0.457679715443014	0.300449979209858
-0.793059426147486	0.599166164642992
-0.925915969508748	0.665109903001425
-0.950751418994066	0.58047443114454
-0.403044115728497	0.225137707304417
-0.61034981008363	0.296851575272232
2.11952845425527	1.49133213163528
-1.00051685903213	0.887893639733664
-0.993217257979405	0.499797970523904
0.439178149517754	0.179838225414641
0.133713415351955	0.0459944313368274
-0.386606138473696	0.260456773312285
-0.188211953681628	0.100182955610988
-0.784142551066082	0.50123239845837
-0.776596766990149	0.34470048142242
-1.98588104512603	1.37792919560197
-0.119135446210751	0.0701937828074317
-1.69379367150737	0.968212568709938
-1.1668897922695	0.660871457032288
-0.786346903978339	0.665641916247557
-0.34416657733717	0.270920644505206
0.0416474149578987	0.0252280709758261
-0.107341283599942	0.0620216000073031
-0.786747327253874	0.670749615010559
0.726898537110902	0.593947959802345
-0.794781114125775	0.608340812596783
-0.323467845733279	0.190373597680535
-0.218713948127854	0.140120343484141
-0.0909505487303075	0.0551368260424267
0.0186310371922442	0.0099353500911414
-0.404088877477541	0.172300735136295
0.309308279882311	0.199210896194941
-1.16280161742526	0.655343525980135
-0.0690600726216616	0.0301659277243943
-0.405303570150985	0.229371447389442
-0.0681997880206476	0.0298746745623467
-4.00658311622668	1.76361218017856
-0.33920189783152	0.202094742952368
-0.100876079990978	0.0407422053348453
-1.72975376372163	1.44086261885127
-0.407885307513508	0.23011710987072
-2.07782275052685	0.968670753618719
-0.46221845759483	0.303164312437116
-0.77014119917491	0.340727136329666
-0.614430362216458	0.297486553808162
-0.46661782797495	0.307727493559148
-0.787951205676274	0.723649057563071
-0.562251494673367	0.508144442932678
-1.18552681068528	1.1972622250909
-0.0630933187038592	0.0275566992212886
-1.44930038502238	1.26814756606088
-0.23932664258773	0.118791460347984
-0.0668635705398936	0.0292597053510199
-0.681458686706421	0.473184790873721
-0.132731783536983	0.0909040617324544
-0.524252707979673	0.204085170600417
-0.958489664523635	0.591538112737491
0.137719057403847	0.0656047176490115
0.814406706085001	0.350217790330299
-1.84742151643963	1.19303792723712
-0.103661141028937	0.0420042327055223
-0.955224410102612	0.577642376375326
0.299187150705489	0.189447334693314
-0.494402435298068	0.261815549004288
0.142178834053488	0.0550545122756059
-0.216459792863705	0.0716410349070388
-0.220404038835599	0.0729168656391525
-0.768390647702962	0.343134946307021
-1.2846438650948	0.592277235262953
-1.84150649712923	1.18063614088228
-0.399636182406236	0.274134129482907
-0.903161424979273	0.824735505572291
0.305381209756193	0.192759109343854
-0.334803929107195	0.200854515034385
0.162079304585628	0.0916313529256766
-0.0354245695461931	0.0165902342757332
-0.24436538083494	0.12162646282134
-0.406321755121643	0.172295412620216
-0.115423224050308	0.0460633523886647
0.156928434912649	0.0828304864283731
-0.317670041541197	0.147638924362247
0.334392749233272	0.183045010129409
0.393973994408102	0.180500237393899
-0.0977102367405741	0.0395608971079152
-1.60365135214233	1.22913233204958
-0.242988497912189	0.120502208231465
-0.670342455120503	0.463306857249052
0.160066626833061	0.0840946494676046
0.15921674927226	0.0483450021306231
1.26584737893857	0.710216411880407
-1.73320320264058	1.4455791488042
-0.109908855593862	0.0646879173883188
-0.159244468201253	0.0583497793086273
-0.030920940070744	0.0145124258400605
-0.308299997853827	0.143070950496121
0.530234735136755	0.195115554796289
-0.163647464433033	0.0595226464737321
-0.795763659569312	0.526279246046185
-1.67499815241046	0.965853387101135
-0.984311136182428	0.498990825274186
0.174933999337398	0.127117242235378
0.0856688660546192	0.0598858130624673
-0.896250797471881	0.821462193587999
-0.420680362383275	0.354415844955844
-0.232016965534706	0.151082199013914
-0.790714677310601	0.431306100159837
-0.22912511559369	0.148195684390031
-0.808141909957022	0.61340354869084
0.14578809704916	0.0630904017830651
1.07558421119388	0.659612469084466
0.336622117142675	0.185666367450366
-0.236144709791489	0.153844494739619
-2.441275719373	2.29679895720037
-0.554204638441727	0.345502896776388
-0.337228856504949	0.236745854981137
0.145291483731427	0.0696735580838506
0.145692083674244	0.0693597705253726
0.527625536835698	0.193638734585991
-1.17367846540392	0.67169729017599
0.94918290712292	0.634530587440357
-0.616286004016235	0.30143490963561
-1.67885608499623	0.973898476935828
1.07219614042544	0.521204805339431
-1.34806124194952	1.09781487638398
-0.690542883734265	0.54666411854195
-1.13599688789171	0.349486711323194
-1.01097833613349	0.898313396414317
0.172945557141374	0.117635018218341
-0.394599054952939	0.268510667071542
-0.0345417305592868	0.016141635028021
-0.713503085137774	0.614371224060263
-0.980947438611914	0.966633182746583
-0.807470162638722	0.526267459821854
-0.246164022510924	0.123647724489227
0.785396226384178	0.466862770154288
0.320222693755777	0.188817534410927
0.448769818053324	0.320134991223955
0.43985545806923	0.312775249271973
3.40657948309477	3.17634842411291
0.888906019703062	0.480051955753359
-0.493371670957335	0.258579071745134
-0.694830301837691	0.54981431204266
0.439178149517754	0.179838225414641
-1.28624234459102	0.594941965574939
-0.318205862653551	0.147527411143433
-1.51396593073936	0.54893460092185
0.440208643626581	0.180693389650481
0.136466911337933	0.0589969773845586
-0.156925643471908	0.0574850760468255
-0.0887061926263186	0.0539293928539783
0.406336573174626	0.319270500555894
-0.334544429536987	0.197938320005002
-0.303667839689627	0.139717439066685
-0.931820700901945	0.675724782343387
-0.529324782986581	0.203861192187838
-0.498898753237048	0.262969786791842
0.15329894261179	0.0736612733176028
0.299209211780517	0.201126561730933
-0.24263076042603	0.120476791683218
-0.400476413352184	0.222907246934513
-0.15066362395397	0.0839194225693755
0.148077692481108	0.0640975097502803
-0.801648538719925	0.439653392713309
-0.411664432753084	0.174712199941108
-0.723538168538297	0.250916884167018
-0.0736690904258252	0.0320231644961844
0.166022507751487	0.092965236850865
0.0631135820451582	0.0405595398224966
-0.537562245524903	0.445593816238737
-0.167299554408263	0.12780082717335
-0.110227454682548	0.064770603347288
-0.646906536621638	0.381170014915678
-0.380203447823622	0.294252622394449
-0.552051899806162	0.345404796634327
-0.340652884004189	0.240256071442926
-0.27954282081152	0.175075528436361
0.0228473963171607	0.0122307304294619
-0.388163323220284	0.264913600144983
-1.47286966921128	1.02226981949877
0.309235403982382	0.182794218257545
-0.301447520122162	0.216042343602853
-0.343541081991705	0.204908350325943
-0.0829981656432113	0.0500113300140377
-0.546620648699966	0.340110563590423
-0.315191096339099	0.145299383202046
-1.79522376365631	0.406159618358576
0.161791665747346	0.0309826798878848
0.638734555850171	0.440037343882487
-0.393737570292483	0.167638796641671
-1.14619577669661	0.347263683527325
-0.46768737793445	0.310529034650134
-1.19608464554726	1.21133594062825
-0.238960111854216	0.119346904073191
0.0230876608169922	0.0124392197057024
-0.488418194748748	0.256039803426956
-0.546358780881302	0.339633207151588
-0.197474821548081	0.10460338489761
-0.317209943540155	0.14760135306902
-1.28815563613943	0.594383243309462
-0.0141242424023328	0.00683955545650283
0.150244019299069	0.071650892190019
-0.517868278390425	0.200769558542108
-0.330404527551038	0.197220928506187
-0.403775238471339	0.170724190677562
-0.772467984691118	0.345310968145738
-0.216233327172033	0.0712426822696432
0.308733640075085	0.198272124949316
-0.544428266933187	0.340634204705586
-0.242065546248767	0.157461314828712
-1.11717749489533	0.748761798415483
-1.04657838713258	0.831069773220114
0.421924927581886	0.168069439407506
-0.403900946237848	0.225325381439233
-1.27612224194478	0.584861308959677
0.0491713322681918	0.0300044026829628
-0.623695063230009	0.152227657420805
-0.0267743827847836	0.0127071013430904
-0.489746206499983	0.257591707109567
-0.499824983929094	0.263738487248852
-0.239396242616583	0.119621985003453
0.430925581688895	0.174045424504502
0.466961608225687	0.31234764141387
0.14848919611737	0.0709620615708608
-0.138996063306182	0.0772542108490931
-0.652682151028491	0.383399298348835
-0.247588493186519	0.122546665950982
-3.13824481263509	2.6454542705631
-3.07880362658843	0.963967696821091
-0.772467984691118	0.345310968145738
-0.314527763921968	0.145707404519845
0.463536288799008	0.311320395010985
-3.45947707291401	1.2418726498034
-0.551128741753648	0.346787131551056
-0.462627020129207	0.302532960751667
-0.797388803125323	0.441200636080444
-0.063117070269671	0.0274995052760173
-2.57450915234243	0.686119713628322
-0.623203514518812	0.152886975065438
-0.504255708885953	0.37938089736256
-0.548023141532668	0.342636621450542
-0.950146376413535	0.58180737610586
-0.608058237462925	0.294419135283942
-0.102780222267367	0.0414424096297599
-0.499362635927598	0.263949831739233
-0.494755048465041	0.256744980852733
-0.921176476808805	0.66311896004623
1.02495154569519	0.952386046335805
-0.494920049687126	0.259925171688848
-0.00439163433968604	0.00219967692621987
-0.25193566964561	0.125974650778885
-2.47159847906235	1.40797486519067
0.788330037784056	0.610889812547622
-1.26056009226501	1.16103352821859
-0.622314221648084	0.151717296808394
-1.10765674006564	1.05105067370554
-0.792228543698156	0.433907255832597
-0.650867617603453	0.383086348822257
0.460387565350581	0.305540532377071
0.144049997367881	0.0558397456595895
-1.13599688789171	0.349486711323194
-2.11628180553196	1.61739191095872
-1.34557870317672	1.10315256636287
-0.505741911152467	0.265014850050267
-0.690234196272449	0.537980936063009
-0.789959241133786	0.598108610462691
0.133927744528653	0.0520048300874809
-1.49099625807477	0.776999131898863
-0.317670041541197	0.147638924362247
0.14750284038024	0.0573545610160358
-0.389343970374548	0.163466025659899
-0.109470617206098	0.044027646042491
-1.25048602256913	0.914981695121124
-0.496511437727285	0.258312814213973
-0.610799523556438	0.289858296692067
-0.0626653780540737	0.0273925685084344
-0.287285278485601	0.207368537747432
-1.28330569158393	1.38585162712332
0.019160696732028	0.0103180221079938
-0.492079460376443	0.257718423085344
-0.0699647145598626	0.0306147841918201
-0.194877353779873	0.102893810972663
-1.81555072674751	0.752836446371321
-1.79522376365631	0.406159618358576
-1.80012731460838	0.40572439661199
0.316599691099748	0.20382451226157
-0.408417954576414	0.229952561555308
-0.543817023411614	0.3375257361357
-0.101474645721849	0.0408115638815694
-0.78854546396372	0.430912346921168
-1.03628902438646	0.811640301804718
0.148448238167646	0.0513076201238473
-0.330985106494078	0.1963211849095
-0.149934490073212	0.101601680869884
-0.5452987323218	0.454189946510691
-0.53818494485497	0.447817458636731
0.940234661153489	0.620756006832241
1.95394206463291	1.23122346815455
-0.461667682329401	0.306072859450934
-1.51396593073936	0.54893460092185
-0.623695063230009	0.152227657420805
-0.032654141346875	0.0154581395438371
-0.495173501756541	0.259543099857254
-0.992248846678109	0.503174128588229
-1.2777288006334	1.38832486915414
-0.559199410330498	0.499642555432952
-0.662700379799712	0.678644949442027
-0.117160097838286	0.0687464345305431
-0.781845564818163	0.580042254578274
-0.35260398138331	0.248197566248495
-0.399944693017667	0.276338644875749
-0.0219266703431497	0.0104009754007793
1.03674127319984	0.397936005636489
2.1252417832551	1.50800047012968
-0.92598185907714	0.667194269919176
-0.522420401816075	0.201298837276784
0.1588995276689	0.0306480879354901
-2.57450915234243	0.686119713628322
-0.529856186543624	0.206206399241258
3.26454918998549	1.12582035861405
-3.45549576669823	1.25034460620717
-1.09800433069836	0.741850902778701
-0.918624845690049	0.653531386262468
0.144885429821565	0.0627280124170776
-0.245664653826177	0.123583049318942
-0.310537485381476	0.143192532648278
-1.46231432297999	1.29243148018143
0.150404974632787	0.065315721168424
0.152044490767477	0.0729965054247213
-0.312951208372886	0.144631570110179
-4.85651796355313	3.16047008266207
0.151147710779537	0.0523193888171726
-0.522449184808623	0.390374601004352
-0.725896158891892	0.253805951910148
-1.34247125215102	0.844457768314025
-1.8193202809442	0.7576566965492
1.39262780068183	1.05686688547968
0.158606065334906	0.0898806173964722
-1.33261491802073	0.840774914309201
2.13969913974045	2.14789592259698
-0.186311853224752	0.0994505822299494
-0.625469527156518	0.152450282737538
-1.02871170775367	0.417044529530206
0.164495633504715	0.0495456538908044
-1.13453748317733	0.348386420481102
-0.527502389066752	0.203292324466751
-1.82467177482471	0.757687975137559
-0.799632401565093	0.441989555573119
-0.395809200878899	0.269568586083486
-4.57213841919513	2.58081385130499
-0.486592451683371	0.253160592091065
-0.498483784770797	0.263510307702279
0.501186596089812	0.309777726783516
-0.662608774521418	0.388886801088922
-0.230395226068507	0.149549741052066
-0.468291822091052	0.309552724061308
-0.143818143515234	0.0807287760421451
-0.808012013098445	0.812335570858298
0.773708152188027	0.70960655708203
-0.538359298255076	0.332935601857607
-1.12965913036419	0.345874034206289
-0.675701465549398	0.463229660291791
-1.02620966872653	0.41818337996543
-0.574334108008179	0.411979285174966
-0.644671511285502	0.377735050696437
-0.492648898137614	0.259583417827019
0.153312144356789	0.0526631808269275
0.668257563820224	0.216585127844403
-1.13453748317733	0.348386420481102
-0.729903352754239	0.254204229928182
0.444372177943055	0.313645503306323
-0.189297176917985	0.0999231139294808
1.10803098871107	0.826723430218783
-2.07782275052685	0.968670753618719
1.45023406290641	0.912456900106155
-0.105389714352962	0.0424193779052806
-1.51309151623221	0.544844714826084
-1.02985304618648	0.417366865086498
-2.29571065113371	1.1804295623396
-3.45335843018676	1.237143568277
-0.154080721580194	0.0564960500422514
-0.407314095983314	0.17369816386051
-0.350191590281639	0.102610881125832
-0.794019394614175	0.436048281445909
-0.954246369864918	0.58394769420943
0.167125285140998	0.0422176691573725
-0.986679859237287	0.962360901932731
-0.772752584084013	0.345638417777207
-0.452865193397136	0.413653108189661
-0.316950197314739	0.326410166167906
0.387580746085279	0.311684150117882
-1.17235997200697	0.66993438710555
0.172003388254653	0.043682446671818
-1.13599688789171	0.349486711323194
-1.82075874395846	0.752445452911296
-1.52204266633328	0.552410388888373
2.35081533466009	1.20147565074976
-1.28624234459102	0.594941965574939
-1.02598754897463	0.414743296101028
-0.736974202582871	0.25698901940374
-1.13599688789171	0.349486711323194
1.45606145484126	0.491057209685398
-3.75448747115041	1.51208464914552
-0.335535613285346	0.0968358090286094
-0.789344471579274	0.739842388456492
-0.0567287957677311	0.0246117305270934
0.447723502510075	0.515374976424866
0.034855378497019	0.0264632129992736
-0.696560196743685	0.549642548818377
-0.658872825240695	0.389131804148204
-0.443520925873424	0.341893072488144
-1.55759958908876	1.44893713798063
-1.79522376365631	0.406159618358576
-1.52204266633328	0.552410388888373
-1.79522376365631	0.406159618358576
-1.51009345022257	0.545190528961888
-0.62409333671727	0.15194082521988
-0.624582031923329	0.153403426322781
0.161486408205213	0.0413117168731846
-0.723081962585608	0.252158286122281
0.546244995926747	0.315563918414816
0.47748074935285	0.319675857248959
-0.229796643276947	0.149400876163353
-0.0670537356865349	0.0419685340976837
0.849682507697386	0.764046632557386
-0.904812577556135	0.749842036158507
-0.00890634145630366	0.00435665882783913
-0.110031457654421	0.0443954586121625
-0.624582031923329	0.153403426322781
-0.151210372862716	0.0548654265219763
0.711855219578885	0.464344048775364
0.141493790786818	0.0550477805246781
-1.20905078088858	1.36951982375873
-0.104590329612916	0.0423595399149465
0.149715782578332	0.071329594264031
-0.498483784770797	0.263510307702279
-0.662967401095436	0.391915869537384
-0.0995695005424182	0.0402661500676422
-2.07014244905779	0.967632690775644
0.702347759826543	0.453874106600567
-1.04456167736098	0.807474291888127
-0.200339932746712	0.13374927098293
-0.343490274986337	0.244173756273745
-0.0796424456129306	0.048348081874987
-0.493834318256103	0.259306282665875
-1.10332933836441	0.743322606830605
-0.522938609184387	0.203337039703685
-1.02620966872653	0.41818337996543
0.792561671722772	0.473487407759951
0.669700188276656	0.216836591054402
0.667073956986921	0.214335437648368
0.436309397023698	0.177951427165859
0.379058224425114	0.171656137597561
-0.114678593869562	0.0458022644762461
-0.719194001735348	0.251086827288541
0.510211880203086	0.431986856161842
0.319810798249874	0.189984012101771
-0.00550806012884872	0.00275388086346075
0.184066957104455	0.13083395931331
0.143552854949838	0.0622321518539146
-0.730123386031477	0.256802322226565
0.338862496290477	0.187328971103019
-0.334803929107195	0.200854515034385
-0.102780222267367	0.0414424096297599
-3.45549576669823	1.25034460620717
-0.545275779405687	0.340941246327338
-0.507348240444267	0.377335793057193
-1.22597507399058	0.921706250579514
2.35216593694559	1.20028973632488
0.512692674633186	0.318026965475256
1.24502815847413	0.852937576930377
-0.0395950066454078	0.0254670355591415
0.495240039995635	0.308518002494153
0.0169633614410022	0.00907931847336703
0.530234735136755	0.195115554796289
-0.275812301576718	0.172270352047324
-1.28051757265668	0.590866747547003
-1.28170971891495	0.590727891544826
0.887247742708993	0.481855048500336
-0.400452575339514	0.225225433943023
-0.0250516153788749	0.0119128852548162
-0.581956083635911	0.42395833267741
1.25898511690605	0.696124401218348
0.160369940870945	0.0476797353799994
-1.79541110556836	0.406108159138969
-1.80012731460838	0.40572439661199
0.157056474373317	0.0303984095560313
-3.45442672204145	1.24810798046793
-0.984311136182428	0.498990825274186
-0.403309979047922	0.276496274835191
-0.503496580137179	0.264358703571821
-0.243001381592902	0.120719593622542
0.151174657025517	0.0727181583688147
0.508038872921443	0.31755450362106
-0.611278604782799	0.297732049068926
-0.255525607377282	0.127456362810041
-0.0312659805546344	0.0148236950355585
-0.610895513519982	0.297752930337381
-0.312051458394623	0.144452926263228
0.386311910035253	0.175824599283655
-1.59833878505465	1.21173955228774
0.473560644332537	0.315547500835083
-0.93467866838848	0.673133628771439
-1.02992750637185	0.416369548424928
-0.228575803073719	0.0755878378969254
-1.22506190938596	0.904423616220227
-0.340534686700151	0.238791384336097
0.607475695731477	0.319641248003745
0.957871568697817	0.254705443855955
-0.770717734185901	0.341832622496007
0.192371257916481	0.123489526203488
0.151305903524906	0.0656787294432382
0.148400278263471	0.0709527191239919
-0.472832132406101	0.310649149327248
0.174530214063739	0.118343608080214
0.317120396640017	0.19001544248669
0.33937660386133	0.187473410645589
-0.0844217324591993	0.0513275671098058
-0.220404038835599	0.0729168656391525
0.44453330997149	0.182617638074095
-0.658514062827539	0.390640002430124
1.06323346921853	0.523850408015986
-0.0300607427018578	0.0141178302480729
0.154486730268478	0.0806787432309761
0.020346627731161	0.0108859660365634
-0.401307165700661	0.171557584514759
-0.0767952771516205	0.0332687657639095
-0.724489220764226	0.25507339261849
-0.412945398421877	0.173144261677954
-0.351639245332709	0.102368245698131
1.9613717712777	0.470903909509444
-0.623695063230009	0.152227657420805
0.158321872008447	0.03054890339565
-0.536390170568121	0.207178133529191
-0.950751418994066	0.58047443114454
-1.22341490158882	0.904531931666572
0.777630095243742	0.462860803363226
-1.1669618882954	0.656244503392323
-0.225194933696446	0.0739396270147115
-0.500241982166145	0.263967423109451
-1.0355361730809	0.42023520166911
-0.791779490251011	0.434953169027354
0.592926270654002	0.309200512593579
-0.146391767834071	0.0538121497783544
1.39128187983787	1.05920878149383
-0.957064261482474	0.581259670779618
0.161694559716164	0.0487970170518378
-0.111706255254235	0.0447027772608248
-1.34194120633528	1.07986737866399
0.158031704426094	0.0479750742787413
-0.625469527156518	0.152450282737538
0.530234735136755	0.195115554796289
0.158846233488997	0.0837918035832008
-0.0360957445953587	0.0169414850046815
0.354881822185351	0.179600223604765
0.140510148384066	0.048664068301297
0.328850605160434	0.180615288414938
-0.11281637483159	0.0450920127554022
-0.609582492901003	0.296208939108801
0.819736361887799	0.353982189775623
-0.0374815745435634	0.0175884481417263
0.816944791679529	0.35159454095763
-0.777898816341768	0.348631200573361
-0.784699631402958	0.503174671599535
0.154205191122894	0.0740610754617311
0.312091601516066	0.201232175429715
0.545848306203232	0.314844987177751
-0.147404457568612	0.0535257293525211
0.14000678393451	0.0479236538736834
-0.625469527156518	0.152450282737538
-0.767372534252304	0.342433422022686
-1.14016935299318	0.348638213237076
0.152585418482253	0.0457613820441299
-0.223224030014746	0.0737859552848937
-2.57450915234243	0.686119713628322
-0.987277387274776	0.500103584989742
-1.13453748317733	0.348386420481102
-0.719194001735348	0.251086827288541
-1.17737940076412	0.670803125177491
-1.03302388557896	0.421793611703792
-0.11635545487533	0.0464769473022142
-0.604505279692161	0.294366536257939
-0.990960610501241	0.499253373185024
-0.669660590087031	0.392162788575095
0.143004663465818	0.0624148196814049
0.139237941355009	0.0539463657658055
-0.0549324392000638	0.0241101131830825
0.437798963734719	0.17948625425802
-1.32480448552056	0.828125236516135
-0.782942658067442	0.499059664849833
-0.581634409915686	0.416369173684604
-0.926236553961471	0.674036321984407
0.397562486593342	0.179279678056957
-0.0343709303450805	0.0161377843155024
-0.489280766854271	0.257343067415587
0.160605205859607	0.0844893789467946
-3.08471213635442	0.965314084973475
0.393608602810428	0.180020414433707
-0.609582492901003	0.296208939108801
0.645787735808841	0.446931491120561
0.162636263914526	0.0976197732488076
0.161366074930799	0.0846761201628365
0.152566503659527	0.0794844491514184
1.24735874014787	0.857901160208698
-0.157810776150112	0.0887377983996943
0.718170691078105	0.466861937741918
0.388545734267567	0.177080838165714
0.362598201161885	0.182622714538315
0.952287577770223	0.634665449734012
-2.29240998427004	1.1910126278839
-0.10552008315132	0.0426262885060725
-1.49303214997585	0.77905623883519
-1.18511995782093	1.20202477051597
-0.18260671355456	0.0958448646770862
0.158031704426094	0.0479750742787413
-0.623203514518812	0.152886975065438
-0.344718928168882	0.101170101330633
0.134227933366665	0.0518953873885236
-0.15821957159593	0.0580782796952436
0.164226724221899	0.0416602681945232
-1.16828233204575	0.664354418938644
-0.771508313629244	0.342237636707845
-0.773826407262892	0.34645590203316
-0.5081574140894	0.377319754458415
-0.968409087406132	0.935641327603838
-0.652324181768604	0.383241455961843
-0.609421573996344	0.295395205195079
-1.51279643757503	0.547771213649107
-1.16643400493817	0.661513799260745
-0.146391767834071	0.0538121497783544
-0.322027702756635	0.147599699394617
-2.2913372153134	1.19200614703728
-0.217602968474122	0.072079936429114
-0.797194694368768	0.685249333297958
0.957004139757083	0.930223637647594
-0.400984984597986	0.225171265492116
0.434765734153405	0.177993138783725
0.668257563820224	0.216585127844403
0.1588995276689	0.0306480879354901
-1.79522376365631	0.406159618358576
-0.727076542516005	0.253677508869169
0.605963137530743	0.318656794563264
0.388545734267567	0.177080838165714
0.44123842978774	0.180936747631182
-1.68221450210287	0.981364424528038
0.144722032390523	0.0561741813106704
0.520832738473921	0.190542776372981
0.599475823370975	0.316333860255882
-0.404354746507366	0.277785188381539
-0.802480064056443	0.607968087323254
-0.0842231722577241	0.0514262647788961
-0.247845974753146	0.122777831433257
0.357233247620635	0.178333742472063
-0.25193566964561	0.125974650778885
-0.146135291861851	0.0823912709021419
-0.343542423818443	0.10090975164114
1.24223688807367	0.860944722296734
-0.933779186941529	0.671183180138557
-0.113082937566282	0.066474609429693
1.22287772367652	0.991083157355132
-0.060509626758234	0.0379204784963798
-0.395022882227856	0.168315057184819
-1.03099524421992	0.416630331572939
-0.606800204881802	0.293482136227108
0.15140740070063	0.0522724297544451
0.15921674927226	0.0483450021306231
0.160400851667561	0.0483731984970343
-0.530937280824717	0.206881451169038
-0.154154862490974	0.0566375929839067
0.14953299838415	0.0516176458431704
-0.500720636239411	0.263661115582235
-0.655767084752357	0.382543852136648
-0.109618033193672	0.0440255443550613
-0.161564356451049	0.05848967139988
-0.224047591747806	0.0740771018889209
-1.79522376365631	0.406159618358576
-0.724261839758342	0.252034414225576
-0.229505410798325	0.0753532432921718
-1.67789070544396	0.974287435452963
0.710484411547138	0.463126374524465
-1.13492041310201	0.349384486959602
-0.318110352102677	0.148129060035534
-2.09063266732376	0.933540703014969
0.158933943506847	0.0404964559262667
-4.00190754356005	1.76453931949093
-0.110964285136927	0.0446593629488768
0.15921674927226	0.0483450021306231
-0.316310059046716	0.146781636394902
-0.134565782442655	0.0741442907016118
-3.46675199587728	1.24010918132729
0.672329204234225	0.214414311899322
0.157819500886876	0.0479964018015095
0.144360057617073	0.0496936999572725
0.1500643212047	0.0518518782937859
1.45641688249062	0.4860389300833
-0.521340294511308	0.201416056002614
-1.13870450738851	0.347544729295153
-1.29144079091075	0.59686921137829
-0.152113499394113	0.055539912158326
0.139171972908913	0.0481781540681678
-0.242134017215103	0.120228317193651
-0.149735794643364	0.0548714666208697
-1.02757122770041	0.415639038598866
-0.52402013054653	0.203694200281952
-0.304118384253692	0.139126467825372
0.162126796780036	0.0484942824533851
-2.0710366946981	0.965136621750708
-1.51396593073936	0.54893460092185
0.141595248893409	0.0490443609015525
-0.477969137573156	0.245335235624765
0.141192906646216	0.0548578024293243
-0.623203514518812	0.152886975065438
-1.04344284902763	0.41707013588973
-1.02431636018662	0.413115491060834
0.44012960476333	0.180773267026075
0.14474970923973	0.0500449668198986
-1.83966410513708	1.17829735828949
0.368166681483231	0.183364801977909
-0.0233174838187995	0.0110786830371302
-0.546954416037148	0.344000556543896
-0.790433983093676	0.432770530923929
-0.60127982030195	0.289627794262615
-0.487528343543058	0.256476702305278
0.143438162521888	0.0625567083820941
-0.773774748297677	0.346345835072774
-0.800529893121746	0.441693547289285
-0.221549116887011	0.0733586886722837
1.325541173279	0.596317804415036
0.99470482150232	0.801670673146588
1.61330092560956	1.11910434231146
-0.150814210638223	0.0550507802852116
0.595912695893615	0.313522040344949
-1.27930512577485	0.595095920645693
-1.03439373371663	0.41922059845391
-0.984045213344661	0.498781634798496
1.2580012664928	0.700001079099647
-0.79918248814112	0.441346449171317
-0.62982953293132	0.153685936034785
-1.28038342887827	0.594844087212462
0.155262948308693	0.0530240037088713
-2.57393942994101	0.680804613621979
-1.52322194584126	0.549040618837191
0.169448715067567	0.0428107247727095
-0.623203514518812	0.152886975065438
-0.719426085672194	0.251004789565613
-0.346167140140093	0.100935083264355
0.156845715679068	0.0472965888265206
-0.312231573606526	0.143172405729668
-0.678470200725157	0.473179696118601
-0.610895513519982	0.297752930337381
0.904400380979045	0.491796349782965
-0.0950125539384563	0.0378468283069963
-0.0435187914606922	0.020191084132239
-2.47799856789043	1.41954690896233
-0.404088877477541	0.172300735136295
0.817211538501641	0.34787144797607
-0.103338362432702	0.0413731337778601
-0.723081962585608	0.252158286122281
-1.27930512577485	0.595095920645693
-0.722131735316544	0.252143474448172
0.164691318680679	0.0931160005831011
0.141308385835543	0.0675070363877654
-0.725896158891892	0.253805951910148
0.15487756849464	0.0813305842162213
-1.34948119790832	1.10378159016419
-0.190695151575994	0.100920627560698
-0.583890580461842	0.417890995130059
-0.931259394205522	0.658939532808097
0.150836864565629	0.051685466405038
-1.0460944397154	0.818340894182914
0.789559151747966	0.734413554073134
-1.00637451462018	0.883272433634557
0.143552854949838	0.0622321518539146
-0.604505279692161	0.294366536257939
-1.09050872731875	0.738043224641881
-1.67851740115878	0.959421301413727
-0.992896728286836	0.502125138939554
0.147807964842846	0.0576339568271193
-2.07805768838125	0.973913682864122
-1.03530796870446	0.422510492431002
-1.13492041310201	0.349384486959602
-0.104966324124862	0.0424807019377
2.1190890298778	0.969511778009989
-1.12857426265837	0.342992598242117
0.814406706085001	0.350217790330299
1.82604050116992	0.728003309996437
1.45878684294033	0.482509497096658
-3.46056115971004	1.25132587477871
-1.29144079091075	0.59686921137829
-1.1412822568496	0.344496178785723
-1.13335360504497	1.22470026308736
-0.293241408445176	0.21276566086487
0.299527910662048	0.215310762108666
-0.0964044920489523	0.0389736419230874
-0.248330531981191	0.124137920986872
-0.18456234825811	0.0980681970153433
-0.613663252410503	0.29949176672961
-1.71834291368233	1.41678788285571
-1.68414146482666	0.983858903403601
-0.400062396642448	0.170601933136714
0.385416551619895	0.176088960307168
-0.803450251165463	0.441330622117266
-0.488932741399159	0.253031236443356
-0.143055342139465	0.0518276779295237
-0.666024315179815	0.456619121981039
-0.336834534534558	0.198994563372154
-0.415299364388601	0.233789736141307
0.140236160554526	0.0546773519781851
-0.400062396642448	0.170601933136714
-0.491539477564171	0.256537756239694
1.67728666513889	1.91156147580973
-0.41218226852797	0.231669360680171
-0.94705158525794	0.580185854953404
-0.622139916275802	0.544531902637728
-0.310340508204065	0.144382632312107
0.144885429821565	0.0627280124170776
-0.654411047356617	0.38281660788394
-1.49231147652868	0.771104896871233
0.185269860204726	0.131251752347047
0.508899487308345	0.434778186118961
-0.980931195203726	0.496641378418941
0.043210335642014	0.0246271371087691
-0.462813461736391	0.303533720379694
-0.695934808853592	0.547220431819597
-1.84785225159924	1.17134176069934
-1.43960708090758	1.52159084635676
-1.02757122770041	0.415639038598866
-0.224253139168393	0.073796430498605
-1.13345886337206	0.34828321496857
-0.731086783026683	0.253036444032461
1.45751430283764	0.487103907991292
0.157056474373317	0.0303984095560313
0.1588995276689	0.0306480879354901
-1.13600022882357	0.347365132523473
-1.79522376365631	0.406159618358576
0.0723385480220385	0.0461143131112302
-0.493315105427515	0.441129468511376
-0.250195347313519	0.125321398579138
-0.58644252873381	0.423488716936013
-0.507147183923151	0.378736410216344
1.25921890345004	0.696590749840793
0.168213647836342	0.0427717891925395
-0.0673180798202479	0.02942656548076
-0.464194037725628	0.306315237855627
-0.924229781587198	0.661694720323945
1.043208103876	0.402535852395547
0.140510148384066	0.048664068301297
0.502738917422746	0.315083593935624
-0.300979927122279	0.137531150819667
0.140516880773455	0.0545297949412117
-0.546066749919099	0.340306906966722
0.442862945825002	0.316403906571095
0.524938478553276	0.192889918548823
-0.160808397258197	0.0585718717595568
-0.0591167732487251	0.0256915636220985
-0.399057447223759	0.170109285065368
-0.103712485568317	0.0417617897564468
0.544418497916791	0.311963407970002
-0.788017726393325	0.507262946194265
-1.09444526599552	0.747588991219381
-0.265983607226398	0.163457108542375
-0.236287505910285	0.117259736864858
-0.280290086400683	0.173505443359112
-1.16867706242406	0.665203149311039
-0.0303986194848854	0.0142329672228701
-0.198910707020287	0.106198209317824
-1.45927155882363	1.28993021266126
-0.490739794489857	0.256736878179605
-0.78050382640299	0.347499428101829
-1.0536436982192	0.83529211025875
-0.335779229796708	0.199578003291653
0.0287406715245083	0.0165625092985735
-0.0641040223256365	0.0282490171992017
0.529086245411457	0.194521335925232
-1.17684710873491	0.668316847784762
-0.115983696548462	0.0463428583025987
-1.79522376365631	0.406159618358576
-1.82231749393078	0.757183848190581
-1.13074478212004	0.3459795805111
-0.724489220764226	0.25507339261849
-0.342091382580869	0.0996589886024872
-1.81697249352039	0.755161927952963
-0.130214761945894	0.0899298343225564
-1.63150716702141	2.20157513140784
0.71780045792267	0.581666227481875
0.657592261170537	0.460154115813434
-0.398206074754857	0.223738781350565
-0.221755533699252	0.0734151122801483
-0.104085245392243	0.041980675436062
-0.137220484283073	0.0766355350679935
-0.405289124045734	0.226590831091652
0.13991578027243	0.0540259261209339
-0.231087265827975	0.0758575600853595
-1.03416549660249	0.42282126768722
-0.310195536138343	0.142876858758735
-1.5154277743567	0.550652304944458
-1.93910641134368	1.85203508364698
-0.773539985719956	0.343836622277183
-0.312051458394623	0.144452926263228
-1.47712320455937	1.02757619910533
2.13561323251448	2.14989922543561
0.164782717041514	0.0861617503551694
-0.402321330714336	0.171233810890718
0.140823560384182	0.067412783434401
-0.723081962585608	0.252158286122281
-1.02734963908132	0.419609489752489
-0.886551054312501	0.814575227638513
0.316599691099748	0.20382451226157
1.32324058196497	1.66049913804583
0.444269307982615	0.182724882347965
0.77995395475739	0.462685428845088
-0.150458831228779	0.0551520014582941
0.157631418222578	0.0304971390385879
-0.0272849889263056	0.0128807436273512
-0.404401306744511	0.172540392766287
-0.609966842831359	0.297344613909476
-0.547243503484246	0.34617833363682
1.23456876760507	0.845495838737207
1.33086270821398	0.600615079200926
0.947827008827137	0.638931834438029
-0.400775266468369	0.224269205639867
-0.109099198836894	0.0440391059160999
-0.511249967551691	0.264025986929469
-0.928495087133345	0.670388550972787
-0.342366844950387	0.0999187527730966
-1.51513633099547	0.548077569901583
0.159003857627083	0.0480265128738231
-0.0215968424549792	0.0103120255135093
-0.679442554391239	0.470746568250992
-0.788020028264936	0.43239040537862
0.141239410545926	0.0610335529037861
-0.0967814521612491	0.0391025954476972
0.145300664779287	0.0692197614676869
-0.110591241280034	0.0442095920413887
-0.251065266194051	0.12574294419594
-0.778919093445955	0.349025831228475
0.169301214921532	0.0427592743769238
0.445559696059655	0.183481849511998
-1.2849226802386	0.599119703841267
-0.990637842627347	0.5048777109982
0.139082147649215	0.0598621590948008
-0.491616593462786	0.257713399966371
-1.04370167027495	0.826513683145642
0.150854954335921	0.0785071545462115
0.14605644861433	0.0505224990642865
0.142470070524425	0.0554450529408985
1.2481468578908	0.866310014536226
-1.9862995542615	1.39512990214632
-0.986631981730593	0.496558100832641
-3.15995059999871	2.68950574123771
-0.54746769798927	0.34122014045588
-0.500947727108824	0.372517076052393
0.15921674927226	0.0483450021306231
-0.392294033852601	0.216753802728981
-0.605761039513214	0.481983242975169
-0.102030853099919	0.0405771098138442
-1.79541110556836	0.406108159138969
-0.103152862860473	0.0415929454699209
-2.23150238550163	1.82427365659974
0.160614285616072	0.0483709724331317
-1.48792643293759	0.768885234942334
-0.316769502251675	0.147367554895356
0.152786099483825	0.0657901716324694
0.606837114789405	0.456301617033436
-2.07782275052685	0.968670753618719
-1.33172249971909	0.841507119691013
-1.68091529709256	0.968596470429859
-1.24794519879599	0.908562542867657
-0.652324181768604	0.383241455961843
-1.64581704796339	1.65127552811522
-0.601343192247317	0.289172763365019
0.15217592618318	0.0460645385354346
-1.27637405814093	0.587410974675774
-3.07880362658843	0.963967696821091
-0.724832779293065	0.252803415831091
-3.45656556517559	1.24745399482219
-1.8211417211846	0.751312028200316
0.145618402952985	0.050071266673943
-1.05041782838103	0.830994376100534
0.0399336939985244	0.0230339962937726
0.164839887749638	0.106202725222231
-0.0581336475896234	0.0255165118530657
0.0366659847157962	0.0212356791204457
0.150628225119868	0.0719247071658315
-0.243001381592902	0.120719593622542
-0.317209943540155	0.14760135306902
-0.990637842627347	0.5048777109982
-0.0259127616731771	0.012318254823508
0.164158976906976	0.0861226643588074
-0.223107034277154	0.0733562917803985
-0.149434619660561	0.0546867535304298
0.141493790786818	0.0550477805246781
-0.220404038835599	0.0729168656391525
-2.06763090792947	0.961174063939687
0.35365163462073	0.177212252977986
-1.17145406139822	0.664913478103298
0.142482706235465	0.055536351134023
-0.618737201948444	0.150559036504414
1.9546851929655	1.24472691991215
-0.605041946918085	0.291804760894315
-0.317648857911772	0.14714976883626
-2.07554755290781	0.970734229791733
-1.03165075561198	0.416907195731992
-0.990637842627347	0.5048777109982
-1.47509298042967	1.02603103769798
-0.151756236463228	0.0557391336018927
-1.46728624962198	1.27821861156799
-4.22884403708037	2.02154820385137
-0.312582498230068	0.145883025775912
1.35838712619301	1.23041895014396
-2.28709789373114	1.18729919341008
-0.624582031923329	0.153403426322781
-2.63781929941781	1.64734646193772
1.45211903455673	0.906022528095472
2.11952845425527	1.49133213163528
-0.48978484330395	0.256973456673983
-1.32858804731232	0.837315651354359
0.595159047559234	0.310304054724387
1.11138739865678	0.971349098142737
-1.13345886337206	0.34828321496857
1.06426358771682	0.529514790306315
-0.314290432830251	0.14538440325599
-0.344718928168882	0.101170101330633
-0.642350660649089	0.37468975982962
-1.61393410752356	1.21467574816764
-1.17374650157234	0.661726462597401
-0.523786937475846	0.201288705648626
0.152059452718086	0.029590171141199
-0.222901125507273	0.07385839070143
0.157056474373317	0.0303984095560313
-0.343268806146835	0.0999183449449793
0.148779719482915	0.0579010525492348
-0.426857037591465	0.357318301635307
0.558101150032109	0.545119893227311
0.14726534360375	0.0638293967625384
-2.63289957913166	2.83635987494189
0.325177955122028	0.194592536169746
0.894154069782941	0.486802869318819
-1.22790931752525	0.911433091633341
-1.28707722447605	0.59833626410524
-2.29026519133476	1.1905219179738
-0.104085245392243	0.041980675436062
-0.343816891455429	0.0996962776646578
0.13953933971611	0.0537929805373032
-1.46789564889223	1.01686719705666
-0.157920584811676	0.0571103304207774
0.690834825061164	0.330577258585932
-3.46056115971004	1.25132587477871
-0.769698010049911	0.341769185120482
-0.525478080321758	0.204331560252006
0.151147710779537	0.0523193888171726
-0.313025901077638	0.145867946745732
0.788565967610755	0.473894272077904
-0.947925965938589	0.574378801091209
-0.773489905113118	0.345369609584891
-1.17420796844917	0.671948679234328
-1.51670973775231	0.546933867089778
0.145862581219173	0.0567091459421943
-1.8193202809442	0.7576566965492
-0.0695380151355837	0.0303947370482494
-1.1764533429977	0.672969207367666
-0.1430314708283	0.0793002160338391
-0.144329327712493	0.0812706434927133
1.44766654837656	0.911219653929393
0.0418609175188442	0.0240256437705496
-0.15387456759466	0.0564152538997517
-0.524252707979673	0.204085170600417
-0.623695063230009	0.152227657420805
0.523787196468579	0.192297988976743
0.445559696059655	0.183481849511998
-0.986951619116858	0.497331077496334
0.446585379791805	0.183721184032664
-1.02878915212886	0.416662754474551
0.443241978351493	0.181863627833459
-0.61921946860081	0.297592411539564
-0.221342553774888	0.0725818506925159
-1.33418826456482	0.848307610999516
-0.230870507498651	0.0758567367259122
1.06401084594047	0.530069212232045
-0.236793554537973	0.116750835514166
0.00084096136095199	0.000306451084612412
-1.22856244161951	0.918196032392357
-0.774058705220437	0.343513815661665
-0.343693528937163	0.0996288364739292
-0.617214662001483	0.302128791616088
0.140215739707294	0.0544615577459193
0.542659620862451	0.307516612576426
0.524817754511886	0.192422842039039
-1.10286718765153	0.752764938747821
0.419374697286577	0.313017941445137
-0.864769811689514	0.908729025096523
-0.466257379782302	0.306610309675429
-0.222082125451092	0.0730311845849782
-0.335382427157093	0.200502384729431
-1.2265113593104	0.911320773782115
-1.97942547254873	1.3673501068394
-0.108132699922539	0.0433650117398716
-1.82373483340545	0.759520768730619
-0.31249067846186	0.144812647504751
-0.766355098817268	0.340994356194198
-1.8193202809442	0.7576566965492
-0.343816891455429	0.0996962776646578
-0.770717734185901	0.341832622496007
-0.161027822541806	0.0580457585849228
-0.531194712943037	0.205234820870384
2.12041844499872	0.96077521211255
-1.51659726126421	0.549787550108874
0.818301154230627	0.351478120783356
-1.3326593297658	0.844466801162054
-0.400990851322735	0.171259979966006
1.56927128528534	0.791519401429986
-0.222082125451092	0.0730311845849782
0.15921674927226	0.0483450021306231
0.387248611171863	0.176367037219288
0.156845715679068	0.0472965888265206
-0.3906307935447	0.164828595897965
-0.999173002769725	0.501397936967906
-0.0986019292922069	0.0396247950613684
-1.98760596982404	1.36801912929702
-0.147689713388894	0.054302242157111
-2.57393942994101	0.680804613621979
0.141511958428034	0.0552197149692542
1.45351865984672	0.48998410568291
-0.726014434586772	0.253129587844998
-0.15821957159593	0.0580782796952436
0.147304623244964	0.0640069055113325
-0.144082494284117	0.0812504888460239
-0.723310015883846	0.254344357266946
0.78767812419087	0.472977753985954
-1.49231147652868	0.771104896871233
-0.611371308748672	0.298911636167104
-0.979636149757612	0.492241841705023
-0.100499981047976	0.0405111581951063
0.512681413030256	0.185444615277897
0.959019086350751	0.643236761211316
-0.439644151061622	0.376527078895099
-1.16828233204575	0.664354418938644
-1.51396593073936	0.54893460092185
0.53295536088233	0.194775549847646
0.1588995276689	0.0306480879354901
2.11542745345448	1.47530702823749
0.53910972555827	0.308630308813639
-0.12188884998577	0.071519867157707
-0.986565344067153	0.498554663170617
1.45528904575511	0.925292967788079
-0.954246369864918	0.58394769420943
-0.521340294511308	0.201416056002614
-2.07014244905779	0.967632690775644
-2.08113582581987	0.962851386711297
0.149271671672469	0.0712974353556596
-0.531194712943037	0.205234820870384
0.520956885974497	0.188836412492436
1.82361765344649	0.72436350636832
-2.28602353305835	1.18708996343768
-0.624582031923329	0.153403426322781
-0.22584984896384	0.074068293460933
-0.79408935775295	0.43942843029155
-1.51425919312654	0.549483381615373
-0.525102425077991	0.203568491059548
-3.75565007208521	1.51176851969756
0.669534861874203	0.213802346782005
0.816796075513508	0.352385300037275
-0.22584984896384	0.074068293460933
1.03793223060229	0.402236165852461
-2.57393942994101	0.680804613621979
-0.808243315585849	0.525660582706366
-1.27182665332711	0.583461481868873
-0.149736388206919	0.0544938114245075
-0.775821130282431	0.345730113543932
-0.787516902954496	0.590350854451986
0.35210318577096	0.176517960592462
-0.0307379209754284	0.0145553551603426
-0.504384095400581	0.263353749988529
-0.318205862653551	0.147527411143433
-0.623203514518812	0.152886975065438
-0.791405177516021	0.435726237882177
-3.07968455989498	0.963635125148535
-0.154080721580194	0.0564960500422514
-0.104645317659636	0.0420037540482151
-0.487528343543058	0.256476702305278
-0.0931922532038919	0.0374990568584823
-0.222082125451092	0.0730311845849782
-1.05448343177516	0.83527061274142
-1.03016432810562	0.417494436414598
-0.241863999469703	0.156510547291607
-0.797689836674519	0.520409645723871
-0.103661141028937	0.0420042327055223
-0.558443674074768	0.350751404966022
-1.27955202404874	0.590042630501065
0.812913924511097	0.340370235631378
-1.09564321162955	0.74080090913925
0.349873339417682	0.175168202623604
-1.93787626299082	1.86644989008343
-0.504314081687781	0.372779787075327
0.357189511230593	0.179169675422769
-0.620146409871107	0.297338095132317
-0.192405022423531	0.100714061996469
1.33221646682829	0.599978311661845
-0.22584984896384	0.074068293460933
-0.402275069733286	0.171940950121467
-1.02203827315684	0.413518890635416
0.148601524796824	0.0642443536096776
-0.343542423818443	0.10090975164114
-3.08560892508393	0.959287165776606
-1.49844534830237	0.78562406308863
-0.725896158891892	0.253805951910148
-0.731306141239577	0.257130066262645
-0.624582031923329	0.153403426322781
-1.13599688789171	0.349486711323194
1.96463092715103	0.470372342687103
1.03912222698575	0.39971781200683
-1.13870450738851	0.347544729295153
0.166760634916841	0.0427859605507963
-2.06876532861005	0.964719982568229
0.165310764697054	0.0422104497686673
-0.624582031923329	0.153403426322781
-1.51396593073936	0.54893460092185
2.10698360933492	0.955030303566198
-2.03672330952726	2.09266360395199
-1.23630038887972	1.59541103172439
-0.398431407932153	0.168029730762269
1.0404202529805	0.404466019128978
0.157056474373317	0.0303984095560313
0.67210466855713	0.216488954078171
-1.13492041310201	0.349384486959602
-0.730123386031477	0.256802322226565
-0.623695063230009	0.152227657420805
-4.00541288526862	1.77035259368299
-1.8193202809442	0.7576566965492
-0.159513824343925	0.0584877561943233
0.157056474373317	0.0303984095560313
0.158321872008447	0.03054890339565
0.157656028229457	0.0474930202178279
-1.82373483340545	0.759520768730619
-0.600147518382891	0.48298610015131
-0.538581434672188	0.334758596066829
0.691382875253922	0.599615552873255
-1.0402346114537	0.812188507841179
-1.56030891611717	1.48274071728653
-0.115967259422974	0.0676624321908599
-0.158596588241367	0.108106843133373
-0.108862899137356	0.0636200860044276
-0.795456814427791	0.523475719738073
-0.303825143806598	0.140133846478748
-0.222901125507273	0.07385839070143
-0.218965144969334	0.0721608079673242
0.145837129647114	0.050508335078259
-3.75448747115041	1.51208464914552
0.513831458592409	0.185862743795988
-0.618737201948444	0.150559036504414
1.83013272208757	0.725092822440417
-2.57450915234243	0.686119713628322
0.167846042512584	0.0427707788849589
-1.79522376365631	0.406159618358576
-3.46675199587728	1.24010918132729
-1.79522376365631	0.406159618358576
-1.79541110556836	0.406108159138969
-1.79522376365631	0.406159618358576
0.166760634916841	0.0427859605507963
-1.79541110556836	0.406108159138969
0.154182755160727	0.0525623993905295
0.439104823354277	0.180243926411834
0.67888497922432	0.216927289969948
-0.187781062135963	0.124716939494727
-0.323346391001985	0.325709796445604
-0.264849676787535	0.196605546874455
-1.13492041310201	0.349384486959602
-0.623203514518812	0.152886975065438
-0.623203514518812	0.152886975065438
0.1588995276689	0.0306480879354901
-2.57450915234243	0.686119713628322
-0.62935300969794	0.153342878403685
0.956487790679547	0.25443416057231
-0.115423224050308	0.0460633523886647
-0.313390293725552	0.14520664742384
-0.652821714199583	0.666842952248617
-0.307146062610916	0.270103034763578
-0.54159445907086	0.531458739067864
-1.57983725377339	2.24660268928873
-0.30979841768507	0.223722125784216
-0.794463512011885	0.745604537291556
-0.394908651087215	0.342252372869083
0.0496975187142636	0.0397968363756554
0.17885111011412	0.131526651884387
-0.35745115991094	0.314128005996791
0.141595248893409	0.0490443609015525
-0.525335160168346	0.204442902704607
-0.344882985175325	0.100433634159356
0.1588995276689	0.0306480879354901
-1.03213830307745	0.41395089545305
-1.79541110556836	0.406108159138969
0.158321872008447	0.03054890339565
0.153330488140151	0.0297415921897382
0.161791665747346	0.0309826798878848
-1.79541110556836	0.406108159138969
1.9613717712777	0.470903909509444
-3.07792320695436	0.955710221735997
-2.57450915234243	0.686119713628322
-1.27930512577485	0.595095920645693
-0.491616593462786	0.257713399966371
-0.384025839475294	0.331760339384784
-0.132603418995164	0.105363696278666
-0.0324767630151903	0.0152466648809581
-1.14235343443303	0.349148050508889
-0.624582031923329	0.153403426322781
-0.62935300969794	0.153342878403685
1.03654154158417	0.402707767551167
0.673553513601153	0.218109822226041
0.166760634916841	0.0427859605507963
-0.619634069394611	0.151716324023864
1.96025897070573	0.471212877436839
-0.622314221648084	0.151717296808394
0.158321872008447	0.03054890339565
-0.622314221648084	0.151717296808394
0.164495633504715	0.0495456538908044
0.548105318842564	0.315527532807787
-2.07578315473008	0.970788456683427
0.321653833990106	0.193330908274306
-0.100204649366916	0.0707867390611561
-0.285408634621331	0.20439070710064
-0.406011289961489	0.40354217517197
-0.78371725295449	0.583377072163471
-0.679668902172638	0.474205732100045
-0.284547051558553	0.204393875262123
0.192751033391777	0.152327875845428
-0.349329370097617	0.275171682871872
-0.623695063230009	0.152227657420805
0.157056474373317	0.0303984095560313
-3.08560892508393	0.959287165776606
-1.5154277743567	0.550652304944458
0.167846042512584	0.0427707788849589
1.33066146326993	0.594944346005423
-3.07792320695436	0.955710221735997
-0.62982953293132	0.153685936034785
-1.79522376365631	0.406159618358576
0.683259807896165	0.326416063249585
0.950654218295308	0.25253240285929
-0.719426085672194	0.251004789565613
-0.334352108489327	0.0965762220704659
0.164226724221899	0.0416602681945232
-0.224253139168393	0.073796430498605
-1.03302388557896	0.421793611703792
0.676191819364127	0.216171302955092
0.160033282133955	0.0407505791232416
1.45730188638128	0.488260410534648
0.952024225447137	0.254550165942042
0.55025695166625	0.317256291320246
-0.104590329612916	0.0423595399149465
-0.778919093445955	0.349025831228475
-0.221549116887011	0.0733586886722837
-1.06825028421223	1.11013706326267
-0.124581656361193	0.0724576885153955
0.155252935092842	0.0869345035358844
-1.1677524946686	0.663254333670944
-0.40665431902092	0.173716593263974
-0.161188658136633	0.0902114573778964
-1.84017843417031	1.16462737634286
-0.790262990080709	0.433056497000887
-0.160252017371226	0.057995313298512
1.9613717712777	0.470903909509444
0.169301214921532	0.0427592743769238
1.44824908922374	0.485976898894524
-1.81697249352039	0.755161927952963
-0.768678966005281	0.341072860478295
0.81151620199283	0.348634244573977
0.172003388254653	0.043682446671818
-2.57450915234243	0.686119713628322
1.96025897070573	0.471212877436839
0.67114469411031	0.215490092261742
-1.139798321011	0.349782272227464
-1.13238101744968	0.345367402292769
-0.216459792863705	0.0716410349070388
1.96025897070573	0.471212877436839
-1.28170971891495	0.590727891544826
1.96025897070573	0.471212877436839
-1.51309151623221	0.544844714826084
1.82059094101477	0.721982498513414
-1.09714372755953	0.74279025777146
-1.25564365369777	1.16385308330704
-1.34852237685051	1.3397049781353
-0.049282439282744	0.031460989054965
0.163616289124362	0.0860299395636953
-0.0463819552720258	0.0300625403665129
-1.00525711601448	0.884581596368387
-0.197273037749099	0.104386691336592
-0.717714731268801	0.776302617151294
-0.908928793702425	0.744574361527943
-0.383537556523143	0.298537465106196
-0.47834805044382	0.467176403250805
0.526282024246712	0.193593170961761
-1.5154277743567	0.550652304944458
-0.630732478411191	0.153857382309032
-2.57393942994101	0.680804613621979
-1.03416549660249	0.42282126768722
-0.343542423818443	0.10090975164114
-1.79541110556836	0.406108159138969
0.162378104800928	0.0310834456145106
0.661593536121753	0.212650522521367
-0.351639245332709	0.102368245698131
1.04160966012263	0.401916952457565
-0.112383293366177	0.0440381854168591
-0.229722716539759	0.0759270068257283
0.155072153323215	0.0467807394425053
-0.777898816341768	0.348631200573361
0.1550686105067	0.039449504415366
0.167125285140998	0.0422176691573725
-0.61220795871417	0.298140458409029
-0.352824712262703	0.102155795737906
0.146206583568132	0.0704909777204752
-0.798977784201998	0.604525905987138
-1.26529313020263	1.16767459393517
0.398318095929539	0.309053545846775
-0.397689518077629	0.274198272464736
-0.887883165114104	0.815279199340008
-0.275030114236461	0.171863320158975
0.475825649203687	0.318985562813556
-0.281717392091187	0.175010025434028
-2.57507908676252	0.680490038595289
0.157631418222578	0.0304971390385879
-0.343542423818443	0.10090975164114
0.157056474373317	0.0303984095560313
-1.13492041310201	0.349384486959602
0.95558416772101	0.253955285085994
-2.57450915234243	0.686119713628322
-1.79541110556836	0.406108159138969
0.158321872008447	0.03054890339565
-1.13599688789171	0.349486711323194
-0.623203514518812	0.152886975065438
-0.235571220413538	0.0764142387662903
-1.13599688789171	0.349486711323194
-1.80012731460838	0.40572439661199
1.96025897070573	0.471212877436839
0.155447957395554	0.0469498859464432
0.141198056397986	0.0614477730429826
-0.987277387274776	0.500103584989742
0.295229588575323	0.220430677006747
-0.543872188196707	0.340655901718906
-0.0415380014574225	0.0257961085399333
-0.807450883778587	0.688887936972629
-0.347552262076994	0.245414678400417
-1.83395168966229	1.63169773599142
0.174005873776156	0.105789456677468
-0.339604125228393	0.239827773147676
0.852024547858971	0.614051558416031
-0.487061163132179	0.255682967190836
-0.455306567741038	0.350286970750785
-1.79522376365631	0.406159618358576
0.161791665747346	0.0309826798878848
-2.57393942994101	0.680804613621979
-0.826472451797893	1.16506052831259
-0.678010952220975	0.467268155779523
-1.13453748317733	0.348386420481102
-1.79522376365631	0.406159618358576
0.157631418222578	0.0304971390385879
-1.80012731460838	0.40572439661199
0.166760634916841	0.0427859605507963
1.45351865984672	0.48998410568291
0.166394015894957	0.0421995715384941
0.00323738546349465	0.00145692037739307
-0.344882985175325	0.100433634159356
-0.155301343295445	0.133805648992642
0.107009400604768	0.0829591604559089
0.252921855045925	0.22452616032589
-0.189758738656039	0.159900268609861
-0.171865668422281	0.146661354872482
0.0747658307351498	0.0621125637902549
-0.515735474759496	0.536496703543941
-0.118266147398217	0.0832075903619773
-0.358961225381065	0.374001878797097
-0.719243443839339	0.993541570330723
-1.33329648474374	0.84581992037969
-0.627436996865715	0.560282651081379
-0.502380415967233	0.453184295701918
0.367629580221416	0.183328743063273
-1.85334214369758	1.18838135316708
-1.13345886337206	0.34828321496857
-0.623203514518812	0.152886975065438
-3.45656556517559	1.24745399482219
-0.342091382580869	0.0996589886024872
1.45496621180374	0.489974899858239
0.530447729983482	0.194934009129475
-0.344718928168882	0.101170101330633
0.166760634916841	0.0427859605507963
0.157819500886876	0.0479964018015095
0.157631418222578	0.0304971390385879
1.56761412650483	0.800352775712037
0.00791976659826586	0.0044202730317693
-0.663759027246109	0.686609220715605
-0.486392028867917	0.405298286442137
0.499452168421128	0.420407843100825
-0.463355758524593	0.305364789104109
0.177757594772249	0.120562522819062
-0.187591747757721	0.12463360899062
-0.62935300969794	0.153342878403685
-1.139798321011	0.349782272227464
-0.544188463754524	0.704489893660343
0.167873489117554	0.100863203959992
0.158933943506847	0.0404964559262667
1.9613717712777	0.470903909509444
-1.79541110556836	0.406108159138969
-0.622314221648084	0.151717296808394
-3.46164602167476	1.25116087441461
2.75863284516271	0.79267969100207
0.157631418222578	0.0304971390385879
-0.625469527156518	0.152450282737538
0.158321872008447	0.03054890339565
-2.57393942994101	0.680804613621979
-1.79541110556836	0.406108159138969
-0.643267340675913	0.813301744700142
-0.242611157958994	0.29301197135996
0.242738179212657	0.229189809553497
-0.593738253903651	0.720269518798711
-0.159093272528085	0.146995047749254
0.189144493654567	0.170498067880208
-0.392264562166357	0.395259054021714
-0.221860227790252	0.0729410950813406
-1.81789801192182	0.755319680676232
-1.51279643757503	0.547771213649107
-0.79469169137563	0.433885550583487
-0.728720853151402	0.253878074388838
-0.344718928168882	0.101170101330633
0.157056474373317	0.0303984095560313
-2.57450915234243	0.686119713628322
-0.342366844950387	0.0999187527730966
1.45351865984672	0.48998410568291
0.1588995276689	0.0306480879354901
0.170541995167361	0.0433725109405701
0.169448715067567	0.0428107247727095
1.9613717712777	0.470903909509444
0.156051095201577	0.046868937559824
-0.724832779293065	0.252803415831091
0.150056620761467	0.0582853017514104
-0.390308714627309	0.163696826917031
0.445559696059655	0.183481849511998
-1.12965913036419	0.345874034206289
0.160384885012197	0.0410552053935884
0.952024225447137	0.254550165942042
-1.51513633099547	0.548077569901583
-0.776105570631896	0.34427657062915
-0.218747016072675	0.0723005288061521
-1.03667947354179	0.419936403849192
0.818093284035194	0.352795702508465
-1.68944081303628	0.980212345517434
-1.5205822622307	0.550689829164133
-0.526650659515288	0.203472876208068
-0.225400119271266	0.0740149655022009
-0.723310015883846	0.254344357266946
0.946765399319523	0.252386055990515
2.55859644075426	1.4580819050164
-0.229722716539759	0.0759270068257283
0.162942698182568	0.0413114056520163
0.172003388254653	0.043682446671818
0.141848058772579	0.0489994167913964
-0.345896359412486	0.100748738523468
0.898064862906909	0.489300832945781
-0.404088877477541	0.172300735136295
-0.399706600788769	0.16951647127703
-3.45549576669823	1.25034460620717
2.11902355283262	0.954068138841365
-3.07968455989498	0.963635125148535
2.762173012355	0.796052683519412
0.15921674927226	0.0483450021306231
-0.624582031923329	0.153403426322781
0.158321872008447	0.03054890339565
-0.344718928168882	0.101170101330633
-1.29143646814727	0.58282739711421
-0.221961803322893	0.0725421592346928
-0.305165703538064	0.141085798245182
0.147035556764615	0.0508245783399546
-0.791405177516021	0.435726237882177
-1.13561687794397	0.345868911390132
-1.13345886337206	0.34828321496857
-1.27798020801158	0.587966405772343
1.77315905933478	1.00717883013889
-0.159244468201253	0.0583497793086273
-0.723310015883846	0.254344357266946
-1.51822461727644	0.546437377819713
-1.52751919802195	0.5494166055303
-0.350454717877603	0.101552906153879
-1.13492041310201	0.349384486959602
-0.993484012081537	0.50037164078255
-2.12129284251506	1.61299839892143
-1.67476084430238	0.961519106447186
-0.984370173910544	0.498898517233409
-1.22736039036812	0.910726729214015
-0.623203514518812	0.152886975065438
-0.538551638230023	0.206878628844601
-0.625469527156518	0.152450282737538
-1.5154277743567	0.550652304944458
-0.522938609184387	0.203337039703685
0.140540587524375	0.0547519601052748
0.155447957395554	0.0469498859464432
0.436595521340101	0.177162504138766
-2.12952601667003	1.61964829325198
-0.153787917901723	0.055304388899821
-1.83171490361416	0.755879019504499
0.442527379761808	0.181395623041047
-0.623203514518812	0.152886975065438
-0.726850409013166	0.253447860915049
-1.80012731460838	0.40572439661199
-1.03579126744407	0.415883407326815
1.96025897070573	0.471212877436839
-0.725896158891892	0.253805951910148
0.146301759811778	0.0563317205065821
-0.404582592638574	0.170482086087737
1.03535032731158	0.398385212491039
-0.677634660087647	0.465413983200324
-1.03956100972855	0.416698220086428
-0.343268806146835	0.0999183449449793
-3.07880362658843	0.963967696821091
-1.79522376365631	0.406159618358576
-1.79522376365631	0.406159618358576
-1.79541110556836	0.406108159138969
-1.79522376365631	0.406159618358576
-1.79541110556836	0.406108159138969
-1.79541110556836	0.406108159138969
-1.4432058428464	1.72684749197627
-0.060347988669225	0.0265478344077343
-0.982751715470318	0.492976905215463
1.25858684864855	0.867225926761676
-0.186813586778307	0.0994381966171893
-0.954797929700334	0.590105134647175
-0.311152231807913	0.144059492294592
-0.0890521264669823	0.0354974171371951
0.95292022183415	0.255029382628136
-0.0310710031044608	0.014583685104093
0.151914213431948	0.0657413809627806
-0.800042064931445	0.605604600646758
-0.615518362639117	0.300322368369469
0.166737913090613	0.0422118222449661
-3.07968455989498	0.963635125148535
-2.57507908676252	0.680490038595289
0.166737913090613	0.0422118222449661
-0.624582031923329	0.153403426322781
-1.79522376365631	0.406159618358576
-2.57507908676252	0.680490038595289
0.158321872008447	0.03054890339565
0.1588995276689	0.0306480879354901
-1.80012731460838	0.40572439661199
-1.13453748317733	0.348386420481102
-1.01467140549162	0.893390327077624
-0.526824832456474	0.200159470626547
0.669700188276656	0.216836591054402
-1.28146249315438	0.593259852250037
-0.786965570635545	0.347633558616379
-0.342091382580869	0.0996589886024872
-0.988166682338739	0.500650015929564
-1.81555072674751	0.752836446371321
-3.09067833077447	0.953722139535711
-2.57450915234243	0.686119713628322
-0.222901125507273	0.07385839070143
-0.397805791869607	0.169070006272473
-1.79541110556836	0.406108159138969
-1.49099625807477	0.776999131898863
-0.931820700901945	0.675724782343387
-0.304721601904204	0.140994740770125
-0.397239214323214	0.167334511467005
0.154863985111538	0.046749770246217
-0.618737201948444	0.150559036504414
-2.57936018855439	0.682903044011602
-0.63784561375014	0.612568215608414
-1.26240063930278	1.165853066535
0.0163636647924278	0.00887657480198523
-0.995048879719979	1.16063527997283
-0.515298282310163	0.469679106910159
-0.784807219512292	0.989700562789643
-0.421229267826659	0.391831080727989
-0.582236070161162	0.417625084252485
-0.622314221648084	0.151717296808394
-0.795803652902643	0.677670026322392
-0.862062523975759	0.918244795755631
-0.308404051064704	0.250185594914769
-0.127480648575398	0.0906598608820972
-0.848539871645423	1.0544977154413
-1.19058473989449	1.59673834664468
-0.299774669923907	0.218470249235823
-0.346634726919668	0.300883440724605
0.180173323787051	0.116090385708769
-0.647769154515354	0.382132764682343
0.849909584803943	0.614750863630149
-1.04503449316523	0.821537477945279
-0.768678966005281	0.341072860478295
-1.5208643075246	0.552186247107342
-0.630732478411191	0.153857382309032
-2.57450915234243	0.686119713628322
1.03654154158417	0.402707767551167
-3.0805660074572	0.955215233063362
-1.5205822622307	0.550689829164133
-1.09360308906976	0.735925990975196
-0.194877353779873	0.102893810972663
-1.49333000658353	0.772786027401672
0.151147710779537	0.0523193888171726
-4.7172004201102	2.82459420468018
-0.790602706285443	0.517688486068579
-0.402187750380948	0.224676548449472
-1.33554179555461	0.850542805747234
-0.19716676220193	0.105179644361874
0.156634201293332	0.0476265114655575
-0.306959920146569	0.142560346188974
-0.722107203298062	0.248515786358393
-0.494804736508512	0.261761031328591
0.145328147373126	0.0559385682292089
0.359046179069308	0.181390062430688
-0.200289725776876	0.106538392838371
-1.55759744844857	1.48761961736021
0.147528393742037	0.0705022870007616
-0.553679130903162	0.346882072836697
-0.132050520939479	0.0731459533558566
-0.0677453907749047	0.029652546523512
-2.08227175354741	0.964703436063731
-0.550907521728857	0.345224298453705
-0.52402013054653	0.203694200281952
-2.28709789373114	1.18729919341008
-0.339412770165686	0.0990063673017856
-1.09444526599552	0.747588991219381
-0.653348082349803	0.378155473383762
-0.337469824455229	0.200310920628959
-1.99325762243863	1.39835179005522
-0.0621098574943165	0.0271613982312289
-0.319993652272286	0.147340128203944
-0.327286875114575	0.194917096303681
-3.15689483906586	2.70313014277156
-1.3477924230485	1.07950864020251
-2.54506350056994	2.61444511477836
-1.68414146482666	0.983858903403601
-1.36013480722137	1.10683030553017
-0.100543638654961	0.040427077654483
-0.551410900074992	0.342137200718798
-0.316769502251675	0.147367554895356
-1.34025172944422	0.848298716130678
-0.521083611060691	0.199344131123277
-0.980601090262338	0.4918346035553
-1.27955202404874	0.590042630501065
-0.0336413949283688	0.0157572809737474
-0.332733810364199	0.233276818131471
0.684534862790765	0.326199707602974
-0.398525727895128	0.222777001289064
-1.09668841686891	0.751004344517519
-0.403151883891413	0.224009684034652
-0.266764728890109	0.163971026654309
0.0615475466897553	0.0389856698356825
-0.790056916166774	0.51592931843067
-0.50310084924145	0.264478740847794
-3.45947707291401	1.2418726498034
0.669700188276656	0.216836591054402
0.435793892227063	0.177391424756306
-2.0710366946981	0.965136621750708
-1.13453748317733	0.348386420481102
-0.701753100706077	0.604808725128795
-0.110732814273454	0.0651989225806887
-0.395086107561664	0.220559309872293
-0.186264632306477	0.0988333402480698
-0.409276051496752	0.230920564942145
-0.108312297798876	0.0434291292902129
-0.0612286720387767	0.026877933423787
-2.29921774028566	1.18757588064664
2.11518784424846	0.962803467848292
-0.721783751651319	0.251597360149973
-1.02620966872653	0.41818337996543
-1.5208643075246	0.552186247107342
-1.51279643757503	0.547771213649107
-0.526185493822531	0.202553070232764
-0.774512509390796	0.344700969275327
-0.530671843634332	0.2061859514931
0.165674434882817	0.0422257308822068
-0.622314221648084	0.151717296808394
-0.51868407630511	0.200163120403029
-1.52633186076186	0.546365949178753
-4.0042435470187	1.77262287616576
-0.393737570292483	0.167638796641671
-1.12965913036419	0.345874034206289
-0.721903010717535	0.251442136891875
-0.322829234053784	0.149347642231959
-1.02568204260639	0.413936713360555
-1.79541110556836	0.406108159138969
-0.346338838256578	0.100875906320348
-0.346167140140093	0.100935083264355
-0.624582031923329	0.153403426322781
-0.608654506166266	0.295801754807353
-1.17196392559525	0.663270268498073
0.1588995276689	0.0306480879354901
-3.45656556517559	1.24745399482219
-0.612369804900988	0.293714478838404
0.316547046849993	0.203601167762895
-0.562266950406496	0.507983432660825
-0.691558084725592	0.548144044764127
-0.199392538841556	0.152921993386595
-0.343490274986337	0.244173756273745
-1.44334239779715	1.5314437526696
-0.339721128516966	0.203668660486098
-0.768390647702962	0.343134946307021
-1.81814593327299	0.757477944035012
-3.45442672204145	1.24810798046793
-0.340914885943416	0.0986896672784069
1.04181404901781	0.404808808438391
-0.342091382580869	0.0996589886024872
-0.232236012155794	0.07579107605595
-0.154154862490974	0.0566375929839067
-2.06990059047782	0.965937293744288
1.0795423546761	0.660187479893354
0.95895249369121	0.646088444116363
-0.0495420088124161	0.0308150409978313
-0.193485235813167	0.102430889652015
0.152840404014248	0.0732544061478093
-0.524252707979673	0.204085170600417
-0.312127367272116	0.145052222331804
0.449462014279212	0.321254981808775
-1.23081759124493	0.924150007214297
-1.82437984170081	2.08628920793257
-0.332995815086596	0.233926597783964
-0.793505860601012	0.668879147384518
0.677254876319607	0.319233976809077
-0.721903010717535	0.251442136891875
-1.09490726239302	0.739002035136433
-0.27250483138449	0.223624368563
-0.00656827868687621	0.00434082213763178
0.174683016539721	0.136286331675644
-0.130255808084699	0.105043738932937
-0.0883631259620534	0.0637283593480085
-2.1159491382843	1.61137377139446
-1.07013211095607	1.11789012885113
-0.227212618004882	0.0750820913651819
-0.623695063230009	0.152227657420805
-0.398740928254789	0.224022366996371
0.147142160420391	0.0570953634191739
0.39114157800871	0.177489819065
-0.347555636251828	0.100540132112443
-0.0657612696698745	0.0287245854969117
-0.120190575706905	0.0697028740637856
-0.22584984896384	0.074068293460933
-0.523786937475846	0.201288705648626
-0.980931195203726	0.496641378418941
0.72453108790649	0.588968187434045
-0.574909121504464	0.518461833425444
-1.18900977411467	1.19165273280146
-0.398001547258883	0.223489920201555
-0.586209387970824	0.424662840946495
-0.238027407141267	0.117752834685104
-0.79093130709858	0.516886307998667
-0.0342395446082616	0.0220503163822046
-0.271605153773621	0.168695267923381
-0.427276780826969	0.365719112825399
-0.403044115728497	0.225137707304417
0.1500643212047	0.0518518782937859
-0.792376025820899	0.430426632858784
-0.777130032392384	0.343622911178301
-0.912663582821277	0.746064594585017
-0.0626653780540737	0.0273925685084344
-1.16452104462497	0.656980764228863
0.525964016980888	0.191864376850222
-0.189063577283898	0.100507443718251
-0.242278691975929	0.157554657598478
-0.408417954576414	0.229952561555308
-0.581634409915686	0.416369173684604
-1.48866528318237	0.764073155818911
-0.213949743951339	0.0700136617235171
-0.673546589488243	0.465008007037582
-1.13561687794397	0.345868911390132
-0.385265103145375	0.159694343829243
-1.72523894310388	1.41662820914588
-0.507570743989433	0.463049223442859
-1.45431249850569	1.27390936193754
-1.02849046705274	0.419931822610547
-0.795812302828404	0.435649200388548
-0.228358576380837	0.0754206022353645
-0.9534461738792	0.588603641815562
0.436287688376884	0.307047140547589
-0.779934190046051	0.710833861231981
-0.343268806146835	0.0999183449449793
-3.46164602167476	1.25116087441461
0.669700188276656	0.216836591054402
-0.525208018970066	0.202582006960078
-1.02203827315684	0.413518890635416
-0.314824536786712	0.146665958986666
-0.103152862860473	0.0415929454699209
0.957871568697817	0.254705443855955
-1.02734963908132	0.419609489752489
-0.404231289985539	0.228863462879582
-0.647805933539448	0.619658676776585
-0.111828326393637	0.0650244573583048
-0.308299997853827	0.143070950496121
-0.796617831465599	0.526786121352253
-1.19957099918645	1.21714146727607
0.180952979087027	0.101574658636873
-0.220109901011941	0.0723811542078152
0.388545734267567	0.177080838165714
-0.032654141346875	0.0154581395438371
-0.954870314587091	0.581258586979823
0.704919907769939	0.459173471010223
-0.709352178851525	0.675221852730935
-1.2428129959845	0.919004916756004
0.145358439177549	0.0628338168208999
0.450307786351406	0.322951593653141
0.0348838312837998	0.0199177584899861
-0.805425094332361	0.520658294719072
-0.154692362923611	0.0867296109550266
-1.01242185000539	0.902289971206355
-0.345344155334817	0.246079685523363
-0.503843211279583	0.377812857984893
-0.681804994763014	0.53169486113824
-0.702142449928783	0.616037753206673
-0.104456645162201	0.0420315616456337
0.158853586683032	0.0400451082866164
-0.222695068591131	0.0735779431251597
0.165627026668308	0.0419540958394552
-1.139798321011	0.349782272227464
-1.8318376464412	1.13973771859861
0.164226724221899	0.0416602681945232
0.392508050183341	0.178158293100945
0.149753042092279	0.0513775172434915
-1.13561687794397	0.345868911390132
-0.151833642356274	0.0557212649548327
0.147142932159236	0.0509873558125847
-0.25380408630051	0.184160339650193
-0.956693413641219	1.00063494340956
0.273477980020189	0.225102032012156
-0.329562574840945	0.19505334579026
-0.483849606478791	0.251770190642264
-0.186128227719733	0.122991444350203
-0.489280766854271	0.257343067415587
-0.192437698987974	0.103234446109599
-0.277241285300431	0.173684467265167
-0.681355118686366	0.474624230485377
-0.215091100919037	0.0708081397941703
0.757796049024122	0.732587762223485
0.652643088968395	0.457534779246371
-0.065212305464905	0.0407410325176262
0.838763895232709	0.868382818616626
-0.392670912843839	0.269616682362605
-0.405058914373109	0.172684284751207
-0.647678652103031	0.381044963138136
-0.621844828197272	0.302479580108343
-0.0139623408366271	0.00679900336739329
-0.110181368314442	0.0640223292420241
-0.616446754220682	0.299841553593291
-0.148656650294664	0.0840974482599823
-0.336093067491408	0.198946680982186
-0.985274119763427	0.500990126027405
-0.398776817471561	0.169595465995923
-1.0930858211959	0.740892212314409
0.174835857727828	0.128467579511693
-0.339195242409835	0.237515268317836
0.381315737223575	0.171419388313368
0.52210596591955	0.190372011480154
0.433736870450855	0.177466012567766
-1.02643160480815	0.412146784429271
0.155072153323215	0.0467807394425053
-0.77411193921452	0.343848221585659
-2.07691999930247	0.973664095812084
-0.217602968474122	0.072079936429114
-1.5205822622307	0.550689829164133
0.446585379791805	0.183721184032664
0.739062483203254	0.702346781295693
-0.729212391801151	0.860346717356824
-0.482594741749928	0.409236939521249
0.455737983844572	0.324167023677443
-0.333701486359563	0.197341819888854
-0.0300607427018578	0.0141178302480729
-0.311152231807913	0.144059492294592
-0.246033429080734	0.123025880760605
0.1401633684631	0.0608115263243824
0.149853105967217	0.0649478893208599
0.15032418347078	0.0515592356580891
-0.521809913392441	0.477258156866625
-1.15218800987519	0.978350279980511
-2.47058470880207	1.40668429027229
0.686783210149492	0.326529013787713
0.0350621190955878	0.0200668323931331
-0.803185211495387	0.526083455070701
0.001147276543051	0.00047118700437658
-0.111459885196027	0.0640356423577435
-1.23136973195614	0.923148172253599
-0.79536271883063	0.433222542552389
-0.101597951834625	0.0592599407587766
-0.104085245392243	0.041980675436062
-0.795518960005136	0.680181153425124
-3.76608312641136	1.50117872683722
-0.147689713388894	0.054302242157111
-0.650955147929288	0.38197053639189
-0.658417823682965	0.390409173587171
-0.501755138609403	0.37384565498998
0.307697022128673	0.208588635887937
-1.17235997200697	0.66993438710555
-2.1145858664111	1.60884216240913
-0.519762353787516	0.200048899292904
-0.405498696234413	0.170759412248151
0.173098035606419	0.0436660682371104
-0.228575803073719	0.0755878378969254
-0.728603241616642	0.252594278008489
-0.344718928168882	0.101170101330633
-0.978671812540521	0.491844970361212
0.899648420517004	0.734665629886903
1.47722895905193	1.45792665722318
-0.794850574081011	0.804687771734042
-0.0594678068579698	0.0261805048059701
-0.0757204979686917	0.0472332256355118
-0.324509747760304	0.190629999333528
-0.802001557757813	0.528442547817415
-0.403692480171519	0.227186172296287
0.1401633684631	0.0608115263243824
0.53871237882254	0.308085232043761
-0.216233327172033	0.0712426822696432
0.150836864565629	0.051685466405038
-0.772182500121502	0.341486733486944
-0.426277310706532	0.361466309967404
-0.805017806625934	0.611068751330306
-0.228595576869158	0.14793840728473
-0.799898380326033	0.682523323005957
0.545848306203232	0.314844987177751
0.545410336481626	0.310217423325567
-0.964967982679509	1.0158076332177
-0.574940991874914	0.411965518094938
-0.60724968907321	0.494002125821095
-0.767372534252304	0.342433422022686
-0.398248372242732	0.16861009496187
1.7647520516403	1.3778884773597
-1.15555568912434	0.990892886411949
-1.73833770638599	1.4426072679082
-0.0982216589151396	0.0395320886440613
-0.0599965136270443	0.0261341781228863
0.948239208627308	0.639755204564271
-0.219094893511895	0.14009395889175
-0.546032793100622	0.453319080677862
-0.405058914373109	0.172684284751207
0.0399336939985244	0.0230339962937726
-1.52633186076186	0.546365949178753
-2.07355228642512	0.96496503568204
-0.774512509390796	0.344700969275327
-0.452364953368965	0.345895563453517
0.0242095571503725	0.019460648513183
-0.135367917080543	0.0941649104474669
0.341952635355622	0.188613003893817
-0.0651552436220685	0.0408133786097174
-2.23440371210115	1.81948741697953
-1.5544541437391	1.47943505505814
-0.243001381592902	0.120719593622542
1.33066146326993	0.594944346005423
-0.246960465635327	0.122951947633052
-0.779940052077409	0.348591494839591
-0.0639749513924308	0.027884574060316
-0.183489054695711	0.0971044737604413
-0.463054790786399	0.302606325063529
-0.318110352102677	0.148129060035534
-0.582561785458921	0.424517955902115
1.05756443758008	0.524759187496267
-0.528510789511083	0.205441902241372
-0.695358762148095	0.602244930256925
-1.68351362006684	0.973221895854537
-0.730123386031477	0.256802322226565
-0.154609728561525	0.0561945909155969
-0.798873088092357	0.527041190777507
-0.955593329662769	0.584223897974517
-1.23166852890222	0.924027448524211
-0.796447783099558	0.608742282308962
-0.984370173910544	0.498898517233409
-0.773489905113118	0.345369609584891
-0.491500386201502	0.257738617120495
0.445824300860139	0.182823493832524
0.290091343391742	0.207384075914124
-2.49631275452925	3.43388874027533
1.07609129641363	0.659609018102904
-0.537307679666373	0.447009031928691
-0.160252017371226	0.057995313298512
-1.28356786747033	0.591912012640858
-0.549766241715147	0.204852561426988
-1.02849046705274	0.419931822610547
-1.36538662446515	1.34292793822729
0.711208632361745	0.774853903679037
-0.0953983171056111	0.0687303998227598
0.469513057001806	0.315863406428568
0.179572672726598	0.13083580378251
-0.158656723952095	0.106957421609658
0.601492562665222	0.313819154140838
0.890983202869456	0.4835081440556
-0.715287916642133	0.2464919129034
0.43943871556811	0.178487551145631
-1.50077626148718	0.779197641125938
-0.795812302828404	0.435649200388548
-0.249698797598927	0.125061037313346
0.106201368805871	0.0820512085212741
-0.0336808126423829	0.015764021684795
-0.65647909954487	0.631396536109174
-0.0983603338443075	0.0571513820515872
-2.11764052282478	1.6015832809919
-0.694651702494279	0.472407642310165
-0.787503251943447	0.511467723874741
-1.81516028188415	0.748234362154385
-1.51822461727644	0.546437377819713
-0.623203514518812	0.152886975065438
-1.83030178054833	0.753586690030118
-0.773774748297677	0.346345835072774
-0.625469527156518	0.152450282737538
-1.03279141777036	0.417914440602884
-0.454532023478052	0.483582026953442
-0.532015969971194	0.520453081007496
-1.33261491802073	0.840774914309201
-0.726850409013166	0.253447860915049
0.667073956986921	0.214335437648368
0.794451610123388	0.475798368850027
0.474938331646222	0.321509699859931
-0.349222892326031	0.246741739545031
-0.229460289972759	0.172332941924316
-0.199415638684341	0.163066123311371
-0.704289032435898	0.658911525085234
-0.503448768029482	0.377719350236554
-0.196445342970404	0.130738112085926
-0.340153233494423	0.294440876777502
-0.353757111967032	0.283515934592538
-0.384527968703281	0.301552373569779
-0.611824743245204	0.297690775140387
-0.158488679171333	0.058060458869062
0.169448715067567	0.0428107247727095
-0.227429765821456	0.0748191696657807
0.141848058772579	0.0489994167913964
-0.725669351344178	0.254938132698188
-0.105018196900244	0.0423002004785251
-1.13599688789171	0.349486711323194
-0.339412770165686	0.0990063673017856
-1.79541110556836	0.406108159138969
0.158321872008447	0.03054890339565
-3.07968455989498	0.963635125148535
1.96025897070573	0.471212877436839
0.1588995276689	0.0306480879354901
-1.80012731460838	0.40572439661199
-0.624582031923329	0.153403426322781
-1.79522376365631	0.406159618358576
-1.79522376365631	0.406159618358576
0.157631418222578	0.0304971390385879
0.157631418222578	0.0304971390385879
-0.62409333671727	0.15194082521988
-1.52322194584126	0.549040618837191
-0.949404712468517	0.577590701186472
-0.239827304956825	0.119687115823833
-1.02651500719777	0.412458970643197
-0.62982953293132	0.153685936034785
-0.626864811617034	0.301583013390923
-0.520024315525337	0.201968241826799
-0.796039975049003	0.600961017766003
-0.764013047445055	0.335316966401346
-0.11635545487533	0.0464769473022142
0.67134567514062	0.312716472025168
-0.13922291811362	0.0500537641309676
-1.79522376365631	0.406159618358576
0.157631418222578	0.0304971390385879
-1.80012731460838	0.40572439661199
-1.79541110556836	0.406108159138969
-0.889067421716239	0.80137652168132
-0.459949728770982	0.302314630154471
-1.16188017903642	0.654458729751555
-0.623203514518812	0.152886975065438
-4.21699301697494	2.02830354120448
-0.401034923550571	0.170830593731264
0.385952021649203	0.175278906002336
0.530234735136755	0.195115554796289
-3.07880362658843	0.963967696821091
-0.223107034277154	0.0733562917803985
-0.995628440884956	0.50322638126329
-0.525335160168346	0.204442902704607
-0.620469662224624	0.503855253350803
-0.222745919779455	0.168377286977178
-0.169905216367442	0.116035738030095
-0.509094683043419	0.376762409415104
-0.148984048055168	0.0831761523236922
-0.704615888317878	0.665217931576179
-1.1632555737222	0.998446761688945
-1.13599688789171	0.349486711323194
0.34185582790988	0.181690896302875
-0.0679761958321906	0.0295520868040948
-0.780222385383906	0.350064605644818
-1.51009345022257	0.545190528961888
1.96025897070573	0.471212877436839
-0.726238487506654	0.253437335397984
0.167125285140998	0.0422176691573725
0.173098035606419	0.0436660682371104
-0.342091382580869	0.0996589886024872
-0.071300483055964	0.0311792331292313
-2.78874331418754	1.9100960963886
-0.801876010882772	0.438800101874261
-1.33083058651285	0.841087357838455
-0.396643509279753	0.16828753711455
-0.227212618004882	0.0750820913651819
-0.106457423033015	0.0424356822282121
-0.221860227790252	0.0729410950813406
-0.316092284816138	0.144657310996052
0.382951770590543	0.173831811368867
-0.325931647507381	0.19187639726155
-0.102780222267367	0.0414424096297599
-1.27955202404874	0.590042630501065
-0.513483584358143	0.196592057047193
0.387972177890193	0.175946570994379
-0.780961693084786	0.346618625657424
-0.154080721580194	0.0564960500422514
-4.2257549095353	2.02968188220042
-0.651461204035284	0.381734281272311
-0.249698797598927	0.125061037313346
-0.725669351344178	0.254938132698188
-0.236717824035637	0.0770703275009474
-0.58061769579393	0.420435029479241
-0.403559253217076	0.171458880074121
0.607052026589632	0.318883885999737
-0.316769502251675	0.147367554895356
-1.03978903438032	0.421120383022407
-1.48350176313111	1.03509918307085
-0.724261839758342	0.252034414225576
-0.725669351344178	0.254938132698188
-1.13600022882357	0.347365132523473
-0.254654001109278	0.12692343644755
-0.243001381592902	0.120719593622542
-1.18974260844188	1.19496413196962
-0.24076859667372	0.120221780277804
-1.00522047451759	0.894641850904678
-0.487403805377829	0.479642882474763
-0.233503005950069	0.191177873935155
-0.86973550961461	0.927879929078291
-0.0664075490831525	0.0289816569429793
0.528969012283931	0.192665716160184
-0.520777881803033	0.200694665575379
-0.52402013054653	0.203694200281952
-1.12965913036419	0.345874034206289
-1.82585028564619	0.752597954911243
-0.151210372862716	0.0548654265219763
-0.995628440884956	0.50322638126329
-0.0722966912128748	0.0511305779411862
-0.459331992088659	0.418370740403899
-0.635742212435692	0.799369860115075
-1.17342630829712	1.77508987420921
0.136931822740882	0.124333321045674
-0.298066448710325	0.266749769316098
-0.101427490232346	0.0409683928019673
-0.39341936124574	0.166446191090308
-0.344718928168882	0.101170101330633
0.164495633504715	0.0495456538908044
-1.0209005117101	0.412125725713164
-2.57393942994101	0.680804613621979
-3.45442672204145	1.24810798046793
-3.46056115971004	1.25132587477871
-0.228140727777019	0.0743455013369656
1.4549594322014	0.484932859758814
-1.14235343443303	0.349148050508889
-1.5154277743567	0.550652304944458
-0.255510068356712	0.189824331342191
0.428564897447928	0.32251857662696
-0.306402499406538	0.248171637738077
0.18733483999781	0.138147060095158
-0.549549164313941	0.454798612644732
-0.608400125535668	0.662193130149648
0.149932820470441	0.0578131211407735
-0.0918844553371047	0.0367940472823709
-0.151483736448208	0.0554963882939861
-1.51126686389698	0.544349597683157
0.158321872008447	0.03054890339565
0.161791665747346	0.0309826798878848
-0.731306141239577	0.257130066262645
-0.222695068591131	0.0735779431251597
-0.73676143510983	0.253400450772039
-0.340046843874097	0.202842810927461
0.404550557671509	0.317784794429871
-0.305290859965969	0.244773047171076
-0.0317135471453064	0.0203150406376231
-1.02063607333508	1.11678499827967
-0.803125990153597	0.863161063982872
-0.343268806146835	0.0999183449449793
-0.152560157274977	0.055606390473609
-0.340869162586215	0.0994476453021484
0.165310764697054	0.0422104497686673
-1.82491177099641	0.761062662410459
-3.4627316598727	1.24194119481148
-0.339412770165686	0.0990063673017856
-1.81814593327299	0.757477944035012
-0.147997578160124	0.0534074806312031
-1.51659726126421	0.549787550108874
-0.724489220764226	0.25507339261849
-0.150731092427451	0.0552708638941148
-0.515909983556443	0.197462040377795
0.1500643212047	0.0518518782937859
-0.231589696392371	0.148625809110934
-0.896939947252815	0.732612985785861
-0.504648080397819	0.374075788427096
-0.0731201073244169	0.0314519135566453
-0.153808610141153	0.056307890723225
-0.104085245392243	0.041980675436062
0.144420742238617	0.0557400355711829
2.34946932765502	1.20004188926087
-0.98967097149241	0.502860102612123
-1.49713295825533	0.775816970206693
-1.09306093724493	0.739363201300416
-0.0745000805971936	0.0450535758110103
-0.0745531962345436	0.0323933557077966
-0.398740928254789	0.224022366996371
-0.151483736448208	0.0554963882939861
0.137495444484056	0.0597099792716302
-1.16971993329152	0.998580846944062
-1.17196392559525	0.663270268498073
0.522186972682561	0.189603884469267
-1.10211868304183	0.753024129296489
-0.646906536621638	0.381170014915678
-0.603580181793657	0.293492660009994
0.156196840301356	0.081445177862014
-1.62142798414509	1.23045187158669
-0.624582031923329	0.153403426322781
-0.723310015883846	0.254344357266946
-1.33600146119972	0.840686615112887
0.306489097005186	0.196053563576921
0.044419840630523	0.02694195067792
-0.592661865691723	0.428702122430221
-0.249698797598927	0.125061037313346
-0.989988616058659	0.498459472947123
-0.939136577872222	0.676289653327676
-0.241635590666996	0.119560087064503
-0.492493885450051	0.258319684378867
-0.331869109602837	0.195082229853145
-0.284325530463397	0.177307958430633
-2.29455776093769	1.17784250378952
-0.803970927237086	0.752298977632292
-0.401307165700661	0.171557584514759
-0.225277862156654	0.144998890497384
-0.390716471198601	0.30777289377751
-1.00075877931043	0.874508808219522
-0.416693236638534	0.234016352179153
-0.642350660649089	0.37468975982962
-0.548311029134375	0.342476331890108
-0.341738081961525	0.203574300910944
-0.767083583649264	0.34015407207702
-0.780222385383906	0.350064605644818
-0.623695063230009	0.152227657420805
