x	y
0.143445720753174	0.0557160838352611
-0.406389397989406	0.278870404467097
0.888187438187754	0.482718759208642
-0.414111328385881	0.231401182543232
-0.088927511594196	0.053690981549271
-0.502616418387384	0.264157224628684
-0.916209028501344	0.644841179097317
1.25079950758553	1.34392065237135
0.279702554446964	0.213785413733405
-0.402234678705007	0.315739104385915
0.133200650385756	0.0574217153059935
-0.216459792863705	0.0716410349070388
0.445956859048473	0.317340407719106
0.142127278172483	0.0787430465411526
0.15749722919957	0.0944173111784662
0.305910389254237	0.19608620400492
-0.00494953295871075	0.00244640432294954
-0.799438724013364	0.524662834588458
-0.792284315820193	0.601922625531087
0.333159213729066	0.184465120629312
-0.799855168671006	0.436967447403752
-0.190181635187669	0.101967004818941
1.05532093070944	0.51545179898496
-1.72890647292829	1.44232300962717
-0.58061769579393	0.420435029479241
-2.28494991982354	1.18473223243297
0.141669767450459	0.0617166337329967
-0.946179789484565	0.578956141391647
-1.27955202404874	0.590042630501065
-0.313025901077638	0.145867946745732
1.00775274956327	0.805076874743451
0.99146661921574	0.800308628456804
-0.418514903696242	0.232625142785919
-0.151833642356274	0.0557212649548327
-0.147965038499512	0.0540019765178754
0.146173228751585	0.0697703665163214
0.172356611555008	0.104817783164723
0.664258666208345	0.674572114216289
0.0610360477689865	0.0464024456570549
-0.0114303678561846	0.00984782498367994
0.203097424611328	0.202138081029631
0.285048135467097	0.346286680702086
-0.319684377907364	0.303837198275369
-0.793948421049724	0.6070307138773
-0.407671012817332	0.230349926719157
0.186744032158591	0.155581525923148
-0.494495564517361	0.489027978992801
-0.731886824427464	0.955484755654244
-0.545874063348562	0.339644226331349
0.536400956545482	0.307119693700473
-0.792943381030868	0.905987440646759
1.23365077336739	1.3336852265319
-0.240326279377033	0.120134463601878
0.19176155550129	0.155842281005732
-0.742556004061631	1.08715170387879
-0.161564395492305	0.141638909518419
-0.176274793510701	0.136322617815616
-0.740349704277321	0.965780430400583
-0.00295292442620342	0.00184746704866641
-0.858229892333738	0.967746001633842
0.00901047076965927	0.0049992713578938
0.333528566141164	0.182748410798652
0.702347759826543	0.453874106600567
-0.977225867868199	1.27955704464936
-1.54698083254015	1.4486615730604
-0.929947717833685	1.11065832234219
-0.860757238863623	0.980646748425771
-0.749388345033927	0.85751712619658
0.0281556005417922	0.0207439275433411
-0.269444700214615	0.304186200567618
-0.133245319171764	0.0739707683255693
-0.614543389281931	0.298013493415442
-0.34472290609267	0.295531675214465
-0.795800892074307	0.674082484441682
0.181868566978323	0.129016685152471
-0.0889479479824138	0.064069784794783
0.265547341145904	0.248779951115514
0.111849318671638	0.0890508674534752
0.508061352158391	0.681580544474106
0.942401157411236	1.47034191079395
-0.1674000235977	0.152580783527089
0.150730739577971	0.134403675890233
-0.971076966246625	0.943315655914013
-0.148124447005256	0.102865005664957
1.3970216694085	1.86356790139884
-0.221006415831587	0.213403481772322
-0.0714667856913266	0.0530436866170394
-0.0204417706098851	0.0134215212381713
0.604064901441568	0.453590776913462
1.34801565712199	1.3908446777301
0.70421264786533	0.771288004214358
0.545852066858627	0.451191411806565
-0.312786622295553	0.251846372131794
-0.372308520696036	0.364982783782604
0.44133099480908	0.50705193027434
0.0843853045345322	0.0589693521589989
0.201084913576078	0.16857345197144
-0.195552800046866	0.150110676238983
-0.45218798685012	0.345595412153201
-0.629319092736609	0.55999426098158
-0.807916845536179	0.6125392769559
-0.396677533540172	0.313420395692989
0.171577805162031	0.125862198568597
-1.33552703131599	1.0518523396187
0.183930630356657	0.131025893542699
0.372543560677371	0.322917065938571
0.35277075251375	0.329918116710943
-0.308951639412854	0.246337728560667
0.873297490995386	1.07860490178647
-0.073576281523181	0.0522943728012107
1.45084528156729	0.912416094166212
0.508268719249385	0.526575987928333
0.552926587726119	0.455169562523192
-0.0734345551063974	0.0595865522637002
0.335766365419236	0.1839102913104
0.971624731458477	1.04455332096748
-0.182656644972824	0.120952161913937
0.0826843429774303	0.0596149242470679
-0.141922707318479	0.110992908805035
-0.376688470061218	0.350659438120074
-0.0319363077949414	0.0243324475574398
0.0819088940158552	0.0548501635540173
-0.351704106264662	0.282291656571525
-0.119405474980033	0.0700093872310721
-0.414971495271288	0.232701074299857
-0.605044052009695	0.490999594250205
-1.10030743834519	1.05507938976417
0.0719272234872208	0.0482435762355326
0.341451914054873	0.18660037862397
-0.790950212014164	0.436604470749783
0.69263386949735	0.325347444834707
0.371714870785613	0.184270374109031
-0.22673006058059	0.146289149698096
0.950883558638046	0.637993137090539
0.67075198351509	0.567659292161082
-0.387266686729115	0.303750007511175
0.149611419594272	0.0890822208621921
-0.100995154929021	0.0588085041891848
0.494469545067568	0.304061869241153
-0.383334079072312	0.258278404606653
1.24958343431522	0.865762493860178
0.892301830102544	0.488271639538279
0.532741912476932	0.194574887814862
-0.626321154556587	0.29890033040461
-0.802530397540749	1.01797398946419
-0.853830302193701	0.962551060865627
0.948688905891833	1.32350049102707
0.57051506455083	0.771048873108867
0.383327485335031	0.400852331856884
0.19104376407798	0.14662309503876
-0.0152319816685496	0.0100499189622619
-0.498898753237048	0.262969786791842
-0.346641480069564	0.204809613483979
-0.386915717773602	0.262989300284062
-0.171145925246969	0.132019127689546
0.410761085296556	0.422623838490385
-0.403305430680788	0.350071567272746
-0.396162905467831	0.310240864396875
0.509147131729831	0.510788801250386
-0.260060447645421	0.191528232460705
-0.395708852742493	0.311221912894072
-0.867065000764412	0.856361334094192
-1.0998787910959	0.751283918030542
-0.114089731100596	0.0667456721901125
0.309532575998261	0.198794040710491
0.570220883339302	0.450334584813483
0.409671145471688	0.321419813170001
0.293677253698468	0.19850908370464
-0.486806402276077	0.40869819292772
-0.034699274460481	0.0222462137505519
-0.462274441994708	0.302602400860657
0.300264769450616	0.190427140119084
-0.110776327374244	0.0643138706929976
-3.04264287592534	2.42936707707799
1.07349730014316	0.524811700964741
-0.789049029899348	0.671036823182698
0.024747184163304	0.0176560708788906
-0.948320086218487	0.990715137047438
0.0624946694311181	0.0515225669061977
0.250045262326953	0.22809891850462
-0.0691787425284979	0.0513812503396393
-0.398352938993608	0.386987429685883
1.15174301872719	1.49593820921215
0.054513164869959	0.0348584817946778
0.274262412803592	0.207064053206353
-0.01177244375293	0.00908133709993859
0.183102887752293	0.156395818843046
0.361616822949897	0.330502344968612
-0.447248839131275	0.346130512350037
-0.18542798749241	0.123307278510992
-1.02179861598597	0.907059963524805
-1.09466560923515	1.27000642228538
-0.147205765146764	0.115125128070532
-0.0980659383027884	0.0803280425323892
0.0238873001121615	0.0137341361626766
0.306217529399505	0.196664871551973
-0.279472013815155	0.19799763624039
0.681191552782939	0.587515248168585
-0.00855881560631779	0.0066386919111632
0.389642395834976	0.330057609716942
-1.04263010366768	0.829061833063278
-0.51590381198102	0.471365236022433
-0.158809683405701	0.107834597701698
-0.799973686430288	0.745814408598218
0.610264270273009	0.455832147358585
-1.60895824513457	1.23161291109811
-0.926759727296043	0.665637063025807
-0.0294495516677769	0.0192093502523424
-0.713087086721438	0.72584129716997
-0.783238644197892	0.661767480653072
0.498761689000795	0.518652582230056
-0.183711894848072	0.0975157999199257
-0.159107028442962	0.108823278648827
-0.0190809099806369	0.0125461033287159
0.47805879345115	0.321429022722669
0.900190770353949	1.10539299068342
0.552332333697294	0.611555105962927
0.676613291044184	0.689543490970979
-0.205924374433695	0.170254745394811
-0.384766722490218	0.330186194399628
0.0140116324321701	0.00755342862173521
-0.463355758524593	0.305364789104109
-0.159244468201253	0.0583497793086273
-0.148153502332441	0.0829128303825564
-0.224047591747806	0.0740771018889209
0.670066013533928	0.569469784119028
-0.0832833256372975	0.0669152545344275
-0.0227747939471851	0.0171851294846138
0.256349660835796	0.249047073061999
-1.10160190607598	0.753314991414968
-0.256383972070222	0.18967615342921
-0.343693528937163	0.0996288364739292
-0.787651970540087	0.430474300998622
-1.1764533429977	0.672969207367666
0.14750284038024	0.0573545610160358
0.711313337027066	0.709315356377133
-0.718359524993273	0.676693033236429
-1.27900589556176	1.38278506579544
0.539934146008925	0.303971801436411
-1.15506654382251	0.968778143136534
0.596482014935905	0.312114092953853
-0.247091061722936	0.123194014994185
-0.334352108489327	0.0965762220704659
-1.53302714993719	0.542152907717934
0.534447987144892	0.194750706851383
-0.736659662568178	0.847971761033351
-1.16582538949284	1.65284541068175
-0.0960719109183241	0.0691964053155865
0.164914015159872	0.0937895331332182
-0.0668635705398936	0.0292597053510199
-0.344718928168882	0.101170101330633
3.64571789778181	1.44441964476519
0.955380198626575	0.641514655029818
0.23836099666732	0.224672204528362
0.0254525809887456	0.0183551024260682
-0.0224165183647465	0.0170459804345437
0.674997544361761	0.782150592966461
0.548903404607478	0.315463366475351
0.871752970836263	0.630965446489857
1.01546134003708	1.2773234827077
-0.225237795199588	0.145268261311065
-0.191582027244389	0.127683011031909
0.900275189406661	0.490824258423877
0.51666515090309	0.18694647718822
0.436341157992602	0.32829783863143
-0.437048976781163	0.375265459407036
-0.0155410590076015	0.0119515041320175
-0.623203514518812	0.152886975065438
-1.79522376365631	0.406159618358576
0.956487790679547	0.25443416057231
0.148228629004075	0.0512983752502419
1.77188389258431	1.00493912739202
-1.13238101744968	0.345367402292769
-0.332405706031864	0.197191197071968
-0.383938215422988	0.298904187360975
-0.996615171231102	0.875457164303848
0.526088870322886	0.19195857798614
-1.22172021313788	0.897795363442643
-1.47335302698043	1.02252916153744
-0.339689629328073	0.0991873938654728
-1.79522376365631	0.406159618358576
0.167846042512584	0.0427707788849589
-0.346167140140093	0.100935083264355
0.156071206887975	0.0884664577722825
-0.268603487868348	0.219312173810801
-1.17826466941711	1.18290313894784
0.0222537522734366	0.0119929007880319
-0.982110647579769	0.49530556931458
-0.625469527156518	0.152450282737538
0.163094953310193	0.0494223382636678
-0.141790806973947	0.0788709403617996
1.291164681568	1.97222031454588
-0.413764056350301	0.282413423021046
-0.0133513626200229	0.00876821518978403
0.275359315740265	0.225980040948312
1.05133254186244	1.09337101542423
0.593074633977258	0.310843755488966
0.305918455458891	0.22819178981449
-0.784296947525579	0.781841257076571
-0.147506655253748	0.0824783331815629
1.94994094100036	1.21188889079668
0.319859730395421	0.190037334102083
-0.167997283642666	0.114399694377509
0.134476742371641	0.113430641089537
-0.728941560495149	0.254842900527914
-0.160808397258197	0.0585718717595568
0.160614285616072	0.0483709724331317
3.26315080491707	1.11564490325583
0.172003388254653	0.043682446671818
-0.294618280815753	0.214359772646141
0.599387680110241	0.546338269469279
0.0804005640555154	0.0513516108539637
0.384436767759838	0.173074932948872
-0.649126494386799	0.38239954915068
-0.00284151645411099	0.00144212304416074
0.1588995276689	0.0306480879354901
0.172003388254653	0.043682446671818
-1.1412609968196	0.35088828313214
-0.343542423818443	0.10090975164114
0.271601335374781	0.238811900260013
-0.305340722138848	0.267849093266312
-0.512879092556298	0.386118389563677
-0.798091155538355	0.74374622357453
0.144872936718297	0.0497967243372098
0.661345980122341	0.211138174827968
0.151192104824609	0.0457157821928599
0.44453330997149	0.182617638074095
-0.552925213227847	0.492735037972244
-0.338014944020862	0.239718828380969
-0.102613856364528	0.082014749148636
-0.090181510749696	0.0647647397625351
0.183253190625343	0.110946722204197
0.983390596750534	0.783913064837943
0.690578279205439	0.598936922032795
0.666285183278156	0.306783496790643
0.38802482003053	0.173946979817375
0.704387480116075	0.875835376107539
-0.532276703088154	0.205902875815849
-0.161854828680241	0.0585645968441452
0.894154069782941	0.486802869318819
-0.335648834470662	0.201349922140037
0.274756262437432	0.225758944308945
-0.107421927624551	0.062858020852738
0.141795267470771	0.0612663876350718
-0.136526942275697	0.0953534799371118
-0.147689713388894	0.054302242157111
-0.221755533699252	0.0734151122801483
1.03515111598185	0.401690296345324
-1.79541110556836	0.406108159138969
0.147142932159236	0.0509873558125847
0.59700293745666	0.571628583545816
-0.22167802898296	0.16583855797738
-0.555662411657836	0.493960538457905
0.282321579027603	0.227456707675664
0.527431899623247	0.192654585358379
0.166394015894957	0.0421995715384941
0.1415615049167	0.0484003596951729
-0.481860358764791	0.400205983708915
0.0609702168256038	0.0390232722350349
0.117900396365865	0.0990512020972332
-0.127954133222635	0.101922944296361
0.531382337610688	0.19416479166435
0.673290374161129	0.21539984522156
1.03535032731158	0.398385212491039
0.685795244683278	0.326707648420474
0.33419299540419	0.199620880998187
-0.00580244164286296	0.0028772118030391
1.03395964520782	0.397385011005584
0.819489970195626	0.351814134476307
0.180708652473599	0.1382443335161
0.15625990713939	0.0473604698624763
-2.57936018855439	0.682903044011602
-0.344991553778112	0.100675971877677
0.0169316552143905	0.00906856724173931
1.34215608295914	1.39153356326377
0.382589291714827	0.174233811045461
0.148406294194498	0.0446988981681097
0.147176554828911	0.0638227662140763
0.693619616758266	0.329565977560922
0.952024225447137	0.254550165942042
-0.339689629328073	0.0991873938654728
1.96025897070573	0.471212877436839
-2.57450915234243	0.686119713628322
-0.338048885115011	0.201514604232144
-1.23909561740647	0.916128993340721
-0.808017084003705	0.600146463856863
1.26332390942316	0.696994883965929
-0.524252707979673	0.204085170600417
0.165674434882817	0.0422257308822068
1.82059094101477	0.721982498513414
-2.29785250045213	1.18409788658414
-0.565957060504933	0.400287748545243
0.485129040154142	0.296885538121628
0.526282024246712	0.193593170961761
1.27745236749932	0.71898985021801
0.445033012998358	0.180472077376318
0.146705181416091	0.0501239064150104
0.291871116045018	0.195755417044591
0.460659428259588	0.510444321665807
0.166760634916841	0.0427859605507963
-0.499840950070283	0.263459811156576
0.425578957181127	0.320875526633798
0.176854556130567	0.134774771671414
0.157283981613807	0.0674057580551054
0.544972580227086	0.313029847776463
-1.67885608499623	0.973898476935828
1.31990734853467	0.587765827389329
-0.342366844950387	0.0999187527730966
-0.623203514518812	0.152886975065438
0.123264366850535	0.0470532649906238
0.419722744092068	0.312511650034611
-0.629796234800182	0.561874076041381
0.175916772053972	0.124683738415898
0.102531366560182	0.0765525564922993
0.685804936005516	0.3264113043121
1.0404202529805	0.404466019128978
-0.622314221648084	0.151717296808394
-0.0567297992446354	0.0247213488587766
0.462193637458654	0.496095314468599
0.0700272727755732	0.0446859034655303
0.0199537921061533	0.0107504299832198
0.956487790679547	0.25443416057231
0.794880307707421	0.475867042014781
0.439104823354277	0.180243926411834
0.544020877140822	0.314192195348476
0.595309935952375	0.311660103722165
-0.153318336468293	0.120761746671028
-0.790255703549762	0.852616565059016
-0.0194286894363221	0.0149283152232465
1.61500962654846	1.12955402639847
0.286704083549684	0.214315268070269
-0.193291185473824	0.103612631230987
0.0440128738268559	0.0278811606490216
-0.0699647145598626	0.0306147841918201
-0.21782126076243	0.0717238674753132
0.956487790679547	0.25443416057231
0.171634472420616	0.0433572706368662
-0.346338838256578	0.100875906320348
0.163659328173669	0.105491107537632
-0.189071545822134	0.159347077458126
0.17683439236376	0.120553097636793
0.782284580045252	0.725499423759111
0.165192860052708	0.0941341794381287
0.136179197499738	0.0530455063125652
0.669440224929851	0.215480111776117
1.7698061567131	1.00137918295265
0.753948632384841	1.13624356902416
-0.0630933187038592	0.0275566992212886
0.17391457259865	0.11752849816568
1.45049596806237	0.916260886053364
0.516422812438455	0.319563456591193
0.34246921416385	0.188629254832677
1.28235585636203	0.693833110055337
-0.338626241379966	0.202113773676027
0.298389047259508	0.200065173455343
-0.0193129353744976	0.0146860936207047
-0.156014780887364	0.123218741077192
-0.303216546316488	0.138627216166642
0.329921949744623	0.179556390750053
1.22710575275119	1.0090920981457
0.537834443742646	0.306559567445293
1.45528904575511	0.925292967788079
0.167846042512584	0.0427707788849589
-0.227429765821456	0.0748191696657807
0.392107512033131	0.178955411268243
-0.433329109175719	0.400958448841712
-0.258096577410517	0.190170398162751
-0.798903770268337	0.679236768230882
-0.0874953498500109	0.0533776811233293
0.944237712392059	0.631258664569482
0.44149853200672	0.181153088534539
0.163228133981333	0.0927589397740051
-0.921777905129211	0.664499827562664
1.4135692891583	2.20112400324653
0.571082121875717	0.444537688723331
0.710729225053307	0.45840247350099
0.172003388254653	0.043682446671818
-0.242521973558547	0.0770678066699579
-0.768390647702962	0.343134946307021
-0.149706642409505	0.0545689613720988
0.296037812701135	0.221718630127801
-0.0909020654074048	0.0658503851555998
0.254210761394619	0.248499417496653
0.0617199110800101	0.0509996642414651
0.17591938121087	0.124701984646877
-0.0598922815918533	0.0262948636599503
0.438918428712331	0.179782791488228
0.280654826910841	0.214242023563063
0.146779050005219	0.0504995466653377
0.95292022183415	0.255029382628136
0.166760634916841	0.0427859605507963
1.82723433620716	0.72976386465442
1.03089658662325	0.396761481668771
0.0812115380512513	0.0547443237710734
0.869746333707697	0.987850491598797
-0.284052573521465	0.232919665172784
-1.00669226180631	0.883152142678949
0.161810300526645	0.0918299818741824
-2.28494991982354	1.18473223243297
0.144359124921512	0.069031355933517
1.57955981285858	0.791893759756822
0.143689379761071	0.12512840765942
1.26837404567975	0.710043097801996
0.138354827932971	0.0598570560086099
-0.232522127909724	0.175893962036745
-0.261349539031995	0.192811904466046
-0.0673180798202479	0.02942656548076
0.150577938502803	0.0452070822402373
0.451941171764847	0.184399920797613
2.9087274424043	1.98202783850903
0.141511958428034	0.0552197149692542
0.519478061083296	0.190484525868409
0.950809306457071	0.926773482565208
0.271753601900818	0.215807451517868
-0.448104687286778	0.524336076176293
0.186539600994719	0.159873068934034
0.449897301081009	0.183309167591092
0.817885978478625	0.350163723082963
0.774416785756097	0.451127354746968
1.00232118324846	1.18230016474308
0.0946414709905727	0.0661106595625052
-0.339689629328073	0.0991873938654728
0.271551715953439	0.225331580991479
-0.650343485144892	0.786729420552671
0.0811663228207293	0.0566864542167524
-0.440910525307153	0.336739497786282
-0.956619641197599	0.583205467978123
0.523462084360853	0.192012618175419
1.45606145484126	0.491057209685398
-0.0359188664794042	0.0167241373823008
-0.00769653141507078	0.0059664875155966
0.78862188468828	0.61388168467883
0.946765399319523	0.252386055990515
0.14750284038024	0.0573545610160358
-0.577982770136039	0.416651328439638
-0.922865137409838	0.661380519697814
0.164226724221899	0.0416602681945232
0.433736870450855	0.177466012567766
3.93272691418558	1.75618274206341
1.32669678794119	0.592095970478231
1.26834761826439	0.711410735730849
1.0769023920958	0.6608228718525
0.164164509697856	0.0416462564743448
0.951547874681655	0.253003737941398
1.61288630993847	1.11253457412291
0.270653124015413	0.236573343127244
0.612047459756445	0.55736030742785
-0.143270875650549	0.132620426277413
0.192138991048902	0.173542276636385
0.536400956545482	0.307119693700473
0.600038673522669	0.314651343605924
0.898273106921167	0.492373741264841
-0.343542423818443	0.10090975164114
1.82604050116992	0.728003309996437
0.440940808008404	0.314491089833158
-0.628875303722522	0.554280026235578
-0.112499522814711	0.0792650595739135
1.45461172869713	0.491065821848087
-3.08471213635442	0.965314084973475
0.275455125715747	0.212792122121091
0.127482583864227	0.102423117234253
0.108165746020574	0.0836709064176336
0.300839966746259	0.205082833302083
1.24233949943882	0.853500042998484
0.541752319536602	0.309264537163156
-0.528775863609232	0.204514779646363
0.330426689771987	0.180131525114293
1.10269996892284	0.829894594302892
-0.514647395469407	0.472795558471166
0.150783671583358	0.045388108777533
0.666887977767422	0.21415635270207
0.156422543419747	0.0472980918883861
1.44824908922374	0.485976898894524
0.706535673683531	0.456439721894018
0.409388219188685	0.32173156307125
-0.256552305272731	0.24894024072606
0.39135789497156	0.406454658517822
-0.67324041367594	0.860954413811802
0.170987574150391	0.115617049322049
0.15291602128489	0.073561307869668
0.44123842978774	0.180936747631182
-0.228575803073719	0.0755878378969254
0.387095775240729	0.174416255250193
0.166199564122078	0.115399416084893
0.443237749498516	0.426497655941985
1.04181404901781	0.404808808438391
1.9613717712777	0.470903909509444
0.951547874681655	0.253003737941398
0.0597626492662203	0.0362512018030027
-0.267027326557096	0.24131014313663
0.511585218816238	0.438397377277248
-0.28113032140201	0.201128239309241
0.143004663465818	0.0624148196814049
0.347214754632013	0.173605898705487
-0.217602968474122	0.072079936429114
0.139987055211464	0.0604396391097842
0.336622117142675	0.185666367450366
0.794621491496141	0.617287440213164
-0.463786209829961	0.424872584109747
0.157587367734222	0.0821022524038875
0.143601346500119	0.0614980153687134
0.600229435218062	0.310354282486015
0.951408471456647	0.635605701598377
0.141969775580468	0.0611115734509478
-0.239900682129594	0.119622767152677
0.890983202869456	0.4835081440556
0.064166106770879	0.0524635913040017
0.586775358058412	0.65579985324185
0.863360998769767	1.07279941161091
-0.306012336997568	0.294298624905566
-0.0824087982718896	0.0662919614177815
0.161798133300927	0.048400913424328
0.148443114711005	0.0717088744345876
0.70110614375165	0.446051162601041
0.333159213729066	0.184465120629312
0.204997906045859	0.167706878424051
1.81528500911609	0.718315014080265
0.446585379791805	0.183721184032664
-0.145323927035611	0.126785893580698
-0.737949674103678	1.00763083574644
-0.173608893406949	0.148509276442667
-0.493459504246979	0.257547559202099
-1.82491177099641	0.761062662410459
1.32420347578211	0.594323880877371
0.297574881389442	0.213673302300342
0.0798856887053237	0.0533929306257637
0.992986508509895	0.79450679736756
0.287300330385484	0.214944834108972
0.0147678774559928	0.00953892636466696
-0.0307498552806824	0.0144171195137688
0.16292027883354	0.0931840769748179
1.11449887270537	1.18582358864611
0.296343730572255	0.199899354217655
0.576062888313023	0.445747065979298
1.06168370190987	0.522609528288073
0.188459160186879	0.144515721083377
0.105024707790219	0.0789543982318242
-0.202589352023652	0.172522657311336
0.271912162321972	0.21529898835857
0.859721683501917	0.626268059101576
0.484015455494127	0.324824263123669
0.537625083646455	0.441423946430222
0.0133180748846136	0.0078529376545116
-1.2789736799659	1.38327549153359
0.194686654539203	0.180149177974274
-0.262801566682425	0.236528658916681
0.523862829820893	0.540103564705583
0.188549523383088	0.134297133813322
0.176399930582439	0.11358851037106
0.782187283001233	0.468761547542832
0.541711261175636	0.448709903645391
0.0442525416262777	0.0269250412583286
-0.400651999063203	0.458022000291654
0.190572883547298	0.140366176741362
1.66153472218384	2.61871406798681
0.739008356757082	0.610766170159466
0.355948741921736	0.178331263396497
1.10616145149159	0.831938045987254
-0.805104421488772	0.752852835075397
0.0530361434849684	0.0403651258242933
0.561716004919901	0.639802368301093
0.337806073727947	0.332684592316023
-0.674705173542381	0.774076182764376
0.41587526349234	0.324846748066139
0.168738214773446	0.113537448991835
-0.111421005857633	0.0895802519256531
-0.16165100919026	0.10964683711178
0.274085853289479	0.240777111868952
0.416750278699871	0.416900867433968
0.191420971171585	0.159596020017027
0.604064029629197	0.317915346882869
0.387609724793668	0.176537761381268
0.465552755561988	0.308426344741385
0.448672102964704	0.180587544953718
0.473949135219697	0.433154674241172
0.254817664869255	0.24903476526997
0.293808245279562	0.228780081395753
-0.796444439132096	0.741206594203264
0.562136689351416	0.441945329889041
0.178136951408725	0.124562184802254
0.160593184814051	0.116078432826907
0.454689333820618	0.425431442625485
2.74032585971395	1.69892896328487
0.906587542267157	0.767492748037746
0.897141113886161	0.8986463583544
0.403800618760872	0.317346847781135
-0.102536865427285	0.0598006525510986
-0.131785134550989	0.0913167547801865
0.274847578323314	0.212512057390141
0.429366008695162	0.321872806169581
-0.392679478532948	0.261893951901742
0.340756753491108	0.187920709570928
0.285329675375171	0.221006624975112
0.641859978605507	0.668794019223327
0.0836768862829495	0.0584912055255869
-0.0114375415072234	0.00881660300703146
1.48002576867388	1.46195386966811
-0.329562574840945	0.19505334579026
0.157631418222578	0.0304971390385879
0.309191346902258	0.221222108960272
-0.0267743827847836	0.0127071013430904
-0.123029178512709	0.0723372029433992
0.0881140542689597	0.0781021438902621
0.404725894143617	0.33002549830045
0.563258693131704	0.638148343551119
0.183939873641754	0.134909913550161
0.177803124573234	0.120609146450022
-0.391117735910462	0.307162980920838
0.178255034445732	0.130022664919378
0.158826909325669	0.101402978598898
0.14953299838415	0.0516176458431704
0.651535180694575	0.459740199069608
0.00448068792972366	0.00266899929204078
0.5665361675257	0.441235666598906
-0.230398459762094	0.147021446436127
0.0437245003356592	0.024875337423938
0.0837991172837946	0.0582878092708023
-0.80152953777533	0.684518867884818
0.0773438389847581	0.0520837868643773
0.0332729697529987	0.0192500258741161
0.314345397809451	0.202839291968006
-0.303650272718659	0.220942233141882
0.733033113088998	0.602041424239434
-0.629443171651124	0.5587990946069
-0.48618287229364	0.409027412653083
-0.0477170562161189	0.0301964686655194
0.410003114052544	0.321704967200091
0.00282717722519873	0.00201588905159233
-0.00840389638009588	0.00408648426780184
-0.0810451088807878	0.0493503728353013
-0.161103546228641	0.135048689446205
-0.442198860108432	0.337549116927118
1.2671107153399	0.710755789415756
1.03395964520782	0.397385011005584
-0.730123386031477	0.256802322226565
0.946765399319523	0.252386055990515
-0.228525015113411	0.148345890205225
0.176259768258418	0.113581777447265
0.375347749027535	0.404683435932967
0.278593535979385	0.229250216704193
1.46356354821714	1.40701050272765
-0.16071751251921	0.109642903486435
0.0569315376335371	0.034687530458843
-0.880293480893892	0.880239216840158
0.420757965876818	0.314207568420623
-0.139160999498125	0.0778100934215235
0.400464830962601	0.309187940658603
0.0313418082302964	0.0181959496963614
1.09572603726225	0.790860083302876
-0.336494188281781	0.201588858402914
0.00995980200557991	0.00678820103600067
0.0746160688693051	0.0498927600543333
1.05531272301662	1.10180839976478
-0.348382068808016	0.279052665742871
-3.04843691178541	2.41545829356863
0.423035772614387	0.315801955806049
1.12167479631308	0.993600261337865
0.597726792565749	0.312039081980319
0.719390661801274	0.588254042617224
0.484364814590843	0.576457445298268
0.303838299849457	0.216524452854419
0.027489745273055	0.0145441435918133
-0.799705902782882	0.439721063657256
-0.0617698594776412	0.038117651427506
-0.193880484255737	0.19328440280646
0.905975116907087	1.10876399349239
0.194970699015635	0.162819861257793
0.267074922604477	0.23441400123881
0.0021955522440673	0.00159214344650174
-0.466813661124091	0.430089512091448
-0.524401134131976	0.203663422455522
-0.223841895221851	0.0734441381837248
1.46788220805413	0.479383153990354
4.18771781657125	1.99609286525825
-0.00239169455654851	0.0012387233900673
0.490347118639668	0.30163180798667
0.723085009532959	0.942662454959298
-0.121887526432069	0.0842044235809503
-0.479241292950648	0.52162055404428
-0.287396068816018	0.317513845769305
-0.208127946624354	0.186206618345406
-1.10175083742865	1.28108317401994
0.336761827552116	0.330378088428145
-0.796919992852566	1.00503081227989
0.20943638188639	0.170564466401357
0.37419427999026	0.334484239871183
-0.11342693061405	0.0816898733989073
0.363643311298659	0.42103483778554
0.024106249290253	0.0182456855298798
0.0115596941954589	0.0115167206991877
0.0303933949312123	0.0160908318819714
-0.341004890140614	0.318036961619463
0.200622580562663	0.168901965491899
0.172882157511718	0.122151779897416
0.181494176474032	0.131744046300722
-0.715807417852704	0.5573809565234
-0.0844779981737264	0.0509915790517903
0.343679476548339	0.189512310064616
0.45023461754733	0.416594455955071
0.490025793983138	0.426347682513685
0.387539480394231	0.327473488297184
0.893674621656691	0.899324994711099
0.712493998092256	0.464950646280588
1.58082066148173	1.66722543006922
2.56644792167784	1.45628118487164
0.523594903770851	0.191054735130635
-1.75676730166962	2.28266600247056
-0.177530085671053	0.152120054797525
-0.156925643471908	0.0574850760468255
-0.624582031923329	0.153403426322781
1.03793223060229	0.402236165852461
0.945392108065693	0.250394577044051
0.172896249815305	0.12700550253278
-0.101597951834625	0.0592599407587766
0.0138169881412564	0.00749612650798273
0.105797880271962	0.0767679960391923
0.0530808493866037	0.0426061052455181
-0.573498969751619	0.517489783364139
0.183930915590606	0.130161847722939
0.00280502750785929	0.00199570409044875
-0.242694509145727	0.201522838731547
0.168958689668921	0.122999738068241
-0.72666824760983	0.792500020491055
0.0431486635791317	0.0317550711443992
0.0592804863758292	0.0360002659998098
-0.0566885669096276	0.0427780874705828
-0.435322102831744	0.436289446736621
0.331442690048034	0.31698658114704
-0.0524947127499075	0.0389949528200096
0.198289475605646	0.245945705392128
0.764425514998459	0.825486929296669
1.22512389150804	1.29509830093884
-0.129918263114272	0.090545964204785
0.507710123487086	0.317988625111294
0.181485729550744	0.1338842900944
0.380854950254148	0.332826003476971
0.0557318937952328	0.0341055778508505
0.0107508058690758	0.00768720257326092
-0.157742017143979	0.107611057758097
0.284633959001918	0.211667024443309
0.178008293998361	0.138827830900349
0.168674011914068	0.103015724933769
0.778057067854934	0.600720865269435
1.300868379148	1.6207981312528
0.50510681442438	0.424932371875134
-0.0680624351883674	0.0293232704053417
0.788565967610755	0.473894272077904
-0.125461057364292	0.0996555983475665
0.17393438880241	0.118070660184858
0.466110813998749	0.314498426093735
-0.194877353779873	0.102893810972663
-0.418937579152161	0.174811019802058
1.5769075904867	0.797547015895299
1.45875777005853	0.49161470941807
1.03922988577136	0.400124112296972
0.171634472420616	0.0433572706368662
-0.623695063230009	0.152227657420805
-0.0759104729014489	0.0329655082081001
-0.386993406798615	0.301075377613713
-0.150346906008225	0.0845415217597986
-0.146721799258105	0.0818531147014185
-0.11000309047734	0.064735074181687
0.172549670851652	0.116724303461362
-0.0839964488537577	0.0505663777036295
0.167218965048446	0.0947255931624515
0.105024707790219	0.0789543982318242
-0.409309999177442	0.460965315349502
-0.151627235810229	0.118317969206497
0.726466919023157	0.707557131799238
-0.86911468494893	0.859745292577516
0.0746412219846881	0.0519859555467319
0.410005971107616	0.323083600041167
-0.879118820315324	0.933971852293605
0.0559140971058831	0.0340840039003848
0.444145201182078	0.315676174911973
-0.043698370340784	0.0202710949700223
0.818093284035194	0.352795702508465
-0.186510084952173	0.0991861544502522
-0.535478570885961	0.331936861039522
0.364050041203098	0.314551078412124
0.0610240563782289	0.0373451677766524
-0.0689366526030277	0.0431117467027959
-0.220287014092927	0.165887853031066
-0.294335727396823	0.262920812096989
0.255914376640996	0.29647685138014
0.144845062686106	0.0696502024542661
0.143979486995189	0.0690574325201522
0.0541139900660353	0.0331735912672547
0.146173228751585	0.0697703665163214
-0.305165703538064	0.141085798245182
0.0248533348403878	0.0132451207239419
0.431864369624363	0.325498175878321
1.0652929919458	0.530579447044945
0.282442394377371	0.199673924650072
0.986411211654663	0.793346374499702
0.37383274425849	0.322313518500071
0.0473758901208394	0.0288147210597397
-0.0644279085888643	0.0281645027679306
4.55554791745263	2.60942007627297
-0.404712529018636	0.171417545574876
-1.79522376365631	0.406159618358576
0.167846042512584	0.0427707788849589
-0.216233327172033	0.0712426822696432
-0.624582031923329	0.153403426322781
0.0928340474560255	0.0712193324172706
0.0512190297278714	0.0311554955667147
0.275867637750144	0.2207184440985
-0.783819306157082	0.425186689842418
0.170809325923641	0.101877072453329
-0.131928811492859	0.0920752050024466
0.0909777899154374	0.0657576355685038
0.361385200988422	0.323402927968553
0.179855877535765	0.140617082143885
0.0527671615210073	0.0413028489206107
-0.0401683351617907	0.0257722030792637
0.568699797482128	0.623451957075074
0.663542833533945	0.769808137943806
0.268286618331276	0.201755900284908
-0.0543329504739255	0.0338472473182822
0.287379858897179	0.204622745926522
0.0481953984661192	0.0294105161415016
-0.15152614477751	0.104877791415718
0.186530389140853	0.142054943854208
-0.287075909534359	0.205986418054906
0.185833435949642	0.141990470080354
-1.41690081203271	1.87806679567684
-0.347742166088608	0.303722089648211
-0.0663829127961672	0.0494450991962641
-0.888104954257785	0.882822252878547
-0.452134124510287	0.412528322958032
0.176674940443635	0.138574948039295
0.25894778893473	0.218168294723286
-0.0307559333368665	0.0303513642334577
-0.109099198836894	0.0440391059160999
0.732708053977945	0.697899254583066
-0.0390632239390363	0.0297264349043552
-0.106054964621299	0.0710949043376967
-0.123628756715642	0.0726664049110973
0.179535283832118	0.121090583066379
-0.309609333478388	0.224946189472279
0.705651446516661	0.455692210636581
0.441759475740907	0.180320770710895
1.45496621180374	0.489974899858239
-0.730343536032476	0.253594480814791
0.95292022183415	0.255029382628136
0.170907934848088	0.043117938222106
1.9613717712777	0.470903909509444
-1.79522376365631	0.406159618358576
-0.220404038835599	0.0729168656391525
-0.490623049861235	0.257850926129287
-2.57507908676252	0.680490038595289
-0.760970926187252	0.333182242971268
0.668515656075028	0.214587613419762
1.96463092715103	0.470372342687103
0.164226724221899	0.0416602681945232
-0.407000837378363	0.171968683571262
0.158321872008447	0.03054890339565
1.4534970538007	0.487589009547808
0.151192104824609	0.0457157821928599
-1.82638682911645	0.748421150591113
1.82336730645351	0.727498434871424
0.679501874770581	0.322250917472044
0.669700188276656	0.216836591054402
1.96025897070573	0.471212877436839
0.670883773275737	0.21573252817249
0.67210466855713	0.216488954078171
0.166760634916841	0.0427859605507963
0.96055594466668	0.252218652307608
0.816796075513508	0.352385300037275
0.384276142733677	0.173559156956581
0.956487790679547	0.25443416057231
1.96025897070573	0.471212877436839
1.96025897070573	0.471212877436839
0.950331430928645	0.251806185220337
0.455784380564766	0.181911138973091
0.956965590292449	0.254225160809089
1.03358254467883	0.397840523408355
0.165273197569164	0.0419033482397814
0.165273197569164	0.0419033482397814
1.96025897070573	0.471212877436839
0.156928434912649	0.0828304864283731
0.168936973657932	0.0964469596005771
0.00591601821480062	0.00339350156090113
-0.470318529515536	0.309609726015721
1.23579238408817	1.01505672906714
0.813197887491416	0.347882954030878
-0.335156717457565	0.26506164051166
0.96030205390267	0.646943533364762
-1.01242185000539	0.902289971206355
-1.17464773613259	1.14622695985937
-0.499732071018749	0.37237021165655
0.506321945776074	0.316571120730435
0.136478044698457	0.0526983179797196
0.161181957936291	0.0909549512891574
-0.0866728918869855	0.0525023523392301
1.77720867259816	1.01588959841135
-0.114678593869562	0.0458022644762461
0.388012940249955	0.177640021767954
-0.236717824035637	0.0770703275009474
-0.113305483647221	0.066710117705328
0.501221754422782	0.314318598367664
0.155571756563079	0.0747039961160688
-0.0353702985444746	0.0164127918158924
0.679005409424043	0.585793715144579
-0.720814010036167	0.732664561003067
0.395005353341023	0.305736006669902
-0.0644304533517843	0.0562816428616741
-0.896415083024203	1.22732501067791
-1.30529149642893	1.74661347861652
-0.838786489992843	0.98908784572388
-0.219561631945679	0.140658795569769
-0.147815753727985	0.0836311319468407
0.15625990713939	0.0473604698624763
0.170541995167361	0.0433725109405701
1.12707338644046	0.992845872894596
0.904040868516878	0.494298266171014
-0.62982953293132	0.153685936034785
0.952024225447137	0.254550165942042
-1.12965913036419	0.345874034206289
-1.5154277743567	0.550652304944458
0.251903927634446	0.229054969545508
-0.0156647927820386	0.00763144485205928
-1.23024589887561	1.57075307902343
-0.118988154484785	0.101002074812085
0.668586756410245	0.828204092906512
-0.0600641439533103	0.0439498221439909
0.644400375352444	0.913350744985869
0.133099188196316	0.127042238416911
0.1035503151503	0.0796089374925373
-0.690283844164687	0.833974617557127
0.292293244674506	0.217179270187549
0.244002470301593	0.232832066289976
0.599311723053072	0.657099589262084
-0.138696499167924	0.120545600994276
0.266666834782286	0.211735039830073
-0.0172228251601567	0.0131455166741541
-0.47359591056451	0.397771678332667
0.523560119722048	0.448247671462843
0.788064306014327	0.612343370703652
0.275417391031209	0.234616938991312
0.912721236373079	1.28335571812394
0.650230128979207	0.678642339380142
0.599097128996451	0.7213520488499
0.238153361516713	0.23123608540344
-0.683581883298725	0.827083430755085
-1.00033620085031	1.68480383174782
-0.319396975318063	0.339724359107878
-0.467196419426033	0.923568499761102
-0.482942955307482	0.787909179593962
-0.114539528308085	0.125464554544599
-0.409174494874709	0.494558754777949
-0.253839662756293	0.227035997127123
-0.520024315525337	0.201968241826799
0.149753042092279	0.0513775172434915
0.355862801893773	0.17852794265263
0.334540140719234	0.185527110554192
0.329135471103601	0.314051478386957
0.890799927859634	1.18542135190766
-0.0339111067882228	0.025296464717234
-0.0248249571958187	0.0161427756987302
0.278716669423041	0.215793452233726
0.143979486995189	0.0690574325201522
-0.0619580844783001	0.0369603110048683
-0.342844119079704	0.204458861924544
0.1332648385251	0.0628269923698828
0.110237057522622	0.0911666218464226
1.65676288085538	3.01460164794412
0.532094944704942	0.528852193985862
-0.113275363792624	0.0807375540886185
0.698191656060098	0.858789291112556
0.203098768062762	0.196501940553733
0.295797453847421	0.226641616446991
0.295107998447248	0.199009155919529
0.311528027891851	0.322286818372389
0.29111005682757	0.195433555690879
-0.770428912026201	0.342532344758329
-0.311591586476853	0.144202523155851
-3.45549576669823	1.25034460620717
0.0566068838281632	0.0362980631080141
0.0839553344772428	0.0605407411672255
-0.0768817805243996	0.0622992275521125
-0.468779588275117	0.434235239850086
-0.248926443280986	0.206827926348034
0.181354611859436	0.161411883162941
0.306334595549839	0.323983003894376
0.470088481170536	0.582859896549934
0.337182849278069	0.330807460344762
0.0550419059558835	0.0352349527229889
0.68524658616589	0.868023857162687
0.189742333445849	0.166376636057258
-0.710620768384519	0.665755631047926
0.435312084908006	0.324760743759042
0.00375607324383343	0.00235193514032643
0.789141653967238	0.839201211969335
0.265739757653301	0.233105981508447
0.757593086165085	1.14034208384648
-0.0672455168445277	0.0487673754489269
-0.51953596479989	0.608982744760454
-0.776600382445222	1.19011384011308
0.14528755330412	0.151006328616762
0.380601788926244	0.700842168835655
0.405190695079927	0.601336878684802
0.0808383443835527	0.080171309359797
0.450989207037576	0.519350391632692
-0.0423126245360326	0.031755798876759
1.83257706012935	0.724518454155819
1.33201471260472	0.596336495537286
-0.793702466538523	0.519175502917866
-0.00207567510426198	0.00144154348100097
0.189077170127036	0.158138975521647
1.07422630058532	1.54209368015028
0.284600681341203	0.212479310918752
0.266503721028979	0.226573317182674
0.434703912235535	0.427642387757067
0.032609682267909	0.0247555875645087
-0.210470219733854	0.156451206792997
-0.649140592022985	0.382637302768736
1.12102726543588	0.992598577801238
0.459838696203205	0.43033588169297
-0.797223883625101	0.678395314000309
-0.62794260559017	0.560540512100178
0.737769760628612	0.974984790205892
-0.1578742055105	0.124749526531671
1.03033712875806	0.962885232022252
0.347023774936994	0.317107757462917
0.115890372336267	0.096892013584853
0.252311962364463	0.218026433435158
-0.745797727207686	0.941558858184161
0.158613666439916	0.142485084022316
-0.208198084937419	0.176586975552158
0.000180937607215975	0.000246694004603597
-0.0474301041924255	0.0416758027757627
1.24657635383116	1.33881933578599
0.990914216656073	0.790174347918517
0.158933943506847	0.0404964559262667
0.526282024246712	0.193593170961761
1.24036107780237	0.843150310439636
1.07517953931327	0.659899035521772
-0.194939878916196	0.103815685117913
0.150685256036471	0.0722986563958657
-0.344991553778112	0.100675971877677
0.144909788385139	0.0683442654251486
0.146923762007403	0.0508196417525894
-0.788322922667579	0.510655364044452
0.907199145959734	0.490174854072568
1.82361765344649	0.72436350636832
0.157631418222578	0.0304971390385879
-0.623695063230009	0.152227657420805
0.164226724221899	0.0416602681945232
0.139237941355009	0.0539463657658055
0.531939283701047	0.191441708841901
0.534447987144892	0.194750706851383
0.404460312116025	0.182165195730668
-0.0170831895307507	0.00831097980367672
-0.195559358122089	0.103496263879705
0.348813125339034	0.335570808561267
-0.231268282699306	0.18675106218276
-0.458553889248338	0.301817254056494
1.02765831530371	0.956385648484024
0.156561343036828	0.07464090225947
-0.342049627515181	0.0990466327294158
1.03108891614978	0.395666438305109
2.12080481203343	1.49308781649912
0.525964016980888	0.191864376850222
1.24013404512011	0.852098559213305
1.33371124435023	0.59016364592686
0.566506335824939	0.446479462800049
0.138275058978119	0.0598128119018579
0.436051221892724	0.178450617932061
-0.794019394614175	0.436048281445909
1.45496621180374	0.489974899858239
-1.5205822622307	0.550689829164133
-1.28384654567062	0.597216174366731
-0.392770151107862	0.166777270096309
-0.216459792863705	0.0716410349070388
-0.224047591747806	0.0740771018889209
0.167846042512584	0.0427707788849589
0.140763133994103	0.0483622864744384
0.434765734153405	0.177993138783725
0.355862801893773	0.17852794265263
1.77593308340252	1.01191243407977
1.03089658662325	0.396761481668771
1.4502474346112	0.912053996829086
0.00875557556824695	0.00411359040735081
0.325177955122028	0.194592536169746
-0.395438278482949	0.272585944648542
0.441562225368975	0.311323244873539
1.34414280364751	1.18863643153854
0.155734903065802	0.0819516463443674
-0.146942790147736	0.0533148157649899
0.157631418222578	0.0304971390385879
1.57038684410817	0.807034365925312
0.669700188276656	0.216836591054402
2.56380274302999	1.45162862632383
-1.04235292631647	0.411376426948772
1.06169703810827	0.527106169202424
0.525131259349727	0.192999914873943
-0.727076542516005	0.253677508869169
-0.619634069394611	0.151716324023864
-0.155902383431885	0.0570607367530945
-1.04680126602486	0.413902096422682
0.785310645808704	0.471282621290012
0.663034678171856	0.21290337117364
0.669440224929851	0.215480111776117
1.82048878018078	0.719555340107451
0.673290374161129	0.21539984522156
0.170541995167361	0.0433725109405701
-0.622314221648084	0.151717296808394
-0.343542423818443	0.10090975164114
-2.57936018855439	0.682903044011602
1.03634162491416	0.3991693364154
1.45496621180374	0.489974899858239
0.135047117149685	0.0464710146143313
-0.30660528877687	0.141297052816739
-0.100876079990978	0.0407422053348453
-0.031781611316229	0.0148901885343029
0.15411831342726	0.0594648521202525
0.157631418222578	0.0304971390385879
0.956965590292449	0.254225160809089
-2.57450915234243	0.686119713628322
0.952024225447137	0.254550165942042
-0.623203514518812	0.152886975065438
-0.151483736448208	0.0554963882939861
0.525131259349727	0.192999914873943
0.332807474178455	0.184317815833707
0.818301154230627	0.351478120783356
2.11088246540465	0.960458127292998
3.64031826737114	1.45820478057553
0.165674434882817	0.0422257308822068
0.135047117149685	0.0464710146143313
0.160725603404171	0.0483645687036449
0.156422543419747	0.0472980918883861
-0.215091100919037	0.0708081397941703
-0.224047591747806	0.0740771018889209
1.81672375669943	0.71977097990322
2.75734920342264	0.799800653832186
3.26595066981528	1.12514815365216
-0.401622268608077	0.170313069492288
0.164226724221899	0.0416602681945232
-0.720724982768529	0.249295208299825
0.809947115387493	0.345417325238486
0.673553513601153	0.218109822226041
0.667998554448181	0.213489165347249
0.171634472420616	0.0433572706368662
2.75734920342264	0.799800653832186
1.5714776862189	0.800703716196944
0.389508327648317	0.177406915179598
1.043208103876	0.402535852395547
1.23895681815758	1.00402207283197
0.160510100025773	0.0484285557089307
1.03912222698575	0.39971781200683
-0.342366844950387	0.0999187527730966
-1.79522376365631	0.406159618358576
-3.0805660074572	0.955215233063362
-1.79522376365631	0.406159618358576
0.459172969018549	0.431151914098003
-1.01549539089	0.904930363369336
0.802538371448617	0.753186319051324
-0.353569786817512	0.414879500726227
-0.160104041942141	0.160442328800493
-0.0729599071234141	0.0680197651835465
0.796760794145623	1.10214502378161
0.171423697383793	0.121231405302469
-0.218951815461681	0.164550384044864
-0.922295714784331	0.66425878892953
-0.231665826454369	0.148846539260311
0.693391193952936	0.789785210039001
0.192544282191332	0.142128696801973
0.138275058978119	0.0598128119018579
-0.289399831334618	0.180030722831466
0.623705194502478	0.461207755220251
0.158645573644182	0.0905700587162445
0.646101873768075	0.447902231401652
0.314930511843943	0.20055588921199
0.036021538215113	0.0219184672173914
0.0535218282906267	0.0327993203465969
0.179252608199354	0.115704442797921
0.528196718520154	0.429389301666186
-0.475738855432586	0.310456118954178
-0.566494606576234	0.537282153776948
0.703998496868696	0.872715953379673
-0.287213506385093	0.255071446247747
-0.116765597103691	0.13837375490566
-0.425764125586712	0.634636443177017
-0.120133445342627	0.144110754328555
0.535518931778936	0.94437163199102
0.166021839050632	0.179663569155175
-1.42744411725488	1.70335869190116
-0.00241115132338708	0.00124426883819409
-0.0402473500606204	0.0187934551465883
-0.635638088357219	0.560462982983024
0.37447937709144	0.313307737477478
-0.209050823999131	0.189985431871501
-0.220650096724451	0.183790378384829
0.063610066827566	0.0523756877653664
0.337037607713794	0.303522716783279
-0.422592538044501	0.424426377552241
0.0923335614727942	0.0690135281457109
0.00220686519560006	0.00148427980651686
0.0145889273817071	0.0127504646409849
0.233020362639732	0.237064339927223
0.0665033627034624	0.055945299872149
0.249323149477619	0.232993808926669
-0.0511447218295329	0.037859592961594
0.0641190495508942	0.040961089769467
0.952622772077495	1.14388170801678
-0.687048827981392	0.540243803472223
-0.458553889248338	0.301817254056494
0.0146522700048714	0.00797948505779615
0.537176342968699	0.538661225500999
0.0548004229054719	0.0360183929969277
-0.34656423834951	0.246570957336911
-0.10868960835663	0.0436156218260102
0.0521998975197222	0.0315313096223305
-0.222247176577605	0.140383158758915
0.454584158990685	0.515076884200459
0.0844422399595286	0.0736553907748578
0.0658250793579202	0.0423216428034289
-0.119746003395444	0.0850017393421774
-1.09999891447341	1.03402299570357
0.604967349570001	0.448987311098296
-0.112156997915266	0.06615031141907
-0.0977102367405741	0.0395608971079152
-1.27822758284302	0.594160090070886
0.602465438788265	0.316502225151995
0.951547874681655	0.253003737941398
0.673290374161129	0.21539984522156
3.64031826737114	1.45820478057553
0.332778484643756	0.198578728551087
-0.0630933187038592	0.0275566992212886
0.650750632001369	0.454167917476682
-0.778636124744303	0.344678476196064
-2.57393942994101	0.680804613621979
-1.28732017148272	0.595307771520904
-1.139798321011	0.349782272227464
0.16183898726961	0.0410563761793581
3.26595066981528	1.12514815365216
2.76573458231009	0.786881337530458
0.157056474373317	0.0303984095560313
1.90140848729784	1.62144751522734
1.9613717712777	0.470903909509444
-0.212459100283454	0.0694889731401476
0.157631418222578	0.0304971390385879
-0.225731992837705	0.0741966083189531
1.7828345241313	1.02288783821055
0.811275979020738	0.346756419889836
-0.351639245332709	0.102368245698131
1.32523786486673	0.591998460070086
-0.793336725895364	0.606389133819718
0.146274886546817	0.0634078538171728
0.16510727612999	0.100825809617392
-0.988381267853531	0.501509114486411
-0.126613129676157	0.101354741902122
0.102540477261719	0.0738175721317909
-0.20034839914435	0.132521806532744
-1.49946266122471	0.785203013960556
-0.724261839758342	0.252034414225576
0.89770655271872	0.489505172811564
1.07550216516474	0.657387269459011
0.355422450716291	0.177604257537577
0.549863623647967	0.316859853539821
1.77339725913051	1.01611816085113
0.897689689355742	0.491637407482036
0.798106090355686	0.475953652057705
1.83013272208757	0.725092822440417
0.529086245411457	0.194521335925232
3.26821961846391	1.12055426106264
0.819182245652777	0.350572714862597
0.277589698391416	0.214772609516551
1.10872018467928	0.829837629487902
1.06298049234632	0.529003721857717
0.688052399942702	0.326034251121712
-0.649140592022985	0.382637302768736
1.45461172869713	0.491065821848087
1.33350574477912	0.592482011199862
-2.57450915234243	0.686119713628322
1.82217654089451	0.725748167802471
0.860904594735335	0.624975463252826
-0.343816891455429	0.0996962776646578
0.162378104800928	0.0310834456145106
0.157631418222578	0.0304971390385879
0.161910749638676	0.0490513039831909
-0.342091382580869	0.0996589886024872
0.595004833204903	0.312303022093148
0.332156753221718	0.181616566767775
0.165310764697054	0.0422104497686673
0.673815739343564	0.215029182273907
0.81561493056819	0.351685560743549
0.526282024246712	0.193593170961761
0.688588989186597	0.329918803167546
2.75734920342264	0.799800653832186
0.608018420275914	0.452043546247183
0.437798963734719	0.17948625425802
0.165218688698612	0.0946188016490159
0.164495633504715	0.0495456538908044
-0.63464058543861	0.152996678104976
0.152840882202338	0.0589957102508791
-0.324170875214425	0.149712560842608
0.161910749638676	0.0490513039831909
1.96463092715103	0.470372342687103
1.9613717712777	0.470903909509444
1.96025897070573	0.471212877436839
2.75734920342264	0.799800653832186
0.157631418222578	0.0304971390385879
1.96025897070573	0.471212877436839
1.96463092715103	0.470372342687103
0.166760634916841	0.0427859605507963
1.9613717712777	0.470903909509444
-2.57450915234243	0.686119713628322
1.96025897070573	0.471212877436839
1.9613717712777	0.470903909509444
1.96025897070573	0.471212877436839
0.156807201934892	0.0301762424591594
2.75863284516271	0.79267969100207
0.158933943506847	0.0404964559262667
0.1588995276689	0.0306480879354901
2.75734920342264	0.799800653832186
-0.231087265827975	0.0758575600853595
-1.79522376365631	0.406159618358576
-2.57936018855439	0.682903044011602
0.157631418222578	0.0304971390385879
-2.57507908676252	0.680490038595289
1.96463092715103	0.470372342687103
-0.622314221648084	0.151717296808394
1.96025897070573	0.471212877436839
1.96025897070573	0.471212877436839
3.26595066981528	1.12514815365216
1.96025897070573	0.471212877436839
-1.79541110556836	0.406108159138969
-1.79541110556836	0.406108159138969
0.95292022183415	0.255029382628136
0.157631418222578	0.0304971390385879
1.96025897070573	0.471212877436839
0.157631418222578	0.0304971390385879
0.950331430928645	0.251806185220337
0.951547874681655	0.253003737941398
-1.79541110556836	0.406108159138969
0.168213647836342	0.0427717891925395
0.157056474373317	0.0303984095560313
1.9613717712777	0.470903909509444
0.157631418222578	0.0304971390385879
-0.0973331504973105	0.0393571325416917
0.173711720555621	0.118034208367597
-0.276594187328454	0.296371731971973
0.567458237327568	0.449329398371225
0.0626623909579371	0.0598772305825961
-0.259048078914866	0.260657853157407
-0.163547154222323	0.11202187264341
-0.185193000073497	0.142773542516472
0.486297648940137	0.595925244804297
-0.169673759470591	0.160094740597702
-0.112251776490592	0.0902679635581495
0.281689962322045	0.267257372748765
-0.243358332150983	0.234597829561074
0.0438891125876981	0.0346473327662468
0.0820834786052118	0.0721110917755044
0.247891077940195	0.236480522840131
0.00171230844796721	0.00147424823679468
-0.153944994695151	0.121443723862385
0.752783506416529	0.897573240993643
-0.128033145323543	0.0891119929690206
-1.55842730741277	1.45469044209512
0.462430920045183	0.308775936761458
0.277204736404577	0.355797780990166
-0.142480501949428	0.1827309021173
-1.30255706299688	1.75219248536773
0.165614781676011	0.110952869464454
-0.0153805168483718	0.0074778433773626
0.157631418222578	0.0304971390385879
-0.623695063230009	0.152227657420805
1.8219271179281	0.726018448121517
0.945392108065693	0.250394577044051
1.45461172869713	0.491065821848087
-0.300669521580698	0.288009121357236
-0.144573586806673	0.114717047074746
1.39881019112783	1.06233110506993
-0.426452386076621	0.39799530564354
0.460039370109389	0.509827239383046
0.253021193801171	0.224093783887919
0.69978471257484	0.447230785906901
0.813197887491416	0.347882954030878
0.46267541803984	0.30879292747169
0.427267139184733	0.320992332756514
0.0424856933210705	0.0323084609325251
0.171294574810112	0.120812563815465
1.43768411930491	1.58994139160476
-0.331951986329137	0.19867537654291
0.956726503756345	0.64502364181876
2.16437904476692	3.35077423323088
0.307146634141066	0.359246759884074
0.115097105598024	0.0934010764856501
0.824791638981039	1.27740131693847
-0.362735904433543	0.345274769520334
0.359514715747774	0.321079545714656
-0.771446747272178	0.344605745740912
-0.148922306034699	0.0838378954408346
-0.0768451169912958	0.03295646400942
-0.13623106963115	0.128666677092571
0.981449689271568	0.78019984023725
1.3845914303511	1.03093071938536
0.0650082297669427	0.0433990449128311
-0.546394730183943	0.345205054578605
0.0160080235552988	0.013599706080065
0.507889588817577	0.795077857405354
0.100983238461384	0.103139406926195
0.12233903785589	0.121806147138993
-0.128742365351568	0.0895707762593314
0.16951617628625	0.103384875691492
0.31356801404659	0.198772292987437
0.527431899623247	0.192654585358379
0.152230318137847	0.0526288187748188
-0.224366804519632	0.0741231334290571
0.478489345051594	0.434739219231754
-0.0386435860312276	0.0292470817881425
0.128038992849026	0.115394087482317
0.388579778983909	0.176663159038293
1.10790440646609	0.831814917408374
0.44123842978774	0.180936747631182
0.49547325926587	0.434512530091272
-0.0930897817093688	0.0830613479107257
0.106987855338101	0.0807095317000466
0.328111838508056	0.312752428791695
-0.298957172877556	0.275328873732566
0.760212241977241	0.90600513620717
0.435384970822313	0.302865539656248
0.45437185175568	0.513078462466815
0.185249070242067	0.141740273227585
0.303077461240362	0.194019087523651
-0.0994060731758425	0.0880205171195248
0.142923442232101	0.129354767121586
0.0839553835371507	0.060664193568832
0.69031369249384	0.865902384332955
-0.0234053859477799	0.0176835268581864
-0.5437414443842	0.646954507073875
-0.00167671552009545	0.00100207247303778
0.255989146572799	0.251170357274388
0.388315967285596	0.315429065608888
-0.203558572158199	0.188264418847736
0.260322128511209	0.26081659340622
0.380177387273311	0.3301723971188
-0.633573722107359	0.734829351110681
-0.378899688417176	0.323917077228455
0.386525000861756	0.576086683371624
0.0910232805264174	0.111146367147778
-0.669402097755455	0.949870816091842
-0.0944378645895676	0.0836476027043305
0.931692532693396	1.21410538088511
0.163094953310193	0.0494223382636678
0.95558416772101	0.253955285085994
0.1588995276689	0.0306480879354901
2.75734920342264	0.799800653832186
-0.984311136182428	0.498990825274186
0.591702517388512	0.644415687417501
-0.0460843828952004	0.0336944875057957
0.163495720439158	0.0927929952573736
0.181384999037589	0.128996698269661
-0.188677759988349	0.181692576935173
0.201904902926421	0.198402955418034
0.208708440957145	0.198072220074814
0.265816339411728	0.273985155257181
1.01924231129423	1.19774423305318
0.186015150804138	0.136864599682384
0.523594903770851	0.191054735130635
-0.278923538235194	0.172533438370956
-0.196258204466838	0.131267485267711
-0.111828326393637	0.0650244573583048
-0.578071218972606	0.639452774036611
0.0621663920694239	0.0538739628158117
0.112222815781995	0.0973803978243507
-0.0434245778449829	0.0327040975649549
-0.00982311808131594	0.00760051910586641
0.265760781174757	0.231509576267108
-0.330404527551038	0.197220928506187
-0.0343797457708951	0.0219637759004609
-0.00958094279049807	0.00471008759127202
0.710601788336046	0.464945765437162
-0.00335987985124065	0.00227248253461464
0.78977147078175	0.742607610289776
1.32820576556206	1.5231062379336
-0.268650087872351	0.199209672276868
0.174249871002364	0.106635817303489
0.413784971278436	0.400427796692046
-0.18550225093266	0.122833084885129
0.263980342906958	0.246643331697016
-0.609316280424806	0.797589751005197
0.0774627505603887	0.0658001590358293
0.120803341185951	0.124030301763114
0.0250176921726307	0.0184741451891212
-0.121547047062474	0.0865352538277232
-0.602351210173104	0.481137814298584
-0.0986395859872944	0.0399460838583499
0.827636625576348	1.04826024024041
-0.620484194734555	0.785950597901142
0.136988037447639	0.121167440432792
1.53020050851771	1.28770040881298
0.691130177487035	0.330201611829427
0.493483196016796	0.306227496736596
0.357276777421338	0.179523538614622
-0.243425357101419	0.122362268245649
0.54226665889668	0.310984831814886
0.953397312790705	0.252738122158945
0.129552867595064	0.065285500653167
0.899563699291533	0.493503891378626
-0.0640492152603357	0.02789599516905
-0.0960261688415901	0.0385972992694118
0.170541995167361	0.0433725109405701
-1.02734963908132	0.419609489752489
1.4609402456542	0.909622953653133
0.135203879879896	0.0525829815589903
0.954071954572136	0.644682360209329
0.806401112638847	0.339702574841333
-0.407626140176017	0.174101555847361
-0.240823570431757	0.120128501052964
-0.779482358873567	0.346278490161475
-0.144674799069119	0.0813240732617295
0.142649263660401	0.0617637455017553
-0.67062922005484	0.73604410696908
-0.899509062407401	1.17833401202996
0.613647159997271	0.457520436066138
0.700313630667767	0.601149719746555
-0.524252707979673	0.204085170600417
1.96025897070573	0.471212877436839
-2.57450915234243	0.686119713628322
0.157631418222578	0.0304971390385879
0.156634201293332	0.0476265114655575
-0.168613307538602	0.129675826878475
-0.278432323846949	0.174574898123534
-1.16952923444294	0.66340695272056
-0.115051600051998	0.0460446249563694
0.35365163462073	0.177212252977986
-0.676579371533905	0.463287776907075
-0.708858901160292	0.55578665047053
1.21970044889631	1.15655011996295
0.295524456419956	0.199751540022206
0.551130705193218	0.316891024008164
1.56796695689197	0.795117762229217
2.76088021610819	0.795949787637318
0.501017796973407	0.314960550952437
-0.524252707979673	0.204085170600417
1.77108322314955	1.00361091664285
1.78695850881753	1.01472945541005
-1.17829176569354	0.669586310216936
-0.798652691961811	0.525255218816425
-0.477587758408878	0.242805755012157
0.38129214250284	0.173522313952091
0.938882250534212	0.619916978680325
0.897335696061997	0.492448294228436
-0.724716701361779	0.253084880212333
1.46132136209316	0.489990587090443
-0.343542423818443	0.10090975164114
-0.801899846717878	0.688178585190419
0.44453330997149	0.182617638074095
3.63496088118677	1.451939681774
4.16981931866655	2.0382482289107
-0.188142084839787	0.0992481824878831
-0.224047591747806	0.0740771018889209
-0.0255642936114985	0.0121383850366808
-0.658930774712404	0.39042859733028
-0.139931234978194	0.118801230545877
0.370561386314137	0.320782619018112
0.166760634916841	0.0427859605507963
-0.0284990513716632	0.0134249270528512
0.0515619163958273	0.0295818010714722
-0.430217892962487	0.367245190015801
0.780979578820922	0.463583495419363
0.160033282133955	0.0407505791232416
0.149187209143483	0.0446186625033022
0.15921674927226	0.0483450021306231
-0.347343651948862	0.100521829573696
0.158321872008447	0.03054890339565
0.143533396235639	0.0493801671732322
-1.68510584073476	0.982457596208955
-0.524252707979673	0.204085170600417
1.96025897070573	0.471212877436839
2.75734920342264	0.799800653832186
0.163616289124362	0.0860299395636953
0.141848058772579	0.0489994167913964
-0.157195368460947	0.0576515802947247
-0.892392166671004	0.815302787439897
-0.80029028698432	0.687833118901055
0.432101625897498	0.32501238053793
-0.643049502978173	0.619821162170235
0.148130513463675	0.0834525029363602
-0.614539236756106	0.297606232754704
-1.51309151623221	0.544844714826084
0.152484402607638	0.0519933534877938
0.668257563820224	0.216585127844403
-0.270700673233035	0.201688826600939
-0.398206074754857	0.223738781350565
-0.153133836778932	0.0562143523090425
-0.947513930665966	0.676202545893992
0.15291602128489	0.073561307869668
0.149313540235263	0.0513415421340099
0.152484402607638	0.0519933534877938
0.95292022183415	0.255029382628136
0.161486408205213	0.0413117168731846
2.76088021610819	0.795949787637318
0.14605644861433	0.0505224990642865
0.308469779259304	0.19866644020076
0.328850605160434	0.180615288414938
1.08403212759752	0.669109791637498
1.06401084594047	0.530069212232045
-0.221961803322893	0.0725421592346928
0.142649263660401	0.0617637455017553
1.06473194079905	0.517125424617072
0.518122946273838	0.189782716405237
-0.228575803073719	0.0755878378969254
2.75863284516271	0.79267969100207
2.75734920342264	0.799800653832186
-0.404528667061311	0.171462022098986
-1.17052784519447	0.666029406369374
-0.99160532010116	0.505778587229041
2.10963356570532	0.953988566340599
1.9613717712777	0.470903909509444
0.172003388254653	0.043682446671818
0.159549962313899	0.0762678797610131
-0.393270440154773	0.266012324413391
0.140823560384182	0.067412783434401
1.77339725913051	1.01611816085113
0.951716207590905	0.252076454273351
2.75734920342264	0.799800653832186
1.8219271179281	0.726018448121517
-0.101848527109922	0.0410558052055211
-0.656283733113451	0.384724581452462
0.897335696061997	0.492448294228436
0.514031239917621	0.185515514350256
0.522443105176507	0.19046942739914
-3.76844644530722	1.49145764216299
-0.520024315525337	0.201968241826799
1.24592054581258	0.862751532168897
-0.192712281041559	0.12894800188462
1.47460193991415	1.46280323679881
0.14653019519208	0.0570865605628647
0.54226665889668	0.310984831814886
-0.956267292602776	0.589411962873134
1.77084539160805	1.01342610206738
0.602252928946831	0.313759252057762
0.605539085573191	0.319706269008171
0.148514209672914	0.0644720607058337
-0.086892619916459	0.0527979896885141
0.279039620416673	0.215092541509252
-0.401654079640163	0.223353800014732
-0.274981310490815	0.17185534078969
-0.925939966073605	0.670480897476982
0.272182136871426	0.225220331768157
0.61018143908843	0.650429105826063
-0.617917953011673	1.01427550763269
0.416275302014035	0.616540761358628
-0.329744221977204	0.454486148121547
-0.038822423557144	0.0333005478655164
-0.249419074064828	0.269535564557105
-0.148984048055168	0.0831761523236922
-0.249325912512765	0.124711010808627
0.821071015660031	0.355024826276381
-1.71954469556733	1.41351845389473
0.275708576417473	0.210614962137022
0.111443203654204	0.0865278498710062
0.272189005487821	0.224765201688373
0.116614258638915	0.0925952460925185
0.0412350153240618	0.031304791403982
-0.341255043970222	0.272250873732195
0.168343476059596	0.122539915224712
-0.149504491515949	0.0840206169076413
-2.91739227881372	2.14612092662187
0.737861868600796	0.705735167064631
-0.184082861355702	0.170597305910904
-0.203678123250802	0.173391787249618
-1.13662316821345	1.25247878699486
0.616626438370855	0.660826815487992
0.290091343391742	0.207384075914124
0.281885156018661	0.208730242827524
-0.0104970001736424	0.00699728063819088
0.285195904408463	0.213090020891684
-0.0792040899610819	0.0474880624944515
0.181485729550744	0.1338842900944
-0.196851863600728	0.104299598003482
-1.16867706242406	0.665203149311039
0.493682334113189	0.306625922730997
0.958454487557504	0.638621587820606
-0.170508708354687	0.132212797026565
0.954595283271562	1.3259428999132
0.402657615284026	0.327419854467461
0.165694942178876	0.101361659870098
1.45623762635888	0.911352362549489
-1.03130363679568	0.417199667480835
-0.096734479000616	0.038659448115269
-1.34642054428848	1.10223595849364
-1.00555248867202	1.4250742308666
-0.438911011374688	0.43859180147864
-0.42354579466014	0.360572991475148
0.0720200930455799	0.050048728825527
-0.0528889152564717	0.0330892663732831
0.260415743858088	0.239337190015238
-0.591193296385226	0.57253881838598
-0.0754934328301284	0.0552776666693479
-0.14672827425302	0.101819925487209
-0.192280144632008	0.176084161930289
-0.684032942157215	0.747252060093248
-0.107421927624551	0.062858020852738
-0.399274019924643	0.223388279275743
0.522635022737485	0.190307963896041
0.140215739707294	0.0544615577459193
0.79092558046732	0.841963487927318
1.29470706157602	1.75219903096938
0.143747269175704	0.0559041635309843
0.809947115387493	0.345417325238486
-0.329163473179687	0.193085764989097
-0.0659822530649535	0.0288144011056569
0.143444944037199	0.068563006849331
0.823834747064962	0.346291467572388
-0.723310015883846	0.254344357266946
-0.400062396642448	0.170601933136714
0.164278215865622	0.0494439084469955
0.892516528231255	0.479515252955164
0.529086245411457	0.194521335925232
0.442213944161843	0.180035215421578
-0.333169540211983	0.0956424985419645
-0.678474744135765	0.464875549701277
0.584762694690516	0.559128094568433
0.0531433538752369	0.0325171043892617
-0.653961489643565	0.388801601271304
0.17745472282867	0.130959524322474
0.00478580664094183	0.00333748612360664
0.126215423050297	0.101265049121838
-0.0126671933396547	0.012782012297303
-0.269211310373558	0.303515769063047
-0.686782632451362	1.67961384454885
-0.130513996487292	0.152282471666125
0.393167477070916	0.620556003289834
-0.25343273354143	0.209714581566343
0.0602551439130317	0.0386872854306036
0.44401798433719	0.318550724601115
0.696109937616771	0.856114104177257
-0.036538494055724	0.0274691954873773
0.0837866743622395	0.0579915848737684
0.022331030206762	0.0163960798459317
0.577214983252949	0.710624401439321
-0.661413199901434	0.675535385560924
-1.47803094047296	2.22297361326758
-0.606282166776647	0.628831896372196
0.141511958428034	0.0552197149692542
-2.06990059047782	0.965937293744288
0.142087869157199	0.0677066724233401
-0.0799996270025185	0.0571620896204745
-0.276513143407159	0.267047486592393
-0.0464959018668667	0.0415123020012507
-0.194214871284321	0.187151371494906
-0.197527715590091	0.151652463744411
0.0586171114736022	0.0356184830524444
0.3182540761483	0.189964649218214
1.61016014579646	1.12554738915833
-1.93963400883878	1.86612508530643
1.3214753629789	2.26863999872289
0.28197069767435	0.218710398174619
1.03219330840261	0.394744650348199
-0.0328203688696256	0.0153680916225703
1.04160966012263	0.401916952457565
0.662786179108504	0.213105829711844
-0.527734817239646	0.203352230395379
-0.0330858230190198	0.0251788406408737
0.101634056668332	0.0990028557189672
0.128332238841913	0.107546444585833
0.409733163844344	0.525765636335268
0.441293739342319	0.416899783615199
-0.426640448010467	0.525083070371705
0.0368788180549204	0.0362450528291149
-0.157435984109285	0.135640350640973
-0.0860454281090438	0.0524585473629061
0.0891129260507341	0.0645281044521293
-0.709707614623402	0.715846971969787
-0.377547520508399	0.323645636781414
-0.2783662161245	0.226448020738357
0.309308279882311	0.199210896194941
0.826769682249922	0.349170460598951
0.148779719482915	0.0579010525492348
0.447091708948965	0.320020533697921
0.289328919907717	0.205997717581101
1.32687881734284	0.596619735020576
-1.79522376365631	0.406159618358576
1.96025897070573	0.471212877436839
3.92874288694813	1.75035531053454
-0.517868278390425	0.200769558542108
0.953397312790705	0.252738122158945
-0.343542423818443	0.10090975164114
0.152059452718086	0.029590171141199
-0.343542423818443	0.10090975164114
-1.79522376365631	0.406159618358576
0.823243467793322	0.353586596514582
-0.0977102367405741	0.0395608971079152
0.169301214921532	0.0427592743769238
-0.231087265827975	0.0758575600853595
-0.24127104486045	0.119610779457327
0.851856919378371	0.62013912996318
-0.149459111510045	0.0543871804958587
0.519566798391744	0.545214047711577
-0.217005395227966	0.141363092012573
0.130541918539452	0.110626664671775
-0.208186550773095	0.191137041731034
0.159996764225358	0.110805588869549
0.301454628505036	0.19134960600974
0.158031704426094	0.0479750742787413
0.717174868273165	0.467766680833939
-0.342347438220368	0.243144636712843
0.472092616757673	0.319583556658164
-1.46128055932112	1.2881481542233
0.53775446498032	0.308094508992569
0.162385532855463	0.0921755911155578
0.328131333153906	0.196459553755393
0.534447987144892	0.194750706851383
-1.03864870587511	0.418283951060013
0.95292022183415	0.255029382628136
1.45606145484126	0.491057209685398
0.1588995276689	0.0306480879354901
0.144119409023966	0.0434814221475295
-1.90901441717831	2.28160386469984
0.651295204342281	0.456404634923909
0.540916312860691	0.30905901985153
-0.402150649255783	0.170021854214334
0.386673136395039	0.175557274682305
0.95292022183415	0.255029382628136
-1.79522376365631	0.406159618358576
0.393973994408102	0.180500237393899
-0.401034923550571	0.170830593731264
0.174712257211592	0.0434955039258917
0.600945199584089	0.31448054781532
0.501221754422782	0.314318598367664
0.160510100025773	0.0484285557089307
0.81151620199283	0.348634244573977
0.675004256144304	0.217263152446952
1.96463092715103	0.470372342687103
1.96025897070573	0.471212877436839
0.673290374161129	0.21539984522156
-0.241193660305825	0.120474605714752
-0.322019316512918	0.260936574972394
-0.0133375297978932	0.00644205356488278
0.158303191105695	0.0759093573851033
0.136179197499738	0.0530455063125652
-0.0986019292922069	0.0396247950613684
-0.794019394614175	0.436048281445909
-0.314290432830251	0.14538440325599
-0.615357904294054	0.30010746089109
-0.399090488436148	0.170073668796408
-0.39811919819778	0.169202407581422
0.603790363600138	0.318182057131259
1.32125481417367	0.588079391101958
-0.775081795193654	0.344213681745633
-1.02454205705902	0.414665056409594
-0.219891936929736	0.0721747181158224
0.148115698391849	0.0509157943010484
0.950654218295308	0.25253240285929
0.954295652698446	0.253211023347385
0.530447729983482	0.194934009129475
3.93420427087175	1.75919703683862
-2.57393942994101	0.680804613621979
0.157056474373317	0.0303984095560313
0.169301214921532	0.0427592743769238
0.162378104800928	0.0310834456145106
0.157056474373317	0.0303984095560313
-3.45442672204145	1.24810798046793
-0.340914885943416	0.0986896672784069
0.168213647836342	0.0427717891925395
-1.79541110556836	0.406108159138969
-0.625469527156518	0.152450282737538
1.0404202529805	0.404466019128978
-0.101474645721849	0.0408115638815694
0.180503127541396	0.116191165142437
-0.116259599767466	0.0678707781383687
0.281885156018661	0.208730242827524
0.482754865418299	0.423618968378673
0.0877644988313758	0.0632849951440387
1.38994528824273	1.05767412384341
-1.81437844413432	0.746436419448748
1.45752372503691	0.912974890833604
-0.00283418744277084	0.00145971249014061
0.150715923610849	0.0722501648646835
0.381653392607631	0.173440128465192
0.439690501750563	0.177476320601867
-0.965761279504457	0.592684911002814
-1.83618602015464	0.744123340429801
0.677427945070776	0.216410794008318
0.167125285140998	0.0422176691573725
0.670883773275737	0.21573252817249
0.673290374161129	0.21539984522156
0.161910749638676	0.0490513039831909
-0.221342553774888	0.0725818506925159
-0.0612286720387767	0.026877933423787
-0.250569010959917	0.125293513548091
-0.782266863391336	0.347642873366632
1.04705645547931	0.5083036292191
0.170541995167361	0.0433725109405701
0.95292022183415	0.255029382628136
0.165310764697054	0.0422104497686673
-1.139798321011	0.349782272227464
0.950654218295308	0.25253240285929
0.171634472420616	0.0433572706368662
-1.0271278658152	0.415065471794964
-0.41218226852797	0.231669360680171
3.6379052926147	1.45060215836621
0.945392108065693	0.250394577044051
0.139178332977443	0.0598771783489325
1.4531651131754	0.486692367864221
0.156807201934892	0.0301762424591594
-1.79522376365631	0.406159618358576
2.75734920342264	0.799800653832186
-0.193274021997598	0.102798141640394
0.527625536835698	0.193638734585991
0.784350765210769	0.603521778249518
-0.0635463920535368	0.0277975053684857
0.362587456207125	0.183088959496236
-0.231205892627826	0.150399315365833
0.474258301116765	0.408684282105163
-0.0963551860412909	0.0385876155494434
0.146923762007403	0.0508196417525894
-1.32858804731232	0.837315651354359
0.776929841321847	0.597608136197856
-0.222695068591131	0.0735779431251597
-0.105018196900244	0.0423002004785251
-0.0635463920535368	0.0277975053684857
2.11399187721341	0.960456176117222
0.154912398361221	0.0531785910107974
0.152489836004519	0.052740500279662
-1.13453748317733	0.348386420481102
0.141595248893409	0.0490443609015525
-0.190148993248647	0.100246582647741
0.793994139106513	0.476412321201316
0.153568454289862	0.0464103165581933
0.684527531192023	0.326962799936782
1.12960607857887	0.995001201277452
-0.151737695220038	0.0848279331377837
-0.519182389064896	0.20022512922475
-0.35137798744179	0.102393082124341
-0.227212618004882	0.0750820913651819
-0.55027951870142	0.345819450509592
0.664228257408103	0.213358767976231
0.14605644861433	0.0505224990642865
0.669700188276656	0.216836591054402
0.0370452939804624	0.021439334689416
0.311253380041159	0.200390871541745
0.778935437781121	1.37295672671753
-0.00974377137254291	0.00831376742949308
0.567816945678271	1.12576075289818
-0.43507256891921	0.685768624258636
0.0996754284714747	0.111627730212389
0.327173307629203	0.344012854321689
-0.453795045172266	0.507627161259091
-0.10980514819498	0.0883407497205121
-0.0963320537701812	0.0790710197523344
0.103391289817956	0.0980148572573404
-0.395285822531286	0.3089838738691
-0.189329199733174	0.101311564087761
-0.0256446367544555	0.0167520388668884
-0.0757273895618069	0.0459631435768963
-0.398296973327634	0.274788000980885
0.540877054118431	0.309602752952519
0.956965590292449	0.254225160809089
1.45986014199587	0.492707629107706
0.518122946273838	0.189782716405237
-0.614755900924383	0.493323281182947
0.689617651951808	0.784002598226531
-0.501425418033714	0.495598250852544
0.943146356874343	1.46676247920224
-0.27360066524709	0.17093450594158
0.00141153684695697	0.000580338277322692
-0.0616827643222681	0.0270712332620394
0.174858247422038	0.118921782473333
1.52458708510591	1.27806174363187
3.64180047345344	1.45782125078712
0.519478061083296	0.190484525868409
0.175809463933404	0.113239476446911
0.975566706824586	1.04975424196564
-0.363854598959521	0.320392344111766
1.56241750792739	0.789262309147399
-0.403900946237848	0.225325381439233
0.528818631506127	0.299459699172847
1.96025897070573	0.471212877436839
1.45351865984672	0.48998410568291
0.170541995167361	0.0433725109405701
0.95292022183415	0.255029382628136
0.43287432173516	0.423029488707251
2.75606918885066	0.793508670212093
-0.630732478411191	0.153857382309032
0.680724343333227	0.322123272225481
-0.107527163075815	0.075686273394471
0.677628428778673	0.582905835173956
-0.219491888134016	0.165392860180874
-0.228015430553186	0.234262972713142
0.52272915381815	0.610932283891617
-0.232704698715441	0.209731670717465
0.827181108121129	1.04632971478521
-0.282346824912519	0.201732458372718
0.306749352996037	0.208095730204912
0.512955530901172	0.438533803406878
-0.949469874934909	0.993959988055409
0.0609443092158179	0.0508605917737346
-1.26160628696646	1.90747502989113
0.344628785055187	0.314070740737838
-0.0622530473712374	0.0390660685015102
0.555480034980098	0.541555999401792
0.284023426079447	0.21953182921078
0.386311910035253	0.175824599283655
0.157630726929363	0.0951050476443682
0.992588944161589	1.15966138785599
0.00217010772201149	0.00156441445250141
-0.311238773868407	0.144906116820247
0.682975712706802	0.323907655877253
1.03634162491416	0.3991693364154
0.166760634916841	0.0427859605507963
1.82868259121074	0.729942315494172
0.681016021639243	0.324364178314353
0.989206027813117	0.800044572249884
-0.731525616406812	0.255525096859232
-0.0741423798743539	0.032159151796198
0.599004168549042	0.446738128118953
0.789910474747775	0.736494618968166
0.476090223770786	0.667007996467396
0.0387013864593617	0.0306284119105812
0.0718127624790558	0.0868664654174879
-0.166023229989947	0.246136490563136
0.00527738047465483	0.00526661302633908
-0.147062384953849	0.137487634648476
-0.104382524691357	0.0757688946950511
0.642136373300223	0.75513165577719
-1.31766844968259	2.33727028803646
-0.932451145980546	1.31317536309853
0.408280641464342	0.321055567114969
1.14519047364146	1.28917217182092
0.513639610931216	0.523207686510916
0.327149341587503	0.19519031317653
0.149271671672469	0.0712974353556596
0.96030205390267	0.646943533364762
-1.81814593327299	0.757477944035012
0.811831877961951	0.339883167415119
0.168395066223425	0.0502982738562411
0.447312987766314	0.18130161371381
-0.311579243066587	0.348293069478719
-0.234919821047839	0.193602057520768
0.110391170897118	0.0845191488403003
-0.565809508079472	0.509994011030015
-0.0229846121113859	0.0109450068203022
1.13876161170116	1.26887508112794
1.33506694945679	0.590624233355927
0.434765734153405	0.177993138783725
0.839782025052797	0.742973870860567
-0.321486324682003	0.148589743568557
0.156845715679068	0.0472965888265206
0.150906013862988	0.0519067661763726
3.92874288694813	1.75035531053454
0.443815997722933	0.181414479695546
0.152918881945662	0.0733540789737624
-0.0406072007822914	0.0188683538906774
-0.605882306609216	0.485617200904649
0.86195307144754	0.626584350204765
-0.532016506554939	0.205038476954774
0.575878653147487	0.450770146042187
-1.3369487140795	0.8400217966156
-0.350454717877603	0.101552906153879
-0.623695063230009	0.152227657420805
1.03654154158417	0.402707767551167
-0.402575220890133	0.168171892963788
0.364257155123623	0.301146697106279
0.527457825354358	0.190929092424301
0.076436502072321	0.0632083997232804
0.0904945755051862	0.0848028656713374
-0.0752263499069494	0.0623380458671495
-0.262008189234561	0.249999854267777
1.23228644738304	1.17704575622573
0.0211232154377277	0.0113632718089344
0.957228729621032	0.936597443008869
-0.325476994714319	0.192585248817897
0.0446868491501902	0.0339828428932769
-0.146974487900132	0.102508442429301
-0.352936942992817	0.310479297324646
0.2919638077286	0.21915518458878
-0.721546072186002	0.78067229284812
-0.547216927335614	0.450160102401246
-0.708485973088821	0.716526634298951
-0.289578230400112	0.208615788525717
1.01208869135213	1.18909930850998
0.612882434043125	0.726803456127592
0.165949796826479	0.101345119358756
2.75606918885066	0.793508670212093
0.157056474373317	0.0303984095560313
-2.57936018855439	0.682903044011602
0.161791665747346	0.0309826798878848
0.946765399319523	0.252386055990515
0.1588995276689	0.0306480879354901
0.153330488140151	0.0297415921897382
-0.350454717877603	0.101552906153879
-0.773774748297677	0.346345835072774
-0.795132787022622	0.517943363754364
-0.0374815745435634	0.0175884481417263
0.463806535272281	0.310383224163554
0.789052029031276	0.842732992219312
-0.0629400658853893	0.0393100014135076
0.789453291394182	0.473351856068975
-1.16828233204575	0.664354418938644
0.353995907904257	0.178602737542661
0.330231322937242	0.181237350911391
-0.411523501362459	0.231777416446954
0.164495633504715	0.0495456538908044
-0.770428912026201	0.342532344758329
2.5694793793952	1.43915625573844
0.819182245652777	0.350572714862597
-0.625469527156518	0.152450282737538
0.157631418222578	0.0304971390385879
-2.57936018855439	0.682903044011602
0.827348265337981	0.352292353513584
-0.150521058547984	0.0549172928781568
-0.0526970440930397	0.023132358212482
1.38986255791781	1.05282273732992
0.538095952532615	0.19402938374434
0.444077311436616	0.180387483378172
0.946765399319523	0.252386055990515
0.952024225447137	0.254550165942042
-0.727076542516005	0.253677508869169
3.27333105802293	1.11217115249484
0.951547874681655	0.253003737941398
0.169448715067567	0.0428107247727095
0.157631418222578	0.0304971390385879
1.45351865984672	0.48998410568291
0.153330488140151	0.0297415921897382
-0.785666389806822	0.349770403162494
-0.228358576380837	0.0754206022353645
0.666636334072553	0.213033462222844
0.157631418222578	0.0304971390385879
0.669700188276656	0.216836591054402
0.157631418222578	0.0304971390385879
-1.80012731460838	0.40572439661199
0.1588995276689	0.0306480879354901
-0.412634332397325	0.174866232926244
0.158321872008447	0.03054890339565
0.143982230073215	0.0622594754491574
-1.48559632365318	0.765978183563281
0.44123842978774	0.180936747631182
-0.520777881803033	0.200694665575379
1.82480935034987	0.726106092264881
1.81672375669943	0.71977097990322
1.45461172869713	0.491065821848087
-3.76085193858471	1.516389149945
1.32420347578211	0.594323880877371
0.166394015894957	0.0421995715384941
0.140258032306573	0.0485578964849915
-0.526825150261652	0.203779750205465
0.391741880756504	0.179388671736555
2.75863284516271	0.79267969100207
1.9613717712777	0.470903909509444
1.96025897070573	0.471212877436839
0.668257563820224	0.216585127844403
-0.220109901011941	0.0723811542078152
1.9613717712777	0.470903909509444
1.96025897070573	0.471212877436839
3.26454918998549	1.12582035861405
0.1588995276689	0.0306480879354901
0.158321872008447	0.03054890339565
-1.79522376365631	0.406159618358576
-1.79522376365631	0.406159618358576
-1.79522376365631	0.406159618358576
0.157631418222578	0.0304971390385879
-1.79541110556836	0.406108159138969
-0.623203514518812	0.152886975065438
0.951547874681655	0.253003737941398
-1.79522376365631	0.406159618358576
-1.79541110556836	0.406108159138969
1.96025897070573	0.471212877436839
0.1588995276689	0.0306480879354901
0.955312778391347	0.250111178470744
-1.79541110556836	0.406108159138969
-2.57450915234243	0.686119713628322
1.9613717712777	0.470903909509444
1.9613717712777	0.470903909509444
2.75734920342264	0.799800653832186
2.762173012355	0.796052683519412
1.96463092715103	0.470372342687103
1.9613717712777	0.470903909509444
1.96025897070573	0.471212877436839
0.1588995276689	0.0306480879354901
-1.80012731460838	0.40572439661199
1.96025897070573	0.471212877436839
0.952024225447137	0.254550165942042
0.956487790679547	0.25443416057231
1.96025897070573	0.471212877436839
1.96025897070573	0.471212877436839
0.952024225447137	0.254550165942042
1.82361765344649	0.72436350636832
0.951547874681655	0.253003737941398
0.527625536835698	0.193638734585991
0.157631418222578	0.0304971390385879
-0.720604456465959	0.251721589615544
-0.151483736448208	0.0554963882939861
-0.529856186543624	0.206206399241258
-1.51968686804079	0.548134504172194
0.170541995167361	0.0433725109405701
-1.79522376365631	0.406159618358576
0.169448715067567	0.0428107247727095
0.158321872008447	0.03054890339565
-0.408569934843403	0.173125284326353
0.158321872008447	0.03054890339565
-0.159513824343925	0.0584877561943233
-0.623203514518812	0.152886975065438
-1.0248480889871	0.413348830270468
0.157056474373317	0.0303984095560313
0.165674434882817	0.0422257308822068
0.820823944260337	0.354804427519032
0.161791665747346	0.0309826798878848
-1.79522376365631	0.406159618358576
0.165310764697054	0.0422104497686673
1.03674127319984	0.397936005636489
0.956487790679547	0.25443416057231
0.155072153323215	0.0467807394425053
1.325541173279	0.596317804415036
-0.343268806146835	0.0999183449449793
0.167125285140998	0.0422176691573725
0.1588995276689	0.0306480879354901
-1.13384470910725	0.346451671342812
-1.52633186076186	0.546365949178753
1.03654154158417	0.402707767551167
1.46515025425329	0.487505243218888
0.579609010987317	1.00997883959677
0.340880259168224	0.328513467311081
0.00225800633489294	0.000986299979928652
0.163094953310193	0.0494223382636678
0.475797644529929	0.529371754398481
0.953166062872081	1.15195746925466
-0.794222221685496	0.859436866353624
-0.552828547424203	0.347345125405712
-0.282310770225704	0.176041609045876
-0.920358071010017	0.662733163520411
-0.0293748574975002	0.0191220140986039
-0.184720668921596	0.122211348272939
-1.03818952613356	0.816502389969199
0.170903388449488	0.0971179415052039
-1.03416549660249	0.42282126768722
-0.407890729446864	0.227366979313626
0.0689156885496637	0.0442048773023533
1.26806384242663	0.709187550016831
0.432545444783424	0.305207469919134
-1.7326460560726	1.42319915969204
-1.04095831283597	0.822402514826552
0.138828784295158	0.0603129016123432
0.338639385234626	0.18535775796075
-0.661233355824687	0.388822196928523
0.335923013097266	0.186285200540732
0.327976569304474	0.180133767271794
-0.652731570497045	0.629589804475245
0.369000617614411	0.16322921787663
-0.119946301370314	0.0705083849255703
-1.98031085198618	1.37247160504412
-1.0998787910959	0.751283918030542
-0.487993996696041	0.256006189171022
0.748576074405674	0.609709127783527
0.889887423048443	0.879691188195563
0.501944435297358	0.31359614278745
0.340014029979331	0.306991135036742
-1.26496967165145	1.16843604083395
0.337052766894228	0.322671363782958
1.02411335305146	0.95075489945975
0.415839842246312	0.308794447132073
0.169301214921532	0.0427592743769238
-0.0811741182873977	0.0579821960058788
-0.16475171956666	0.126948633662198
0.0801160195037419	0.0575444428069983
-0.10872641036116	0.0438528865909718
0.953397312790705	0.252738122158945
0.160400851667561	0.0483731984970343
0.165807860974389	0.0495322876422022
3.26454918998549	1.12582035861405
0.95292022183415	0.255029382628136
-3.07968455989498	0.963635125148535
0.631803404110883	0.557932270624257
-0.524131265471028	0.202505065683573
1.03616406217909	0.39883276251369
0.676191819364127	0.216171302955092
3.63643152651936	1.45439996443785
0.294046344082609	0.427456136134541
0.220801716543145	0.214470496278978
-0.0526970440930397	0.023132358212482
0.904974492782861	0.494221180948563
0.334190602887716	0.185074917513806
0.30864980117539	0.210593944256044
0.270256811423307	0.207767874294522
-0.0338976334731081	0.0302738647549225
-0.0685654369363025	0.0498097057595522
-0.0190762489289551	0.0144933959550742
0.0191310322616706	0.0136572367916612
-0.714997730772073	0.727394516711227
1.37645364383681	1.23115441599652
0.303290300682754	0.206374325623682
-0.364104278860099	0.291075690124289
0.844356012298656	0.762757760292033
0.0858778910377218	0.0621229906953482
-0.907853825523255	0.749135503472177
0.701892769019589	0.440097554518084
0.164061389965026	0.0781509442105265
0.943650810964301	0.909745502437952
-0.443965833939992	0.339249960184126
0.269649523038948	0.207180051151571
0.0669307692545372	0.044592189328602
0.0393404245844256	0.0227643461973351
0.0366386856062365	0.0206290203675633
-0.113161450140906	0.0805496682139358
-0.00788765528659434	0.00521716809501519
0.274144921594165	0.226469919133631
0.280332896930192	0.2259008460092
0.437542764532248	0.417349823586466
0.842674313160722	0.87631886104919
-0.112377565089742	0.0658848905686136
0.16227870506374	0.0986923716255242
0.6061472751152	0.318170816263647
0.000724334167477014	0.000261470827050887
1.53377532202937	2.2360041156259
0.208211706833665	0.189052322979356
0.683576381632052	0.591909275134313
0.275116972849614	0.220963888147945
0.857867685024788	1.16143080249988
0.613344420034608	0.570670070228458
0.17407121349547	0.117002474385211
0.197106742732479	0.169951159580481
0.0560722187498703	0.0577102902918788
0.258366319867243	0.258070046967042
0.289059192018068	0.214679529750356
0.10192813739162	0.0762570829905639
0.656677868898684	0.68592052828875
-1.73065835952317	1.43466304705369
-0.438003007914537	0.493055667689508
-0.200800625231415	0.186568494929196
0.199953096386251	0.211122603366048
-0.628783975331303	0.560683663167017
0.533990252024145	0.432640991410022
-0.65318763207629	0.384203188558656
-0.102355416456368	0.0414085777319881
0.153773809483776	0.0463295199784768
-0.155902383431885	0.0570607367530945
-1.49435960601645	0.775701166735618
0.149822512433037	0.0515980643104733
0.847475952725086	0.761218645721667
-0.98126007376761	0.493856900338242
1.4549594322014	0.484932859758814
1.03515111598185	0.401690296345324
0.336281743501393	0.388526939506142
0.648563541823577	0.451626750944468
-0.493049766640739	0.261303272442291
-0.0562728775241823	0.0246548092646409
0.687607554527483	0.779855156732266
0.434729173138804	0.5988310217884
0.79703797504032	0.749495652823653
0.383520333227043	0.405626635260288
0.447648889741462	0.413120551307098
-0.198251675561777	0.13296935241066
0.275665528971083	0.202141801606232
0.603897929899415	0.639952651477252
0.103257147705208	0.0795295131842987
0.274545934690748	0.219996800339788
0.273493855642235	0.226275613298818
-0.0976163195561327	0.0592212443324921
1.78154041491906	1.02236172778738
0.676923894777447	0.581657567049333
0.314433118731368	0.214315651744216
0.495832608295085	0.436133188558961
0.85894228168273	0.765392430201604
0.404743110637128	0.315853289403531
-0.189880006788108	0.101226171032117
-0.565797706390353	0.593255502533284
0.161233033179563	0.0918775595218987
-0.0753275710876911	0.0467244556768252
0.110242030380402	0.0831405726744025
-0.144960646925452	0.101586157688881
-0.0228447622926217	0.0149522271749008
0.282916039354331	0.21901083634258
0.746007821662269	0.611785454138742
0.00692591007511392	0.00389681635520821
0.884320923249219	0.474147671426681
0.604968769597341	0.31806661562569
-0.143504417492279	0.0802009517380515
-0.63349822651869	0.905288761676985
0.424998185118836	0.31973802695505
0.919266722449109	1.3061915975759
0.125158661842061	0.103068683078856
0.823783224335595	1.19467986637665
0.886658786604462	1.18079030388029
-0.66579574653775	0.683189098790963
-0.538313508339926	0.528788759611791
0.0999540378264753	0.0749229790009964
0.0271756709080234	0.0200153558965525
-0.45574904380852	0.536252176132789
0.095649377121777	0.0931829335649741
-1.22925150501384	1.57311264653643
0.0987181244931081	0.0740053439586846
-0.614412290232802	0.530311657869688
-0.657648464825966	0.389880684880486
-0.336937011077184	0.200338057495105
0.527431899623247	0.192654585358379
1.33086270821398	0.600615079200926
-0.0636281148585226	0.0280441453398971
0.550258619174623	0.31664615021886
0.156296903757622	0.0993307637678187
0.684527531192023	0.326962799936782
-0.526418386848564	0.204314992368531
-1.02431636018662	0.413115491060834
1.95872846210525	1.25890735264424
0.410041896816375	0.404651565191275
-0.0554706325521333	0.0346985172799095
0.661138178684709	0.666722471931632
0.5146004388339	0.539322047887782
2.36133530682181	1.20534005010315
0.171634472420616	0.0433572706368662
0.59174844557989	0.309669751943942
0.0770957748044427	0.0513304042882213
0.0822887314968927	0.0572130961495111
0.0274935037683453	0.0202913705177739
0.174487571099355	0.154718649708747
0.37383274425849	0.322313518500071
0.794281641527874	0.850646938391967
0.888864141842422	0.891161032282466
0.774402690007056	0.455289440916249
0.955765953098274	0.929278196836792
0.166062397354376	0.0949600830514314
0.602732431326161	0.317226128662712
0.666816815995216	0.214564732832008
-0.399090488436148	0.170073668796408
1.40061076596982	1.07773170812346
-0.401347921029755	0.171005116484755
-0.286038461577465	0.178405881243595
-0.440315159504898	0.338760500128553
-0.0333312581902653	0.0217051483875012
-0.062616565530439	0.0273389742708638
-0.345527833538755	0.244825338715305
0.166394015894957	0.0421995715384941
0.153330488140151	0.0297415921897382
1.33086270821398	0.600615079200926
0.187491323560857	0.15665834185025
0.188391388268913	0.14358204146249
0.44012960476333	0.180773267026075
-0.249698797598927	0.125061037313346
0.372231411563544	0.409609733747851
-0.320609545287922	0.364343794785461
-0.111589957826059	0.089572038462605
1.04246150882132	1.41073264143805
-0.306361883728431	0.285848592492808
0.175313677078866	0.124342939583718
-0.153264683870993	0.104072018224571
0.555554862410803	0.622528696828899
0.0531493655789195	0.0416385424408091
-0.181121087615258	0.15527941610057
-0.866141010183453	0.925313478431996
-0.680872193236897	0.472961316516731
-0.417554812042919	0.234109919764496
1.23901908397045	1.02740866497268
0.608380050344806	0.320357111735903
0.0214912939040459	0.0124549807016655
0.0770957748044427	0.0513304042882213
0.296733596331676	0.220978755588253
0.540877054118431	0.309602752952519
0.649442486774694	0.450643482050552
0.401023615925585	0.418546180008818
0.277960015289179	0.230920159148855
0.268204181387801	0.247936591615527
0.528601837889025	0.190394317945219
0.70495934239792	0.455102643161394
-0.00536900846048392	0.00359732259575267
-0.346917016357077	0.276946232854525
0.684077465923206	0.771571359301306
0.029033300740763	0.0154054507242726
0.035815098355698	0.0216620132582673
0.380932240609193	0.172705339295055
1.52803474954358	1.28941468670424
0.160510100025773	0.0484285557089307
1.08704229319922	0.67194968399206
-0.724716701361779	0.253084880212333
-1.0424957514084	0.818268500618615
0.157051193623931	0.0816259850031664
-0.66470335382536	0.392213140290928
-0.615902880476494	0.30174608006186
0.901893183204305	0.749331304466878
1.5570507106547	0.777100707075356
-0.795153769175323	0.598375043296696
1.15896348491341	1.51474495624024
0.36360766767319	0.299344879101448
1.08403212759752	0.669109791637498
0.950654218295308	0.25253240285929
-1.28384654567062	0.597216174366731
0.574230108556191	0.632806762869184
0.721717177295629	0.878414526697957
0.339498106407268	0.318465604002069
-0.107875621353891	0.0948961305637336
-1.46590191956696	2.34626809510791
-0.0552521424589316	0.0460360577384672
-0.230575757538522	0.173659645506274
0.279658397831423	0.225073539146032
-0.350050117042985	0.276455625087953
0.177277388880585	0.120167631929224
0.124531624320071	0.10722263674636
0.249585684435769	0.232984481704251
-0.412791855875614	0.405287519741523
-0.0786653030575196	0.0562164983834544
-0.340680652682879	0.242281366414917
-0.198189053080636	0.15098713036023
0.132940145012293	0.120800164127711
1.14871211206067	1.50344310138328
0.0635811838416791	0.0425328768087307
0.168779437267876	0.134243339312256
0.198421952742523	0.179924044364719
0.788208061569145	0.91759070059533
0.957871568697817	0.254705443855955
-0.40200806989563	0.170720828260834
-0.798041151809417	0.523043708411376
-0.261461625833872	0.194670531177254
-0.266573949304235	0.197083914885827
-0.520827577584322	0.39020981570518
-0.673546589488243	0.465008007037582
-0.55088367524407	0.347680493910452
0.143544165988088	0.0687745449583927
0.178110713445694	0.126530698896494
2.762173012355	0.796052683519412
0.146779050005219	0.0504995466653377
0.96055594466668	0.252218652307608
-0.340869162586215	0.0994476453021484
0.161910749638676	0.0490513039831909
-0.0507559267797223	0.0317677523447133
0.0529770222906089	0.0323564154020367
0.335757406096025	0.184755526166855
1.32669678794119	0.592095970478231
0.568618353801106	0.445911490551068
1.44824908922374	0.485976898894524
1.07517953931327	0.659899035521772
0.491625599062681	0.429683397397003
-0.806471533748172	0.804845374852673
0.439589461346819	0.308340618939811
1.03654154158417	0.402707767551167
0.150987968499307	0.0459422956002911
0.352826636787696	0.324646088816044
0.892393910765613	1.19327144660292
0.0378411843397633	0.0329877758847391
0.260650939328812	0.245486531676828
-0.428249835395407	0.401372344530135
0.788840423269199	0.729481799876515
-0.269963339976021	0.167504941770467
0.165933366235441	0.106822464092906
-1.81236498762632	2.72000322732177
0.737893766621104	0.792011493267094
-0.299718736600725	0.21855682609376
0.555079052844683	0.685591564520515
0.0813295484959869	0.0547378128294738
0.725140849810823	0.808142459187285
-0.2655008665281	0.215623310752039
-0.620425244412383	0.645402772634482
0.174107210625553	0.123287077109358
0.755291181382947	0.822999259788125
-0.155513578342625	0.134260147762858
0.345679961979283	0.323299179216708
0.377118228314261	0.317716364595367
0.647294338496082	0.89518707063372
1.23319979059117	1.152423489992
1.0404202529805	0.404466019128978
1.45875777005853	0.49161470941807
-0.773826407262892	0.34645590203316
0.325737515516783	0.194783619724414
0.0355611505949622	0.0252620892896245
0.267627116373148	0.233670258189005
-0.197501721343479	0.150348044009428
-0.554361227008169	0.490496441193236
1.5386391170647	1.29484631853492
-0.496263365528073	0.261653052432224
0.498720594052815	0.310000473891112
0.694889800166883	0.330632252474208
0.889477294366632	0.48333470893364
0.44143459765327	0.180989319262382
0.523979603602765	0.191000633185462
-0.151756236463228	0.0557391336018927
0.162366266746806	0.0925145533363265
-0.50628142628717	0.380981509925589
2.75734920342264	0.799800653832186
0.155072153323215	0.0467807394425053
-0.40076661955999	0.277066575574942
0.321384723118723	0.192104427906139
-1.9016293287	2.25343889661603
0.528357345867662	0.430631936578413
0.782298375307939	0.465397179469979
-0.21359911563999	0.0699173393856954
1.38876520669196	1.82134861676401
-0.135764572895642	0.108004695955014
-0.0742023902500022	0.0544065801667126
0.0047852988824389	0.00395774192719859
0.668930226066138	0.675776508701557
0.030457559540709	0.0161367378024197
-1.55759958908876	1.44893713798063
-0.63718824702278	0.564873727276487
0.790543819238863	0.739780880225871
0.368615646584045	0.320226300498371
-0.180760420345425	0.13965932677758
0.271566354859831	0.222365398372471
-0.085170415842414	0.0610945793094849
0.0146399319674877	0.0104111572225279
0.735309406010488	0.957701363106942
-1.30255177424409	1.72844408475707
-0.11744038815356	0.0804803680297833
-0.676243903598664	0.77407952710768
0.316669976517462	0.330235819080592
-0.23720108589056	0.17844007640954
0.185856382412028	0.142372691617399
0.48846896537489	0.430942971953084
0.76806346103324	0.44144120435257
-0.772182500121502	0.341486733486944
0.553388537794173	0.316959458789661
-0.699966187739929	0.552543579608974
-1.01232120353844	1.19075099925584
-0.386641328716992	0.303827083043341
-0.344140883933024	0.243152409863862
0.495240039995635	0.308518002494153
-1.27930512577485	0.595095920645693
0.174278581024711	0.111583817398745
0.363470100833978	0.183072809026953
0.38860834613429	0.175332276458239
0.673290374161129	0.21539984522156
1.03497180873916	0.398183249253136
0.810186660059278	0.348204719952732
-1.03325215422487	0.415989175731178
1.77339725913051	1.01611816085113
-1.0209005117101	0.412125725713164
0.178863592395513	0.121250378682097
-0.385395262386522	0.261654930320393
1.87468122666214	2.03163964740419
0.525324152723079	0.19105509273737
0.668337249898722	0.213347782342272
1.82073728246914	0.724274882905695
1.03674127319984	0.397936005636489
-1.13345886337206	0.34828321496857
-1.11013020156691	1.06068459386714
-0.396655424877798	0.273370043599914
0.686109381104222	0.591915133018445
-0.037826814157294	0.0177508224958387
-0.157195368460947	0.0576515802947247
-0.043598325195635	0.0199650705293082
0.0980747344046682	0.0713482563299165
0.00308966786113916	0.00192309057628099
0.285431912814568	0.221154453294061
0.910374379150996	1.11707270094942
-0.793110838419411	0.893419730493364
-0.437331757364943	0.334015942772922
0.427320724251485	0.320086524019769
-0.240866318839169	0.156546750927642
0.152112145653809	0.0862552479578188
0.398036928712039	0.325282977526488
0.006486131318447	0.00474528769328519
0.119424326380991	0.0980827282421482
0.200091634175241	0.15259524910155
0.694671159731089	0.777691154281425
0.0903040341412681	0.0604807845414475
-0.545270892674068	0.45223939039768
0.559441601856653	0.546013384957056
-0.146350258635688	0.101749975989774
-0.187140498312095	0.157273536040426
0.343376014257025	0.311652202692004
-0.141299571448262	0.0514880255645158
1.32687881734284	0.596619735020576
0.414453752439996	0.307922609905205
-0.104843648092787	0.0737697189370064
1.1552629428239	1.50180181869472
0.263121610455036	0.228994122135491
-0.236391547759869	0.152307777251646
-0.460200383130768	0.304138532593064
-0.312951208372886	0.144631570110179
0.0386002813205309	0.0221874117921377
-0.146468002842211	0.0813965491198104
-1.51396593073936	0.54893460092185
-0.494804736508512	0.261761031328591
1.38684159705087	1.05133872946019
0.387609724793668	0.176537761381268
0.531595264123315	0.195527948373046
1.03634162491416	0.3991693364154
-1.13238101744968	0.345367402292769
0.164495633504715	0.0495456538908044
2.75734920342264	0.799800653832186
0.600038673522669	0.314651343605924
0.443224843378351	0.312565113951908
0.167608741929623	0.10237423326214
0.151146444914538	0.0517712277838049
0.860805061646634	0.622940455699161
0.156603410223711	0.0527737702822122
-0.724489220764226	0.25507339261849
0.172003388254653	0.043682446671818
-3.45549576669823	1.25034460620717
0.0414044477983906	0.0237939846632339
0.732548626374788	0.600239954377512
1.87035275635301	2.00369227645879
-0.215165974914972	0.158919535671854
-1.16908278219309	0.64966660052791
0.14474970923973	0.0500449668198986
-0.342366844950387	0.0999187527730966
-0.147965038499512	0.0540019765178754
1.29481273889732	1.73688208892178
0.173842247467594	0.122883862728197
-0.393193316274148	0.310198057542176
0.765277457619191	0.99360034201225
-1.07334223326073	1.57693850624489
0.546794364970866	0.548188190950291
-1.16762158758368	1.43677172919099
-1.75090313774498	1.88445762296131
0.444037576540842	0.312627435332972
-1.22541773423531	0.920530374195982
-0.0876866724311031	0.0631255618083599
-0.216263496293785	0.179797786746353
-0.317215016741608	0.298916408198472
-0.0463221719159818	0.0342468071710674
-0.161315486801351	0.13943957720946
-0.337479902671356	0.238576688546187
-1.17794501020058	1.44088993089581
-0.856893315897186	0.900873628472497
0.528298620525062	0.518413255905288
0.575699965622165	0.638066067420242
0.122511902527916	0.104226916057406
-0.345060639753531	0.32446293998062
0.784614032701106	0.613773969188735
0.405927698226364	0.319647977851653
0.786789760559377	0.470641672882502
0.527431899623247	0.192654585358379
1.45351865984672	0.48998410568291
-0.221755533699252	0.0734151122801483
1.45496621180374	0.489974899858239
1.48737611134836	1.46572282540562
0.558679707197333	0.546337178914349
-0.192310770508113	0.14670990427226
0.181599579020909	0.117654777995318
0.564917275328777	0.444627491170341
-0.997883522336041	0.504991858864889
-2.12401716526183	1.62125342417511
-0.154073496121161	0.104371079813059
-1.49874044389978	0.778455311524854
-2.0791962231377	0.971582571771178
0.678233728913857	0.322034529176371
-0.249200554991127	0.124371474532483
0.389540160291969	0.176120471754269
1.45986014199587	0.492707629107706
0.350316959974156	0.17605412829591
-0.501583958439578	0.264196031342086
-1.02734963908132	0.419609489752489
0.451008057828257	0.321339576628163
0.516767399783005	0.187973778415715
-0.724716701361779	0.253084880212333
0.158933943506847	0.0404964559262667
1.46515025425329	0.487505243218888
1.34383807785373	1.39590832824784
-0.0534940798115855	0.0335706374345596
0.709274475244943	0.457526309210274
0.898273106921167	0.492373741264841
-0.151756236463228	0.0557391336018927
-0.724489220764226	0.25507339261849
-2.57450915234243	0.686119713628322
-0.107420814251866	0.0432117320829755
0.609502108176056	0.563864920092748
-0.0231814911135153	0.0108398596861903
-0.340078001897475	0.238097055017336
-0.816600067991857	1.07462997350613
-0.276018573450646	0.265718125984745
-0.635648577141012	0.765917433077184
0.0281647696210365	0.0207628192589073
-0.194774581471807	0.129337252467773
0.168766600083258	0.102977047706975
-0.473950198007223	0.312898022199789
-0.505731094274854	0.376163362402801
-0.921176135393948	1.15052570070866
0.603217138860578	0.639088093497377
0.27105235442128	0.244835738799985
1.12080170809247	1.67828793661413
0.316673884736197	0.315342269129496
0.32845273839429	0.320418461665893
0.179916014837607	0.141366475781809
0.668851348529391	0.684732022317548
0.433349322160299	0.325063160328949
0.00792985175538289	0.00545047627036345
0.156916612488103	0.089059753286455
0.397173309359511	0.180931966274748
-0.90865873018506	0.748290020265788
0.702066624433478	0.450991524208951
0.676191819364127	0.216171302955092
0.946765399319523	0.252386055990515
1.03654154158417	0.402707767551167
-0.473095857517213	0.311870543197557
-0.50613796565423	0.380086887284597
-1.26166666957602	1.16722123327499
0.457206396909295	0.32375924037073
-0.661077666890147	0.388632729897191
-0.081227608461079	0.0495151891021723
0.682975712706802	0.323907655877253
0.338350090978184	0.18656612925748
-0.144082494284117	0.0812504888460239
-1.02620966872653	0.41818337996543
0.152489836004519	0.052740500279662
0.544000511229825	0.312081137025286
-0.780222385383906	0.350064605644818
-1.27972810930448	0.589686215814511
-0.0321281792554104	0.015215555734364
1.44680138625654	0.481686443078168
0.157631418222578	0.0304971390385879
0.357632929598931	0.179138852354701
-0.459949728770982	0.302314630154471
0.454571900671501	0.324818171996371
-0.408884415801583	0.172491208751215
1.57473350741888	0.794587624378978
-1.13453748317733	0.348386420481102
1.45606145484126	0.491057209685398
-1.51396593073936	0.54893460092185
-0.19399064456043	0.128633206165701
-0.434530092034897	0.329815891129534
0.615304249200024	0.566357371615005
0.970743632139844	1.01891910976964
-0.21304282388619	0.203542702635026
0.191050663667568	0.140681988690166
-0.19349180183052	0.129468889929281
0.191002346023806	0.146477359329945
-0.152046653024366	0.0858059344862341
-0.0359030189948378	0.0168283620421866
-1.11304515495753	1.0589081717149
-0.0406654774701046	0.0261233921661616
-0.170438544307084	0.132447411275556
0.182705318059906	0.135070429072011
0.540706361313406	0.446732902875287
-0.227602761993214	0.171089539728576
-0.155872195433847	0.122907612903759
0.540352211754461	0.446143798847868
-0.275116417891861	0.225296045491071
-0.183338400274065	0.121229189915387
0.17746330141429	0.134895731702111
-0.343183334780371	0.272972653781507
0.38801451050815	0.493176153875151
0.238510215726762	0.243052002977019
0.259568837940471	0.24233855259496
0.644700440429851	0.56687174874814
-0.40305279217743	0.227995842663372
0.392836979739371	0.320728049772955
0.661345980122341	0.211138174827968
0.67210466855713	0.216488954078171
0.536024133106775	0.306301605504628
0.280079891601297	0.197022311509659
0.836739311128915	0.869075679762832
-0.265967933816794	0.197580070420913
-0.689902885631456	0.539762701968583
0.157989968967306	0.0834220194206168
0.668257563820224	0.216585127844403
0.453742835586471	0.324418182532019
0.544893478296073	0.314264698406897
0.164164509697856	0.0416462564743448
1.05475345229322	0.519924754602443
-0.990637842627347	0.5048777109982
0.710987344316648	0.463936299054788
0.823243467793322	0.353586596514582
-0.346167140140093	0.100935083264355
0.157056474373317	0.0303984095560313
-1.80012731460838	0.40572439661199
-0.150985477744246	0.083912262564777
-0.0388626182766285	0.0250035147606604
-0.797814133519479	0.686384855938099
-0.0155460670969632	0.0075291718226845
0.677656846007704	0.318794367834837
1.8219271179281	0.726018448121517
0.152059452718086	0.029590171141199
0.166737913090613	0.0422118222449661
-0.297288602794505	0.212622918366191
-1.34626243518298	1.33292358038801
0.347112561345756	0.317535878179574
-0.383317808327348	0.409638760079795
-0.597026503345039	0.726471038139832
-0.239479038002497	0.217296916453224
0.785483005050123	0.726003362855206
0.176857851489363	0.134693902178409
-0.180685974752841	0.0956833064813569
-0.0964044920489523	0.0389736419230874
0.0532897829798794	0.0339217288558976
-0.327971738644029	0.332013610238426
0.120079669408545	0.0954328679206518
-0.176573855072265	0.172774653191185
-1.23030834639408	1.56965972926288
0.886324041045601	1.26892273635433
-0.519078065142678	0.607188335646217
0.060111118979847	0.0475544766388772
-0.139089564660839	0.121069261571187
-0.497420600444383	0.570397409772921
0.12361323594693	0.104258380611273
-0.283513855009718	0.252384183927566
0.111363529171592	0.09435500897883
0.10940089707371	0.0885435408443086
0.988988510738199	0.787552359981041
1.23275547861926	0.835724989702559
0.503659622472203	0.313186424118506
1.57412938648184	0.799431649536959
1.0404202529805	0.404466019128978
0.157631418222578	0.0304971390385879
2.75606918885066	0.793508670212093
0.95292022183415	0.255029382628136
0.143930677020859	0.0690425894717753
0.532854735277006	0.435758543553086
0.430620150930623	0.323579767107971
-0.553089027883836	0.346746807993981
-1.72779189603781	1.4395768024613
-0.779201170961778	0.349669330011866
-0.523171029238127	0.20323286573159
-0.570750610254885	0.408192872575999
1.46419577256675	0.906755350624125
0.157819500886876	0.0479964018015095
-0.102732516759253	0.0415613264455241
0.158321872008447	0.03054890339565
0.160384885012197	0.0410552053935884
-1.79541110556836	0.406108159138969
0.160033282133955	0.0407505791232416
0.331426291288658	0.183259428639949
1.96025897070573	0.471212877436839
0.952024225447137	0.254550165942042
0.67888497922432	0.216927289969948
0.299817218997733	0.203897788342817
-0.781244282576763	0.349626790433742
-0.420990649327039	0.234908127557178
-0.233775479147081	0.17607006840315
-0.846740264073052	0.94132697110745
-0.103917376851571	0.0821525210308731
-0.807701437186214	0.530237658331574
-0.411330017364327	0.232265636619667
0.437798963734719	0.17948625425802
-0.276175989843674	0.172950813742993
-0.0654590828427633	0.0287819156401184
-0.158107867265369	0.108209657891461
-0.589196712583507	0.603220012178964
0.397171943238597	0.412065947766853
0.203567987416677	0.160884860110236
0.785798704940577	0.824255603412417
-0.499153273124275	0.450493863936816
-0.706010795262245	0.555176606463665
-0.159420808206828	0.107928466843955
-0.929525110872661	1.03818187664163
0.358719398018446	0.347317980413244
-0.0824176440311599	0.0496578009949503
0.501457031298821	0.617702974391306
0.474362380940274	0.321025315568684
0.427763381815275	0.322461471372881
2.11121372988457	0.963126869077612
-3.7585100556677	1.50161254618166
0.166394015894957	0.0421995715384941
-0.960240208506469	0.592466857146855
-0.144949652683535	0.0817111573912485
-0.337682219912416	0.200218826523787
0.381016991606654	0.305742878034841
-1.0415667332243	0.813778505762857
0.958546005428236	0.646787314048547
0.524609312149326	0.191455924196695
0.737985106368555	0.606666360075006
0.539534852205561	0.311896609137061
0.1588995276689	0.0306480879354901
0.15921674927226	0.0483450021306231
0.612544600427047	0.319665443594405
0.348989059454187	0.175129005978979
0.812954309972265	0.34770640309282
0.85604058717552	0.763842900064851
0.710484411547138	0.463126374524465
0.617896718817078	0.57394688162707
-0.0278072752275792	0.0176109995317748
-0.180718072076933	0.140957342265986
-0.284905178872651	0.254428298451277
0.176834461522176	0.134583108654976
-0.407843886570693	0.276786821989026
-1.10022130860686	0.749457413635485
0.472383731424617	0.317612387621573
0.472951965488905	0.317491408859985
0.355899230912333	0.33644367195908
0.288718900043757	0.222753850305525
-0.354839178076785	0.306230815885226
0.769047842242375	1.00706646692196
0.401184698443736	0.326339927526519
0.110775891168815	0.0854541601013165
-0.454580594863983	0.414854695040676
-0.869079234116596	0.992617709027411
-0.348952561529169	0.248261816970582
0.56451881834859	0.555543623793537
-0.418407554172011	0.352657795793951
1.56870722634889	0.794144549178341
1.325541173279	0.596317804415036
1.46403851792582	0.486432467057371
-1.79522376365631	0.406159618358576
0.956487790679547	0.25443416057231
0.775496134500227	0.593934624055467
-0.0944888502500247	0.0569957509582512
-0.711654500360525	0.720221881967777
0.704855392661086	0.704785438399453
0.319727473791205	0.171961022559025
-0.608058237462925	0.294419135283942
-1.67466056727076	0.958003669245657
-0.946656694494	0.578338618539582
-0.405303570150985	0.229371447389442
-1.81555072674751	0.752836446371321
0.153714414273349	0.0663339432849221
0.146711141797951	0.0635034183541647
0.352326948432534	0.175943592049276
-1.79522376365631	0.406159618358576
-1.60962289791401	1.21990722828835
1.07627628231112	1.23203579901735
-0.489280766854271	0.257343067415587
-0.276736291043619	0.173067468579228
0.543572256829669	0.548063243718175
0.0171217475444923	0.0122436773455761
-0.23612663530117	0.194486051797722
-0.0190261327896537	0.00908586150771773
-0.0373898031334411	0.0240471635474724
-1.17367846540392	0.67169729017599
-0.0704173767275576	0.030833618906223
-0.678474744135765	0.464875549701277
0.88883880436744	0.892981170584203
0.427201660047864	0.412083538765333
0.618402585608527	0.574596781412
0.639328453932341	0.561049771249123
-0.304843042551369	0.265539732830834
0.198517938844218	0.171130202754112
-0.202156809990653	0.152707449222349
-0.933837259675923	1.03098698885583
0.477190564846606	0.431551606300654
0.0856483058930386	0.0598184843402234
0.602439337777486	0.661231385360346
-0.577510482792656	0.558099282440678
-0.797460610374706	0.738664587888984
0.945392108065693	0.250394577044051
-1.13384470910725	0.346451671342812
1.07248941730152	0.651604124572927
0.480910504413943	0.290570519681003
0.540393852852139	0.541041761220883
-0.192881518661121	0.128135913587713
0.307274204168887	0.197050574116563
-0.00382587577509361	0.00192454208817747
2.10816573627177	1.46559801600575
0.311883885233462	0.199551370019022
-0.275248935130122	0.169841430574098
-1.79541110556836	0.406108159138969
-0.159232060503087	0.057921074719801
-0.247464514388541	0.122812595046995
-0.723081962585608	0.252158286122281
0.669700188276656	0.216836591054402
-1.50256967628672	0.772138455218912
0.147507594815182	0.056696740341171
-3.07968455989498	0.963635125148535
-1.06344918934461	1.08222620248146
-0.880314513170146	0.79141514355662
-0.303130858869727	0.221161496317763
1.02057525100522	1.29716688568725
0.0464403892111077	0.0353844271449491
0.480488285193922	0.437181737513201
-0.182581801444691	0.141581612009762
0.445336912856111	0.319278649350498
0.145024499856642	0.0562358837980151
0.138709824010568	0.0600371533462102
-0.649093900492641	0.62068921251846
0.00282927519830026	0.0020004343947834
-0.212784069960477	0.176399881344641
0.0987238903961145	0.0711558086078445
0.343587937823521	0.331576676492141
0.113990477068198	0.0853904027455979
0.342002678596448	0.309544547126767
0.0688677436476937	0.0441649415583658
-0.426113765755706	0.364308362005993
0.868926939056858	1.08531251314978
0.385631685278332	0.322631616803916
0.632318191150753	0.657153697886341
-0.229406252227442	0.148305705936806
-0.148747486391799	0.127526640299945
0.95292022183415	0.255029382628136
0.161486408205213	0.0413117168731846
1.96463092715103	0.470372342687103
0.380382846507839	0.171878292914402
0.720322414729366	0.586676445038736
0.277978359042098	0.231246028166727
1.43247953599465	1.59386453996416
0.162079304585628	0.0916313529256766
-0.0594947759017596	0.0261417215575998
-1.09668841686891	0.751004344517519
-0.507286862403304	0.382233604141657
-0.788900474027075	0.514011164337877
0.165310764697054	0.0422104497686673
-2.06876532861005	0.964719982568229
0.40803931204219	0.181126661138939
0.145024499856642	0.0562358837980151
-0.543200323316337	0.20511996912137
0.815705372076796	0.351565174973888
-0.196858078003111	0.104969092092251
-1.32993917788766	0.839513847318303
-1.02765165280788	0.415656971981192
-0.187594923326961	0.0989347658110955
-0.158065682663385	0.0885911637756962
-0.0274521791743108	0.0127943075517415
0.18611005358048	0.177169012108319
0.515756641690015	0.518852689720616
0.255167912444697	0.237906778139394
-0.159696857731141	0.108356129787568
-0.131785134550989	0.0913167547801865
-0.107755078935403	0.063427130574957
-0.542734594292573	0.338819366881543
-0.796061892842833	0.603484955759858
0.0916263659154801	0.0663655065754012
0.0953847021937759	0.0708433378860592
0.287983479484148	0.224435995346044
0.367300031421516	0.319378008146723
1.14935702293219	1.48371795743135
0.321546002896525	0.32866585228136
0.589038769475189	0.558510396834873
-1.21425860001303	1.39524022893058
-0.354315546713151	0.336363672710506
0.951547874681655	0.253003737941398
-0.525747247337843	0.203116302300938
-1.03016432810562	0.417494436414598
0.570024776523518	0.444545473256781
1.78022076878961	3.54600209299575
0.664258666208345	0.674572114216289
0.791185970132771	0.834925027944195
0.499095432983035	0.31367882587018
0.59989943897598	0.316548793854297
0.145837129647114	0.050508335078259
0.323621109217509	0.206880262078434
1.36388269835206	1.23432626953328
1.040512919554	0.397012675076271
0.791765049203565	0.474236573298571
-0.118082053238964	0.0678948391539112
1.24681240379573	0.866205215591385
-1.80012731460838	0.40572439661199
-0.352824712262703	0.102155795737906
0.526282024246712	0.193593170961761
-0.103524145131458	0.0415664859090425
0.166394015894957	0.0421995715384941
-1.09765808254296	0.742974540794499
0.647810998972189	0.447020719000099
-0.321486324682003	0.148589743568557
-1.82373483340545	0.759520768730619
-0.529590931055547	0.206114530882042
0.513765864733384	0.526064516267584
0.17592425692459	0.106742125604098
0.756454208405692	0.731398518651141
0.672685434123436	0.575344556703842
-0.151568454090127	0.11953153306745
0.0580790739840443	0.0465961031168994
1.13465392638033	1.25759317808361
-0.537177209419718	0.447131104664863
-0.223621044720349	0.144382118705886
0.345209342331294	0.190448269705766
0.28399729093379	0.201063785557461
0.110539631210612	0.0900482792755812
0.490987205387415	0.50630527775784
0.00182513431287215	0.00110184611388993
0.643138995166337	0.759975998813677
0.3299033084024	0.295351148207976
-0.440301067458848	0.331144066342182
-0.731127622588532	0.797924573916353
0.0430945592847793	0.0369522259896533
-0.258155795822515	0.2450070166898
0.679453241401487	0.581087145711189
0.951353482413015	0.641686542202097
0.171634472420616	0.0433572706368662
-0.728941560495149	0.254842900527914
-0.524252707979673	0.204085170600417
-0.0295577898841945	0.0139624164848681
0.510811944824117	0.43067339111769
1.15946939749524	1.51172751894683
0.54421576650739	0.445673724906997
-0.934584329271484	1.0478669498538
0.316657077761954	0.202672688037699
-0.0457414080946105	0.0209313659440139
1.1190645685139	0.996608297647057
-0.240400732266919	0.118717939250898
0.166760634916841	0.0427859605507963
0.141669767450459	0.0617166337329967
-0.0360957445953587	0.0169414850046815
0.899563699291533	0.493503891378626
0.166737913090613	0.0422118222449661
1.03654154158417	0.402707767551167
1.03358254467883	0.397840523408355
0.160510100025773	0.0484285557089307
0.520628489116286	0.189937142312681
0.682975712706802	0.323907655877253
1.56371017708573	0.796477488281912
0.158357408502069	0.0833262669651732
-0.0613315606800779	0.0267875344595314
0.157056474373317	0.0303984095560313
-1.5248710593532	0.544691522076106
1.043208103876	0.402535852395547
0.599620581258477	0.313828420133856
0.539753252099688	0.537507299220783
-0.793767710190869	0.730797745525576
-0.340032153567963	0.270292607145307
0.632332651773641	0.658536732432856
-0.0553923695250177	0.0453248030546995
0.0613619360541812	0.050621009205451
-0.186985630389543	0.124103835018539
-1.15571115245314	1.26844364325945
-0.10690981938821	0.0623452822164139
1.34876425473652	1.40140699150997
0.0234307627591147	0.0164425693411115
0.282949542755019	0.225946336120518
0.105099931303418	0.0811420756836748
1.97775876874662	2.28685378967441
0.18293838043986	0.15234322610169
0.558070387985893	0.545874765587651
-0.787549926543823	0.671365338188318
-0.489341672126114	0.477982127092432
0.951547874681655	0.253003737941398
1.04860279514648	0.507994533107346
0.182086438419837	0.123538246933099
-0.612353573497762	0.500237293797461
0.324716040052157	0.325018062148654
-0.457845236203647	0.419363244470289
0.173268430878682	0.105265413392989
-0.30392403026542	0.217436124396748
0.953604729421139	0.642354910793438
0.17144737954841	0.120496025575626
0.443086710690559	0.316323482541419
0.530234735136755	0.195115554796289
0.171765929471688	0.104754707683246
-0.552861025741511	0.348496516501998
-0.342929849998698	0.204302040850505
-0.624582031923329	0.153403426322781
1.27716499824178	0.712572082814831
-1.51309151623221	0.544844714826084
-1.13345886337206	0.34828321496857
-0.725896158891892	0.253805951910148
0.794878526852785	0.473516752585776
-0.394450034637619	0.217017137418083
0.44459743728619	0.318252643117441
-1.35309764331261	1.10124943845156
0.148637143683965	0.0647084348912117
0.165674434882817	0.0422257308822068
-2.57393942994101	0.680804613621979
0.166394015894957	0.0421995715384941
0.0591332744031511	0.0450692045794094
1.03971821212007	1.08053432221981
0.0114727978157962	0.00736786022795281
-0.294112338241315	0.262431411609998
0.0271583196867458	0.0198744184663234
-0.201561998355448	0.198942103623831
-0.873452555203707	0.866072824388257
-0.180438100755401	0.15495162877575
-0.447418939237726	0.346025603420385
0.444271211085965	0.318012246248761
0.399157815751385	0.414865763609715
0.560624266654391	0.43712289806412
1.01412443069823	1.28194352924197
0.469257414464537	0.506812088456688
-0.48598722372372	0.477400749220506
0.0550654107873535	0.0336186629541622
-0.297206713196165	0.214825507487301
0.603128873850142	0.448682236147372
0.955828709456075	0.638619983336107
-0.785945092184006	0.346732818121287
0.601978685145979	0.317647817376312
0.0858815932575217	0.0621282085066029
0.0043671411727069	0.00329198100764761
0.187232649105238	0.168282677398612
0.338801158516093	0.31703259966535
-0.0595982063256896	0.0442833433118449
-0.0222179069264275	0.0142852878722054
-0.788473512659518	0.433453628098223
-0.176266708468297	0.135615267808365
-0.0132752927967621	0.00642123948010551
0.683264803449209	0.325356660226696
-0.500965621774186	0.368724188761729
-0.429303463544729	0.368669176996602
-0.0838478225382659	0.0511564093580644
-0.187717204004835	0.100047500456309
0.864947248724748	0.630880568014777
-0.623695063230009	0.152227657420805
-0.804563033077839	0.609335664562233
0.357186896535114	0.178667508301735
-0.399373195165332	0.169278266288605
0.0663322650763533	0.0402370053923501
0.380982781172891	0.318589427820309
-0.406507077193562	0.226692154661366
-0.256517924618889	0.126341968503386
0.444269307982615	0.182724882347965
1.33336750964019	0.595719963912108
-0.149706642409505	0.0545689613720988
0.472005888843519	0.430468877980964
1.08336983004397	1.34993652920302
0.353069562273708	0.178110727589746
0.682279188678481	0.32028565703347
-0.797088030816007	0.60705376632508
-0.336979101270638	0.362667490762962
0.071946549363585	0.0482955933552474
-0.288572790650975	0.279122019225103
0.111885207246169	0.0952748689050324
0.205893356439245	0.182024024652367
-0.0524411649738792	0.0428212915593591
-0.382054367476296	0.330782488183013
0.302075928094513	0.216098072374404
0.184056759193891	0.149622827882634
0.802671413398014	0.848973345218042
1.61632704491536	2.04374292810072
1.3404539655075	1.39977490594247
-0.274419122389308	0.169164221602095
0.909623085972392	1.08759569703559
0.273424877078895	0.258981142961458
0.121546403949542	0.10472431547616
0.659163292819519	0.758186327724518
-0.213946893371094	0.178235083597489
0.292555101392051	0.20663001539625
1.11395951913851	0.989256544187023
-0.612353573497762	0.500237293797461
-0.209251013504261	0.138672698668165
-0.170494081115915	0.144920210721578
0.852147696676858	1.23420596655754
-0.441009933466677	0.338450540329764
0.952725906569979	0.643335826253641
-0.144404962290795	0.0809747154939264
-0.800182852924854	0.734770022632579
0.163778659088503	0.0990981589460775
1.14110015197783	1.28445821783804
-0.0578951170852071	0.0423462423159959
-0.706137512412341	0.670497673372632
0.619149487028979	0.657323985349897
-0.921748477588529	1.09503130927661
-0.19870122504703	0.131989395018793
-0.79535992310115	0.805599503088092
0.444500869196175	0.317777205572362
-0.0250516153788749	0.0119128852548162
0.058218211896103	0.035454455261108
-0.204165536880005	0.175547824975668
0.119554149003018	0.0947122576846234
0.294839298308855	0.210615638015828
-0.233982942803714	0.213116035252939
-1.17729334741929	1.44260633497757
0.739739990124118	0.60487442498672
0.894139203158631	1.19411651547823
1.1312013455856	1.25767742279637
0.59327682322698	0.561030562432319
-0.139343044440931	0.110484526391504
1.17405516218622	1.91373523050789
0.356625768351071	0.328758304287788
-0.0654313239803712	0.048618143858899
0.081124471031563	0.0545990152861505
0.137635070918531	0.121090541893893
-0.22749885606815	0.146648569960353
0.150243241530709	0.0575253345571621
1.31987377023416	1.52481483107993
0.145998375108123	0.0565046941171979
0.579425777459177	0.711022205321095
0.301288515344241	0.215365924413774
0.914154447657135	0.777038020334693
-0.964008467928661	0.592782736097717
1.86069493554011	2.40298314190036
-0.0373898031334411	0.0240471635474724
0.262640486122039	0.242138348427049
0.923660740355239	1.20832172726277
-0.291435236452819	0.231423666325055
0.747561572933717	0.812603652534448
0.711814180534737	0.790513220704384
-0.232133444192057	0.174716392840178
-0.354860621659191	0.31226128809154
0.509508279629553	0.43642655210606
0.716048272661937	0.579728291276737
0.330913881582092	0.182610127266167
-0.478729331822689	0.40491971326935
0.440588521686019	0.313789648769969
0.00954629126921852	0.00529941064614725
-0.0842231722577241	0.0514262647788961
0.64200111509834	0.446925015182515
1.4651656497385	1.40502394441403
0.451568406484409	0.321322946348699
0.443918561080662	0.315863163669953
0.0732809856826405	0.0491837120204857
1.32093144377757	1.50532885425857
0.9257926217988	1.0213082785364
0.909672616710664	0.772898860665148
0.353954837143924	0.178229112576402
0.027203693297242	0.0144660210370701
0.37315702815057	0.342900309958167
0.274197079180185	0.23224240937704
0.614807103768877	0.648086637382773
0.0823104429717373	0.0572819866755347
0.424998185118836	0.31973802695505
1.22971275426038	1.18308590934913
0.385780976013368	0.176270873560579
-0.227366116035343	0.170735346749501
0.256012633640121	0.245041828891834
-0.0735941078881869	0.0539596104381074
0.249337304875559	0.236228821930732
-0.164251043853439	0.142480236912369
-0.639236874323665	0.800305956339877
0.0104947614893654	0.00720542684621917
-0.46192614967393	0.478016808884393
0.0134278221190266	0.0111140623987017
1.22324667996615	1.98006791908665
0.149808194403466	0.0511292611488971
-0.636023364439912	0.153505134692002
-0.0178893462822379	0.0117288891349397
0.351231865021477	0.308270200961144
0.71297370991415	0.855040615887637
-0.00428544650332635	0.00272509075538502
0.156506515279007	0.0997089852369211
-0.408447482787154	0.171686538324512
0.679211942715075	0.322720793319865
-0.404369817740413	0.319227912541116
0.446213073014097	0.315598465129578
1.08197600508373	0.671805047482294
1.39968635870941	1.05830498221555
0.637914349189745	0.439418643015482
0.773058246210052	0.454207339469205
-1.5208643075246	0.552186247107342
0.526282024246712	0.193593170961761
0.664228257408103	0.213358767976231
1.03616406217909	0.39883276251369
0.78724506598302	0.472310378962609
0.887260855652011	0.476955945508908
0.169301214921532	0.0427592743769238
0.1588995276689	0.0306480879354901
-1.79522376365631	0.406159618358576
-0.394338967600289	0.310476138887293
0.969422121724029	1.03529329183584
-0.199034171551529	0.133353824691418
-0.924271280801549	0.660484946162104
-0.150731092427451	0.0552708638941148
0.170541995167361	0.0433725109405701
-0.222901125507273	0.07385839070143
1.03338662184848	0.395388611568327
-0.19092349751028	0.144946597602705
-0.0540305567227299	0.0338410110614355
-0.514165481632172	0.538654131870799
-0.27679867763914	0.266334946868509
-0.588538362196236	0.574683213585078
-0.113787775440507	0.10707194103699
-0.271810336681009	0.222960788008168
0.508302048453691	0.434242595535826
0.294608736905224	0.229703842436367
1.14173598016867	1.28324542014547
1.27213959508899	0.719856330378455
0.689271836450588	0.326673062421915
0.160384885012197	0.0410552053935884
-0.340914885943416	0.0986896672784069
0.15217592618318	0.0460645385354346
0.179460195142679	0.115227441975072
1.22926095420419	1.58546437602044
0.703325468866402	0.863225523864846
-0.585535733953811	0.703469599209003
1.03020213342413	1.30077057108588
0.285987972470635	0.203757884681248
1.05892340645215	0.524213355234419
0.151968631491488	0.0730095155977115
-0.775578107692717	0.343491745350875
1.03376095681478	0.39809706574288
1.95091599911854	1.24022220190779
-0.288979969812863	0.209419102098126
-0.619455780128147	0.300602472466414
-1.0305109518894	0.413705292337194
-0.154154862490974	0.0566375929839067
0.521982205410082	0.18999785131124
0.323251541589319	0.206368370322181
0.1588995276689	0.0306480879354901
2.75734920342264	0.799800653832186
0.442267508928748	0.180131294342851
-0.390417406177823	0.267731563433891
0.387465382059577	0.411248355765472
0.159529767459719	0.0834223246028511
0.492991936141899	0.306816063925914
0.68731840095904	0.32854249379088
0.536953444245028	0.194953676183712
-2.0678734357667	0.955680313656345
-0.494249950491054	0.258467988917453
0.0974459867598331	0.072993001470332
-0.276397079072179	0.227455622280206
0.0213308820979504	0.0156468745843681
-0.487867041164627	0.517343799109432
-0.127403244231541	0.119034641124544
-0.273816565249146	0.264118885736221
0.335987852412056	0.311736605133137
0.491352478466332	0.43378105510894
0.0423714443618828	0.0244990586789379
0.340240581838967	0.188081256081305
0.593493609787687	0.310292438346444
-0.344718928168882	0.101170101330633
0.52474581125615	0.190150245281143
-0.623695063230009	0.152227657420805
-1.10795099788046	0.747593433203197
0.334090519849399	0.310837705060566
1.62054420493515	2.03724071385792
-0.358716510225087	0.286737111466019
-0.14180815224199	0.0798809811029235
0.295279219950043	0.199756905560362
0.142221521694413	0.061628906747354
0.471817460564252	0.318550349454947
-0.510787548308221	0.383870045554461
1.03922988577136	0.400124112296972
0.14753786228684	0.0827651220462529
-1.17552783491124	0.673717860578835
-0.530937280824717	0.206881451169038
-0.719194001735348	0.251086827288541
0.951547874681655	0.253003737941398
1.1312022133713	1.13470329050972
1.45606145484126	0.491057209685398
0.157819500886876	0.0479964018015095
0.955312778391347	0.250111178470744
0.823243467793322	0.353586596514582
0.799831219099877	0.742224917668663
-0.191400129465875	0.127895613792921
0.287767217717843	0.202391936549248
-0.406268765529713	0.228697174672333
0.44143459765327	0.180989319262382
-0.223002041835152	0.073276211453375
0.171634472420616	0.0433572706368662
0.157819500886876	0.0479964018015095
0.177386318763227	0.125908723816088
0.478091844156186	0.321294748844913
0.582109262693274	0.554949719597658
-0.72927587280528	0.953309867544245
0.196862224126168	0.189399577045377
0.198114953960402	0.174090443527151
0.571591020595133	0.552639695385622
0.0681110155932681	0.0437358739165025
-0.896944460230807	0.813919217324509
-0.325490403289211	0.190529502381862
0.345209342331294	0.190448269705766
1.03634162491416	0.3991693364154
-1.02849046705274	0.419931822610547
0.166991219048644	0.0498989788382561
0.470768778209358	0.42840851263541
0.266014029590716	0.242706763568697
0.663052255005352	0.845294571593709
0.516347045010842	0.544746853307324
-0.00239169455654851	0.0012387233900673
-0.0804300617714318	0.0489383847448062
-0.107384579203446	0.0430213037775229
0.176029608578194	0.137894248249254
1.39348615861769	1.05647080563224
0.888538302946409	0.482471402327789
-0.0249324127429055	0.0118019893921196
1.95573777175465	2.64200512021737
0.147282617310792	0.081608172687061
-1.67629835794408	0.957991199340762
0.4350233073277	0.177923778576483
1.45606145484126	0.491057209685398
-0.723538168538297	0.250916884167018
1.76974079140973	1.00886728393029
1.82336730645351	0.727498434871424
0.180738522331241	0.137430367553343
-1.19884840169376	1.21282394309562
-0.0913155297838804	0.0553911990311848
-0.997274509475589	0.870437901094259
0.688588989186597	0.329918803167546
-1.02507055477142	0.414631292458462
1.82336730645351	0.727498434871424
-0.487541806575071	0.255604704385572
0.373249820403377	0.313202434258755
-0.0630183698645994	0.0395015447213636
0.186950310149888	0.163417208983637
0.105832642567261	0.0835971590280984
0.48465709260664	0.538688532595238
0.493740723996694	0.436522317204168
-0.609073930276239	0.491448211798506
0.533337448235502	0.532356048096402
-0.233588722331778	0.149618243781044
0.0715798388287066	0.0460913854329037
0.155252935092842	0.0869345035358844
-0.35680757061169	0.285923447694834
-0.129905828124616	0.0898431543134766
0.189387216520622	0.157316001951157
0.0479364634750258	0.0275522013619722
0.432430898803818	0.419437578993378
1.15590717580992	1.62142455779646
0.336690217233063	0.313072150444061
-0.0698268595951037	0.0509818114579374
-0.2300074341822	0.149386032184027
1.5267761014435	1.26651450057445
0.777139828847565	0.594646829243014
-0.531599164652199	0.326079076629724
0.410005971107616	0.323083600041167
0.401223114213304	0.312423504827726
-0.193564233680636	0.129572351841816
0.17622941201241	0.12956244719978
1.02959883558026	0.956357364376754
0.508568696837703	0.318771784495525
-0.0255832497012493	0.0121270450468336
-0.0310791976832645	0.0146011224275307
0.0830215132545551	0.0580359198690765
-0.129373626315273	0.0895377851662444
0.745764680904468	0.80563577252541
0.769570019925471	0.700351339759024
-0.0477934251503036	0.0296759103316279
-0.249126709977285	0.183054266533279
-0.116725832548346	0.0462811743667592
0.190568339237922	0.139447265973139
0.104432972768475	0.0796710046134392
0.618438776514338	0.662742585600556
0.84534909199402	0.882756452172339
0.558038127405284	0.546397908874137
0.321653833990106	0.193330908274306
0.0208781400491201	0.0112382624534621
-0.775129318553996	0.34506231765234
-1.0371231932425	0.813560391341106
0.547148066635114	0.311248546450311
0.397173309359511	0.180931966274748
0.165674434882817	0.0422257308822068
0.154973417188134	0.0589984000785763
-0.80308460815799	0.755399940476994
0.293867560271894	0.218222663640079
0.168436641808994	0.103078843965151
-1.01414405525093	0.906714366590379
-0.12188884998577	0.071519867157707
0.143552854949838	0.0622321518539146
-0.543872188196707	0.340655901718906
0.334190602887716	0.185074917513806
0.36125818229432	0.182603969313043
-0.733892568765604	0.254667815208945
0.160614285616072	0.0483709724331317
0.0789089952005456	0.0503777737070077
-1.23282791950633	0.92456274397836
0.781283664336774	0.466307231346568
-0.064578248083847	0.0283362117656974
0.160033282133955	0.0407505791232416
-0.11040300185585	0.0444760204878545
1.32822893225691	0.595292300170666
0.528873779674063	0.193445629021568
-0.623203514518812	0.152886975065438
0.164226724221899	0.0416602681945232
0.318588496708356	0.203814128748736
-0.185962548525998	0.0989975942187014
-0.800106385193462	0.68522374891522
1.08197600508373	0.671805047482294
0.36125818229432	0.182603969313043
0.148738227464701	0.0511351524576854
1.26554376566769	0.708052176803747
0.276678470201896	0.229353640937008
0.278477490045576	0.223226563365719
0.719585139657533	0.855289016045041
0.288239712311831	0.213890870016436
-0.136618437085894	0.0954973844615476
0.955415449963373	0.644290399719721
0.53871237882254	0.308085232043761
0.291164918772385	0.21663284752452
0.337307835046592	0.186738313055483
-0.113579816160861	0.0670128043770852
-0.156935262613622	0.0878609884254127
-0.0708973852175862	0.0309250056071839
-4.0042435470187	1.77262287616576
-0.630732478411191	0.153857382309032
-0.61220795871417	0.298140458409029
1.06627456888409	1.21600222791107
-0.658661547231011	0.680372559550455
-0.188489656017064	0.143759775881403
0.168936973657932	0.0964469596005771
0.309212432260125	0.195680624972509
-0.309442764140404	0.143573368765978
-1.48108857185159	1.02918113225087
-1.27637405814093	0.587410974675774
3.26962954853743	1.12822867523572
-1.15513447640268	0.995237873423318
0.328338982676048	0.180513348311102
2.73899537794909	1.71886834158457
-0.994986011059497	0.498933329537408
0.166760634916841	0.0427859605507963
0.155236989444065	0.046931522021964
-0.105933421045036	0.042435205371231
1.03783609384751	0.397011482932924
1.56351435452967	0.783250075911372
0.67114469411031	0.215490092261742
-0.719194001735348	0.251086827288541
1.46257104927093	0.48578937094864
0.153591635046613	0.0810298484337261
0.94381631710243	0.625355066200517
0.795200823010075	0.743518971503633
0.673290374161129	0.21539984522156
-0.109994101514757	0.0440879986691257
2.75606918885066	0.793508670212093
-0.15305394996009	0.0561503783181607
-0.654419490172605	0.664233866667412
1.14237431900457	1.15154177693179
-0.692479959049823	0.539883396477736
0.787595301695974	0.834740413550346
0.117200460259437	0.0975106549483358
0.276790922636469	0.212536163654624
1.4442944431422	2.14242672694857
0.0310567223653191	0.0179253076861266
-0.0386989556565175	0.0246645040743862
1.02684537219327	1.30723185934078
0.319507368381034	0.333095159712768
0.600872289550833	0.569836622537281
0.155762942607188	0.0881833866648816
0.184386373285645	0.145614570752948
1.130006219288	1.14755712921229
-0.901872956546832	0.738615266922286
0.439690501750563	0.177476320601867
-0.718015885215809	0.250371550906901
1.03515111598185	0.401690296345324
-0.145094145721108	0.0530266495888326
1.02989171903862	0.960408494252133
0.82009734815081	1.12445948563515
0.00649055733270162	0.00486118071249688
0.563894025138326	0.554791774535268
0.176815545139911	0.134346526303347
0.882740915268467	0.62501100627457
-0.404231289985539	0.228863462879582
0.86248271383889	0.959522907777771
0.797773318218323	0.7434725741995
0.167125285140998	0.0422176691573725
1.4486107344182	0.912810140512687
1.13784041518294	1.37197847006703
0.14153767221589	0.0608952878980603
2.11241021373514	0.965493651705752
-0.790950212014164	0.436604470749783
-0.345896359412486	0.100748738523468
0.153582721579172	0.065908788138588
0.607204984310113	0.316324464272604
-0.524252707979673	0.204085170600417
0.182086438419837	0.123538246933099
0.330608297391005	0.3156758270561
-0.89622003738381	0.818386590843228
-0.80029028698432	0.687833118901055
0.436051221892724	0.178450617932061
-0.719194001735348	0.251086827288541
1.77975871745448	1.01680086695759
0.136179197499738	0.0530455063125652
0.195575433571834	0.150076084215779
0.33513910366696	0.30127525575087
0.615207049886999	0.873492885982092
0.118198935763142	0.0992683753396743
0.448201922772714	0.491073771964893
-0.0409231391045266	0.0190692116518318
-0.0283330008331476	0.0134135070253952
-0.0549598042811863	0.0413569893729365
0.000655330439766742	0.00041871601735081
0.881989769788388	0.879894743631095
0.368187004900148	0.402797842800558
0.122230425113322	0.102884852939493
0.157510625065176	0.0897100642537583
1.22967635592691	1.33601592663196
-0.102928814949891	0.0725339591357367
0.542702318128504	0.310695417793306
-0.665717182087662	0.389617162065056
0.599323934065879	0.311626688412778
-1.51396593073936	0.54893460092185
1.03089658662325	0.396761481668771
-1.13453748317733	0.348386420481102
0.298614328151663	0.189438408050032
0.51146320343153	0.437234292668288
-0.317338032816235	0.281447015772533
-0.701950051372593	0.698563027136158
-0.315995346538628	0.25466871758386
-0.154080721580194	0.0564960500422514
0.138828784295158	0.0603129016123432
0.468308294363126	0.330317852988749
0.946915634384555	0.629505614272603
0.157056474373317	0.0303984095560313
0.441153686229378	0.180149564860552
0.29994308971727	0.204102380639016
-0.0959897730291594	0.0383858996134862
-1.83171490361416	0.755879019504499
1.44604659811656	0.905175761708426
0.674740147390516	0.216998162235432
0.144616061493927	0.0500253520513714
1.27213959508899	0.719856330378455
0.303878745418154	0.203887604868178
0.0473012520410053	0.0300017955169969
-0.511650269720214	0.265548468556276
0.138354827932971	0.0598570560086099
0.150056620761467	0.0582853017514104
0.161791665747346	0.0309826798878848
0.158321872008447	0.03054890339565
0.0999432649074165	0.0750955892509946
0.454692653459386	0.325399331720213
-0.22167802898296	0.16583855797738
1.07987826526242	0.66733138569429
0.527819283801915	0.192080673860136
0.95558416772101	0.253955285085994
0.434765734153405	0.177993138783725
-0.0390395850915958	0.0180552971981899
0.354098361765588	0.325630603814111
0.450428175574555	0.504651154408719
0.0577818332087704	0.0454195006821391
0.452121865915567	0.420263756370178
-0.797264982671972	0.915234122232896
0.26667944214599	0.267452285159908
0.526106439464422	0.449824484148253
0.1756964080368	0.112810446914964
0.747764764779101	0.727724086546424
-0.192328629744083	0.146489281105316
-0.976148177873843	0.945854536866013
1.05322944824235	0.516402002731974
0.165310764697054	0.0422104497686673
-1.16907038844907	0.658022908210661
0.147362692598526	0.0508433865470601
-0.394546903001969	0.219406467106733
0.194786217794323	0.187854528702082
-0.061368032556669	0.0453390795008502
1.29784484239178	1.75230714097463
0.587288503202565	0.562560276113363
1.10566540013173	0.831723307019222
-1.52322194584126	0.549040618837191
1.00701258475129	0.904477939762748
-0.24436538083494	0.12162646282134
2.35732460876509	1.21266231514885
-0.765321615293467	0.335914507387725
0.651908558350547	0.586295625888295
0.993845905827245	0.799240519330339
-0.62409333671727	0.15194082521988
1.32938316615604	0.591106160939545
-3.07792320695436	0.955710221735997
1.5769075904867	0.797547015895299
1.04571393839951	0.402644709089383
0.166691869937981	0.11674907395338
-0.402719659826315	0.225205451900058
-0.226067534394568	0.0743178756022403
0.452228257881198	0.183697939413508
1.26304367640972	0.699648406155618
-0.350384517924497	0.100791822395602
-0.339689629328073	0.0991873938654728
0.95292022183415	0.255029382628136
0.425438885246841	0.321162826096066
0.68965959476824	0.593824337077934
-0.978834217520337	0.94842633530874
0.323001510699776	0.207474134201045
2.762173012355	0.796052683519412
1.0785546316365	0.667797581715155
0.929216614980009	1.20224443393618
-0.0149714997917844	0.00987358135188589
0.559265669083236	0.433668932737244
0.0352623488111188	0.0204420231808399
0.27676148088264	0.237082987201123
0.340073114644698	0.316338645324498
-1.44893405426624	1.52017558567023
-0.898279153310627	0.740080358585524
-0.500947727108824	0.372517076052393
-0.129037629043917	0.0742239901692395
-1.15950850666438	0.987442428487235
1.27213959508899	0.719856330378455
0.165310764697054	0.0422104497686673
-0.344991553778112	0.100675971877677
0.165310764697054	0.0422104497686673
0.739866173235302	0.71484390598798
0.74499641290777	0.810047255332956
0.760886216504939	0.989671918224575
-0.0173134864342026	0.0113169769249843
0.872189910714601	0.982826455680112
-0.139136932006347	0.0975341719319962
0.323671615459731	0.175942318856422
0.310186439290874	0.196506184478753
0.466643549239381	0.311514509973317
0.158842307684291	0.0476089524042007
-2.12468981812515	1.62921055165013
0.657893990763278	0.462401237494397
0.332192201404552	0.198296097064859
0.951547874681655	0.253003737941398
0.78724506598302	0.472310378962609
0.160400851667561	0.0483731984970343
-1.03416549660249	0.42282126768722
1.56609727504319	0.793424923313814
-1.28384654567062	0.597216174366731
0.151556975622098	0.0728613656085322
0.394878210849258	0.322102550636194
-1.05997652565444	0.835394532065126
-0.613137872499033	0.298078623231947
-0.103638301473566	0.0411024939622192
-2.9133772858003	2.13923447216765
-0.62935300969794	0.153342878403685
-0.623695063230009	0.152227657420805
1.57449339049613	0.801962693736397
0.94476864363007	0.909060567253677
0.668229046202954	0.681177255389276
-0.200230598482011	0.134105765363282
1.82723433620716	0.72976386465442
-0.211319950869114	0.0687123824178724
0.324895284140831	0.176826486966559
-0.0297630701610947	0.0225792011728919
0.280657103267805	0.197523451778101
0.262794940818384	0.207563950726031
0.425572126063289	0.320351702131242
0.751485558724018	0.821518406078274
1.05806982026464	1.59568937801161
-0.030818718446174	0.0236391657664297
0.177994065345174	0.139937187961445
0.564479389841791	0.553077853623722
-0.345862661941839	0.273713347170391
0.316729990411159	0.189120534724364
-0.00343459733323637	0.00168022370110625
0.36490375072105	0.179318902125977
3.93021390388131	1.74972824816439
1.82336730645351	0.727498434871424
0.603370860724506	0.314604222517306
0.0371017355785809	0.02117539295661
0.0479848909219336	0.0373553800581834
0.917898201269415	1.29981654892079
-0.532200624749553	0.591086259833756
0.74502154305357	0.716875605922915
-0.587263708623956	0.423237130573247
0.326417016207835	0.195158078397722
-0.627278536177209	0.553403629656399
0.144873503623414	0.0689318124318912
-1.5116278501578	0.543160476988583
-0.281239475219502	0.175179263538675
-0.391806367830954	0.337862092161633
0.335575681600773	0.18552964403284
-0.532016506554939	0.205038476954774
1.77206491776804	1.01154720592277
-0.723310015883846	0.254344357266946
0.668257563820224	0.216585127844403
-0.147965038499512	0.0540019765178754
0.809947115387493	0.345417325238486
0.159418828497731	0.100759078997363
0.557714121205273	0.435821154023371
0.31443372496571	0.212658207086726
0.13693813472375	0.059128012802319
0.853631554274723	0.615604804330215
0.145300664779287	0.0692197614676869
0.526282024246712	0.193593170961761
-0.636023364439912	0.153505134692002
0.954295652698446	0.253211023347385
0.669700188276656	0.216836591054402
0.0507440520640392	0.0310782783034562
2.75734920342264	0.799800653832186
-1.1677524946686	0.663254333670944
0.25713901437527	0.230252413750778
0.992551459507652	0.800087630850801
1.52876406600013	2.23743685630643
-1.30050478445304	1.88821157634119
1.01418996164075	1.74081362695557
-0.132601259682506	0.0923255603384386
1.02961435890784	0.956082930497483
0.276001670284622	0.241960437238097
-0.798169731495874	0.735953996655955
-1.09305852928737	1.02899702360475
0.143552854949838	0.0622321518539146
1.32535961029423	0.590134036817937
0.95292022183415	0.255029382628136
0.267064992659207	0.217920857928256
-0.00603231910566302	0.00403107583520223
0.253932537912866	0.253921846910109
-0.4186839921026	0.419300528250048
0.432700200240015	0.4259278336175
0.267200655768446	0.203413780544414
1.55974514847552	0.78851565291543
0.348323410655683	0.315498564003137
0.0597535596289627	0.038246292739125
-1.02203827315684	0.413518890635416
-0.549720881393612	0.345065891483542
0.0658907036898987	0.042409609769264
-0.799632401565093	0.441989555573119
0.815498351121805	0.351034974904088
-0.307402239324383	0.142463158970048
0.172003388254653	0.043682446671818
0.44149853200672	0.181153088534539
-0.716466116104263	0.246385156829136
-0.525335160168346	0.204442902704607
-0.582236070161162	0.417625084252485
0.494989708042113	0.435977294870883
-0.461667682329401	0.306072859450934
3.03891556644349	2.25622869021207
-0.0121418522020801	0.00587572761787325
0.78318796143241	0.466299960023398
-1.03645130311115	0.420074230666443
1.45351865984672	0.48998410568291
1.2450726397125	0.861156482719709
2.76573458231009	0.786881337530458
0.683259807896165	0.326416063249585
-0.499840950070283	0.263459811156576
0.0206326745011957	0.0169171865562616
-0.1825728071964	0.138235850579441
0.0942070694277636	0.070618693101369
0.103437369076357	0.0979863083015859
0.0378379122946824	0.031987777404405
0.177860781005189	0.114662080647818
-0.122801457616897	0.0721372598982325
0.14668725222992	0.0822938772289078
-0.154967734228726	0.143458024993563
0.897558554408675	1.20048007035056
0.0824456512804544	0.0573930101037831
0.195308395129365	0.154106750951568
0.196131828146176	0.159637637665696
0.0752850411730718	0.050597101068626
0.340219384508582	0.186593918859012
0.942970790698413	1.30566871446559
-0.19105283434195	0.14523103150137
-0.448761985956891	0.478053047382085
0.353932759073545	0.324670224036828
-0.0921257706539748	0.066451108311812
0.95308142403866	1.14112752877171
0.649152366623771	0.457619673237304
-0.336859583518496	0.201478332725583
0.843532773589255	0.763017730119513
0.822381698825377	0.349454606516461
-0.0492096831072411	0.0226158590487513
0.0683292639114141	0.0437240655348561
0.800337507976942	0.476217548571337
0.143004663465818	0.0624148196814049
1.24135480823166	1.03190091108585
1.07609129641363	0.659609018102904
-0.0685804294100258	0.0298111858238724
0.354811553780425	0.175970103386801
-0.309198278125967	0.143464560573435
0.729317465451532	0.692380906790862
0.492946699408523	0.432231037894811
-0.40734510967046	0.229401267826804
-0.400259280379708	0.225175141419001
-0.347092503638301	0.278208395249
0.822132458857381	0.349455376962626
-0.979329688018397	0.490439755510319
0.160033282133955	0.0407505791232416
0.954501343101331	0.64037980763731
-0.551111428301412	0.34006649432237
-0.344935124642273	0.324009045917845
0.0249549395812134	0.0182534697697999
-0.0170902906330745	0.0132198165742207
-0.0792011716805869	0.071371438174325
-0.0105943495374149	0.00694804900510454
0.087663213183403	0.0607047474660504
0.191724096441816	0.130290787722541
0.172678910161696	0.104937052069335
0.17077271700039	0.115770648958368
-0.461977891681503	0.303327629417178
0.261017340904457	0.23437000735244
0.00350057330654919	0.00243611049570829
0.692798817563477	0.705025824895914
0.785463223167726	0.921825123194323
0.202374455425963	0.188065801121447
-0.243952364017113	0.201852034657493
-0.260737565831373	0.194028665880855
0.177899009643917	0.10761996008007
0.15363097262247	0.0801358917477405
0.0897412925424324	0.0644492025703683
0.14953299838415	0.0516176458431704
-1.02454205705902	0.414665056409594
0.143277210472495	0.0493154830389871
-0.693851406126076	0.539726837942339
-0.56040736042818	0.348538142996563
-0.0990154351992337	0.0400367073340722
1.12254900854243	1.1228840235707
-0.623695063230009	0.152227657420805
0.439104823354277	0.180243926411834
-0.0568554044452084	0.024793647115769
1.5662551419061	0.796008569427114
-0.298136893014234	0.135337052201453
0.0635735562961063	0.0437080629554325
-0.268194327014502	0.165579022659918
1.56251873611041	0.792025869992769
1.06807180977778	0.527798869584932
0.162878077886294	0.0488236589544503
-0.0648793670734584	0.0283573029912185
0.83539236699104	1.14375286988999
-0.975763419852724	1.27034639477323
0.0687136276573236	0.058005446863175
0.0733723387056565	0.0603979883587999
0.348507791784346	0.380076712311965
-0.143152843979866	0.133209538160079
0.294430141544887	0.228320294321826
-0.12929038615512	0.104029926507431
0.0675775095815335	0.0432542824495761
-1.06348322214016	1.11324494442495
0.123104289588113	0.101335887846537
0.0324894141371723	0.0303866253525739
-1.27622064997045	1.35553455547205
-0.930414503730815	0.659966908327728
1.13209138013475	1.23495972901821
-0.300720816330873	0.217979352131563
0.641293879536936	0.667755211949191
0.51567526680665	0.526269799424032
0.71336365982649	0.46587477246145
0.144360057617073	0.0496936999572725
0.197163425458438	0.155729047840452
-0.0376451216927679	0.0282953415119139
0.0784944468977554	0.0548056616379274
1.29558595661009	1.87067673310586
-0.950575048442266	1.00045864582524
-0.0274317173238932	0.0176077932501552
0.303870342482511	0.207791024449024
0.00474927950650184	0.00329827526238871
0.361704302286457	0.182697720935242
0.861839257512893	0.62710097182359
-0.792709296847871	0.736651982914062
0.355416145640298	0.177139096473569
0.64774493266708	0.456652498390737
-0.323730940625208	0.149749050634185
1.04160966012263	0.401916952457565
0.903682678357708	0.493561197149554
-0.615739506459471	0.295887108227059
-0.479116894911774	0.314446743255601
2.56124244328711	1.4585663912492
0.172967347500843	0.112107936833281
0.0441318302546604	0.026964033545446
0.834252813176551	0.865361816020021
0.163192980596378	0.0983301107005869
0.156473093380651	0.0747847519367228
1.1158566501281	1.09981737578024
0.794030405710137	0.616273863131347
0.700156696803703	0.955911132588627
0.618544652553197	0.663750006889337
0.176798764229162	0.134051703075044
-0.367377604844904	0.387917246444504
-1.04268401477198	1.50710608096937
-0.606920697944726	0.765537426310779
-0.0301267963881731	0.0197221299873352
0.200705535284385	0.177671884722446
-0.384710458778932	0.36041291480478
-1.27422118623728	1.49606858675696
0.271538592271559	0.219384519451732
-0.036538494055724	0.0274691954873773
-0.0627471598052005	0.0276515252005186
1.03654154158417	0.402707767551167
0.952725906569979	0.643335826253641
0.492391305696188	0.648661841684151
0.328060976695112	0.322180132135908
0.186584969098289	0.175054437061698
-0.261148667808008	0.127051617664544
0.527431899623247	0.192654585358379
1.09516692724964	0.671101456939764
-1.35225369088727	1.10151800615971
0.585539514821473	0.45873122349041
0.370457716785012	0.397675475826915
0.0594407168470393	0.0467230499696705
0.467522943146322	0.421335698916963
0.271521305866606	0.219858444623835
-0.74292022369743	0.896184037210576
-0.147716559287139	0.114926675164915
1.12103098838311	0.994254057129061
1.10173237043442	0.8285557987204
-0.780416475605915	0.77729632165413
0.68290170358118	0.585450154717713
0.959273716129257	0.939326657529007
-0.44047587341328	0.338462311512245
0.630455664295803	0.55668264039147
0.154149877156799	0.0667539132620519
-0.0156986884804082	0.0101985310116877
0.988136874505989	1.06547465282525
0.407509340957554	0.319079561518211
0.578098012841046	0.616109387810627
1.11377923576017	0.976825400007176
0.633593888891642	0.660607037254445
0.337246794389591	0.184149745608225
0.449599798834388	0.320537446821985
0.619680729697395	0.738895308241421
1.1385626064337	1.14822907128855
0.606118777244205	0.447053071919128
0.0073360424150921	0.00412981416147553
1.76286670483484	2.11900836401033
1.78291847967784	2.17182996723877
-0.493420467600124	0.548207453186761
-0.356663453159973	0.360150263549243
0.361497258611061	0.312629646579575
0.261063423139953	0.225054146667802
-1.2492342973314	1.14846591882861
-0.10931809792776	0.0776371429051455
0.046885991980761	0.0286403271217096
0.997630716179158	0.803789140907497
-0.724555586990521	0.828035566763459
-0.199439424362145	0.182855725545369
0.131947828466414	0.113886388720438
-0.652037249958917	0.624847364244918
0.0242660593781914	0.012965461135043
1.61632319449833	1.12683344819166
0.134797965474789	0.0461754013641757
0.440468977584402	0.180297638600963
0.145954636563838	0.0504439336364752
0.420448092491564	0.314201162372038
0.36629198184564	0.419257414189873
-0.0754226792514742	0.0666616776822867
-0.315984269319973	0.25563540125379
0.147569878806105	0.0711919659816201
0.158321872008447	0.03054890339565
-0.343542423818443	0.10090975164114
1.03089658662325	0.396761481668771
-0.615467532168442	0.299126559419087
0.307948675813933	0.330739579994322
0.526002614092721	0.617530656997688
0.023987338095415	0.0215588512317144
0.32544173499024	0.408345818715209
-0.0697684854314837	0.0511393700068859
0.300844514604655	0.189807359629031
0.128603214707931	0.0496105647372819
-0.396813645677592	0.222126177435363
0.00919077923713108	0.00631176575376939
0.694573287309738	0.749105909947787
0.579153021775813	0.456265150027888
0.456938160538188	0.327619779476695
0.153814003219937	0.0811110176111413
0.781741494915602	0.604890666004062
0.50046143908651	0.522799503431643
0.452604004311954	0.522818144095677
0.508459402658644	0.513046713477119
-0.116167877378757	0.0795872202172912
0.0149656548054649	0.0102454177714736
0.995791850320992	0.807279509242195
0.175559813490204	0.133527156796579
-0.0151522269567233	0.011697703713812
-0.139699534874722	0.116793346529931
0.260677952533087	0.26268318108907
-0.447157778214714	0.345146641686637
0.029711834520233	0.0172364231265209
0.349430457768232	0.175499843684981
0.683553288942342	0.326272064581356
-0.984370173910544	0.498898517233409
0.899563699291533	0.493503891378626
-0.528234706633719	0.51597524836263
0.0182770571745105	0.0146860675707056
-0.806077792774981	1.20005362127821
1.32260251890131	1.52528925210512
0.147735428904545	0.0643443069297352
2.11399187721341	0.960456176117222
0.392675529463565	0.179936093229491
3.26962954853743	1.12822867523572
0.527819283801915	0.192080673860136
0.313912821732477	0.185612145654516
1.45351865984672	0.48998410568291
0.923660740355239	1.20832172726277
-0.146968460162377	0.115534638272928
0.524609312149326	0.191455924196695
-0.227429765821456	0.0748191696657807
0.142470070524425	0.0554450529408985
1.03358254467883	0.397840523408355
0.696787773985651	0.851783672769193
0.120403209355633	0.113140290639579
-0.296935889509166	0.266375882408774
-0.79042417149789	0.662105261962035
-1.98923285330967	1.40414572918377
-0.292242018983228	0.212097213952592
-0.262194590624271	0.213231146673581
0.184334436131916	0.161250717181157
0.380240033691255	0.332013908126986
1.09631082218525	1.45478739610152
0.0517268215410904	0.0316230811897925
-0.144021042755584	0.124456939488746
0.0941305763463661	0.0654575120678426
0.108000866296583	0.0836807053839736
0.443275775567726	0.425356346457504
0.169028753136117	0.102994687086406
0.270245987048467	0.206986165651097
0.874886995376584	0.98464202492727
0.229577147775762	0.22212088903706
0.341796499446571	0.319825777876957
-0.0223012930831323	0.0171512155133514
0.0813262114020044	0.0707612976011075
-0.896156301077954	0.819517334392719
-0.307041585212491	0.248833848882932
-0.28287329498506	0.176655384119398
0.940234661153489	0.620756006832241
-0.105018196900244	0.0423002004785251
0.445559696059655	0.183481849511998
0.0298148100017676	0.017141872494735
-0.578910784174483	0.739537656417764
0.573794087018859	0.68987240662422
0.163406667462167	0.114551921841245
2.75606918885066	0.793508670212093
-0.222695068591131	0.0735779431251597
-0.522938609184387	0.203337039703685
0.160384885012197	0.0410552053935884
1.03228256529356	0.39631348486546
-0.343542423818443	0.10090975164114
-1.14615121982005	0.976143896483984
-3.76726432791207	1.50117367179712
0.164226724221899	0.0416602681945232
1.0404202529805	0.404466019128978
0.0528634765041509	0.0415437782699577
0.141068528067271	0.127878687288079
-0.921715539658176	0.665475764632094
1.03515111598185	0.401690296345324
0.863907589637089	0.620508893165508
0.0708333097399133	0.0455227684318318
0.179457998893499	0.127231785015937
0.435894492252727	0.43045691617412
-0.0189252002143523	0.0124308045907213
-0.0334615157414371	0.0213903513766043
-0.725932840908395	0.831147925318913
0.341932542555037	0.310380794375261
0.160068581562169	0.091570125810005
0.134227933366665	0.0518953873885236
0.350410666045551	0.174793465461201
0.565944314927586	0.442655905682814
1.33512355925565	1.3772864621577
-0.187733665125968	0.142403449651357
-0.336222064778051	0.237491150104845
1.62422139581546	1.13567574451567
0.0750326114262065	0.0482784996027507
0.268998199779669	0.222279731513837
-0.0126254322589516	0.00831327195298519
-0.0448093962917973	0.0337670922179463
0.828408581625339	0.955615967573838
-0.639005861443587	0.607699173636941
0.157676441099068	0.0830983556787599
0.510698995724425	0.317823008139607
0.838386262399447	0.83493588549003
-0.401414370780174	0.424748108280209
-0.202628781819254	0.155397105427099
-1.12947529404218	1.45932814800088
0.601815032878312	0.451265864605305
0.184554256404073	0.141360777797033
0.654356539435715	0.461692643918722
-0.116651657887274	0.0685839597606765
-1.01310138335738	1.19099654155997
0.269964693197011	0.241463881024945
0.138275058978119	0.0598128119018579
0.811275979020738	0.346756419889836
-1.28170971891495	0.590727891544826
-1.02507055477142	0.414631292458462
2.1190890298778	0.969511778009989
0.151174657025517	0.0727181583688147
-0.222901125507273	0.07385839070143
-0.628447709775194	0.153171179772782
0.161694559716164	0.0487970170518378
0.528546761664237	0.741921423941919
0.149731585188383	0.144340457376342
-0.493440219926027	0.260326318468609
0.152489836004519	0.052740500279662
0.13970263705097	0.0541559295387953
0.200582541572212	0.185859598553013
0.262973535774852	0.253800729217895
1.22273459288767	1.88832075570472
0.379554836127821	0.327629151246487
0.983717686736528	1.27494567193807
0.185053155121237	0.145544957514612
0.28486709822159	0.217633886622515
0.268956014584748	0.235870686459338
0.853370881796995	0.878648030756744
-0.0053097261422053	0.00402012422191711
1.12435273578267	1.22370908119934
0.676613291044184	0.689543490970979
0.887059930912926	0.895717325573002
0.111286348056182	0.0864411048756916
0.0222630130526122	0.0119062748191463
0.189536457498717	0.128437603843702
-0.0846449725802124	0.0516631784357778
0.440420946962029	0.308747560287908
1.04982673108537	1.09373656142405
-0.460633680478819	0.423842924537294
0.0483877543133219	0.0354397100963312
-0.795672011810177	0.515610981730146
-0.700719056308868	0.958860280598464
-0.268719965268501	0.218332627544552
-0.878246873410678	0.873108348984786
0.0838815263414061	0.0565375366156353
-0.862565170614205	0.980478716550715
0.379131782225338	0.320042668490297
0.830517697903202	1.22546870926208
-0.887433777710915	1.20200188327915
-0.645017856014397	0.811086251408942
0.281755142402323	0.225418692559843
0.0747044914627824	0.0502882120115928
-0.0734383363868276	0.0442622871338156
-0.199731966681893	0.105939761677666
-0.525195549170295	0.675744692427547
-0.141279329068769	0.122276858361004
-0.187648677780966	0.172787615287715
0.668515656075028	0.214587613419762
0.155447957395554	0.0469498859464432
1.32687881734284	0.596619735020576
-0.529590931055547	0.206114530882042
-0.984945535932179	0.497419304814355
0.00647393859806901	0.00367563307576165
0.684534862790765	0.326199707602974
0.814613867033518	0.34793580638276
-0.625469527156518	0.152450282737538
0.352326948432534	0.175943592049276
0.146173228751585	0.0697703665163214
0.144418071472831	0.0692832401870381
0.704947860279968	0.873541431948044
0.385789397727209	0.408518405827682
0.0558493147019924	0.0340451996124289
0.0702917929230597	0.0449319377599788
0.554908813296454	0.541476887637475
-0.614406790777885	0.498695971318484
-0.238432464533969	0.154970815981377
0.785472081665924	0.733879634575184
-0.948400569126351	0.581666733121061
0.0870210611502973	0.0608548594125118
-1.31233684695445	2.03668000072377
0.407868335757871	0.332726258540247
-0.290494061328564	0.238576644685793
1.13671135169452	1.14511714428779
-0.623595684563995	0.55113535221564
-0.0490767960925331	0.0305721365387179
-0.796418021904334	0.676301463817562
0.999606742819641	1.67984204542603
-0.450371020788945	0.601378767949145
0.0897230382426279	0.0644006966205829
-0.199252061658999	0.16890734060348
0.00793351790636357	0.00545254302548641
-0.386603876860432	0.30184031427533
-0.86535295760961	0.922128570194115
-0.0576747568240062	0.0253265391163604
-0.0170929958318048	0.0112695990937599
0.604211330966139	0.319344587716958
1.06401084594047	0.530069212232045
-0.343542423818443	0.10090975164114
0.158321872008447	0.03054890339565
-0.623695063230009	0.152227657420805
0.170917758892835	0.104408458572453
-0.616286004016235	0.30143490963561
1.44638353314654	0.908376591071996
-0.399057447223759	0.170109285065368
-0.0280665749580747	0.0241383134810788
-0.000395665307567042	0.00014350224188304
0.13930343338502	0.0600181509481882
0.779503612508784	0.464571276602165
0.479978621681523	0.524627358739493
0.360189271241881	0.310810973970032
0.784820997858942	0.731895359719848
1.59973777681038	2.45329915723504
-0.0675042402820036	0.0423731234266371
0.480334522184003	0.321970599588944
-0.621660199183125	0.545588395883969
0.178224901921383	0.131020603116972
-0.0453365639554977	0.0281368904178169
-0.291702878324657	0.279209681797516
0.171364957049864	0.110379572215644
-0.11685493067412	0.0917200436016642
0.555507238479908	0.536268410711562
0.0226587791401257	0.016585670712694
0.188450923334826	0.153505324315293
0.473283420423485	0.430484839206356
0.269273065780903	0.248203380082223
-0.145316731977613	0.123386814874758
0.00730807410432066	0.00505258793634402
-0.397494294441063	0.344051163495002
-0.0809649782279969	0.0492040408796708
-0.233640331803912	0.15197356798044
-0.157027577085753	0.106361342826247
-0.245664653826177	0.123583049318942
0.523295698799537	0.539221277928383
0.137371251960733	0.0594828076235281
1.46515025425329	0.487505243218888
1.9613717712777	0.470903909509444
-0.338511026319061	0.0982184054411285
-1.67587255799612	0.963207107410276
0.334731403459217	0.182800834894801
0.683248793214769	0.31932111042522
-1.28408896783253	0.588311969856826
0.305943099820021	0.228586705506952
0.950654218295308	0.25253240285929
0.153515261421797	0.156440838077968
-0.0116309206606635	0.0056432299300719
-0.347161493000512	0.278257270057132
-0.483117434812204	0.567257028219785
-0.0401281682308292	0.0364097746523932
-0.266419372062929	0.255933763440065
0.27865886054681	0.326856485121182
0.756519932854687	0.910448413385007
0.415122682686793	0.435671267455685
0.18006385916343	0.185721844528812
-0.00800781442878611	0.0075814488439045
-0.240237844408455	0.274462170477349
-0.456548049621491	0.55082517360353
-0.252096037116457	0.224508440791177
-0.0418816062983167	0.030834817096148
-0.927603928178658	0.665393437438342
-0.0343709303450805	0.0161377843155024
0.532932447489447	0.299702764679497
0.438146712754534	0.175835970985702
1.32958125727132	0.590996514784086
0.170541995167361	0.0433725109405701
1.32420347578211	0.594323880877371
0.167125285140998	0.0422176691573725
1.9613717712777	0.470903909509444
0.294066797914542	0.220423884487816
-0.315191096339099	0.145299383202046
0.156634201293332	0.0476265114655575
-0.358337140988707	0.103049703911164
-0.0573813093150314	0.035720294108696
-0.306293872012808	0.248035779672333
-0.553421305308461	0.345446131590256
0.171544997646525	0.121077651563362
0.743299255529144	0.721582476808668
0.381155792673103	0.304125290316792
1.10439077420517	1.55555829801773
0.64603068334624	0.580448209172829
-0.167411654511533	0.166443799000911
-0.0276725236045136	0.0177878666623748
-0.863130711459258	1.0319036668086
0.192075134016739	0.15009425750024
0.0968446590864697	0.0725402661015991
0.853367551844129	0.617196547959305
0.433479902651479	0.177093447889082
-1.47291994425517	1.02274433423209
0.688588989186597	0.329918803167546
1.77363626176937	1.00265486193244
-3.75565007208521	1.51176851969756
1.27087668119493	0.718544010438456
-0.19740467457807	0.104519277157254
-0.662346949207419	0.388313838758576
2.75863284516271	0.79267969100207
-0.312051458394623	0.144452926263228
-0.0121291368161155	0.011968959578214
-0.251559832961408	0.125718257065958
-0.198014759693178	0.168098069027089
-0.898532066893029	1.71488584889866
-0.0963212694287517	0.097686972449012
-0.352915262511145	0.45017108842999
0.0654873202316996	0.0657460645072704
0.736339093282329	0.975530067747461
0.489872456761745	0.52379041255817
-0.407413944181017	0.431154512612517
0.705491643087368	0.936187602103865
1.76715569091302	1.76490046885776
0.152349406453255	0.0659171264048295
1.26486310352643	0.702343476211946
0.532821290375245	0.303732783351987
0.789888052857853	0.474642428142286
1.325541173279	0.596317804415036
-0.349006134070706	0.101786523630064
-0.344991553778112	0.100675971877677
-1.13345886337206	0.34828321496857
-1.82608962166886	0.760023550642785
0.694929196890765	0.594288291870587
-0.78050382640299	0.347499428101829
0.952024225447137	0.254550165942042
0.166760634916841	0.0427859605507963
-0.228575803073719	0.0755878378969254
0.156422543419747	0.0472980918883861
-0.104590329612916	0.0423595399149465
2.56124244328711	1.4585663912492
0.320530545122186	0.191646101837814
0.89770655271872	0.489505172811564
0.889135160775014	0.480799922149403
0.153953297746541	0.0803562347748931
-0.620003991734474	0.300026863994542
-0.652682151028491	0.383399298348835
0.333323670167663	0.183890778664686
0.143608502595135	0.055414602193781
1.0912224861088	0.812754409980515
1.95845515097038	1.24694160587667
-0.152509336205892	0.0557203112776917
0.434765734153405	0.177993138783725
0.526475289805826	0.193047228245027
0.596482014935905	0.312114092953853
0.158321872008447	0.03054890339565
-0.53335946692924	0.205976990726238
-0.52305527712639	0.201845077333667
0.359046179069308	0.181390062430688
-0.339689629328073	0.0991873938654728
1.3257228169597	0.589995290446957
-0.536390170568121	0.207178133529191
-1.79522376365631	0.406159618358576
-1.13453748317733	0.348386420481102
-0.143615946085035	0.0521879992717957
0.980471072177079	0.775981801798439
-0.308756221926987	0.143133676726078
0.389311916002553	0.177787726222692
0.669440224929851	0.215480111776117
-0.00213242550735212	0.0011151388386232
0.447424455222457	0.318574508154816
-0.147815753727985	0.0836311319468407
0.299899687116794	0.202356017668495
0.78767812419087	0.472977753985954
0.349875441422501	0.175253819374114
-0.312951208372886	0.144631570110179
0.78532074184037	0.464618125942435
-1.68447768311588	0.975317439128556
-0.493575478890171	0.256882005517151
0.443761884361364	0.179737823436103
-0.975883017791283	0.485622833656601
-1.14235343443303	0.349148050508889
-0.409726477980576	0.172679183083406
-0.155379670574677	0.0565938569368348
-0.731525616406812	0.255525096859232
-0.960892824462948	0.588221399094748
-0.520024315525337	0.201968241826799
-0.540211923212629	0.33680551618798
-0.22584984896384	0.074068293460933
0.162378104800928	0.0310834456145106
0.157631418222578	0.0304971390385879
-0.328456371581694	0.195187762355737
0.13693813472375	0.059128012802319
0.896397698907008	0.4905095537544
0.147035556764615	0.0508245783399546
0.534433959237878	0.438878691236873
-1.48437325624013	1.03816584176393
-1.51279643757503	0.547771213649107
0.151588978352831	0.0729081840962901
-1.81814593327299	0.757477944035012
1.62613714840631	1.14143388183927
-0.0617574983131198	0.026899006453888
0.593074633977258	0.310843755488966
-0.773489905113118	0.345369609584891
0.947794991150769	0.624656508131356
-0.606357140574144	0.29471428256071
-0.0622121886426164	0.0271906046643111
0.667998554448181	0.213489165347249
0.165310764697054	0.0422104497686673
0.157631418222578	0.0304971390385879
1.81929987358015	0.717843244648639
0.777630095243742	0.462860803363226
-4.22235580116143	2.03754838318153
0.331571444571669	0.181471792689479
-0.338232313416877	0.0987458905293902
1.05892340645215	0.524213355234419
0.325170922959377	0.19475351493083
0.392675529463565	0.179936093229491
0.707878931896852	0.45861536713946
-0.183711894848072	0.0975157999199257
0.700602502864942	0.452110676288212
0.595573616120606	0.310556332264773
0.523979603602765	0.191000633185462
0.326278664491867	0.177690426674624
-0.106863850735119	0.0430512195381685
0.434765734153405	0.177993138783725
-0.400375131161567	0.170476605274052
-0.79683703050193	0.520219917061021
0.636741569647835	0.438445151709278
0.39399712928052	0.178218483986737
1.61602021213337	1.12873652048082
0.527724335535867	0.192856985908082
1.03376095681478	0.39809706574288
0.669440224929851	0.215480111776117
0.49252491647941	0.436907789462909
0.516491493929934	0.438763856164869
0.147815925668082	0.0571128254805538
0.655085815595132	0.458960031173863
-0.0805753281923069	0.0490539089197549
0.780642148779149	0.606398972339824
-0.878285917759203	0.857599690920035
-0.195383282323736	0.12979987283563
0.923698417433584	1.01757978587536
0.823243467793322	0.353586596514582
2.75734920342264	0.799800653832186
-0.191782233066184	0.101435338627145
-0.803896762590968	0.441884265316914
0.463873635582034	0.305632935773589
1.24177193089828	1.03094265533648
0.893016012629798	0.480731249582999
0.296063013985438	0.186402515622119
-0.184408938874512	0.125572253986612
0.502469198124267	0.314403571378345
0.277974273288262	0.231009200569005
0.190772345979407	0.150825942067952
-0.559383493003036	0.585739036361925
-0.681346900390743	0.809422630859121
-0.347970680711274	0.327324845805001
-0.0192297632900184	0.014596270177027
-1.25202721713464	1.76073293730918
0.175786892290756	0.19771153942288
0.0372139732089379	0.0322131230072153
0.763929846014442	0.985465871782001
0.478786954480557	0.506113113672428
0.424128820073396	0.501489578390271
0.178530870840057	0.107677084354647
0.0499578834874845	0.0305559361053889
0.281331995854726	0.209796599212577
-0.0554697634699189	0.0347834829174887
-0.432090412325607	0.370523627247034
-0.0917058261001015	0.055380810790106
-0.546914126305978	0.341007146623715
-1.44153358420158	1.50923047824831
0.996651752088572	0.805953292308115
-0.792735334797795	0.675825811427904
0.660829105721871	0.4631106002549
0.17306109852279	0.116428039444476
0.407662026428612	0.181701060020391
0.810427049802671	0.345886414866135
0.541371161741219	0.313239583700473
0.183310875652728	0.140137621938958
-0.399636182406236	0.274134129482907
0.167350031560913	0.102117947403498
0.331242932112785	0.19802305169822
-0.472491522716423	0.312946290346904
0.469434034272482	0.426922220264826
0.608074636656176	0.553856716648916
0.360374637904446	0.182212162425847
0.5775326257535	0.547402332538344
0.3312919632632	0.181020513181994
0.165013582946897	0.0866780714118723
1.03674127319984	0.397936005636489
0.591256421423535	0.306773890928537
-0.617705476273454	0.300459908442062
-0.768101443088756	0.340218664162858
-0.52556727760428	0.203116503406994
-0.40665431902092	0.173716593263974
0.540950041206896	0.3078723534532
-0.152509336205892	0.0557203112776917
-0.217908861645147	0.0711244294280611
0.44123842978774	0.180936747631182
-0.221755533699252	0.0734151122801483
0.394340726947812	0.180095090167645
0.950654218295308	0.25253240285929
0.725563433520153	0.468867552176242
0.528774895140429	0.192704403574892
0.147142932159236	0.0509873558125847
0.518326741577634	0.188934006826496
-0.0269496268599257	0.0127864842179966
0.530652869689232	0.300672842502908
1.82723433620716	0.72976386465442
1.82748782049169	0.728181584217454
1.07883508452803	0.659998348742113
0.305683899031604	0.195092863763305
-0.399029446500114	0.273118624318926
1.26961375401025	0.715521951623609
0.488770480311308	0.301548154232789
1.22447362495042	1.31128260458395
1.77380507506437	1.36076502293112
0.348989059454187	0.175129005978979
0.470118540844915	0.312837636564084
0.604211330966139	0.319344587716958
-0.93375761800952	0.676190318608814
0.602884794946917	0.318365797318871
0.169732740858805	0.109876213274659
0.369859278911309	0.318787145663513
0.172903765076792	0.117431928322988
0.018282388990161	0.00987488744369214
-0.0139623408366271	0.00679900336739329
0.0299870068236011	0.0211142897430594
0.170001895550531	0.115164753612645
0.506632809059548	0.316235911910596
0.655212553762712	0.462140592634484
0.848290120132809	0.598394055556208
0.300525196214597	0.205096032413896
0.740260787356591	0.707510462495513
1.14027889551184	1.24585624451009
0.705412207796635	0.456385927338461
1.67366916679926	1.90202837828876
0.679574443330053	0.587256793461531
0.756608801222571	0.826551643816848
0.15780079459169	0.0900922608158445
0.535798411755484	0.4377991765872
0.352567828079875	0.176408972878977
