group	x	y	clickSelects
4051	-45.25	47.75	227
4051	-45.25	48.25	227
4051	-44.75	48.75	227
4051	-44.25	48.75	227
4051	-44.25	48.25	227
4051	-44.75	47.75	227
4051	-45.25	47.75	227
4062	-42.25	47.75	227
4062	-42.25	48.25	227
4062	-40.75	48.25	227
4062	-40.75	47.25	227
4062	-39.75	47.25	227
4062	-39.25	46.75	227
4062	-39.25	45.75	227
4062	-38.75	45.25	227
4062	-38.75	44.25	227
4062	-38.25	43.75	227
4062	-38.25	43.25	227
4062	-38.75	43.25	227
4062	-39.75	44.25	227
4062	-39.75	45.25	227
4062	-40.25	45.75	227
4062	-40.75	45.75	227
4062	-40.75	45.25	227
4062	-40.25	44.75	227
4062	-40.25	42.25	227
4062	-40.75	41.75	227
4062	-40.75	41.25	227
4062	-40.25	40.75	227
4062	-40.25	40.25	227
4062	-42.25	40.25	227
4062	-42.75	39.75	227
4062	-43.25	39.75	227
4062	-43.75	40.25	227
4062	-44.25	40.25	227
4062	-44.75	39.75	227
4062	-45.25	39.75	227
4062	-45.25	41.25	227
4062	-44.75	41.75	227
4062	-44.75	42.75	227
4062	-44.25	43.25	227
4062	-43.25	43.25	227
4062	-43.25	43.75	227
4062	-44.25	44.75	227
4062	-44.25	45.25	227
4062	-43.75	45.25	227
4062	-42.75	44.25	227
4062	-42.25	44.25	227
4062	-42.25	47.75	227
4073	-43.25	45.75	227
4073	-43.25	46.25	227
4073	-42.75	46.25	227
4073	-42.75	45.75	227
4073	-43.25	45.75	227
4084	-41.75	43.25	227
4084	-41.75	43.75	227
4084	-41.25	43.75	227
4084	-41.25	43.25	227
4084	-41.75	43.25	227
1066	-43.75	48.25	1263
1066	-43.75	48.75	1263
1066	-43.25	48.75	1263
1066	-43.25	48.25	1263
1066	-43.75	48.25	1263
1067	-45.25	42.75	1263
1067	-45.25	43.25	1263
1067	-44.25	44.25	1263
1067	-43.75	44.25	1263
1067	-43.25	43.75	1263
1067	-43.25	43.25	1263
1067	-44.25	43.25	1263
1067	-44.75	42.75	1263
1067	-44.75	41.75	1263
1067	-45.25	41.75	1263
1067	-45.25	42.75	1263
4723	-44.25	45.75	2544
4723	-44.25	46.25	2544
4723	-43.75	46.25	2544
4723	-43.25	45.75	2544
4723	-42.25	45.75	2544
4723	-42.25	44.25	2544
4723	-42.75	44.25	2544
4723	-44.25	45.75	2544
4724	-43.25	46.75	2544
4724	-43.25	47.25	2544
4724	-42.75	47.25	2544
4724	-42.75	46.75	2544
4724	-43.25	46.75	2544
9677	-40.75	47.25	81
9677	-40.75	47.75	81
9677	-39.75	48.75	81
9677	-36.25	48.75	81
9677	-36.25	48.25	81
9677	-38.75	45.75	81
9677	-39.25	45.75	81
9677	-39.25	46.75	81
9677	-39.75	47.25	81
9677	-40.75	47.25	81
9680	-38.75	44.25	81
9680	-38.75	44.75	81
9680	-37.25	46.25	81
9680	-36.75	46.25	81
9680	-36.75	45.25	81
9680	-36.25	44.75	81
9680	-36.25	44.25	81
9680	-36.75	43.75	81
9680	-38.25	43.75	81
9680	-38.75	44.25	81
9681	-33.25	47.75	81
9681	-33.25	48.25	81
9681	-32.75	48.75	81
9681	-31.25	48.75	81
9681	-31.25	47.25	81
9681	-31.75	47.25	81
9681	-32.25	47.75	81
9681	-33.25	47.75	81
9682	-30.75	48.75	81
9682	-30.75	48.25	81
9682	-30.25	47.75	81
9682	-30.25	46.75	81
9682	-29.75	46.25	81
9682	-29.25	46.25	81
9682	-28.75	46.75	81
9682	-27.25	46.75	81
9682	-27.25	45.75	81
9682	-26.25	44.75	81
9682	-26.25	44.25	81
9682	-27.25	44.25	81
9682	-27.25	43.75	81
9682	-26.75	43.25	81
9682	-25.75	43.25	81
9682	-25.25	42.75	81
9682	-24.25	42.75	81
9682	-24.25	41.75	81
9682	-22.25	41.75	81
9682	-22.25	40.75	81
9682	-21.75	40.25	81
9682	-20.75	40.25	81
9682	-20.25	39.75	81
9682	-18.75	39.75	81
9682	-18.75	40.25	81
9682	-19.25	40.75	81
9682	-20.25	40.75	81
9682	-21.25	41.75	81
9682	-21.25	42.25	81
9682	-20.25	42.25	81
9682	-19.75	42.75	81
9682	-18.75	42.75	81
9682	-18.25	43.25	81
9682	-18.25	45.25	81
9682	-17.25	45.25	81
9682	-16.25	46.25	81
9682	-16.25	46.75	81
9682	-17.25	46.75	81
9682	-18.25	47.75	81
9682	-18.75	47.75	81
9682	-19.75	46.75	81
9682	-20.75	46.75	81
9682	-21.75	45.75	81
9682	-22.25	45.75	81
9682	-22.75	46.25	81
9682	-23.25	46.25	81
9682	-23.25	45.75	81
9682	-22.25	44.75	81
9682	-22.25	43.25	81
9682	-22.75	42.75	81
9682	-23.25	42.75	81
9682	-24.25	43.75	81
9682	-24.25	44.75	81
9682	-24.75	45.25	81
9682	-24.75	45.75	81
9682	-23.75	45.75	81
9682	-23.75	47.25	81
9682	-24.25	47.75	81
9682	-24.75	47.75	81
9682	-25.25	47.25	81
9682	-25.75	47.25	81
9682	-25.75	47.75	81
9682	-25.25	48.25	81
9682	-25.25	48.75	81
9682	-26.75	48.75	81
9682	-26.75	47.75	81
9682	-27.25	47.75	81
9682	-28.25	48.75	81
9682	-30.75	48.75	81
9683	-28.25	44.75	81
9683	-28.25	45.25	81
9683	-27.75	45.25	81
9683	-27.75	44.75	81
9683	-28.25	44.75	81
9684	-29.25	40.75	81
9684	-29.25	41.25	81
9684	-28.25	42.25	81
9684	-27.75	42.25	81
9684	-27.25	41.75	81
9684	-25.25	41.75	81
9684	-24.25	40.75	81
9684	-24.25	40.25	81
9684	-24.75	39.75	81
9684	-24.75	39.25	81
9684	-23.25	37.75	81
9684	-22.75	37.75	81
9684	-22.75	38.25	81
9684	-23.75	39.25	81
9684	-23.75	40.75	81
9684	-23.25	40.75	81
9684	-21.25	38.75	81
9684	-21.25	38.25	81
9684	-22.25	37.25	81
9684	-22.25	36.75	81
9684	-20.75	36.75	81
9684	-20.25	37.25	81
9684	-19.75	37.25	81
9684	-19.75	36.75	81
9684	-20.25	36.25	81
9684	-20.25	34.75	81
9684	-19.75	34.25	81
9684	-19.75	33.75	81
9684	-20.25	33.75	81
9684	-20.75	34.25	81
9684	-21.75	34.25	81
9684	-22.75	35.25	81
9684	-23.25	35.25	81
9684	-23.75	34.75	81
9684	-24.75	34.75	81
9684	-25.75	33.75	81
9684	-25.75	32.75	81
9684	-26.75	32.75	81
9684	-26.75	31.75	81
9684	-28.25	31.75	81
9684	-28.25	32.25	81
9684	-27.75	32.75	81
9684	-27.75	33.25	81
9684	-28.75	33.25	81
9684	-28.75	33.75	81
9684	-27.25	35.25	81
9684	-26.25	35.25	81
9684	-26.25	35.75	81
9684	-27.25	36.75	81
9684	-27.25	37.75	81
9684	-27.75	38.25	81
9684	-27.75	39.25	81
9684	-29.25	40.75	81
9685	-25.75	38.25	81
9685	-25.75	38.75	81
9685	-25.25	38.75	81
9685	-25.25	38.25	81
9685	-25.75	38.25	81
9686	-16.25	44.75	81
9686	-16.25	45.25	81
9686	-15.25	46.25	81
9686	-14.75	46.25	81
9686	-14.75	45.75	81
9686	-15.75	44.75	81
9686	-16.25	44.75	81
9687	-19.25	35.75	81
9687	-19.25	36.25	81
9687	-18.75	36.25	81
9687	-18.25	35.75	81
9687	-18.25	35.25	81
9687	-18.75	35.25	81
9687	-19.25	35.75	81
5384	-40.75	45.25	2787
5384	-40.75	45.75	2787
5384	-40.25	45.75	2787
5384	-39.75	45.25	2787
5384	-39.75	44.75	2787
5384	-40.25	44.75	2787
5384	-40.75	45.25	2787
4572	-41.75	43.25	2488
4572	-41.75	43.75	2488
4572	-41.25	43.75	2488
4572	-41.25	43.25	2488
4572	-41.75	43.25	2488
10120	-45.25	38.75	916
10120	-45.25	39.25	916
10120	-44.75	39.75	916
10120	-44.25	39.75	916
10120	-44.25	39.25	916
10120	-44.75	38.75	916
10120	-45.25	38.75	916
10121	-45.25	36.75	916
10121	-45.25	37.25	916
10121	-44.25	37.25	916
10121	-43.75	37.75	916
10121	-43.25	37.75	916
10121	-43.25	35.25	916
10121	-44.25	35.25	916
10121	-44.25	33.75	916
10121	-43.75	33.25	916
10121	-43.75	32.75	916
10121	-45.25	32.75	916
10121	-45.25	36.75	916
1398	-38.25	45.75	1321
1398	-38.25	46.25	1321
1398	-37.75	46.75	1321
1398	-37.25	46.75	1321
1398	-37.25	46.25	1321
1398	-37.75	45.75	1321
1398	-38.25	45.75	1321
8103	-37.25	46.75	509
8103	-37.25	47.25	509
8103	-36.75	47.75	509
8103	-35.25	47.75	509
8103	-34.75	47.25	509
8103	-34.75	46.75	509
8103	-35.75	45.75	509
8103	-35.75	45.25	509
8103	-35.25	45.25	509
8103	-34.25	46.25	509
8103	-33.75	46.25	509
8103	-33.75	45.75	509
8103	-34.75	44.75	509
8103	-34.75	43.75	509
8103	-35.75	43.75	509
8103	-35.75	41.75	509
8103	-36.25	41.75	509
8103	-37.75	43.25	509
8103	-37.75	43.75	509
8103	-36.75	43.75	509
8103	-36.25	44.25	509
8103	-36.25	44.75	509
8103	-36.75	45.25	509
8103	-36.75	46.25	509
8103	-37.25	46.75	509
8913	-36.25	47.75	650
8913	-36.25	48.25	650
8913	-35.75	48.75	650
8913	-34.25	48.75	650
8913	-34.25	47.75	650
8913	-33.25	46.75	650
8913	-32.75	46.75	650
8913	-32.25	47.25	650
8913	-31.25	47.25	650
8913	-31.25	48.25	650
8913	-30.75	48.25	650
8913	-30.25	47.75	650
8913	-30.25	47.25	650
8913	-30.75	46.75	650
8913	-30.75	45.75	650
8913	-31.25	45.75	650
8913	-31.75	46.25	650
8913	-32.25	46.25	650
8913	-32.75	45.75	650
8913	-32.75	44.75	650
8913	-33.25	44.25	650
8913	-33.25	43.75	650
8913	-32.25	42.75	650
8913	-32.25	42.25	650
8913	-32.75	42.25	650
8913	-33.75	43.25	650
8913	-34.25	43.25	650
8913	-34.75	42.75	650
8913	-34.75	41.75	650
8913	-35.75	40.75	650
8913	-36.25	40.75	650
8913	-36.25	41.25	650
8913	-35.75	41.75	650
8913	-35.75	43.75	650
8913	-34.75	43.75	650
8913	-34.75	44.75	650
8913	-33.75	45.75	650
8913	-33.75	46.25	650
8913	-34.75	46.25	650
8913	-34.75	47.25	650
8913	-35.25	47.75	650
8913	-36.25	47.75	650
8914	-35.75	45.25	650
8914	-35.75	45.75	650
8914	-35.25	45.75	650
8914	-35.25	45.25	650
8914	-35.75	45.25	650
8915	-37.75	42.25	650
8915	-37.75	42.75	650
8915	-37.25	42.75	650
8915	-36.75	42.25	650
8915	-36.75	41.75	650
8915	-37.25	41.75	650
8915	-37.75	42.25	650
8916	-32.25	43.75	650
8916	-32.25	44.25	650
8916	-31.75	44.25	650
8916	-31.75	43.75	650
8916	-32.25	43.75	650
1815	-45.25	37.75	1473
1815	-45.25	38.25	1473
1815	-44.25	39.25	1473
1815	-43.75	39.25	1473
1815	-41.75	37.25	1473
1815	-41.25	37.25	1473
1815	-41.25	38.25	1473
1815	-40.25	38.25	1473
1815	-39.25	39.25	1473
1815	-38.75	39.25	1473
1815	-38.75	36.75	1473
1815	-39.25	36.75	1473
1815	-39.75	37.25	1473
1815	-40.25	37.25	1473
1815	-41.25	36.25	1473
1815	-42.25	36.25	1473
1815	-42.75	35.75	1473
1815	-43.25	35.75	1473
1815	-43.25	37.75	1473
1815	-43.75	37.75	1473
1815	-44.25	37.25	1473
1815	-44.75	37.25	1473
1815	-45.25	37.75	1473
7321	-43.75	39.25	382
7321	-43.75	39.75	382
7321	-42.75	39.75	382
7321	-42.25	40.25	382
7321	-40.25	40.25	382
7321	-40.25	40.75	382
7321	-40.75	41.25	382
7321	-40.75	41.75	382
7321	-40.25	42.25	382
7321	-40.25	43.25	382
7321	-39.75	43.75	382
7321	-39.25	43.75	382
7321	-38.75	43.25	382
7321	-37.75	43.25	382
7321	-37.75	41.25	382
7321	-37.25	40.75	382
7321	-36.25	40.75	382
7321	-35.75	40.25	382
7321	-35.75	39.75	382
7321	-36.25	39.25	382
7321	-36.25	38.75	382
7321	-33.25	35.75	382
7321	-32.75	35.75	382
7321	-32.75	36.75	382
7321	-32.25	37.25	382
7321	-31.75	37.25	382
7321	-31.75	35.75	382
7321	-32.25	35.25	382
7321	-32.25	32.75	382
7321	-31.75	32.25	382
7321	-31.75	31.75	382
7321	-32.75	31.75	382
7321	-32.75	30.25	382
7321	-31.75	29.25	382
7321	-31.75	28.75	382
7321	-32.75	27.75	382
7321	-33.75	27.75	382
7321	-34.25	27.25	382
7321	-34.75	27.25	382
7321	-35.25	27.75	382
7321	-35.25	28.75	382
7321	-36.25	28.75	382
7321	-36.75	29.25	382
7321	-37.25	29.25	382
7321	-37.75	28.75	382
7321	-38.25	28.75	382
7321	-38.75	29.25	382
7321	-38.75	30.75	382
7321	-38.25	31.25	382
7321	-38.25	31.75	382
7321	-38.75	32.25	382
7321	-39.75	32.25	382
7321	-40.25	32.75	382
7321	-42.25	32.75	382
7321	-43.25	33.75	382
7321	-43.25	34.25	382
7321	-42.75	34.75	382
7321	-42.75	35.75	382
7321	-42.25	36.25	382
7321	-41.25	36.25	382
7321	-40.25	37.25	382
7321	-39.75	37.25	382
7321	-39.25	36.75	382
7321	-38.75	36.75	382
7321	-38.75	39.25	382
7321	-39.25	39.25	382
7321	-40.25	38.25	382
7321	-41.25	38.25	382
7321	-41.25	37.25	382
7321	-41.75	37.25	382
7321	-41.75	38.25	382
7321	-42.75	38.25	382
7321	-43.75	39.25	382
7322	-39.75	33.25	382
7322	-39.75	33.75	382
7322	-39.25	33.75	382
7322	-39.25	33.25	382
7322	-39.75	33.25	382
7323	-37.75	33.25	382
7323	-37.75	33.75	382
7323	-37.25	34.25	382
7323	-36.75	34.25	382
7323	-35.25	32.75	382
7323	-35.25	32.25	382
7323	-36.75	32.25	382
7323	-37.75	33.25	382
7324	-33.75	33.25	382
7324	-33.75	33.75	382
7324	-33.25	33.75	382
7324	-33.25	33.25	382
7324	-33.75	33.25	382
6995	-34.25	47.75	3548
6995	-34.25	48.25	3548
6995	-33.75	48.75	3548
6995	-33.25	48.75	3548
6995	-33.25	47.75	3548
6995	-32.25	47.75	3548
6995	-32.25	47.25	3548
6995	-32.75	46.75	3548
6995	-33.25	46.75	3548
6995	-34.25	47.75	3548
1293	-44.25	33.75	13
1293	-44.25	34.25	13
1293	-43.25	35.25	13
1293	-42.75	35.25	13
1293	-42.75	34.75	13
1293	-43.25	34.25	13
1293	-43.25	33.75	13
1293	-42.25	32.75	13
1293	-40.25	32.75	13
1293	-39.75	32.25	13
1293	-38.75	32.25	13
1293	-38.25	31.75	13
1293	-38.25	31.25	13
1293	-38.75	30.75	13
1293	-38.75	29.25	13
1293	-38.25	28.75	13
1293	-38.25	27.25	13
1293	-38.75	27.25	13
1293	-39.75	28.25	13
1293	-41.25	28.25	13
1293	-42.25	27.25	13
1293	-42.75	27.25	13
1293	-43.25	27.75	13
1293	-43.25	28.25	13
1293	-42.25	28.25	13
1293	-42.25	29.25	13
1293	-41.25	30.25	13
1293	-41.25	30.75	13
1293	-43.75	30.75	13
1293	-44.25	30.25	13
1293	-44.75	30.25	13
1293	-45.25	30.75	13
1293	-45.25	32.25	13
1293	-44.75	32.75	13
1293	-43.75	32.75	13
1293	-43.75	33.25	13
1293	-44.25	33.75	13
1304	-40.25	26.75	13
1304	-40.25	27.25	13
1304	-39.75	27.25	13
1304	-39.75	26.75	13
1304	-40.25	26.75	13
1315	-45.25	19.75	13
1315	-45.25	20.25	13
1315	-44.75	20.75	13
1315	-44.25	20.75	13
1315	-44.25	20.25	13
1315	-44.75	19.75	13
1315	-45.25	19.75	13
1326	-44.25	13.75	13
1326	-44.25	14.25	13
1326	-43.25	14.25	13
1326	-42.75	14.75	13
1326	-42.25	14.75	13
1326	-41.75	14.25	13
1326	-41.75	13.75	13
1326	-42.25	13.25	13
1326	-43.25	13.25	13
1326	-43.25	12.75	13
1326	-42.75	12.25	13
1326	-42.75	11.25	13
1326	-42.25	11.25	13
1326	-42.25	12.25	13
1326	-41.75	12.25	13
1326	-41.75	10.75	13
1326	-42.25	10.25	13
1326	-43.25	10.25	13
1326	-43.75	9.75	13
1326	-43.75	9.25	13
1326	-42.75	9.25	13
1326	-42.25	8.75	13
1326	-42.25	7.75	13
1326	-41.75	7.25	13
1326	-41.75	5.75	13
1326	-42.25	5.75	13
1326	-42.75	6.25	13
1326	-42.75	7.25	13
1326	-44.25	8.75	13
1326	-45.25	8.75	13
1326	-45.25	12.25	13
1326	-44.25	13.25	13
1326	-44.25	13.75	13
1337	-44.75	7.25	13
1337	-44.75	7.75	13
1337	-44.25	7.75	13
1337	-43.75	7.25	13
1337	-43.75	6.75	13
1337	-44.25	6.25	13
1337	-44.75	6.25	13
1337	-44.75	7.25	13
1339	-41.25	4.75	13
1339	-41.25	5.25	13
1339	-40.75	5.25	13
1339	-40.75	4.75	13
1339	-41.25	4.75	13
1340	-39.75	3.25	13
1340	-39.75	3.75	13
1340	-39.25	3.75	13
1340	-39.25	3.25	13
1340	-39.75	3.25	13
5652	-32.25	45.75	292
5652	-32.25	46.25	292
5652	-31.75	46.25	292
5652	-31.25	45.75	292
5652	-31.25	43.75	292
5652	-30.25	43.75	292
5652	-30.25	42.75	292
5652	-29.75	42.25	292
5652	-29.25	42.25	292
5652	-28.75	42.75	292
5652	-28.25	42.75	292
5652	-28.25	42.25	292
5652	-29.25	41.25	292
5652	-29.25	40.75	292
5652	-27.75	39.25	292
5652	-27.75	38.25	292
5652	-27.25	37.75	292
5652	-27.25	36.75	292
5652	-26.25	35.75	292
5652	-26.25	35.25	292
5652	-27.25	35.25	292
5652	-28.75	33.75	292
5652	-29.75	33.75	292
5652	-29.75	32.75	292
5652	-30.25	32.25	292
5652	-30.75	32.25	292
5652	-30.75	33.75	292
5652	-29.75	34.75	292
5652	-29.75	35.25	292
5652	-30.25	35.75	292
5652	-30.25	36.25	292
5652	-29.75	36.75	292
5652	-29.75	37.25	292
5652	-33.75	37.25	292
5652	-34.25	37.75	292
5652	-34.25	38.75	292
5652	-34.75	39.25	292
5652	-35.25	39.25	292
5652	-35.25	38.25	292
5652	-35.75	38.25	292
5652	-36.25	38.75	292
5652	-36.25	39.25	292
5652	-35.25	40.25	292
5652	-35.25	41.25	292
5652	-33.75	42.75	292
5652	-33.25	42.75	292
5652	-32.75	42.25	292
5652	-32.25	42.25	292
5652	-32.25	42.75	292
5652	-33.25	43.75	292
5652	-33.25	44.25	292
5652	-32.75	44.25	292
5652	-32.25	43.75	292
5652	-31.75	43.75	292
5652	-31.75	44.25	292
5652	-32.25	44.75	292
5652	-32.25	45.75	292
5653	-30.75	46.25	292
5653	-30.75	46.75	292
5653	-30.25	46.75	292
5653	-29.25	45.75	292
5653	-29.25	44.25	292
5653	-29.75	44.25	292
5653	-29.75	45.25	292
5653	-30.75	45.25	292
5653	-30.75	46.25	292
5654	-33.75	38.75	292
5654	-33.75	38.25	292
5654	-33.25	38.25	292
5654	-33.25	38.75	292
5654	-33.75	38.75	292
5655	-32.25	39.75	292
5655	-32.25	40.25	292
5655	-31.75	40.75	292
5655	-30.25	40.75	292
5655	-30.25	39.75	292
5655	-29.25	38.75	292
5655	-29.25	38.25	292
5655	-29.75	38.25	292
5655	-30.75	39.25	292
5655	-31.25	39.25	292
5655	-31.75	38.75	292
5655	-32.25	38.75	292
5655	-32.25	39.75	292
5656	-32.25	34.75	292
5656	-32.25	35.25	292
5656	-31.75	35.75	292
5656	-31.25	35.75	292
5656	-30.75	35.25	292
5656	-30.75	34.75	292
5656	-31.75	33.75	292
5656	-32.25	33.75	292
5656	-32.25	34.75	292
2715	-27.75	48.25	1807
2715	-27.75	48.75	1807
2715	-27.25	48.75	1807
2715	-26.75	48.25	1807
2715	-26.75	47.75	1807
2715	-27.25	47.75	1807
2715	-27.75	48.25	1807
3301	-45.25	29.75	2035
3301	-45.25	30.25	2035
3301	-43.75	30.25	2035
3301	-43.25	29.75	2035
3301	-43.25	29.25	2035
3301	-43.75	28.75	2035
3301	-45.25	28.75	2035
3301	-45.25	29.75	2035
9871	-31.25	43.75	865
9871	-31.25	44.25	865
9871	-30.75	44.75	865
9871	-30.25	44.75	865
9871	-29.75	44.25	865
9871	-29.25	44.25	865
9871	-29.25	46.25	865
9871	-28.75	46.75	865
9871	-27.25	46.75	865
9871	-27.25	45.75	865
9871	-26.75	45.25	865
9871	-26.75	44.75	865
9871	-27.25	44.75	865
9871	-28.25	45.75	865
9871	-28.75	45.75	865
9871	-28.75	45.25	865
9871	-27.25	43.75	865
9871	-27.25	43.25	865
9871	-27.75	42.75	865
9871	-29.25	42.75	865
9871	-30.25	43.75	865
9871	-31.25	43.75	865
9165	-43.75	30.25	70
9165	-43.75	30.75	70
9165	-41.25	30.75	70
9165	-41.25	30.25	70
9165	-42.25	29.25	70
9165	-42.25	28.25	70
9165	-43.25	28.25	70
9165	-43.25	27.75	70
9165	-42.75	27.25	70
9165	-42.25	27.25	70
9165	-41.25	28.25	70
9165	-39.75	28.25	70
9165	-39.75	27.75	70
9165	-40.75	26.75	70
9165	-40.75	25.75	70
9165	-41.25	25.25	70
9165	-41.25	24.75	70
9165	-40.25	23.75	70
9165	-40.25	23.25	70
9165	-41.75	21.75	70
9165	-41.75	21.25	70
9165	-41.25	21.25	70
9165	-40.75	21.75	70
9165	-39.25	21.75	70
9165	-39.25	21.25	70
9165	-39.75	20.75	70
9165	-39.75	19.75	70
9165	-40.25	19.25	70
9165	-40.25	18.75	70
9165	-39.75	18.25	70
9165	-39.75	17.75	70
9165	-40.75	16.75	70
9165	-41.25	16.75	70
9165	-41.75	17.25	70
9165	-42.25	17.25	70
9165	-42.25	16.25	70
9165	-42.75	15.75	70
9165	-43.25	15.75	70
9165	-43.75	16.25	70
9165	-44.25	16.25	70
9165	-44.75	15.75	70
9165	-45.25	15.75	70
9165	-45.25	18.25	70
9165	-44.25	18.25	70
9165	-44.25	18.75	70
9165	-44.75	19.25	70
9165	-44.75	19.75	70
9165	-43.75	20.75	70
9165	-43.75	21.25	70
9165	-44.25	21.25	70
9165	-44.75	20.75	70
9165	-45.25	20.75	70
9165	-45.25	27.25	70
9165	-44.75	27.25	70
9165	-44.25	26.75	70
9165	-43.75	26.75	70
9165	-43.75	27.25	70
9165	-44.75	28.25	70
9165	-44.75	28.75	70
9165	-43.75	28.75	70
9165	-43.25	29.25	70
9165	-43.25	29.75	70
9165	-43.75	30.25	70
9176	-40.25	26.25	70
9176	-40.25	24.75	70
9176	-39.25	23.75	70
9176	-38.25	23.75	70
9176	-37.75	23.25	70
9176	-37.75	22.75	70
9176	-38.25	22.25	70
9176	-38.25	21.25	70
9176	-38.75	20.75	70
9176	-38.75	19.75	70
9176	-39.25	19.25	70
9176	-39.25	18.75	70
9176	-38.25	17.75	70
9176	-38.25	17.25	70
9176	-39.25	17.25	70
9176	-39.75	16.75	70
9176	-39.75	14.75	70
9176	-40.75	13.75	70
9176	-41.75	13.75	70
9176	-42.75	12.75	70
9176	-42.75	12.25	70
9176	-41.75	12.25	70
9176	-41.75	10.75	70
9176	-42.25	10.25	70
9176	-43.25	10.25	70
9176	-43.75	9.75	70
9176	-43.75	9.25	70
9176	-42.75	9.25	70
9176	-42.25	8.75	70
9176	-42.25	7.75	70
9176	-41.75	7.25	70
9176	-41.75	6.25	70
9176	-41.25	5.75	70
9176	-40.75	5.75	70
9176	-40.75	6.75	70
9176	-40.25	7.25	70
9176	-38.75	7.25	70
9176	-38.75	5.75	70
9176	-39.25	5.75	70
9176	-39.75	6.25	70
9176	-40.25	6.25	70
9176	-40.25	4.75	70
9176	-39.75	4.25	70
9176	-38.75	4.25	70
9176	-38.75	2.75	70
9176	-40.25	2.75	70
9176	-40.75	3.25	70
9176	-40.75	4.25	70
9176	-41.25	4.75	70
9176	-41.75	4.75	70
9176	-42.25	4.25	70
9176	-42.25	3.75	70
9176	-41.75	3.25	70
9176	-41.75	2.25	70
9176	-40.75	2.25	70
9176	-39.75	1.25	70
9176	-39.25	1.25	70
9176	-38.75	1.75	70
9176	-37.75	1.75	70
9176	-37.75	2.25	70
9176	-38.25	2.75	70
9176	-38.25	3.25	70
9176	-37.75	3.25	70
9176	-36.75	2.25	70
9176	-35.25	2.25	70
9176	-34.25	3.25	70
9176	-34.25	4.25	70
9176	-33.75	4.25	70
9176	-33.75	3.25	70
9176	-32.25	3.25	70
9176	-32.25	4.25	70
9176	-31.25	4.25	70
9176	-31.25	4.75	70
9176	-31.75	5.25	70
9176	-31.75	5.75	70
9176	-31.25	6.25	70
9176	-30.25	6.25	70
9176	-29.75	6.75	70
9176	-29.75	7.25	70
9176	-30.25	7.75	70
9176	-30.25	8.25	70
9176	-29.75	8.25	70
9176	-28.75	7.25	70
9176	-28.25	7.25	70
9176	-27.75	7.75	70
9176	-27.75	8.75	70
9176	-27.25	9.25	70
9176	-27.25	10.75	70
9176	-27.75	11.25	70
9176	-27.75	12.25	70
9176	-28.75	13.25	70
9176	-28.75	14.75	70
9176	-27.75	14.75	70
9176	-26.75	15.75	70
9176	-26.75	16.75	70
9176	-25.75	17.75	70
9176	-25.25	17.75	70
9176	-24.75	17.25	70
9176	-23.75	17.25	70
9176	-23.25	16.75	70
9176	-21.25	16.75	70
9176	-21.25	15.75	70
9176	-20.75	15.75	70
9176	-20.25	16.25	70
9176	-19.25	16.25	70
9176	-18.75	16.75	70
9176	-18.25	16.75	70
9176	-18.25	16.25	70
9176	-18.75	15.75	70
9176	-18.75	13.75	70
9176	-19.25	13.25	70
9176	-19.75	13.25	70
9176	-19.75	14.25	70
9176	-21.25	14.25	70
9176	-21.75	13.75	70
9176	-22.25	13.75	70
9176	-22.25	14.25	70
9176	-21.75	14.75	70
9176	-21.75	15.25	70
9176	-22.25	15.75	70
9176	-23.75	15.75	70
9176	-23.75	14.75	70
9176	-24.75	13.75	70
9176	-24.75	12.25	70
9176	-24.25	12.25	70
9176	-23.25	13.25	70
9176	-22.75	13.25	70
9176	-22.75	10.25	70
9176	-21.75	9.25	70
9176	-20.75	9.25	70
9176	-20.75	8.25	70
9176	-20.25	8.25	70
9176	-18.75	9.75	70
9176	-17.75	9.75	70
9176	-16.75	10.75	70
9176	-16.75	11.75	70
9176	-16.25	12.25	70
9176	-15.25	12.25	70
9176	-15.25	13.75	70
9176	-15.75	14.25	70
9176	-15.75	14.75	70
9176	-15.25	15.25	70
9176	-15.25	15.75	70
9176	-15.75	16.25	70
9176	-15.75	19.25	70
9176	-16.25	19.25	70
9176	-16.25	18.25	70
9176	-16.75	18.25	70
9176	-16.75	19.25	70
9176	-17.25	19.75	70
9176	-17.25	20.25	70
9176	-16.25	20.25	70
9176	-16.25	20.75	70
9176	-16.75	21.25	70
9176	-17.25	21.25	70
9176	-17.75	20.75	70
9176	-17.75	19.75	70
9176	-18.75	18.75	70
9176	-19.25	18.75	70
9176	-19.25	19.75	70
9176	-20.25	19.75	70
9176	-20.25	20.25	70
9176	-19.75	20.75	70
9176	-18.75	20.75	70
9176	-18.25	21.25	70
9176	-18.25	21.75	70
9176	-18.75	22.25	70
9176	-19.75	22.25	70
9176	-20.25	22.75	70
9176	-20.25	23.25	70
9176	-19.75	23.75	70
9176	-19.75	24.25	70
9176	-20.25	24.25	70
9176	-21.25	23.25	70
9176	-21.25	22.25	70
9176	-22.25	22.25	70
9176	-22.75	21.75	70
9176	-22.75	21.25	70
9176	-22.25	20.75	70
9176	-22.25	19.75	70
9176	-21.75	19.25	70
9176	-21.75	18.75	70
9176	-22.25	18.75	70
9176	-22.75	19.25	70
9176	-23.25	19.25	70
9176	-23.75	18.75	70
9176	-24.25	18.75	70
9176	-24.25	19.25	70
9176	-23.25	20.25	70
9176	-23.25	20.75	70
9176	-23.75	21.25	70
9176	-25.75	21.25	70
9176	-26.25	21.75	70
9176	-27.25	21.75	70
9176	-28.25	22.75	70
9176	-28.75	22.75	70
9176	-28.75	22.25	70
9176	-28.25	21.75	70
9176	-28.25	21.25	70
9176	-29.25	21.25	70
9176	-29.25	20.25	70
9176	-29.75	20.25	70
9176	-30.25	20.75	70
9176	-30.25	21.75	70
9176	-30.75	22.25	70
9176	-30.75	23.75	70
9176	-30.25	24.25	70
9176	-30.25	24.75	70
9176	-30.75	25.25	70
9176	-31.25	25.25	70
9176	-32.25	24.25	70
9176	-32.75	24.25	70
9176	-32.75	24.75	70
9176	-31.75	25.75	70
9176	-31.75	26.25	70
9176	-32.25	26.75	70
9176	-32.75	26.75	70
9176	-34.25	25.25	70
9176	-35.75	25.25	70
9176	-35.75	26.25	70
9176	-36.25	26.75	70
9176	-36.75	26.75	70
9176	-37.25	26.25	70
9176	-37.75	26.25	70
9176	-37.75	26.75	70
9176	-37.25	27.25	70
9176	-37.25	27.75	70
9176	-37.75	28.25	70
9176	-38.25	28.25	70
9176	-38.25	27.25	70
9176	-39.25	27.25	70
9176	-40.25	26.25	70
9180	-36.75	23.25	70
9180	-36.75	23.75	70
9180	-34.25	23.75	70
9180	-33.75	23.25	70
9180	-33.75	21.75	70
9180	-34.25	21.25	70
9180	-34.75	21.25	70
9180	-34.75	22.25	70
9180	-35.75	22.25	70
9180	-36.75	23.25	70
9181	-38.25	20.25	70
9181	-38.25	19.75	70
9181	-37.25	18.75	70
9181	-36.25	18.75	70
9181	-36.25	17.75	70
9181	-35.75	17.75	70
9181	-35.25	18.25	70
9181	-35.25	18.75	70
9181	-36.25	19.75	70
9181	-37.25	19.75	70
9181	-37.75	20.25	70
9181	-38.25	20.25	70
9182	-39.75	13.25	70
9182	-39.75	13.75	70
9182	-38.75	14.75	70
9182	-38.25	14.75	70
9182	-37.75	14.25	70
9182	-37.75	12.75	70
9182	-39.25	12.75	70
9182	-39.75	13.25	70
9183	-35.25	16.75	70
9183	-35.25	17.25	70
9183	-34.75	17.25	70
9183	-34.75	16.75	70
9183	-35.25	16.75	70
9184	-34.25	17.75	70
9184	-34.25	18.25	70
9184	-33.75	18.25	70
9184	-33.75	17.75	70
9184	-34.25	17.75	70
9185	-35.75	15.25	70
9185	-35.75	15.75	70
9185	-33.25	15.75	70
9185	-33.25	15.25	70
9185	-33.75	14.75	70
9185	-33.75	14.25	70
9185	-33.25	13.75	70
9185	-33.25	12.75	70
9185	-31.25	12.75	70
9185	-29.75	11.25	70
9185	-29.75	10.75	70
9185	-30.25	10.75	70
9185	-31.25	11.75	70
9185	-32.75	11.75	70
9185	-32.75	10.75	70
9185	-34.25	10.75	70
9185	-34.25	11.75	70
9185	-34.75	11.75	70
9185	-35.25	11.25	70
9185	-35.75	11.25	70
9185	-36.25	11.75	70
9185	-36.25	12.25	70
9185	-35.25	12.25	70
9185	-35.25	12.75	70
9185	-35.75	13.25	70
9185	-35.75	15.25	70
9186	-32.75	17.25	70
9186	-32.75	17.75	70
9186	-32.25	17.75	70
9186	-31.75	17.25	70
9186	-31.25	17.25	70
9186	-31.25	17.75	70
9186	-31.75	18.25	70
9186	-31.75	18.75	70
9186	-29.25	18.75	70
9186	-29.25	18.25	70
9186	-29.75	17.75	70
9186	-29.75	16.25	70
9186	-29.25	15.75	70
9186	-29.25	15.25	70
9186	-30.25	15.25	70
9186	-31.25	14.25	70
9186	-31.75	14.25	70
9186	-31.75	14.75	70
9186	-30.75	15.75	70
9186	-30.75	16.25	70
9186	-31.75	16.25	70
9186	-32.75	17.25	70
9166	-40.25	8.75	70
9166	-40.25	9.25	70
9166	-39.75	9.25	70
9166	-39.75	8.75	70
9166	-40.25	8.75	70
9167	-30.75	17.75	70
9167	-30.75	17.25	70
9167	-30.25	17.25	70
9167	-30.25	17.75	70
9167	-30.75	17.75	70
9168	-28.25	19.75	70
9168	-28.25	20.25	70
9168	-27.75	20.25	70
9168	-26.75	19.25	70
9168	-26.75	18.75	70
9168	-27.25	18.25	70
9168	-27.25	17.25	70
9168	-27.75	16.75	70
9168	-29.25	16.75	70
9168	-29.25	17.25	70
9168	-27.75	18.75	70
9168	-27.75	19.25	70
9168	-28.25	19.75	70
9169	-20.75	21.25	70
9169	-20.75	21.75	70
9169	-20.25	21.75	70
9169	-20.25	21.25	70
9169	-20.75	21.25	70
9170	-35.75	3.25	70
9170	-35.75	3.75	70
9170	-35.25	3.75	70
9170	-35.25	3.25	70
9170	-35.75	3.25	70
9171	-32.25	6.75	70
9171	-32.25	7.25	70
9171	-31.75	7.25	70
9171	-31.75	6.75	70
9171	-32.25	6.75	70
9172	-31.25	7.75	70
9172	-31.25	8.25	70
9172	-30.75	8.25	70
9172	-30.75	7.75	70
9172	-31.25	7.75	70
9173	-20.75	18.25	70
9173	-20.75	18.75	70
9173	-20.25	18.75	70
9173	-20.25	18.25	70
9173	-20.75	18.25	70
9174	-38.25	-0.25	70
9174	-38.25	0.25	70
9174	-37.25	1.25	70
9174	-34.75	1.25	70
9174	-34.75	0.25	70
9174	-33.75	0.25	70
9174	-33.25	-0.25	70
9174	-33.25	-0.75	70
9174	-35.75	-0.75	70
9174	-36.25	-0.25	70
9174	-36.75	-0.25	70
9174	-37.25	-0.75	70
9174	-37.75	-0.75	70
9174	-38.25	-0.25	70
9175	-28.25	9.75	70
9175	-28.25	10.25	70
9175	-27.75	10.25	70
9175	-27.75	9.75	70
9175	-28.25	9.75	70
9177	-27.25	6.75	70
9177	-27.25	7.25	70
9177	-26.75	7.25	70
9177	-26.75	6.75	70
9177	-27.25	6.75	70
9178	-29.25	0.75	70
9178	-29.25	1.25	70
9178	-28.75	1.75	70
9178	-27.75	1.75	70
9178	-27.25	2.25	70
9178	-26.75	2.25	70
9178	-25.75	1.25	70
9178	-25.75	0.75	70
9178	-26.75	0.75	70
9178	-26.75	-0.25	70
9178	-27.25	-0.75	70
9178	-28.75	-0.75	70
9178	-28.75	-0.25	70
9178	-28.25	0.25	70
9178	-28.25	0.75	70
9178	-29.25	0.75	70
9179	-18.75	11.25	70
9179	-18.75	11.75	70
9179	-18.25	11.75	70
9179	-18.25	11.25	70
9179	-18.75	11.25	70
6231	-35.25	38.75	3244
6231	-35.25	39.25	3244
6231	-34.75	39.25	3244
6231	-34.25	38.75	3244
6231	-34.25	37.75	3244
6231	-32.75	36.25	3244
6231	-32.75	35.75	3244
6231	-33.25	35.75	3244
6231	-35.25	37.75	3244
6231	-35.25	38.75	3244
6039	-45.25	27.75	3124
6039	-45.25	28.25	3124
6039	-44.75	28.25	3124
6039	-44.75	27.75	3124
6039	-45.25	27.75	3124
6040	-44.25	26.75	3124
6040	-44.25	27.25	3124
6040	-43.75	27.25	3124
6040	-43.75	26.75	3124
6040	-44.25	26.75	3124
7470	-25.75	47.25	406
7470	-25.75	47.75	406
7470	-24.75	48.75	406
7470	-24.25	48.75	406
7470	-23.75	48.25	406
7470	-23.25	48.25	406
7470	-22.75	48.75	406
7470	-22.25	48.75	406
7470	-21.75	48.25	406
7470	-21.75	47.25	406
7470	-21.25	46.75	406
7470	-21.25	46.25	406
7470	-21.75	45.75	406
7470	-22.25	45.75	406
7470	-22.75	46.25	406
7470	-23.75	46.25	406
7470	-23.75	47.25	406
7470	-24.25	47.75	406
7470	-24.75	47.75	406
7470	-25.25	47.25	406
7470	-25.75	47.25	406
1693	-31.75	40.25	1420
1693	-31.75	40.75	1420
1693	-30.25	40.75	1420
1693	-30.25	39.75	1420
1693	-29.25	38.75	1420
1693	-29.25	38.25	1420
1693	-29.75	38.25	1420
1693	-30.75	39.25	1420
1693	-31.75	39.25	1420
1693	-31.75	40.25	1420
1703	-23.75	48.25	1428
1703	-23.75	48.75	1428
1703	-23.25	48.75	1428
1703	-23.25	48.25	1428
1703	-23.75	48.25	1428
2534	-37.75	33.25	1747
2534	-37.75	33.75	1747
2534	-37.25	34.25	1747
2534	-36.75	34.25	1747
2534	-35.25	32.75	1747
2534	-35.25	32.25	1747
2534	-36.75	32.25	1747
2534	-37.75	33.25	1747
6200	-27.75	42.25	322
6200	-27.75	42.75	322
6200	-27.25	43.25	322
6200	-25.75	43.25	322
6200	-25.25	42.75	322
6200	-24.25	42.75	322
6200	-24.25	41.75	322
6200	-22.25	41.75	322
6200	-22.25	41.25	322
6200	-22.75	40.75	322
6200	-24.25	40.75	322
6200	-25.25	41.75	322
6200	-27.25	41.75	322
6200	-27.75	42.25	322
9356	-24.75	45.25	735
9356	-24.75	45.75	735
9356	-23.25	45.75	735
9356	-22.75	45.25	735
9356	-22.75	44.75	735
9356	-23.25	44.25	735
9356	-23.25	43.75	735
9356	-22.25	43.75	735
9356	-22.25	43.25	735
9356	-22.75	42.75	735
9356	-23.25	42.75	735
9356	-24.25	43.75	735
9356	-24.25	44.75	735
9356	-24.75	45.25	735
2306	-21.75	48.25	165
2306	-21.75	48.75	165
2306	-20.25	48.75	165
2306	-20.25	47.25	165
2306	-20.75	46.75	165
2306	-21.25	46.75	165
2306	-21.75	47.25	165
2306	-21.75	48.25	165
2307	-19.75	48.75	165
2307	-19.75	48.25	165
2307	-19.25	48.25	165
2307	-19.25	48.75	165
2307	-19.75	48.75	165
2308	-18.25	47.75	165
2308	-18.25	48.25	165
2308	-17.75	48.25	165
2308	-17.75	47.75	165
2308	-18.25	47.75	165
2309	-16.75	47.25	165
2309	-16.75	47.75	165
2309	-16.25	48.25	165
2309	-15.25	48.25	165
2309	-14.75	48.75	165
2309	-13.25	48.75	165
2309	-13.25	48.25	165
2309	-14.75	46.75	165
2309	-15.25	46.75	165
2309	-15.75	47.25	165
2309	-16.75	47.25	165
2310	-14.25	45.75	165
2310	-14.25	46.25	165
2310	-13.75	46.25	165
2310	-13.75	45.75	165
2310	-14.25	45.75	165
2311	-12.25	47.75	165
2311	-12.25	48.25	165
2311	-11.75	48.25	165
2311	-11.25	47.75	165
2311	-11.25	45.75	165
2311	-10.75	45.25	165
2311	-10.75	44.75	165
2311	-11.75	44.75	165
2311	-12.25	44.25	165
2311	-12.25	43.75	165
2311	-11.25	43.75	165
2311	-11.25	43.25	165
2311	-11.75	42.75	165
2311	-11.75	41.75	165
2311	-12.25	41.25	165
2311	-12.75	41.25	165
2311	-13.25	41.75	165
2311	-13.25	42.25	165
2311	-12.75	42.75	165
2311	-12.75	43.25	165
2311	-13.25	43.75	165
2311	-13.25	45.25	165
2311	-12.25	45.25	165
2311	-12.25	45.75	165
2311	-12.75	46.25	165
2311	-12.75	46.75	165
2311	-12.25	47.25	165
2311	-12.25	47.75	165
9567	-31.75	36.25	79
9567	-31.75	36.75	79
9567	-31.25	37.25	79
9567	-29.75	37.25	79
9567	-29.75	36.75	79
9567	-30.25	36.25	79
9567	-30.25	35.75	79
9567	-29.75	35.25	79
9567	-29.75	34.75	79
9567	-30.25	34.75	79
9567	-31.75	36.25	79
9570	-32.25	32.75	79
9570	-32.25	33.25	79
9570	-31.25	34.25	79
9570	-30.75	34.25	79
9570	-30.75	32.25	79
9570	-30.25	32.25	79
9570	-29.75	32.75	79
9570	-29.75	33.75	79
9570	-29.25	33.75	79
9570	-28.75	33.25	79
9570	-27.75	33.25	79
9570	-27.75	32.75	79
9570	-28.25	32.25	79
9570	-28.25	31.75	79
9570	-26.75	31.75	79
9570	-26.75	32.75	79
9570	-26.25	32.75	79
9570	-25.75	32.25	79
9570	-25.75	31.75	79
9570	-26.25	31.25	79
9570	-26.25	30.75	79
9570	-25.75	30.75	79
9570	-24.75	31.75	79
9570	-24.25	31.75	79
9570	-24.25	29.25	79
9570	-25.25	28.25	79
9570	-25.25	27.75	79
9570	-24.75	27.25	79
9570	-24.25	27.25	79
9570	-24.25	28.25	79
9570	-21.75	30.75	79
9570	-21.75	32.25	79
9570	-23.25	33.75	79
9570	-23.25	34.25	79
9570	-22.75	34.75	79
9570	-22.25	34.75	79
9570	-21.75	34.25	79
9570	-20.75	34.25	79
9570	-20.75	33.75	79
9570	-21.25	33.25	79
9570	-21.25	32.75	79
9570	-20.25	32.75	79
9570	-20.25	31.75	79
9570	-19.75	31.75	79
9570	-19.25	32.25	79
9570	-19.25	33.25	79
9570	-18.25	34.25	79
9570	-14.75	34.25	79
9570	-14.25	33.75	79
9570	-14.25	33.25	79
9570	-15.25	33.25	79
9570	-15.75	32.75	79
9570	-15.75	31.75	79
9570	-17.25	31.75	79
9570	-17.25	32.75	79
9570	-17.75	32.75	79
9570	-17.75	31.25	79
9570	-17.25	30.75	79
9570	-16.25	30.75	79
9570	-15.75	30.25	79
9570	-15.25	30.25	79
9570	-15.25	31.25	79
9570	-14.25	31.25	79
9570	-13.25	32.25	79
9570	-12.75	32.25	79
9570	-12.25	31.75	79
9570	-12.25	30.75	79
9570	-11.75	30.75	79
9570	-11.25	31.25	79
9570	-10.75	31.25	79
9570	-10.75	30.75	79
9570	-11.25	30.25	79
9570	-11.25	29.75	79
9570	-10.75	29.25	79
9570	-10.25	29.25	79
9570	-9.75	29.75	79
9570	-9.25	29.75	79
9570	-8.75	29.25	79
9570	-7.75	29.25	79
9570	-7.75	27.75	79
9570	-8.25	27.25	79
9570	-8.25	26.25	79
9570	-10.25	24.25	79
9570	-10.75	24.25	79
9570	-12.25	25.75	79
9570	-12.75	25.75	79
9570	-14.25	24.25	79
9570	-16.25	24.25	79
9570	-16.75	23.75	79
9570	-16.75	23.25	79
9570	-15.75	23.25	79
9570	-15.75	22.75	79
9570	-16.75	21.75	79
9570	-17.25	21.75	79
9570	-17.75	22.25	79
9570	-19.75	22.25	79
9570	-20.25	22.75	79
9570	-20.25	23.25	79
9570	-19.75	23.75	79
9570	-19.75	24.25	79
9570	-20.25	24.25	79
9570	-21.25	23.25	79
9570	-21.75	23.25	79
9570	-21.75	24.25	79
9570	-22.25	24.25	79
9570	-22.75	23.75	79
9570	-23.25	23.75	79
9570	-24.25	24.75	79
9570	-24.25	25.75	79
9570	-24.75	25.75	79
9570	-24.75	23.75	79
9570	-25.25	23.75	79
9570	-25.25	24.75	79
9570	-25.75	24.75	79
9570	-25.75	23.75	79
9570	-26.25	23.75	79
9570	-26.25	24.75	79
9570	-27.75	26.25	79
9570	-28.25	26.25	79
9570	-29.25	25.25	79
9570	-29.25	24.75	79
9570	-28.75	24.25	79
9570	-28.75	23.75	79
9570	-30.25	23.75	79
9570	-30.25	25.25	79
9570	-29.25	26.25	79
9570	-29.25	27.25	79
9570	-28.25	28.25	79
9570	-28.25	28.75	79
9570	-29.25	29.75	79
9570	-30.25	29.75	79
9570	-30.25	30.25	79
9570	-29.75	30.75	79
9570	-29.75	31.25	79
9570	-30.25	31.25	79
9570	-30.75	30.75	79
9570	-32.25	30.75	79
9570	-32.75	31.25	79
9570	-32.75	31.75	79
9570	-31.75	31.75	79
9570	-31.75	32.25	79
9570	-32.25	32.75	79
9571	-27.75	30.25	79
9571	-27.75	30.75	79
9571	-27.25	30.75	79
9571	-25.75	29.25	79
9571	-25.75	28.75	79
9571	-26.25	28.25	79
9571	-26.75	28.25	79
9571	-26.75	29.25	79
9571	-27.75	30.25	79
9572	-23.75	31.75	79
9572	-23.75	31.25	79
9572	-23.25	30.75	79
9572	-22.75	30.75	79
9572	-22.75	32.25	79
9572	-23.25	32.25	79
9572	-23.75	31.75	79
9573	-21.25	25.75	79
9573	-21.25	26.25	79
9573	-20.25	26.25	79
9573	-19.25	27.25	79
9573	-18.75	27.25	79
9573	-18.75	26.25	79
9573	-18.25	26.25	79
9573	-17.75	26.75	79
9573	-17.25	26.75	79
9573	-17.25	25.75	79
9573	-16.75	25.25	79
9573	-16.75	24.75	79
9573	-18.25	24.75	79
9573	-19.25	25.75	79
9573	-19.75	25.75	79
9573	-20.25	25.25	79
9573	-20.75	25.25	79
9573	-21.25	25.75	79
9574	-10.25	31.75	79
9574	-10.25	32.25	79
9574	-9.75	32.25	79
9574	-9.75	31.75	79
9574	-10.25	31.75	79
9575	-11.75	27.25	79
9575	-11.75	27.75	79
9575	-11.25	27.75	79
9575	-11.25	27.25	79
9575	-11.75	27.25	79
9576	-12.75	24.25	79
9576	-12.75	24.75	79
9576	-12.25	24.75	79
9576	-11.75	24.25	79
9576	-11.75	23.75	79
9576	-12.25	23.75	79
9576	-12.75	24.25	79
9577	-10.75	26.25	79
9577	-10.75	26.75	79
9577	-10.25	26.75	79
9577	-10.25	26.25	79
9577	-10.75	26.25	79
9568	-9.75	27.25	79
9568	-9.75	27.75	79
9568	-9.25	27.75	79
9568	-9.25	27.25	79
9568	-9.75	27.25	79
9569	-7.75	25.25	79
9569	-7.75	25.75	79
9569	-7.25	25.75	79
9569	-7.25	25.25	79
9569	-7.75	25.25	79
6673	-20.25	47.75	3476
6673	-20.25	48.25	3476
6673	-19.75	48.25	3476
6673	-19.25	47.75	3476
6673	-19.25	47.25	3476
6673	-19.75	46.75	3476
6673	-20.25	46.75	3476
6673	-20.25	47.75	3476
8026	-41.25	24.75	489
8026	-41.25	25.25	489
8026	-40.75	25.75	489
8026	-40.25	25.75	489
8026	-40.25	24.75	489
8026	-39.25	23.75	489
8026	-38.25	23.75	489
8026	-37.75	23.25	489
8026	-37.75	22.75	489
8026	-38.25	22.25	489
8026	-38.25	21.25	489
8026	-38.75	20.75	489
8026	-38.75	19.75	489
8026	-39.25	19.25	489
8026	-39.25	18.75	489
8026	-38.25	17.75	489
8026	-38.25	17.25	489
8026	-39.75	17.25	489
8026	-39.75	18.25	489
8026	-40.25	18.75	489
8026	-40.25	19.25	489
8026	-39.75	19.75	489
8026	-39.75	20.75	489
8026	-39.25	21.25	489
8026	-39.25	22.75	489
8026	-41.25	24.75	489
2025	-37.75	28.25	1530
2025	-37.75	28.75	1530
2025	-37.25	29.25	1530
2025	-36.75	29.25	1530
2025	-36.25	28.75	1530
2025	-35.25	28.75	1530
2025	-35.25	27.75	1530
2025	-34.75	27.25	1530
2025	-33.75	27.25	1530
2025	-33.75	26.75	1530
2025	-35.25	25.25	1530
2025	-35.75	25.25	1530
2025	-35.75	26.25	1530
2025	-36.25	26.75	1530
2025	-36.75	26.75	1530
2025	-37.25	26.25	1530
2025	-37.75	26.25	1530
2025	-37.75	26.75	1530
2025	-37.25	27.25	1530
2025	-37.25	27.75	1530
2025	-37.75	28.25	1530
5235	-17.75	47.25	2718
5235	-17.75	47.75	2718
5235	-16.75	48.75	2718
5235	-16.25	48.75	2718
5235	-16.25	48.25	2718
5235	-16.75	47.75	2718
5235	-16.75	46.75	2718
5235	-17.25	46.75	2718
5235	-17.75	47.25	2718
5236	-15.75	48.75	2718
5236	-15.75	48.25	2718
5236	-15.25	48.25	2718
5236	-15.25	48.75	2718
5236	-15.75	48.75	2718
3308	-24.75	39.25	2039
3308	-24.75	39.75	2039
3308	-24.25	40.25	2039
3308	-23.75	40.25	2039
3308	-23.75	39.25	2039
3308	-22.75	38.25	2039
3308	-22.75	37.75	2039
3308	-23.25	37.75	2039
3308	-24.75	39.25	2039
10297	-44.75	18.25	976
10297	-44.75	18.75	976
10297	-44.25	18.75	976
10297	-44.25	18.25	976
10297	-44.75	18.25	976
1729	-41.75	21.25	1438
1729	-41.75	21.75	1438
1729	-40.25	23.25	1438
1729	-39.75	23.25	1438
1729	-39.25	22.75	1438
1729	-39.25	22.25	1438
1729	-40.25	22.25	1438
1729	-41.25	21.25	1438
1729	-41.75	21.25	1438
3574	-32.75	30.25	2143
3574	-32.75	30.75	2143
3574	-31.25	30.75	2143
3574	-30.75	30.25	2143
3574	-30.75	28.75	2143
3574	-31.25	28.25	2143
3574	-31.25	27.25	2143
3574	-31.75	27.25	2143
3574	-32.25	27.75	2143
3574	-32.25	28.25	2143
3574	-31.75	28.75	2143
3574	-31.75	29.25	2143
3574	-32.75	30.25	2143
9289	-21.25	41.75	722
9289	-21.25	42.25	722
9289	-20.75	42.25	722
9289	-20.75	41.75	722
9289	-21.25	41.75	722
9290	-20.25	40.75	722
9290	-20.25	41.25	722
9290	-19.75	41.75	722
9290	-18.25	41.75	722
9290	-17.25	40.75	722
9290	-16.75	40.75	722
9290	-16.75	41.75	722
9290	-16.25	42.25	722
9290	-15.75	42.25	722
9290	-15.75	41.25	722
9290	-14.25	39.75	722
9290	-14.25	39.25	722
9290	-14.75	39.25	722
9290	-15.25	39.75	722
9290	-15.75	39.75	722
9290	-16.25	39.25	722
9290	-16.25	36.75	722
9290	-15.75	36.75	722
9290	-15.25	37.25	722
9290	-14.75	37.25	722
9290	-13.25	35.75	722
9290	-13.25	35.25	722
9290	-13.75	34.75	722
9290	-13.75	34.25	722
9290	-12.75	34.25	722
9290	-12.75	32.75	722
9290	-14.25	31.25	722
9290	-15.25	31.25	722
9290	-15.25	30.25	722
9290	-15.75	30.25	722
9290	-16.25	30.75	722
9290	-17.25	30.75	722
9290	-17.75	31.25	722
9290	-17.75	31.75	722
9290	-15.75	31.75	722
9290	-15.75	32.75	722
9290	-15.25	33.25	722
9290	-14.75	33.25	722
9290	-14.25	32.75	722
9290	-13.75	32.75	722
9290	-13.75	33.25	722
9290	-14.75	34.25	722
9290	-14.75	34.75	722
9290	-14.25	35.25	722
9290	-14.25	35.75	722
9290	-15.75	35.75	722
9290	-15.75	35.25	722
9290	-15.25	34.75	722
9290	-15.25	34.25	722
9290	-18.25	34.25	722
9290	-19.25	33.25	722
9290	-19.25	32.25	722
9290	-19.75	31.75	722
9290	-20.25	31.75	722
9290	-20.25	32.75	722
9290	-21.25	32.75	722
9290	-21.25	33.25	722
9290	-20.75	33.75	722
9290	-19.75	33.75	722
9290	-19.75	34.75	722
9290	-19.25	35.25	722
9290	-18.25	35.25	722
9290	-18.25	36.25	722
9290	-17.25	36.25	722
9290	-17.25	36.75	722
9290	-17.75	37.25	722
9290	-17.75	40.25	722
9290	-18.25	40.75	722
9290	-20.25	40.75	722
9291	-17.25	39.25	722
9291	-17.25	38.75	722
9291	-16.75	38.75	722
9291	-16.75	39.25	722
9291	-17.25	39.25	722
9292	-11.75	35.25	722
9292	-11.75	35.75	722
9292	-11.25	36.25	722
9292	-10.75	36.25	722
9292	-10.25	35.75	722
9292	-10.25	35.25	722
9292	-11.25	34.25	722
9292	-11.75	34.25	722
9292	-11.75	35.25	722
9293	-12.25	31.75	722
9293	-12.25	32.25	722
9293	-11.25	33.25	722
9293	-10.75	33.25	722
9293	-10.75	31.75	722
9293	-11.25	31.25	722
9293	-11.75	31.25	722
9293	-12.25	31.75	722
9294	-10.25	33.75	722
9294	-10.25	34.25	722
9294	-9.75	34.25	722
9294	-9.75	33.75	722
9294	-10.25	33.75	722
7061	-18.25	44.75	359
7061	-18.25	45.25	359
7061	-16.75	45.25	359
7061	-15.75	44.25	359
7061	-15.75	43.25	359
7061	-15.25	43.25	359
7061	-15.25	45.25	359
7061	-14.75	45.25	359
7061	-14.75	44.25	359
7061	-14.25	44.25	359
7061	-14.25	45.25	359
7061	-13.75	45.25	359
7061	-13.75	44.25	359
7061	-12.75	43.25	359
7061	-12.75	42.75	359
7061	-13.25	42.25	359
7061	-13.25	41.75	359
7061	-12.25	40.75	359
7061	-11.75	40.75	359
7061	-11.25	41.25	359
7061	-10.75	41.25	359
7061	-10.75	40.75	359
7061	-11.25	40.25	359
7061	-11.25	39.25	359
7061	-12.25	39.25	359
7061	-12.75	38.75	359
7061	-13.25	38.75	359
7061	-15.75	41.25	359
7061	-15.75	42.25	359
7061	-16.25	42.75	359
7061	-16.25	43.75	359
7061	-16.75	43.75	359
7061	-16.75	42.75	359
7061	-17.25	42.25	359
7061	-17.25	41.75	359
7061	-16.75	41.25	359
7061	-16.75	40.75	359
7061	-17.25	40.75	359
7061	-18.25	41.75	359
7061	-18.25	42.25	359
7061	-17.75	42.75	359
7061	-17.75	43.25	359
7061	-18.25	43.75	359
7061	-18.25	44.75	359
7062	-16.25	46.75	359
7062	-16.25	47.25	359
7062	-15.75	47.25	359
7062	-15.25	46.75	359
7062	-15.25	46.25	359
7062	-15.75	46.25	359
7062	-16.25	46.75	359
7063	-19.25	41.75	359
7063	-19.25	42.25	359
7063	-18.75	42.25	359
7063	-18.75	41.75	359
7063	-19.25	41.75	359
7064	-13.25	45.75	359
7064	-13.25	46.25	359
7064	-12.75	46.25	359
7064	-12.75	45.75	359
7064	-13.25	45.75	359
7065	-14.25	40.75	359
7065	-14.25	41.25	359
7065	-13.75	41.25	359
7065	-13.75	40.75	359
7065	-14.25	40.75	359
593	-22.25	39.75	1139
593	-22.25	40.25	1139
593	-20.75	40.25	1139
593	-20.75	39.25	1139
593	-19.75	38.25	1139
593	-19.75	37.75	1139
593	-20.75	37.75	1139
593	-20.75	36.75	1139
593	-22.25	36.75	1139
593	-22.25	37.25	1139
593	-21.25	38.25	1139
593	-21.25	38.75	1139
593	-22.25	39.75	1139
582	-33.75	27.25	1133
582	-33.75	27.75	1133
582	-32.25	27.75	1133
582	-31.75	27.25	1133
582	-31.25	27.25	1133
582	-31.25	28.25	1133
582	-30.75	28.75	1133
582	-30.75	29.75	1133
582	-29.25	29.75	1133
582	-28.25	28.75	1133
582	-28.25	28.25	1133
582	-29.25	27.25	1133
582	-29.25	26.25	1133
582	-30.25	25.25	1133
582	-31.25	25.25	1133
582	-32.25	24.25	1133
582	-32.75	24.25	1133
582	-32.75	24.75	1133
582	-31.75	25.75	1133
582	-31.75	26.25	1133
582	-32.25	26.75	1133
582	-32.75	26.75	1133
582	-34.25	25.25	1133
582	-34.75	25.25	1133
582	-34.75	25.75	1133
582	-33.75	26.75	1133
582	-33.75	27.25	1133
6216	-30.75	30.25	3230
6216	-30.75	30.75	3230
6216	-30.25	31.25	3230
6216	-29.75	31.25	3230
6216	-29.75	30.75	3230
6216	-30.25	30.25	3230
6216	-30.75	30.25	3230
6057	-14.75	46.25	3135
6057	-14.75	46.75	3135
6057	-14.25	46.75	3135
6057	-14.25	46.25	3135
6057	-14.75	46.25	3135
6058	-13.75	47.25	3135
6058	-13.75	47.75	3135
6058	-13.25	47.75	3135
6058	-12.75	47.25	3135
6058	-12.75	46.75	3135
6058	-13.25	46.75	3135
6058	-13.75	47.25	3135
6059	-11.75	48.25	3135
6059	-11.75	48.75	3135
6059	-10.25	48.75	3135
6059	-10.25	48.25	3135
6059	-10.75	47.75	3135
6059	-11.25	47.75	3135
6059	-11.75	48.25	3135
982	-45.25	14.75	1245
982	-45.25	15.25	1245
982	-44.75	15.75	1245
982	-43.25	15.75	1245
982	-42.75	15.25	1245
982	-42.75	14.75	1245
982	-43.25	14.25	1245
982	-43.75	14.25	1245
982	-44.25	14.75	1245
982	-44.75	14.75	1245
982	-44.75	12.75	1245
982	-45.25	12.75	1245
982	-45.25	14.75	1245
5660	-36.75	23.25	2923
5660	-36.75	23.75	2923
5660	-35.25	23.75	2923
5660	-35.25	23.25	2923
5660	-35.75	22.75	2923
5660	-36.25	22.75	2923
5660	-36.75	23.25	2923
4732	-20.75	39.25	255
4732	-20.75	39.75	255
4732	-18.75	39.75	255
4732	-18.75	40.75	255
4732	-18.25	40.75	255
4732	-17.75	40.25	255
4732	-17.75	37.25	255
4732	-17.25	36.75	255
4732	-17.25	36.25	255
4732	-18.75	36.25	255
4732	-19.75	37.25	255
4732	-19.75	38.25	255
4732	-20.75	39.25	255
4733	-20.25	35.75	255
4733	-20.25	36.25	255
4733	-19.75	36.25	255
4733	-19.25	35.75	255
4733	-19.25	35.25	255
4733	-19.75	34.75	255
4733	-20.25	34.75	255
4733	-20.25	35.75	255
6751	-42.25	16.75	3509
6751	-42.25	17.25	3509
6751	-41.75	17.25	3509
6751	-41.25	16.75	3509
6751	-41.25	16.25	3509
6751	-41.75	16.25	3509
6751	-42.25	16.75	3509
1661	-25.75	33.25	1411
1661	-25.75	33.75	1411
1661	-24.75	34.75	1411
1661	-23.75	34.75	1411
1661	-23.25	35.25	1411
1661	-22.75	35.25	1411
1661	-22.75	34.75	1411
1661	-23.25	34.25	1411
1661	-23.25	33.75	1411
1661	-21.75	32.25	1411
1661	-21.75	30.75	1411
1661	-22.25	30.25	1411
1661	-22.75	30.25	1411
1661	-22.75	32.25	1411
1661	-23.25	32.25	1411
1661	-23.75	31.75	1411
1661	-25.25	31.75	1411
1661	-25.75	32.25	1411
1661	-25.75	33.25	1411
1662	-26.25	30.75	1411
1662	-26.25	31.25	1411
1662	-25.75	31.25	1411
1662	-25.75	30.75	1411
1662	-26.25	30.75	1411
8840	-42.75	15.25	629
8840	-42.75	15.75	629
8840	-42.25	16.25	629
8840	-41.25	16.25	629
8840	-40.25	17.25	629
8840	-39.75	17.25	629
8840	-39.75	14.75	629
8840	-40.75	13.75	629
8840	-41.25	13.75	629
8840	-42.75	15.25	629
4435	-35.75	22.25	2421
4435	-35.75	22.75	2421
4435	-34.75	23.75	2421
4435	-34.25	23.75	2421
4435	-33.75	23.25	2421
4435	-33.75	21.75	2421
4435	-34.25	21.25	2421
4435	-34.75	21.25	2421
4435	-34.75	21.75	2421
4435	-34.25	22.25	2421
4435	-34.25	22.75	2421
4435	-34.75	22.75	2421
4435	-35.25	22.25	2421
4435	-35.75	22.25	2421
5495	-27.75	30.25	2836
5495	-27.75	30.75	2836
5495	-27.25	30.75	2836
5495	-26.25	29.75	2836
5495	-26.25	29.25	2836
5495	-26.75	29.25	2836
5495	-27.75	30.25	2836
6922	-11.25	46.75	353
6922	-11.25	47.25	353
6922	-9.75	47.25	353
6922	-9.75	43.75	353
6922	-10.25	43.25	353
6922	-10.25	42.75	353
6922	-9.75	42.25	353
6922	-9.75	41.25	353
6922	-9.25	41.25	353
6922	-8.75	41.75	353
6922	-8.25	41.75	353
6922	-7.75	41.25	353
6922	-7.25	41.25	353
6922	-7.25	41.75	353
6922	-8.25	42.75	353
6922	-8.25	44.25	353
6922	-6.75	44.25	353
6922	-6.25	43.75	353
6922	-6.25	43.25	353
6922	-6.75	42.75	353
6922	-6.75	42.25	353
6922	-6.25	41.75	353
6922	-6.25	41.25	353
6922	-7.75	39.75	353
6922	-8.25	39.75	353
6922	-8.75	40.25	353
6922	-9.25	40.25	353
6922	-10.75	38.75	353
6922	-11.25	38.75	353
6922	-11.25	39.25	353
6922	-10.25	40.25	353
6922	-10.25	40.75	353
6922	-11.25	41.75	353
6922	-11.25	43.75	353
6922	-12.25	43.75	353
6922	-12.25	44.25	353
6922	-11.75	44.75	353
6922	-10.75	44.75	353
6922	-10.75	45.25	353
6922	-11.25	45.75	353
6922	-11.25	46.75	353
6933	-16.25	38.75	353
6933	-16.25	39.25	353
6933	-15.75	39.75	353
6933	-15.25	39.75	353
6933	-14.75	39.25	353
6933	-13.75	39.25	353
6933	-12.75	38.25	353
6933	-12.75	36.25	353
6933	-12.25	35.75	353
6933	-12.25	35.25	353
6933	-12.75	34.75	353
6933	-13.25	34.75	353
6933	-13.25	35.75	353
6933	-14.25	36.75	353
6933	-14.25	37.75	353
6933	-14.75	37.75	353
6933	-15.75	36.75	353
6933	-16.25	36.75	353
6933	-16.25	38.75	353
6944	-7.25	47.75	353
6944	-7.25	48.25	353
6944	-6.75	48.25	353
6944	-6.75	47.75	353
6944	-7.25	47.75	353
6955	-12.25	40.75	353
6955	-12.25	41.25	353
6955	-11.75	41.25	353
6955	-11.75	40.75	353
6955	-12.25	40.75	353
6966	-6.75	45.25	353
6966	-6.75	45.75	353
6966	-6.25	45.75	353
6966	-6.25	45.25	353
6966	-6.75	45.25	353
6967	-5.75	46.25	353
6967	-5.75	46.75	353
6967	-5.25	46.75	353
6967	-5.25	46.25	353
6967	-5.75	46.25	353
6968	-3.25	47.75	353
6968	-3.25	48.25	353
6968	-2.25	48.25	353
6968	-1.75	48.75	353
6968	-1.25	48.75	353
6968	-1.25	47.25	353
6968	-2.75	47.25	353
6968	-3.25	47.75	353
6969	-12.25	38.25	353
6969	-12.25	37.75	353
6969	-11.75	37.75	353
6969	-11.75	38.25	353
6969	-12.25	38.25	353
6970	-5.75	44.25	353
6970	-5.75	44.75	353
6970	-5.25	45.25	353
6970	-4.75	45.25	353
6970	-4.75	44.75	353
6970	-5.25	44.25	353
6970	-5.75	44.25	353
6923	-3.75	46.25	353
6923	-3.75	46.75	353
6923	-3.25	46.75	353
6923	-3.25	46.25	353
6923	-3.75	46.25	353
6924	-11.75	36.25	353
6924	-11.75	36.75	353
6924	-11.25	36.75	353
6924	-11.25	36.25	353
6924	-11.75	36.25	353
6925	-4.75	43.25	353
6925	-4.75	43.75	353
6925	-3.75	44.75	353
6925	-3.25	44.75	353
6925	-2.75	44.25	353
6925	-2.25	44.25	353
6925	-0.75	45.75	353
6925	-0.25	45.75	353
6925	-0.25	44.75	353
6925	0.25	44.25	353
6925	0.25	43.75	353
6925	-0.25	43.75	353
6925	-0.75	44.25	353
6925	-1.25	44.25	353
6925	-1.25	43.75	353
6925	-0.75	43.25	353
6925	-0.75	41.75	353
6925	-1.25	41.75	353
6925	-1.25	42.75	353
6925	-1.75	43.25	353
6925	-2.75	43.25	353
6925	-3.25	43.75	353
6925	-3.75	43.75	353
6925	-4.25	43.25	353
6925	-4.75	43.25	353
6926	-2.25	45.75	353
6926	-2.25	46.25	353
6926	-1.75	46.25	353
6926	-1.75	45.75	353
6926	-2.25	45.75	353
6927	-0.25	47.75	353
6927	-0.25	48.25	353
6927	0.25	48.25	353
6927	0.25	46.75	353
6927	-0.25	46.75	353
6927	-0.25	47.75	353
6928	-10.25	36.75	353
6928	-10.25	37.25	353
6928	-9.75	37.75	353
6928	-9.25	37.75	353
6928	-9.25	37.25	353
6928	-9.75	36.75	353
6928	-10.25	36.75	353
6929	-5.75	41.75	353
6929	-5.75	41.25	353
6929	-5.25	40.75	353
6929	-5.25	40.25	353
6929	-5.75	39.75	353
6929	-5.75	39.25	353
6929	-4.75	39.25	353
6929	-4.75	38.25	353
6929	-4.25	38.25	353
6929	-4.25	39.75	353
6929	-4.75	40.25	353
6929	-4.75	41.25	353
6929	-5.25	41.75	353
6929	-5.75	41.75	353
6930	-12.25	33.75	353
6930	-12.25	34.25	353
6930	-11.75	34.25	353
6930	-11.75	33.75	353
6930	-12.25	33.75	353
6931	-7.75	38.25	353
6931	-7.75	38.75	353
6931	-7.25	39.25	353
6931	-6.75	39.25	353
6931	-6.25	38.75	353
6931	-6.25	37.25	353
6931	-6.75	37.25	353
6931	-6.75	38.25	353
6931	-7.75	38.25	353
6932	-3.75	42.25	353
6932	-3.75	42.75	353
6932	-3.25	42.75	353
6932	-3.25	41.75	353
6932	-2.25	41.75	353
6932	-2.25	40.25	353
6932	-2.75	40.25	353
6932	-3.75	41.25	353
6932	-3.75	42.25	353
6934	0.75	47.25	353
6934	0.75	46.75	353
6934	1.25	46.25	353
6934	1.25	44.25	353
6934	2.25	44.25	353
6934	2.25	43.75	353
6934	1.75	43.25	353
6934	1.75	42.75	353
6934	2.25	42.75	353
6934	2.75	43.25	353
6934	2.75	44.25	353
6934	3.25	44.75	353
6934	3.25	45.25	353
6934	1.25	47.25	353
6934	0.75	47.25	353
6935	-12.75	32.25	353
6935	-12.75	32.75	353
6935	-12.25	32.75	353
6935	-12.25	32.25	353
6935	-12.75	32.25	353
6936	-11.25	34.25	353
6936	-11.25	33.75	353
6936	-10.75	33.25	353
6936	-10.25	33.25	353
6936	-10.25	33.75	353
6936	-10.75	34.25	353
6936	-11.25	34.25	353
6937	-10.25	34.75	353
6937	-10.25	35.25	353
6937	-9.25	36.25	353
6937	-8.75	36.25	353
6937	-7.75	35.25	353
6937	-6.75	35.25	353
6937	-5.75	34.25	353
6937	-5.75	33.75	353
6937	-6.75	33.75	353
6937	-6.75	32.75	353
6937	-7.25	32.75	353
6937	-7.75	33.25	353
6937	-7.75	34.25	353
6937	-8.25	34.25	353
6937	-8.25	33.25	353
6937	-9.75	33.25	353
6937	-9.75	33.75	353
6937	-9.25	34.25	353
6937	-9.25	34.75	353
6937	-10.25	34.75	353
6938	-8.25	36.75	353
6938	-8.25	37.25	353
6938	-7.75	37.25	353
6938	-7.25	36.75	353
6938	-7.25	36.25	353
6938	-7.75	36.25	353
6938	-8.25	36.75	353
6939	3.75	47.75	353
6939	3.75	48.25	353
6939	4.25	48.25	353
6939	4.25	47.75	353
6939	3.75	47.75	353
6940	-5.75	37.75	353
6940	-5.75	37.25	353
6940	-5.25	37.25	353
6940	-5.25	37.75	353
6940	-5.75	37.75	353
6941	-1.75	40.75	353
6941	-1.75	40.25	353
6941	-1.25	39.75	353
6941	-1.25	38.75	353
6941	-0.75	38.25	353
6941	-0.25	38.25	353
6941	-0.25	38.75	353
6941	-0.75	39.25	353
6941	-0.75	39.75	353
6941	0.25	40.75	353
6941	0.25	41.25	353
6941	-0.25	41.25	353
6941	-0.75	40.75	353
6941	-1.75	40.75	353
6942	0.25	42.25	353
6942	0.25	42.75	353
6942	0.75	42.75	353
6942	0.75	42.25	353
6942	0.25	42.25	353
6943	4.75	46.75	353
6943	4.75	47.25	353
6943	5.25	47.25	353
6943	5.25	46.75	353
6943	4.75	46.75	353
6945	-4.75	36.25	353
6945	-4.75	36.75	353
6945	-4.25	37.25	353
6945	-3.75	37.25	353
6945	-3.75	36.75	353
6945	-4.25	36.25	353
6945	-4.75	36.25	353
6946	-8.25	31.75	353
6946	-8.25	32.25	353
6946	-7.75	32.25	353
6946	-7.75	31.75	353
6946	-8.25	31.75	353
6947	-2.25	37.75	353
6947	-2.25	38.25	353
6947	-1.75	38.25	353
6947	-1.25	37.75	353
6947	-1.25	37.25	353
6947	-1.75	37.25	353
6947	-2.25	37.75	353
6948	0.75	41.25	353
6948	0.75	40.75	353
6948	1.25	40.75	353
6948	1.25	41.25	353
6948	0.75	41.25	353
6949	3.25	43.75	353
6949	3.25	43.25	353
6949	3.75	43.25	353
6949	3.75	43.75	353
6949	3.25	43.75	353
6950	4.75	44.75	353
6950	4.75	45.25	353
6950	5.25	45.25	353
6950	5.25	44.75	353
6950	4.75	44.75	353
6951	-3.75	35.25	353
6951	-3.75	35.75	353
6951	-3.25	35.75	353
6951	-3.25	35.25	353
6951	-3.75	35.25	353
6952	-6.25	31.75	353
6952	-6.25	32.25	353
6952	-5.75	32.25	353
6952	-5.75	31.75	353
6952	-6.25	31.75	353
6953	-4.75	33.25	353
6953	-4.75	33.75	353
6953	-3.25	33.75	353
6953	-3.25	32.75	353
6953	-2.25	32.75	353
6953	-2.25	32.25	353
6953	-3.25	31.25	353
6953	-3.75	31.25	353
6953	-3.75	32.25	353
6953	-4.75	32.25	353
6953	-4.75	33.25	353
6954	0.25	38.75	353
6954	0.25	38.25	353
6954	1.75	38.25	353
6954	2.25	38.75	353
6954	2.25	39.25	353
6954	1.75	39.75	353
6954	1.25	39.75	353
6954	0.25	38.75	353
6956	4.25	42.25	353
6956	4.25	42.75	353
6956	4.75	43.25	353
6956	5.25	43.25	353
6956	5.25	42.75	353
6956	4.75	42.25	353
6956	4.25	42.25	353
6957	-2.25	33.75	353
6957	-2.25	34.25	353
6957	-1.75	34.75	353
6957	-1.25	34.75	353
6957	-1.25	33.25	353
6957	-1.75	33.25	353
6957	-2.25	33.75	353
6958	3.25	39.25	353
6958	3.25	39.75	353
6958	3.75	39.75	353
6958	3.75	39.25	353
6958	3.25	39.25	353
6959	4.75	40.75	353
6959	4.75	41.25	353
6959	5.25	41.25	353
6959	5.25	40.75	353
6959	4.75	40.75	353
6960	1.25	36.25	353
6960	1.25	36.75	353
6960	1.75	36.75	353
6960	3.25	35.25	353
6960	3.25	34.75	353
6960	2.25	34.75	353
6960	0.75	33.25	353
6960	0.75	32.75	353
6960	1.25	32.75	353
6960	1.75	33.25	353
6960	2.25	33.25	353
6960	2.75	32.75	353
6960	2.75	32.25	353
6960	2.25	31.75	353
6960	1.25	31.75	353
6960	0.75	31.25	353
6960	0.25	31.25	353
6960	-0.25	31.75	353
6960	-0.25	32.75	353
6960	-0.75	33.25	353
6960	-0.75	33.75	353
6960	-0.25	34.25	353
6960	0.75	34.25	353
6960	1.75	35.25	353
6960	1.75	35.75	353
6960	1.25	36.25	353
6961	4.25	39.75	353
6961	4.25	38.75	353
6961	3.75	38.25	353
6961	3.75	37.25	353
6961	2.75	37.25	353
6961	2.75	36.75	353
6961	4.75	34.75	353
6961	5.25	34.75	353
6961	5.25	39.25	353
6961	4.75	39.75	353
6961	4.25	39.75	353
6962	-1.75	30.25	353
6962	-1.75	30.75	353
6962	-1.25	30.75	353
6962	-0.75	30.25	353
6962	-0.75	29.75	353
6962	-1.25	29.75	353
6962	-1.75	30.25	353
6963	3.75	33.75	353
6963	3.75	34.25	353
6963	4.25	34.25	353
6963	4.25	33.75	353
6963	3.75	33.75	353
9554	-10.75	47.25	783
9554	-10.75	47.75	783
9554	-9.75	48.75	783
9554	-8.25	48.75	783
9554	-6.75	47.25	783
9554	-6.75	45.75	783
9554	-7.75	45.75	783
9554	-9.25	44.25	783
9554	-9.75	44.25	783
9554	-9.75	47.25	783
9554	-10.75	47.25	783
9555	-6.75	48.25	783
9555	-6.75	48.75	783
9555	-5.25	48.75	783
9555	-4.25	47.75	783
9555	-4.25	47.25	783
9555	-4.75	47.25	783
9555	-5.25	47.75	783
9555	-6.25	47.75	783
9555	-6.75	48.25	783
9556	-5.75	45.25	783
9556	-5.75	45.75	783
9556	-5.25	45.75	783
9556	-5.25	45.25	783
9556	-5.75	45.25	783
4043	-36.75	19.25	2265
4043	-36.75	19.75	2265
4043	-36.25	19.75	2265
4043	-35.25	18.75	2265
4043	-35.25	18.25	2265
4043	-35.75	17.75	2265
4043	-36.25	17.75	2265
4043	-36.25	18.75	2265
4043	-36.75	19.25	2265
6647	-26.75	28.25	3468
6647	-26.75	28.75	3468
6647	-26.25	29.25	3468
6647	-25.75	29.25	3468
6647	-25.75	28.75	3468
6647	-26.25	28.25	3468
6647	-26.75	28.25	3468
1005	-30.75	23.25	1254
1005	-30.75	23.75	1254
1005	-28.75	23.75	1254
1005	-28.25	24.25	1254
1005	-28.25	24.75	1254
1005	-29.25	24.75	1254
1005	-29.25	25.25	1254
1005	-28.25	26.25	1254
1005	-27.75	26.25	1254
1005	-26.25	24.75	1254
1005	-26.25	23.75	1254
1005	-25.25	23.75	1254
1005	-25.25	22.75	1254
1005	-24.75	22.75	1254
1005	-24.25	23.25	1254
1005	-24.25	23.75	1254
1005	-24.75	24.25	1254
1005	-24.75	24.75	1254
1005	-24.25	24.75	1254
1005	-23.25	23.75	1254
1005	-22.75	23.75	1254
1005	-22.25	24.25	1254
1005	-21.75	24.25	1254
1005	-21.75	23.25	1254
1005	-21.25	22.75	1254
1005	-21.25	22.25	1254
1005	-22.25	22.25	1254
1005	-22.75	21.75	1254
1005	-22.75	21.25	1254
1005	-22.25	20.75	1254
1005	-22.25	20.25	1254
1005	-23.75	18.75	1254
1005	-24.25	18.75	1254
1005	-24.25	19.25	1254
1005	-23.25	20.25	1254
1005	-23.25	20.75	1254
1005	-23.75	21.25	1254
1005	-25.75	21.25	1254
1005	-26.25	21.75	1254
1005	-27.25	21.75	1254
1005	-28.25	22.75	1254
1005	-28.75	22.75	1254
1005	-28.75	22.25	1254
1005	-28.25	21.75	1254
1005	-28.25	21.25	1254
1005	-29.25	21.25	1254
1005	-29.25	20.25	1254
1005	-29.75	20.25	1254
1005	-30.25	20.75	1254
1005	-30.25	21.75	1254
1005	-30.75	22.25	1254
1005	-30.75	23.25	1254
1006	-22.25	18.75	1254
1006	-22.25	19.25	1254
1006	-21.75	19.25	1254
1006	-21.75	18.75	1254
1006	-22.25	18.75	1254
4730	-24.25	29.75	2549
4730	-24.25	30.25	2549
4730	-23.75	30.75	2549
4730	-23.25	30.75	2549
4730	-23.25	29.25	2549
4730	-23.75	29.25	2549
4730	-24.25	29.75	2549
4731	-25.25	27.75	2549
4731	-25.25	28.25	2549
4731	-24.75	28.75	2549
4731	-24.25	28.75	2549
4731	-24.25	27.25	2549
4731	-24.75	27.25	2549
4731	-25.25	27.75	2549
1387	-45.25	7.75	1315
1387	-45.25	8.25	1315
1387	-44.75	8.75	1315
1387	-44.25	8.75	1315
1387	-42.75	7.25	1315
1387	-42.75	6.25	1315
1387	-41.75	5.25	1315
1387	-41.75	4.75	1315
1387	-42.25	4.25	1315
1387	-42.75	4.25	1315
1387	-42.75	5.25	1315
1387	-43.75	6.25	1315
1387	-43.75	7.25	1315
1387	-44.25	7.75	1315
1387	-45.25	7.75	1315
1388	-45.25	2.75	1315
1388	-45.25	3.25	1315
1388	-44.25	3.25	1315
1388	-43.75	3.75	1315
1388	-43.25	3.75	1315
1388	-43.25	2.25	1315
1388	-44.25	2.25	1315
1388	-44.75	1.75	1315
1388	-45.25	1.75	1315
1388	-45.25	2.75	1315
3071	-39.75	13.25	1951
3071	-39.75	13.75	1951
3071	-38.75	14.75	1951
3071	-38.25	14.75	1951
3071	-37.75	14.25	1951
3071	-37.75	12.75	1951
3071	-39.25	12.75	1951
3071	-39.75	13.25	1951
3045	-10.25	42.75	1944
3045	-10.25	43.25	1944
3045	-7.75	45.75	1944
3045	-7.25	45.75	1944
3045	-6.75	45.25	1944
3045	-5.75	45.25	1944
3045	-5.75	44.75	1944
3045	-6.25	44.25	1944
3045	-8.25	44.25	1944
3045	-8.25	42.75	1944
3045	-7.25	41.75	1944
3045	-7.25	41.25	1944
3045	-7.75	41.25	1944
3045	-8.25	41.75	1944
3045	-8.75	41.75	1944
3045	-9.25	41.25	1944
3045	-9.75	41.25	1944
3045	-9.75	41.75	1944
3045	-8.75	42.75	1944
3045	-8.75	43.25	1944
3045	-9.25	43.25	1944
3045	-9.75	42.75	1944
3045	-10.25	42.75	1944
3046	-5.75	47.25	1944
3046	-5.75	47.75	1944
3046	-5.25	47.75	1944
3046	-4.75	47.25	1944
3046	-4.25	47.25	1944
3046	-3.75	47.75	1944
3046	-3.25	47.75	1944
3046	-3.25	47.25	1944
3046	-4.25	46.25	1944
3046	-4.75	46.25	1944
3046	-5.75	47.25	1944
3047	-5.75	43.25	1944
3047	-5.75	43.75	1944
3047	-5.25	43.75	1944
3047	-5.25	43.25	1944
3047	-5.75	43.25	1944
3048	-3.75	45.25	1944
3048	-3.75	45.75	1944
3048	-3.25	46.25	1944
3048	-2.75	46.25	1944
3048	-2.25	45.75	1944
3048	-2.25	44.25	1944
3048	-2.75	44.25	1944
3048	-3.75	45.25	1944
3049	-2.25	46.75	1944
3049	-2.25	47.25	1944
3049	-1.75	47.25	1944
3049	-1.75	46.75	1944
3049	-2.25	46.75	1944
8136	-3.75	48.25	52
8136	-3.75	48.75	52
8136	-3.25	48.75	52
8136	-3.25	48.25	52
8136	-3.75	48.25	52
8147	-2.75	48.75	52
8147	-2.75	48.25	52
8147	-2.25	48.25	52
8147	-2.25	48.75	52
8147	-2.75	48.75	52
8158	-5.25	41.75	52
8158	-5.25	42.25	52
8158	-4.75	42.25	52
8158	-4.25	41.75	52
8158	-4.25	41.25	52
8158	-4.75	41.25	52
8158	-5.25	41.75	52
8165	2.25	46.25	52
8165	2.25	46.75	52
8165	2.75	47.25	52
8165	3.25	47.25	52
8165	3.25	46.75	52
8165	2.75	46.25	52
8165	2.25	46.25	52
8166	-3.75	38.25	52
8166	-3.75	38.75	52
8166	-3.25	38.75	52
8166	-3.25	38.25	52
8166	-3.75	38.25	52
8167	0.75	42.75	52
8167	0.75	43.25	52
8167	1.25	43.25	52
8167	1.25	42.75	52
8167	0.75	42.75	52
8168	1.75	43.75	52
8168	1.75	44.25	52
8168	2.25	44.25	52
8168	2.25	43.75	52
8168	1.75	43.75	52
8169	-3.25	36.75	52
8169	-3.25	37.25	52
8169	-2.75	37.25	52
8169	-2.75	36.75	52
8169	-3.25	36.75	52
8170	1.75	41.75	52
8170	1.75	42.25	52
8170	2.25	42.25	52
8170	2.25	41.75	52
8170	1.75	41.75	52
8137	2.75	42.75	52
8137	2.75	43.25	52
8137	3.25	43.25	52
8137	4.75	41.75	52
8137	4.75	40.75	52
8137	5.25	40.25	52
8137	5.25	39.75	52
8137	4.75	39.75	52
8137	4.25	40.25	52
8137	4.25	41.25	52
8137	3.75	41.25	52
8137	3.75	40.25	52
8137	3.25	40.25	52
8137	3.25	41.25	52
8137	2.75	41.75	52
8137	2.75	42.75	52
8138	-2.25	37.25	52
8138	-2.25	35.75	52
8138	-1.25	34.75	52
8138	-1.25	33.75	52
8138	-0.75	33.75	52
8138	-0.25	34.25	52
8138	-0.25	34.75	52
8138	-1.25	35.75	52
8138	-1.25	36.25	52
8138	0.25	36.25	52
8138	0.25	35.25	52
8138	0.75	34.75	52
8138	1.25	34.75	52
8138	1.25	36.75	52
8138	1.75	37.25	52
8138	1.75	37.75	52
8138	1.25	38.25	52
8138	0.25	38.25	52
8138	0.25	39.25	52
8138	-0.25	39.25	52
8138	-0.25	37.25	52
8138	-0.75	37.25	52
8138	-0.75	38.25	52
8138	-1.25	38.25	52
8138	-1.25	37.25	52
8138	-2.25	37.25	52
8139	2.25	39.25	52
8139	2.25	39.75	52
8139	2.75	39.75	52
8139	2.75	38.75	52
8139	3.25	38.75	52
8139	3.75	39.25	52
8139	4.25	39.25	52
8139	4.25	38.75	52
8139	3.75	38.25	52
8139	3.75	37.25	52
8139	2.75	37.25	52
8139	2.75	36.75	52
8139	3.25	36.25	52
8139	3.25	35.75	52
8139	2.75	35.75	52
8139	2.25	36.25	52
8139	2.25	39.25	52
8140	3.25	34.25	52
8140	3.25	34.75	52
8140	3.75	35.25	52
8140	4.25	35.25	52
8140	4.25	34.75	52
8140	3.75	34.25	52
8140	3.25	34.25	52
9347	-45.25	5.75	734
9347	-45.25	6.25	734
9347	-43.75	6.25	734
9347	-42.75	5.25	734
9347	-42.75	4.75	734
9347	-43.25	4.25	734
9347	-44.25	4.25	734
9347	-44.75	3.75	734
9347	-45.25	3.75	734
9347	-45.25	5.75	734
9348	-44.75	1.25	734
9348	-44.75	1.75	734
9348	-44.25	2.25	734
9348	-43.25	2.25	734
9348	-42.25	3.25	734
9348	-41.75	3.25	734
9348	-41.75	1.75	734
9348	-42.25	1.25	734
9348	-42.25	0.75	734
9348	-40.25	0.75	734
9348	-40.25	0.25	734
9348	-41.25	-0.75	734
9348	-42.75	-0.75	734
9348	-43.25	-0.25	734
9348	-43.25	0.75	734
9348	-43.75	0.75	734
9348	-44.75	-0.25	734
9348	-45.25	-0.25	734
9348	-45.25	0.25	734
9348	-44.75	0.75	734
9348	-44.75	1.25	734
9349	-41.25	2.25	734
9349	-41.25	1.75	734
9349	-40.75	1.75	734
9349	-40.75	2.25	734
9349	-41.25	2.25	734
4852	-35.75	15.25	2603
4852	-35.75	15.75	2603
4852	-33.25	15.75	2603
4852	-33.25	15.25	2603
4852	-33.75	14.75	2603
4852	-33.75	14.25	2603
4852	-33.25	13.75	2603
4852	-33.25	12.75	2603
4852	-31.25	12.75	2603
4852	-29.75	11.25	2603
4852	-29.75	10.75	2603
4852	-30.25	10.75	2603
4852	-31.25	11.75	2603
4852	-32.75	11.75	2603
4852	-32.75	10.75	2603
4852	-34.25	10.75	2603
4852	-34.25	11.75	2603
4852	-34.75	11.75	2603
4852	-35.25	11.25	2603
4852	-35.75	11.25	2603
4852	-36.25	11.75	2603
4852	-36.25	12.25	2603
4852	-35.25	12.25	2603
4852	-35.25	12.75	2603
4852	-35.75	13.25	2603
4852	-35.75	15.25	2603
4853	-34.75	13.25	2603
4853	-34.75	13.75	2603
4853	-34.25	13.75	2603
4853	-34.25	13.25	2603
4853	-34.75	13.25	2603
3666	-12.75	38.25	2182
3666	-12.75	38.75	2182
3666	-12.25	39.25	2182
3666	-11.75	39.25	2182
3666	-11.25	38.75	2182
3666	-9.75	38.75	2182
3666	-9.75	39.75	2182
3666	-9.25	40.25	2182
3666	-8.75	40.25	2182
3666	-8.25	39.75	2182
3666	-8.25	39.25	2182
3666	-9.25	39.25	2182
3666	-9.25	38.75	2182
3666	-8.75	38.25	2182
3666	-8.75	37.75	2182
3666	-9.75	37.75	2182
3666	-10.25	37.25	2182
3666	-10.75	37.25	2182
3666	-11.75	38.25	2182
3666	-12.75	38.25	2182
3667	-7.25	39.75	2182
3667	-7.25	40.25	2182
3667	-6.75	40.25	2182
3667	-6.25	39.75	2182
3667	-6.25	39.25	2182
3667	-6.75	39.25	2182
3667	-7.25	39.75	2182
3668	-6.25	40.75	2182
3668	-6.25	41.25	2182
3668	-5.75	41.25	2182
3668	-5.75	40.75	2182
3668	-6.25	40.75	2182
3669	-7.25	35.75	2182
3669	-7.25	36.25	2182
3669	-6.75	36.25	2182
3669	-6.75	35.75	2182
3669	-7.25	35.75	2182
3670	-6.25	36.75	2182
3670	-6.25	37.25	2182
3670	-5.75	37.25	2182
3670	-5.75	36.75	2182
3670	-6.25	36.75	2182
3671	-6.25	34.75	2182
3671	-6.25	35.25	2182
3671	-5.75	35.75	2182
3671	-5.25	35.75	2182
3671	-5.25	34.25	2182
3671	-5.75	34.25	2182
3671	-6.25	34.75	2182
1600	-32.75	17.25	1398
1600	-32.75	17.75	1398
1600	-32.25	17.75	1398
1600	-31.75	17.25	1398
1600	-30.75	17.25	1398
1600	-29.25	15.75	1398
1600	-29.25	15.25	1398
1600	-30.25	15.25	1398
1600	-31.25	14.25	1398
1600	-31.75	14.25	1398
1600	-31.75	14.75	1398
1600	-30.75	15.75	1398
1600	-30.75	16.25	1398
1600	-31.75	16.25	1398
1600	-32.75	17.25	1398
3073	-31.75	18.25	1953
3073	-31.75	18.75	1953
3073	-29.25	18.75	1953
3073	-29.25	18.25	1953
3073	-29.75	17.75	1953
3073	-31.25	17.75	1953
3073	-31.75	18.25	1953
7236	-34.75	13.25	3669
7236	-34.75	13.75	3669
7236	-34.25	13.75	3669
7236	-34.25	13.25	3669
7236	-34.75	13.25	3669
6364	-1.25	46.75	3300
6364	-1.25	47.25	3300
6364	-0.75	47.25	3300
6364	-0.75	46.75	3300
6364	-1.25	46.75	3300
6365	-0.25	45.75	3300
6365	-0.25	46.25	3300
6365	1.25	46.25	3300
6365	1.25	43.75	3300
6365	0.75	43.75	3300
6365	-0.25	44.75	3300
6365	-0.25	45.75	3300
6074	-40.75	6.25	3145
6074	-40.75	6.75	3145
6074	-40.25	7.25	3145
6074	-38.75	7.25	3145
6074	-38.75	5.75	3145
6074	-39.25	5.75	3145
6074	-39.75	6.25	3145
6074	-40.75	6.25	3145
1543	-21.25	25.75	1371
1543	-21.25	26.25	1371
1543	-20.25	26.25	1371
1543	-19.25	27.25	1371
1543	-18.75	27.25	1371
1543	-18.75	26.25	1371
1543	-18.25	26.25	1371
1543	-17.75	26.75	1371
1543	-17.25	26.75	1371
1543	-17.25	25.75	1371
1543	-16.75	25.25	1371
1543	-16.75	24.75	1371
1543	-18.25	24.75	1371
1543	-19.25	25.75	1371
1543	-19.75	25.75	1371
1543	-20.25	25.25	1371
1543	-20.75	25.25	1371
1543	-21.25	25.75	1371
966	-45.25	0.75	124
966	-45.25	1.25	124
966	-44.75	1.25	124
966	-44.75	0.75	124
966	-45.25	0.75	124
967	-44.75	-0.75	124
967	-44.75	-0.25	124
967	-43.75	0.75	124
967	-43.25	0.75	124
967	-43.25	-0.75	124
967	-44.75	-0.75	124
1519	-29.25	16.75	1363
1519	-29.25	17.25	1363
1519	-28.75	17.75	1363
1519	-28.25	17.75	1363
1519	-27.75	17.25	1363
1519	-27.75	16.75	1363
1519	-29.25	16.75	1363
1520	-27.75	18.25	1363
1520	-27.75	18.75	1363
1520	-27.25	19.25	1363
1520	-26.75	19.25	1363
1520	-26.75	18.75	1363
1520	-27.25	18.25	1363
1520	-27.75	18.25	1363
2009	-28.75	14.25	1522
2009	-28.75	14.75	1522
2009	-27.25	14.75	1522
2009	-27.25	13.25	1522
2009	-27.75	13.25	1522
2009	-28.75	14.25	1522
2010	-26.75	16.25	1522
2010	-26.75	16.75	1522
2010	-25.75	17.75	1522
2010	-25.25	17.75	1522
2010	-24.25	16.75	1522
2010	-24.25	16.25	1522
2010	-24.75	15.75	1522
2010	-25.25	15.75	1522
2010	-25.25	16.75	1522
2010	-25.75	16.75	1522
2010	-26.25	16.25	1522
2010	-26.75	16.25	1522
2011	-26.75	14.75	1522
2011	-26.75	14.25	1522
2011	-26.25	14.25	1522
2011	-25.75	14.75	1522
2011	-25.75	15.25	1522
2011	-26.25	15.25	1522
2011	-26.75	14.75	1522
2012	-26.25	12.75	1522
2012	-26.25	13.25	1522
2012	-25.75	13.75	1522
2012	-25.25	13.75	1522
2012	-25.25	13.25	1522
2012	-25.75	12.75	1522
2012	-26.25	12.75	1522
5725	-3.75	39.25	2966
5725	-3.75	39.75	2966
5725	-3.25	39.75	2966
5725	-3.25	39.25	2966
5725	-3.75	39.25	2966
5726	-2.75	38.25	2966
5726	-2.75	38.75	2966
5726	-2.25	38.75	2966
5726	-2.25	38.25	2966
5726	-2.75	38.25	2966
5727	-1.75	39.25	2966
5727	-1.75	39.75	2966
5727	-1.25	39.75	2966
5727	-1.25	39.25	2966
5727	-1.75	39.25	2966
627	-28.75	13.25	115
627	-28.75	13.75	115
627	-28.25	13.75	115
627	-27.75	13.25	115
627	-26.75	13.25	115
627	-26.25	12.75	115
627	-25.75	12.75	115
627	-25.25	13.25	115
627	-25.25	15.25	115
627	-24.25	16.25	115
627	-24.25	17.25	115
627	-23.75	17.25	115
627	-23.25	16.75	115
627	-21.25	16.75	115
627	-21.25	16.25	115
627	-21.75	15.75	115
627	-23.75	15.75	115
627	-23.75	14.75	115
627	-24.75	13.75	115
627	-24.75	12.75	115
627	-25.25	12.25	115
627	-25.25	11.75	115
627	-24.75	11.75	115
627	-23.25	13.25	115
627	-22.75	13.25	115
627	-22.75	12.75	115
627	-23.75	11.75	115
627	-23.75	9.25	115
627	-23.25	9.25	115
627	-22.75	9.75	115
627	-22.25	9.75	115
627	-21.75	9.25	115
627	-20.75	9.25	115
627	-20.75	8.75	115
627	-21.75	7.75	115
627	-21.75	7.25	115
627	-19.75	5.25	115
627	-19.25	5.25	115
627	-18.75	5.75	115
627	-18.75	6.25	115
627	-19.75	6.25	115
627	-19.75	7.25	115
627	-20.75	7.25	115
627	-20.75	7.75	115
627	-18.75	9.75	115
627	-17.75	9.75	115
627	-16.75	10.75	115
627	-16.75	11.75	115
627	-16.25	12.25	115
627	-15.25	12.25	115
627	-15.25	14.25	115
627	-14.25	15.25	115
627	-14.25	15.75	115
627	-15.75	17.25	115
627	-15.75	17.75	115
627	-14.75	17.75	115
627	-14.75	19.25	115
627	-15.75	19.25	115
627	-15.75	19.75	115
627	-15.25	20.25	115
627	-14.75	20.25	115
627	-13.75	19.25	115
627	-13.75	18.75	115
627	-14.25	18.25	115
627	-14.25	16.75	115
627	-13.75	16.25	115
627	-13.75	15.25	115
627	-13.25	14.75	115
627	-11.25	14.75	115
627	-10.25	13.75	115
627	-9.75	13.75	115
627	-9.25	14.25	115
627	-9.25	14.75	115
627	-10.25	14.75	115
627	-10.75	15.25	115
627	-10.75	15.75	115
627	-9.75	15.75	115
627	-8.75	16.75	115
627	-8.75	17.75	115
627	-8.25	18.25	115
627	-8.25	20.25	115
627	-7.75	20.25	115
627	-7.25	19.75	115
627	-6.75	19.75	115
627	-6.75	20.25	115
627	-7.75	21.25	115
627	-8.75	21.25	115
627	-8.75	22.25	115
627	-9.25	22.75	115
627	-9.25	23.25	115
627	-8.75	23.75	115
627	-8.75	24.75	115
627	-8.25	25.25	115
627	-7.25	25.25	115
627	-7.25	27.25	115
627	-6.25	27.25	115
627	-5.75	27.75	115
627	-5.75	28.25	115
627	-6.25	28.75	115
627	-6.25	29.25	115
627	-5.75	29.25	115
627	-5.25	28.75	115
627	-4.25	28.75	115
627	-4.25	27.75	115
627	-3.75	27.25	115
627	-2.75	27.25	115
627	-2.75	26.75	115
627	-4.25	25.25	115
627	-4.25	24.75	115
627	-3.75	24.25	115
627	-3.75	23.75	115
627	-4.25	23.75	115
627	-4.75	24.25	115
627	-4.75	25.25	115
627	-5.25	25.25	115
627	-6.75	23.75	115
627	-7.75	23.75	115
627	-7.75	23.25	115
627	-7.25	22.75	115
627	-7.25	21.75	115
627	-6.75	21.25	115
627	-6.25	21.25	115
627	-6.25	22.25	115
627	-4.75	22.25	115
627	-4.25	21.75	115
627	-3.25	21.75	115
627	-3.25	20.25	115
627	-3.75	19.75	115
627	-3.75	19.25	115
627	-3.25	19.25	115
627	-2.75	19.75	115
627	-2.25	19.75	115
627	-2.25	18.25	115
627	-3.75	16.75	115
627	-3.75	15.25	115
627	-3.25	14.75	115
627	-3.25	14.25	115
627	-3.75	13.75	115
627	-3.75	12.75	115
627	-5.25	11.25	115
627	-5.25	10.75	115
627	-4.75	10.25	115
627	-4.25	10.25	115
627	-4.25	11.25	115
627	-3.75	11.75	115
627	-3.25	11.75	115
627	-2.75	11.25	115
627	-2.25	11.25	115
627	-2.25	11.75	115
627	-3.25	12.75	115
627	-3.25	13.25	115
627	-2.25	13.25	115
627	-1.75	13.75	115
627	-1.75	14.25	115
627	-2.75	14.25	115
627	-2.75	15.25	115
627	-3.25	15.75	115
627	-3.25	16.25	115
627	-1.25	18.25	115
627	1.75	18.25	115
627	1.75	19.25	115
627	2.25	19.75	115
627	2.75	19.75	115
627	2.75	18.75	115
627	3.75	18.75	115
627	3.75	18.25	115
627	3.25	17.75	115
627	3.25	17.25	115
627	3.75	16.75	115
627	4.25	16.75	115
627	4.75	17.25	115
627	4.75	18.25	115
627	5.25	18.25	115
627	5.25	15.75	115
627	4.25	14.75	115
627	2.25	14.75	115
627	2.25	14.25	115
627	3.25	13.25	115
627	3.25	12.75	115
627	2.75	12.25	115
627	1.25	12.25	115
627	1.25	13.25	115
627	0.75	13.25	115
627	-0.25	12.25	115
627	-0.25	11.75	115
627	0.25	11.25	115
627	2.25	11.25	115
627	2.25	10.25	115
627	2.75	10.25	115
627	2.75	11.25	115
627	3.25	11.75	115
627	3.75	11.75	115
627	3.75	10.75	115
627	4.75	10.75	115
627	4.75	9.75	115
627	5.25	9.25	115
627	5.25	8.75	115
627	4.75	8.25	115
627	4.75	7.75	115
627	5.25	7.25	115
627	5.25	4.75	115
627	3.25	2.75	115
627	2.75	2.75	115
627	2.75	3.75	115
627	1.75	3.75	115
627	1.25	4.25	115
627	0.75	4.25	115
627	0.75	3.75	115
627	1.75	2.75	115
627	1.75	1.25	115
627	1.25	0.75	115
627	0.75	0.75	115
627	0.75	2.75	115
627	0.25	3.25	115
627	-0.25	3.25	115
627	-0.25	1.25	115
627	-1.25	0.25	115
627	-2.25	0.25	115
627	-2.25	-0.75	115
627	-4.75	-0.75	115
627	-5.25	-0.25	115
627	-5.25	0.25	115
627	-4.25	0.25	115
627	-3.75	0.75	115
627	-3.75	1.25	115
627	-4.25	1.75	115
627	-4.25	2.25	115
627	-3.75	2.25	115
627	-3.25	1.75	115
627	-2.75	1.75	115
627	-2.25	2.25	115
627	-2.25	2.75	115
627	-3.25	2.75	115
627	-3.25	3.75	115
627	-3.75	4.25	115
627	-4.75	4.25	115
627	-5.25	4.75	115
627	-5.75	4.75	115
627	-5.75	4.25	115
627	-5.25	3.75	115
627	-5.25	2.25	115
627	-6.25	2.25	115
627	-6.75	1.75	115
627	-6.75	1.25	115
627	-6.25	0.75	115
627	-6.25	0.25	115
627	-6.75	0.25	115
627	-7.75	1.25	115
627	-7.75	1.75	115
627	-7.25	2.25	115
627	-7.25	2.75	115
627	-7.75	2.75	115
627	-8.25	2.25	115
627	-8.75	2.25	115
627	-9.25	2.75	115
627	-9.25	3.25	115
627	-8.75	3.75	115
627	-8.75	5.75	115
627	-8.25	6.25	115
627	-7.25	6.25	115
627	-7.25	8.25	115
627	-6.75	8.75	115
627	-6.75	10.25	115
627	-7.75	10.25	115
627	-8.75	11.25	115
627	-8.75	11.75	115
627	-7.75	11.75	115
627	-7.75	12.75	115
627	-6.25	12.75	115
627	-5.75	12.25	115
627	-5.25	12.25	115
627	-5.25	12.75	115
627	-5.75	13.25	115
627	-5.75	14.25	115
627	-6.25	14.75	115
627	-6.25	15.75	115
627	-7.75	15.75	115
627	-7.75	15.25	115
627	-7.25	14.75	115
627	-7.25	14.25	115
627	-8.75	12.75	115
627	-9.75	12.75	115
627	-9.75	11.75	115
627	-10.75	11.75	115
627	-11.25	11.25	115
627	-11.75	11.25	115
627	-11.75	13.25	115
627	-12.25	13.75	115
627	-12.75	13.75	115
627	-13.25	13.25	115
627	-14.25	13.25	115
627	-14.25	12.75	115
627	-13.75	12.25	115
627	-13.75	11.25	115
627	-13.25	11.25	115
627	-12.75	11.75	115
627	-12.25	11.75	115
627	-12.25	11.25	115
627	-13.25	10.25	115
627	-13.25	9.75	115
627	-12.25	9.75	115
627	-11.25	8.75	115
627	-10.75	8.75	115
627	-10.25	9.25	115
627	-10.25	9.75	115
627	-11.25	9.75	115
627	-11.25	10.25	115
627	-10.75	10.75	115
627	-10.25	10.75	115
627	-7.75	8.25	115
627	-7.75	7.75	115
627	-8.25	7.75	115
627	-8.75	8.25	115
627	-9.25	8.25	115
627	-9.25	7.25	115
627	-9.75	6.75	115
627	-9.75	5.75	115
627	-10.25	5.25	115
627	-12.75	5.25	115
627	-12.75	6.25	115
627	-13.25	6.75	115
627	-14.25	6.75	115
627	-15.75	8.25	115
627	-15.75	8.75	115
627	-15.25	9.25	115
627	-15.25	9.75	115
627	-15.75	10.25	115
627	-16.25	10.25	115
627	-18.25	8.25	115
627	-18.25	7.75	115
627	-17.75	7.75	115
627	-17.25	8.25	115
627	-16.75	8.25	115
627	-16.75	7.75	115
627	-17.25	7.25	115
627	-17.25	6.75	115
627	-15.75	5.25	115
627	-15.75	4.75	115
627	-16.75	3.75	115
627	-17.75	3.75	115
627	-17.75	2.75	115
627	-19.75	2.75	115
627	-19.75	1.75	115
627	-21.75	1.75	115
627	-21.75	0.75	115
627	-22.25	0.75	115
627	-22.75	1.25	115
627	-22.75	1.75	115
627	-21.75	2.75	115
627	-20.75	2.75	115
627	-20.75	3.25	115
627	-21.75	4.25	115
627	-22.25	4.25	115
627	-22.75	3.75	115
627	-22.75	2.75	115
627	-23.25	2.25	115
627	-23.75	2.25	115
627	-24.75	3.25	115
627	-25.25	3.25	115
627	-25.75	2.75	115
627	-26.25	2.75	115
627	-27.75	4.25	115
627	-27.75	4.75	115
627	-27.25	5.25	115
627	-27.25	5.75	115
627	-27.75	6.25	115
627	-27.75	6.75	115
627	-26.75	6.75	115
627	-26.25	7.25	115
627	-26.25	7.75	115
627	-27.25	7.75	115
627	-27.25	10.75	115
627	-27.75	11.25	115
627	-27.75	12.25	115
627	-28.75	13.25	115
638	-27.25	14.75	115
638	-27.25	15.25	115
638	-26.25	16.25	115
638	-25.75	16.25	115
638	-25.75	15.75	115
638	-26.75	14.75	115
638	-27.25	14.75	115
648	-26.75	11.25	115
648	-26.75	11.75	115
648	-26.25	11.75	115
648	-25.25	10.75	115
648	-25.25	10.25	115
648	-25.75	9.75	115
648	-25.75	9.25	115
648	-24.75	9.25	115
648	-24.25	8.75	115
648	-24.25	8.25	115
648	-24.75	7.75	115
648	-25.25	7.75	115
648	-26.25	8.75	115
648	-26.25	9.75	115
648	-26.75	10.25	115
648	-26.75	11.25	115
649	-16.75	21.25	115
649	-16.75	21.75	115
649	-16.25	21.75	115
649	-15.75	21.25	115
649	-15.75	20.75	115
649	-16.25	20.75	115
649	-16.75	21.25	115
650	-15.75	22.25	115
650	-15.75	22.75	115
650	-15.25	23.25	115
650	-14.75	23.25	115
650	-14.75	21.75	115
650	-15.25	21.75	115
650	-15.75	22.25	115
651	-14.25	23.25	115
651	-14.25	20.75	115
651	-12.75	20.75	115
651	-12.25	21.25	115
651	-11.75	21.25	115
651	-11.75	20.75	115
651	-12.25	20.25	115
651	-12.25	19.75	115
651	-11.75	19.25	115
651	-11.25	19.25	115
651	-11.25	20.25	115
651	-9.75	20.25	115
651	-9.25	19.75	115
651	-8.75	19.75	115
651	-8.75	20.25	115
651	-9.75	21.25	115
651	-9.75	22.25	115
651	-10.25	22.75	115
651	-12.75	22.75	115
651	-13.25	22.25	115
651	-13.75	22.25	115
651	-13.75	23.25	115
651	-14.25	23.25	115
652	-21.25	14.75	115
652	-21.25	15.25	115
652	-20.75	15.75	115
652	-20.25	15.75	115
652	-20.25	15.25	115
652	-20.75	14.75	115
652	-21.25	14.75	115
653	-13.25	19.25	115
653	-13.25	18.25	115
653	-13.75	17.75	115
653	-13.75	17.25	115
653	-12.75	17.25	115
653	-12.25	16.75	115
653	-10.75	16.75	115
653	-9.75	17.75	115
653	-9.75	18.25	115
653	-10.25	18.75	115
653	-10.75	18.75	115
653	-11.75	17.75	115
653	-12.25	17.75	115
653	-12.25	18.75	115
653	-12.75	19.25	115
653	-13.25	19.25	115
654	-22.75	8.25	115
654	-22.75	8.75	115
654	-22.25	8.75	115
654	-22.25	8.25	115
654	-22.75	8.25	115
628	-25.25	4.75	115
628	-25.25	5.25	115
628	-24.75	5.25	115
628	-24.75	4.75	115
628	-25.25	4.75	115
629	-24.25	5.75	115
629	-24.25	6.25	115
629	-23.75	6.25	115
629	-23.75	5.75	115
629	-24.25	5.75	115
630	-2.25	27.75	115
630	-2.25	28.25	115
630	-0.75	28.25	115
630	-0.25	27.75	115
630	-0.25	27.25	115
630	-0.75	26.75	115
630	-0.75	26.25	115
630	-0.25	25.75	115
630	-0.25	25.25	115
630	-0.75	25.25	115
630	-1.25	25.75	115
630	-2.25	25.75	115
630	-2.25	26.25	115
630	-1.75	26.75	115
630	-1.75	27.25	115
630	-2.25	27.75	115
631	-23.75	4.25	115
631	-23.75	4.75	115
631	-23.25	4.75	115
631	-23.25	4.25	115
631	-23.75	4.25	115
632	-22.25	5.75	115
632	-22.25	6.25	115
632	-21.75	6.25	115
632	-19.75	4.25	115
632	-19.75	3.75	115
632	-20.25	3.75	115
632	-22.25	5.75	115
633	-3.25	24.75	115
633	-3.25	25.25	115
633	-2.75	25.25	115
633	-2.75	24.75	115
633	-3.25	24.75	115
634	-6.25	20.25	115
634	-6.25	19.75	115
634	-5.75	19.75	115
634	-5.75	20.25	115
634	-6.25	20.25	115
635	-4.75	17.25	115
635	-4.75	17.75	115
635	-4.25	17.75	115
635	-4.25	17.25	115
635	-4.75	17.25	115
636	-12.75	7.25	115
636	-12.75	7.75	115
636	-12.25	7.75	115
636	-12.25	7.25	115
636	-12.75	7.25	115
637	-4.75	15.25	115
637	-4.75	15.75	115
637	-4.25	15.75	115
637	-4.25	15.25	115
637	-4.75	15.25	115
639	-17.75	1.25	115
639	-17.75	1.75	115
639	-16.25	3.25	115
639	-15.75	3.25	115
639	-15.75	2.75	115
639	-17.25	1.25	115
639	-17.75	1.25	115
640	0.25	15.25	115
640	0.25	15.75	115
640	0.75	15.75	115
640	0.75	15.25	115
640	0.25	15.25	115
641	2.25	17.25	115
641	2.25	17.75	115
641	2.75	17.75	115
641	2.75	17.25	115
641	2.25	17.25	115
642	-5.25	6.75	115
642	-5.25	7.25	115
642	-4.75	7.75	115
642	-4.25	7.75	115
642	-4.25	7.25	115
642	-4.75	6.75	115
642	-5.25	6.75	115
643	-7.25	3.75	115
643	-7.25	4.25	115
643	-6.75	4.75	115
643	-6.25	4.75	115
643	-6.25	4.25	115
643	-6.75	3.75	115
643	-7.25	3.75	115
644	-4.75	5.25	115
644	-4.75	5.75	115
644	-3.25	7.25	115
644	-2.75	7.25	115
644	-2.75	6.75	115
644	-4.25	5.25	115
644	-4.75	5.25	115
645	0.25	9.25	115
645	0.25	9.75	115
645	1.75	9.75	115
645	2.25	9.25	115
645	2.25	8.75	115
645	0.75	8.75	115
645	0.25	9.25	115
646	-2.25	5.75	115
646	-2.25	6.25	115
646	-1.25	6.25	115
646	-1.25	7.25	115
646	-0.25	7.25	115
646	0.25	7.75	115
646	0.75	7.75	115
646	0.75	6.75	115
646	1.75	6.75	115
646	2.75	5.75	115
646	2.75	5.25	115
646	0.75	5.25	115
646	0.25	4.75	115
646	-0.25	4.75	115
646	-0.25	5.75	115
646	-0.75	5.75	115
646	-1.25	5.25	115
646	-1.75	5.25	115
646	-2.25	5.75	115
647	3.25	9.25	115
647	3.25	9.75	115
647	3.75	9.75	115
647	3.75	9.25	115
647	3.25	9.25	115
515	-9.75	32.25	1115
515	-9.75	32.75	1115
515	-9.25	32.75	1115
515	-7.75	31.25	1115
515	-7.75	29.75	1115
515	-8.25	29.75	1115
515	-8.25	30.75	1115
515	-9.25	30.75	1115
515	-9.25	31.75	1115
515	-9.75	32.25	1115
516	-11.25	29.75	1115
516	-11.25	30.25	1115
516	-10.75	30.75	1115
516	-10.25	30.75	1115
516	-10.25	30.25	1115
516	-10.75	29.75	1115
516	-11.25	29.75	1115
517	-7.75	32.25	1115
517	-7.75	32.75	1115
517	-7.25	32.75	1115
517	-7.25	32.25	1115
517	-7.75	32.25	1115
518	-6.75	32.75	1115
518	-6.75	32.25	1115
518	-6.25	32.25	1115
518	-6.25	32.75	1115
518	-6.75	32.75	1115
519	-7.25	31.25	1115
519	-7.25	30.75	1115
519	-6.75	30.25	1115
519	-6.75	29.75	1115
519	-7.75	28.75	1115
519	-7.75	27.25	1115
519	-6.25	27.25	1115
519	-6.25	29.25	1115
519	-5.75	29.75	1115
519	-5.25	29.75	1115
519	-5.25	28.75	1115
519	-4.75	28.75	1115
519	-4.75	29.75	1115
519	-4.25	30.25	1115
519	-4.25	31.75	1115
519	-4.75	31.75	1115
519	-4.75	30.75	1115
519	-6.25	30.75	1115
519	-6.75	31.25	1115
519	-7.25	31.25	1115
520	-4.25	29.25	1115
520	-4.25	28.75	1115
520	-3.75	28.75	1115
520	-3.25	29.25	1115
520	-3.25	29.75	1115
520	-3.75	29.75	1115
520	-4.25	29.25	1115
1032	-5.75	36.25	126
1032	-5.75	36.75	126
1032	-5.25	36.75	126
1032	-5.25	36.25	126
1032	-5.75	36.25	126
1043	-6.75	33.25	126
1043	-6.75	33.75	126
1043	-6.25	33.75	126
1043	-5.75	33.25	126
1043	-5.75	32.75	126
1043	-6.25	32.75	126
1043	-6.75	33.25	126
1052	-5.25	34.75	126
1052	-5.25	35.25	126
1052	-4.75	35.75	126
1052	-4.25	35.75	126
1052	-4.25	34.75	126
1052	-3.25	34.75	126
1052	-1.75	33.25	126
1052	-0.75	33.25	126
1052	-0.25	32.75	126
1052	-0.25	32.25	126
1052	-1.75	30.75	126
1052	-1.75	30.25	126
1052	-1.25	29.75	126
1052	-0.75	29.75	126
1052	-0.75	30.75	126
1052	-0.25	30.75	126
1052	-0.25	29.75	126
1052	0.25	29.75	126
1052	0.25	30.75	126
1052	0.75	31.25	126
1052	1.25	31.25	126
1052	1.75	30.75	126
1052	2.25	30.75	126
1052	2.75	31.25	126
1052	2.75	32.25	126
1052	3.25	32.75	126
1052	3.75	32.75	126
1052	4.25	32.25	126
1052	5.25	32.25	126
1052	5.25	31.75	126
1052	4.75	31.25	126
1052	4.75	28.75	126
1052	5.25	28.25	126
1052	5.25	27.75	126
1052	4.75	27.75	126
1052	4.25	28.25	126
1052	3.75	28.25	126
1052	3.75	27.75	126
1052	4.25	27.25	126
1052	4.25	26.75	126
1052	3.75	26.25	126
1052	3.75	25.75	126
1052	4.75	25.75	126
1052	4.75	25.25	126
1052	3.75	24.25	126
1052	3.75	23.75	126
1052	4.25	23.75	126
1052	4.75	24.25	126
1052	5.25	24.25	126
1052	5.25	21.75	126
1052	4.75	21.25	126
1052	4.75	20.25	126
1052	4.25	19.75	126
1052	4.25	19.25	126
1052	4.75	18.75	126
1052	4.75	17.25	126
1052	4.25	17.25	126
1052	3.75	17.75	126
1052	3.75	18.75	126
1052	2.75	18.75	126
1052	2.75	20.25	126
1052	3.25	20.75	126
1052	3.25	21.75	126
1052	3.75	22.25	126
1052	3.75	22.75	126
1052	2.75	23.75	126
1052	2.75	24.75	126
1052	2.25	25.25	126
1052	1.25	25.25	126
1052	0.75	25.75	126
1052	-0.25	25.75	126
1052	-0.75	26.25	126
1052	-0.75	26.75	126
1052	-0.25	27.25	126
1052	-0.25	28.75	126
1052	-0.75	28.75	126
1052	-1.25	28.25	126
1052	-2.25	28.25	126
1052	-3.25	27.25	126
1052	-3.75	27.25	126
1052	-4.25	27.75	126
1052	-4.25	28.25	126
1052	-3.25	29.25	126
1052	-3.25	29.75	126
1052	-3.75	30.25	126
1052	-3.75	30.75	126
1052	-3.25	31.25	126
1052	-2.25	31.25	126
1052	-2.25	32.75	126
1052	-3.25	33.75	126
1052	-4.25	33.75	126
1052	-5.25	34.75	126
1053	-5.25	31.75	126
1053	-5.25	32.25	126
1053	-4.75	32.25	126
1053	-4.75	31.75	126
1053	-5.25	31.75	126
1054	-4.75	29.25	126
1054	-4.75	29.75	126
1054	-4.25	29.75	126
1054	-4.25	29.25	126
1054	-4.75	29.25	126
1055	1.25	33.25	126
1055	1.25	33.75	126
1055	2.25	34.75	126
1055	2.75	34.75	126
1055	2.75	33.25	126
1055	1.25	33.25	126
1056	-7.75	23.25	126
1056	-7.75	23.75	126
1056	-6.75	23.75	126
1056	-5.75	24.75	126
1056	-5.25	24.75	126
1056	-4.25	23.75	126
1056	-3.75	23.75	126
1056	-3.75	24.25	126
1056	-4.25	24.75	126
1056	-4.25	25.25	126
1056	-2.25	27.25	126
1056	-1.75	27.25	126
1056	-1.75	26.75	126
1056	-3.25	25.25	126
1056	-3.25	24.75	126
1056	-2.75	24.75	126
1056	-1.75	25.75	126
1056	-1.25	25.75	126
1056	-0.25	24.75	126
1056	-0.25	23.25	126
1056	-1.25	22.25	126
1056	-1.25	21.75	126
1056	-0.75	21.25	126
1056	-0.75	20.25	126
1056	-0.25	19.75	126
1056	-0.25	19.25	126
1056	-1.25	19.25	126
1056	-1.75	18.75	126
1056	-2.25	18.75	126
1056	-2.25	19.75	126
1056	-2.75	19.75	126
1056	-3.25	19.25	126
1056	-3.75	19.25	126
1056	-3.75	19.75	126
1056	-3.25	20.25	126
1056	-3.25	21.75	126
1056	-4.25	21.75	126
1056	-4.75	22.25	126
1056	-6.25	22.25	126
1056	-6.25	21.25	126
1056	-6.75	21.25	126
1056	-7.25	21.75	126
1056	-7.25	22.75	126
1056	-7.75	23.25	126
1057	0.75	30.25	126
1057	0.75	29.25	126
1057	0.25	28.75	126
1057	0.25	28.25	126
1057	0.75	28.25	126
1057	1.25	28.75	126
1057	2.25	28.75	126
1057	3.75	30.25	126
1057	3.75	30.75	126
1057	3.25	30.75	126
1057	2.25	29.75	126
1057	1.75	29.75	126
1057	1.25	30.25	126
1057	0.75	30.25	126
1058	4.25	33.25	126
1058	4.25	33.75	126
1058	4.75	33.75	126
1058	4.75	33.25	126
1058	4.25	33.25	126
1033	1.25	27.25	126
1033	1.25	27.75	126
1033	1.75	27.75	126
1033	1.75	27.25	126
1033	1.25	27.25	126
1034	-1.75	23.25	126
1034	-1.75	23.75	126
1034	-1.25	23.75	126
1034	-1.25	23.25	126
1034	-1.75	23.25	126
1035	0.25	24.75	126
1035	0.25	24.25	126
1035	0.75	24.25	126
1035	0.75	24.75	126
1035	0.25	24.75	126
1036	1.25	21.25	126
1036	1.25	21.75	126
1036	1.75	21.75	126
1036	2.25	21.25	126
1036	2.25	20.75	126
1036	1.75	20.25	126
1036	1.25	20.25	126
1036	1.25	21.25	126
4472	-40.25	0.75	2436
4472	-40.25	1.25	2436
4472	-38.75	1.25	2436
4472	-38.75	-0.25	2436
4472	-39.25	-0.75	2436
4472	-39.75	-0.75	2436
4472	-39.75	0.25	2436
4472	-40.25	0.75	2436
3297	-38.25	2.75	2032
3297	-38.25	3.25	2032
3297	-37.75	3.25	2032
3297	-36.75	2.25	2032
3297	-36.75	1.75	2032
3297	-37.75	0.75	2032
3297	-38.25	0.75	2032
3297	-38.75	1.25	2032
3297	-38.75	1.75	2032
3297	-37.75	1.75	2032
3297	-37.75	2.25	2032
3297	-38.25	2.75	2032
4221	-19.75	20.25	2319
4221	-19.75	20.75	2319
4221	-18.75	20.75	2319
4221	-18.25	21.25	2319
4221	-18.25	22.25	2319
4221	-17.75	22.25	2319
4221	-17.25	21.75	2319
4221	-17.25	21.25	2319
4221	-17.75	20.75	2319
4221	-17.75	19.75	2319
4221	-18.75	18.75	2319
4221	-19.25	18.75	2319
4221	-19.25	19.75	2319
4221	-19.75	20.25	2319
816	-16.75	23.25	1188
816	-16.75	23.75	1188
816	-16.25	24.25	1188
816	-14.25	24.25	1188
816	-13.75	24.75	1188
816	-13.25	24.75	1188
816	-12.25	23.75	1188
816	-12.25	23.25	1188
816	-12.75	22.75	1188
816	-13.25	22.75	1188
816	-13.75	23.25	1188
816	-16.75	23.25	1188
817	-12.75	25.25	1188
817	-12.75	25.75	1188
817	-12.25	25.75	1188
817	-12.25	25.25	1188
817	-12.75	25.25	1188
818	-11.25	23.75	1188
818	-11.25	24.25	1188
818	-10.75	24.25	1188
818	-10.75	23.75	1188
818	-11.25	23.75	1188
819	-9.75	24.25	1188
819	-9.75	24.75	1188
819	-9.25	24.75	1188
819	-8.75	24.25	1188
819	-8.75	23.75	1188
819	-9.75	22.75	1188
819	-10.25	22.75	1188
819	-10.25	23.25	1188
819	-9.75	23.75	1188
819	-9.75	24.25	1188
820	-7.75	26.25	1188
820	-7.75	26.75	1188
820	-7.25	26.75	1188
820	-7.25	26.25	1188
820	-7.75	26.25	1188
821	-9.75	21.25	1188
821	-9.75	21.75	1188
821	-9.25	22.25	1188
821	-8.75	22.25	1188
821	-8.75	21.75	1188
821	-9.25	21.25	1188
821	-9.75	21.25	1188
822	-8.75	20.25	1188
822	-8.75	20.75	1188
822	-8.25	21.25	1188
822	-7.75	21.25	1188
822	-6.75	20.25	1188
822	-6.75	19.75	1188
822	-7.25	19.75	1188
822	-7.75	20.25	1188
822	-8.75	20.25	1188
2143	-38.75	-0.75	1579
2143	-38.75	-0.25	1579
2143	-38.25	-0.25	1579
2143	-38.25	-0.75	1579
2143	-38.75	-0.75	1579
2144	-36.75	-0.75	1579
2144	-36.75	-0.25	1579
2144	-36.25	-0.25	1579
2144	-36.25	-0.75	1579
2144	-36.75	-0.75	1579
8643	-30.25	7.75	585
8643	-30.25	8.25	585
8643	-29.75	8.25	585
8643	-28.25	6.75	585
8643	-28.25	5.75	585
8643	-27.75	5.25	585
8643	-27.75	4.25	585
8643	-26.25	2.75	585
8643	-25.75	2.75	585
8643	-25.25	3.25	585
8643	-24.75	3.25	585
8643	-24.75	2.75	585
8643	-25.75	1.75	585
8643	-26.25	1.75	585
8643	-26.75	2.25	585
8643	-27.25	2.25	585
8643	-27.75	1.75	585
8643	-28.25	1.75	585
8643	-29.25	2.75	585
8643	-29.75	2.75	585
8643	-30.25	2.25	585
8643	-30.25	0.25	585
8643	-30.75	-0.25	585
8643	-31.25	-0.25	585
8643	-31.25	1.25	585
8643	-30.75	1.75	585
8643	-30.75	3.25	585
8643	-31.75	3.25	585
8643	-31.75	3.75	585
8643	-30.25	5.25	585
8643	-29.75	5.25	585
8643	-29.75	4.75	585
8643	-30.25	4.25	585
8643	-30.25	3.75	585
8643	-29.75	3.75	585
8643	-28.75	4.75	585
8643	-28.75	5.25	585
8643	-29.25	5.75	585
8643	-29.25	6.75	585
8643	-30.25	7.75	585
8644	-35.25	1.75	585
8644	-35.25	2.25	585
8644	-34.75	2.25	585
8644	-34.75	1.75	585
8644	-35.25	1.75	585
8645	-34.75	0.25	585
8645	-34.75	0.75	585
8645	-34.25	1.25	585
8645	-33.75	1.25	585
8645	-33.75	0.75	585
8645	-34.25	0.25	585
8645	-34.75	0.25	585
8646	-32.75	2.25	585
8646	-32.75	2.75	585
8646	-32.25	2.75	585
8646	-31.75	2.25	585
8646	-31.75	1.75	585
8646	-32.25	1.75	585
8646	-32.75	2.25	585
8647	-33.25	1.25	585
8647	-33.25	0.75	585
8647	-32.75	0.75	585
8647	-32.75	1.25	585
8647	-33.25	1.25	585
8648	-28.75	3.25	585
8648	-28.75	3.75	585
8648	-28.25	3.75	585
8648	-28.25	3.25	585
8648	-28.75	3.25	585
6636	-26.75	11.25	3458
6636	-26.75	11.75	3458
6636	-26.25	11.75	3458
6636	-26.25	10.75	3458
6636	-25.25	10.75	3458
6636	-25.25	10.25	3458
6636	-25.75	9.75	3458
6636	-26.25	9.75	3458
6636	-26.75	10.25	3458
6636	-26.75	11.25	3458
186	-16.25	21.75	1056
186	-16.25	22.25	1056
186	-15.75	22.25	1056
186	-15.75	21.75	1056
186	-16.25	21.75	1056
187	-13.75	19.25	1056
187	-13.75	19.75	1056
187	-12.25	21.25	1056
187	-11.75	21.25	1056
187	-11.75	20.75	1056
187	-13.25	19.25	1056
187	-13.75	19.25	1056
188	-14.25	16.75	1056
188	-14.25	17.25	1056
188	-12.75	17.25	1056
188	-12.25	16.75	1056
188	-10.75	16.75	1056
188	-10.25	17.25	1056
188	-9.25	17.25	1056
188	-9.25	17.75	1056
188	-11.25	19.75	1056
188	-11.25	20.25	1056
188	-9.75	20.25	1056
188	-9.25	19.75	1056
188	-8.25	19.75	1056
188	-8.25	18.25	1056
188	-8.75	17.75	1056
188	-8.75	16.75	1056
188	-9.75	15.75	1056
188	-10.75	15.75	1056
188	-11.75	14.75	1056
188	-13.25	14.75	1056
188	-13.75	15.25	1056
188	-13.75	16.25	1056
188	-14.25	16.75	1056
189	-12.25	18.75	1056
189	-12.25	19.25	1056
189	-11.75	19.25	1056
189	-11.25	18.75	1056
189	-11.25	18.25	1056
189	-11.75	17.75	1056
189	-12.25	17.75	1056
189	-12.25	18.75	1056
190	-10.75	14.25	1056
190	-10.75	14.75	1056
190	-9.25	14.75	1056
190	-9.25	14.25	1056
190	-9.75	13.75	1056
190	-10.25	13.75	1056
190	-10.75	14.25	1056
1835	-20.25	15.75	1486
1835	-20.25	16.25	1486
1835	-19.25	16.25	1486
1835	-18.75	16.75	1486
1835	-18.25	16.75	1486
1835	-18.25	16.25	1486
1835	-18.75	15.75	1486
1835	-18.75	13.75	1486
1835	-19.25	13.25	1486
1835	-19.75	13.25	1486
1835	-19.75	15.25	1486
1835	-20.25	15.75	1486
1836	-20.75	14.25	1486
1836	-20.75	14.75	1486
1836	-20.25	14.75	1486
1836	-20.25	14.25	1486
1836	-20.75	14.25	1486
3970	-23.75	11.25	2238
3970	-23.75	11.75	2238
3970	-23.25	12.25	2238
3970	-22.75	12.25	2238
3970	-22.75	9.75	2238
3970	-23.25	9.25	2238
3970	-23.75	9.25	2238
3970	-23.75	11.25	2238
5641	-28.25	5.75	2910
5641	-28.25	6.25	2910
5641	-27.75	6.25	2910
5641	-27.25	5.75	2910
5641	-27.25	5.25	2910
5641	-27.75	5.25	2910
5641	-28.25	5.75	2910
1716	-25.75	8.25	1434
1716	-25.75	8.75	1434
1716	-25.25	9.25	1434
1716	-24.75	9.25	1434
1716	-24.25	8.75	1434
1716	-24.25	8.25	1434
1716	-25.75	8.25	1434
4901	-33.25	-0.25	2634
4901	-33.25	0.25	2634
4901	-32.25	0.25	2634
4901	-32.25	1.25	2634
4901	-31.75	1.25	2634
4901	-31.75	0.25	2634
4901	-31.25	-0.25	2634
4901	-31.25	-0.75	2634
4901	-32.75	-0.75	2634
4901	-33.25	-0.25	2634
4902	-30.25	0.75	2634
4902	-30.25	1.25	2634
4902	-29.25	2.25	2634
4902	-28.75	2.25	2634
4902	-28.75	1.75	2634
4902	-29.25	1.25	2634
4902	-29.25	0.75	2634
4902	-28.25	0.75	2634
4902	-28.25	0.25	2634
4902	-29.25	-0.75	2634
4902	-29.75	-0.75	2634
4902	-29.75	0.25	2634
4902	-30.25	0.75	2634
4903	-30.75	-0.25	2634
4903	-30.75	-0.75	2634
4903	-30.25	-0.75	2634
4903	-30.25	-0.25	2634
4903	-30.75	-0.25	2634
6696	-15.75	16.25	3485
6696	-15.75	16.75	3485
6696	-15.25	16.75	3485
6696	-14.25	15.75	3485
6696	-14.25	15.25	3485
6696	-15.25	14.25	3485
6696	-15.75	14.25	3485
6696	-15.75	14.75	3485
6696	-15.25	15.25	3485
6696	-15.25	15.75	3485
6696	-15.75	16.25	3485
3567	-22.75	8.25	2139
3567	-22.75	8.75	2139
3567	-22.25	8.75	2139
3567	-22.25	8.25	2139
3567	-22.75	8.25	2139
3075	0.75	29.75	1955
3075	0.75	30.25	1955
3075	1.25	30.25	1955
3075	1.75	29.75	1955
3075	2.25	29.75	1955
3075	2.75	30.25	1955
3075	3.25	30.25	1955
3075	3.25	29.75	1955
3075	2.25	28.75	1955
3075	0.75	28.75	1955
3075	0.75	29.75	1955
4772	-23.75	4.25	2573
4772	-23.75	4.75	2573
4772	-23.25	4.75	2573
4772	-23.25	4.25	2573
4772	-23.75	4.25	2573
3119	-22.25	5.75	1976
3119	-22.25	6.25	1976
3119	-21.75	6.25	1976
3119	-19.75	4.25	1976
3119	-19.75	3.75	1976
3119	-20.25	3.75	1976
3119	-22.25	5.75	1976
6178	-21.25	6.75	3204
6178	-21.25	7.25	3204
6178	-19.75	7.25	3204
6178	-19.75	6.25	3204
6178	-18.75	6.25	3204
6178	-18.75	5.75	3204
6178	-19.25	5.25	3204
6178	-19.75	5.25	3204
6178	-21.25	6.75	3204
4805	4.25	32.25	2580
4805	4.25	32.75	2580
4805	4.75	32.75	2580
4805	4.75	32.25	2580
4805	4.25	32.25	2580
4806	4.75	30.75	2580
4806	4.75	31.25	2580
4806	5.25	31.25	2580
4806	5.25	30.75	2580
4806	4.75	30.75	2580
3663	-26.75	0.25	2180
3663	-26.75	0.75	2180
3663	-24.25	0.75	2180
3663	-23.75	0.25	2180
3663	-23.75	-0.25	2180
3663	-24.25	-0.75	2180
3663	-26.75	-0.75	2180
3663	-26.75	0.25	2180
10107	-25.75	1.25	91
10107	-25.75	1.75	91
10107	-24.75	2.75	91
10107	-24.25	2.75	91
10107	-23.75	2.25	91
10107	-23.25	2.25	91
10107	-22.75	2.75	91
10107	-22.75	3.75	91
10107	-22.25	4.25	91
10107	-21.75	4.25	91
10107	-20.75	3.25	91
10107	-20.75	2.75	91
10107	-21.75	2.75	91
10107	-22.75	1.75	91
10107	-22.75	1.25	91
10107	-22.25	0.75	91
10107	-21.75	0.75	91
10107	-21.75	1.75	91
10107	-19.75	1.75	91
10107	-19.75	2.75	91
10107	-18.25	2.75	91
10107	-18.25	1.75	91
10107	-17.75	1.25	91
10107	-17.25	1.25	91
10107	-15.75	2.75	91
10107	-15.75	3.75	91
10107	-14.75	4.75	91
10107	-14.75	5.25	91
10107	-15.75	5.25	91
10107	-17.25	6.75	91
10107	-17.25	7.25	91
10107	-16.75	7.75	91
10107	-16.75	8.25	91
10107	-17.25	8.25	91
10107	-17.75	7.75	91
10107	-18.25	7.75	91
10107	-18.25	8.25	91
10107	-16.25	10.25	91
10107	-15.75	10.25	91
10107	-15.25	9.75	91
10107	-15.25	9.25	91
10107	-15.75	8.75	91
10107	-15.75	8.25	91
10107	-14.25	6.75	91
10107	-13.25	6.75	91
10107	-12.75	6.25	91
10107	-12.75	5.25	91
10107	-10.25	5.25	91
10107	-9.75	5.75	91
10107	-9.75	6.75	91
10107	-9.25	7.25	91
10107	-9.25	8.25	91
10107	-8.75	8.25	91
10107	-8.25	7.75	91
10107	-7.25	7.75	91
10107	-7.25	6.25	91
10107	-8.25	6.25	91
10107	-8.75	5.75	91
10107	-8.75	3.75	91
10107	-9.25	3.25	91
10107	-10.25	3.25	91
10107	-10.25	1.25	91
10107	-10.75	1.25	91
10107	-10.75	2.25	91
10107	-11.25	2.25	91
10107	-11.75	1.75	91
10107	-13.75	1.75	91
10107	-15.75	-0.25	91
10107	-16.25	-0.25	91
10107	-16.25	0.75	91
10107	-16.75	0.75	91
10107	-17.25	0.25	91
10107	-17.75	0.25	91
10107	-18.25	0.75	91
10107	-18.75	0.75	91
10107	-19.25	0.25	91
10107	-19.75	0.25	91
10107	-20.25	0.75	91
10107	-20.75	0.75	91
10107	-21.75	-0.25	91
10107	-22.25	-0.25	91
10107	-24.25	1.75	91
10107	-24.75	1.75	91
10107	-25.25	1.25	91
10107	-25.75	1.25	91
10108	-17.75	3.25	91
10108	-17.75	3.75	91
10108	-17.25	3.75	91
10108	-16.75	3.25	91
10108	-16.75	2.75	91
10108	-17.25	2.25	91
10108	-17.75	2.25	91
10108	-17.75	3.25	91
5637	-14.25	12.75	2909
5637	-14.25	13.25	2909
5637	-13.25	13.25	2909
5637	-12.75	13.75	2909
5637	-12.25	13.75	2909
5637	-11.75	13.25	2909
5637	-11.75	11.75	2909
5637	-12.75	11.75	2909
5637	-13.25	11.25	2909
5637	-13.75	11.25	2909
5637	-13.75	12.25	2909
5637	-14.25	12.75	2909
1434	-25.25	0.75	134
1434	-25.25	1.25	134
1434	-24.75	1.75	134
1434	-24.25	1.75	134
1434	-22.25	-0.25	134
1434	-22.25	-0.75	134
1434	-23.75	-0.75	134
1434	-23.75	0.25	134
1434	-24.25	0.75	134
1434	-25.25	0.75	134
1445	-21.75	-0.25	134
1445	-21.75	-0.75	134
1445	-21.25	-0.75	134
1445	-20.75	-0.25	134
1445	-20.25	-0.25	134
1445	-19.75	-0.75	134
1445	-16.25	-0.75	134
1445	-16.25	0.75	134
1445	-16.75	0.75	134
1445	-17.25	0.25	134
1445	-17.75	0.25	134
1445	-18.25	0.75	134
1445	-18.75	0.75	134
1445	-19.25	0.25	134
1445	-19.75	0.25	134
1445	-20.25	0.75	134
1445	-20.75	0.75	134
1445	-21.75	-0.25	134
1456	-15.75	-0.25	134
1456	-15.75	-0.75	134
1456	-14.25	-0.75	134
1456	-13.75	-0.25	134
1456	-13.75	0.75	134
1456	-12.25	0.75	134
1456	-12.25	0.25	134
1456	-12.75	-0.25	134
1456	-12.75	-0.75	134
1456	-12.25	-0.75	134
1456	-11.75	-0.25	134
1456	-11.25	-0.25	134
1456	-10.75	-0.75	134
1456	-10.25	-0.75	134
1456	-9.25	0.25	134
1456	-9.25	0.75	134
1456	-10.25	0.75	134
1456	-11.25	1.75	134
1456	-13.75	1.75	134
1456	-15.75	-0.25	134
2160	0.25	25.25	159
2160	0.25	25.75	159
2160	0.75	25.75	159
2160	1.25	25.25	159
2160	2.25	25.25	159
2160	2.75	24.75	159
2160	2.75	23.75	159
2160	3.75	22.75	159
2160	3.75	22.25	159
2160	2.75	21.25	159
2160	2.25	21.25	159
2160	2.25	21.75	159
2160	2.75	22.25	159
2160	2.75	22.75	159
2160	2.25	23.25	159
2160	1.75	23.25	159
2160	1.25	22.75	159
2160	1.25	21.75	159
2160	-0.25	20.25	159
2160	-0.75	20.25	159
2160	-0.75	21.25	159
2160	-1.25	21.75	159
2160	-1.25	22.25	159
2160	0.75	24.25	159
2160	0.75	24.75	159
2160	0.25	25.25	159
2161	0.25	19.25	159
2161	0.25	19.75	159
2161	0.75	20.25	159
2161	1.25	20.25	159
2161	1.25	19.75	159
2161	0.75	19.25	159
2161	0.25	19.25	159
1511	4.75	29.75	136
1511	4.75	30.25	136
1511	5.25	30.25	136
1511	5.25	29.75	136
1511	4.75	29.75	136
1512	3.75	27.75	136
1512	3.75	28.25	136
1512	4.25	28.25	136
1512	5.25	27.25	136
1512	5.25	25.75	136
1512	4.75	25.75	136
1512	4.75	26.75	136
1512	3.75	27.75	136
1513	3.75	25.75	136
1513	3.75	26.25	136
1513	4.25	26.25	136
1513	4.25	25.75	136
1513	3.75	25.75	136
9340	-13.25	9.75	730
9340	-13.25	10.25	730
9340	-12.25	11.25	730
9340	-11.25	11.25	730
9340	-10.75	11.75	730
9340	-9.75	11.75	730
9340	-9.75	12.75	730
9340	-8.75	12.75	730
9340	-7.25	14.25	730
9340	-7.25	14.75	730
9340	-7.75	15.25	730
9340	-7.75	15.75	730
9340	-6.25	15.75	730
9340	-6.25	14.75	730
9340	-5.75	14.25	730
9340	-5.75	13.25	730
9340	-5.25	12.75	730
9340	-5.25	12.25	730
9340	-5.75	12.25	730
9340	-6.25	12.75	730
9340	-7.75	12.75	730
9340	-7.75	11.75	730
9340	-8.75	11.75	730
9340	-9.75	10.75	730
9340	-10.75	10.75	730
9340	-11.25	10.25	730
9340	-11.25	9.25	730
9340	-11.75	9.25	730
9340	-12.25	9.75	730
9340	-13.25	9.75	730
9341	-9.25	9.75	730
9341	-9.25	10.25	730
9341	-8.75	10.75	730
9341	-8.25	10.75	730
9341	-7.75	10.25	730
9341	-6.75	10.25	730
9341	-6.75	8.75	730
9341	-7.25	8.25	730
9341	-7.75	8.25	730
9341	-9.25	9.75	730
2772	-3.75	16.25	1826
2772	-3.75	16.75	1826
2772	-3.25	16.75	1826
2772	-3.25	16.25	1826
2772	-3.75	16.25	1826
2773	-1.75	18.25	1826
2773	-1.75	18.75	1826
2773	-1.25	19.25	1826
2773	0.75	19.25	1826
2773	1.75	20.25	1826
2773	2.25	20.25	1826
2773	2.25	19.75	1826
2773	1.75	19.25	1826
2773	1.75	18.25	1826
2773	-1.75	18.25	1826
10233	4.75	24.75	96
10233	4.75	25.25	96
10233	5.25	25.25	96
10233	5.25	24.75	96
10233	4.75	24.75	96
10244	4.75	20.75	96
10244	4.75	21.25	96
10244	5.25	21.25	96
10244	5.25	18.75	96
10244	4.75	18.75	96
10244	4.75	20.75	96
5561	-3.75	15.25	2867
5561	-3.75	15.75	2867
5561	-3.25	15.75	2867
5561	-2.75	15.25	2867
5561	-2.75	14.75	2867
5561	-3.25	14.75	2867
5561	-3.75	15.25	2867
391	-3.75	13.25	1070
391	-3.75	13.75	1070
391	-3.25	14.25	1070
391	-1.75	14.25	1070
391	-1.75	13.75	1070
391	-2.25	13.25	1070
391	-3.75	13.25	1070
3572	-5.25	10.75	2141
3572	-5.25	11.25	2141
3572	-3.75	12.75	2141
3572	-3.25	12.75	2141
3572	-2.25	11.75	2141
3572	-2.25	11.25	2141
3572	-2.75	11.25	2141
3572	-3.25	11.75	2141
3572	-3.75	11.75	2141
3572	-4.25	11.25	2141
3572	-4.25	10.25	2141
3572	-4.75	10.25	2141
3572	-5.25	10.75	2141
7044	0.25	15.25	3578
7044	0.25	15.75	3578
7044	0.75	15.75	3578
7044	0.75	15.25	3578
7044	0.25	15.25	3578
2020	-13.75	0.25	1529
2020	-13.75	0.75	1529
2020	-12.25	0.75	1529
2020	-12.25	0.25	1529
2020	-13.25	-0.75	1529
2020	-13.75	-0.75	1529
2020	-13.75	0.25	1529
6483	-10.25	2.75	3378
6483	-10.25	3.25	3378
6483	-9.75	3.25	3378
6483	-9.75	2.75	3378
6483	-10.25	2.75	3378
2105	-10.25	1.75	1566
2105	-10.25	2.25	1566
2105	-9.75	2.25	1566
2105	-8.75	1.25	1566
2105	-8.75	0.75	1566
2105	-10.25	0.75	1566
2105	-10.25	1.75	1566
2388	-9.75	2.25	1688
2388	-9.75	2.75	1688
2388	-9.25	2.75	1688
2388	-8.75	2.25	1688
2388	-8.25	2.25	1688
2388	-7.75	2.75	1688
2388	-7.25	2.75	1688
2388	-7.25	2.25	1688
2388	-7.75	1.75	1688
2388	-7.75	1.25	1688
2388	-6.75	0.25	1688
2388	-6.75	-0.25	1688
2388	-7.25	-0.75	1688
2388	-9.75	-0.75	1688
2388	-9.75	-0.25	1688
2388	-8.75	0.75	1688
2388	-8.75	1.25	1688
2388	-9.75	2.25	1688
2389	-11.75	-0.75	1688
2389	-11.75	-0.25	1688
2389	-11.25	-0.25	1688
2389	-11.25	-0.75	1688
2389	-11.75	-0.75	1688
2390	-5.75	4.25	1688
2390	-5.75	4.75	1688
2390	-5.25	4.75	1688
2390	-4.75	4.25	1688
2390	-3.75	4.25	1688
2390	-3.25	3.75	1688
2390	-3.25	2.75	1688
2390	-2.25	2.75	1688
2390	-2.25	2.25	1688
2390	-2.75	1.75	1688
2390	-3.25	1.75	1688
2390	-3.75	2.25	1688
2390	-4.25	2.25	1688
2390	-4.25	1.75	1688
2390	-3.75	1.25	1688
2390	-3.75	0.75	1688
2390	-4.25	0.25	1688
2390	-5.25	0.25	1688
2390	-5.25	-0.75	1688
2390	-5.75	-0.75	1688
2390	-6.25	-0.25	1688
2390	-6.25	0.75	1688
2390	-6.75	1.25	1688
2390	-6.75	1.75	1688
2390	-6.25	2.25	1688
2390	-5.25	2.25	1688
2390	-5.25	3.75	1688
2390	-5.75	4.25	1688
2391	-0.25	2.75	1688
2391	-0.25	3.25	1688
2391	0.25	3.25	1688
2391	0.75	2.75	1688
2391	0.75	0.25	1688
2391	-0.25	0.25	1688
2391	-1.25	-0.75	1688
2391	-1.75	-0.75	1688
2391	-2.25	-0.25	1688
2391	-2.25	0.25	1688
2391	-1.25	0.25	1688
2391	-0.25	1.25	1688
2391	-0.25	2.75	1688
7186	-5.25	6.75	3637
7186	-5.25	7.25	3637
7186	-4.75	7.75	3637
7186	-4.25	7.75	3637
7186	-4.25	7.25	3637
7186	-4.75	6.75	3637
7186	-5.25	6.75	3637
8003	-0.25	11.75	481
8003	-0.25	12.25	481
8003	0.75	13.25	481
8003	1.25	13.25	481
8003	1.25	12.25	481
8003	2.75	12.25	481
8003	3.25	12.75	481
8003	3.25	13.25	481
8003	2.25	14.25	481
8003	2.25	14.75	481
8003	2.75	14.75	481
8003	3.75	13.75	481
8003	4.75	13.75	481
8003	5.25	13.25	481
8003	5.25	9.75	481
8003	4.75	9.75	481
8003	4.75	10.75	481
8003	3.75	10.75	481
8003	3.75	11.75	481
8003	3.25	11.75	481
8003	2.75	11.25	481
8003	0.25	11.25	481
8003	-0.25	11.75	481
7043	-6.75	4.25	3577
7043	-6.75	4.75	3577
7043	-6.25	4.75	3577
7043	-6.25	4.25	3577
7043	-6.75	4.25	3577
7762	3.25	14.25	428
7762	3.25	14.75	428
7762	4.25	14.75	428
7762	4.75	15.25	428
7762	5.25	15.25	428
7762	5.25	13.75	428
7762	3.75	13.75	428
7762	3.25	14.25	428
5617	-4.75	5.25	2898
5617	-4.75	5.75	2898
5617	-3.75	6.75	2898
5617	-3.25	6.75	2898
5617	-3.25	6.25	2898
5617	-4.25	5.25	2898
5617	-4.75	5.25	2898
5822	0.25	9.25	3000
5822	0.25	9.75	3000
5822	1.75	9.75	3000
5822	2.25	9.25	3000
5822	2.25	8.75	3000
5822	0.75	8.75	3000
5822	0.25	9.25	3000
2334	-1.25	6.75	1660
2334	-1.25	7.25	1660
2334	-0.25	7.25	1660
2334	0.25	7.75	1660
2334	0.75	7.75	1660
2334	0.75	7.25	1660
2334	-0.75	5.75	1660
2334	-1.25	5.75	1660
2334	-1.25	6.75	1660
2335	-0.25	4.75	1660
2335	-0.25	5.25	1660
2335	0.25	5.75	1660
2335	0.75	5.75	1660
2335	0.75	5.25	1660
2335	0.25	4.75	1660
2335	-0.25	4.75	1660
6396	0.75	5.75	3321
6396	0.75	6.25	3321
6396	1.25	6.25	3321
6396	1.25	5.75	3321
6396	0.75	5.75	3321
6087	1.25	6.25	3154
6087	1.25	6.75	3154
6087	1.75	6.75	3154
6087	2.75	5.75	3154
6087	2.75	5.25	3154
6087	1.25	5.25	3154
6087	1.25	6.25	3154
2227	0.75	3.75	1618
2227	0.75	4.25	1618
2227	1.25	4.25	1618
2227	1.75	3.75	1618
2227	2.75	3.75	1618
2227	2.75	2.75	1618
2227	3.25	2.25	1618
2227	3.75	2.25	1618
2227	3.75	3.25	1618
2227	5.25	3.25	1618
2227	5.25	-0.25	1618
2227	4.75	-0.75	1618
2227	3.25	-0.75	1618
2227	2.75	-0.25	1618
2227	2.75	1.75	1618
2227	1.75	1.75	1618
2227	1.75	2.75	1618
2227	0.75	3.75	1618
2228	1.25	-0.75	1618
2228	1.25	-0.25	1618
2228	1.75	-0.25	1618
2228	1.75	-0.75	1618
2228	1.25	-0.75	1618
5591	4.75	7.75	2881
5591	4.75	8.25	2881
5591	5.25	8.25	2881
5591	5.25	7.75	2881
5591	4.75	7.75	2881
913	-0.75	-0.75	122
913	-0.75	-0.25	122
913	-0.25	0.25	122
913	0.25	0.25	122
913	0.25	-0.25	122
913	-0.25	-0.75	122
913	-0.75	-0.75	122
914	0.75	0.25	122
914	0.75	-0.25	122
914	1.25	-0.25	122
914	1.25	0.25	122
914	0.75	0.25	122
