x	y
-0.0210381361654199	0.0182132635817478
-0.0703954977558613	0.0626797519989432
0.0512901633307377	0.226001069882416
-0.0734051965759337	0.303171548446559
0.0213389477211903	0.069698251924971
0.304203126263368	1.58900796642799
0.298824249986034	1.57626760173108
0.0963406790738092	0.259376041824561
0.10447405679848	0.0784272745637661
0.120571589042311	0.103703661390635
-0.84779259908817	1.11799255425205
0.00444365625805417	0.00280865108862486
-0.393490846448767	0.270115318362001
-0.076925338133178	0.357993228453304
-0.12953235475914	0.618164658545262
0.190706750836149	0.658084617832495
0.513311760442909	2.09556791749547
0.0862241365410519	0.226082803193839
0.331698342408757	1.43774186717635
-0.174413252536689	0.171212337635046
-0.100791861021361	0.0857239294975702
0.0327754374859205	0.0282632417426965
-0.0154544632250886	0.0117496919110303
-0.0365071389893817	0.0278294674214124
-0.483100946034642	0.542256939349383
-0.341990129987648	0.297801232209223
0.581455849407081	0.552803131754316
-0.0198754132405649	0.0130189881881635
-0.512634515860512	0.599471930753902
-0.0791406223041179	0.393353601476347
0.260090454076755	1.85837402048809
0.305015393686381	1.93059475669277
-0.0469337502786704	0.166283711210445
-0.191751438279243	0.640296853023584
-0.328496461706379	0.995386229199715
-0.158458782313405	0.135619611591561
0.183251881893107	0.135009624091302
-0.927866479491318	0.666440802238501
-0.429025366613312	0.324976179223879
-0.802162062712345	0.740116198716367
-0.404502139347893	0.168935177344682
1.2344630152591	1.34185617467636
-1.46654007136076	1.00666339331698
-1.48108857185159	1.02918113225087
-0.40114756233401	0.311172919433038
0.596422659583285	0.443634951432652
-0.683025148944704	0.471054649856337
0.0450669560145304	0.200230493194842
-0.0718608183572533	0.320107060108271
-0.496854650277388	5.4808372419081
-0.940555024804742	7.92698235723391
-0.521524853042986	1.7864333332617
-0.510589202190927	0.385700628122476
-0.498044578456213	0.367508315360888
0.994210450094037	1.06873921006572
-0.337781402232491	0.201366139926052
1.1190645685139	0.996608297647057
0.277878306179339	0.206060631830438
-1.34835264196763	1.10426085095662
-1.10160190607598	0.753314991414968
-0.991928365674222	0.501235694208886
-1.32929577210292	0.828572956137537
-1.18290989842211	0.657860217856675
-1.67875050504526	0.969829586643215
-0.071355344363539	0.349009742859181
-0.126424775912188	0.674193676950509
0.0915307486972825	0.215089766985177
-0.446812044736031	1.16949774946932
-0.0913402148514143	0.0366757465217304
0.692104522158643	0.330312251704577
1.7525236036762	1.3463363295966
0.686097002856916	0.324593706653465
-0.152060951304981	0.0550349770780335
-1.04229984109759	0.418980576578679
0.0458259015785081	0.202454086269707
-0.191138892964647	1.00865200444329
-0.10122704423554	0.13791912728039
-0.547582531420182	2.85233763249493
-0.163943407918264	0.112288422350392
1.87331154725887	1.98811679120633
1.00302469957437	1.18291280587909
-0.147815753727985	0.0836311319468407
0.179359123284641	0.12140100406068
-0.0834244390560519	0.0509459353506953
-0.0310282085722712	0.122032901506547
0.0447185288111601	0.15023276620609
0.0445165599667691	0.123811430910464
-0.0368978057824854	0.0535986787369137
-0.294882622925205	0.579160430639447
-0.448350967541789	1.05253361027268
0.000846730040040164	0.000928587408671618
-0.544552785546257	1.31877957726977
-0.287766077819392	0.49365203436671
-0.0991643698707434	0.128939593090339
0.0999870326695548	0.476760126743515
-0.132192900335937	0.61119041416499
-0.418874182226153	2.45703168907957
-0.164256985673289	0.354010694153368
-0.103459194581366	0.190440632364589
-0.731512079729257	2.35286342702041
-0.267193310725473	0.581737465022598
-0.00180533682907552	0.00269600901223746
-0.52687861587406	1.50440573978471
-0.197306414163944	0.361244815150928
-0.19329349666319	0.244279341517141
0.0505861572648696	0.208999960913044
-0.0227775787897846	0.0694863445547823
0.0556674144953703	0.110855725863444
-0.0393087234763538	0.0676577958778882
-0.107652956345068	0.212253730858388
0.0804226996786034	0.136736730943882
-0.0858371442474941	0.145890146438803
0.0817926994585506	0.143325192500445
0.0180873983932276	0.0291511956024423
0.0755371016899767	0.1123309794803
-0.223248803783463	0.352145250826254
0.090645798325735	0.127093425537414
-0.308003778754395	0.434988467165089
0.0472917159741634	0.192958443859351
0.129868280979122	0.546973482962938
-0.206403472379783	0.40241970068414
0.0356999014525472	0.0527213719042202
0.132735641189972	0.210057279659784
-0.217231834693172	0.397858063543078
-0.0926883923204484	0.138634463404865
-0.0273395004718185	0.038275434156798
-0.500136326294146	0.847628693883167
-0.176103542139191	0.22133752224542
-0.190883754194611	0.210674694562232
-0.0992183937018646	0.126591589587269
-0.122576496142687	0.139858220198211
0.125456692704922	0.65944010918404
0.064609120228075	0.232336603138423
-0.0321167519075491	0.0838576708892025
-0.149856426642281	0.442655958948386
-0.191016917234883	0.571176716436194
-0.330562212051332	1.19716559114358
0.0973218260232115	0.219026787200469
-0.236836276077504	0.602906741660989
-0.214601664215358	0.475520516483939
-0.111980298274957	0.20370049461542
-0.045426994974248	0.0750207458904072
-0.357087562571448	0.906777017262378
-0.479767279060023	1.09490881903569
-0.408552570999554	0.801769613794313
0.340369036393709	0.564295758395078
-0.171206797425922	0.22875804120299
-0.389622338651323	0.681163157277054
-0.261750668451469	0.370780233447801
-0.177045875098455	0.240672385619813
-0.870486636781007	1.83914049845135
-0.172888006915852	0.179345930958389
0.03669270014994	0.14154072110053
-0.0839507664031598	0.319433805686818
-0.116692381570966	0.375591369264896
-0.225750488797457	0.785653335701613
-0.225929740128652	0.751057911354701
-0.0916029138248217	0.203785414606593
-0.18795597460738	0.470955459812256
-0.289722391667879	0.822601321973632
0.0960721074808897	0.179286683807549
-0.0958267756685719	0.184316434670996
-0.207725639479004	0.452085445606704
-0.167952877942544	0.313452266770488
0.0082964417557446	0.0119118664994206
-0.097174924818024	0.154430427458526
-0.556491531726255	1.31497110630768
-0.0528265571209964	0.0773733545373272
0.292527748996297	0.504191451405923
-0.0888446046869794	0.121996986829613
-0.303667904851379	0.539454845655814
-0.338241921125669	0.606826589983276
-0.241345356357897	0.361333686123213
-0.219669019148791	0.304465490653922
-0.459400128591078	0.682546319347962
-0.203325546610694	0.197729060813752
0.103083027553467	0.0770393248227961
-0.0765440331468917	0.0711219942865519
0.0312731755272905	0.119784522034371
-0.0892690136402065	0.347954525714376
-0.177462269930407	0.672782184202218
-0.209614428720755	0.743264099150448
-0.139400637246433	0.373353058067837
-0.282914084433602	0.855064146972817
-0.117495601400897	0.262128260582452
-0.0343371791630753	0.0580807168912149
-0.094216363500684	0.177228830070786
0.0146996285962869	0.0239196907103552
-0.394996193729485	1.01711025656449
-0.219280525949552	0.459580361592162
-0.102747685350992	0.167721222404851
-0.211357500671139	0.366888782842268
-0.365915295917498	0.678567600025907
0.00626320021561795	0.00822900449652711
0.0914212318821806	0.112062140306556
-0.0111269415184175	0.0137851567819814
0.212054713401612	0.29172047592431
-0.0815692270839367	0.11007455362437
-0.0723607686329158	0.0853730866795256
-0.311711784717928	0.515182178036165
-0.422617932121331	0.650108743625958
-0.632220840832124	1.05253710228858
-0.0615349042708757	0.055726844506625
0.511133386092125	0.673258474030277
0.0415564479821915	0.0366318034421878
0.0619455381662059	0.260709557762066
-0.0843175459941957	0.32054339825698
0.0587259623111851	0.168476908674452
-0.100002760585512	0.263895251280231
0.00275481185973875	0.00527512769679994
0.176037071664099	0.441944589154684
-0.0821352317119581	0.160226146420606
-0.24054363874876	0.608677935618317
-0.269790546990172	0.648360115866226
-0.528583793681812	1.54357226020701
-0.567141129711728	1.75298117641322
-0.174371707522693	0.312198142815945
-0.282083104644785	0.530680152779947
-0.00395090848444031	0.00512809294187503
-0.491318055890465	1.16687512400542
-0.0139580431523686	0.0161616082647089
-0.292506384960594	0.486647270057617
-0.407427137656973	0.660898560169875
-0.123764623238384	0.153377884183857
0.0728804938492168	0.0814590804740092
0.375938999612438	0.419727273172161
0.184122440552389	0.157664648316985
0.151464139991667	0.142927265855606
0.0475876085304157	0.192611451501289
0.0485805875907282	0.170322866300094
-0.0552628220389067	0.150060641227095
-0.0228080917534883	0.0531790727923875
-0.187284767636287	0.516581467405177
0.0670117849197468	0.140096337806622
-0.294539098779476	0.863234075257073
-0.701491422548281	3.08046315527972
-0.315775524936589	0.800018510259881
-0.0478700388092283	0.0822512978899689
-0.678726838124356	2.39499561437229
-0.00986550917079897	0.0145608378012399
-0.0300374408299167	0.0407003365326984
0.111666728748464	0.165771229999228
0.0512599229426165	0.0614577445698768
-0.252846116918558	0.389015981494627
-0.155281096701962	0.256519489113991
0.0136137149443388	0.0163998168362436
-0.254747374854383	0.409375841032327
-0.131334560611997	0.168509255318729
0.549917341876318	0.91561169796667
0.00257457059604179	0.00235388369452372
-0.0817895842896017	0.0597675780456531
0.0974264124370853	0.0917800041265366
-0.0564389245856731	0.0585105201619125
0.229253249627232	0.275604709331146
-0.0489298230470364	0.0517527246692535
0.430727082826731	0.665880337454042
0.0586728556096498	0.252665940380388
-0.12115738604688	0.523088804070572
-0.0341539198218251	0.0895974013579976
-0.0612747031616964	0.151647129687127
-0.22676585100834	0.688375318011959
0.0139211396027364	0.0280951503338363
0.00168180294603815	0.00332860687701066
-0.24828664170284	0.632593946789112
0.0645201798535574	0.12314247438712
-0.272027593074043	0.667612153017511
-0.104168643971556	0.185602915778958
-0.861589988845834	3.31713316890717
-0.515479779728851	1.35598749907498
-0.246586475316405	0.45455826619983
-0.177941856794055	0.27375314310005
0.0592160864640589	0.0898953273967963
0.0709697491460505	0.0960250852341185
0.235890942566476	0.405078285287729
-0.192451963860657	0.302074528402821
0.149621198423107	0.222862373113364
-0.245827487556884	0.379900055600742
-0.337496513494105	0.563619537335273
-0.19816031249027	0.238664570696014
-0.137645058379715	0.121238722201638
0.0875520664204657	0.0912366744515754
0.104542378849267	0.113361376467766
0.032435348759416	0.0359043632763164
-0.101465992146288	0.10370909194836
-0.183778182000764	0.231016942404794
0.0164840815611035	0.0188544145571837
-0.106151268598835	0.125785569745094
-0.0374082605294096	0.0377607992957329
-0.00659651948891987	0.0225597712704075
0.00922975103952948	0.0269128940971778
0.0265483498145346	0.0663621717415183
-0.322217222333481	1.26050631117489
0.0404606657575509	0.0858336874816107
-0.182979744232736	0.487082524036025
-0.34298172457521	1.06800119125785
-0.0155287858325877	0.0268248321278603
-0.196362620495796	0.419081093403654
-0.107823808882231	0.18263359567568
0.200716184085736	0.392082056698472
0.12419863486025	0.209703508052734
-0.219944330075488	0.372781545601234
0.0355972809929665	0.0418785093116319
0.0246561652558811	0.031129903373051
-0.603058674638089	1.30108882126839
0.028061316832984	0.0373900641711436
-0.218236984993517	0.343854718614322
0.0263474755482127	0.0316441677234458
-0.501565159391279	0.862105286786848
-0.169647882714915	0.197810817576698
-0.0287716618458796	0.0245514885255143
0.804380281958299	1.19982219980374
0.0901226544607923	0.0925618139323311
0.145533051848698	0.165220698060281
0.646302575523004	1.10375281741736
0.230380834466141	0.33740845481523
0.261486028222789	0.356472355716549
0.0561431350566453	0.0589892229210042
-0.405024125285503	0.571081824682437
0.528390642233199	0.833224417019492
0.199157058478858	0.213243406513428
0.29879496340486	0.356896135305879
0.0658096891368751	0.285366373065642
0.0127154856958295	0.0392719054207225
-0.0188142608642168	0.046815781626728
-0.349143324080046	1.52914283360022
-0.0638787425126212	0.148016952167699
-0.00302707259439773	0.00561572904008402
-0.0800075295448045	0.163145966235654
-0.296376938785526	0.775087422147809
-0.066784864497393	0.109052657458635
-0.0587030589137435	0.0976882269659521
-0.291704582895031	0.633831784211693
-0.164547767108465	0.269379435061481
0.0754505842932293	0.107638410348956
-0.0686584331137665	0.10353142818903
0.229428027761265	0.399825948456368
-0.194746983380201	0.359052769719232
-0.540337979621186	1.27205216598046
-0.196251157914339	0.314096180330386
-0.249908336509637	0.40386569509581
-0.529900680440717	0.990082249202404
-0.0393512356137808	0.0391081428781883
0.326306541071203	0.330961881130184
0.312159588340302	0.398186009260415
-0.0588816767960733	0.0647705924927489
0.0618941899697941	0.0650077513777532
0.0152470837938887	0.0168504725158728
0.404485329396535	0.624573174602598
0.0133442842655434	0.0131114701049665
-0.145489279107407	0.19210499104286
-0.373674366661553	0.500720993860662
-0.0697834993597127	0.0796907625208912
-0.693515115952398	1.13778598075983
0.203318048882407	0.210474037114701
0.163296503892878	0.0985674791697309
0.154130719521848	0.0815088424153686
0.0358586499516794	0.136044587097229
0.099124653547403	0.389277348317387
-0.0903300423179008	0.265038360688114
-0.120442155113556	0.332839412879756
0.0475770056332519	0.095874476592246
0.342367460095155	1.10762290283809
-0.0293921071867309	0.0546012119730409
-0.0237702675817426	0.0387512326114281
0.116007568895498	0.202324955617095
-0.392597110647473	0.902688405414908
-0.000466315063396286	0.000570145089237971
-0.196012510831153	0.335977801564988
-0.254893957831717	0.521828747570485
-0.494322116235245	1.10381658389185
-0.410057464973288	0.887898478986273
-0.0793732466187947	0.113239577130397
-0.478077526638807	1.05842298702964
-0.214474511657166	0.341957625173836
-0.093038141181637	0.101024409570314
-0.462654935893061	0.591463622604952
-0.258231689122286	0.25155490670907
-0.762844927920108	1.35291972256541
0.15674867990702	0.201534090546333
-0.0381863505708296	0.037335816982566
0.565457758695182	0.966038898876054
-0.324948087542865	0.474832454523641
-0.0909886732865816	0.115446566989564
-0.244732070789426	0.304602751147532
-0.382830182434792	0.550346010119213
-0.0912844152292571	0.107064166903248
0.0801664414526754	0.0817280053327497
-0.35433009452785	0.548029906685139
0.00388729755252558	0.00378432231311089
-0.0723081731958569	0.0589782820208343
0.450760518327356	0.605145145191902
0.103084789794811	0.0796280388285821
-0.112156997915266	0.06615031141907
-0.0532267510007842	0.211724322019903
0.0604875621997443	0.210195887593579
0.0600110615870887	0.166240052114202
-0.0851048280876232	0.202056624260081
-0.130616989540423	0.311896750941507
-0.0684929364186474	0.136098478751142
-0.064387913067763	0.118879620659699
-0.352816738064322	0.905643185793108
0.122874277938615	0.207640614646149
-0.824826014923843	2.51732609546333
-0.0779664595668574	0.101268182704573
-0.125172853798396	0.209444323951457
-0.301335159712537	0.532855969901569
-0.168207920059047	0.290798100149202
0.098408399469758	0.135717627707241
-0.27317584596053	0.474385794426297
-0.251650528188551	0.393618728358202
-0.601553968139268	1.22811779447262
-0.664022875964144	1.10771329926582
-0.25787727348907	0.2650889481655
-0.552001230453393	0.844439666239042
-0.182312877669147	0.230545874052485
0.303399432666173	0.3889878271836
-0.413652598936896	0.585652500794309
0.311400864455594	0.373590454264793
0.630003613614571	1.24726665062953
0.0286540580888498	0.0284724167929977
0.341413250359071	0.545980450772775
0.46440636052456	0.848097513793784
0.161241703306529	0.190453488546689
-0.413132660274547	0.610645721412199
-0.163868752113407	0.179113259101329
-0.217204396046557	0.235638252846084
0.407183030987995	0.573312214421361
0.107531717824161	0.0825362753931109
-1.03465413128971	0.413113979924677
0.00306873845956513	0.0104465921084266
0.0293003006228391	0.0969729570861877
-0.0951739830455074	0.276154080447734
-0.121345332272367	0.34043655064295
-0.0881709130645396	0.20310423368676
-0.0178176312945812	0.0337229082476266
-0.0620274883864858	0.111942532722196
-0.402329979994227	1.13112037571713
-0.102435328946509	0.170552903654681
-0.532630994664053	1.3029072680033
-0.146566809159711	0.267825732825233
-0.338870113556769	0.735264349859411
-0.0733077727894314	0.119911174115844
-0.351899358444362	0.761862465515036
-0.379787134448533	0.885554547086864
0.24290026628187	0.423628657605089
-0.137487318026458	0.182963974855263
-0.849365480459619	1.77756541395952
-0.915019038648619	1.74625220320295
-0.817927410029653	1.53091111665592
0.0857599340203356	0.111196788258897
-0.187921873887131	0.219063522262678
-0.473059777302553	0.834967399060517
0.327183577951784	0.531570312566094
0.000253399659635117	0.00031470581480093
0.159475685783069	0.223210990337207
-0.147611246930006	0.188109638525009
-0.0334169696211137	0.0391144588618187
-0.235556700198396	0.326282932281958
-0.05350546326898	0.0632368979473446
0.0361428534449249	0.0344331598126014
-0.550411447974573	0.763979681863275
0.256042566498699	0.290779246133585
-0.87992249377632	1.30283590486016
-0.230426265062417	0.149707299288419
-0.545833251120716	0.344865649519863
0.142353333383351	0.0486168909716807
0.152230318137847	0.0526288187748188
0.0427920968572014	0.172275988125903
-0.0438744914759821	0.145834935637309
-0.0748803862510573	0.217083703163498
-0.227856942163706	0.794598246401404
-0.449107482098135	1.84879591179358
-0.101067397458517	0.211064807330081
-0.193282160049045	0.458704195688235
0.0446961551347163	0.0769496816539515
0.0437646829041625	0.068606349247562
-0.0439295334404834	0.0714630001157106
-0.0288631978587018	0.0426449472068048
-0.15080077770143	0.284567370760558
-0.3009297086394	0.66151773288799
-0.410629598543336	1.04608540979207
-0.386646892548108	0.839728026374955
-0.340213347338425	0.602392887733365
-0.632785971866128	1.30738994378669
-0.104625745596895	0.104488220249673
-0.631446684605057	1.20640852397469
-0.0474295267162908	0.0582357708636504
0.189885210819304	0.279499379286952
-0.0876387600952283	0.107233156466416
0.0436232730768923	0.0488577014834596
0.247045426749482	0.3679448879432
-0.374274674998506	0.647327010918265
-0.258526068046679	0.38736006775956
-0.272874836191681	0.435367758741444
0.0875962139280092	0.0993821898788238
-0.458588057219131	0.860115167390374
-0.130888085663423	0.145732734671627
-0.297264253318403	0.407640674890331
0.00124278999384042	0.00117346029738878
-0.299620105459431	0.30336408830331
0.00168708289034339	0.000712057917945932
0.143509226221105	0.0612332889763833
-0.343693528937163	0.0996288364739292
0.0555014296325234	0.224065298917652
0.0465951908117497	0.156821033649234
0.0364842271228749	0.0927520102166426
0.0255780248085666	0.0519424474797778
0.153134559254941	0.376070592165555
-0.148094073601816	0.319394494726374
-0.341586795560282	0.853684187018495
-0.185312704641539	0.355375261790454
0.0569078207826996	0.0951775594227244
-0.0949840058823735	0.154860561684521
-0.309393003147844	0.689192446104192
-0.203141429114358	0.40238012842187
-0.28095090214925	0.541751868388707
-0.593931505200318	1.46949770723385
-0.853009208217711	2.29371173525119
-0.274866909152891	0.399447462976598
0.253681171605729	0.316917977190631
0.0820446738645398	0.0839148746853522
0.400645241439414	0.758449199385128
0.302657906393156	0.457617029281899
-0.0462466245066414	0.0531729602286655
0.427092263875549	0.765900008085209
0.257102728378553	0.409207328619197
0.607609007167809	1.15376866271347
-0.416299829318326	0.687118942055233
-0.218249632982847	0.305425925932709
-0.245815590088836	0.301248484043209
0.414656809213665	0.702813509605977
0.241509752342592	0.370063424572465
-0.233170879216157	0.256493430125276
-0.04799965566767	0.0468260856210293
-0.583423414560822	0.746876177663688
-0.88742429377557	0.799586126041875
0.00352119303603783	0.0120285389837596
-0.0611174044156471	0.217566807140311
-0.0650689474916688	0.17685833078601
-0.0424477551306631	0.0925052971156672
0.102254172612822	0.229892443594105
0.00928831220835094	0.0158082534153312
0.24577521824453	0.547122069199981
-0.120701487550608	0.239800620679209
-0.246500613654599	0.506637291280336
-0.524184250083649	1.6111314797433
-0.233678054247042	0.509785440402466
-0.425797444339744	1.17221946942127
-0.4257002214105	0.968905749066359
-0.198493662409962	0.308112032764724
-0.274987969891835	0.4096191340428
-0.202276651784478	0.252230086120324
-0.552464594441341	0.923188173304793
-0.185607211626391	0.292141832450084
0.0376493737967546	0.040305262811779
-0.262620662208487	0.423469938037776
0.248248725766723	0.388465938795827
0.329116741198836	0.625194181148422
-0.446603144944351	0.868555545460377
-0.273946434718576	0.419583959096917
0.114904922288672	0.159266386580276
-0.180520058348162	0.225509436680845
0.163523057662671	0.220092354588999
0.246276161406822	0.329906295513426
-0.370555648343926	0.476602861077897
0.0373124454722348	0.0347222966016521
0.253612506652203	0.236813380453448
0.394938990217249	0.31724883775455
-0.00418889874328043	0.0144271950412678
-0.0413556327397103	0.135142621379561
-0.088597611413013	0.244100626375771
0.0824178693416105	0.195750064866975
0.301429014319354	0.886342004546614
0.0185444710436431	0.031476142330664
-0.00796275770245696	0.013971068282053
-0.0273063716459892	0.0422935901029572
-0.415660974975804	1.25708064202981
-0.423376166258467	1.08309409064321
-0.433929253096502	1.1644174765189
-0.0968971628690449	0.159391792465092
-0.486106243465684	1.14689952363668
0.0322638592480168	0.0361742946636986
-0.0881352951567349	0.0983714125250794
-0.26330988241805	0.405766611309547
-0.07933899306012	0.111283945401862
-0.142139100459934	0.193128497791325
0.742669188147504	2.03156721506127
-0.0504501713431921	0.0650368194285521
-0.25659764670711	0.411394975625205
0.116223341176921	0.151939651589189
-0.105299366496363	0.135557589570169
-0.184007601754795	0.285278497073539
0.284728630937477	0.396695198170172
-0.479068107104281	0.953379382952285
-0.147428146007002	0.179116002380315
-0.202602693450569	0.238570391434513
0.154708035959611	0.183652394611274
0.105729798152661	0.100179366569257
-0.262897275506886	0.161550782920019
0.0149993988769268	0.051799221266291
-0.0327410248970631	0.0972895426778235
-0.313193515662459	1.32814784347616
-0.0394598122639001	0.0795796558382697
0.201514455884885	0.466308744644881
-0.21359142801413	0.537148142446521
-0.0525611943132085	0.0900481193856274
-0.0345202890937918	0.05747623362481
-0.0666177621815002	0.108271175427907
-0.229549325932944	0.499139048280778
-0.0258615243363882	0.0359479544852689
-0.202944398138659	0.316714885503741
-0.15603657477474	0.201274091457805
-0.466357439637275	0.672646369766871
-0.458615268066585	0.856175830811054
-0.354238344783047	0.604228822326043
0.138550889855264	0.192570755650755
0.282586855267939	0.50025096746833
-0.2959211298318	0.427186602625237
0.0479156065948301	0.0597517030275522
0.239209551079497	0.358308047459897
0.166964686629893	0.260315849431783
0.748902106106333	1.79691997931319
-0.0433426848827765	0.0478324292917627
-0.0339348108616657	0.0425986922592204
0.131305702228703	0.153144688787395
-0.618210013553956	0.92200386966507
0.0291820800328404	0.0276743419114403
-0.439270927386182	0.463956592580136
-0.110226671411881	0.0647491594184615
-1.02985304618648	0.417366865086498
0.053774311451551	0.213645395530645
0.090993563682643	0.345536367782656
-0.128931881398012	0.373442127252632
-0.136894708691678	0.320108671146469
-0.113755732040368	0.26601482250161
-0.121942624264438	0.252758366951663
-0.424327790611239	1.39116814647415
-0.165785431978406	0.342830262560306
-0.364757452462006	0.975708609272519
-0.367846971819601	0.872373312180416
-0.102383647031024	0.151515987189622
-0.214402795566898	0.331721536139872
-0.155479716150126	0.183082873482511
0.00431339425519075	0.00523798719820833
-0.185396365592449	0.288063480723696
-0.0311018587695966	0.0398309069279801
0.0536559354616489	0.0682667173074289
0.313556227166576	0.585053517641725
0.097930501349497	0.132520967727548
-0.187171800719167	0.252201482624208
0.144441516541625	0.176197434770975
0.216988575867355	0.346501466710482
-0.28713549852567	0.426417341972829
-0.181863333924796	0.276194409266217
-0.0254859838357831	0.0253196900115833
0.110253525961824	0.122545732249395
-0.390231146484532	0.542760326375679
0.622945713262231	0.888670885872496
-0.425419858745053	0.362651563823281
0.0572905633119663	0.233763301511377
-0.11850822463603	0.463075450007637
-0.15284507226816	0.455941315179307
-0.027368543985536	0.0575487027100924
-0.248167242940314	0.711730539921666
-0.127721144321573	0.29440643139416
-0.104310236592803	0.21530772463116
-0.122877714495592	0.247769719569867
-0.774888062017621	2.88309228615307
0.047224900028611	0.065638793841439
-0.106954143203492	0.147068652913532
-0.220765022182653	0.33964666942944
0.35496856345664	0.661147731135924
0.18050163673927	0.316910659274969
-0.117530208049733	0.169210879381805
-0.150405240049151	0.234649183841233
0.442486255842283	1.03322864136867
0.295551060860174	0.583682261173525
-0.0554119456778703	0.0712967769435196
-0.0870510272368092	0.120390891070893
0.383768195627618	0.812245724316344
-0.206905478999812	0.315851216673686
0.00156362552983833	0.00171657349684052
-0.372593084650684	0.560638980949632
-0.142513909320265	0.162706371438556
0.287746183741861	0.376517401033957
-0.456751010709638	0.536300631854584
-0.8676866699393	0.922000411449794
-0.0363024889354528	0.131868875646113
-0.0633458529185298	0.200860335811764
-0.0514793218508953	0.132568869234354
0.0113211544319817	0.02229831388467
0.027615128764736	0.0540598384248705
-0.459244085463198	1.48966300092404
-0.300201859243255	0.748050947952215
-0.378632663387195	0.94312506440832
-0.388572704773062	0.8035067795734
-0.436296370019999	0.93385240377146
-0.293090131435608	0.447353010230656
0.311080344622676	0.54591721317765
-0.170135374252389	0.269599025797466
-0.0147909299649731	0.0195349270871241
0.0340140080395459	0.0452199640535437
-0.117473240014583	0.162976626149685
-0.151181363769329	0.232717831757608
0.186406693588638	0.297999599833434
-0.044321741077489	0.0556782697075445
-0.148023819765671	0.211516514670483
-0.18733088602792	0.273097841339927
-0.0289932968938538	0.0348513732758671
-0.561856536042292	0.928442313313725
-0.30533419438225	0.408005801457782
-0.614087974888605	1.00035357803
-0.308073749484493	0.363724878588666
-0.507286862403304	0.382233604141657
-0.935937785811334	1.05007835377855
-0.500704223426342	0.264177648854507
-1.139798321011	0.349782272227464
-0.338232313416877	0.0987458905293902
0.0357893548175167	0.128255474458864
0.020644671012851	0.0605903273638737
-0.193940985237626	0.600009305229851
-0.0361398922265673	0.0738154846935309
-0.417214650711214	1.37162936655911
0.119166642906079	0.23501711854788
-0.44772046536921	1.20043639407547
0.215963094178353	0.422068540384009
-0.113818896914188	0.151912764505845
0.159231413147527	0.216123641082717
0.171560530560144	0.246639267153946
0.23929410595736	0.441484434141198
0.093702300823982	0.121530077035216
-0.0706112663140466	0.097740984560183
-0.0157589409067863	0.0182183733559306
0.479622737254443	1.06788674497409
0.095399580370974	0.118164744838267
0.048813270076669	0.0622108388129826
-0.318442769265559	0.564786795517588
-0.503751775353578	0.89996090565445
0.342466028239357	0.555552837998607
-0.408625278523055	0.601058399704367
-0.0709198764841672	0.0682168602143806
-0.0589362273176072	0.0547960295209096
-0.881560995617067	1.22909940810879
-0.611561505312445	0.498766111682279
-0.615518362639117	0.300322368369469
0.0633242929197064	0.270581604845397
-0.104431333396495	0.410319128917096
0.0203338623167105	0.0522409992148018
-0.0836688589573962	0.221771201314719
-0.147539058105188	0.390800611354842
0.170161544436861	0.423237277615739
-0.0955361379627192	0.178420692223286
-0.120635428618467	0.218843220195746
0.219443230054682	0.42127040566184
0.26263258841358	0.489386311555254
0.225030364341965	0.494958091029346
-0.127604376866412	0.222940622449622
-0.159416128407879	0.292469495240496
0.272128073920867	0.555781715657167
0.402966185008056	1.10153391996142
0.0667047131117516	0.0947215557407375
0.455343226269546	1.1153701526988
-0.0588398318891665	0.087011803007345
-0.309945704731104	0.615145890429123
0.0675873516812298	0.100250295461382
-0.769527110948791	1.96090165065678
0.0656283304319876	0.0797514302897765
-0.254221442049264	0.392477831003843
-0.0375550886730903	0.0351564544600002
0.0473253922806716	0.0370759953367394
-0.0314415315633269	0.0147539454851235
-1.3360566538668	0.838085311258419
-0.456647449834149	0.420415599035003
-0.238528520008431	0.119023559509709
-0.732708626851589	0.255851771606928
-0.891988090751564	0.82333370307219
-0.902689168093683	0.828508686249181
1.07704936035016	0.656526074845356
0.0325708526711588	0.119269520959486
0.0628391683842023	0.222844282076674
0.0500682190149758	0.136311621163751
-0.199888376039349	0.626348839554775
-0.0806854000628459	0.175669793017311
-0.042858206550952	0.0758051753554823
-0.191885623763536	0.405539920690391
-0.135521909449185	0.23881268802252
0.403830517654888	1.04361640410199
0.14284403329288	0.284128193250174
0.167838766725327	0.305045500517166
0.359712524681499	0.895263464953473
0.391847125302451	0.940129187512299
0.239203443238089	0.491280907001693
0.356578873355441	0.716769634000647
0.237064216099848	0.428214361418652
-0.274902115283239	0.515784087614864
-0.0702807898120306	0.091047527039546
0.395147925351229	0.759966635843602
-0.141452425330364	0.194886254217237
0.194740575953273	0.245889974096457
0.0732089176418892	0.078147831506934
-0.686477782928791	1.11588677580383
-0.0869176006574557	0.0524841603411597
0.35942146617462	0.180701703550881
-0.0522801576738306	0.0327593374308754
-0.278668877035961	0.174799123847118
-0.223445396665255	0.0731100986253306
-1.22996710348635	0.92304977855014
1.44297637233872	0.896788962045422
0.157631418222578	0.0304971390385879
0.147807964842846	0.0576339568271193
0.104755466523104	0.51563988700075
0.0228259025811991	0.0734193288320816
-0.153364065496623	0.553743377552459
-0.00265020155920509	0.00579803134021408
0.00449203172823677	0.00877933397883149
0.0450771214532956	0.0891594196575494
0.0924016483175645	0.16912765005081
0.28006011351036	0.716889632164693
0.463157633620649	1.67907980716162
0.391093642473372	1.21795348857082
0.259136008947206	0.643577284239813
0.13491279758646	0.265522955811094
0.162297476810734	0.341508736894201
0.654636665999421	2.28568638149717
0.296788900302088	0.639088964043807
0.0397786996798131	0.0591878337419124
0.176717184935849	0.319187416824354
-0.0338947745001979	0.0490046618158236
-0.48742778992294	0.93196836458419
0.13932560400422	0.185524891750292
0.115327173310133	0.14344143053381
-0.123704199861366	0.137968087164378
0.212209628915022	0.18779543589054
0.120560390188514	0.103538808977094
-0.0223603336574208	0.0146774206175383
-0.391079604211456	0.307330635987688
0.155925011158223	0.0670464241800603
-1.51396593073936	0.54893460092185
-1.1677524946686	0.663254333670944
-0.0600109590798035	0.037341833993565
-0.581783355816948	0.412184886744611
0.896793598301579	0.900186767116088
0.184066431712965	0.130606670515226
-0.3098125210572	0.142942432210533
-0.765321615293467	0.335914507387725
1.33350574477912	0.592482011199862
-0.0723101973463099	0.03139667803549
0.1588995276689	0.0306480879354901
1.26582577325764	0.71338648618966
3.63496088118677	1.451939681774
0.143757614577875	0.0559227528032603
0.171228728254333	0.0973147232122454
0.0382587015929218	0.150099753744988
0.0716860114902043	0.26681306870309
0.045525187526923	0.12414279654414
0.0350332619212895	0.0781433265385089
0.173657327803396	0.459481591301978
0.176399660562549	0.416157473252866
0.0743461525577866	0.156005299251782
0.130012900421283	0.303965178270794
0.357507899527627	1.06279880905298
0.189724347532935	0.425190026439204
0.155179098651555	0.315322238742879
0.178022467185882	0.392626609330921
0.228135092436828	0.493828521310749
0.0687335202957088	0.109917544438437
0.0488228945528595	0.0762530811329794
0.00948847572533972	0.0125305824758224
0.0565229520572212	0.0841604995139933
0.000183247202126923	0.000188814652247599
-0.0944996305186639	0.114827610936773
-0.0157198975499524	0.0177364954357362
-0.236783807741133	0.273446499717617
-0.666795136370101	0.725887803235625
-0.294335727396823	0.262920812096989
-0.151668988485974	0.105899293378284
0.064089888262822	0.0426025507110811
-0.217376423974934	0.0714638472668936
-0.524252707979673	0.204085170600417
-0.925072654408635	0.663812944565822
-0.532546974902609	0.441561626322755
-0.803185211495387	0.526083455070701
-0.563548080652894	0.510432915852224
0.140138874640786	0.0724269341525374
0.499956014947052	0.31336087686488
2.23979872754517	2.42069986133544
1.32669678794119	0.592095970478231
-1.81672391556845	0.755139764558434
0.398473764112703	0.181250827287522
-3.45549576669823	1.25034460620717
0.482348617255009	0.322031185129001
0.167846042512584	0.0427707788849589
1.05756443758008	0.524759187496267
0.162896769622509	0.0918613248754805
0.44459743728619	0.318252643117441
0.751642168276837	0.725810636050758
0.0129067787821845	0.04552599697435
0.0860372333661965	0.325785871025071
-0.0239533169589567	0.0602521293260839
-0.0828677423076986	0.211427700926142
0.00394930181684585	0.00754172632203399
0.298083365673535	0.946724499230605
0.540867829819413	2.41635618234178
0.337482817212997	1.02066064222541
0.452644742052591	1.60605026094885
0.142712676479228	0.284685625738849
0.272614138832224	0.681840596487196
0.301548236441442	0.694299401994948
-0.0942628186416189	0.165256174566422
0.0822591376178286	0.145081762599589
0.0556942465122249	0.0740156923467408
-0.167388360204337	0.304820574852781
-0.559452976435636	1.26817311867949
0.173226392452588	0.226788875271585
-0.258850968655453	0.385565692945117
-0.218549878786545	0.260611520272193
-0.380332547125968	0.398829313162432
0.513970953890499	0.435083821712011
-0.0105953297889875	0.0070553095789141
-1.19963600917301	1.62896114696128
0.171573602421296	0.111065493950452
-0.036975252782116	0.0235651987868425
-2.29264116004242	1.17536301784721
-0.318549134966768	0.147968784491397
-0.0686550855313786	0.0299624414631914
-0.276223115443248	0.171062387615438
-0.354073064300229	0.250838464255371
0.453032471057542	0.322642621262925
-0.0394737661087769	0.0253763615844906
-1.59745237467177	1.85025235431148
0.6444594827684	0.677220445106878
1.0977927383399	0.817328409385085
-0.718103204077293	0.683412510148404
0.690396292036133	0.322312669512216
2.76088021610819	0.795949787637318
0.162378104800928	0.0310834456145106
0.301895167039692	0.204436012307276
0.528774895140429	0.192704403574892
0.662416160907678	0.461856253157679
0.807728046078795	0.342525839442188
-0.0383917533581148	0.144045665985226
0.010021921290018	0.0294934479064955
-0.0901586758766944	0.264408472923952
0.285074813918476	1.00455431754843
0.422009030084479	1.68486500063883
0.402877745504956	1.56307014462134
0.129170419832959	0.282022495790323
0.229159243550025	0.588149074355009
0.105546826158083	0.191271999860556
0.34539591895288	0.913450760004705
-0.248284041294661	0.523430178153125
0.0382237410339455	0.0588429732552385
0.000234324972200289	0.000336331015449466
-0.272623212498258	0.485746797788635
0.229169410280442	0.463989705732367
-0.471303452696212	0.904922637907674
-0.259306950692419	0.447492796669751
0.0810763118522147	0.0906642974600906
-0.746208239733679	1.49309954579216
-0.797285524451654	1.00296842275499
0.836500682340083	1.06093939583022
0.168070066904977	0.113882139507182
-0.156644777893081	0.106743711115774
-0.0735235100569157	0.0539466346929697
0.249512769295059	0.227281671439004
-0.593842532110112	0.575098057061592
-0.0291617818402396	0.0186528755684287
-0.218965144969334	0.0721608079673242
-0.15100249430913	0.0549770279031329
-0.0321281792554104	0.015215555734364
0.0183406378226944	0.00985014107018764
0.167801670667976	0.101585018963251
-2.63877643772731	1.64623431672761
-0.150458831228779	0.0551520014582941
-0.95217800452572	0.587318480958423
-0.645962348072123	0.374837329311579
0.17940895703733	0.122162752458216
-1.82696542411677	2.0919215237288
-0.471595469248342	0.395341886831668
-0.25897825488602	0.192384124486636
0.480675510938727	0.418397161645289
1.12423570325327	0.98190502341495
-0.793336935861814	0.738429705068986
0.158933943506847	0.0404964559262667
-0.524484670459514	0.202274347007164
0.956487790679547	0.25443416057231
0.600652971289106	0.315965712394016
0.015595023737167	0.0547270834907257
-0.0360838554602072	0.118871442573116
0.0241939368331806	0.064742265369905
0.304470434562848	1.22547898358074
0.299151746216088	1.08766048448735
0.289111223129035	0.833429180807707
-0.0239229791078411	0.044704492302964
0.154262895621518	0.307436373103463
-0.216804890781114	0.477382578216548
-0.319919815713574	0.733730120272537
-0.306752265419231	0.651485319368861
-0.321561689965417	0.685196313511756
-0.275779389656891	0.507230788696827
-0.230566793648407	0.42770449330721
-0.398087617399483	0.776149568660844
-0.319646925286024	0.607456221906499
0.0589754038359374	0.0826681457204322
-0.343939286327551	0.674377922702156
-0.23632529813671	0.28827956305683
-0.355465933544938	0.358207676841924
-0.216933081635183	0.162351768044856
0.662314406642884	0.765380054159786
0.292555101392051	0.20663001539625
0.0762449981080871	0.050847077974475
0.642561232908856	0.569423082746148
0.0825723509651157	0.0555615906224543
-0.159650538889158	0.122246680764976
0.386252337829797	0.313789304748038
-0.493877594772449	0.255317112149991
-0.243058908144267	0.121715056368332
0.193678915514711	0.162765699989048
-0.227320908027787	0.147287727031237
0.634814243819263	0.661431710899932
0.597806200245749	0.313287900912832
0.138729742724235	0.0538393847692403
-0.890885128588689	0.805968388521336
-0.299106935586499	0.218442022836822
0.0430502860255521	0.0334203471720555
0.510876431439873	0.435332096030846
0.867926395285483	0.980348694259559
0.0461609634735083	0.026439383950576
-0.52946112616795	0.516150309976952
-0.79452656750634	0.802713106579352
-0.505402718197911	0.458272364379554
-0.144949652683535	0.0817111573912485
0.783966562507124	0.470513419818828
0.00328379703729347	0.0109071156228725
0.149559163242266	0.691892890546081
0.187983867519791	0.652494390678947
0.368214556330233	1.5664230544591
0.336982708160009	0.992955723547971
0.14531818801709	0.311917385828544
-0.106796249683081	0.17881660257131
-0.219258604966826	0.445755154812348
-0.57128232918036	1.61637173290284
0.0501645092830125	0.0743205846864009
-0.244728082198775	0.486733149619588
-0.209357940696127	0.343391743511982
-0.2160139760748	0.351747929940272
-0.315147134321242	0.592126135748994
-0.266404718547864	0.472380270601006
0.00788000349260766	0.0102418057852479
-0.193905130240745	0.344179728951591
-0.174049130537211	0.25470852390737
0.419333598299028	0.421264773026117
0.16571498100627	0.100702265283879
0.174578994846429	0.123747885348089
-0.326217788989298	0.310711705205113
-0.899313609760153	0.823803155558314
-1.03291416745005	1.15404741433699
-0.170492464134189	0.1325166280236
-0.25893990709314	0.192667769077156
-1.29646720842874	1.57803125233454
0.424912965544074	0.320053867436461
0.0281003928774589	0.0162148720980957
-0.387266974769458	0.33467752636777
1.07755490153702	1.23435798426145
-0.568306451272534	0.511229431243177
-0.543581205371069	0.339931854968196
1.85970564877278	2.36306867353987
-0.108082583445066	0.0768229123786273
-0.582768530674453	0.56393208474622
-1.46272685118221	1.29533355889576
-0.288536116387217	0.275147589294175
0.428372890953842	0.431450885832469
0.0959648488650815	0.486137325158498
-0.17348247560588	0.806357541614929
0.0246196499156066	0.0617928537226877
-0.17207019845875	0.455379023996682
-0.214103775423337	0.562073355209982
-0.279679923308933	0.649428092510259
-0.472828715632591	1.4184616661187
-0.682816039076893	2.18653235722212
-0.237315682632796	0.452304464229818
-0.845192665974574	2.72421173691944
-0.386358455511793	0.837143465101976
-0.495691162171004	1.21371475601579
-0.646238418014284	1.58072223812044
-0.615280352798584	2.02346739899121
0.0247567832351896	0.0394859915349782
-0.696216302927603	3.49915232046526
-0.458557494298173	1.63653025788989
-0.263993130190758	0.489506200221011
0.806631299102199	1.38377134315038
-0.155680093632351	0.193380285348307
0.0818968676817804	0.0783072106168263
-0.263597985737312	0.251834960977836
-0.142695160644369	0.111666127541517
0.254500636797071	0.259047776500284
0.797185944449115	1.10799458997921
-0.264519260317911	0.276258137059967
0.632908749209397	1.02249630625558
0.277049041290965	0.22176338195638
0.0545780692281532	0.0432861515876021
-0.29249931109139	0.182046421502225
-1.26796790963386	1.36313558400262
0.18862285385817	0.120773629945898
0.0903810516551215	0.0656508556044735
0.556878700405937	0.70826367897477
0.386040703216446	0.33216427752481
-0.163479972042599	0.137421263543648
0.465561179093997	0.663421801212893
0.0203554185653876	0.0704540357127018
-0.0172971652663731	0.0494256107622924
0.0799593017370637	0.201888467124464
-0.309809460903219	0.995100377035369
-0.305325029709432	0.845708280715962
-0.243691939571299	0.623400604304603
-0.275288387959536	0.598634995569491
-0.459547431892716	1.24779814969903
-0.485469751514029	1.28243707246976
-0.296482935029859	0.590797880002358
-0.770281646346586	2.52600057115305
-0.783934103444336	2.57237539044552
-0.600099297172805	1.62192098936085
-0.535994399230891	1.39700134846665
-0.421325155917343	0.872848932661124
-1.05189224380978	2.62537251188808
-0.286829081893645	0.255328479571236
-1.5087641371488	1.89017179476552
-0.312951208372886	0.144631570110179
1.02677841941363	0.946322797939779
0.0517674594667433	0.0316897019654579
0.952313163796407	0.640315635682427
-0.774556835488086	0.34342167557291
0.1500643212047	0.0518518782937859
0.0258428248006935	0.0137588931848471
0.314725652024522	0.186984303228543
0.177493415336892	0.125548832998803
0.296422373244065	0.198601236887629
0.184604232063405	0.140702500455631
-0.983292233931468	0.965956597067429
0.267094847262627	0.250927543707421
-0.800091214436407	0.59990334776525
-1.09860295282743	1.26358596538801
1.24723433558676	1.18999925984889
0.815705372076796	0.351565174973888
0.694889800166883	0.330632252474208
0.134367649631306	0.695846940102305
0.00562348846885211	0.0164972690527796
-0.132820094512969	0.419671842197594
-0.0696290214608879	0.158513259161583
-0.0587221015671286	0.125527230372568
-0.282472858636504	0.795013370846558
-0.664227345951294	2.54020850344242
-0.361392242593247	1.07286272424521
-0.656357611408137	2.28563368220205
-0.0484861968981306	0.083534728759032
-0.334833575443321	0.731028141595534
-0.932903696937495	3.41709600078917
-0.124864803828431	0.215304674508112
-1.00349371038181	2.57007461115447
-0.775786983850674	1.48006037364935
-0.228022263582326	0.235983487515072
-0.475441778163331	0.401351601792899
0.445117819321545	0.428196196372257
0.661156638527611	0.667279703734143
0.819736361887799	0.353982189775623
0.149505145728538	0.0841508397741878
-0.516721235352513	0.38950780667591
0.287347800401138	0.215106908460455
1.23966935133836	1.02494302829986
0.353972161413298	0.176362574519951
-0.773489905113118	0.345369609584891
-0.334846388650496	0.196458526204276
0.556730588052081	0.541416974526944
0.188477543572724	0.143039050868033
0.186585862956591	0.151848353258754
0.172896249815305	0.12700550253278
-0.512613844708045	0.385842720076392
0.430177881155486	0.420811457523994
-1.84650022894982	1.19363907993218
0.58084416357371	0.551831685183326
-2.07217364243881	0.962076543055942
1.45641688249062	0.4860389300833
-0.0298532675657284	0.105420617839133
0.0611871746478162	0.197071735221972
-0.0977405492033942	0.24593773986402
-0.375103358337952	1.48413352316067
-0.0154018922253636	0.026959317380813
-0.187547943534894	0.438641808885993
-0.091124645896182	0.166784512265613
-0.396124773783285	0.999118680894195
0.0697768270413595	0.117974168744627
-0.224029650911744	0.407263150051636
-0.274918464622053	0.47707700118207
0.0391529257323426	0.0489031581708499
-0.942883035291351	2.3124035504809
-0.782456582966665	1.15182814929496
0.916297328354377	0.775606173125982
0.265735195415061	0.218173996006654
0.35966867093632	0.329492730359948
0.0548224005777731	0.0333682600143657
0.377039682678592	0.32699811978642
-0.339689629328073	0.0991873938654728
1.32970980115416	0.593918942315811
0.314087586952765	0.202215085735902
-0.244294230838379	0.122784005473751
1.76884436208027	1.38030478968472
1.0404202529805	0.404466019128978
0.816700047883506	0.350207754005225
0.894856875486968	0.485358751277094
-1.34329476850282	1.32045255666158
0.170322773378799	0.110299386422714
-0.57858705037103	0.417417282118226
-0.624795705756423	0.551849960748483
0.992008241034712	0.802103805014344
-1.56572952063936	2.03363447823907
0.142178834053488	0.0550545122756059
-0.278400072187824	0.173872203583177
0.522443105176507	0.19046942739914
1.9613717712777	0.470903909509444
-0.104263593987931	0.484727364281492
-0.0865948266282231	0.311694200181324
-0.289940364529594	1.20802367095527
-0.509512173185676	2.38083426270197
-0.216105169452637	0.618415372677453
-0.284238883506681	0.84481525511641
-0.177702133820171	0.392580690045023
-0.0918844590350326	0.165854727285402
-0.0323836899439912	0.0486680489625338
0.27012011663798	0.497505066431759
-0.360063571519198	0.801042706377619
-0.363557283987285	0.662005076959007
-0.755097074403484	1.23151818149227
0.250715560563037	0.239176351858726
0.180740528428682	0.146285721615298
0.771762699027437	0.931930815879823
0.338571117432354	0.324331828471004
0.00345793552640116	0.0024400718071857
0.288845299239429	0.232471572024553
-0.46955597951855	0.432864324070147
-0.190024136118128	0.125029992668854
0.160614285616072	0.0483709724331317
-0.616780078074955	0.300039716044547
0.687148036247594	0.672413202209443
0.325410135799715	0.177532871492087
-0.994663499034164	0.501581634461356
-0.351639245332709	0.102368245698131
-0.725896158891892	0.253805951910148
0.466959745169039	0.315319893288824
0.303773751236494	0.206958345453897
-0.334227383141165	0.236349303886684
-0.0394330808883733	0.0295608922480018
0.491694854555976	0.51040241732633
-0.465626426553163	0.307504999369115
0.977277310943566	1.05406892800895
0.857394600176642	0.625873106491568
0.309045482687849	0.198736256497319
-0.527897733557864	0.200535616548974
-2.65971188526489	1.61610241932216
0.0820975437807765	0.348964164688982
-0.0857953136124751	0.307517030204238
0.0725473626759553	0.187034910036462
0.0829715793323346	0.193639611245127
-0.0183317917057218	0.0364286015465056
-0.128308396190664	0.254467204718791
0.0154159525344417	0.0265979575856714
-0.0354599868715343	0.053110649230063
0.0553565525874069	0.0798961458467541
-0.132100062892641	0.201574412323923
-0.11846457175088	0.159267266174533
-0.617780866260529	0.861383194017388
0.0266372612858393	0.0181592345095032
0.180721999042186	0.1330433443156
0.0597535596289627	0.038246292739125
0.726122839343839	0.588026392295925
-0.104401990240287	0.0756030447783825
-0.295831755173705	0.213140042969882
0.0389578132459891	0.0288148820393805
-0.461180951040953	0.421759723883986
0.301294013097738	0.203954355745933
-3.45549576669823	1.25034460620717
0.149313540235263	0.0513415421340099
0.186484326674245	0.131909939890047
-0.190732110094334	0.10206339540155
0.15625990713939	0.0473604698624763
3.26821961846391	1.12055426106264
1.33201471260472	0.596336495537286
0.699969071365474	0.452932383943504
-0.0777766279238111	0.0473950910813602
0.53348508396427	0.438553245558318
-0.150125865893158	0.0843014414818041
-0.653963832335238	0.631811046682704
0.338836337516587	0.185267123388368
0.306257326661911	0.195339585147117
0.147080011885509	0.0710062935931662
-0.228659415133547	0.112151815727369
0.138920554075148	0.0478149779208171
-0.0173539326795426	0.0627239894998077
-0.0998242531130388	0.399367462378843
-0.0467946540824824	0.129050239574704
-0.348121736081961	1.49925436679392
-0.153511710328089	0.400564292755215
-0.217712630269969	0.612905303562329
-0.295663024440697	0.769775110989563
-0.339841932051989	0.83070398328839
0.0238451692806236	0.0339330764814444
-0.358072220465412	0.715956999304902
-0.170296638029509	0.195139328100779
1.15762379712129	1.52383921883142
1.16731770061063	1.71382285265157
-0.0341380820240052	0.025901971330369
0.0252644242681564	0.0185910827139924
-0.192323330401044	0.147076857149967
0.469359673677786	0.426565615861062
0.398630755442054	0.325714709753593
0.868602101162136	0.627951922673174
0.152230318137847	0.0526288187748188
1.56870722634889	0.794144549178341
-0.232045711260523	0.150400465863624
-0.403532100582091	0.277061077581195
1.07290249275731	0.655223878764917
-1.17367846540392	0.67169729017599
1.06123864299848	0.52521734174828
-1.3369487140795	0.8400217966156
0.582534231729896	0.540227034557626
0.615834949522554	0.655136397945962
0.362833077353601	0.314259398828026
0.186567206639197	0.141948453370894
0.0219565337510366	0.0117595962922215
-0.340816052503083	0.202087586029293
0.895795854263994	0.487259772772187
-0.187090917140491	0.123378819850387
0.144775943023955	0.0629764014805838
-1.79522376365631	0.406159618358576
-0.0110828620285293	0.0381644379125449
0.0216937793106069	0.0667879484016759
0.0999748732957063	0.303955131622159
-0.183098110423597	0.548609969880108
-0.0565185853314257	0.12071279976217
-0.0725644759717245	0.139226112447646
-0.0493151694820954	0.079878474624082
0.317756116739627	0.681034071486394
-0.140699453048837	0.226581369826372
-0.0182881854604733	0.019290980589564
0.679919249825638	0.585465364349502
0.360470128997674	0.330605370846972
0.729794149807302	0.894060416001004
-0.660669996532947	0.682456907051978
0.0182787223042184	0.0134056143108526
0.677887221398319	0.696596526405717
-0.333126507478024	0.196864880417439
-0.00522905754076427	0.0026123314620793
-1.12965913036419	0.345874034206289
-0.340869162586215	0.0994476453021484
0.171347529462102	0.109059411984128
-0.489933007524041	0.257650060848589
0.440468977584402	0.180297638600963
0.165273197569164	0.0419033482397814
-1.28707722447605	0.59833626410524
-0.147413525125714	0.0541557128042683
0.143979486995189	0.0690574325201522
0.185595996219159	0.125736406597521
0.285777449114303	0.190385187934108
0.30517560439941	0.192778305364567
-0.152612620577266	0.0855690173476434
1.03442298301338	0.96881834828601
-0.239396242616583	0.119621985003453
0.383616770960792	0.309328065555124
-0.720604456465959	0.251721589615544
1.3295084984824	0.599202056182031
-4.40341639715528	2.29217489378911
0.0854020342028012	0.383983833852786
-0.0309484418852806	0.10080523908583
-0.208870274427719	0.737720417859945
0.0119625203925233	0.0251148265529853
0.331911174965299	1.09337511238234
-0.0871698876365533	0.165109488358942
-0.0589415666701079	0.103438674054842
-0.213091186896553	0.384076292786177
-0.25363744022215	0.367271305626419
-0.122764700212805	0.0964458436202369
-1.06051484478053	1.29309100527038
-0.373870466467253	0.369224105288341
0.832184024393935	1.04474406269366
0.728266060742585	0.884821874890388
0.00553119966773608	0.00409618044622167
0.405659320598513	0.413942143888637
-1.03897396074427	1.16060893675183
-0.343761748439051	0.27444634153849
-0.573290957323127	0.409974112711891
1.33086270821398	0.600615079200926
0.152230318137847	0.0526288187748188
-0.915255696830942	0.646672590369937
-0.00672991443280169	0.00331469140312493
-0.723538168538297	0.250916884167018
-0.982226173461859	0.494254657002848
-0.630732478411191	0.153857382309032
-1.09530574768716	0.749135642202657
0.362226820483078	0.181857931925501
-1.43474820798452	1.71267222766086
0.859721683501917	0.626268059101576
-0.341893455982698	0.273158140488499
-1.13967894496725	1.4820138851675
0.370547972524296	0.323022437260338
0.895106216014338	0.488254417584299
-0.0278098620751946	0.0131663932694084
0.903111944782587	0.488330149065764
-1.13492041310201	0.349384486959602
0.156595940562609	0.885917281575058
-0.025696808263782	0.0791208166538927
0.0370929601661465	0.0952839802745422
-0.0666280555304513	0.155188968219405
0.217330686709285	0.559753785564467
-0.0216079882586415	0.0396858689383945
0.03605668157261	0.0555625486973708
0.0633551609949114	0.0751081457385587
-0.0440085668747898	0.0330648679867369
-0.534174554204964	0.440401693552246
-0.0427267168471898	0.0274633965907222
0.897789907520614	1.0876820177381
-0.00773695140919934	0.00593863018117658
0.285482641348427	0.229747110110974
-0.00958094279049807	0.00471008759127202
0.151147710779537	0.0523193888171726
-1.61425885274905	1.22822162427768
-1.27201005837648	1.35505400536409
0.0391874277465627	0.0225294819465567
0.335757406096025	0.184755526166855
0.154961252870973	0.0464507395292606
-0.984370173910544	0.498898517233409
0.679742251150619	0.319413114190994
0.0490178207596491	0.0299264799170776
-0.447244943530138	0.341160257507741
0.0428794981265781	0.026110131838934
-0.298256470985738	0.217117885916889
0.260828672027132	0.220917147146303
-0.937289824214621	1.05572533946405
-0.150607711631235	0.0847695854319207
0.499677471462291	0.441082286694413
0.161555418668783	0.0482547329116524
0.0453539279056622	0.174969556580348
0.00819641710621832	0.0243547503515755
-0.147492692772543	0.483072276734234
-0.114311258547983	0.291204612666381
0.269000306312337	0.866364974377991
-0.103031749554212	0.200775611805126
-0.081406955138443	0.119848366656982
0.17882044406779	0.136104642036843
-0.721743955762422	0.688955106815754
-0.441753218535812	0.412465165556863
0.746939998759537	0.810472875770656
0.486434100674263	0.517771056866665
0.487515557739285	0.608027659357654
0.0656825014044915	0.0422096291700495
-0.975905796968684	1.26251054734862
-0.352363386204237	0.280215500866634
-0.216654346171568	0.195547453600226
-0.429410797095634	0.36585761678484
0.551221048635903	0.31732574891473
1.57449339049613	0.801962693736397
-0.800059965786038	0.527883680370048
0.165214190649464	0.106326412172682
-0.0843033238428698	0.0512219861182071
-1.03165075561198	0.416907195731992
0.597806200245749	0.313287900912832
0.153686733734812	0.0663896020041946
0.146699632682493	0.082332608168386
-0.80558888601316	0.602428688761331
-0.15562058478989	0.105547252633848
-0.537436572639283	0.444136914915986
0.359519332681525	0.321085054744693
-0.887095789644028	0.814655636242862
-0.391193961692806	0.306339198796593
0.136901415907075	0.0588153962182281
0.281479909019958	0.218482022034811
0.0559133921928881	0.234497412398183
-0.11221059424983	0.47013343785656
0.15011753824544	0.541057004288415
0.322931072869359	1.4653669941169
-0.0443218767479524	0.0988823046856136
0.143413304944624	0.284635656095534
-1.01448926110559	0.899989043977653
-0.131130902321754	0.104268445643524
0.0485078931199368	0.0388875020524059
0.255952881456417	0.240577086684653
-0.907141220538472	1.1844061188509
-0.440875377858965	0.435542414928256
0.0885096190833331	0.0732749981886644
-0.0665650983709391	0.048592160327602
-0.303065119186707	0.219847280653899
-0.634484900231997	0.568520492878969
-0.226897767357242	0.191528879850464
0.421792155725668	0.435869437837888
-0.377602260994701	0.376765379618415
-0.731171265300134	0.955482689857013
-0.36655195289698	0.395458123647346
0.0416011903672233	0.0305396867721965
0.119994224650591	0.0953785010832681
0.195165536862583	0.162826267614423
-0.416451599082962	0.417053496871055
0.255666215854986	0.214524869303068
1.10684262425878	0.950625164435751
-0.70635456834273	0.614867139431404
-0.158234252955118	0.107868632053623
-0.922328288773048	1.14758865680752
-0.338444763558406	0.238903920669296
1.57038684410817	0.807034365925312
1.96151770510332	1.25525566113063
-1.22686520895545	0.897741666022973
0.0849370071087832	0.0594603108190414
0.923561863137216	1.02506468988742
0.378457456991342	0.314083472249994
0.842548226938868	0.975157669076181
0.759103835837712	0.735498530777918
0.565784654156454	0.622916307156194
-0.43342764766909	0.370908800299565
0.291821669374069	0.218564199478182
0.0989976627742178	0.450234530162446
0.330328184906163	2.09275832435014
0.288578305151381	1.38749755293805
0.317559606617572	1.22368151982889
0.153736551065941	0.291702698840601
-0.194911998099514	0.103950683036213
-0.0594678068579698	0.0261805048059701
0.0134233387180232	0.00725806587283479
0.0177856673446113	0.0126838359926497
0.0204805328860916	0.0145076646903591
0.375493939801858	0.382381905616695
-0.23271380592662	0.175267304821092
-0.152047798371929	0.119645479607287
-0.0806741919366388	0.0591400898076043
0.277853320382525	0.221616040552641
-0.501146514437977	0.452491905735915
0.178525103102402	0.120754423784589
0.256963490155813	0.235649713510502
-0.34536703536264	0.275272127178852
-0.133645343604296	0.103087009115339
-0.111876650149726	0.0658023186739501
0.396102979477943	0.324659592512081
-0.163547154222323	0.11202187264341
0.187669596468434	0.164016262794933
-0.034991585066419	0.0223814566799968
0.112003468105486	0.0913217121652464
-0.650787933299397	0.382030517359979
0.350759961089567	0.176144578760639
-0.128085231061048	0.0705091354912658
0.287312577782251	0.21404023050941
0.312193303704959	0.198744474593811
-0.548942408257335	0.346735176751807
1.95115464951921	1.23902957553385
-1.34220316591319	1.08592303610154
0.365268866282486	0.327388092292516
0.278190463216351	0.24949247995027
0.461452204692667	0.300678234124266
-0.596924361990857	0.611472240111253
0.0294241643200544	0.016954836549655
0.375082259152931	0.323858805800688
-0.0818281546568349	0.0498369289902835
-0.174233820157928	0.118864074528397
-0.00396825517923523	0.00199423061620459
0.09271620082824	0.431176081531704
0.139434701496359	0.665783307538062
-0.122283187083501	0.464050446110879
-0.612413187378959	4.05284813563667
-0.376532399292354	0.373954579225284
-0.306301630413258	0.247349401015117
0.303674940268355	0.218240980738175
0.688266504591659	0.698974297679188
0.088465341120279	0.0639053805006557
-0.304905617323972	0.244544547755811
-1.00979287199395	1.19328243373037
-0.702190781947017	0.662338582176129
-0.0146409255259787	0.0096208992217807
0.468060748136953	0.422348302462725
-0.983269542201791	0.963746112155235
-0.227965521931956	0.172471808218481
0.430969125408153	0.423386823418442
-0.292119889500816	0.210752111174846
-1.1526437726988	0.985316284624576
0.310959353065466	0.222177394924141
0.999262838183709	1.07305178137406
-0.0103250300133778	0.00500711896073714
0.0516985690165867	0.0313115070345242
-0.0779768806167977	0.0572427818667844
0.205891323905809	0.156931221125605
0.391669638921543	0.328265611764358
-0.0281591198194657	0.0184271655455514
0.536043927980253	0.440581835134505
-1.23163568419212	0.907068305171433
-0.427635702392274	0.398872834756922
0.562603954028258	0.552720274742269
0.438818347140656	0.419715666598864
0.522281536644472	0.420862218142126
-0.54243229044352	0.450916669865032
0.372567432124572	0.312485231411991
0.816847827561527	0.915078995200443
-0.133266816424335	0.0928452633813754
0.000461451300387118	0.000208050859510825
-1.10089504693895	1.03533532503265
-1.52358211754315	1.66367516138095
0.113614455920137	0.596632713471781
-0.249034831574291	1.59941943312827
-0.472810848326178	3.285017006638
-0.0723772474054058	0.0525061571675893
0.0531118827284938	0.0416738561306775
-0.0279964213137816	0.0239034402795295
0.0570571977860933	0.0349633283800053
0.303910909893681	0.217466445191232
0.182668879074135	0.134147580059332
0.188470220227718	0.144165283791996
-0.0403021059146816	0.0258884842363462
-0.561008074914302	0.685106948329183
-0.145539547000864	0.137427237434817
-0.49831165619448	0.611205170601349
-0.516211574384159	0.543245368958345
0.183746247143137	0.144635192476121
-0.00411993916158077	0.00276930140352397
0.284122553978895	0.227061593770095
-1.04988502331938	1.36211663549723
0.301686430777919	0.191084556186447
-0.202393817726381	0.135099235840417
0.98089240766437	1.06416704912881
0.106705375367544	0.0826753903962477
0.334135368359666	0.320413644794313
-0.297260235826108	0.26379247808827
0.645455420310255	0.574125466889815
-0.111979473496585	0.0784950677056341
0.252709453367533	0.247404202680073
0.113154145936901	0.0923863435063156
0.210306296867258	0.220551347807044
-0.074141590921115	0.0448180346337992
0.161233033179563	0.0918775595218987
-0.187245894080212	0.124809939007381
-0.352941939609558	0.310912704857121
-0.558599299345107	0.583908467312259
-0.20037373236073	0.16994033181704
-0.250233721025356	0.184179456693631
-0.64518152312055	0.620604199836657
-0.1127784577884	0.0813075463438712
-0.353578043263333	0.310491545311902
0.0400269666512008	0.165666217231076
0.191640854119413	1.07902905332161
0.138669353116884	0.142861525460588
0.226918325964241	0.256150681751835
0.139661773697755	0.131475394028073
-0.122398735432239	0.114737124543224
1.16826972583468	1.8241432544531
-0.194101888012533	0.21022971537139
-0.0408137755127202	0.0342188167189787
-0.237762937677132	0.226503244882239
-0.225209920557953	0.205479272795899
-0.631469344929322	0.726985623871768
0.287481524582473	0.230359634402828
0.721159533321744	0.589051864539343
-0.0544873954204114	0.0339125220973877
0.0531442932870246	0.0340810536461577
-0.101848527109922	0.0410558052055211
-0.591227433916051	0.427059467887793
0.337270047136256	0.348086283046002
-0.199713983224183	0.197458852608468
0.0563460193870953	0.0514600115849947
-0.148326966016291	0.130097336049686
0.0560284159930165	0.0463802627791593
0.44099314532448	0.502942076848982
-0.278346002128424	0.303539620259473
-0.433329613155765	0.554560348168308
0.270345219791313	0.207328827607635
0.492627882740856	0.509559661393214
0.161810300526645	0.0918299818741824
-0.0427442091241676	0.0273214819024086
0.00749572853868715	0.00349641367441536
-0.873608639637379	1.28581324074532
-0.240090581042985	0.230884445781697
-0.47371598781922	0.549856332830611
0.061874799662618	0.283490605873733
0.25152666584639	1.74300366283301
0.256163697682314	1.67682557256267
0.109257612801146	0.426384496952321
-0.0304277381027271	0.0849358666102551
-0.211453799794961	0.872379923220801
-0.542814040545108	0.452759022444443
-0.0381406051129635	0.0491794517737524
-0.845180685828413	2.27060878395711
-0.0560636401753475	0.0624704643037211
-0.590060556051038	1.20619866286025
0.743763101186892	1.20688386118251
0.334034191622786	0.443462181157289
-0.512561332252303	0.719791653087719
-0.0472003352616795	0.0492319917675267
0.0105401822681924	0.0109725537769475
-0.437672378380734	0.372008609672164
-0.229196760999046	0.148862781657688
-1.09975438350132	0.749933979128091
-0.276204865822878	0.299649064576933
-0.16373194119197	0.110644747728157
-0.15821957159593	0.0580782796952436
-0.243425357101419	0.122362268245649
-0.402321330714336	0.171233810890718
-0.996917080630793	0.504568445214349
1.61277810182645	1.1188553358217
0.896983020648218	0.490109375401987
-0.338511026319061	0.0982184054411285
-0.624582031923329	0.153403426322781
0.083014320817652	0.074423942482953
-0.125504095225884	0.140786253393917
-0.239689815306742	0.325518255178123
-0.558266089251453	0.680516541301138
-1.30126762827464	1.74989677733167
-0.546185138715536	0.607167212794142
0.012819795742139	0.0118979877891885
-0.224409187095791	0.24684068318014
-0.0480310329602772	0.0429655460525661
0.33799839313257	0.186721622093663
0.493150361399511	0.30710471785868
1.96026045309603	1.25025974100507
0.144845062686106	0.0696502024542661
0.397735356883817	0.180724047539846
0.0701234071008358	0.0470404117929031
-0.784366909853809	0.880587688123741
-0.381848379446709	0.431282124218226
-0.0745895569260361	0.364414501048341
-0.3929595045528	3.86450260369809
-0.255351592235159	1.45168636346019
-0.218363384152134	0.985005741641573
-0.336398073028779	1.7191468610178
0.0975395478119284	0.140226012703256
0.029237776617822	0.0362298332492379
-0.477640334647445	0.744137377273061
0.0215958638055529	0.0241588546102294
-0.260344459253537	0.33807393051506
0.0854772232439243	0.0952806468617505
-0.123380263248825	0.123200425982876
-0.429687220554885	0.57378412961758
0.259003409762681	0.258925751102751
-0.392085883326655	0.308862758424835
-0.684567330677765	0.473978419135823
-0.114234855622168	0.100970608517972
-0.164957180340301	0.0599349426269459
0.660154483254718	0.463072749121853
1.04181404901781	0.404808808438391
-0.217376423974934	0.0714638472668936
-1.0355361730809	0.42023520166911
0.160400851667561	0.0483731984970343
0.168213647836342	0.0427717891925395
-0.625469527156518	0.152450282737538
-0.344718928168882	0.101170101330633
0.264375403981732	0.230924679070187
-0.431292331533423	0.558238697982999
-0.279124401377625	0.367295583461217
0.306446904651424	0.236272936787969
0.730241959703954	0.602989146902678
-0.182593444690218	0.164205843567728
-0.618381947379743	0.81065809944497
0.383723543729447	0.492037487215781
0.33098643964369	0.30487078667178
-0.40200806989563	0.170720828260834
1.4536627082784	0.91410467010281
-1.82467177482471	0.757687975137559
0.0468920868072942	0.206444889603487
-0.0294242269866882	0.108110996200796
-0.226762434584457	1.1609747960397
-0.0695171814122688	0.225590799273158
-0.523324953422777	0.201994861376303
0.0454461763271131	0.0465514743279316
0.165511873556311	0.229526084860319
-0.166864188070862	0.196126376394198
-0.478382870401293	0.726957365194327
-0.15927025089712	0.169048870623644
-0.00614148057218448	0.00570837042856996
-0.283098885945723	0.327167531469731
-0.795614234682307	0.608911861740459
-0.106489946990683	0.0428574781008668
-0.14564639487038	0.0531476859436072
0.816700047883506	0.350207754005225
-0.350454717877603	0.101552906153879
0.166760634916841	0.0427859605507963
-0.719194001735348	0.251086827288541
0.165273197569164	0.0419033482397814
-1.04093022188838	0.421509918125652
-0.0678446384173666	0.0494218495737202
0.397710231798811	0.648101420858128
-0.00606390955996683	0.00568901682797241
0.0353486613496843	0.0201480251456576
1.39394006261579	1.07058103476572
-0.165690289558864	0.113320288774997
-0.0143695665858005	0.0137243827793905
0.416052759382199	0.586753765781101
-0.0628827715507529	0.046685399719494
1.82748782049169	0.728181584217454
0.827851947401982	0.352734701729962
1.45207421539656	0.485631123308653
0.166991219048644	0.0498989788382561
-0.0597972060439058	0.280674591832624
-0.138781979328119	0.745215663562272
0.0462144229486175	0.154729924673252
-0.651367240253126	0.386483381098841
-0.404401306744511	0.172540392766287
-0.802876766641251	0.519542760206266
-0.679639207360837	0.466177436595024
-0.223623687394678	0.2793990151295
0.213234668852741	0.381581074323573
0.135768295511933	0.163633961146161
-0.256039470252982	0.377551560659451
0.118235589922874	0.118900394131715
-0.429347309241888	0.621135636020405
-0.343816891455429	0.0996962776646578
-0.723538168538297	0.250916884167018
0.530447729983482	0.194934009129475
-1.51009345022257	0.545190528961888
0.953397312790705	0.252738122158945
0.157631418222578	0.0304971390385879
-0.623203514518812	0.152886975065438
2.75734920342264	0.799800653832186
-1.79522376365631	0.406159618358576
-1.51968686804079	0.548134504172194
1.52779322070179	1.81422518586153
-0.738824645744309	1.59361225001312
-0.309280942511368	0.3990281475687
-0.450372002217882	0.347364602492169
0.0332000432501298	0.0176329930385627
-0.59115545234044	0.571249156097894
0.34521441304873	0.423205730230884
-0.466873230822663	0.687645476892483
-0.136435048479549	0.117734193198259
1.04300319841899	0.402259764791993
-2.06592509941292	0.959164483983613
0.161791665747346	0.0309826798878848
0.526088870322886	0.19195857798614
-0.536422359486636	0.203567118538252
-0.564250784697196	0.346023733445271
-0.433710042807047	0.827173182576759
-0.0267190895573372	0.108387533462478
-0.083234436622032	0.369978084852802
-0.58500184571982	0.42119780447645
-0.194161867954968	0.129913375457845
-0.107373945282132	0.110437467133941
-0.123642846908097	0.174715556429808
-0.346884127348312	0.5737394956137
-0.0906664429039544	0.0938313817979702
0.287978412188255	0.204252644481482
-0.900849989992088	0.820083517265177
0.0871284469160887	0.127615605446812
-0.036804196634042	0.0426182605987035
-0.346112164176052	0.73283067033031
-0.297402167627155	0.683811106789537
-0.105443558603058	0.136087186678097
0.635190717891917	1.09125581573623
-0.416794200199565	0.548004001258223
-1.50590954571634	0.780573517647694
-0.725896158891892	0.253805951910148
-0.997854046475669	0.497941998637542
-0.243001381592902	0.120719593622542
1.82480935034987	0.726106092264881
-3.45442672204145	1.24810798046793
0.150363570735705	0.0581445104495798
0.532741912476932	0.194574887814862
0.523787196468579	0.192297988976743
-0.217602968474122	0.072079936429114
-0.62982953293132	0.153685936034785
-0.716838691308628	0.24822899409895
1.26302358895773	0.698748792590221
-0.389392252824027	0.266789088048466
-0.940513075683485	2.02877625023414
-0.0757110317595944	0.0681609183803733
0.0712102190641125	0.0476552058872504
-0.309297192441125	0.142881627291599
-0.305087908188277	0.246168547257625
-0.697155834322517	0.973640009959489
-0.907164104005237	1.90200265096261
0.105459343977347	0.0816683235995017
-0.52402013054653	0.203694200281952
-0.78021932001386	0.346554562938578
1.96025897070573	0.471212877436839
-0.722131735316544	0.252143474448172
-1.45888182928031	1.29574409649234
-0.865001081695639	1.67870959668733
0.0222386975596375	0.0886965491925982
0.335403299685692	2.81350488972184
-0.50761136053626	2.77402948504873
-0.461384885749557	0.788872730162022
-0.56232557969629	0.835989077844834
-1.53491832832204	2.18606220114417
-0.386784481527531	0.364213084167388
-0.323315352702918	0.344331316117076
-1.13565968885858	5.5958206139315
-0.0893614535637238	0.0944731382159689
-0.210284788556849	0.247075831797251
-0.370857672139108	1.09362100916438
-0.9843855534479	5.07550988890131
-0.230578262362978	0.399149502082765
0.348852875842082	0.329536990724438
0.494437126243986	0.435418021932666
0.835903843021927	0.866078426369828
-0.277773471787107	0.197529362115903
-0.560441089945238	0.584814153958093
-0.920162538537387	1.0643751294627
0.13261907089306	0.119802063034374
-0.442711312540645	1.38196710558524
0.0120451936514978	0.0195636508413194
-0.551419843369433	1.40812985047557
-0.224960874064652	0.512084231947931
-0.00531729145302525	0.00752259594205635
-0.558274104595641	1.25274421948512
-0.301143025821216	0.435581536139543
-0.20099836983758	0.261621853294288
-0.135364280308415	0.14610987998835
-0.560979835470491	0.505329002201477
0.316432435851792	0.188581859113677
-0.79311242409295	0.595391295484689
-1.99503771392538	1.39266443468723
-0.100244418355264	0.102129841116267
-0.40967229679561	0.281046829096076
0.523787196468579	0.192297988976743
1.46797316344645	0.912974230132617
-0.213368334213351	0.0697207083064053
-1.139798321011	0.349782272227464
-0.245664653826177	0.123583049318942
2.75863284516271	0.79267969100207
-0.622314221648084	0.151717296808394
2.36133530682181	1.20534005010315
-0.723310015883846	0.254344357266946
-1.28624782570841	0.588141355346025
-0.613998601210282	0.298525444371577
0.95292022183415	0.255029382628136
0.167846042512584	0.0427707788849589
-0.791844545928061	0.437781587518266
0.13812794911537	0.0534341400028429
1.065040484914	0.526179950612369
1.09938875687913	0.813323558558849
0.724564867459189	0.810934432546675
-0.352823915525163	0.572184340827143
-0.725977751846389	1.5793246318865
-0.298886035321081	0.268553152237167
-0.0630933187038592	0.0275566992212886
0.356927111159933	0.3180691931725
-0.560685796339911	1.00369041477201
-0.936588606101804	2.27701563493201
0.0386793016533483	0.0389627334655661
0.306522674304032	0.195327420049745
-1.47834864725832	1.02336087826358
3.26595066981528	1.12514815365216
1.04711061780939	0.401217768301824
-1.81579996036086	0.748722663220006
0.505731027895913	0.318173962599254
-0.62730458444309	0.560545833681596
-0.988572486469466	0.496544544555829
0.112933231263398	0.161761437041614
-0.149801632669671	0.180192988321356
-0.0515391328186715	0.23717188840077
-0.289095222695679	1.96605377042342
-0.0437855543115592	0.0840724101065007
-0.408518853903539	1.01255903932943
-0.420171889188799	0.87492598042705
-0.608086072298631	1.46926916614954
-0.599385914235747	1.30355734645887
-0.508348164163664	0.930854466776061
-0.925240078127997	1.9014477283201
-0.931400959595779	2.00105444296847
-0.492062667221411	0.951669030626049
-1.465441799187	4.97251765827995
-0.49934269266173	1.27789335999787
-0.311212348722922	0.700677051211787
-0.606767233638596	2.9502788704001
-0.653407503573616	3.36228613788531
-0.308549166567351	0.797032170515025
-0.155589840678134	0.188919933174351
0.112629456425992	0.091955859528739
-0.236349552672763	0.231274781345107
-0.157545206304008	0.148602987393332
-0.43784043913716	0.534251220078187
-0.415756561317014	0.594668409759386
0.0160147521325332	0.0158070592495332
0.00338638005840042	0.00285894986405422
-0.20665312141967	0.492627623342217
0.0631376976181303	0.125796935677609
0.152918974887941	0.280685319690579
0.511812769555157	1.58511396908424
0.401721384554838	1.06040973662729
-0.682351999475886	2.02499749034092
0.297439545674413	0.528533743660281
-0.518696955122776	1.15932621111051
-0.0216121319965885	0.0250594233455521
0.272168743240948	0.310543049702859
0.118127652092439	0.0946425389761469
-0.173070229443979	0.142022839684691
-0.470854944316684	0.393233780104156
-0.350080628628285	0.581745059029497
0.409558067966957	0.301873567617295
-0.210950361555467	0.157017581219914
-0.278390632052942	0.172966873909593
1.0690982543733	0.523983310811942
-1.45420755524114	1.28496129124774
0.792578392252066	0.621090711373839
-1.02620966872653	0.41818337996543
-0.517868278390425	0.200769558542108
1.09953673272561	0.808976898927483
0.392508050183341	0.178158293100945
-0.575746823794107	0.412495421233397
0.163075330298176	0.0856725692520893
0.142595237579775	0.0672467075361164
-0.242558225808069	0.120961538018201
-0.610833460977436	0.299002705735265
-0.683261256484412	0.535853789486875
-1.84782701511967	1.18302894844642
-0.618631429282676	0.300187617233756
-0.190388416372444	0.100763911198758
-0.957540960378545	0.589234936904392
0.178029224269599	0.121068760087513
-0.030429475068075	0.0275148417795233
-0.234761211377351	0.368469334387963
-0.449912352190161	0.818643589716529
-0.15412231584094	0.143851139066773
-0.585380501194621	0.593460012881121
-0.91809321943319	1.61929531544648
0.0611507310859276	0.0738488321150664
0.198275042248733	0.28096628609306
-0.187507899002669	0.258517969854962
-0.399838802069545	0.273721572315434
0.786053533310558	0.615574721341293
1.82604050116992	0.728003309996437
-1.09542391539232	0.741835411296731
0.389907732434353	0.177006367274923
0.334628539033053	0.320233661751978
-1.35241906965917	1.88447631239872
-0.520416118895068	0.477305844877516
-0.129192822825102	0.187779555333814
-0.0780112416613873	0.0932398094394944
-0.242456712919904	0.23598218468836
0.0464366586648551	0.189129346728549
-0.13282041897174	0.559764624119726
-0.397460948162996	2.02993669848566
-0.440863980690241	1.93388424035987
-0.322425914768729	0.995317761763583
-0.488842524343682	1.83119062105765
-0.625975610315058	2.33551741216928
-0.43223299471255	1.25307418284623
-0.798556832304887	3.25660209133027
-0.81188024776817	3.05953839581413
-0.745530650553536	3.34283142627166
-0.648656231384996	2.76083503492146
-0.396627994813152	1.24034485811769
-0.562004326348183	1.99648219792968
-0.250896818331992	0.573060453375113
-0.149000628905482	0.323476274281698
0.0268686057557899	0.0412454151902366
0.120257361344491	0.18592532300302
0.0172024833824703	0.0176213542074801
0.13228334324317	0.172981230601759
0.00622306483216208	0.0068415352721535
0.235280863932482	0.262429120442638
-0.233897840116088	0.259496610736314
0.408137146910828	0.554177483961988
0.63860432167035	1.10593679865363
0.51992906649433	0.816349789898199
0.0465324000061708	0.0483119141867337
-0.219990917786248	0.266648938861634
0.274303703691096	0.346345678611813
-0.29125100746894	0.341849764207743
0.0680595020467361	0.069296135830603
0.450234524267966	0.570452920174576
-0.674349497987923	1.19257278656535
-0.418221712173289	0.486153958863784
0.363074186257611	0.402507518423196
0.719453367866742	0.787442411997298
-0.781666985203751	0.782467759824101
-0.452011599650418	0.347686504910401
-0.193924936316206	0.129421940185996
-0.194544026537109	0.162496284412057
1.03916661394236	1.08196585964998
0.790303445465146	0.618757818523352
0.573546283940138	0.561565779697627
0.589908222775306	0.565590913696584
-0.101538177908036	0.0811899083727969
0.603222453068306	0.452583759036741
-0.350782713325249	0.276773606993458
-0.085208609845333	0.0609486525178691
-0.723183004512072	0.690997838151071
-0.244565358722384	0.202999569877092
-0.381486891711228	0.353937502862799
-0.210359673228093	0.175023256885759
0.699218905231234	0.947518203134455
-0.240681312796273	0.251860218049374
0.265390985278836	0.277789720066612
-0.511379327240899	0.536957028139998
-0.0339765208211507	0.0316270510467379
-0.113513971875709	0.0915319865010261
-0.892441642573579	1.57270166007427
0.363614040002948	0.400099110863669
0.108160031377081	0.0856729530807029
-0.219774691327244	0.195024854239936
0.238939272701759	0.263820116968884
0.0897642762435618	0.0686545684410205
0.0962351924387649	0.071891801434859
0.0493689306015981	0.0302361312571391
0.417820841596774	0.328249878620112
-0.314160598182044	0.277568216936292
0.257219858518999	0.256879469273291
-0.255805904933683	0.282413307825407
-0.167845731006827	0.177052004897039
-0.241879544551846	0.217659174481131
-0.180138442853677	0.139993341207869
-0.153430988410975	0.121098042468073
-0.0926169206725265	0.0821114834708264
0.0596562510967154	0.24638787573111
-0.0311324269157765	0.0996857073046736
-0.0887581690057904	0.27234729197722
-0.0267266102365724	0.0610875770360048
-0.160969992471826	0.466312865931115
-0.327914610534241	1.16894802870846
-0.413039838175241	1.47053810180387
-0.195316294898132	0.508409008424939
-0.406546323998825	1.1825672742753
-0.517325667934781	2.064764942833
-0.785837520376898	3.7242696298114
-0.314769293654853	0.712171702651382
-0.106233089976316	0.168151692705104
-0.304985146580793	0.493937367800589
-0.358079734309167	0.466844952473071
0.0290489786653686	0.0387492519483734
-0.164104757399844	0.285341904494165
-0.116110230652113	0.19888072052857
0.106942048375074	0.0849657376824158
-0.130084207772758	0.102395935037587
1.07442287005648	1.20861841708348
-0.436790216493037	0.370063176044599
-0.923950909571219	0.65389374648724
0.612117975706366	0.316755530346334
0.685997047033219	0.593874151064604
-0.276175989843674	0.172950813742993
0.180168891198164	0.132621498316703
-0.470117346293697	0.431859639921533
-0.0433396399386899	0.0386076957702436
-0.165916039406934	0.186058483788427
-0.886308252506476	1.57380165031074
0.203868505804467	0.204921482349859
0.0986831199709445	0.073910624084488
0.362739432386129	0.438448409031503
-0.0406791761863296	0.0376475679004838
-0.351064314686326	0.375009010903583
0.00401098160106746	0.00313991140045386
0.627198898440742	0.806241347250882
0.755463253635179	1.26380259976952
0.118382728592418	0.0962434916742875
0.283746048039216	0.233443330486544
0.111050901520068	0.0904053356371461
-0.114368125814353	0.107329137424228
0.351470667113048	0.322147786697719
0.354719012780911	0.432994109496648
-0.0343323384950414	0.0256758192168332
-0.108840685279955	0.101847387746254
-0.170757365438852	0.166833512111485
0.445234119419877	0.585433365034328
0.0221266224273031	0.0190167277595535
-0.433301241117517	0.480366464283304
-1.27386402743495	2.18722370907184
0.680724343333227	0.322123272225481
-0.0002769007444185	0.000215954544573042
0.354165980709178	0.325160300516618
-1.06659802155803	1.57802543138892
0.660153390443702	0.755522968986784
0.542248112890377	0.313971379906005
1.45306393810611	0.923041358497123
0.563227690014351	0.554027662088426
-0.193322455911665	0.12863297950965
0.272980843541471	0.231173340231586
0.524815255543014	0.635962037877194
-0.297001288534467	0.284112721603926
-0.264062447916276	0.237160410238523
-0.547766951931304	0.675862148332325
0.183948637925356	0.138846023729963
-0.216014468239754	0.180954392060048
-0.463343400127041	0.306509431082476
-0.287301267783057	0.203701404698251
0.158357408502069	0.0833262669651732
-0.881706957928543	0.787715568892682
0.121467074703851	0.630532941823158
-0.0798292878983851	0.310136170130315
-0.210340667141204	0.878506399819891
-0.252237876442308	0.997213950134054
-0.0830499853770389	0.21787847922734
-0.329041126024568	1.17710484359552
-0.40031264511301	1.51886707532496
-0.264223932700369	0.743431131072595
-0.347597024867082	1.09991596401611
-0.906627768051773	3.90615843341932
0.0947079768853203	0.149471997547267
0.247733020031164	0.485031035411112
0.244990532676856	0.34213458434567
0.189314515842066	0.170868639522557
-0.408526881612773	0.741516795967811
-0.044798185976061	0.0664435714352238
0.0201806501112152	0.0303469195079551
0.00763460459353498	0.00488884375938642
-0.148405364565477	0.0838215620333613
0.0109681462411139	0.00605016373935735
-0.406814695372483	0.227934749070962
-0.768678966005281	0.341072860478295
0.336090571463876	0.184626041633954
-0.112981579701833	0.0665930271643486
0.17354248408131	0.110414211505852
1.00816081356576	1.17936993003402
-0.0782430617236074	0.070558710937632
0.417992011239209	0.593988273992768
-0.0845827459505027	0.0830086162525544
-0.258320842997607	0.252070254837923
-0.665687092180817	0.76094544961849
-0.270401694831703	0.26017269550989
-0.535471275396849	0.679316975350789
0.254313435727735	0.280033351969901
0.31357687743343	0.346657173921533
0.433269926567739	0.504671760660646
-0.483046654594163	0.584184462719452
0.204879550683553	0.221526812078529
-0.544133833058731	0.631667393803899
0.578763876518399	0.646357098068982
-0.581465747500755	0.769856825470366
0.147314998746267	0.14506574947499
0.135913863231367	0.131741096181897
-0.0421616702050868	0.0353248042916062
-0.65420947006725	0.793717115896776
0.425116241433787	0.500081621259159
0.642301858234025	0.754884242052875
0.276676368370142	0.311583697271189
0.629628347160304	0.80373584638583
0.375803583753441	0.316289356017039
0.157819500886876	0.0479964018015095
0.995563256039657	0.802030457353544
0.163446241895658	0.105250412330864
0.331861023605546	0.334296178419723
-1.1970487799652	1.59967940812399
-0.23355507666639	0.115696282975206
0.598569303496878	0.31618078883765
-0.60382720174007	0.487030312733326
-0.660708732357413	0.682114598689887
0.403586512647616	0.42174300921966
-0.0908740065084345	0.0655725075527443
-0.676081380950377	0.808588076949319
-0.453758947141806	0.502594981161691
-0.668939504673433	0.730810344663719
0.16157086814949	0.0973614175455051
-0.0888881634876285	0.071821599508379
0.161694559716164	0.0487970170518378
0.15186702122539	0.079701686544524
-0.102406220099274	0.0411302498165056
0.656793199977037	0.458005238118829
-0.0573451067207966	0.245582766959345
-0.0487363258806657	0.172157366338557
-0.31212107465677	1.64774733363719
-0.130098337704208	0.41342840180989
-0.131438128715588	0.351089770400743
-0.361801834620705	1.48952909409535
-0.0230014137837345	0.0452673381409749
-0.444958399664492	1.73511051708691
-0.263395524906019	0.684418412126458
0.312879848477141	0.682601501305541
0.025686801602221	0.0345628276926042
0.303722213294534	0.379968702356671
-0.00198797685415551	0.00148879720863427
-0.0710024054102004	0.108422931732216
-0.0115902705652933	0.00552537869730579
-0.616241531580582	0.295236298429761
0.601978685145979	0.317647817376312
1.25404258703417	0.862036453190206
-1.67909137424285	0.970946310477819
0.502060110643238	0.312690621107352
0.505243021759437	0.316113259530818
-0.324607693162591	0.307956117420126
-0.253829621451112	0.280443744197726
-0.0777918787382108	0.0702021308567883
-0.660631816431474	0.891321275873233
0.270973280643991	0.208602612002493
-0.325607250981188	0.290013117177182
-0.0993088370399579	0.0939872680097197
0.914496454523907	1.67612171464134
0.138968905773118	0.127768904243336
0.305558325533388	0.329127736978206
0.304063555913844	0.414323930870658
0.798150558446441	1.25583108839489
0.190737446016846	0.20887408022371
0.748344908007291	1.21896203627796
0.506815331822545	0.713219987286487
-0.18153496528074	0.180613028094345
-0.427492422692432	0.495784498051277
-0.528382097578924	0.682333453598355
-0.0590696200561965	0.0580348238650291
-0.464658400652319	0.519773585651869
-0.151626402525647	0.164167505328035
-0.158532016684805	0.125256283671241
-0.298111310315367	0.337748108172897
0.45719987996776	0.441610623737979
-0.135704580488764	0.117604533305114
0.140510148384066	0.048664068301297
0.512482143711381	0.185180395652491
0.292640046152369	0.209788140205331
-0.511470448862758	0.464456367242129
-0.353621688443314	0.249407500764897
1.78309950762151	1.00861797657502
1.03247539731164	0.39300154148057
0.301913229907016	0.216005428111085
0.594375618841646	0.567158083823762
-0.0520404221281836	0.0384197579718033
-0.422461614997326	0.394128984218128
-0.65055451454738	0.821609663817665
-0.0367047378653356	0.0305932294704571
0.737117683728546	0.970679850281827
0.0625841054242696	0.0382272848804515
-1.01761767263513	1.19898228239308
0.0286443361357967	0.0163894917226495
0.852877594768143	0.602434196395601
-0.531789130311902	0.439861021585801
1.94684707726931	1.22605703361897
0.00481753833788497	0.0165824811827405
-0.0812771229257054	0.313370228002983
-0.0260736756363998	0.0707955712850768
-0.202508352779184	0.698207930068825
-0.247391724123832	0.866297926150868
-0.50023240242065	2.15543786642332
-0.180696996689306	0.45434522585338
-0.458786347906343	1.44276603048593
0.461586435197455	1.04358944066112
-0.0626891760510951	0.0931558267806033
0.248931746530903	0.331424551045047
-0.586134355848723	0.703344788169769
-0.308399370353957	0.142608805650478
-0.221549116887011	0.0733586886722837
0.688883704480833	0.329115759659713
0.307096346515952	0.195879451935553
0.41180950300328	0.322807192927058
-1.12270143876838	1.99573557153248
0.143852473949792	0.136042305710227
0.441915233111458	0.554218309332758
0.878140293056552	0.997585533069129
0.937150852179287	1.22596940792498
0.190821135366642	0.186214919976768
0.286925250383889	0.341396289578538
-0.143592446248447	0.149459669197256
-0.307273224850475	0.33072011811935
0.916604063642364	1.45662023327363
-0.441098621186534	0.598913666028521
0.539090134838204	0.693313204814418
0.379499797006627	0.411258273998572
-0.591567018105875	0.757972521280399
0.447868776606058	0.661543721122695
0.199862450831391	0.200682082527433
-0.356285417967293	0.382566537993955
-0.232775021604788	0.227504632487632
-0.354259731586728	0.400540104539754
0.00345679522383427	0.00289135358997053
0.0761118541734762	0.0632903477993246
-0.14863917067963	0.127205914794896
-0.953788275274798	1.30511507760453
0.454059624400455	0.438419308947287
0.856200191942395	1.05782557659631
0.526282024246712	0.193593170961761
0.375405233866703	0.186102039989041
0.791726398057933	0.61915926150759
-0.55834752018456	0.503771859709289
0.0396973501545209	0.0229061841574359
-1.0355361730809	0.42023520166911
1.06834402071641	0.528141014290072
-0.400260571753732	0.225320480038116
-0.858806537245399	0.972654524427632
0.208003376514327	0.188568047656507
0.0770669697837013	0.0493659359787735
-0.153285466181519	0.120158874767991
0.119606810341369	0.0981512451734325
-0.0712698134092538	0.0580957058708377
1.50744452839955	1.93877186582894
-0.564648138528933	0.613798180643922
-0.99252090798671	0.501156190417775
0.315310629512867	0.188408868630225
0.388012940249955	0.177640021767954
0.148013134666541	0.0705751968009796
1.8219271179281	0.726018448121517
1.44742548853918	0.899526708179025
0.0739800381496253	0.328940855760702
-0.0565875942709853	0.204891990801707
-0.1247938799816	0.408660313734243
-0.221827785137359	0.784434802777319
-0.18887691942152	0.54756000878905
-0.283184567155226	0.925369143188329
-0.397118215151467	1.25595615647117
0.330550549833375	0.832952130195156
-0.225400119271266	0.0740149655022009
0.0224980177222946	0.0121222579184554
1.77283580878468	1.37896439473966
0.185883635107353	0.132394307432705
-0.299335583334618	0.304077620381007
-0.0454125983148	0.0375408973837623
0.594477951454091	0.842163223802566
-0.239775947848824	0.202179961335393
-0.0625711823454238	0.0450679017141602
0.741719978179597	0.982904275056463
0.145769520204493	0.137440511921628
0.237022662452646	0.263723249424808
0.768746525043188	1.21667135310428
0.550519153618756	0.783821035770054
0.361081024570085	0.486928050785852
-0.0536847153327629	0.044735276075978
0.764284902627716	1.16806120677572
0.773032172168165	1.22107748708381
0.00969225075853444	0.00865211794315655
0.0184648125810393	0.0156250813530582
-0.00437029963151096	0.00409224101803608
-0.0730555377242334	0.0647425876315384
-0.424707437398573	0.498850903496156
-0.546708871502044	0.631586484396493
-0.777695572158584	0.964465531570361
0.232261016620314	0.253923904075254
-0.16797466140838	0.142705217405535
0.453404335298234	0.424925429358123
-0.690361842894198	0.894286896807272
0.1965679034691	0.196431384921135
-0.0558634866991301	0.0457927005045051
-0.883057513398744	0.883739871506683
-0.407314095983314	0.17369816386051
-0.608654506166266	0.295801754807353
0.283107641758405	0.235946010364841
-0.250218585049217	0.207393377897537
-0.296500889774622	0.214709534937533
1.32970980115416	0.593918942315811
-0.803492962549492	0.525429184737464
-0.54498460549763	0.343895396042232
-0.37426748722344	0.320403850434712
-0.680809957263435	0.747355228745728
-0.0646503360327562	0.0472636220225397
-0.608373847303821	0.634140647635524
1.12115259262798	1.71119983275361
0.183460789293325	0.149121832606589
0.53384937198392	0.52976824419344
0.280332896930192	0.2259008460092
-1.22286102920283	0.894307888357126
-0.314162665217674	0.144110334368737
0.422689394354974	0.313020189807016
1.04181404901781	0.404808808438391
0.0125676756662598	0.0445652429874182
-0.111302407800288	0.45119515315345
-0.0966908957681096	0.304777098872668
-0.0575863564856837	0.139090277639135
-0.0436615396393745	0.100579840460131
-0.154125192480119	0.3418295954678
0.218254900279364	0.478893881978867
-0.0393843267062519	0.0184029303398287
-0.0627471598052005	0.0276515252005186
-0.568298365232014	0.513911343490945
0.190360470790358	0.163088409948003
-0.0154405260598257	0.0132327128713368
0.0794469154796827	0.0736963288692604
0.710533969484081	0.947813635779502
-0.342474369880278	0.273310531058039
-0.793361665333496	1.09300882591796
-0.395395499773403	0.439046737543861
0.519397289740945	0.752930580101661
-0.0289538302974168	0.0244228837699489
0.115343689300514	0.111865459090707
-0.21169393287893	0.239208887765965
-0.118406495209075	0.104725177236463
0.0888597622046626	0.0790377153606534
0.0501071729140129	0.0452299952800493
0.046983637400188	0.0426785743426039
0.19722266246777	0.190260619122192
-0.468812021776785	0.570558403192031
-0.341510475460754	0.358268162941626
-0.307186820362908	0.346058512470087
0.5382234650778	0.689514178938325
0.211501576603939	0.217818148429573
-0.100558643785976	0.0948885767663472
-0.835951500947297	1.14285934064256
-0.0258740880864371	0.019560849279798
-0.298853298895608	0.267046400470825
0.666816815995216	0.214564732832008
-1.81697249352039	0.755161927952963
0.883948851385967	1.0081325372115
-0.26543380649289	0.196903922390928
-0.243857875022269	0.121264195772194
0.787150295108091	0.467424057037369
0.954950586222103	0.643697187649733
0.00495468120229762	0.00230260382902362
0.427052568779989	0.318884947561139
-0.352012728010154	0.356021677004292
-0.164621578954541	0.112169527069307
0.272708938097175	0.239347529360259
-0.388587476852869	0.362670874159397
1.44993065974364	2.1680202027883
0.913864093736817	0.779116988699304
0.00441313977136292	0.00278405671506889
0.452962063027818	0.183577777200131
0.43374117200394	0.176294196921652
0.0444295941582469	0.170716788141113
-0.0328594658930793	0.103738413447687
-0.0753471406624457	0.208899828355335
-0.0436873444196334	0.098927236310101
0.199794726354185	0.535366900463526
-0.101848527109922	0.0410558052055211
0.467528754746533	0.315886362650646
0.737341258138631	0.607107859135362
0.827654815167635	1.13862205972486
0.147698208915356	0.134455481554448
0.559975010450963	0.70823679131226
0.338461875266452	0.324456895312657
0.565850948064092	0.527906424037286
-0.145124365204612	0.114038127980331
0.488908672289907	0.673130384379284
0.356327300672539	0.433765189900163
-0.382150842431516	0.449701417249018
-0.159491280063659	0.159943668828612
0.42912842535173	0.631281421959833
0.0680391675803095	0.0561483871267866
0.328158946096905	0.328147727478074
0.119748750572644	0.100337501016152
0.675603208577052	0.984513902395643
-0.312151389981565	0.294932564568442
-0.330124523438597	0.3330452543069
-0.200796107126282	0.169367373648337
-0.0112087189148395	0.00864795687286884
-0.656948299895126	0.860122923278728
-0.218090571047219	0.20957603308936
0.0427742851749548	0.0339673385096987
-0.678339436934783	0.81751700919051
0.860616688936414	0.966080732726504
-0.300549057564964	0.306330448467055
0.189916667182723	0.157753947182345
0.846994349876875	0.765446630144823
-0.22584984896384	0.074068293460933
-0.195794291140964	0.104619637819886
0.438071949953523	0.419965663961876
0.0994155171877185	0.076577467610881
0.449462014279212	0.321254981808775
1.06098976382229	0.521455442172232
0.14569794572577	0.0504060636924665
0.789512995278763	0.613094622003973
-0.228733646361242	0.148389960196615
-0.656864523700241	0.675154071408562
0.0967846086788562	0.0703714000178853
-0.0296118936237263	0.0224222484909467
-0.786412367907351	0.898396885895802
0.180128142170414	0.1219535670475
-0.40735186786973	0.229234957885305
-0.00169915373165485	0.000903032316939037
-0.622314221648084	0.151717296808394
-0.730123386031477	0.256802322226565
-0.0695347745751546	0.0304385311438849
1.05764041463911	0.523204233297642
-0.0524569626906957	0.214408286953437
0.0959674438899312	0.38480949567478
0.0130008286906956	0.0331532157271927
0.0255006594184583	0.0574995047154014
0.0123057432198557	0.00671844273484896
0.066370471884998	0.0421257722715894
0.941081523103385	0.904119173384437
1.38646552521082	1.82180968333763
0.52954144513948	0.675610103396698
0.741759375532105	1.14273327066003
0.150800369048102	0.15133506845296
0.203328502961668	0.184785603216029
0.0493689306015981	0.0302361312571391
0.13513904329595	0.117237934694511
-0.00694877082225289	0.00598151260106154
-0.0894970837905664	0.0919171536823562
0.29689289062898	0.310025016812237
0.205802150714346	0.213713244288943
0.130703097721472	0.124391248539967
0.500239692031348	0.588194086084625
-0.000458969675701622	0.000415152379548622
-0.307425322167757	0.286408973824006
-0.126157872045159	0.129516593416435
-0.638983229350464	0.775533136593487
-0.629238341001237	0.866058868685942
-0.362988013026692	0.344187527794838
-0.243636426516081	0.221728765338137
-0.223654586740133	0.219922195203893
-0.115461117294319	0.100003455187467
-0.213078887413825	0.196858005569525
-0.605763510221883	0.862459132353894
-1.27807708899185	2.28039763612491
-0.410016377444649	0.501033603452799
0.0231562509940577	0.0169999097908978
-0.115113210220993	0.0812161634920046
-2.28945524704686	1.17948157744929
0.541371161741219	0.313239583700473
-0.333421067247575	0.262532731691073
0.0998024019954921	0.0769484171420093
-0.168277430968682	0.114635517565765
-0.0995281713141916	0.0400580490365602
-0.229939398443748	0.0755200119244061
1.34922161048746	1.39701697306336
0.652800045591605	0.446971937289854
0.691026550549378	0.874244117543973
-0.0856215889425131	0.0522693967600568
-0.0658729301226434	0.0481246164306553
-0.355266710925566	0.33557834055716
0.0961560207155526	0.0715037151030945
0.857249622565361	0.617865202566845
-0.705189572462669	0.555717206178675
0.153312144356789	0.0526631808269275
0.69518867897601	0.330601357998973
0.0800573753278816	0.34668758230728
0.0614623558024875	0.213935706533023
-0.0296133173835247	0.070894359399238
-0.00934859878080556	0.0137484681815101
0.142571642796801	0.0683085951121496
0.154448018981696	0.0812458639804418
-0.462031751733995	0.302057432023277
0.904400380979045	0.491796349782965
-0.48443589606531	0.252669816295444
0.285339928564545	0.211277728518875
-1.4227730622437	2.06276642852333
0.623886009866882	0.957940019108461
0.255741538909968	0.295599924007171
-0.229354709690631	0.205492107672914
-0.0369850882090698	0.0235325673008913
0.670230509623818	0.855077603728745
0.531143648427285	0.754344466559978
-0.727649498917965	0.873545371058055
0.642491901449741	0.758472332263164
0.549605162999494	0.617820153267106
0.153608109248359	0.151469671362476
-0.077072562154152	0.0627624007357018
-0.308212544567579	0.305615518643449
-1.60227743001549	2.79749376969878
-0.17097728207065	0.176671928293987
0.0272695954843689	0.020577988685145
0.400026952032998	0.435659445044974
-0.488662058634475	0.480276668786244
-0.426828493809535	0.393261318866033
-0.150232765491759	0.142539300472326
-0.375347310102051	0.404020954986478
0.447868183770672	0.496791779842648
0.356869114935165	0.317350705828226
-0.174138422234909	0.149019539987364
-0.012993620101642	0.00858906477418406
-0.103049558247606	0.0917815796281808
0.185487306243248	0.12633714125688
-0.905507647107773	1.13032855542507
-1.03530796870446	0.422510492431002
-0.403575682910099	0.225942596731596
-0.799643833977136	0.680249138925993
-0.165902867829166	0.113976498961947
0.652500600495151	0.452952867267349
0.686090520913287	0.32429419937427
0.141669767450459	0.0617166337329967
-0.249200554991127	0.124371474532483
0.0278774678367327	0.0161318731926699
-0.267472272236079	0.198196995567865
0.0186206377286574	0.0100694032070927
-0.797885415914166	1.10065916193953
0.0747240494240907	0.0501191060784756
0.0230419227265483	0.016996687021158
-0.136491016210531	0.0947427574154716
0.399974902905932	0.32797509989147
-0.394230611099698	0.220099284225269
-1.22908110570059	0.915895215733823
-0.514557914732542	0.196943249433476
0.160719894815047	0.0975651788105068
0.818301154230627	0.351478120783356
0.4350233073277	0.177923778576483
-0.123905582129302	0.0725908111131697
1.09209741110086	0.81235356281879
0.0239592779231185	0.0875945010632925
0.291452824561728	1.68792390711599
0.256175636338795	0.481648389810435
0.174737630854698	0.425357096578537
-0.0181222546458743	0.0265473593413006
-0.308288826993285	0.250142919562906
0.39080765601914	0.178392476739938
-1.19165712680348	1.18654170422034
-1.35174152986737	1.10286565438716
-0.789156297615032	0.670404957528845
0.439411916421613	0.416135782239866
-0.100059965534193	0.0958182641222551
-0.176203236424142	0.202602074430036
0.827506821498124	1.56460867300691
0.155529979093274	0.163979072864383
0.194395186876362	0.171319539073101
0.0288953799978566	0.0242964352539175
-0.427780390707853	0.527416841456275
0.0590871758858501	0.0549779042746267
0.361436725901357	0.425123915808675
0.0615443802427613	0.0496942449592381
-0.189175179520859	0.220002289056388
-0.400610271153569	0.467815593636024
1.10147992114191	2.01215427914966
0.646099409096671	0.936166279606689
-0.103186786695435	0.104329867339911
0.133903825695508	0.12584032377704
-0.301292234481467	0.311382067701528
-0.271011108813087	0.261260786039161
-0.464504669551299	0.548065629922467
0.405705372179104	0.47931663816673
-0.376315409398112	0.423535464888533
1.04437889163151	1.40366537421146
0.113185359302401	0.101657343331811
0.552363353486104	0.621394360165147
-0.28603636466467	0.255309211146634
-0.60127982030195	0.289627794262615
-0.0943440933181255	0.0573200379581867
0.204456738336322	0.171105016887369
-0.179606300803073	0.166307063850288
-0.279159858359613	0.205425444729727
0.601230797795284	0.316227164346388
0.954540778219594	0.643870102490561
0.173644108341966	0.115981803027482
-0.229211003978459	0.171423983830296
0.104465915893787	0.0786208670446563
-0.0323047753717053	0.0207762254691068
-0.0298349128586871	0.0226913669874051
-0.508919808818795	0.46316944148053
0.181652371912388	0.151362264700816
-0.34592847893538	0.274988206853803
-0.66052727346553	0.680195063945368
-0.463707479789941	0.308054478152553
-0.30277129250962	0.139327798109722
-0.26515505411055	0.163118366239788
-0.699666198072884	0.552516444934043
0.783966562507124	0.470513419818828
0.309610728660514	0.194930299166124
-0.347092503638301	0.278208395249
0.377867115894076	0.395666884477782
-0.216492922902808	0.138392861308173
0.336743257031128	0.200501921675553
0.0342018122009344	0.131786921267637
0.132337594613399	0.596395892157672
0.0090514652505336	0.0248301365554347
-0.00139483225158084	0.00364494784413829
-0.286565091348729	1.22854712625425
-0.329059584563068	1.76444805713156
-0.146093071223837	0.349432168644047
-0.155356853038371	0.375959304425431
-0.348373225086909	1.01418983163538
-0.0254743359272735	0.0331486382749875
-0.618757524917122	1.87083913025648
-0.462816510455152	1.14536035157754
0.0395003742940158	0.0360676724938463
-0.425987697571929	0.640216417918121
-0.0914869820146322	0.0942344507096757
0.599829715715018	0.879291488543813
-0.443332019787838	0.61504596331413
-0.70755184084143	1.43516736324876
-0.543643235136073	0.976084274614764
-0.499259436464342	1.02902541429427
-0.473250569303612	0.659042903612249
-0.38878544171453	0.662130253622504
-0.302380494819819	0.404233030892259
0.119678076724687	0.129552708602111
0.417622157643045	0.505665606722278
0.523588545818615	0.67932213218837
-0.314114504985565	0.253231127918668
0.014832586498126	0.0128462776667647
-0.129997926756414	0.0900839561852229
0.483573970441451	0.441746300013965
-0.223299925843565	0.198718834290299
-0.296646801228554	0.301224969096209
0.103670473951742	0.0801023728431364
-0.0809509376916512	0.0637141807170475
0.264651719777998	0.224880000916307
0.479779608055295	0.435066378721542
0.281184989565023	0.234272073293185
-1.0322065556192	1.39244448744581
0.014409049409625	0.0116718219702048
-0.86524631517071	1.40509511144644
-0.571938600879439	0.724092503697558
0.282857557077895	0.249808558254402
-0.221275356987254	0.215832028559986
-0.307781747085429	0.385694392701025
-0.171326459939242	0.145581975295815
0.252875074124282	0.252610250916645
0.325536744358707	0.305996005305067
-0.049977282231566	0.0370057439922903
-0.520587609017169	0.630481844701396
-0.666857039776775	0.723275088550189
-0.103050830020175	0.0815551179751707
-0.066525722939282	0.0416909823094791
-0.447207416842284	0.444092478782502
-0.282275120390121	0.249338844811775
0.202609225015177	0.213959983136912
0.484997409207969	0.592166025107736
-0.420383986602105	0.517979982688105
-0.382540581737834	0.328787155649547
0.948307842195444	0.926859523240305
-0.792142329477916	0.904988511507185
0.37718457423041	0.317400223701502
0.111193603767386	0.0883181530569506
0.197350327217279	0.161418941813421
-0.293092019263713	0.213047073617702
-0.0239928346361332	0.0184451210445968
-0.370039005653178	0.350934443749439
0.0180511606373249	0.0133113629332486
1.04919123207812	1.51376229072339
0.0372386553353419	0.14419373359354
-0.307715478500155	2.21213334743518
-0.587517174944314	5.19137728143091
-0.899429213037397	8.8176121732392
-0.631494459691436	5.47792037289193
0.0222572602328635	0.0414772911090771
-0.203534069691485	0.544857127848275
-0.643990319926365	2.94610615732147
-0.170352185904377	0.409006915100076
-0.170974141190631	0.258504195576588
-0.679196207872467	1.6917306903793
-0.627747541223729	1.58683579812863
-0.0498857959225968	0.0591621100657519
-0.0771027168029332	0.0737434731183729
-0.0329659296655479	0.028190754428764
-0.854868931649486	1.42764277533114
-0.0589612465894486	0.053015410181854
0.514428044168828	0.741837484778569
0.29140615448896	0.366292830691627
0.162801478730081	0.206982483487682
0.0182783998913677	0.0207056188955829
-0.693060909171488	1.40119229579795
-0.61629225622267	1.04056483205736
-0.7191283691838	1.39357149134888
-0.0651804119106861	0.0682779210724195
-0.477977064910373	0.607315855892906
0.909855040798119	1.52809552450666
0.754157713376027	0.900231869849181
-0.387343600407338	0.365501919842969
0.257027322983964	0.278585679416487
0.05332215650109	0.041875079254807
0.18609332299512	0.126440180624461
-0.923686487769682	1.10267806774371
0.306635198285545	0.305713621002002
0.0181834848243091	0.0124527586171723
0.0167783151044268	0.0127121208831493
-0.860134464484354	0.96568423724699
-0.657353736953847	0.710746359043125
-0.609600509638991	0.628006417655861
-0.486048931745383	0.475902945623244
0.458352630955531	0.412404570548779
-1.03037446639649	1.13910473056482
-0.16242224340035	0.138603637518211
0.413021681225297	0.423154246833482
0.19236529485317	0.19169822189029
0.15135033885815	0.143773854754956
-1.22009011699596	1.42399365603743
0.0269821204915757	0.0203234383685379
0.0143370580737987	0.0126361386922775
0.0718370397193456	0.0602012664275405
-1.14094071933205	0.960062228235563
-1.09788998533046	0.747259246864175
-0.0484032996587091	0.0364586571068172
-0.63415312117297	0.732997330497424
0.175523629561405	0.14852082101749
0.159223913021869	0.0910911948947546
-0.501520873907	0.493951140539102
-0.51449881227548	0.470331328438991
-0.678473605403763	0.816553646776057
0.102218511146843	0.0784315830943225
0.415276522846199	0.509264198986023
-0.287691215899067	0.277668546026634
0.457978557769554	0.325189223174026
-0.195502067550205	0.149483287980867
0.166482208746366	0.121279830710078
-0.162663296439035	0.111366026866219
-0.061269260634729	0.0455058763094704
0.788204008605318	0.732468811800768
0.277953001978747	0.230125700921535
-0.847995013054337	1.07035061800715
0.824245060422468	1.03196637935182
-0.338157010904285	0.293435842402481
0.171137443966378	0.110374192312698
0.0408455790509542	0.164139671092492
-0.0600177297265412	0.230773195384682
-0.284526368496479	1.397998013048
-0.0354097870736862	0.106983214301316
-0.109360799745849	0.250698158163948
-0.00395757061757832	0.00701351205719364
-0.280511958504943	0.765821413117483
-0.352753162190628	0.700648332359911
-0.170031119736571	0.271540563122348
0.418310301801066	0.818270531972778
0.471378010344908	0.887750723032701
-0.110913324592433	0.120390957785425
0.448984939657249	0.49813514527672
-0.181634405607866	0.177732682349189
0.190110549493549	0.217342289437724
-0.141508581255026	0.160277897154448
-0.0664223515299129	0.0741379592554433
-0.328263747702327	0.582478191151681
-1.15087716985402	3.37861340842842
-0.106125618443696	0.13445144116119
-0.571596515335902	0.961085452355236
-0.0699876804202077	0.0715213654166159
-0.0823064226585972	0.0850604025129894
0.154481662856363	0.15683094938891
-0.296146588916927	0.351934426099725
0.527148309318901	0.620337296828879
0.539268029173955	0.617126325765885
-0.294807158278818	0.304153531933765
-0.108038155213639	0.0768023668511382
0.474512150079596	0.428417026889534
-1.22198999447769	1.5494702083047
0.103595336742124	0.0799360401452739
-0.221175775134757	0.194989844757263
-0.0532491195880519	0.0384008001061232
-0.435860742407622	0.371549537577545
-0.483640810170047	0.52723900463325
-0.341435504443926	0.297886453196051
-1.2010914631423	1.60067711452636
-0.449588058263167	0.341647563186046
-1.02791650918934	1.40315925789037
0.029267294806563	0.020868533565345
0.280643534632121	0.217285893103681
0.188880595572824	0.149019053913637
0.120536720403851	0.0964078890679097
0.924208772697967	1.3081412148977
-0.723804433210715	0.865949280359059
0.187759055760417	0.156931701140718
0.290180788638196	0.332755800004466
-0.102209681988703	0.0718431466133119
0.145837604080063	0.0816994386238885
0.0410114941189488	0.0303087573496774
0.38651330090941	0.386142716367651
-0.484167822735276	0.512479177545905
-0.00488835564095968	0.00311916715799945
-0.464691238753178	0.301905364423097
-0.488735097381093	0.483622325225552
0.335826877352983	0.338823804065839
0.313102896771934	0.339331792521581
0.54411330778778	0.539630307414605
-0.330004382180531	0.335437594236967
-0.298572891638689	0.26542637729736
0.323477002874719	0.194154428688735
0.180046179929556	0.127392263313465
-0.19514176343928	0.164941628701089
0.174155765222325	0.11806110115978
0.0278111465717996	0.020204243199222
-0.0534940798115855	0.0335706374345596
-0.421884031701541	0.389025413005791
-0.349147395691136	0.278215934862426
0.0230052937081663	0.0163351041043141
0.0440675971101012	0.0325685989010195
-0.0528068126430399	0.231922908511278
-0.142903469909263	0.743062157340554
0.135952727926957	0.608074114997047
-0.347376778109273	0.877232746148339
-0.0560031006400239	0.0912320156939196
0.00895938582209868	0.0125836454614491
-0.335177863573125	1.31473311940352
-0.179569801546849	0.476072760396184
-0.0614337156825307	0.100999361582542
0.108410109949321	0.197944919643457
-0.148564833451197	0.25044092167981
-0.174030611748056	0.312140319562525
0.0148625541353116	0.0193882646616415
-0.120232455450709	0.181453218443293
-0.225623693349313	0.378899817168958
0.259432297764295	0.316477701612796
1.12339068751215	2.80664127938169
0.581091205639968	0.837415455943776
-0.35304949001209	0.375701718100602
0.284550319208274	0.487908019821639
0.484665410760335	0.606813555543531
0.352768327289138	0.3312886448033
0.0401534153860212	0.0232522725591375
0.955146203011431	1.1444874851706
-0.592079701393213	0.426344446785352
-0.551128741753648	0.346787131551056
0.365807256561074	0.184373002622035
-1.04754622609061	0.823164891896907
-0.89292022718324	0.713879406254581
0.139948778182288	0.0667791415678589
-0.804342775896624	0.526884572876627
0.604405717619175	0.449247411424976
1.107996221917	0.972201902191354
1.0517289292433	1.09702440947306
0.152087337793578	0.0859237037943486
0.173109495003635	0.111841748784534
-0.580774427917138	0.415762749756762
-0.111772847035692	0.0652744411405614
0.318826621396647	0.1916392686014
-0.159826871925986	0.0894501747320657
1.53131008736243	1.29348383319724
-0.0387897566269037	0.017946013421657
-1.55720564486502	1.48037370553136
0.408804113952429	0.320584941986203
0.282936425090181	0.227832577585098
0.0857681352168546	0.0815435367474301
0.141776672804817	0.184475254894977
-0.259373450535299	0.369666127343747
0.444818557963159	0.582071907351344
0.0148257911451432	0.0120275781784105
-0.487677396680967	0.408924417139074
-0.221191405612695	0.186190630025479
-0.79319411808844	0.438986447672598
-0.586225647362637	0.424549453485532
-0.191887889315755	0.102858540446346
-0.41885367918873	0.3531364859718
0.397588996663208	0.425492282938213
-0.395807043036765	0.421880029774881
0.0686355120470778	0.0616661535622542
-0.11825003827508	0.133331894889324
0.168170015728747	0.16641460215991
-0.56213082706154	0.683972059721949
0.484079734250541	0.757269536369677
-0.516211574384159	0.543245368958345
0.389400456321398	0.503786299333095
0.52979571462676	0.691611026885778
-1.0600903499003	1.09145579533153
-0.681418055186563	0.747442707984116
-0.782609439931612	0.726012318587526
1.08626619996531	0.663266073375241
0.134740827599966	0.741831537238669
0.103254512539642	0.458947041335689
0.158853148274033	0.213707245321621
-0.148885634476443	0.208818831179948
-0.496138853939132	1.14345291905048
-0.466730238200161	1.12488465071167
-0.417567859173648	0.90963126345188
-0.459497504083245	2.10911793936398
-0.199123278396031	0.54485627571649
0.261249409898936	0.594987829958018
-0.18170345775994	0.379725806898191
-0.116202676271838	0.207698566077159
-0.457077702022	1.09844819056255
-0.184454981098968	0.300032809998361
-0.218007097184753	0.340835524043778
-0.501811358662694	1.00161041566966
0.389292333341942	0.479919675696832
0.247054850367148	0.251259051339946
-0.389787113882647	0.404373168143072
-0.642490069343981	0.617086574806347
-0.493423024853399	0.870086710862979
0.594609751570489	0.645036670177251
-0.342871137919129	0.270004679161906
-0.106323353352413	0.0427384873366191
-0.316769502251675	0.147367554895356
0.161910749638676	0.0490513039831909
0.900499826814902	0.489993114613134
-0.612351023341589	0.296128931577603
0.140516880773455	0.0545297949412117
0.89359241544491	0.489399291828786
0.140846209520355	0.0544352020240334
-0.151756236463228	0.0557391336018927
-0.0409231391045266	0.0190692116518318
-0.525335160168346	0.204442902704607
0.615852488756613	0.459607968006551
0.360813537762598	0.181769027553282
-0.504463116549353	0.264717708904243
-0.62409333671727	0.15194082521988
1.09483142804737	0.81419758231991
-0.984370173910544	0.498898517233409
-0.796040892353181	0.438978060365747
0.141493790786818	0.0550477805246781
-0.508914324717843	0.264314242451933
-1.17189860535304	0.666186257066467
-1.16960217906803	0.666105077972062
-0.515972492622309	0.384421821257533
0.713538694890795	1.01675848828758
-0.143626004893025	0.18646241447353
0.0945422718188343	0.123799036093163
0.170075935326028	0.183514070437651
-0.176690603472394	0.187613744015533
-0.302321148019256	0.336228564510515
0.00954629126921852	0.00529941064614725
0.00954629126921852	0.00529941064614725
1.24681240379573	0.866205215591385
-0.480098940952923	0.243698698799352
-0.53335946692924	0.205976990726238
-0.195051961361313	0.130092022180415
1.22923034228557	1.58812831862226
-0.229963089025466	0.148362730972632
1.07333821953352	1.90077457313158
-0.156097088385712	0.179722911867362
0.936727475863992	1.80317397352202
0.0347054668764542	0.0261785718411842
0.405069114735729	0.600476307221079
0.0344946768414416	0.0252730059381759
0.25154501757834	0.284009552015854
0.0706105096057556	0.0610555316288285
-0.11352754040855	0.0665083913226711
-0.111878431940865	0.0794127457242474
-0.498727043438842	0.37331751806969
0.696159975469406	0.330710811961353
0.169180900877891	1.06565098034296
0.386280214498268	3.07570216974452
0.332391628979747	1.69095483390002
0.0511950222676606	0.129525583325046
-0.542330893142228	3.04581545267569
-0.586204539812995	2.90251877320806
-0.754968738007008	3.54641918221907
-0.799813453125896	5.20110827657496
-0.66908181008322	3.76137965450827
-0.238188498045948	0.581342258279419
-0.0734459614539632	0.121701581711008
-0.462448966108679	1.10359289827364
-0.517759202453042	1.38044772755845
-0.524361391939932	1.11244298883774
0.141058509989764	0.210235814530622
-0.253226522780261	0.448327361712979
-0.612463669315062	1.57657693219502
-0.590997431497898	1.11519216908276
-0.794528543645195	1.97890080553356
0.202792378855957	0.235884823291906
-0.345023137992287	0.624698907169306
-0.310639856091473	0.428951929485707
-0.335599544565978	0.447933839569195
-0.939826282868021	1.31610891909914
0.176186407185777	0.148628610682146
-0.57099928589469	0.628624820054185
0.106359128212461	0.082347189995246
-0.0495420088124161	0.0308150409978313
1.14147404700364	1.26023386384301
-0.328656119752659	0.312818504641119
0.121164330410222	0.0995986747706887
1.31141176491802	1.78524212470719
0.868955490466541	1.07438521054727
0.00968191995847277	0.0072532122842287
0.381079464237795	0.319024418321093
-0.51227302174155	0.55192006644293
-0.769120918810281	0.851982766033864
-0.654904214834553	0.673092700396981
0.657043639203292	0.74281243395443
0.167038938102134	0.121001166010278
0.549863623647967	0.316859853539821
-0.167299554408263	0.12780082717335
-1.48761721656974	2.06622215289159
0.473264569692026	0.43243159988341
-0.712433565250729	0.803176412262369
-0.0348017353196717	0.0290766330671188
-0.0898834517990525	0.0909231928932016
0.0898664213354203	0.0988849198065895
0.435751533694934	0.507037808204063
0.682992512475026	0.84702714287144
0.147207739587598	0.158489751966489
-0.0855450760097352	0.0702569264686261
0.190804518555109	0.172017841280836
-0.688487128775815	0.544338387238688
-0.227961938338722	0.145677104546904
-0.196869485583366	0.131867800343572
0.0314688832846334	0.0237998925165003
-1.17956236831119	2.2688051323988
-0.102081145270602	0.0832814059770597
-0.728221660714563	0.90610642134601
0.824785536174669	1.04416816377107
0.00322792844978183	0.00237660941444697
0.121284228505545	0.0983658275024475
0.00861246480242943	0.00730671301528765
0.267452512295933	0.239354926493028
-0.175220382272089	0.149555651849632
-0.550543194436987	0.696970997490325
-0.190456050001289	0.159245076575768
-0.234267891361197	0.192791175048995
-0.205635961104966	0.136414018751875
0.72334185307507	0.588854282399456
0.193380223299669	1.24776451049951
0.0985739103303497	0.393938616844194
-0.0760040245271901	0.244955902689372
-0.109825394781792	0.359482992594527
-0.454224939123307	2.40927135891659
-0.705203353122075	4.71690668608665
-0.670828727161927	3.91173400861786
-0.520037097799085	2.59484763224949
-0.409789632400991	0.834106877215372
-0.324303553132749	0.575220467143006
-0.476646221899462	1.08724698285471
0.0612890943903601	0.0826359411571036
0.751542178308482	1.06297097828015
0.638683574415556	0.829283017367157
-0.120145923408938	0.113143426685871
0.616512221824598	0.65945152331323
0.551564399037958	0.789930583691871
0.195040283755148	0.242267484191201
-0.894407887588628	2.41260006984824
-0.00673755172655006	0.00810186494617532
-0.721986286380943	2.11424193082097
-0.954505981919131	2.12148065550386
-0.124702142964115	0.129051951793394
-0.880533904043127	2.13266730389577
0.278624076324785	0.354186913451818
0.00880637826429446	0.00782072754398409
-0.90779607085624	1.58528297687052
0.0514415632811736	0.0438962452914709
0.308234977315756	0.33912271133382
0.00609264617277559	0.00492270121926734
0.543546666706643	0.713772968898901
-0.0576524145147895	0.0515620868737089
-0.595612742103765	0.793590141525135
-0.337056585410501	0.36954706348113
-0.916820128658429	1.50280617721637
-0.711764447317323	0.94609452091939
-0.178929071523469	0.17673059023081
0.0869004564739354	0.0742537306379092
-0.193647401597709	0.189961039287856
0.148329685630474	0.149283287416011
-0.0284261958995823	0.024292364653659
0.0597607444408188	0.0476393864452742
-0.16054382325503	0.138983252965617
-0.381083419044223	0.426058631092274
-1.46915969471252	2.34923576491071
-0.795223783458405	1.05324557008265
-0.445903549989791	0.49013813430179
0.19820128345742	0.201755743044625
1.77127700669244	2.43015176929078
0.175431535889272	0.132538524814964
0.987598998888212	0.784563385222787
-0.492956642595205	0.258698473279103
0.180898232730884	0.150763787372163
0.319138346045427	0.333477179041525
-0.00756436860724706	0.00645725584520649
0.317893887068833	0.331349617331862
-0.64541567146466	0.812809339157448
-0.319770646039132	0.321140652015405
-0.257038109167254	0.265538237203597
-0.309084703095178	0.27222012494294
0.206874908518624	0.215501834814109
0.724626465902125	0.803683831841103
1.44579850329757	0.906837737262896
0.601290324287634	0.446403156600543
1.52876893350635	1.75817790205495
1.39750124544573	1.0638910195526
0.178985051994757	0.15891000612522
1.2393789053775	1.02262165674656
0.682195759680708	0.59003553206664
-1.0106951260931	1.41923933574471
0.0477167708972045	0.0362034852293436
0.0675991462787035	0.296071884077287
-0.0554317845600576	0.202848349149921
0.00395073263589434	0.010474482552584
-0.321791119934288	1.52202032511901
-0.344927182079009	1.50029616762896
-0.33577601835725	1.22988482541939
-0.605482187556856	2.63075956911474
0.0121321681721356	0.0130290604162809
-0.420432243051716	0.629239243951362
-0.182948514690188	0.205639540834225
0.331408984348132	0.41447270506533
0.291274536819042	0.233766315538802
0.0524612730698695	0.0318484966285773
0.584703903623117	0.635264514010071
0.707380386509907	0.707534519226584
-0.12322656170035	0.099333142123177
-0.0930111346765805	0.086023712990046
-0.59647029394029	1.05432546756875
-1.18048596088631	2.84745712985867
-0.0267126117122991	0.0319554929465972
-0.396250374095995	0.534382391355432
-0.884095198580514	1.24886987445776
-0.816788210164505	1.53702187346262
-0.1298624542035	0.152389543702518
-0.0787948029537111	0.0804162692393577
-0.39893467485793	0.580418132804436
0.298566798607176	0.394363993834379
-0.0425280310674747	0.0451205727042884
0.16450964050557	0.181564469241057
0.107849680853402	0.085237034916816
-0.506137577915304	0.583181426059635
-0.655479920589947	1.14133783344124
-0.0109160583115938	0.00941979324312679
-0.423106179839063	0.562158402403328
-0.0775768227907877	0.0616695869255469
-1.19710674528244	1.94551003699614
-0.978870594245671	1.54095395559445
-0.676454823311846	0.808996661002167
-0.00980609258683887	0.00837742684025054
-0.143720577134033	0.132741771644247
0.269897876780019	0.272393043792906
-0.141692910669634	0.150329837352357
0.0514321364886146	0.0411593056785198
0.00726342813364411	0.00590994674803888
0.518897011025777	0.687906925807933
-0.234501078298741	0.253357637406894
0.144235409890139	0.14331945278368
1.45494553226421	0.916413500388825
0.545370079599184	0.315156043724055
1.24549428061301	0.864724556166646
-0.198078140783939	0.151535186938555
-0.353201810087032	0.357465588940066
0.614741178388619	0.667343868525414
-1.26977957711283	1.35691669076952
-0.40368326362969	0.452824139829422
-0.0559424785264489	0.0458709232334598
-0.489840698373165	0.57704999234418
0.103121409692654	0.0719920574767364
-0.439282429787348	0.520714236089083
-1.09194226073124	1.03377947516087
0.816700047883506	0.350207754005225
1.33201471260472	0.596336495537286
1.03497180873916	0.398183249253136
0.505572729104057	0.316476540852849
-0.107420814251866	0.0432117320829755
0.0171989350671912	0.00932989254825349
-0.111817853457405	0.0794092752340366
0.0845898657278034	0.0610718861083947
0.0436593923565105	0.178902865890099
0.0570675845062059	0.211487072200794
0.0384489984598172	0.109086275377317
-0.244969963079126	0.986852052713669
-0.440450175046428	1.84639310001854
-0.165075696136039	0.43331750543484
-0.460300123686954	0.77049275109037
-0.465319687393184	0.716797123841567
0.355414079828496	0.468585485944166
0.61572711922436	1.18719010105888
0.182384278772554	0.142552272976783
0.627195816194194	0.648624686102493
0.191029416085813	0.155689245571071
0.270879197744411	0.235850985859931
-0.386302840138097	0.362242420563485
0.130267918657625	0.119430200557872
-0.288360998586038	0.354559181614242
-0.388586687628736	0.680531023582052
-0.363627674039229	0.614722175130703
-0.324818769994156	0.406465418514009
-0.0259091877453653	0.0237351274190319
-0.320082554827015	0.395508439676054
0.303429280140553	0.437607896801998
-0.528350516570956	0.855095743590899
-0.390725981346614	0.543785536310059
0.251461534486431	0.293866069104127
-0.315941343533997	0.429564437552299
0.356857523606241	0.484458834468066
0.257373633341087	0.296271608317287
0.101937622477684	0.0947244658800509
-0.168027495363888	0.186643016017771
-0.309738519181814	0.332885593495098
0.155701736822887	0.166546052326568
-0.268356714195986	0.301815551404224
0.410665283249654	0.5024005580465
-0.173931555388807	0.183148149591227
0.192593896417984	0.198090688399386
0.19545374454576	0.183785267282784
0.261349185956333	0.257463512679577
0.103020981399607	0.101682001049243
-0.20260628848521	0.207889200823143
-0.345074835778477	0.384472449924263
0.180915979818316	0.183776039655431
-0.936456688054493	1.43571000674436
-0.14158849425016	0.141682334641182
0.334375090869637	0.350659511812317
0.695861367985332	0.328647722851921
0.334212843650145	0.182808092787276
-0.654471954957404	0.389110990109234
-0.159064326638132	0.136320603322553
-0.020808229769651	0.0175921068366512
0.732806890392019	0.952711133155499
0.719349796140059	1.03416242755632
0.0507540037750574	0.0395274526093895
0.384872044295291	0.44391881257959
0.0168636962480383	0.0114737287015478
-1.15403075655265	1.60190963994515
-0.254654001109278	0.12692343644755
1.03557601899446	1.05904458604288
-1.6818775999092	0.970676525221855
0.866537994533674	0.629517989348366
0.115274791338522	0.0959032737190687
-0.0142578902346617	0.010948608024132
-0.0150100526626272	0.0546454985899808
-0.0411055580214082	0.137329949792312
-0.0886247347091697	0.272635303270084
-0.316691464199514	1.16671985603619
-0.0558485014982024	0.115150120868211
0.215800219140402	0.310391502742313
-0.701531906897608	1.45695134380946
0.494476972133318	0.752386838804225
0.548221301164167	1.030607357553
0.984205917440709	1.05894522277649
2.09890635629831	3.13265899757712
0.615981787195893	0.562877227688477
0.179916014837607	0.141366475781809
0.255360771505382	0.227958190199785
-0.353247085330777	0.376727291385723
0.303306264407362	0.465916545473153
-0.120343487673248	0.167101122277701
-0.103189952111282	0.143711126195349
-0.356259679646499	0.536519744428754
-0.295312793323704	0.33287954855605
-0.685609056395963	1.18321395928794
-0.180917199559707	0.226771511718999
-0.00505679266904132	0.00509581319751903
0.664989760838431	1.13335116950393
-0.251859733702135	0.313454779958254
0.020618965014933	0.0223503602961737
-0.00258897619842894	0.00244033591682388
-0.576044997892044	0.736549451805005
-0.0310515450132489	0.0284817771420774
-0.870954550557018	1.62769301599096
-0.142078037491345	0.139779529939895
-0.245762439899225	0.285879627961071
-0.0900343780746581	0.0915054775101382
0.41421448504285	0.581783089024455
-0.29521525779605	0.301541238419339
0.21611792958066	0.209132962906804
-0.0584042823588699	0.0534095436234997
-0.545164788914446	0.66830073096596
-0.044926253064463	0.042014007760077
-0.00782951483056177	0.00673892974502847
0.0512485002758941	0.0447702144902253
0.540382718149267	0.730323244261262
0.0518160466246285	0.04621386042981
0.464097239695252	0.663567891412844
0.254985671591862	0.292221910845671
0.677952170956477	0.696148854963061
0.69391760199383	0.330522549102325
0.348970960664832	0.174793080320287
0.275368045264673	0.227289164461281
-0.133207405696636	0.10614059640582
-0.0319970590990758	0.023976370306669
-0.194304472825918	0.148268068866886
0.487737462889628	0.520564498832779
0.482630934899721	0.60128393069785
-0.676742588285882	0.937588663301833
-0.0549464672830454	0.0341772066053281
0.353385939192545	0.323364266130696
-0.251879558191048	0.185350218271905
1.23882277505383	0.848767081923425
0.13483249087925	0.0580280568369647
0.0515298383202798	0.0315719163763829
0.393608602810428	0.180020414433707
1.07014992371902	1.23303417379671
-0.449561309981974	0.344471911057475
0.430878529246775	0.423237490444918
0.285465772417058	0.228985596487582
0.482295164121018	0.511945452961273
-0.0212716871253675	0.0763425780369507
0.00847593287986892	0.0249231100200726
-0.0541041115095258	0.138325169465552
-0.106574420968547	0.2671731154668
-0.105555345222193	0.138654803954005
-0.967014580821488	2.57357779603213
-0.0268857424146945	0.0285870495433227
0.798332104756509	1.80274921000419
0.250795050258033	0.239109743606401
0.939190198033111	1.10083727124717
0.0955290953162327	0.0715275386922689
-0.118626720118787	0.0696176337287884
0.174117230883799	0.127814509614895
0.380070410749238	0.420609289251664
0.238040746161875	0.325379331453261
-0.15489994590703	0.187596143272397
-0.450950025567194	0.859510799788618
-0.188681940650963	0.223092416395433
-0.240824182714109	0.264781806444003
0.0605702839798027	0.0623207410251235
0.023746475852092	0.0238347744334574
-0.109873304159856	0.117460391905391
0.555383065402242	0.925714916982067
0.164218517396334	0.175159615674725
-0.0417582063432812	0.0455228179769517
-0.710349461401394	0.977810885095124
0.438399886199143	0.583364479722653
-0.057965212009962	0.0520851680058722
-0.710769585768766	1.08732213036972
-0.120777220601359	0.11437582589388
0.198768672474321	0.227448017953267
0.557668871177311	0.765281757195955
0.601929536495889	0.871051303918909
-0.0299808709941915	0.0270809570410741
-0.0747227909875346	0.0620629897438009
-0.152668328555708	0.149434137907299
-0.474077464455602	0.543820991027709
0.167836782527359	0.170120608595029
-0.0988657786853094	0.0880180000175391
-0.159275382896603	0.161688613158743
-0.164230418566459	0.153270167136287
-0.0931922532038919	0.0374990568584823
0.320058225789681	0.188669740745357
0.50846849526423	0.433080759990265
0.0819088940158552	0.0548501635540173
-0.636836042322593	0.769929983954762
0.363046984963408	0.33338454446917
-0.459266432003431	0.459036466112426
0.118573134950186	0.0961290496855217
-0.621593689217765	0.679177914202999
-0.434522602629184	0.368963094852514
-0.0532779237112342	0.0394955007493682
0.795765959189535	0.472512586378419
0.713901565183667	0.572823477290672
-1.83366360317871	1.15314125435926
-0.382600251645581	0.329686683357878
0.522443105176507	0.19046942739914
-0.0260898650544088	0.0123916221149097
0.373814216569852	0.325646052325639
0.419602437243555	0.430544094912769
0.45721636181547	0.426712487150814
-0.0151735397795011	0.0100086827065214
-0.464499625457642	0.428803023358248
0.450307786351406	0.322951593653141
0.0598967656974183	0.244290697507912
0.0235162912535618	0.0686271213128661
-0.0520598894187728	0.133041628389867
0.00858938873678324	0.0111998575625951
-0.47610836935724	1.00449456481637
0.0540896567226046	0.0671829651638296
1.25862330434021	4.16972788381349
0.870755659054473	1.41730406886595
2.22174538787771	4.00860336680109
-0.432116560876374	0.400250764668327
0.0196435596800907	0.0140400938348199
0.260170753264095	0.219979877434574
0.380031335701226	0.477178068978887
-0.222153436685186	0.332191805764383
0.00509235826602134	0.0057311501431776
0.000728319035976494	0.000746552137525185
-0.354964796113114	0.477869876922608
-0.416234576115217	0.560136116315281
0.0370445165111025	0.0377575959996155
0.311555419552103	0.473710060098308
-0.139623542364353	0.163862556145872
0.430474957468888	0.500239264420093
0.101360772885542	0.110961456275479
0.260563252789864	0.331418482432695
-0.794832250718414	1.09085341708248
-0.196955324733383	0.179120946519311
-0.269800181241342	0.273690601214357
0.448636690399642	0.671480284965305
0.853485579845156	1.24364886907682
0.691826098879674	1.0450972102025
-0.683360013622288	0.85696416480063
-0.18949152134399	0.158943961558041
-0.418590817516002	0.459911160221192
-0.0112154332111524	0.00864860934132313
0.243669688957116	0.261073639845536
0.26778218418201	0.28070243729573
-0.111157466966173	0.0981313697450441
0.307441412703286	0.324678283562361
1.56084556024857	3.13585647205966
0.330516149256178	0.196597216273588
1.09643144870183	0.815893492309343
-0.892226799517237	0.814750391752503
0.13917521718084	0.114343026887196
0.301007352423755	0.308571572758884
0.000285758047446367	0.000318750690346499
-0.579538216969983	0.763179284787887
-0.0902232218287888	0.0726416111189408
0.0673032964625113	0.0628770482992439
0.865855892900783	1.06795539854342
-0.28981707634203	0.276146081814095
0.289301814438609	0.21667519137019
0.160384885012197	0.0410552053935884
1.90850009020379	1.62874341736928
0.681308873826642	0.322876396605217
-0.512056903881992	0.469938482754579
0.81864798250195	0.350323202614082
-1.59286305339702	2.06735173317254
-0.0485526935429022	0.0357765202820518
0.0961295835340897	0.0720280968308251
0.72501628041422	0.594171087971794
0.428403691114531	0.419298417429902
-0.195486557403896	0.130599602212643
-0.982640595350951	0.958893165649201
0.0360767905332615	0.0209053394756002
-0.0026496597955405	0.00866671041813865
-0.203253826445964	1.02186244005225
-0.755434666396165	4.26742638463417
-0.951070849843182	5.85216960193185
0.0242050047215453	0.043139578494849
0.259543669445584	0.606562376383308
0.354678858600981	0.519030548650884
-0.101720605620588	0.103049073865536
0.119717419814699	0.132008922640587
-0.305104789112249	0.358840716235121
-0.248487378203181	0.288713946671011
-0.158992182351852	0.195080704285542
0.0603032845493688	0.0792525244034401
-0.579769852445217	1.44891167789647
-0.124984443550817	0.176841113409453
-0.442141359430946	0.757253435620453
-1.03849710500354	2.29609097451703
-0.106451579716457	0.118928870388773
0.365319431148183	0.485990499636663
-0.75254814344291	1.22543524769391
0.313833726464861	0.365025522589251
0.519861376303386	0.672194806627931
0.585745461889734	0.922796832553677
-1.13713180530063	1.92395655501287
0.661227316227388	0.759327102079377
-0.858640151725478	1.16838529873569
-0.426112589355445	0.470968098089947
0.395265574370297	0.40997926344031
0.361585942458823	0.401974654335139
-0.693704293166883	0.91437632974497
-0.104873343001781	0.0839613944746619
-0.309015389185496	0.270973034352998
-0.691222568094809	0.795609330198163
0.0890897442277497	0.0646332319040306
0.518479187994139	0.620164389046141
1.39471867155462	2.29553863273596
0.266312452422843	0.262452680613235
0.438886659831469	0.432103420470665
1.60066408426144	3.02293832715828
0.28873909874339	0.233047383983178
0.601815032878312	0.451265864605305
0.504254315302562	0.52832805102655
0.0319609112953971	0.0227087241741324
0.251526044380795	0.250827534058807
-0.586507579436669	0.568275425524964
-0.20971379918906	0.156270998741213
0.312929377341518	0.201776994628276
0.243833524945114	0.256569203170056
0.432769998917666	0.427000274716089
0.260075054880847	0.277489680659201
-0.0488386222702555	0.0360476912893055
0.399111205782261	0.312313365719973
-1.84987994696268	1.64988051812012
0.133545416358038	0.117112667211606
0.388184733210315	0.176460390937521
0.186496068657015	0.142420293771704
0.194914878373998	0.18404138587754
0.582030399999745	0.649684969318638
0.270267637287067	0.267989791290635
-0.120617329328437	0.0830645830016126
0.31041471248915	0.199238004852751
0.0741165715229331	0.0511616048918759
-0.610247438162758	0.490805186301517
-0.0002769007444185	0.000215954544573042
0.165202798061151	0.910490190117986
-0.0960701641658625	0.332629176973658
-0.573725563023429	3.27707600021022
0.0450929065793467	0.0898136743086493
0.652801866779457	2.46459839745444
0.647379415017974	1.31566932440079
1.02915864539359	2.01564184387757
-0.110844895660312	0.130319557101021
-0.441662286755568	0.593507291526126
-0.0561867020143279	0.0600538478520864
0.50695482155871	0.952119599459785
-0.44190282567118	1.03886719245206
-0.14724499113053	0.216857982948934
-0.309680779356064	0.602147434130242
-0.236929449837821	0.352300517513374
-0.423149780464171	0.766160008247443
-0.186627719767159	0.256722241399988
0.0844700964543648	0.0998112829920143
0.39321713530942	0.492710954451636
0.186781456293121	0.207390181126592
0.799717729599553	1.18891491492582
0.100384240958534	0.0934833474540385
-0.11189348053329	0.0970248165570331
0.296439881016055	0.229986283038247
0.0881740514926791	0.0613215233072115
-0.094266992621888	0.0753609903805812
-0.528481676043213	0.581827951857438
0.0108803553155635	0.00989706859738689
-0.485982947831129	0.536645832083898
-0.487644766931586	0.409169345773137
0.669532706391882	0.773863912829526
-1.08680133971175	1.44207151625342
-0.257695093211084	0.231449047428693
-0.0654054784275225	0.058239490124061
0.425422969916046	0.428701824383478
0.0987266760570023	0.0740895420389103
0.416643280707159	0.329209947648545
-0.721041131936732	0.767644011381867
-0.47311919545098	0.497696335103245
0.102542886489079	0.101941089045897
0.188984137558947	0.167328207145129
0.0729414661074622	0.0469046100776521
0.133601758822845	0.118308623613867
-0.086105264569045	0.0694359796924919
0.536599845137056	0.690148093883564
0.377412501048346	0.337916036413744
0.449218654577153	0.570166303651456
0.282321579027603	0.227456707675664
-0.197832547228906	0.131793063660063
0.952369825544361	1.33079383397577
-0.461792479815527	0.301331660412773
0.0248161864234042	0.0176902428062848
-0.188252014858195	0.171822195879242
0.0602198927724494	0.0514810557198242
0.103674009835738	0.0817012835682622
-0.0449073773183531	0.0287618140872599
0.27282429459733	0.226030243214997
0.842759734293598	0.873566373042256
0.441965254886876	0.331692475323489
-0.151302010903386	0.0848416250054806
0.178128481613653	0.129753313406696
0.29760024875767	0.213345935669577
-0.00654390408971895	0.0192704841435796
-0.16367346760772	0.740027405005673
0.226156480780743	0.776482535849953
0.695577195529866	2.58758761302183
0.69086110914927	1.63821130791416
0.500649059735944	1.02090367432268
0.0320539253826857	0.0350520501519768
0.399932508384339	0.506337834701402
0.264331876184073	0.290361697959891
0.20586208759223	0.281135785860049
0.0556780799628088	0.0539565822346355
0.798857570882327	1.42589963443156
-0.0779530956955816	0.0811821196032522
-0.30862470714457	0.223897074193242
0.376509873926453	0.504369173259707
-0.379481978216662	0.327227350719189
0.420166719464472	0.314798227157828
-0.213727598854133	0.159275809459587
0.658747701933508	0.462471223795344
-0.0221252888469514	0.010553706243259
-1.10006744877924	1.05142601057667
-0.0681045989115816	0.0298139538658013
1.44168996802299	0.897564909781328
-0.404961639026276	0.226737213175972
0.138354827932971	0.0598570560086099
0.464694742199556	0.312632471374093
-0.46912735119096	0.310736668343891
0.151305903524906	0.0656787294432382
-1.09962484872699	0.73103725845783
0.141817300323063	0.0551396791983983
-0.951150456478943	0.580896653393548
1.04312749688267	0.395976757790622
0.339726117165447	0.18762243616706
0.607337876968877	0.56007868960312
0.118497017632862	0.0948148027758739
-0.968437232334066	0.584556063481987
0.851903134920425	0.610204151489685
0.362587456207125	0.183088959496236
-0.401347921029755	0.171005116484755
1.82748782049169	0.728181584217454
-0.587037650989038	0.425234882495884
0.326982361800708	0.195986201834428
-0.331604675518822	0.196877938961135
0.480338877649565	0.439449403567372
0.392945116993485	0.320836977907944
0.44633083038727	0.415017963004846
0.392717020964126	0.315217275436643
-0.0968155956174194	0.0587394682508026
0.185218223277558	0.141912064962192
0.397464517928014	0.322121842038865
0.154588963583835	0.0800749836059837
-0.952024054523944	0.581354232874545
-1.23767636459981	0.917255828098804
-1.13600022882357	0.347365132523473
-0.130506274445437	0.0907821881673487
-1.16314164071448	0.649412036250881
-1.03279141777036	0.417914440602884
0.153330488140151	0.0297415921897382
0.525131259349727	0.192999914873943
-0.518945913103219	0.201612309704566
0.0626774138399033	0.285630321330661
0.377070601431153	3.23438277886086
0.367188975607963	1.90718858470489
0.324041965387728	1.60497573989418
0.184979408444071	0.565567915330782
-0.160270644084799	0.419470882217895
-0.179310730647814	0.402673006094563
-0.307080435154451	0.789096082740654
-0.398487423152953	1.0797294584281
0.0674278581314986	0.0833420248610061
0.183619694684294	0.191475932728511
-0.400866412027718	0.479416403374361
-0.26488610496494	0.258742282342939
-0.455704287360913	1.09104861582738
0.108851377745791	0.0842513248197385
-0.473219727390312	0.395939138459987
0.321653833990106	0.193330908274306
-0.545874063348562	0.339644226331349
-1.32684881143592	0.830406235404187
-0.0286705711761857	0.0135289367186542
0.156591767483095	0.0824486117378676
-0.802631071952467	0.436176589400465
0.15281457847905	0.0661031141000901
-0.065391530624408	0.0286857907039763
-1.67187535672902	0.95821144455975
0.150199695368259	0.0720174677020041
-0.935175472395001	0.678195184946991
-0.101427490232346	0.0409683928019673
-2.63605239509601	1.6451506280913
-1.68351362006684	0.973221895854537
-0.156412163883255	0.0562413579429098
-0.989347254003255	0.503518651055263
-0.536651748285165	0.204745285454494
0.144296528706274	0.0555727308094438
0.0590487133009206	0.0361399629487451
0.695935520786699	1.02023009174659
0.177161925795011	0.245255888998242
-0.166731964076864	0.219645209502863
0.309916460106234	0.442521894902019
-0.676539900397915	0.464843495086653
0.307393034082572	0.209097032373541
-1.50620244308749	0.776245090193838
-1.02871170775367	0.417044529530206
0.393437746162982	0.178958081741566
-0.327177328096064	0.192232188377516
-0.119172634898863	0.0697804703295518
0.641913365212194	0.67370177935571
-0.0101892285488501	0.01206132177803
0.00248769254181622	0.00182973649616548
-0.0195190029870473	0.0223603098716131
0.260530446896127	0.295023466158837
0.650561677319544	0.457936125715179
0.649577231529223	0.673696158680963
0.148448238167646	0.0513076201238473
0.138960377633099	0.0538764340280537
0.154879045139432	0.162947535953104
0.0868703883930683	0.430970405017091
-0.246226305677921	1.62333100138782
-0.347437179125603	2.34460869902028
-0.776286105924258	7.92524729030783
-0.473226981197404	2.52030766190679
-0.451882130367021	1.65693244027464
-0.714594946894817	3.34158244178025
-0.490709372194026	1.67619820356195
-0.450376529078045	0.881468550636062
-0.114828025282445	0.141033662188618
-0.137587915881303	0.161687022334158
0.402157692015551	0.501123318024941
0.0834028756604432	0.135821261117268
0.189891044791559	0.182252983179405
0.390173633355186	0.328999502343032
0.93227335275483	1.02098522743983
1.09073324638905	0.809814502083951
0.509426793957245	0.318972845490634
1.33915196648139	1.38456791969771
-0.348176840692994	0.206256247024008
-0.405634729602033	0.227866478786189
0.149069581142614	0.0649019495188531
0.143438162521888	0.0625567083820941
0.329572405647294	0.178567061238671
-0.609038730559404	0.296464007567755
-0.792342739586313	0.345577694995145
0.0422181288903079	0.0242461713540942
-0.71988278596507	0.686388218512893
-0.610833460977436	0.299002705735265
-0.0563362972740298	0.0245928162334617
0.59174844557989	0.309669751943942
1.56738793874716	0.794603309712501
-0.0321281792554104	0.015215555734364
0.301537471705244	0.203776369524766
0.120495449917197	0.172659673566626
0.354311117972494	0.51185963935434
0.152428204310439	0.0733166050838281
1.08444998832036	0.666547810181653
1.06834402071641	0.528141014290072
0.143124970655759	0.0619917154393719
0.145678183643727	0.0633925447913303
-0.686836848317818	0.538995771243372
0.647498537582704	0.449701460045751
0.49641209869287	1.00406584317044
-0.597466466915631	0.719587481006156
0.428755317349053	0.68867400921954
0.197118583967196	0.189367739450732
0.0185733308498228	0.0100255334508928
-0.146721799258105	0.0818531147014185
0.337623919758217	0.187010101962814
-1.5208643075246	0.552186247107342
-0.0142706776954598	0.0122223748853524
0.44889852301232	0.183094420839924
-0.805443976689482	0.529488096913971
-0.0636770655661035	0.27892040120395
-0.132927945963011	0.622515788541036
-0.294014453338174	1.46287252634399
-0.535424956096277	2.49430024292464
0.117836710204526	0.233782399599424
-0.149014654760331	0.294489757683329
-0.0759492543347635	0.128552335421399
0.105953814708511	0.163375257002346
0.042558136453776	0.0466523106367519
0.0206200550797176	0.0217268125187484
0.0210613629131578	0.0183632074245301
-0.185934830983305	0.290850995902326
0.0304121157661258	0.0253141746445053
0.618061463045835	0.57226808179813
0.559424560479595	0.537556956749994
0.827801990743432	0.958469006148859
0.464960799672997	0.312277686015827
1.22543212762315	1.58302959997125
0.00284278873202472	0.0012861207984247
0.642545240320158	0.448289079932989
-0.337917466738897	0.201984743623441
0.697325309492935	0.600536470787649
-0.162624865096479	0.0588816814769299
0.474952652555735	0.320388400035844
-0.0560068014155475	0.035074257178534
-0.144949652683535	0.0817111573912485
-0.156344915758294	0.087182209779805
-0.00900723232298426	0.00442610480079617
-0.188776626738545	0.101020352839879
0.518122946273838	0.189782716405237
0.326587783455228	0.195294381702876
0.168494460374342	0.108944283582131
0.0827137274433962	0.0959182072171544
0.416065916176751	0.572459404609226
-0.117935435812091	0.0688530424131561
0.0744323993982826	0.0479198722719413
0.163311686221074	0.0491766335657994
0.143552854949838	0.0622321518539146
1.05764041463911	0.523204233297642
0.959322548007777	0.928123754643144
0.447527140021326	0.438557219764203
0.84859794766772	0.75881286451615
0.271025078584755	0.231778037769502
-0.575248776895252	0.808932002545891
-0.18783043553422	0.17092908512624
0.965773929307083	1.56204036548459
-0.0343160729580831	0.0219680981139893
0.0456449224009479	0.0262721407830204
1.34746128283093	1.18252068907393
1.77641636528469	1.01380514694181
0.0369125133370947	0.0272569024248285
0.0504783963545573	0.214897848825653
-0.173872464731562	1.02264730868538
-0.28894386608804	1.42035339423908
0.0800964263122636	0.178727208868409
0.270085017923991	0.815223726557822
-0.0246180656965155	0.0459002071675073
0.472442859059496	0.863650090055523
0.492605220522071	0.74470796971321
-0.00140816877867196	0.00118457214144128
0.025534477689648	0.0181675669974178
0.142799666784004	0.228310896381457
1.30317134277614	2.43449075054471
0.641153415633253	0.575109163646899
-0.910986873798294	0.751977391115093
0.793994139106513	0.476412321201316
-2.07598129896443	0.949215626843473
0.952755956237712	0.634577494195914
0.814284768450867	0.350652393917073
-0.625937806483493	0.300740366900028
1.08156674896928	0.669544405023095
0.148228629004075	0.0512983752502419
0.890426657677904	0.483009429135292
-1.17092142872885	0.66082761525485
-0.35303839918335	0.10157178435029
0.148779719482915	0.0579010525492348
0.435793892227063	0.177391424756306
-1.29690063716831	0.591073168964547
-1.03806810364232	0.414376177028535
-1.02757122770041	0.415639038598866
-0.988572486469466	0.496544544555829
-0.785945092184006	0.346732818121287
-0.113158293674062	0.0450514522191977
1.23901908397045	1.02740866497268
0.137495444484056	0.0597099792716302
0.496723440890384	0.61340618930346
0.65028086055024	0.45480311597379
0.186189047783165	0.193910698301285
0.131098377726237	0.171748460103907
-0.0882461542588326	0.107549073059162
0.246732457684042	0.296851692567263
1.0566052107416	0.517640388009027
0.457829128801752	0.303739314488247
1.82893701442997	0.723357076557195
1.78050942881481	1.01020471827124
-0.0872981871394885	0.0533255400787125
0.385534237135086	0.323822645304637
0.332887788906381	0.489496906480797
0.571424208777011	0.795640749434775
-0.152783486749163	0.173491725364738
0.267074922604477	0.23441400123881
0.166481567416505	0.18514147053185
0.314168884248015	0.18710408229772
2.1098250236748	0.960200477129045
1.03912222698575	0.39971781200683
0.255507895320554	0.239138256407432
0.44012960476333	0.180773267026075
-0.0104236390242428	0.0393446802772222
-0.130010455643939	0.61708188200745
0.433479671378314	2.41862918621209
0.318297202598652	1.34590985489964
0.129686743960367	0.374607877628108
0.635054957542517	2.53338441916315
0.977481467845589	3.56184161326696
-0.0292927281150551	0.0405144825755949
-0.0222427764790555	0.0225953156253392
0.215208591893647	0.461954741329656
0.199740265753686	0.203526492348774
2.18847457961634	4.76550518627484
0.591443857676626	0.555227993543337
0.710118872098412	0.703588789779026
0.727788989745635	0.600664893384486
2.01922860071433	2.85668462393729
1.10740761034521	0.823076010390549
0.354091737418237	0.177407845846932
0.390243444536789	0.178044149680407
0.542730619949026	0.31347562370219
0.787178797987995	0.463193960976423
-0.0341744967705317	0.0160458256844562
1.76014409116085	1.74362678859876
-0.787651970540087	0.430474300998622
0.535060464028377	0.305658218815211
0.163311686221074	0.0491766335657994
-1.60756446601331	1.21856495184061
0.526088870322886	0.19195857798614
0.684090041508709	0.321050766124939
-0.306516079511883	0.141991242600391
1.33086270821398	0.600615079200926
-0.333246698201155	0.196449254777454
-0.0915588505820541	0.074192451328432
0.607973895939739	0.563492969711928
0.133813773886899	0.217896120701374
0.481362196665811	0.803202759458677
0.14940650680902	0.0783716928574245
0.82349104975392	0.355749507161144
2.26807745923579	1.75131255868308
-0.286477154979533	0.206016053828758
0.65446269361237	0.459465499819644
0.462029116453054	0.817224031464103
0.196170266117014	0.181589840361588
0.0276566049982663	0.0147218702451873
0.14653019519208	0.0570865605628647
0.444269307982615	0.182724882347965
0.489039225565404	0.504698565351853
1.26304338027174	0.70495875858216
0.00308157034451453	0.0107632215217989
0.491781516252923	4.7708802478519
0.232139714310523	1.19581409862659
-0.169252272248572	0.725408717975217
0.41179255311717	2.06169571386083
0.417369868930755	1.56889486463057
-0.425439423083151	1.50880549805834
-0.382923768706155	0.787810490538389
-0.49190684758741	2.16047210496498
0.17129476003644	0.240055868104648
0.316654303579684	0.391128283250195
0.380073193258641	0.40182992533321
0.409877883903333	0.409005117932771
-0.192019909518679	0.159704433768569
0.365658775709044	0.412097959036638
0.286158116327161	0.229092037706851
-0.0787472472737352	0.0477192562950783
0.20486876454441	0.16141205659029
-0.278856302482994	0.228073965488074
-0.548498050934726	0.483414134202856
0.279870253664098	0.239818162796193
-0.195306741026002	0.130684596042193
-0.010752843358056	0.00711786327942901
-0.371532950878546	0.315726161661183
0.747757839616198	0.72204481995582
-0.0985727590166987	0.0573274138820293
0.463536288799008	0.311320395010985
-0.884903842713895	0.795993249782149
-0.396629635071449	0.269714746018613
0.156732672528752	0.0817764063018632
-0.679190472827855	0.470675747305212
0.853756643696185	0.623741429375565
0.793482679628471	0.61233797836878
0.211680729119855	0.181485558395658
0.569990166928124	0.448860162352616
1.62331004681519	1.14662608479542
0.479775066398496	0.439549171207116
0.441798073691344	0.405753780442821
0.532033662860945	0.946835173934819
-0.912412830770572	1.43550880787826
0.118724371219093	0.13437999890217
0.540877054118431	0.309602752952519
1.45717691380574	0.92208865263228
1.00499290899993	1.63650558252404
-0.24622009546943	0.122208884227209
1.04829841723183	0.398759642246506
0.432450090875445	0.176567814408325
0.080895199217227	0.384174272812923
-0.289005893398938	2.16011783010963
-0.540236132615204	5.26927366261776
-0.270817638677634	1.21051448697944
-0.0297278851941498	0.0620119113376096
-0.633104812330344	2.95289417582866
-0.51524749102357	1.44061264867442
-0.340193230769587	1.30076177755294
-0.0481917379348353	0.0649148666777452
-0.0339243017739666	0.0392403153828819
-0.26182026700645	0.316864761050304
-0.0591736460453008	0.0481360849157704
-0.135057751112515	0.106481357562066
-0.0207995498361483	0.0175095146017571
-0.835519665886091	1.1289427265567
-0.00136508927858405	0.000969657747852309
-0.642575619289123	0.642005931508435
-1.09591027625703	1.25221126160028
-0.703391434076986	0.610890152359314
0.023880482196572	0.0176286750178255
0.193099706030028	0.142650304569236
0.107592888382439	0.0805723773948968
0.0825532079692467	0.0549659939186399
-0.253757672705126	0.186415666195604
-0.64183314501576	0.613486880703171
-0.182048147116444	0.120245582374973
-1.4281359833485	1.70381048666976
0.29991666208425	0.203552800958692
0.173859262722511	0.105330439605498
0.168494460374342	0.108944283582131
-0.552828547424203	0.347345125405712
-1.01323718047988	0.903424592318035
0.0445403618829316	0.0339232517347268
0.73667121426679	0.606570198272322
-0.152558547850473	0.163374530341929
0.350880335991626	0.321251757068034
0.2973099236884	0.342786112453016
0.366634454471368	0.410168248978212
0.600458231431121	0.314077133140864
0.130850214142744	0.0505576404339629
-0.314381389061336	0.14613842354896
1.32170816652926	0.58258598974971
0.884794837939419	0.473805722127845
-0.0781896019760993	0.371033901602792
-0.0776000259378907	0.324632864613927
0.42276054890197	2.64386559372447
0.414996109513323	1.78097824759028
0.0535813032424964	0.108257471516201
0.029423931736434	0.0428487504269585
-0.0942388673788322	0.222793516648264
0.429756058419117	0.902989827840371
0.0620668028965822	0.0717852065952857
0.505170335788223	0.791237655020386
0.682706101314107	0.981564342449932
0.889953663625341	1.56633937443484
0.470973919026113	0.628077946050343
0.67491226958519	0.783677663113554
-0.0144971182656019	0.00954018624651228
0.737741293431306	0.898002670199658
0.172430104761393	0.143865226685533
0.348562876216934	0.314416506046974
0.109594016047007	0.0840073380424506
-0.205950586364989	0.17107396071867
-0.119073692912156	0.0846042862363126
0.184403043861726	0.144539317029711
1.01860531907912	1.2872126714739
0.793564597062747	0.473464615925619
0.796257774725081	0.743260315081774
-0.0203711440313284	0.0133149625187691
0.155021877733767	0.0807935678759347
0.158764608369558	0.0681051938417886
0.0654687634463152	0.0418508223214338
0.5289315820095	0.430752034803038
0.00379022821754952	0.0023839518809452
-0.291822908824916	0.259993198540783
0.0690465023831082	0.0771210167424488
0.556060175558959	0.763061530774228
-0.0908066171900267	0.0735152463987866
-0.0368561034158413	0.0367900067488919
-0.302659929310528	0.29119570259436
0.157225160957703	0.186374556671803
-0.410984529254544	0.488683443010712
0.640952249850107	0.571140495521914
1.23011229554207	1.16722036443182
0.133395078908871	0.0513481931211988
0.1472747461492	0.0565989752127877
1.09308159026054	0.811598727549868
1.76149765747788	1.35931333979521
0.666887977767422	0.21415635270207
1.31855942573268	0.585809961693757
0.543150335677506	0.310240664772678
0.543577705753175	0.311102415966726
-0.0734491426464498	0.334394843586449
0.176459757501591	0.860140300130244
-0.0122834762826132	0.0294466625106881
-0.474670321085198	2.32399438818451
-0.443816539030663	1.44675510309475
-0.194574678102745	0.58813913310903
0.210288454999708	0.459599987942327
0.352361145416515	0.733502634413983
0.204096950968676	0.28024168601954
0.5399323020615	0.895731856849232
0.0629144527838723	0.0630385951139245
0.597194166589739	1.06915975863856
0.143171352071386	0.137650682649682
0.00325326763823067	0.00240704184249712
-0.199311152644939	0.182913961781758
-0.00721920849163475	0.00670614790799972
0.124277930272826	0.103415218276494
-0.559129906680097	0.681502062160378
0.0152797355418863	0.0125641654221382
0.0663114149723938	0.0566426422680591
0.382348857101085	0.405388712537918
-0.795958548070117	0.800556172866592
-0.0276384920600431	0.0208602418113886
0.549081608363166	0.529604478273304
0.0833088005091619	0.0592541807992456
0.0152572775864331	0.0109188185095005
-0.198259419395699	0.105319602109632
0.543074174467173	0.449809916228429
0.565117946521846	0.550508386620916
0.264883935565801	0.237944442551422
0.166654938557794	0.188186315865239
0.404046973940305	0.604346210456974
0.0998807755118913	0.10900585808581
0.755892884668619	0.822663605350853
-0.0282358263830511	0.0237924017674236
0.182983749866169	0.160137346864246
-0.157741711938196	0.161526421699755
0.123913500746055	0.111226135766784
0.186692047141585	0.136783654941827
0.340240581838967	0.188081256081305
-0.397144250713019	0.22287199931998
-0.164383112033943	0.059343474051268
1.24681240379573	0.866205215591385
0.774098042197847	0.456614573544027
0.338862496290477	0.187328971103019
0.606868060437385	0.319371836719166
0.359473106712392	0.180810638142721
0.992160004499451	0.782661333358073
0.748179415568656	0.716603803660691
0.0826662732840476	0.366902274099894
-0.0584841995942334	0.20717849323749
-0.223086448154615	0.983046346885748
-0.274331001897343	0.987302087166028
0.175270821259182	0.470166371500144
-0.314835208753577	0.957671455166001
0.320181121807543	0.847169577310649
-0.0976154674597516	0.15225138259157
0.0293102454074161	0.0402094842752358
0.839571037467159	2.44282448161321
0.145627327241975	0.2426406363722
0.595751156818888	1.27544338254619
0.0412880225679149	0.0441513114229374
-0.525081063616369	0.907520456299152
-0.304160124170025	0.468520082814009
-0.195440297399805	0.245770506083478
-0.262348142056129	0.367256505398092
-0.578241478596258	1.02351705483547
-0.183426626404793	0.189173371570693
-0.843135726996846	1.62903914503762
-0.371285047381845	0.476456538412026
-0.81971308783742	1.29252654216943
-1.39485993769178	2.99436006398264
-1.22844566664235	2.55968959799021
-0.377504691832932	0.453170996921118
0.0575527283750758	0.052604735159467
0.338793701731653	0.36719476545276
0.267770119550587	0.301080689730242
-0.013951630064719	0.0107733399102725
0.735826352983883	0.969212439366619
-0.184477194722344	0.122090146179911
0.33603143341693	0.331521656330499
0.0217024917021828	0.0159977208103206
0.12767358869174	0.108084014497618
0.582630366989593	0.460325782965683
-0.689030090445377	0.83391846303153
0.403482607078464	0.412053170544164
1.7759861863526	2.47098005850296
0.153227424717165	0.086771524104818
0.0520112779122527	0.0317285540296337
-0.336937011077184	0.200338057495105
1.39972854731504	1.07869151777431
0.335603824965815	0.182926252986308
1.4214766683202	1.73664121335527
1.1259537966241	1.11641800870685
0.23549392221027	1.56581180944403
-0.043943597737461	0.144251419834899
-0.109948853563122	0.314536934658043
0.0837669464053042	0.203945202057199
0.127249058750201	0.303138019804571
0.159950742938487	0.379862649066639
0.258274182142317	0.638892992304611
0.220583955296069	0.411623535492503
0.11895437023347	0.198180486925402
0.326530419482994	0.726350104207702
0.521486370909434	1.05467818227466
0.55744199872448	1.05328716270171
-0.123372926113726	0.160458862703439
0.702004251190049	1.61645212058809
-0.0265765181726717	0.0274406046983286
0.162654255322557	0.214258027875665
0.105385491435509	0.125874470114182
-0.390928672071222	0.601422879636756
0.279370293326199	0.384380196794052
-0.217031962115891	0.251532670055307
-0.470234802843005	0.625645029633054
-0.351966422435483	0.441036705766004
-0.0407297418881766	0.044605653240129
0.380192214011424	0.558095495111296
-0.46429088287574	0.657679455154696
0.251995662621078	0.251590725027022
0.716817005193499	0.465927670531146
-0.0679745929023311	0.0407298555338356
1.44910731797094	1.61660957778845
0.206289149841272	0.191938201926519
-0.31866684976814	0.229576864323481
1.04546285628337	1.49469110316689
0.040644935853096	0.0229337573389549
-0.053663501364152	0.0397715744524187
0.564425320306269	0.445664642511753
-1.37056335399949	1.55215255541131
0.83730670316819	0.751910813239961
0.335575681600773	0.18552964403284
0.0807234479264525	0.0579260050466447
0.689195260351381	0.598220686079968
-0.095425694241225	0.0685070429959561
0.169490118519667	0.114406023240234
0.521415485715931	0.53576063416625
0.169888546389985	0.109982632757728
0.982600511313232	1.0585518502465
0.0427314767679844	0.164998362144605
0.0601507014563014	0.201260613198523
0.132742423275807	0.429856268985638
0.0667984057643724	0.169271688459184
0.569096067813088	3.01723221904465
0.284704157060297	0.82494937141968
0.605111814634718	2.17430357747147
0.497475708344005	1.62054214302819
-0.00746620858526308	0.0117496104604535
0.412830171280817	0.878692047310609
-0.0676111928545	0.0882181812183993
-0.282246185085247	0.519922716823359
0.0196571372462619	0.0256712209219064
-0.0583258069888075	0.0699562530443653
-0.11679256688277	0.163101798328679
-0.0529782589276196	0.0631725897970117
-0.633044510234289	1.4163685363253
0.130263740945302	0.164770130090137
-0.10832108549907	0.120632637342285
-0.277446539294096	0.330364892807681
-0.42503045621133	0.571085840000901
0.115085205685585	0.141052213108382
0.154178558879266	0.157666753496405
0.259895999455069	0.232327794949539
-0.146655329510458	0.137194059869113
0.0304834907294591	0.0288516903159764
0.334540140719234	0.185527110554192
-0.343155317127906	0.241671402057263
-0.476724305308196	0.55416404864543
-0.0731341623139054	0.0596358007477791
-0.017568773125407	0.011324490219238
1.29992542089279	1.76489097809169
1.04668756819518	1.0970385337069
0.071099478863317	0.0457579130319341
0.436287688376884	0.307047140547589
0.826624704488574	0.945385889515518
1.07152468748168	1.31100841953414
0.647037119772045	0.581197606295773
0.0709002741578593	0.273943342983444
0.052297657546171	0.165826074216212
0.358041143206972	1.66018325947149
0.456142512886504	2.06914071421735
0.306026329434219	0.907265915484398
0.610807976106575	2.06726906573081
0.291008703929593	0.631019320442771
0.0804657825669453	0.133116042935645
-0.00551461511583491	0.00658473679410743
0.491593892657492	0.969706061413669
0.066852273965233	0.0813158927927407
-0.10759127234556	0.147546021652912
-0.15004941452819	0.192454819272429
-0.1370364237175	0.170205493794927
-0.203015201791031	0.259651510456833
-0.328852439080825	0.439090304415508
-0.0469607644821631	0.04956177740053
-0.234410733061436	0.21119507406358
-0.0561118774225201	0.0459736170484128
0.175322767666685	0.148614091328908
-1.01405291324327	0.903482497810394
-0.114176713391312	0.0672613785713837
-0.0130321696439222	0.00861313955503324
0.152428204310439	0.0733166050838281
0.858343128922587	0.624421515385277
1.02763511114086	0.95117026250733
0.0137605531895073	0.00748483070529997
-0.037298287723541	0.0174932740132313
0.642690566539854	0.443575193295379
-0.0628576056424118	0.0395098680143239
0.296788395674717	0.213336269979471
0.333517616295027	0.182077839629446
0.100488619359236	0.487137064186749
0.140335858599705	0.589570621611436
0.516708234126823	2.73192893504652
0.379134965229849	1.17015814762177
0.185945091143238	0.374069455064105
0.0563609778616999	0.0819236293380118
0.066393415983739	0.0973220799780474
0.170778394643107	0.247611781649263
0.381086590523772	0.591160919306734
-0.577263185775806	0.969617293554812
-0.144741999336309	0.190942921417918
-0.87599344672784	1.6917955348904
-0.401020707446035	0.630687215065103
-0.158938960242139	0.168229944058553
-0.545414090176523	0.778771191772796
-0.434938866156697	0.52950743119227
-0.13075527596204	0.172486989529347
-0.0272397721421653	0.0291518387007794
-0.697983152805972	0.886208532860539
-0.479743600284834	0.689205644164385
-0.0591269798267059	0.0375962480064236
-0.0121521372096469	0.0059509609208619
-0.113207229936076	0.0662938397711925
0.143057073570702	0.0686521567001796
0.443439821450863	0.317950599636958
-1.45512980730489	1.26279208025595
-0.795803652902643	0.677670026322392
-0.618600682300868	0.292967164746816
-0.543572158214952	0.331802571440572
-0.307414100137946	0.142172240850715
0.461541045055069	0.307885563611344
-0.960158283295112	1.00554794719457
0.181100574213599	0.141253084396508
0.0785332293768428	0.325119472492282
0.129455321132375	0.494992636104127
-0.010728093535185	0.0231592732525881
-0.0878467470571565	0.184337374812519
-0.204756545613327	0.462697295104071
0.101919530519657	0.202567538246773
-0.0932091984954661	0.151775310881622
-0.289185463023339	0.512549235264362
-0.268004230569557	0.499243883492346
-0.368104427430481	0.774694674177354
-0.763985631660701	2.35049830020202
-0.987757689076522	2.67548961411899
-1.16832017492726	3.31325413363699
-1.06517174154179	2.94020131413016
-0.215344316659974	0.311331239819627
-0.366890604823244	0.582045165685313
-0.101155987076077	0.0730991923183968
0.139704109958994	0.127754402254464
-0.529742793640716	0.665273484164107
0.122537958850343	0.103102280856494
-0.110699219364832	0.0972640098019021
0.270413797289591	0.230671200669493
-0.481548984312326	0.5098163656331
0.501336118749277	0.521616076695885
0.0710353220151846	0.0452638538555401
-0.589820610323837	0.57417775666102
0.0664268544457395	0.0427281317534961
-0.57278902539549	0.516395489991447
1.30629067227149	1.6399333747147
-0.557071680840408	0.497770258617427
-0.386949512427089	0.261078262043719
0.612098702299809	0.566640644085987
0.343865818295411	0.188893945645733
-0.127945230547022	0.0884826071960942
0.293059904157313	0.196293865255623
0.386379331762027	0.326021836045957
0.0882312292669749	0.384731728891259
0.101208939715988	0.374587200198961
-0.0991594424813026	0.258918150567481
-0.0109744535930163	0.0212890261032659
-0.431132302135887	1.55075617925105
0.137678887429576	0.260856746695425
-0.0168647068848775	0.0238504864382002
0.0319867459109329	0.0476199818006394
-0.133641288288408	0.229558135987821
-0.223103874329015	0.377451233477483
-0.498546313580298	1.15813824829481
-0.300608544562066	0.573583793353049
-0.32407644186478	0.59109894157226
-0.142785489642343	0.210743393290141
-0.327300207427879	0.523458060652505
-0.411844043844152	0.706242566342092
-0.412424522936257	0.761919940347729
-0.289351882189579	0.401492279352352
0.282931578891478	0.227915855378674
-1.19370434835846	1.68885063793004
-0.025107415388557	0.0210716282568598
0.314234489980433	0.316556717550338
0.549562648486119	0.720621838639084
-0.220766812222505	0.14147603777676
-0.617726766142023	0.707009082731133
-0.507554136913058	0.463693128820181
-0.77861333915794	0.830785588868976
0.191440972489874	0.151394257450615
-0.71565686160354	0.727447975544174
0.166446752548964	0.129224066117932
-1.0693782156308	1.11666300481957
-1.23427003846229	1.56325926647536
-0.34521001993589	0.302314351411797
0.189471506274555	0.149873214700151
0.605673370561364	0.660311706973473
-0.78260179282666	0.885469057140126
0.274785589087313	0.235379314459596
0.0650279042905086	0.259528723140228
0.0121092190099023	0.0339766906058825
0.39021114846478	1.75340961683668
-0.0533531943194304	0.115107001809408
0.201070522614721	0.464920032298574
-0.366260981584238	0.939075591253867
-0.0657414204366012	0.0984560897829191
-0.485465146882591	1.30189420709744
-0.290135187394988	0.551750244086135
-0.432932012205321	0.98585417764917
-0.461911348864425	0.954877784791894
-0.656995976245073	1.38234183613359
-0.301712670469794	0.535052685551288
-0.183267547015972	0.267535749677503
-0.107787390502514	0.134276281007131
-0.194835610113624	0.257878470862242
-0.19880720238033	0.266195848376129
0.166444144305558	0.107523166130157
-0.139349383637916	0.140836694546596
0.49662841172979	0.309370407542191
0.146579892969187	0.0636686040550017
-0.0854425153746314	0.052115082253511
0.332375114129242	0.33289033635339
-0.113514544978313	0.0992430182437152
-0.0105943495374149	0.00694804900510454
0.331772800878264	0.328858241947079
-0.0220515438642003	0.0167298407492533
-0.872554477215123	0.966758669594141
0.476486861838669	0.436003254235803
-0.221145774465331	0.185260430162802
-0.019515868531641	0.0148977451961134
0.562270860528589	0.63936262745605
-0.227244800032378	0.171191381509873
-0.447294041061191	0.474103001062772
0.406060306169437	0.331113748884541
-0.0826132069083574	0.0590484444441024
0.524182860700035	0.451328365040865
1.38542428168165	1.83042761115575
0.521636886519454	0.448703971265773
-0.356774043173506	0.284403420063306
1.45400503311839	0.92465607668814
0.144117134105932	0.722682269885048
0.169623821916762	0.747380105584802
0.0111850417932845	0.0246860698031179
-0.107477086668659	0.221104146802591
-0.505657498724594	1.42747938598576
-0.195418156299993	0.390912863783302
-0.572395070860707	1.78365858039588
-0.284235515419214	0.57204952476228
-0.202230245570593	0.370378536868585
0.037231254037837	0.0471952320342681
-0.757110504135995	1.9391901490766
0.042979137588562	0.0567238313750619
-0.271502168670646	0.460290804881701
0.07635315919408	0.087053399961771
-0.15155613163658	0.208492769334437
-0.420646532182743	0.731279347493673
0.301116105373455	0.463840325381031
-0.497516107740437	0.626237194599752
0.0493294190130948	0.0369567343806378
-0.0641040223256365	0.0282490171992017
-0.394926556522254	0.271752506828854
-1.15569856084221	1.38616796588834
-0.300228392400816	0.288267449029954
-0.0168535421239446	0.0110716397204076
-0.0857565317117805	0.0616947474620462
0.0277464816276743	0.0204669638731186
-0.232469608137412	0.210212049397133
-0.188075209393468	0.0986111427624462
-0.0781149244152841	0.0473845308710519
0.385004228148715	0.324943200872392
0.0489931327326104	0.0299739183318474
0.184552961427974	0.136460101340941
-0.840252746975625	0.991652585467958
0.0422131673646213	0.032137301664996
0.294328044238913	0.198743762050407
-0.256136717148088	0.190380631005263
-0.104028975226244	0.0734049977004714
0.183332119612922	0.140080761394112
1.03697149403936	0.964146419726741
0.332485741636617	0.18138527211059
0.127207602584072	0.59685507731384
0.108304870016387	0.406341624081569
0.147398820763238	0.378780926742644
-0.443681751683295	1.43023841413419
-0.00796225358740064	0.0129328640019258
-0.166468518349942	0.344544771212138
-0.490668735349686	1.19271004345242
-0.380908973013864	0.891354164248
-0.116189129791046	0.17074354401291
-0.0982953604165117	0.133970058431425
-0.464184694867677	1.03353755790764
-0.993231981009506	2.99734154320746
-0.166376964129866	0.233242479749949
-0.237719465034166	0.341604518014291
-0.241080114546289	0.356193495648636
-0.165321957241254	0.215545796132596
-0.00675829482123373	0.00723634640227916
-0.263660890633525	0.379177145265122
-0.0144031044125966	0.0152135803406132
-0.457625824164074	0.585504193185463
-0.300847985644325	0.218739242285042
-0.289215054038722	0.208359040907802
-0.379431711103042	0.42627442715398
-0.519213302964205	0.649171231168453
-0.21597519826256	0.179152330827598
-0.790714677310601	0.431306100159837
1.44800597318485	0.901962416497495
-0.791522754274393	0.667638286661702
-0.57766644276336	0.604229457432651
0.623938816630161	0.743567813670151
-0.0537443134648285	0.0397935597015996
-0.412958858260266	0.382984222309633
-0.716100726625695	0.684553870479933
-0.0179352152720643	0.00871039748007276
0.146173228751585	0.0697703665163214
-0.379429279766107	0.325894614640346
0.0380705017166523	0.0220045270783583
0.0967910833085702	0.0726385878646702
0.0967992449908541	0.0720925974813347
-0.868549190251243	0.984475191393673
0.837987341248392	0.97275783785956
0.305171577493782	0.22757199024031
0.352649644983239	0.331923113445901
0.401310914415101	0.328682971044974
0.827863629175859	0.938511898142735
0.476947825598654	0.321035345973608
0.10652085377684	0.510463094299607
0.101081548105966	0.36470527180009
-0.136128939175614	0.378030528743299
0.00925935251389729	0.0174692795352871
-0.114024098850491	0.257279444666515
-0.249139019822655	0.55352258443858
-0.0394637203882594	0.0713374220763433
-0.264329939162444	0.564640300732732
-0.0801840127920337	0.133801110852796
-0.115507306477416	0.203341088703763
-0.115398590038521	0.180877300246724
-0.431622031620191	0.9220397604778
-0.0465775432296618	0.0643526063106004
-0.0456191798091152	0.0580138124550318
-0.51640953512313	1.08663288844456
-0.362836043541465	0.640796050753825
-0.155094325313049	0.232089463617425
-0.312770706077829	0.537483005572562
-0.238022085217875	0.118664767436539
-0.538470636762446	0.524783330129211
-0.127445159727814	0.111934662611069
-0.221755533699252	0.0734151122801483
0.777783842258678	0.60108265442071
0.183401359238646	0.149255133890716
-0.66040042246188	0.866495435119595
0.312910657801209	0.343229052998077
0.132068012930103	0.113151419928349
0.37271463211122	0.482990053099912
-0.492507280120158	0.547069674329495
-0.726948372752681	1.25192325100606
-0.234506855158317	0.115726648040211
0.185355278955501	0.136950861817825
-0.437113992907723	0.461278955656355
0.532583172948588	0.529502666731536
-0.364452864166742	0.38822923428324
0.674034019141877	0.848122229588481
0.0894466308543605	0.0626187014132291
-0.11118109210906	0.0892182519689292
-0.123252633496036	0.0992944895803283
0.415205151515069	0.414270751554856
0.1787189475415	0.150896784898187
1.08065674607775	0.669857820843632
0.210691890585613	1.21708648016949
0.176748840098991	0.730843070045096
0.0212888548471352	0.0431666290374798
0.117110052997167	0.264911901683264
-0.251151680350057	0.597822505302777
-0.162326957096712	0.306641072143046
-0.332926687960557	0.756385515108794
-0.282038856091152	0.58348409085546
-0.332098709604213	0.644985591706456
-0.244529235015064	0.424498572961313
-0.21380636583405	0.335598444631473
0.0260894942065106	0.0308141861983708
-0.4423833089256	0.973639978125091
-0.50139095410822	0.971368725310541
-0.822698837473563	1.97414761126466
-0.172849764872502	0.222322000073984
0.162971355664412	0.0990836832859855
-0.437707077419075	0.33552866777094
1.03773179442616	0.400174057999191
-0.149823614485082	0.0835928657690419
0.615017578048151	0.565126864544836
0.0363937808738433	0.0276308184206571
-0.0658919956934262	0.0481581820193742
-0.650926737488244	0.624566085925125
-0.206299643023582	0.20111137759046
-0.446671071438922	0.443051269305675
-0.47912546983743	0.523006074003378
-0.0925661878751146	0.0563786798389407
-0.340834057714186	0.202832578314766
0.944299923115313	0.913695801673238
-0.970899833011619	1.02953528808444
-0.384694450144222	0.333209754903983
0.465501231162465	0.422500063382594
-0.408082305845827	0.319386823132406
-0.150974831435507	0.118834476167172
-1.19709033830177	1.22854470822398
-0.951980517956007	0.986017610711205
0.409987941069437	0.407426237389789
1.21571070193909	1.77068653728461
-0.0594085302574077	0.217225886058186
0.0321715432235801	0.090076121349285
-0.0733962472132091	0.172108968678209
-0.29756962623361	0.780087999822123
0.0660596682198466	0.126729792649691
0.0718476385893718	0.121931445048369
0.04643969234103	0.0720334539009063
0.514842156141059	1.36515837279705
-0.132297243291006	0.204821540651876
0.167823744989587	0.258430484538122
-0.244156107513382	0.402393245936296
0.108718478935123	0.145233835111232
0.0446384949579122	0.0504829985927682
-0.017419046600722	0.0174455423303531
-0.0334552249793656	0.0358540291598256
-0.107835595054268	0.118526430530448
0.954709602190583	0.922359045851202
-0.250569010959917	0.125293513548091
0.336277978053806	0.184230238935229
-0.194145133919008	0.103844534170935
-0.168617364839089	0.128987437539813
0.460068575620444	0.504646847740778
-0.00866582019213276	0.00669980222474645
-0.527504358362585	0.642563774388242
0.706456507306873	0.943384832301887
-0.223196391218806	0.186128035038711
0.160033282133955	0.0407505791232416
-0.678124912755014	0.469721608198938
-0.555888742789877	0.348406896733399
-0.899721211271643	0.740697727855827
-1.22283880948501	0.901436562238848
0.429153137161712	0.323505475616277
-0.0320628053111844	0.0246363339909004
-0.00797004662306818	0.00529433429077284
-1.03939231023963	0.818639601203146
-0.0564342375386107	0.0419262782077355
0.0598296751810343	0.0365634531037533
-0.197570107485618	0.131556795356849
0.456572418873903	0.427158976182869
-0.638429484537353	0.611446720238479
0.112694875388155	0.0875116566308251
0.0965943515121023	0.414864130372316
0.166476034269	0.719540163141935
0.00389004209699086	0.0077256360104983
-0.103668158897339	0.229991394119965
-0.433586300663714	1.27611338901785
-0.0855396986991445	0.153369110347858
-0.329569379823566	0.786216597040242
-0.207456570907849	0.390056816359675
-0.244778518711782	0.423937958744525
0.0250704457342892	0.0384058171473123
-0.401539630222844	0.849991173887768
-0.367224562559671	0.696313079348687
-0.0323992302066604	0.0391468663861745
-0.248225862499618	0.404696677961735
-0.316017351242833	0.500774415982479
-0.269289680668066	0.392998604872762
0.684828038486943	0.917354906989308
-0.146667363242931	0.0820608073397639
0.383886969187111	0.174624801075651
0.283413538238114	0.21974346947221
-0.518317741233978	0.541830314650402
-0.0504244100954594	0.0417253307254384
-0.0379315449245316	0.0282843470534415
-0.186565627768826	0.181950922192461
0.430439708905237	0.500759910276635
-0.371382240155867	0.392663456417513
-0.729594301038863	0.836715126781813
-0.217602968474122	0.072079936429114
-0.395942068269452	0.22075102714989
-0.289425415552535	0.208808209806713
0.0260434446856435	0.0185392203950639
-0.340892238442859	0.203336489094701
-0.0882433652640645	0.0536033784464738
-0.144404962290795	0.0809747154939264
-0.0922022018544828	0.0667852068865149
0.363661123709193	0.33553963333235
0.696537046161605	0.779511538240314
0.394365855573873	0.408125781030062
1.06537551239043	1.50709605529887
1.00832137103266	1.1895729204339
0.351571672424478	0.323188987316
0.182092744991677	0.158383826302398
0.291297500023869	0.208604154316524
0.0675726288050595	0.288379319222031
0.0635908993351688	0.213036563400777
-0.0459241888025579	0.119081946285153
0.053194109682336	0.120061264622335
-0.187169139333993	0.506246305301688
-0.00375767504817797	0.00651918051266173
0.0699356380474385	0.125209350946103
-0.142833966599225	0.25400416775059
-0.237959857074482	0.500862676042355
-0.0587087447830367	0.0900264089911891
-0.384880388225299	0.882809303284041
-0.382769241603145	0.74857423644957
-0.194646971380366	0.336584624459849
-0.185809759493516	0.197290671414059
0.576581944413867	0.450731513485716
-0.00296365559508403	0.00151216399804274
0.61526161780757	0.57165988587919
-0.0480257141249135	0.0387955284828492
1.00058166551624	1.86800753259057
-0.411255731288778	0.433133353026886
-0.22676019105152	0.260090737453021
-0.216349525185845	0.211963465545907
-0.393371560335072	0.459314307458819
-0.437940199337881	0.371349722410097
0.18279599121318	0.158842236079662
0.201195669955777	0.177777643623503
0.842278043181992	0.759244155515299
0.472446358737061	0.40117571208676
-0.411805439534988	0.410405027284488
0.63036645940502	0.652416360348841
0.187563782173549	0.148290093242548
1.03846056190554	1.46681454140643
0.565313410359359	0.716139466677701
0.112964803898291	0.0916293824903354
0.444427530619748	0.508916061922658
-0.190951832014135	0.160518642198453
0.338726025723377	0.317184199936774
0.0861646712018374	0.363668772535358
0.15000438591432	0.646294826796118
0.153759731339815	0.462788458475534
-0.08374920650008	0.185273321967231
-0.0789655384187053	0.159692308634831
0.0567280042667045	0.102401643477228
0.0463394971851711	0.0704123156996859
-0.0648618871086941	0.102985637057973
0.0648767806443848	0.100188483760978
-0.299990991853114	0.62164646596531
-0.405921229137474	0.830052243354943
-0.0432345403849564	0.0569621642549503
-0.28141093266555	0.4707406041253
-0.223746273298335	0.360175135319309
-0.169888381431592	0.203139620887728
-0.134685292164988	0.125347438297513
-0.525478080321758	0.204331560252006
0.555633289343627	0.432208029467902
-0.131217390488406	0.0914670458479536
-0.172945095274603	0.158877844769786
0.312956141624489	0.335303676350023
0.124000865589802	0.107504071689861
0.241381650160261	0.238519154993439
-0.637862202640808	0.569025302820729
-0.176630982677306	0.159064701259212
-0.705183463468082	0.662818151655367
-0.416013435855416	0.385888160358106
-0.148400276523131	0.0827710218563234
0.528850116356048	0.525306278432235
-0.659724404867088	0.627274826047678
0.476458997878034	0.523240938663486
0.436061330075276	0.429952604600337
-0.393123237295307	0.368445788617129
0.191771628746507	0.171409550579609
-0.728498378927214	0.745713961625085
-0.396832616986259	0.345880989566413
0.19516011119361	0.171284034228844
0.00904719677270899	0.0310620432297152
0.0376118318877451	0.11987065544128
-0.159276788005322	0.52727342136397
-0.100720653529624	0.243389898644785
-0.180846144710874	0.449091834084746
-0.047814774352838	0.0841670358496023
-0.10339664100466	0.191533778562838
-0.114303330605072	0.220351098322005
-0.18907351570043	0.386588007610153
-0.0845597437336194	0.139799622947035
-0.229497724841355	0.439690894995936
-0.0873501605962616	0.128582479914739
-0.626152829648105	1.57606532181622
-0.227015953303354	0.38373569878651
-0.488322243756058	0.94353107683514
-0.368273941318605	0.478883986657108
-0.713451377611038	0.673906331306921
-0.00421753965180802	0.0027088059271072
0.53972711645453	0.622001788771224
0.295140680394091	0.334522547681578
-0.375438067737629	0.444125974518368
-0.0269215450318664	0.0246265688616443
0.0823274034229457	0.0896720335271822
-0.786665755845705	1.10073289484363
-0.428847602174673	0.479765369734853
-0.241383983226775	0.200317223631351
0.336593072526515	0.331107674629432
-0.729242141354793	0.879443993044974
-0.916389184383997	1.07692432028083
0.976164229510595	1.04131052335028
0.21342108600516	0.206505295117576
-0.328506764591529	0.351499026378117
0.029773233666	0.025306230734041
-0.302609850462084	0.287644819195044
-0.56530744168127	0.61326334695431
0.122785877321386	0.100575806512701
-0.928574210709023	1.15934367557582
0.0988873326098416	0.0964170297512409
0.282459211514497	0.304129972532908
0.412313021961018	0.504762664873705
0.0995831348420261	0.443368644625394
0.047162500255221	0.152319632766003
0.0314214675869125	0.0748307320117556
0.17434384697736	0.461050665090975
0.0496732602211739	0.0931674703324628
0.0101205792182539	0.017020381795467
-0.0303631655853676	0.047927819826861
-0.44807726451269	1.16302723574728
0.383970094004132	0.861185298209441
-0.697619516455914	1.88297664614495
-0.515301301416682	1.20173635889937
-0.635008527588242	1.60445521001067
-0.344148778916986	0.635127897144098
-0.480931380526348	1.04162642853278
-0.3411288217933	0.460854417824771
-0.000347690187920781	0.00052456046569636
-0.411154355500553	0.378195411169635
0.286057472074289	0.251460473014037
-0.54490815822382	0.632031188453795
-0.0454899464061719	0.0415692347093098
0.196764824595632	0.177594093110968
-0.291045131165621	0.315650559881156
-0.178588487479843	0.174484768286031
0.117000926183027	0.117624346706636
-0.39229504621938	0.340854311911597
-1.02765165280788	0.415656971981192
-1.52025538879992	1.68889195215475
0.336161200556149	0.311249116513159
-0.38206067300338	0.382599099883732
-0.403910322078643	0.228965836743657
-0.686824752292474	0.537458217452494
0.670692922067564	0.839441264229264
0.192089729591464	0.15191974376426
-0.0368192432231159	0.0274951224849223
-0.552153074651046	0.636986793693616
-0.461204679797143	0.425228433340279
0.727289547915175	0.968605753137876
-0.42798240827629	0.364695041281502
1.16081032243908	1.72580153629413
0.61736063302928	0.721431285734137
-0.0973937459830049	0.0700149285593996
0.380252580906482	0.331394700244286
0.846210626602368	1.06996606984397
0.490336542762889	0.525480242598482
0.136296673693006	0.700905143307014
0.0962627758291238	0.369678563222334
-0.112231055497809	0.315345616641752
0.0777742704769069	0.173594823396819
-0.115878055036396	0.26377006104615
0.0923439256793125	0.194901225632038
-0.340754451647593	0.928845063706538
-0.182797921214034	0.368927462675566
-0.42547814274645	1.09633584148091
-0.139295033715978	0.230364554329404
-0.413607037211019	1.01836901186809
0.0556271851672268	0.0574488399168138
0.305715468973671	0.208612181359268
-0.400552944461478	0.421139359806636
0.0986946366680732	0.0945011867087809
0.45741116262425	0.654990996429012
0.140718708056512	0.137516414082607
-0.512721302716791	0.674055636233259
0.853336620687349	1.40505048137666
0.0995831486037542	0.0909569362750997
-0.215317487973681	0.0708338962407764
0.0495679588819263	0.0303182237759696
-0.115914264561954	0.082383899638048
-0.66767981430799	0.823039357535694
-0.497569657695236	0.554982586781236
-0.347863007610226	0.205923210259949
-0.230395226068507	0.149549741052066
0.320623825335057	0.320105299410387
-0.353007814547814	0.372551940638911
0.400070423223697	0.405424718764171
-0.254854434219032	0.247815679618637
-0.111142584918249	0.0957370649020077
0.550710732806843	0.699987864041514
0.528041422575066	0.600674834094395
0.387520130758901	0.419977689346004
0.375405457551313	0.413014901740489
-0.216809305177661	0.213323420470126
0.107026140218047	0.0828925802083152
0.420370294170534	0.421869636890024
0.37826126089526	0.304161360512588
0.10895051414079	0.0906128041022964
0.457867585702219	0.44093728226814
0.326381519139119	0.318389548327688
0.465501231162465	0.422500063382594
0.726513497033863	0.810872677853288
0.910223852696106	0.776284519253613
0.12782510891931	0.656228967532228
-0.0648908319899116	0.223770892752298
-0.115470445318389	0.338823983471938
0.030321067987778	0.0683229829816942
0.130915138741791	0.320095375695639
-0.119808163907448	0.254295924068436
0.0848165781929909	0.15707657202703
-0.320523579612703	0.774981773184827
0.0558400424111396	0.0914016074326465
-0.33964924289586	0.855926517723543
0.0137988310249499	0.0173687201789202
-0.479368504319788	0.756678646889497
-1.41121884677991	2.64720641898328
0.835835802133493	1.714628578229
-0.420460298020289	0.591581558408298
0.252278038435436	0.315038237859384
0.920511890095999	1.46361282277425
-0.212215059967593	0.224372520423664
-0.652069575220228	0.38215913890196
0.082447779364417	0.0576009176947314
-0.34419972504049	0.323104298808199
-0.73792900259063	0.966736833816922
1.05274747537784	1.51616635314699
-0.259172268962307	0.270577941204712
0.327788191525147	0.337422239708377
1.05749950893895	1.55253944429189
0.224978158789851	0.221029116146349
-0.199438742379233	0.193025562398812
-0.148376744614089	0.125991303494248
0.360046881083847	0.417717674730033
0.0829570880782928	0.0700257825691549
0.469229029411068	0.520900536200197
0.257072789943296	0.229758384734413
-0.00101892116547655	0.000568601294710997
0.378022052315348	0.315421503930745
0.181859824380928	0.129282023175421
0.32342793629365	0.31911713570254
0.266023066636588	0.238714848633381
0.714777449345924	0.877033994773846
-0.00645105526051498	0.00504717297525942
0.948854301525205	1.36155219364429
-0.690576208081672	0.899918831832722
0.170850790192868	0.119776414273302
0.7264297067063	0.469271928833984
0.0818889296386632	0.352090025696397
0.0798643962795671	0.28550880609278
0.0694824927614539	0.186843577056903
0.109831101862371	0.27850381651046
0.126682334099996	0.292753303157409
-0.246722845535943	0.594324315277475
-0.0450152915552549	0.0803322224191445
0.18075939945832	0.333924263647579
0.0525785725743914	0.0883539617042555
-0.405933464870818	0.92603623308658
-0.00074718492417175	0.000617450391816303
0.0225976499420846	0.0273555531647108
0.351623411425612	0.488209545066598
0.315542347419359	0.202040340171544
0.27102147438387	0.231035395471619
0.193738264292619	0.189850766133427
-0.0608070603268345	0.0637695269545873
0.124461744519196	0.115677573851128
-0.476718066776874	0.691482013273782
0.254573241274358	0.27953146064583
0.342244574856124	0.436379183925167
0.273504009083868	0.23315326074977
-0.191129945135075	0.160186160638573
-0.343497271282878	0.322174768962458
0.204007601614757	0.193647383634334
-0.201988175396738	0.170484650597233
-0.536905826791575	0.596767676912864
-0.741816180304216	0.884179220920298
-0.485105017072378	0.513315554462887
0.0445175375932259	0.0339629554189223
-0.255944191895478	0.248978653091789
-0.244192459998651	0.219724914349571
0.125642072618149	0.108522432392592
-0.440412037137691	0.433589162040961
-0.283470512944016	0.177741064704803
-0.563039697031146	0.508514935975575
-0.723664661336966	0.771804225862783
-0.864537559520783	0.920079992863814
0.788005744689993	0.930444813799819
0.191509358126876	0.162345236367219
0.0592038645028269	0.0477918549612942
-1.17316040958594	1.65581272853172
0.165681503307641	0.111290871255857
0.568387433171977	0.448761009972732
1.27745236749932	0.71898985021801
0.0625300067581529	0.255878488659794
0.0229841393801555	0.069956265148509
0.175724897756082	0.612379894166029
0.0570962120461453	0.128957847754984
-0.0784841666815845	0.161477871777133
-0.120211151585075	0.259967423132816
-0.142499176245198	0.306236480430526
-0.52791262672279	1.69583875375961
-0.243933368379028	0.514623036022953
-0.364476887831983	0.838138990553597
-0.238199611166423	0.215203757027465
-0.245310806315441	0.252691565637604
-0.418991165508507	1.03272417089972
-0.396292939579779	0.720779129775622
-0.247703429609227	0.310580069315898
0.386143334927496	0.313923981250832
-0.588399852719755	0.898660264350353
-0.0790308051574778	0.0774502250242651
-0.483191578507029	0.611475214694053
0.229489431967301	0.280347400265735
-0.323708394177958	0.327690250795174
-0.866451320928314	0.926010389753976
-0.707669486002576	0.666933580281457
0.0539884723717522	0.0342255125705592
-0.154535698810959	0.142977882614189
0.837541722530096	1.19220947710538
-0.132658578097607	0.114787541208552
-0.354857469287205	0.378766998545626
0.342101218101453	0.336239434201904
0.673270670196108	0.840581294369591
-0.161373928211438	0.139562181879308
0.537567550159539	0.444106184951285
-0.29823041021567	0.286536265537574
-0.114677392907149	0.0813900635123836
-0.217378026296855	0.181626654770785
1.14596674373547	1.28432991655722
0.176857851489363	0.134693902178409
0.294439704399686	0.209600070369358
0.508675789388843	0.512469111197632
-0.0753834072821899	0.0562132197718418
0.112608614043057	0.0891317251753945
0.480578839205148	0.52089202845248
0.199950931350925	0.167991061417827
0.589348712560248	0.653917368183843
0.0327556603343718	0.124300847851888
-0.0418035502571219	0.13670956835189
-0.04998268400673	0.128904758243909
-0.407351344299063	1.65707931228124
-0.211502559049826	0.566573163479316
-0.179147446032784	0.431464396524072
-0.130733341619455	0.282382958571311
-0.214866948941883	0.477273446270663
-0.611834081488486	1.97595027446514
-0.203648107982595	0.201193456354952
-0.322249978097278	0.400068351747101
-0.404063934407021	0.883672377291406
-0.103806753600014	0.163105427062794
-0.205495707533393	0.30006972147755
0.188861319177336	0.148895314222676
-0.045799475775966	0.0447423012109033
0.0902495026339874	0.0931990697073236
0.478455574577549	0.72689165103759
-0.51240641747267	0.812279309954366
-0.162624865096479	0.0588816814769299
-0.594848980201292	0.572459646062869
-0.548107967040197	0.636488064457503
-0.791353032322318	0.741905666179447
0.0224676857621702	0.0177289082072129
-0.0367352551001551	0.0278950358236978
-0.55952780900005	0.717989736204227
-0.317318941175998	0.36200495957265
0.886658786604462	1.18079030388029
-0.487251013133632	0.638190278314074
0.258215102628281	0.272159752808293
0.471975889167802	0.524645935569779
0.0208121202893364	0.0175200787799635
0.111056481203341	0.0887129329734
-0.167322044797917	0.140657390782837
-0.0392965583224783	0.0299640954275854
0.273857039311588	0.219272184505708
0.260102721148914	0.227065633897128
0.496529851040474	0.516814639613196
-0.12039302546039	0.0856941717847189
0.131657773389874	0.118969014823349
0.160803180611813	0.923772361808145
0.113705205260686	0.47398754284863
-0.0238164671721216	0.0594977119609129
0.146372242320205	0.435708761878843
-0.14928914507016	0.377207357380292
-0.226036704586343	0.652792139143731
0.0360948947285676	0.0680255562546333
-0.837649115665383	4.19458327050888
-0.485120648477298	0.645661299502623
-0.449692439118228	0.880193668298983
-0.883809195904417	3.77939663612498
-0.443898272350353	1.22020261146684
-0.168548541210689	0.247673690475552
0.163276457055108	0.221670430925472
-0.255742178732606	0.330230522638468
0.426871754634204	0.680714503427478
0.422714856943786	0.579188926637368
-0.0629212673235859	0.0701246753379374
-0.326185420753775	0.390373994369918
-0.342032842913626	0.349716852578517
0.113417343683305	0.0948552558448814
-0.65479438164081	0.674198837857259
0.242565034999867	0.259696247302941
-0.511631890753544	0.654550429596207
0.577365036358376	0.779368641187149
0.077864306839232	0.0658386791412667
0.0934908729460921	0.0952884266769231
0.258259714826047	0.253478972622272
-0.185079517591439	0.195272574229956
-0.669848870591726	0.894644308657497
0.187218118758624	0.167234800604647
0.138006701574947	0.131702621063047
0.299605030927027	0.32645274696271
0.447775051450062	0.496902943642576
0.559615043767164	0.643958271536001
0.676968149879653	0.848484204056881
0.104533755333556	0.503851990665599
-0.0058466418058916	0.0173757916399966
-0.0433415845771115	0.113193307189006
-0.239042104211989	0.814769595304253
-0.389653785487444	1.59275565769809
0.0425176026506119	0.0857729399245445
-0.405830742684504	1.31168978552159
-0.604523845515693	0.933867177921946
-0.631375972012718	1.31095681236003
-0.286936905818486	0.67641484922009
0.148887894062456	0.294307390899056
0.341401670132075	0.700679913701564
0.0335945556866783	0.0291635104647339
0.0650399832253976	0.0686941878096949
0.204652050925112	0.258700075493108
0.0813509261689155	0.0860572535531573
-0.0548484425678796	0.0589658226184616
-0.181697439940998	0.239851479921445
0.173202527797719	0.139018493364473
0.439401572918009	0.422024732736818
-0.10139925167747	0.0809536812897888
0.0298220230198249	0.0252843668160786
0.112715357928346	0.107048639093813
0.264573919945553	0.255394338403187
0.0381230129993125	0.0279844582249763
0.315519167520124	0.312145095458418
0.531107984614114	0.603636752658681
0.363422697627778	0.418490358515559
0.640876170595369	0.832566018474779
0.228945023765834	0.245128292233804
0.622419435187439	0.88460303296128
0.49655327916371	0.435856266415047
0.328033574230094	0.312998053374376
0.0255356104279613	0.092191160963072
0.0244891874144044	0.0754895925816274
0.10427232559307	0.306442260946774
-0.0747890832233626	0.186725010062846
-0.0520882188494589	0.111992942354798
-0.343403651509212	1.15012406001416
0.215719787865841	0.275874564737127
-0.133243886744263	0.165956909023609
-0.254150096596895	0.64599359259639
0.39128669820972	1.11262422298259
0.1012146391605	0.152611905191565
0.166035537059166	0.202583440640568
-0.174843710187037	0.210156953788276
-0.032337262945604	0.0324710055137052
-1.51363520045791	2.49894265517322
-0.649093900492641	0.62068921251846
0.646421064094699	0.673614946022309
-0.199207173964937	0.205179691347227
-0.417754120091359	0.445646579097455
-0.381581792163163	0.428534915000012
0.0870818912574373	0.0784697462114313
-0.270120762422087	0.278841220706689
0.325095927368196	0.331652300449878
0.554846532829994	0.644405419809922
0.18329139856562	0.14843838080972
-0.274240074358156	0.298221854443105
0.330099788016668	0.347283469168141
0.443879373248053	0.427192665475427
0.733486305125386	0.694458589328133
0.0759836948882631	0.330983973912351
0.116685036727241	0.478997333966133
-0.190256777501176	0.694709433288364
-0.0751967801781	0.195037277072922
-0.170745959152812	0.467284574226689
-0.0480678775659904	0.0541075103132799
-0.0566152703078626	0.0764758035833415
-0.0694951242276722	0.142340904262509
0.302804195795979	0.813994736733526
0.101613851258626	0.1120645066446
0.64247581071522	1.31215093066912
-0.139542489286238	0.162652377892647
-0.141483296281003	0.178187211548819
-0.584157669207162	0.565584469908039
-0.197647905343335	0.189152562156304
-0.350437491348285	0.413927116687405
-0.968753556199312	1.32288712334921
0.0805751819651128	0.0559528969554678
0.830458699833228	0.841943207812254
0.146568691242537	0.143789584794764
0.372085913020875	0.419170608635014
-0.569030199339181	0.806872446423288
0.202921806509802	0.199935637184323
0.253797577069456	0.254229441160402
0.257434230312777	0.297700111223518
0.211268980637718	0.190396283188904
0.860312053201935	1.1577255913278
0.639514452512109	0.829518029806655
0.0278766088816258	0.0210785332495331
0.699438185296292	0.862996004420263
0.525069442141566	0.512665039874631
0.854459732885257	1.04920758069039
0.224274727648333	1.47346089662982
0.0633282499833838	0.231725494422998
0.12129515334159	0.398442584109102
-0.0979284094140497	0.261531038120409
0.456669707571973	0.898838016784569
0.564121240800816	1.81259571775307
0.20265471602943	0.53178861214325
0.246275216188034	0.663393747338147
-0.280835334251999	0.383532392577358
0.705355072684343	1.6338542132089
-0.0723351028151664	0.0849606109348312
0.0194999496759135	0.0204025216950025
-0.0348058098772374	0.0318187192527141
-0.636049922497533	0.880100272910446
-0.315547524560892	0.341568344873367
0.342455961919428	0.329930387641514
-0.0110878381542064	0.00734562740076645
-0.134734330033345	0.116376292201873
0.259012073316282	0.251378377623097
0.431298961243059	0.508261482087363
-0.0620013233650505	0.0451077607010163
0.761440775718235	1.12315478043768
0.0568614102053766	0.0456211170029476
0.814479248091778	1.02040352977686
0.807817757217424	1.16617914930792
0.924622897887715	1.20549202037956
0.42294282505276	0.567445436172969
0.152594177821183	0.852444964127059
0.192270887541308	1.01097631719678
0.155360842401196	0.588218326482736
0.699811735024114	2.65593856522807
0.267383375963508	0.760023095814884
0.154252870959132	0.48040919955901
0.21162492609746	0.66615153586543
0.0468957450272277	0.0658512728489005
-0.307822127204462	0.466993740027741
0.140169348028795	0.207291136886479
-0.296647567655926	0.497094511700889
-0.0404202185725434	0.0527791605694936
-0.0766592982999642	0.0567250760739358
-0.362678049852825	0.426649300190955
0.581532290062307	0.648940466508451
0.512960298688937	0.612737307987891
0.0857043552233143	0.0851011689533807
0.0488842579405371	0.043523036540074
0.10751961485719	0.103895325798351
0.256985239225641	0.268940784324917
-0.603103138655608	0.757344027459298
0.138224663992534	0.130351995995337
0.182142894694344	0.147976322647565
-0.679286133710998	0.781036818524875
0.360498694392069	0.415615935871498
0.661568111832903	0.846920902467463
0.123601187164754	0.643324109754692
0.224594401914856	1.28882248453517
1.04630432051735	7.78237183177465
0.760342555781982	5.32301470224918
0.0909100447915611	0.296188653041982
0.360946083472662	1.76470198639111
-0.00686099063636663	0.00782399160904052
0.206858448912463	0.292914401441543
-0.198162981915281	0.339660194006595
-0.0622165107197145	0.056948039339457
-0.310459836035006	0.35503143111139
-0.305695838383739	0.410719288310657
0.184349139670746	0.197450359179361
-0.420788361171867	0.493691677591922
-0.372169833426031	0.480161388809447
0.163652406805022	0.167786220184927
0.350460804799998	0.411870754657553
-0.0245019511010675	0.0205799258805429
0.452874353247839	0.509237476119725
0.126952196602037	0.111097698884176
-0.897087573122441	1.27722223279494
0.634900477567119	0.662117928395005
0.265858305597507	0.22589275758271
-0.236519175887745	0.21482213970805
0.499724717162199	0.59054854513055
0.931947893799513	1.22679077620907
0.401689206760504	0.429504185820347
0.342372887052062	3.23882517186877
0.561170458877493	5.71727098861214
0.159825525439598	0.757818761739713
-0.26567174364745	1.62223787392549
-0.0938626251159251	0.307675258655336
0.0458497445194893	0.114218873699035
0.0158005797828445	0.0215484396876974
-0.0353737381393638	0.0478382399978071
-0.331674648367515	0.449114186581897
0.20692606701063	0.26668130259253
0.0359739435516789	0.0391781258589498
-0.282683320687422	0.574097606733679
-0.177855102462796	0.288466723359963
-0.388053939854574	0.717331003248857
-0.039743608549088	0.0431314709360076
0.0492866308485073	0.0486063228214657
-0.162686551849737	0.197699559654581
-0.0456984664896299	0.0407552053801636
-1.0710849659169	1.55965621871005
0.614816774013885	1.20151622418963
-0.498368277428266	0.586999811770674
-0.253118255014062	0.246248968048879
-0.310191875736524	0.27279183494285
0.964360948770094	1.34639752587104
-0.615889714596561	0.675280432367748
-0.257374753321593	0.213798467802696
0.259622666283151	0.24416260861717
-0.539673961003619	0.526476010074566
0.279893683438045	0.233174064213061
-0.437309503727033	0.376064926365023
0.196969460323707	0.169581446282132
0.405248160148324	0.34043226346358
0.307977156893528	0.357334286392335
-0.353544437097747	0.281335753212815
-0.518884653378931	0.537721678102912
-0.794222221685496	0.859436866353624
-0.0430987129080225	0.185396900739281
-0.127030156672799	0.672646849871421
-0.455088294918745	3.49093251217047
0.137331765345692	0.373550650323438
0.0524365333836599	0.12291577849429
0.0149432647769665	0.0257808650634128
0.342956771885187	0.406498777304915
-0.59462053795071	0.914487930037198
0.311312156466528	0.198530582553295
0.272181737391739	0.222301601507198
-0.660079211140186	0.634690756209739
-0.461924675414158	0.620809172628043
-0.81601685357207	1.8495394330586
-0.505477563196669	0.728970015107964
-0.15899473648389	0.255398082618318
-0.312389905819142	0.877482203813153
0.161221365102852	0.268462717874464
-0.574671153416992	1.07647246020982
-0.048124980245598	0.0700759639734601
-0.119228632081143	0.166750323977927
-0.658071084425347	0.838995252469976
-0.576309491707962	0.793001083670284
0.186473039667497	0.142816805715055
-0.677040013406509	0.473071202611796
0.120855986749936	0.149922024514632
-0.791671983039305	0.602993299211321
-0.312137561692804	0.145178432470928
-0.109618033193672	0.0440255443550613
-0.661589772639412	0.390625300687041
-0.0403971744978161	0.0188265460640453
1.02970267836685	0.396112309053988
-0.224366804519632	0.0741231334290571
0.689565129067195	0.330030148097795
0.82349104975392	0.355749507161144
0.163094953310193	0.0494223382636678
-0.946661445201045	0.676928594324809
0.606443864339443	0.31951984622368
0.60990816127749	0.88826936525596
-0.518945913103219	0.201612309704566
0.444539463073101	0.180992405831587
-0.521103486689622	0.201846081379412
-0.587037650989038	0.425234882495884
-0.578259715588252	0.560068558937909
0.00750692478254216	0.0281269630440407
-0.101346114754655	0.455865272047132
0.236159871398457	0.94439698075024
0.220827223944337	0.845257134588786
-0.200447247030826	0.263095881045211
0.0829352434019476	0.0867914206269204
1.10198165919406	1.64805502187872
0.00693061174722529	0.00544267027260161
0.263176220299295	0.216249482232576
-0.183357051209507	0.24798798504802
-0.396064148692845	0.650910550525943
-0.143023694885775	0.182815716217716
-0.511680671062789	1.34464679040719
-0.00909861282683024	0.0134575169450249
-0.283986112591564	0.54248601870856
-0.201118407125167	0.307165928374104
-0.661841286750356	1.59097938412805
-0.0590780969887333	0.0559946622908645
0.578882680400245	0.55151278161265
-0.194150837984248	0.127201984099038
0.371832184453373	0.657661775668084
0.19142782603017	0.149976377974861
-0.0349397503900317	0.0224426930073137
0.0704713276164164	0.0427302976214661
0.715048445156883	0.465967301493518
-1.84967149595511	1.179905467392
0.144340801616269	0.0629736658109237
0.790630264639856	0.614406733838826
-0.929849832911508	0.669479913739766
-0.0414473499483303	0.0192471470569324
0.164782717041514	0.0861617503551694
-0.790436780214214	0.595440255227424
-0.651818413058748	0.382929360871796
0.515175336022359	0.679649858925495
0.176685789735921	0.129598704872746
-0.236293475940064	0.117232597847744
-0.488458126364171	0.25356064032047
-0.105389714352962	0.0424193779052806
0.602399360462441	0.31702619831985
1.53434841243303	1.28163432685632
-0.151203614392415	0.0853954401307426
-0.421807296820901	0.389538497485272
-0.509831751746975	0.78707458190964
0.0341325986952814	0.134978870401639
-0.000905570306913966	0.00273417863466577
0.110051606509549	0.377531830471728
-0.0274115342830761	0.0380431344659317
-0.0806853791556213	0.094678132153717
0.16807527537697	0.206291077894561
-0.0973393947089666	0.112524077828962
-0.753891958564115	2.17907401569461
-0.212214522399379	0.37481807456937
-0.88164262481382	2.49121557010313
0.256918010407092	0.432639374977363
-0.62779154627057	1.26254900989338
-0.0526766616995136	0.0632398371306004
-0.0491679626685972	0.0517247716421922
-0.632954189893832	0.842551975493804
0.0922746906044737	0.0669253306200215
-0.5357090434113	0.892296927084692
-0.59108431927991	0.812700530149529
-0.307696168345883	0.250087957432889
0.508591355508021	0.426364740294827
0.614136040691945	0.564138650256817
0.0785528067129693	0.0525294171934961
-0.658183804966119	0.676087863448044
0.194882633277208	0.149294231664124
0.0602434664986473	0.0368484117760787
-0.230684423239564	0.174704064640968
-0.377882203409686	0.353877132430731
-0.934584329271484	1.0478669498538
0.268522811346322	0.247123862626153
-0.473638831402707	0.612850728565954
0.330641550764778	0.32394385836319
-0.153430988410975	0.121098042468073
-0.344286514192997	0.244613804815431
-0.254967435023346	0.188785364183873
-0.914052390215508	1.14651783512037
-0.483631021622621	0.476369892286547
-0.9679813602538	1.4645968316927
-0.357018979587301	0.408576126388117
0.00556464711695213	0.0188886964727324
-0.123473854739643	0.24245510232021
0.0532057675169803	0.0805104479057006
-0.908571026923206	2.40227570294275
-0.514809202072645	1.16470896667865
-0.231154204680745	0.360088170052661
-0.840574711342125	3.68528156216822
-0.0777251899790594	0.130132296392545
-0.209740522150177	0.405122873449753
-0.277934258507274	0.513511483754609
-0.336694346052186	0.43416430992802
-0.594021142945309	1.17604711001288
0.0206822183276991	0.0244855214542714
0.119607365651922	0.133241651618236
0.286594744627929	0.40248249618312
-0.561630370286969	0.934310294077428
0.0174954653635985	0.0145264378181664
-0.115186794319574	0.12953330306594
-0.0148969159097853	0.011487660471157
-0.102893674228773	0.0901560935870141
0.0387183088784169	0.0285142460240681
0.726485304067275	0.813213223795633
-0.577670643620023	0.557185635673871
-0.584692519087306	0.56746026648755
0.0166693043657625	0.00897110698066038
-0.201262500510233	0.153250450979982
-0.0493148867318755	0.036540034622392
-0.436272020755129	0.421929522048405
0.177294614757932	0.138737147985934
-0.0506760921840006	0.0372808948549885
-1.19072654066239	1.19583730573003
-0.0980451093514668	0.0704624598453782
-0.883324744942715	0.794001084699637
-0.597716316816561	0.723135524342056
-1.00515520674276	1.9778895278682
0.0922081906520258	0.441863732262455
-0.00483776906698997	0.0151116795828902
-0.0224899554019438	0.0616812463363469
-0.0576369800848467	0.152384405659596
0.0091711204679039	0.0139925969066167
-0.303467468865224	0.682070839866704
-0.194556603096144	0.269436318194037
-0.635952449952376	1.48632600859005
-0.395943924626239	0.795814401912409
-0.505236603739994	1.51660707056379
-0.772728494990642	2.24794069010309
-0.504466382914799	1.3229768331631
-0.598365265403104	1.58962839824231
-0.708707047482224	1.82669276391445
-0.45856958216318	0.946493428242615
0.110720597177302	0.163341457548869
-0.574514954706369	1.20602248138251
0.199109350136342	0.246642961507599
0.0377471647222049	0.0358887267616617
0.0949543635425653	0.0706002649765717
0.109138639108474	0.146736814884698
-0.436861065557321	0.533013258906423
1.07622271764995	1.33833584801115
0.803746361252414	0.749205968135234
0.449143652061781	0.320361382557076
-0.116313187481397	0.0674774962222401
0.271598849184823	0.232120658192727
-0.795604569917692	1.26343852554925
-0.0915492370104658	0.0556230974995819
0.297845666754091	0.223458283632989
-0.824007907839759	1.38786923428117
-0.479331053003139	0.689218636525958
-0.0575300507842803	0.246842032212885
0.00137467664359874	0.00444333905861449
-0.235591827977765	0.996366832488224
-0.448803688627043	0.972839201009967
-0.19495018166967	0.27480553033337
-1.39635420781203	2.40920573609438
-0.202052978478604	0.208201614801702
-0.552563403355764	0.667625915330348
-0.584269956867322	1.63412584401907
-0.234619807878873	0.339865597436837
-0.805217840968067	3.32510126208423
-0.306242033786501	0.861618728187888
-0.601053473747411	2.1060834028459
-0.833344384181357	2.72009485293109
-0.375707565670514	0.688991154197532
-0.389384406632632	0.896394171571168
-0.128999105717644	0.192653225062039
-0.256377979449372	0.280142660456482
-0.350601721738351	0.392790934177506
-0.0811790328169339	0.0595863614097246
-0.593618014680074	0.576834709270878
0.108759000723941	0.124748792003873
0.493668660943342	0.433921307174415
-0.0383156092365068	0.0287796272981505
-0.671532419311745	0.463835140076243
0.145556924338648	0.0566880143520423
0.141317539295459	0.0611617340611498
-0.544720027134389	0.340549397476512
-0.31249067846186	0.144812647504751
-0.322387632492138	0.148990546107498
1.25088109852741	0.861538838779281
0.0570527330769247	0.0430132604286252
-0.0711703120951379	0.0444555504511708
-1.04776061449648	0.830845910546614
-0.40562678136213	0.229904021612075
-0.318341900913318	0.14541455652957
-0.580173810370767	0.559994569310394
-0.462462487883019	0.652961525988148
-0.0347116234805665	0.141345876798821
-0.105455341872811	0.468183162486717
-0.477066068309743	1.61885602513374
-0.443766453382749	1.24853187880805
-0.191929254209234	0.232763293062028
0.280813733744107	0.36225889327279
-0.434398226220174	0.719159105718526
-0.85785611248652	3.63721185896613
-0.895557118294949	3.34100170637703
-0.511193765311695	2.09588899185809
-0.477907577413555	1.86826994341614
-0.204972648432625	0.5328875392994
-0.59302895576272	1.78581582446782
-0.55688569918314	2.39236206812609
0.160799723268501	0.271532853065578
0.297355417687598	0.772841113405857
0.290744926512205	0.604622233177962
0.0282715935550929	0.0248207700554401
0.278245317996111	0.388965747297175
-0.38693548158523	0.387952586052769
0.30350749713815	0.206109375823703
0.215955936997878	0.356931839992607
0.781790888760654	0.610004816147244
-0.707428971632025	0.622078767487789
0.140893201685915	0.0542980878325411
-0.312928383079078	0.144573856905323
0.813197887491416	0.347882954030878
-2.2414198406179	1.85332397950284
0.149141527748014	0.077089676776486
-0.0601340404106731	0.0436032172468569
0.371982743767656	0.41854068517262
0.281377502672722	0.2151496253777
-1.26697163072777	1.17112298684872
0.150438981350941	0.0649081154448592
0.138960377633099	0.0538764340280537
-0.0548470004184576	0.235015718011761
-0.0830879866513353	0.286526654743025
-0.0642239223017467	0.168033715702039
-0.107947053944958	0.207730767705976
-0.202081442063748	0.469527321193794
-0.275462865471384	0.652451288735588
-0.520385275358779	2.34109525273426
-0.114064287012466	0.264900293145673
-0.382365060367218	1.55100653087563
-0.300005737100265	0.868907702802862
-0.594014647478148	2.89079724123477
-0.39525181486256	1.2243339227329
0.0852228497923313	0.179932429161133
-0.0695889967611943	0.122120440921951
0.160799921321803	0.335896922407586
0.0512398430859149	0.0861613681092858
0.251208333370375	0.430417940799587
0.113601507960242	0.147498429254962
-0.127692216777049	0.140868230366694
-0.0131347003279877	0.017537593375372
0.312803001497725	0.339572137950836
-0.0971932045673248	0.0846948016262194
-0.0155476265804404	0.0118242147335657
-0.0759629788534101	0.0673765202028919
0.106164942610547	0.0818217063835566
-0.415549187522235	0.383640461997575
-0.934948326169441	1.30210559918517
0.0712012133107741	0.0724412224534799
0.746964809009724	0.810477522286576
0.262058741958328	0.22248209262991
-0.052122917636051	0.03264812985551
0.267029043890614	0.219632611147464
0.163208689346129	0.0994903571472589
-0.406696310733875	0.279287789178543
0.0729471192912389	0.293644321568062
0.0252862578010109	0.0759237913681836
-0.0610355883245878	0.142920138726249
-0.321601551399977	1.15506166685396
-0.447447013696042	1.63890231774592
-0.403996815747956	1.37326922702173
-0.157874666485012	0.411704596326815
-0.571242433149081	1.95049425693283
0.0511973891867126	0.0512904604138386
-0.313825796672494	0.524555766040047
-0.607608626528468	1.67861884327284
-0.318359840738568	0.462695948782473
-0.266848634540996	0.445423452095501
0.507502020321169	0.666724690034287
-0.0241198306014552	0.03056359717234
0.149514310273929	0.230106793377549
0.0516905642948208	0.0601485195327742
-0.36112183502538	0.522705861563935
0.126311420330445	0.136392441800405
-0.234501404212294	0.228036339441511
-0.0547535440369112	0.0495272208317214
0.478066761922068	0.503805045399389
0.706639203371108	0.769027537100668
0.209014028751214	0.197256520500293
0.720765374070468	0.805688349479849
-0.427568855413868	0.399604707027092
-0.0114367348738046	0.00882254739192192
-0.195433891995897	0.188335231273878
0.0175976391996416	0.0160431904959641
-1.04468635942741	2.02410628871472
0.0489759047524835	0.192448525196284
-0.0547613761898786	0.172674306517011
-0.353452595661744	1.71829071269376
-0.51800933294939	2.64246415159624
-0.596738902954933	2.93847940346399
-0.377301821571744	1.31129977703015
-0.626104623202975	2.34385968965517
-0.231001114540479	0.320789069499232
-0.614505061872489	1.68258858327871
0.0154608765850704	0.0218372002151208
-0.337264945216436	0.568227754432562
0.309504185853214	0.616571911060649
-0.29271629694626	0.367160081846396
-0.168567725162156	0.25488304593898
-0.0947290848077003	0.135069400661098
0.314728137875129	0.587405508912006
-0.323557136305406	0.519881500153898
0.0348562827311321	0.0314120846185857
-0.023838775169045	0.0181433407522762
1.07471005135913	1.70800499576922
0.135828241152115	0.123226626255261
-0.0541734035861025	0.0484249609804647
-0.119088699008624	0.103719942684545
-0.269730976366363	0.277745079611109
-0.283504797730105	0.364180630798976
-0.397055743267066	0.517060224705048
-0.388414799972234	0.547910084017474
-0.476228576342563	0.313304062538986
0.0704747600959443	0.270250531112589
0.0603012879308008	0.192231858960217
-0.343442372943374	1.36465218395074
-0.124051147371396	0.321039232390795
-0.37146085153398	1.00533353325372
-0.063191232372294	0.117530311403729
-0.269620690664547	0.47297761242315
-0.688243384203468	0.867038364503424
0.140170903189951	0.124652546497199
0.20006651175085	0.286206926867501
0.0892170887371103	0.0809028790672945
0.299710916672594	0.390570514986997
0.115838880709599	0.0870325613489567
0.689558411677843	1.14696414560097
0.342964059773047	0.541303060487978
0.0421734194097866	0.0466945935373341
0.315996585979462	0.424364952945253
-0.398261465250917	0.469518232419592
-0.457663822207451	0.565798400843981
0.24892647464706	0.241913015962239
-0.258002021989992	0.213958511222771
0.643801973729077	0.665653987672162
0.403392052733936	0.328556116484424
1.15714500010464	1.62462112325285
0.171701097254992	0.148274758360177
-0.190771375602394	0.174860494971267
0.661129518863453	0.765706142322366
0.607666183561753	0.719530991230946
-1.08308729563937	1.85706520765428
0.345808626115389	0.425286389154345
-0.0305534770161445	0.0258370016102599
-0.687738088500937	0.796944951216399
-0.50310084924145	0.264478740847794
-0.47043656810991	0.31101107352814
-0.662100140263865	0.390771711885417
-3.07880362658843	0.963967696821091
-0.0249693274889899	0.0875040494069159
-0.0298293716897657	0.0903647761190397
-0.218415222735971	0.847644074624145
0.100790990885991	0.227869654755614
0.134805849424205	0.352076730874403
0.144680817574924	0.260693272513447
0.258093248819541	0.275267513019047
-0.0988815860141301	0.114557895674316
0.0858714941797021	0.121573748022846
1.55286261415973	3.92886371505979
0.440763390046637	0.886837141886073
0.589402501209378	0.885822277979604
0.493215637114979	0.994736565763592
0.149279322696518	0.212637899914449
0.270672844187676	0.453760325423472
0.178337394000755	0.257145483498486
0.329686000839751	0.442040743637592
-0.0632119947387582	0.0556202447805312
-0.19781899951886	0.202058156465982
0.255989146572799	0.251170357274388
0.305284560503117	0.334887554378947
-0.302893633365247	0.309351477845463
0.267776366580087	0.228446649527105
0.535328396669244	0.669413932783619
-0.120328788536789	0.10510251200481
-0.0336967693256827	0.0281177792758184
-0.573862408706232	0.839822356917735
-0.550622157530375	0.852888980640988
-0.335657138554862	0.439100227450697
0.123988443781574	0.128131869965248
1.01279499448546	1.18996727889929
0.0508754588465092	0.0308063642350167
0.302689200773643	0.205273308492713
0.703666893111334	0.450477500549734
0.0400306545569584	0.145175067700497
0.0274494020138331	0.0841078038644777
0.296707654518216	1.10614945977929
0.251159642699834	0.814148310766289
0.192936837701653	0.383517857068788
0.756988573735713	1.43692952165868
0.11210432679374	0.147410027878943
0.415728352738115	0.921273798737623
1.01894658640784	2.20901007436435
0.134600142103487	0.19859482397104
0.169487729138273	0.119443282802197
-0.0128369649097643	0.0153643440053793
0.177012677520935	0.288297871386416
0.202935717495139	0.315159407934932
0.565034422992174	1.18614502717749
-0.0316670613200996	0.0274596699366831
0.400878823617099	0.502936456305048
0.190258139184168	0.188636751974858
-0.388778405925111	0.461337455313344
-0.212711386362991	0.217622405560035
0.413333197593442	0.482365741495044
-0.260928020568654	0.298463763739771
0.154431716349889	0.149852080666422
-0.0126628749273969	0.0117657621384353
0.383336503361929	0.309162311525355
0.724916126623444	0.595211865202835
-0.432240130463268	0.32555797691966
-2.36218480378799	2.06001966602519
0.0943491821608746	0.454017016972087
0.197270758862383	1.0355524332733
0.334090690243967	1.92852796681664
0.105873545188499	0.308757401323789
-0.193891592278938	0.402089636108988
0.000980029795633386	0.00162330728221924
-0.0345064872220542	0.0733860565169801
0.689336972495103	2.23888820678869
0.288159741087245	0.826200659798236
0.693635397389292	1.86670019384558
0.0817788259198424	0.154921646435384
0.123681040088235	0.236363731113413
0.248719883548259	0.54964201311097
0.0757034856323377	0.109068985998156
-0.0421114754738447	0.0391175549763392
0.0428037648492808	0.0428633086935188
0.0340164813897576	0.030490350653606
0.180453280982241	0.231725940935067
-0.165714296715285	0.16167233066782
0.431855593903375	0.603203957186293
-0.00161854838128071	0.00149735633234106
-0.526367066570827	0.69509110824799
-0.172173853798494	0.178889663851717
-0.237848157275353	0.247279777469319
-0.27128227038462	0.35342467655087
0.224776779849882	0.296797934576185
-0.215288550076882	0.308744514985813
0.190450238130663	0.232644936068778
-0.290496190486687	0.277052532425009
-0.0671621480136704	0.0553723864698174
-0.639948901975213	0.645939739197533
0.189536457498717	0.128437603843702
0.00635911834607223	0.00402443562950283
-0.0297772302737942	0.112631559872371
-0.173810268225102	0.907829855137083
-0.768248919482836	4.58249638767972
-0.267738170355277	0.922432838491205
-0.119666370527146	0.232767517509949
-0.40667999446964	1.59930443446448
0.32895913958325	0.909435847147486
-0.434773276458105	1.30104872649644
0.0377032107165578	0.0534840806690157
-0.211394031529172	0.192726410986465
0.797337840659619	1.54489863259044
0.693569867981825	1.48835386638331
0.793776605397793	1.26466671326108
1.40409569429334	2.32497315125012
-0.213744854078449	0.193944097830549
0.283772188881718	0.268175631088691
0.110645740458837	0.0857943187088773
0.679477188905465	0.856812842664647
0.556231609754576	0.690173273855239
0.19492231829801	0.183137950061568
0.322075673364419	0.538740841025734
0.194654942163693	0.241729126889831
-0.406169378000046	0.456226438618302
-0.454737403630813	0.562768265714174
0.671875316762181	0.831521311180864
-0.542900934679236	0.603408998629568
-0.792191116848725	1.2520906797487
-0.00585864627373842	0.0207203011415712
-0.330345766202929	2.43607443154848
-0.500701378102156	2.70780712824563
-0.382472181502102	2.04544305932689
-0.428125788185084	2.62641556401357
0.182837859649037	0.503264550530701
0.000439512336208278	0.000892606405815894
-0.168083898670473	0.314316634305502
0.0184930425913003	0.0363967286734116
-0.212302589990189	0.570669571006422
-0.351301492445792	0.412568513400799
0.0961994459497001	0.119490960295245
0.0250832952560582	0.0229767388981497
0.191886635607846	0.220357839412361
-0.924415295415641	1.6469496041095
0.0808529063646721	0.0717207608852682
-0.0118973036013847	0.0103155958683165
-0.262202777025158	0.28782309972109
-0.578235802627367	0.914792966774195
0.482230364573347	0.851918976401623
-0.375579570951786	0.642196684851653
-0.184305659319554	0.22140530628367
-0.0649482771809214	0.0588436183615008
-0.40525964875632	0.454056267556952
-1.03710023504193	1.58601136575331
-0.538996553367996	0.529779832777063
-0.159531835303103	0.137758867678024
0.0196550485677268	0.0756136654419584
-0.170073078428269	1.02010469887164
0.0315416626974333	0.112465784458378
-0.231018530589358	1.1544186534104
0.1448700462741	0.543126245550104
0.121267112830257	0.346045615552332
0.0761735248081889	0.202851007718217
-0.0167262810472814	0.0386202502746465
-0.342466198908957	0.320396450711612
0.187871433612486	0.142783389906808
0.265851368260869	0.226335343477691
0.0359978567441505	0.0272275260027345
-0.143261569399198	0.157037288292672
-0.108778328246282	0.0884005388345667
0.115037457562043	0.0895133932918962
-0.0675698808448395	0.0422547118481626
0.0862770187291466	0.0604854341460948
0.795196063583592	1.02646601714109
0.477190002414777	0.529276843272328
0.306693713106413	0.421364715395686
-0.186980803017426	0.243037321086373
0.19950585515398	0.253656104450024
-0.0829043876950673	0.0890045091447917
0.398285035351661	0.573777805986806
-0.37740799372637	0.567935132008609
-0.116960597255697	0.148646383534092
0.0236602622572842	0.0993190466023276
0.438434617038839	4.77811918145685
-0.317911782726612	1.7786196010042
-0.177049261036071	0.792342555705184
0.182654454859527	0.509241815407336
0.113772163152288	0.382845237508479
-0.118721052308626	0.348311648657085
-0.245727592083181	0.122301479496361
-0.0233166576859161	0.011054911917125
-0.00843182610381398	0.00412998745209287
-0.22269885425491	0.167813971076911
-0.441043048991485	0.466714886325392
0.35365163462073	0.177212252977986
-0.198782647500802	0.291010098382138
-0.769306711699421	1.63982830600027
-0.0946238062744276	0.128603236044363
0.0176923354101724	0.0219157205241287
-0.0596801808573063	0.0870987257569305
0.0700313892630806	0.106260437979617
-0.164971121574144	0.340245622505498
0.085205755461931	0.123903675549524
0.00810919530313501	0.0119403513584717
0.109005705405372	0.595368945299195
-0.588677808634776	7.42737517410278
-0.0680998535439921	0.259368620237928
-0.0194788904618565	0.0530039318677136
0.124229607829877	0.462003812993266
-0.304584456013921	1.60240313328978
-0.00452843132751996	0.00756098056274042
-0.520281151831745	0.418419108725204
0.418025489769251	0.329324998863637
2.26363075417998	1.74173902293902
0.42249311168618	0.412742885126965
0.142628966125879	0.201118416991385
-0.507167603016422	0.763081966978027
0.0979723838952557	0.123346445667868
0.677321723728323	1.40891766264957
0.27030611855652	0.416703623127151
0.0243398498333383	0.0307946561368105
0.18871141211424	0.312106068075378
-0.0818826615131746	0.0971287969213289
-0.161897588669496	0.229132233779837
-0.0143252913992433	0.0543127740478601
0.141099349246872	0.718979929227638
0.306505537005211	1.85605975104284
-0.103570630010878	0.326255115090012
-0.16877809498137	0.675818901113104
0.0484481383951604	0.0295777523419934
0.312433168151545	0.329739461538465
-0.380264104047821	0.381727106188482
-0.498083034545127	0.491121686490241
0.50147836809032	0.511508669521091
0.216126722290085	0.20612909384632
0.0488808413869414	0.0442602114762085
-0.010597320521982	0.0112379341953923
-0.600012701508724	1.10137594119337
-0.12120883710532	0.156431879424066
-1.36031255629063	2.60341353838102
0.0168996000526273	0.0155626484697789
-0.126712649530911	0.146186979132713
0.0685620670495245	0.0649073023628736
-0.286947474799474	0.324641289755007
-0.290131868935975	0.348419557057293
0.0355836519183932	0.154257444935279
0.00214686585148401	0.00722088028728442
-0.333457576256664	2.5003697514215
-0.639530729809348	7.25626323673101
0.46944425223112	0.439806226579242
0.336657811190202	0.330925442868121
-0.426044411041188	0.364268573570079
-0.0213995410845941	0.0164293200306298
-0.385390026253813	0.387978820220728
-0.440790591925345	0.466193908745386
-0.144908913581279	0.0808290397297622
1.23302985537332	1.33273715207094
0.752656568188308	0.81192536923967
0.340656012319	0.727817280906266
-0.255912820193413	0.47666430465735
-0.0929527490854976	0.137703970314021
-0.102243638498471	0.140249780582097
0.181148949632402	0.350689938577075
-0.215429150323883	0.436492100300504
-0.0191473368076325	0.0746490380827266
-0.193388327625785	1.08455698669189
-0.281836341219815	1.83983277122317
0.293849257911292	0.349301156155551
0.406533516208387	0.520371234552233
0.381254387653698	0.478866786908798
0.316545639416194	0.40661865269653
0.381523493066743	0.540895176945585
-0.134652381753865	0.131993631966129
-0.0578362733365034	0.0743494048023171
-0.249010582914511	0.304511777702586
-0.00310163769787734	0.00297918062176136
-0.318486608302051	0.38687263265922
0.038204599731687	0.0330377119976558
0.589438009120179	0.740216688716071
-0.134148393061907	0.115347588222098
-0.266594912506546	0.426657770596226
0.0883290199608738	0.100029332085847
-0.0684261656818436	0.0762513798398575
-0.0834385401358234	0.0795734968694321
-0.176313433970948	0.219277953525199
0.0630434911529149	0.292080158822265
-0.29639331218546	2.39293141606303
0.468811652634991	0.441177595987628
0.835072075421127	0.850489300646822
0.687905290648118	0.772098302183993
0.940546606295898	1.30303241887807
0.426643893341516	0.790005582678413
-0.525071583067122	0.675279598087678
1.01067513852416	1.18190564219288
-0.7742364082157	0.870020414310462
0.501186596089812	0.309777726783516
-0.247033278265651	0.124069626933752
-0.060347988669225	0.0265478344077343
1.04699729942916	1.09788742793744
0.298734076625548	0.223872441554665
0.500429872843363	1.23736954857327
-0.151004736890727	0.215759100214197
-0.167023218469592	0.261132696444162
-0.00436918126117544	0.00606706221641244
0.0210848306729156	0.0825553008567105
0.480016148221737	4.23219001910637
0.176659660187662	0.692008501514473
0.224781914491887	0.795883601327807
0.00506959421412688	0.00893184717919855
-0.108933241617276	0.356138515641659
0.329686000839751	0.442040743637592
0.663552035904817	1.17786215360506
0.363993153805359	0.484897195546013
-0.340944775555203	0.465670939740715
-0.482482298954326	0.74458865337852
0.384648207371341	0.817891662731183
0.0600610137009687	0.0704333370814441
-0.486863365450289	0.798289766566602
-0.645431540394286	1.04676127870883
0.876424890474005	1.51005061244751
0.338329144628642	0.333299104090483
0.175729043184075	0.196430223246186
-0.272349992065992	0.571926377009081
-0.093691277715914	0.119835539878619
0.148960048941213	0.819795824063128
-0.116448193850751	0.5208392384004
-0.215320521491671	0.992691115991031
-0.554103649818773	3.17560342304759
-0.647932279622327	5.46997157202373
-0.265847877864253	1.0027056171069
0.0992258455259291	0.192579089384614
0.312234692723391	0.790041670112056
0.2422851458778	0.548621893241093
0.177635259530232	0.332248099615936
-0.0400542400902252	0.0516440076999125
0.221043457199854	0.367303610761609
0.00633877842178849	0.00720514999093062
-0.263249478835512	0.432289724404708
0.0863313393078291	0.130672833726053
0.201445379229928	0.288165750446699
-0.899602858209756	2.11606113078967
-0.390930616216603	0.656565914040064
-0.435621447363977	0.737518650532233
0.125048581646672	0.138314845587283
-0.0544576424874132	0.0713480972547705
-0.326848803661587	0.504159649020059
-0.281007571717027	0.417875239095769
-0.0318405305335723	0.125103284647554
0.00128720081177671	0.00393213845904571
-0.27286589447878	1.213714547826
-0.244452537682503	1.23785060313929
0.25583838318538	1.00111841576466
0.356369700816661	1.39051695331299
0.414310997368957	1.46374035346565
0.38054807569244	1.12349956218593
0.352267064131954	1.02626994201469
-0.0811298616702454	0.138740873532298
0.111761180601283	0.175471127863432
0.0438394098523425	0.0649873424505303
0.117530000139347	0.187760466112767
0.0454337860972162	0.0593405157295776
0.263594063107853	0.435555342136499
-0.467777928955008	1.2493655449532
-0.667288893656306	1.60167063966209
-0.0676299741231975	0.0904900757471662
0.113892235067708	0.152925871407634
0.129420233794758	0.155373650074538
-0.344172787380159	0.554245384401726
0.0322552380249726	0.0436493747711503
-0.390317822967383	0.663902938255429
0.115572117881814	0.579458644644216
-0.220807136798746	1.08897334978718
-0.310657442901541	1.73033429527825
-0.0122453931669817	0.0287705479831341
0.39824005419331	1.70776070683467
0.468869808086642	1.91728366840466
0.302468423888425	0.859350866898355
0.19554169538049	0.463998459101923
0.435823602979381	1.28592728335682
0.235379332400154	0.484013435553141
0.330546638594898	0.701654028728213
0.166558624827457	0.235399329814216
0.34554043409603	0.674922596177836
0.0980469082743379	0.115772466488926
0.527782004350895	0.96063326668876
-0.220189770918136	0.350343175892785
-0.28408207385087	0.428930697531345
-0.419166083856426	0.66087214932154
0.0638515140037011	0.0580903928591218
-0.269551695396656	0.199307454080375
0.0027265924225048	0.00843058600920736
-0.115128336769853	0.458710955031609
0.205824520415763	0.677197291858917
0.615740938647479	2.8939291733872
0.564295416727181	2.4258368760556
0.303346263536057	0.73277282939611
0.228450813904797	0.45635799745826
0.0932960220964615	0.138052863725654
0.00601332880165135	0.00737885452616015
0.391853145187224	0.735304152370271
0.0563744837848723	0.0660618793712427
0.146054827676913	0.179188456010255
0.24032871000495	0.29968512098949
0.430504612223858	0.663706571782886
-0.0217614764782197	0.0217686262101524
0.294039531142028	0.391342826148987
-0.0971044018006799	0.0862417372747991
-0.158997041249415	0.136932141065223
-0.0608691851300128	0.0443195618009707
0.128295262129173	0.721886670116088
0.341840800013223	2.3013430305946
0.747065515592055	5.33111651800953
0.283806939996336	0.972793327578229
0.415351034292851	1.33126839706492
0.154627691538246	0.320092289066841
0.0829461401747675	0.132038997898437
0.273852633857173	0.494227286746998
-0.0959479511708422	0.116835423942449
-0.297104812411287	0.789599466416876
-0.0336250141700047	0.0488874567856815
-0.289447754629274	0.600430342501855
-0.240511342835718	0.411071799987471
-0.0598134089953898	0.0872299174136026
0.221371072906597	1.40929036457191
0.176939001622624	0.828862460314057
0.0551556507103983	0.149102649722365
0.163501561008296	0.494038145608545
0.0846741258404363	0.192148125234008
0.0326968574364497	0.0627719356890864
-0.0877273406920568	0.104608443185777
-0.332222370528462	0.424421873705128
-0.37308952710169	0.394663280234498
-0.500735103171084	0.497492651566959
0.0950383887411593	0.433286739948733
-0.0146795489192616	0.0448946208207993
-0.000901451805484067	0.00216546071532247
-0.32288673568176	1.36611891941904
-0.320341649271884	1.12539669482434
-0.160637736400486	0.370302743746896
0.372157950857241	0.518661757922909
0.114349511992959	0.560908662084501
-0.0756032680665372	0.28148753287595
-0.147674012132385	0.485081521916645
0.174203641555461	0.513129172374831
-0.130738342557088	0.30257648567178
-0.0484454532806328	0.0920643406420417
0.213796025439897	0.298332997165414
0.145748740407613	0.229593392404675
-0.16597880652639	0.128562452277752
-0.00549304205338693	0.00352350118656796
-0.143478194525922	0.123459100086477
0.293844428858852	0.210492756152747
0.00799259174787235	0.0267228970814842
-0.00328202467377523	0.00933388457698237
-0.0652295197075423	0.177980146704215
-0.150304295353232	0.394682491880547
0.0830304263351891	0.17399685936443
-0.215032396819424	0.358747613289728
-0.277657118538878	0.466105682304485
0.481791766099273	1.20296475230742
0.283531904410724	0.526440927268504
0.27572728814565	0.220671925363501
0.0738774431086931	0.0494250643779717
0.266043047246908	0.211559073565183
0.0400186202781193	0.153925917772894
0.0491100611262173	0.166007283109501
-0.0757575990150674	0.207043882265586
-0.0280722971551009	0.0609547819034994
0.0763506938974772	0.162895676447918
-0.138447339530448	0.299305224081754
0.0981808802972397	0.176771051318524
-0.0569152957151425	0.0843196275453852
-0.140578968977718	0.192974848523003
-0.174622377701463	0.333941787991137
-0.0353455561596601	0.0532208898203864
0.188545819506238	0.172987133948394
0.274746308539775	0.227692796196764
0.337486345270719	0.186271903157627
0.0914059103300577	0.0637587073325365
-0.0672940981898262	0.0293652194789197
0.119560664852689	0.598987646114809
-0.122055892585259	0.483693129207628
-0.0714997935137088	0.197285093998937
-0.255657679303819	0.868548146051883
-0.0611837257510658	0.127218277509386
0.0372474032501116	0.0690214969668516
-0.0374847681649399	0.0634750068582174
-0.579083909988449	1.69638349692745
-0.0707508818336581	0.101723250259389
-0.09287479552093	0.163271363363951
-0.202029275948479	0.449328388067839
0.000755602007478194	0.00126306504595454
0.0431571078634118	0.045516376331928
0.451944868831043	0.529567991138979
-0.857522568454272	0.971913794105972
-1.45805829634315	1.28076409669766
0.184386373285645	0.145614570752948
0.0862838477119134	0.374498775256629
-0.0328267492145685	0.103362964336739
-0.0763778862890448	0.208533888893725
0.0611603328440913	0.144919395520049
-0.00918834378234518	0.0166484398320274
-0.109715134803322	0.230692356879652
0.285867900605068	0.663282992097709
-0.00961097378719809	0.0134516279523187
-0.208857343507756	0.488341970157083
-0.0174007828324242	0.0304663391725691
-0.107204308825248	0.219894568790654
0.0185403160239302	0.0187535226660108
0.208003376514327	0.188568047656507
-0.166216379135624	0.165071583171518
-0.150187493696675	0.118328228770588
-0.777350559375661	0.712543840653449
-0.0393413106448646	0.0251754904590682
0.153953297746541	0.0803562347748931
0.112897843474016	0.547381248500623
-0.0725560201694348	0.26406166158102
0.12231966754565	0.377517884260779
-0.0714085435674295	0.176974104616021
-0.118658877060463	0.279268615086286
-0.12907726144189	0.275795110903701
-0.137410450611796	0.263134208845061
-0.227117310317227	0.617076426941866
-0.121891103688082	0.288266784167658
-0.00436125596157333	0.00407979327675079
0.518524450725164	0.581157771629785
-0.359234997780564	0.383895289503052
-0.199128000558278	0.168883079011632
0.0909881548713551	0.0672907835674759
-0.0441265124939616	0.0331287657006053
0.145966474583958	0.792824571941202
0.0313534199280646	0.0996484789010304
-0.166222315231966	0.593754256901785
-0.0483197841815445	0.109680716289699
-0.106815570361491	0.245414554747889
-0.0139384091362358	0.0254161660312011
-0.122749464785188	0.310973637576454
-0.197562556370321	0.479106587766243
-0.0228037125070515	0.0329224742674888
0.0628772549343017	0.0725033501850473
0.13429921377954	0.121447085255103
-0.254838757645291	0.277853828787481
0.249872571478604	0.239027911164991
0.481392943287047	0.420539542115071
0.258212202164583	0.248825987543941
0.0849168821062226	0.386217832449615
0.0198488718293394	0.0619047632206379
0.156859538287083	0.540847655627641
0.0074968514764246	0.016780347110471
0.0768317173576175	0.193213339046031
0.115973239000139	0.341394151298873
-0.0567617322028044	0.142428929486217
-0.103311464236123	0.23679783891207
-0.236829531157013	0.65674599779896
-0.259518463887423	0.692896832412628
-0.426661098242029	1.18837557035369
-0.217497994541049	0.304446662826149
0.078494648765777	0.0751804250473972
0.663509271989128	1.19685383297068
0.706356736212032	1.00062451473207
-0.652351451145464	0.66988835553404
-0.23494367770882	0.239849692447036
-0.036918127663846	0.142130310774618
0.0205838021897134	0.0640763226133056
0.0596222672514347	0.172009017740249
-0.0941957304559224	0.269559830092845
-0.214555081544084	0.853337432816697
-0.196716796116967	0.495215486062179
-0.108616734459034	0.238935386011357
-0.0380442889276636	0.0670255526825712
0.00140538929862644	0.00224946189006792
0.412864490256342	0.734658582856109
0.654467299621947	1.10443878440155
0.667024133097129	1.08158914829742
0.515424083224198	0.666498839132134
-0.593688868200542	0.692392979787664
0.264127614542263	0.255755049185236
0.147925549860569	0.802756427490633
-0.0946736355883764	0.39663112994055
-0.101784316426023	0.342572692871368
-0.243733046345324	1.12056751060503
0.00336501631687386	0.00798698205605967
-0.0749657465020133	0.162465234980693
-0.396639528296123	1.32947414963543
0.0434060320933757	0.0814987336435674
0.195146320662891	0.439362464589562
-0.194456898810103	0.457984703361095
0.284019424976	0.492990989537972
0.588302756234512	1.05985957116237
-0.379301279413464	0.572020418384051
0.057280609836442	0.0557669189101198
-0.22806675202963	0.251027568100382
0.162454239615964	0.192445905615052
0.158000572726659	0.956590922945426
-0.149705754779846	0.721927200084108
-0.123990434004355	0.468367594626931
-0.263545413131473	1.11690565815007
-0.166663225700163	0.500121285321696
0.097723819325692	0.212201766094976
-0.0273335290708752	0.047244724237116
0.220805951810235	0.526521297795128
0.280020094051885	0.682574710505183
-0.138000514289085	0.314843645166507
0.509116020708733	1.80759695484059
0.384813711238056	0.93242429592861
0.302421689473998	0.740048687687564
0.196071482178642	0.366064948054166
0.0484311618382153	0.0733997586948902
0.221300712798752	0.46105262653634
0.0230379336144057	0.0807559647020127
-0.0193360227568091	0.0579302404981548
0.136109905768383	0.43442369336545
-0.170855542440526	0.467811632057922
-0.0860864840250471	0.180834455738505
-0.109719158873927	0.192020988530632
-0.210444915047151	0.435563107471093
0.00429247986879687	0.00670146150563534
0.0178364978930504	0.0272140045894539
0.0435005962785682	0.0630481023819597
0.311389377250584	0.526736247185044
-0.276111103715919	0.472580277876924
-0.141200860975138	0.173011778767903
0.158166251044807	0.881345886618435
0.0717779329695643	0.266340343790993
0.163078900765173	0.584737251486704
-0.0828348235914692	0.201747870453095
-0.0768033016325644	0.155180357183161
0.22223814125398	0.606201076727738
0.0488375367708868	0.0876587679439913
0.0484446075316415	0.0847320157695543
0.316737759474935	0.4890117988393
-0.200398894761811	0.290906377246758
0.0716100778892625	0.310587068804273
-0.021266853967029	0.0672875030838172
-0.070324550044679	0.194779547954371
-0.248378728183744	0.817172270034146
0.159396157337312	0.436436849524962
-0.206299228673003	0.541234522894556
0.107119947085629	0.224739441215257
0.0112679665992622	0.0391051564333833
-0.12587134216328	0.517681441337716
0.0466891573053437	0.118990570147955
0.210581323196116	0.711225837709578
0.187557422724673	0.543209559534172
0.32919977272529	0.977533088539727
0.0135707257119047	0.0457778957024708
0.0479691898798084	0.152028697052821
0.0534073621259547	0.139904874827404
0.432930050998813	1.93254214143206
0.221571477376758	0.590338153829872
0.162168204328194	0.877791776812317
0.130577833046023	0.542092222701635
0.188882415501788	0.670478390955407
0.232084363883289	0.796675584851496
0.0359770727653696	0.137994187748385
0.156863799057171	0.74373088014199
0.334028059660794	1.75075408400596
0.170790212746304	1.0227955242538
0.271434213896129	1.68713070029717
0.117698389363008	0.62189301857083
0.0450421551498401	0.163306569350362
-0.171561300565671	0.695350764021068
0.0307053757122711	0.123090834165711
-0.112401308105524	0.536471269818099
-0.280782357894551	1.80396494714527
-0.448528899810495	3.38157546928978
-0.278116315293386	1.45426547698868
0.0410620744240692	0.169515626876502
-0.129570726465031	0.643461287551802
-0.169863678036402	0.77722166831522
-0.0827356152353892	0.280737014379935
-0.303877839071822	1.68220671992304
0.104805005129007	0.562100333155672
0.169632945273192	0.967353545627427
-0.0112156842548896	0.0349599071253985
-0.23816362117001	1.33005098791453
0.0617856703399964	0.279010982458593
-0.284465974957098	2.16719957758908
-0.39634198455247	3.31072533621756
0.0699928762247795	0.340520480636605
0.116736856943328	0.589987155657068
0.295740663209382	2.80200730302908
0.542316239305098	6.85556377929882
0.157305334303181	0.809052451373769
0.182478323972833	0.98376235773503
-0.365792620958822	2.46113135130708
-0.617611030893809	5.58371399579337
-0.0431269085840621	0.201023854730506
0.00348933845001983	0.0124059867022203
-0.128822136775665	0.699955296122116
0.0344640926246192	0.0422293960210576
0.216822711657873	1.72693833153703
0.15024639916276	0.882695577183221
0.819605605935854	1.57283012800567
0.0929668980181182	0.120102397761882
-0.0626043243596396	0.0624569786634494
-0.118711330128144	0.709553615992965
-0.0872225339164397	0.383580493452628
-0.326556225894564	2.10121892010891
-0.194966567028305	0.838035311668214
-0.231465473312237	0.462273873061017
0.0996257840929269	0.147099663721833
-0.408515525120267	0.523483336898594
0.0340928079747515	0.0476987810129637
-0.0176005340155244	0.0207789520875654
0.143665186078728	0.149910144430589
-0.0285680900683923	0.0265197069595333
-0.0185257478915964	0.0730923223453779
-0.0804331375282964	0.364524246464273
-0.124547266089849	0.511170677389587
-0.272808090439208	0.874329279709083
0.240743787080277	0.332923757561829
0.0497286001369792	0.0619490718957703
0.267317740659033	0.435024615118954
-0.000434197752134896	0.000429613835917968
0.14510365873486	0.176898488781518
-0.540338452184037	0.822885147460323
-0.0278860617356739	0.112141721944907
0.139667453644732	0.695700375629433
0.279861089195469	0.936214937759115
-0.0475019036404748	0.0944619530319966
0.122832141660637	0.105603455167536
-0.183374300290953	0.237106378069836
0.214312935688566	0.339002492754224
0.388377555698691	0.604470958007745
-0.004046584153424	0.00460799729592043
0.383534608698137	0.556717801698502
-0.0153884679656413	0.0129084217065437
0.000366268433621836	0.00129664751852155
0.0401570548329335	0.136187615305117
-0.0198809418554244	0.0540233927953755
0.00322337475399686	0.00845981542294408
0.127752412039483	0.301450433656822
0.340761551003567	0.482221309981326
0.204615863413116	0.286642854605391
0.140262923874573	0.193669161892336
0.0327746552871371	0.0513367999881551
-0.214401326780813	0.233305396019248
0.263528289851146	0.330501844409146
0.161923797184432	0.230196640484546
-0.407159545221925	0.816493566999054
-0.130464446846019	0.174124688668988
-0.0706862545182824	0.0910487086510741
0.22348448820896	0.341194059278563
0.42181877966951	0.716357506899216
0.0704221105837929	0.0861186541445978
-0.0132353573443029	0.0476675302421293
-0.0148744231489032	0.0488221994254255
0.094657533410391	0.292292662201266
-0.0658057183032355	0.166214114601623
0.193452829020608	0.418045541524378
0.105506097649027	0.22187086622639
0.203320735472886	0.405630870712518
0.287811201811197	0.615720495032722
0.298075334186082	0.608085229155572
0.092800163924867	0.146381312318795
0.022584566606723	0.0312103038192622
0.0699331461100518	0.103737622460096
-0.118149359567396	0.209464086919627
0.0882361369406992	0.141993832561154
0.00169284032655521	0.00211906606925341
-0.135058951221786	0.221652772768105
0.230553313040422	0.42409789954941
-0.479718666680897	0.94358278733019
0.170436044643156	0.247371738534887
-0.694509077156307	1.70620659290953
-0.402682223907046	0.736453279341971
0.0156705561742045	0.0194062526465047
-0.15130685637629	0.23348576205519
0.431559717801643	0.854585389271013
-0.355613696660494	0.400374687624813
-0.779996409426584	1.30551351065154
0.0824665535694976	0.0892759970486515
0.179140836524834	0.201269711853492
-0.242539666537656	0.363481508430442
-0.0774116634405692	0.345508022741156
-0.0201198619895849	0.0615650701716733
-0.0409404778208162	0.109680740513337
-0.112909693606745	0.209375893086391
0.169361644051814	0.394981308007584
0.306569827179334	1.0262951361989
0.28717970474429	0.870972632464223
0.352204950743097	0.997263899522638
0.115051446075211	0.220651667138272
0.261006717041	0.58333913066611
0.170047927108284	0.348714147893141
0.136171117988038	0.2362926386375
0.0326382280824619	0.0556770979038921
-0.237539581506494	0.481368250116291
-0.0602256816305414	0.0945705325589545
-0.154150590766444	0.2640669958442
0.315115547423718	0.544954549962051
-0.0930200108980099	0.134827521970615
0.176838393148773	0.272956362952937
-0.625247232973878	1.47651064198026
-0.0435897888644438	0.0559749741187269
-0.458174823006126	1.1534430216183
0.111345862111264	0.159509609897874
0.303712198003641	0.376361454029492
-0.306594695091208	0.386781285689596
-0.0161612024600531	0.015939330073895
-0.173455637803445	0.180473569330286
-0.0947706048928361	0.110948486989094
-0.0619720526197324	0.283996955765468
0.158523717505451	0.80831858099307
0.648471141286447	6.7279480982027
0.389648751087436	2.66776186458674
0.106215163917108	0.310139958604232
0.296297958712716	0.740663749064947
0.214189502163627	0.434702696850391
0.241531130169254	0.454900714947466
0.245214028797525	0.40912025857228
-0.310753694770681	0.676279711098366
-0.239487109601655	0.277609746279458
0.0937368543508277	0.0927625175762163
0.458374385202175	0.845774046897708
-0.0166306159138395	0.0183855789860861
0.0624490334185927	0.0830010199228696
0.00239896870544255	0.00312022956403564
0.190660051402081	1.30547532975425
0.0589821339079085	0.23452877193522
-0.351713369317048	2.60287830122145
-0.0344013052664436	0.146104654463985
-0.0317201866200834	0.11831943049199
-0.106835406023376	0.351084823735383
0.546511300795564	1.80982950144402
0.476791744496333	1.32886500619842
-0.0367417764862507	0.151836941964836
-0.0612150023130465	0.229647452477004
0.396608819571195	1.71361121462195
0.355481400885327	1.17707711027792
0.171813024736053	0.358266601895396
0.397334824994546	1.02402973717706
0.0449750385589354	0.179023827473719
0.106354089212739	0.426780041225977
0.0772595474644428	0.227425471898809
0.0976082827215922	0.46465438075377
-0.0356519405697612	0.121419111185399
-0.0661544291528549	0.285807596006841
-0.115563358033799	0.51653515280473
0.000770422455504265	0.00263143713239181
