x	y
0.165310764697054	0.0422104497686673
0.157631418222578	0.0304971390385879
-2.57994643475892	0.682934722662173
0.158321872008447	0.03054890339565
0.157631418222578	0.0304971390385879
0.158321872008447	0.03054890339565
-1.29036537030714	0.59556127294321
0.148448238167646	0.0513076201238473
0.15921674927226	0.0483450021306231
-0.62982953293132	0.153685936034785
0.170541995167361	0.0433725109405701
-1.51279643757503	0.547771213649107
-3.07968455989498	0.963635125148535
-3.45656556517559	1.24745399482219
-1.51396593073936	0.54893460092185
-1.02507055477142	0.414631292458462
-1.13074478212004	0.3459795805111
-2.78824347964461	1.91269208931496
0.438918428712331	0.179782791488228
-0.400375131161567	0.170476605274052
-0.623203514518812	0.152886975065438
-0.340869162586215	0.0994476453021484
0.158321872008447	0.03054890339565
-0.225400119271266	0.0740149655022009
-1.68197552914007	0.966528697867607
0.1588995276689	0.0306480879354901
-3.76608312641136	1.50117872683722
3.63643152651936	1.45439996443785
0.138428251912748	0.0538210500753023
-1.49975801698483	0.77960100677852
0.158321872008447	0.03054890339565
0.952024225447137	0.254550165942042
1.46403851792582	0.486432467057371
0.951716207590905	0.252076454273351
-1.13384470910725	0.346451671342812
0.956487790679547	0.25443416057231
-1.79541110556836	0.406108159138969
0.1588995276689	0.0306480879354901
-1.79522376365631	0.406159618358576
-1.79522376365631	0.406159618358576
0.95558416772101	0.253955285085994
1.96025897070573	0.471212877436839
0.158321872008447	0.03054890339565
-1.79522376365631	0.406159618358576
2.762173012355	0.796052683519412
0.157056474373317	0.0303984095560313
-1.79541110556836	0.406108159138969
-0.623695063230009	0.152227657420805
-0.584217320184071	0.425168653528225
-0.399402960373904	0.169604841607115
0.379995522364877	0.172442796106354
-0.537424076058629	0.447412993236504
0.156605756480995	0.0536780455606234
1.39434953653979	1.07151943966091
-0.400062396642448	0.170601933136714
2.36268639508258	1.20362524808845
-0.52402013054653	0.203694200281952
-0.307573618347378	0.140576874827321
0.345059821205729	0.190449794156287
0.536420333748998	0.306940279823092
-1.51968686804079	0.548134504172194
0.789019978122338	0.468447693202419
0.163311686221074	0.0491766335657994
-0.497605428187734	0.262648854757311
1.96025897070573	0.471212877436839
0.158321872008447	0.03054890339565
0.673553513601153	0.218109822226041
0.157056474373317	0.0303984095560313
0.807765749167875	0.344121641955788
-1.12965913036419	0.345874034206289
0.165310764697054	0.0422104497686673
-0.779201170961778	0.349669330011866
-0.344991553778112	0.100675971877677
1.96025897070573	0.471212877436839
-1.14016935299318	0.348638213237076
0.393973994408102	0.180500237393899
-0.62982953293132	0.153685936034785
0.166760634916841	0.0427859605507963
-0.350191590281639	0.102610881125832
-0.612754532627913	0.297059345736773
-3.07880362658843	0.963967696821091
-0.623695063230009	0.152227657420805
-2.06876532861005	0.964719982568229
-3.07968455989498	0.963635125148535
1.96025897070573	0.471212877436839
1.96025897070573	0.471212877436839
-1.80012731460838	0.40572439661199
-1.79522376365631	0.406159618358576
0.152059452718086	0.029590171141199
1.96463092715103	0.470372342687103
-1.79522376365631	0.406159618358576
-1.79522376365631	0.406159618358576
-1.79522376365631	0.406159618358576
-2.58483811914593	0.676212802763842
0.158321872008447	0.03054890339565
-1.13238101744968	0.345367402292769
0.952024225447137	0.254550165942042
0.158321872008447	0.03054890339565
-0.623695063230009	0.152227657420805
-1.80012731460838	0.40572439661199
-0.624582031923329	0.153403426322781
-0.623695063230009	0.152227657420805
-0.605872234532325	0.730199257214032
-0.236446198945093	0.178510682713662
0.0801501768182197	0.0750040604514863
0.0341541591828965	0.0296348391328696
-0.801279202478858	0.863020855581563
-0.548871785221456	0.344103120693903
-0.15206943783399	0.118743187306329
-1.79522376365631	0.406159618358576
-1.51434599764084	0.542729122624605
-0.339689629328073	0.0991873938654728
-0.624582031923329	0.153403426322781
0.142730736368908	0.0428308717507511
0.134366317139427	0.0514723317048698
1.77593308340252	1.01191243407977
-2.57450915234243	0.686119713628322
-3.45442672204145	1.24810798046793
-0.624582031923329	0.153403426322781
1.96463092715103	0.470372342687103
-1.13183121902567	0.343499645696538
-2.07014244905779	0.967632690775644
0.1588995276689	0.0306480879354901
0.158321872008447	0.03054890339565
-1.51513633099547	0.548077569901583
-1.52176246723526	0.547344147188305
-0.622314221648084	0.151717296808394
-0.343542423818443	0.10090975164114
-0.651695088590862	0.625932631169579
0.166850530016342	0.13281738327807
-0.931799476018535	1.36945661508789
-0.0504895428255625	0.0425155176020598
-0.44844822858954	0.343303490410125
-0.585045721727977	0.424713660358814
-0.0556858536299088	0.0413601604706854
-0.714427313321853	0.725963111957276
-2.57450915234243	0.686119713628322
0.166394015894957	0.0421995715384941
-0.529590931055547	0.206114530882042
0.438079341089138	0.178634655383618
-0.623695063230009	0.152227657420805
-0.622314221648084	0.151717296808394
-1.80012731460838	0.40572439661199
0.157631418222578	0.0304971390385879
-1.79541110556836	0.406108159138969
-2.57393942994101	0.680804613621979
-0.623203514518812	0.152886975065438
-1.50791943258954	0.764008770721199
-0.537732287812399	0.206218592689375
-0.238890097621496	0.119082414389523
-1.2342587631865	0.924331288597773
-0.0695347745751546	0.0304385311438849
-1.81958198561696	0.753456397420435
-0.159523283512501	0.058068610189777
-0.623695063230009	0.152227657420805
-1.51940297937032	0.550464997835271
-3.07792320695436	0.955710221735997
-2.07441122030804	0.967874205840337
-1.02902587576124	0.416486411153987
-0.350191590281639	0.102610881125832
2.55823232081649	1.44784364910664
-0.518945913103219	0.201612309704566
0.162942698182568	0.0413114056520163
2.762173012355	0.796052683519412
0.157631418222578	0.0304971390385879
-0.343268806146835	0.0999183449449793
0.166394015894957	0.0421995715384941
-2.47901201083613	1.41718241338633
-0.343268806146835	0.0999183449449793
2.35867474636275	1.20949780775728
-1.81814593327299	0.757477944035012
-0.729903352754239	0.254204229928182
-0.724489220764226	0.25507339261849
-1.28384654567062	0.597216174366731
-0.343542423818443	0.10090975164114
-1.29251696828413	0.596355210063337
-1.82491177099641	0.761062662410459
-0.624582031923329	0.153403426322781
-1.3364344688169	0.851629353982717
-0.153324961474254	0.055783542657361
-0.517606566264528	0.199808951479653
2.55991960179445	1.4599049553017
-0.614068346759647	0.297447777850417
0.165807860974389	0.0495322876422022
-0.602203681589516	0.289581164778889
-0.107794846959169	0.0434971903953803
-0.11040300185585	0.0444760204878545
-1.86152009397896	1.16396023400711
0.140236160554526	0.0546773519781851
-1.49304660651175	0.774458699239627
1.03813247983524	0.395255517634971
-0.725669351344178	0.254938132698188
0.138428251912748	0.0538210500753023
-0.0690819994238062	0.0302690152513791
0.390838841271205	0.177804498113647
-0.981825452072438	0.490373318987827
0.176259768258418	0.113581777447265
-0.346060326465522	0.206031196434641
-0.291565812807279	0.255102733902584
-0.785731938643377	0.71601293447563
-0.533011179508118	0.327259429539893
-1.259363622103	1.17136388260289
-0.495196781970239	0.258283986193515
-1.86335844775073	1.16781465097655
-0.983192878633799	0.49384360655143
-0.395436440368392	0.219978437246542
-0.540211923212629	0.33680551618798
0.137959041335199	0.053123997365062
0.0202423961825038	0.0109250043518547
-0.793766636923113	0.594086298714143
-0.515710856908741	0.385521824784841
-0.900226967030673	0.73980470953799
-0.255547909537178	0.189669320095974
0.816796075513508	0.352385300037275
0.911330057744842	0.774929546317723
1.15344018507765	1.14573394816332
-0.625801200349063	0.496395157042572
-0.407020281565707	0.230308647655527
0.0186206377286574	0.0100694032070927
-0.533291206614919	0.327072339516446
-0.339721128516966	0.203668660486098
-0.269488906934842	0.199926101415562
0.657210851171659	0.458325602553014
-0.341011910509438	0.240714146156144
-0.491085347288812	0.251571706462134
0.704798296368176	0.454595556987752
0.155252935092842	0.0869345035358844
-0.866417468774798	0.856153521748234
-0.284421611972757	0.176003200984338
-2.03420789894221	2.0874259513238
0.17268454535424	0.115750943118825
0.502469198124267	0.314403571378345
-0.866247763142689	1.03598350824676
-0.449112100518604	0.343645049810119
-0.79319411808844	0.438986447672598
-0.646263249876834	0.572588197642943
-0.105759873276873	0.0422726729972477
1.26889624979262	0.706084691304603
-0.332266136667498	0.230725634214185
0.153773809483776	0.0463295199784768
-0.349006134070706	0.101786523630064
-0.343542423818443	0.10090975164114
0.148448238167646	0.0513076201238473
-1.82491177099641	0.761062662410459
-0.111335955364491	0.0448322141937914
-0.154427656562561	0.056364447735585
-0.15103593342636	0.055030887592407
0.144616061493927	0.0500253520513714
0.386714485169665	0.177075570399948
-0.786232352363685	0.43152279528106
-0.529590931055547	0.206114530882042
0.159003857627083	0.0480265128738231
-0.402321330714336	0.171233810890718
-0.221549116887011	0.0733586886722837
-0.219052553662513	0.0719255077197386
-1.02734963908132	0.419609489752489
-0.152027874499813	0.0556812356537209
-0.772467984691118	0.345310968145738
-2.48573669017938	1.41480584670068
1.09532675082928	0.813900576352831
1.32930776739333	0.590122181343662
-0.152782075404647	0.0560846680959654
-0.226994851075598	0.074404091761554
-0.520024315525337	0.201968241826799
-2.28575756606991	1.18379310539761
-1.28170971891495	0.590727891544826
-0.776105570631896	0.34427657062915
-1.61206891902677	1.22203104899117
-0.774797596745505	0.346403427121627
-1.13600022882357	0.347365132523473
-0.766355098817268	0.340994356194198
-1.15152557367231	0.343692263535859
-0.63464058543861	0.152996678104976
0.167846042512584	0.0427707788849589
0.952024225447137	0.254550165942042
-0.722131735316544	0.252143474448172
0.14653019519208	0.0570865605628647
-0.725669351344178	0.254938132698188
1.325541173279	0.596317804415036
1.32815384338885	0.59428936619523
1.03867105860056	0.394358201053478
0.141511958428034	0.0552197149692542
-0.715287916642133	0.2464919129034
0.15217592618318	0.0460645385354346
0.14605644861433	0.0505224990642865
-0.529590931055547	0.206114530882042
-0.624582031923329	0.153403426322781
-0.723310015883846	0.254344357266946
-1.49334610041838	0.774561336408607
-0.727076542516005	0.253677508869169
-0.623203514518812	0.152886975065438
-0.240694979755289	0.119863766250125
-0.0954270672675942	0.0383398929334079
-0.105018196900244	0.0423002004785251
-0.344991553778112	0.100675971877677
0.161791665747346	0.0309826798878848
1.82217654089451	0.725748167802471
-0.400339874419045	0.170786884464105
0.81561493056819	0.351685560743549
-0.795763659569312	0.526279246046185
0.456364853518735	0.183551159001163
-1.14089293159455	0.348055152990233
-3.46164602167476	1.25116087441461
-1.79541110556836	0.406108159138969
-1.83030178054833	0.753586690030118
-1.13345886337206	0.34828321496857
-2.0710366946981	0.965136621750708
-0.961674411922313	1.01913168667074
-0.881815461855317	0.806368681000607
0.162950612691194	0.0987869137747907
-0.16748381459674	0.114255659454486
-0.275345886683511	0.171899649107962
0.646956672405437	0.447992788187963
-0.224175362856687	0.168555220800501
-0.0079146496996461	0.00527539035514891
-0.789759866955093	0.781939719887222
-1.27397388735006	1.3745367616838
-0.312051458394623	0.144452926263228
0.171509631430065	0.105043817823687
-0.254818968196672	0.188878687862376
-0.638590430050009	0.607584962601588
0.0115647480005435	0.00632271803014641
-1.8333918502525	1.6404592881449
-0.577377109793625	0.414479616622464
-1.35520938238351	1.34035707692797
-0.252806558161178	0.125974689446811
-0.645451448189035	0.376303536014925
0.449263633135619	0.319808335620452
-0.351154865633341	0.24845058181641
-0.28599858606393	0.235065473521979
0.0791748821463047	0.0553131253909993
-0.141759778909728	0.0791281233144724
-1.49201386817581	0.778707402834225
-0.623203514518812	0.152886975065438
-1.79541110556836	0.406108159138969
3.26454918998549	1.12582035861405
-1.10160190607598	0.753314991414968
-1.80012731460838	0.40572439661199
-0.548297657282652	0.611423937002551
-0.790714677310601	0.431306100159837
-0.326443466269643	0.193906978510595
0.177601721970791	0.121038914354071
-0.471048936612633	0.304600397782889
2.06133159366018	2.47099392768349
-0.0632490440240916	0.0396242912801254
0.302593502979251	0.192723737135311
-0.395154896387943	0.308552399147429
-0.502839514282984	0.377777916773733
0.450093973321783	0.321107029024559
0.839998938508559	0.971575592228913
-0.317991415578226	0.257382108189095
0.395232583265199	0.321851765207759
-1.10337052426261	1.04696181895293
-0.5155684262555	0.38420823117125
-0.230607313526609	0.150081962261068
-0.907479560407026	0.82620394201508
-0.317373015918272	0.255980891788096
0.50241240069026	0.315087435487478
0.388545734267567	0.177080838165714
-0.144922996633297	0.0817145268625636
0.15991105827804	0.0967347668227903
-0.161339793882189	0.110511645190061
-0.338288415611855	0.309802740245525
0.522339251352601	0.321567255699809
-0.406146543008402	0.226469343708217
0.167125285140998	0.0422176691573725
-0.669607228493098	0.459917377307341
-1.17466749721315	0.661510113778261
-0.623695063230009	0.152227657420805
0.157056474373317	0.0303984095560313
-0.343268806146835	0.0999183449449793
1.46257104927093	0.48578937094864
0.696159975469406	0.330710811961353
-0.723081962585608	0.252158286122281
1.27521242260931	0.71707524836946
1.96025897070573	0.471212877436839
1.32822893225691	0.595292300170666
0.668257563820224	0.216585127844403
0.172003388254653	0.043682446671818
-0.521340294511308	0.201416056002614
-0.218747016072675	0.0723005288061521
-0.526825150261652	0.203779750205465
0.1500643212047	0.0518518782937859
-1.27944475415718	0.59050251511009
-0.149438755176391	0.0538431086995268
-1.67249477659624	0.960415524300744
-0.52556727760428	0.203116503406994
0.158031704426094	0.0479750742787413
-4.22884403708037	2.02154820385137
-0.724489220764226	0.25507339261849
0.669700188276656	0.216836591054402
0.157631418222578	0.0304971390385879
-2.57450915234243	0.686119713628322
-0.343542423818443	0.10090975164114
-1.80012731460838	0.40572439661199
-1.79541110556836	0.406108159138969
0.158321872008447	0.03054890339565
1.9613717712777	0.470903909509444
0.158321872008447	0.03054890339565
-1.79522376365631	0.406159618358576
1.9613717712777	0.470903909509444
1.96025897070573	0.471212877436839
0.158321872008447	0.03054890339565
-2.57507908676252	0.680490038595289
-2.57450915234243	0.686119713628322
-2.58483811914593	0.676212802763842
-1.79541110556836	0.406108159138969
0.161791665747346	0.0309826798878848
0.162378104800928	0.0310834456145106
0.166760634916841	0.0427859605507963
0.168213647836342	0.0427717891925395
0.1588995276689	0.0306480879354901
0.152059452718086	0.029590171141199
-1.02317688891156	0.41384083840968
-1.79522376365631	0.406159618358576
0.14569794572577	0.0504060636924665
0.1588995276689	0.0306480879354901
0.672365927723615	0.21584689717513
0.67114469411031	0.215490092261742
0.173098035606419	0.0436660682371104
0.162000098606659	0.0850787822577102
0.162942698182568	0.0413114056520163
0.519478061083296	0.190484525868409
0.174712257211592	0.0434955039258917
-0.62409333671727	0.15194082521988
-0.723310015883846	0.254344357266946
-1.03188313440964	0.418507281503945
-1.13074478212004	0.3459795805111
-2.57450915234243	0.686119713628322
-0.990313845390926	0.504416663574523
-0.957995291430212	0.589390643760209
-0.622314221648084	0.151717296808394
-0.98623770485444	0.501884047923389
0.148448238167646	0.0513076201238473
-0.344991553778112	0.100675971877677
-0.0813830075726053	0.0493636606752916
-2.64419834130516	1.66319529749019
1.56371017708573	0.796477488281912
-0.344718928168882	0.101170101330633
0.148668435614208	0.0509171780296591
-0.404401306744511	0.172540392766287
-0.152027874499813	0.0556812356537209
-1.51279643757503	0.547771213649107
-0.623203514518812	0.152886975065438
-1.3340977811006	1.05057516003975
-0.804636333726336	0.60768360073811
-0.399090488436148	0.170073668796408
1.78154041491906	1.02236172778738
-0.776879219916836	0.347397010506723
-4.00307510020539	1.77089277820852
-0.61034981008363	0.296851575272232
-0.228358576380837	0.0754206022353645
-0.994663499034164	0.501581634461356
-0.587354634813235	0.428553563331374
0.0143255079638963	0.0077839189950777
0.539501857576081	0.444291121799227
-0.196858078003111	0.104969092092251
0.542702318128504	0.310695417793306
-0.238960111854216	0.119346904073191
0.354091737418237	0.177407845846932
0.3599301135099	0.181781951530473
-0.705575878551774	0.614535843288121
0.161293225406897	0.0977707283992926
-0.896250797471881	0.821462193587999
-0.65877076236745	0.387271640550329
-0.00465946912269817	0.00234130710990599
-0.317305927904695	0.14712641957446
-0.491202771094207	0.256267051146884
0.0157786018823747	0.00857958378531348
-1.25660607121521	1.15750867967984
-0.179835968032231	0.09513646364638
-0.0388626182766285	0.0250035147606604
-0.286477154979533	0.206016053828758
-0.729986878439205	0.793328597338955
2.2665278145607	1.74679583201303
-0.382937433854242	0.298091046824799
0.18248288097503	0.125322115936799
1.02875901016189	1.30482305657639
-0.0224981573747274	0.014639418037063
-0.0357255605108002	0.0228331025809948
-0.269366270449285	0.218943311534051
-0.535714908163737	0.440751463467456
-0.0859658046045493	0.051868650951682
-0.192434234928926	0.146086966694816
-0.229465432869092	0.172399211573024
0.174562648020263	0.12614815763493
0.0661381232221261	0.0440339771261114
-0.0145360232251927	0.00952245838528903
0.18818136694726	0.155855682691492
-0.516514722540177	0.539022888484059
-0.99483818690341	0.871526983068452
-0.0104973678347515	0.00693528764247053
0.676254919967917	0.581281218206099
-0.799508500728358	0.745698460308385
-1.99189810606861	1.41162506080999
0.293311446378357	0.197922948040012
-0.0928260345161073	0.0670771281173733
0.272832179910292	0.230156313723221
-0.580521413283129	0.421827181936626
-0.0217226586617681	0.0139634262504449
-0.076147671584515	0.0560189816020694
0.547441213016369	0.547101205298334
0.182815038878141	0.160323451630546
-0.289331944419368	0.258787533068935
-0.410261452949141	0.377630399256092
-0.292499948170192	0.260163826358232
-0.371751633152546	0.315895534055868
0.60876494047577	0.453522546775241
-0.555353158841835	0.575833979609083
-0.85486544386438	1.02610793751647
0.287347800401138	0.215106908460455
0.639431404923088	0.66550563232698
-0.0253247921222818	0.0166398181662675
-0.395698445602484	0.342013070502229
1.09070410228008	0.668991240577518
0.534845221302427	0.440927533589727
-0.27592730865252	0.243484196640188
0.522352127179111	0.603088179623596
-0.0941813952641425	0.0676811402483255
-0.0774339065418506	0.0569139430077806
0.493240329668836	0.507828202375447
-0.207336934974228	0.137628204730109
0.0189125055983159	0.0133505549561523
0.288280674852803	0.218544244136926
0.114591388918547	0.0958846696661251
0.189079438275656	0.145127185936703
0.159284779616616	0.141185328070013
-0.532337653836813	0.437008989821682
-0.338211930418159	0.238344784622835
-0.445250993455039	0.343755958712684
-0.013165993515137	0.00869805022638501
-0.54689723125082	0.453342520993231
0.0778135336018613	0.0497441659805798
1.2296823377078	1.46168597132412
0.160605205859607	0.0844893789467946
0.27568349077088	0.21141627023015
0.081656599337281	0.0569244185606675
-0.102613856364528	0.082014749148636
0.352916874009822	0.3205580014057
0.555459845829942	0.453125768704455
-0.309081928064399	0.250842137006718
-0.860688712290781	1.03533196547824
-0.536420197078505	0.445572108159649
0.0948462900278919	0.0683381368118789
-0.729302139721754	0.79446605486539
0.189372204724596	0.166973208709072
-0.475597451768224	0.398613847032144
-0.829456552267143	1.16866446686933
-0.191400129465875	0.127895613792921
0.180118790860453	0.137050836676709
-0.11380561832025	0.0669333835551969
0.0733304167486386	0.0510377715930527
0.443232887814582	0.180488409106863
-0.166960112201632	0.112163035373002
-0.121887526432069	0.0842044235809503
-0.321739995844907	0.284736183106247
1.00836923940781	1.25451273452047
0.452177683349306	0.433824333598822
0.0082855113566643	0.00602150173514453
0.105112669668176	0.0830514236655456
0.0942452493096122	0.0678329920480514
-0.983863635390718	0.952229022647629
-0.863534965505266	0.916683549467036
0.0177102699634021	0.0126224267572016
-0.293618968955472	0.213558678797651
0.472648121163424	0.431348486247353
0.188030726287401	0.152102728974007
-0.508659344263946	0.564793126726797
-0.0467965880374305	0.0292237723843423
0.478440658540376	0.441740526547752
-0.512847066546741	0.46222864391472
-0.199391855219213	0.133142542837761
-0.788245623693636	0.734537224884282
-0.233198911840623	0.17692564904447
-2.23595213788808	3.78034538066887
-0.851600737175156	1.02032074658966
0.182465845560438	0.143701366144984
0.0920864036576675	0.0642947913049186
-0.499405423012951	0.494874548306748
0.719425656635589	0.803631341984575
0.949320274445395	1.13033323503318
0.037826349544592	0.0278370301833912
0.491836826678742	0.436445214745923
0.537527747604401	0.436865812262349
0.0211161413175758	0.0150384847958082
-0.916782753337377	1.07886663798088
-0.54817535864661	0.455067199125502
-0.197461480215471	0.167424293476649
-0.394146119311619	0.398626205170175
-0.985662644063491	0.495341806816539
-1.46972167985742	2.00901650764506
-0.162049731568643	0.11109095199207
0.305377932312731	0.195525960022954
-0.395132860470767	0.271224908537597
-0.719002106306004	0.774592141625639
-0.732411919614416	0.747936765135075
0.0863451013948599	0.0603955976581339
0.55991951483038	0.695181146301138
0.0986756571778453	0.0741761356055333
0.316118704801121	0.202254877295758
-0.0257441011812126	0.0196226518942342
-0.193040225076313	0.14773026003428
0.186249820115355	0.12694970118008
-0.132767358646772	0.0919649123710374
0.792875260708	0.847791328006441
-0.400484376622928	0.392155251125405
0.635569683468119	0.662150953465209
-0.150893265760159	0.119070516210672
-1.79541110556836	0.406108159138969
0.78369197856312	0.73208850688891
-0.300720816330873	0.217979352131563
-0.787692501149699	0.778407557036206
-0.446808309640798	0.344197249909461
-0.0626984245484488	0.0457315224530842
-0.537374686258615	0.660651737323257
-0.6819923078084	0.779175628970077
-0.633995501185409	0.760432801131369
-0.425721154090189	0.394614902463537
0.117062502063744	0.102045908848776
-0.359396862915084	0.314739286499233
0.471327598428768	0.510153949627852
0.830870781866652	0.862303393729434
-0.247220674167327	0.23784488641359
0.0183138821390624	0.0148063641915642
1.10274507314283	1.47790270537924
-0.124253787696119	0.0998384890242967
0.0846208599858426	0.0611189228357589
-0.55119284910828	0.343873146108222
-0.582009960978185	0.416390475017352
-0.00593414532872432	0.00396996812295514
-0.0949389519508777	0.0575498011326939
0.0572467341902281	0.034942541744765
-1.68003691456775	2.06933326167865
0.174441897640147	0.121544081334105
0.354967801143077	0.313220944508381
-0.0844501623990065	0.0604301203151223
0.0933665134466148	0.0654420873868041
-0.218259594433461	0.164151713287892
0.66292661601519	0.671215129572507
-1.16051628889537	1.40761408673486
-0.480183181049863	0.406496928585714
0.282832271472757	0.227219718922744
-1.10243789483989	1.28852453796755
-0.553150450973694	0.349248410112167
-0.310253528051153	0.143451394522151
-1.01124923310575	0.904707555030622
-0.711995539070881	0.759563297389103
0.0381936064838364	0.0289656589530049
-0.386779725112036	0.361624928300472
-0.354387979949652	0.282759012936844
-0.2065649770831	0.158867342754371
-0.00931385612961487	0.00611383918604697
-0.147597219273687	0.103077287341085
-0.0609946622090354	0.0502818645578783
-0.695958725638315	0.606405959934526
1.08716997885489	1.3607757551744
-0.580198927851625	0.557931105365908
-0.389323422085571	0.301266190520522
-0.145130773536652	0.112980730658965
-0.677290370139063	0.471327742468654
-0.341148977223838	0.204062975603347
-0.186128227719733	0.122991444350203
-0.222329615677022	0.178363582577992
-0.164699475882277	0.125879815678602
-0.463942974008779	0.300238878327701
0.829194163083715	0.947126321625834
-0.0791764135679093	0.0482598036202639
-0.796059170406977	0.597029386455594
-0.393193316274148	0.310198057542176
-0.956693413641219	1.00063494340956
0.683003470134462	0.591755956594414
0.457241516547338	0.424079048300961
-0.430641888710624	0.369833463505414
-0.459218664940624	0.418484008812709
-1.11835650303297	1.7135611823019
-1.28013572177243	0.586204123865257
-1.79541110556836	0.406108159138969
-0.786162330764537	0.666124826165744
-0.407885307513508	0.23011710987072
-1.0003438066359	1.15630774875893
0.0692817600884466	0.0460159800413608
-0.270625614629747	0.221879369166452
0.181264889827152	0.128037014801275
-0.469013117823356	0.390033561067693
-0.096642215826256	0.069856006468244
-0.157488109909713	0.10755114825474
-0.211662078792146	0.176631004167262
-0.292198125249943	0.257892277983132
-0.00336278905379386	0.00228073931806677
0.190998591709494	0.145472602725063
-0.208042973582179	0.138731951905421
-0.193242530897565	0.128617256329795
-0.277999231449863	0.246530846744697
-0.65494964767528	0.670781702942639
-0.915269588226979	1.07599520985207
-0.155917588933406	0.122698806675893
-0.867064755907806	0.984614986638504
0.331807584739581	0.198334347105475
-0.488908264359259	0.256537926538476
1.22023762352715	1.15995644669924
0.0281568814058859	0.0162475313448427
-1.13599688789171	0.349486711323194
-0.623203514518812	0.152886975065438
-0.231589696392371	0.148625809110934
-0.148240774745783	0.1167014463451
-0.218148992955884	0.139060605479822
0.0314928795849212	0.0231502056868679
0.261387695312576	0.225990036692072
-0.430687370823649	0.364230217622498
-0.108082583445066	0.0768229123786273
0.404136611866908	0.316272956393365
-0.309336778718478	0.290530236107623
-0.0208880617795925	0.0160422392791345
-0.355974305469579	0.336000279350942
-0.22068853600669	0.201789584189581
-0.453460467865106	0.449769936481136
-0.64151385358425	0.74651962450043
-0.347931245182997	0.278288903779423
-0.200006521153052	0.153381347502076
-0.352412307324463	0.249557927351958
-0.573226541382049	0.411328458017502
-0.254114827531988	0.125739958203088
-0.643596599195724	0.6190730310461
0.147977525713087	0.0772370563017932
0.506590884592661	0.31784426853592
0.146923762007403	0.0508196417525894
-0.521857859949803	0.202488147552731
-0.94705158525794	0.580185854953404
0.189032908515363	0.133709246407241
-0.0593694782998067	0.0439939458829921
-0.0294707406913697	0.0191536157676836
-0.286945915520606	0.255617887309608
1.21211361398709	1.28123433894467
-0.156162422818553	0.134705680609905
-0.66273053613223	0.676136945891076
-0.174188093406501	0.146273977348703
-0.239379242692263	0.196359532731289
0.408481808205169	0.416232600902578
0.408364033911518	0.41826556785214
0.177339383042721	0.13918094891468
-0.0766320993371847	0.067874087664986
-0.9529702458586	0.582848198450528
-1.00944898107402	0.902716519407443
-0.275812301576718	0.172270352047324
-0.0723158370078031	0.0438158974979837
-0.551865793440741	0.573345364843028
-0.295892710457127	0.282943737179812
-0.348430701729635	0.305676191452455
0.605212672341954	0.55729645984786
-0.487497292532951	0.479117354384372
0.00572581802722479	0.00363943967003788
-0.0911666474116528	0.0555340033136654
-0.0816494244140488	0.0669844276932423
-0.39630814908082	0.167858685913401
-0.393282457356599	0.27041121877434
0.44189576818255	0.424442609448603
-0.333733422821117	0.198149062144355
1.23324974593556	0.842178818692067
0.135504993036265	0.0523503223011789
-1.81814593327299	0.757477944035012
-2.92211081512294	2.17278568551466
0.276364808758223	0.220629329903269
-0.612702988903937	0.636825327218897
0.458523011818725	0.429780672920806
-0.201555409740499	0.134862129102369
0.123361401112316	0.098721321371683
-0.223707939007195	0.188322686741342
-0.39456330286259	0.311739903731625
-0.11386286651318	0.0805338341181183
-0.0401908994659399	0.0258822157311995
0.534531969659775	0.614083150022852
-0.192141410627365	0.16042683151598
-0.182640067054863	0.142003501353436
0.0286437734255156	0.0209065822705977
-0.628289098424294	0.559027774302886
-0.731525616406812	0.255525096859232
-0.300270040544574	0.215807045126186
-0.215407638822052	0.179526473327265
-0.526706875896345	0.581923064060744
1.34438877862366	1.39593275254028
-0.0345417305592868	0.016141635028021
-0.862324431212693	0.910892117877956
-0.508973518068369	0.384061718776399
-0.784604579292422	0.893217341084743
-1.99236832261122	1.39802409254994
-0.733876375543684	0.791033359049187
0.459744958608681	0.44066547466249
-0.332194655584529	0.197831185056722
1.09378938912436	0.819789877040783
1.24539078092807	0.852636492284338
-1.15496850131818	0.634349990844142
-0.0506245529981218	0.0323636456361944
-1.17275460279799	0.668667087442433
-0.481910048791754	0.403480713837464
-0.441680900143412	0.378457983307978
-0.584674168685634	0.593475787189636
-0.123543464106284	0.0722098592013592
-0.234925173656813	0.116636566655047
0.397777760721098	0.321804843185703
-0.323896170358946	0.26290220597779
-0.612855759328784	0.63222863315168
-0.852540559634746	0.952463649776144
-0.307168162742832	0.248373738691644
-0.58140944789453	0.416842075197087
0.0608591127136585	0.0391049739615515
0.101982232680233	0.0763102852158117
-0.916683736006306	1.15237064386017
-0.399469275854456	0.346171576907748
-0.653607015693663	0.38835109898306
-0.167994220863797	0.163030176280627
0.0915535371462528	0.0798538081998173
-0.709026657821924	0.670628432502756
-0.299297835024829	0.237227541114242
0.283102910496671	0.233765063441307
0.283908565703949	0.220380034188191
0.457766954768884	0.327666450366807
-0.114176713391312	0.0672613785713837
-0.195116907909523	0.128746562676761
0.0642943154623365	0.0429352560441927
-0.0608813296584397	0.0382537181316859
0.324785570645979	0.207807864751663
-0.140968646901886	0.0792184978696569
-0.346361477323692	0.245832289993452
-0.0281670730665346	0.0133498035501984
-0.951508730700612	1.29754715996555
-0.182656644972824	0.120952161913937
-0.0608822570516734	0.0381084319453001
-0.421329517224676	0.285515558276381
0.564762777073045	0.438064008212853
-0.256898160876943	0.190830933829315
-0.277775202003727	0.17150518042513
-0.109470617206098	0.044027646042491
-0.107533430904336	0.0629876777679093
-0.334607171828691	0.235151014873984
-0.608596558254425	0.29676559221042
-0.710704629210086	0.625446190215513
-0.154721775908227	0.104832299900249
-0.559978094071297	0.497803417156849
0.377889927358938	0.300026764741113
0.329717630458419	0.181384491379526
-0.470117346293697	0.431859639921533
-0.576570142530961	0.521483118201029
0.41041008460638	0.323624628794979
-0.187717204004835	0.100047500456309
0.478938189953305	0.322369004267587
-0.400452575339514	0.225225433943023
-0.58140944789453	0.416842075197087
-0.950504542084278	1.00183381625757
-0.536801574354155	0.445619608795894
-0.469767568609773	0.526509913584875
-0.282846967980644	0.356293599871325
1.00886058253757	1.47628939383839
-0.199970299278005	0.106372202910199
-0.780222385383906	0.350064605644818
-1.0209005117101	0.412125725713164
0.524938478553276	0.192889918548823
0.160033282133955	0.0407505791232416
-3.08381588002162	0.95918852957187
0.818093284035194	0.352795702508465
0.145572833410173	0.0563319648036502
-0.687692387077991	0.476994906760467
-0.237160200947008	0.11757208757684
-0.215091100919037	0.0708081397941703
-0.345896359412486	0.100748738523468
-0.622314221648084	0.151717296808394
-0.625469527156518	0.152450282737538
-1.9880763938232	1.39209504769436
-0.94705158525794	0.580185854953404
-0.111335955364491	0.0448322141937914
0.611279968563849	0.568124558652535
0.683576381632052	0.591909275134313
-0.28440511192878	0.305924873137695
0.100575294748684	0.0789314342612067
-0.238960111854216	0.119346904073191
-1.1412609968196	0.35088828313214
-1.13599688789171	0.349486711323194
-2.57936018855439	0.682903044011602
-1.13561687794397	0.345868911390132
1.45563385720048	0.922619563650067
0.13674972823764	0.0516071973054437
0.297425519704506	0.188382364124645
0.334760010640256	0.199771562055967
0.166760634916841	0.0427859605507963
0.160997400897428	0.0542020488888839
-1.12965913036419	0.345874034206289
-0.227212618004882	0.0750820913651819
-1.81697249352039	0.755161927952963
-0.350191590281639	0.102610881125832
-1.80012731460838	0.40572439661199
-0.620531475305306	0.150785249491411
-0.469940478646404	0.527662255793936
-0.18656195841498	0.156786365501394
0.100717105348476	0.0751894060015672
-0.443983275697955	0.466504712079814
0.613236495070274	0.564318116846217
0.475801724436003	0.431028140888408
0.880729492095036	1.00504580880384
-0.681319351791038	0.465662415449657
0.172220833513801	0.10449165574276
-0.790602706285443	0.517688486068579
-0.557591575040422	0.35049794854934
0.855669473149502	1.06583290006319
-0.389387407793559	0.364028671781608
0.0488015104986746	0.0297712326892709
-0.98967097149241	0.502860102612123
-0.2300074341822	0.149386032184027
-0.0642864644698026	0.0401474785472088
-0.0380025441328528	0.0178177023577464
-0.0110878381542064	0.00734562740076645
-0.727076542516005	0.253677508869169
0.142877738438115	0.0615345074781389
-0.12046489867748	0.070608178461662
0.282087171090675	0.218906932080239
-1.25061625516853	1.14811435200512
-0.0691238615924869	0.0501633112867624
-0.798018332633305	0.527265062652475
0.00303160079633818	0.00186616040239567
-0.342004142864599	0.29784291310577
-0.0283975965740935	0.0182403156962362
-0.501485995691561	0.370745797880199
-0.205715972659641	0.136552169419321
-1.04717615029937	0.82538742451676
-1.34278627140455	1.5174652693649
0.285993544582929	0.227419343504028
-0.454574136932247	0.296685508511794
0.16982777093471	0.119225561326704
-0.452524433176527	0.345088099768135
-0.490157717080993	0.257230905356209
-0.612747585747724	0.496593409671051
0.15487756849464	0.0813305842162213
-0.397182078347425	0.273528150273257
-1.18900977411467	1.19165273280146
-0.461667682329401	0.306072859450934
-0.0960091406203359	0.0690702960167969
-0.0883233629617854	0.0638201461841843
1.01210478160197	1.18974133044634
-0.173211315484749	0.118273054355803
-0.262846269626759	0.195839224796344
-0.271980535395701	0.221276268765002
0.171335643358438	0.137065547009384
-0.395728930583555	0.268884051130917
-0.312862774965484	0.254912600040787
-0.592317589214962	0.572426359246542
0.395505216039992	0.323878062824957
-1.09971358126771	1.29004063846177
0.164533500279708	0.0994435409416154
-0.397390809158193	0.272908960889569
-0.879851179659175	0.798083298559798
-0.148656650294664	0.0840974482599823
-0.542053987471609	0.452612001793715
0.0202969655813637	0.010736818826631
-0.0307909365421168	0.0233842471089723
-0.777616105725451	0.345092640575022
-0.00408820289290722	0.00206244396152541
0.470405868418737	0.314953670585972
-0.115720918109676	0.0669270436937066
-0.660722703766941	0.389484905364481
-0.00465946912269817	0.00234130710990599
-0.654437362112135	0.384874185307543
0.141795856861759	0.0549880463391758
-1.0505263558921	0.829480989424586
0.159750489562787	0.0840459478517592
-0.58106706871868	0.413882624199099
0.169093873757683	0.118217046597186
-1.21420148066744	1.40223328072249
0.153802401561904	0.0869560950418222
-0.302861410896444	0.219233411133506
0.147528393742037	0.0705022870007616
-0.00368143034124837	0.00186452688294286
-0.288769722508004	0.228975035135908
0.964553188967998	0.936799012799836
0.172982099566817	0.130629053698646
-0.376082354479361	0.289819193526219
-0.96214468642586	1.01291978267223
-0.0753485557407405	0.0453809991220052
-0.186957244234223	0.126798396858897
-0.283016861843314	0.249643437046093
-0.279006995629938	0.228089939934384
-0.216563896810559	0.181471658477172
-0.265393758931667	0.1966313407542
-0.510235421937589	0.466910539443561
-0.658064184649981	0.389283199687688
-0.241645575565602	0.156734488248303
-0.396555929362502	0.312519470533638
-0.0921876524301393	0.0743232090652973
-0.167596302220551	0.144995328894273
0.629305086577786	0.730959048639108
-1.42666393910482	1.69971775374178
-0.684935179986707	0.47568505415867
-0.40264808067665	0.349330999030398
-0.384161030953569	0.29986165274267
0.0650105247779495	0.0416983042193417
0.153273525243481	0.0810104147412146
-1.09901793219391	0.74854617416633
-0.0902520287252517	0.0645757264534727
-0.137123655180203	0.0950822455583339
-0.47394877458739	0.311042748743386
-0.547206935864051	0.339534614541313
-0.38528886414697	0.333423428769771
-0.697890632674083	0.552284837415684
-0.660246684876296	0.390422485889757
0.015241949770799	0.0082610762520462
-0.00368143034124837	0.00186452688294286
-0.269390858859639	0.166898117062759
-0.147231290786895	0.0995878157524371
-1.84465927010032	1.18902250169928
0.349873339417682	0.175168202623604
0.1630709398208	0.104736493695995
-0.557780626381441	0.498785774350235
-0.143750872215869	0.0804796619966893
-0.0549324392000638	0.0241101131830825
-0.609463992583053	0.292541424538395
0.34246921416385	0.188629254832677
0.500156518393294	0.313852343417591
-0.0321281792554104	0.015215555734364
-0.794901544092091	0.515544178348989
-0.447318526140894	0.344354972946812
0.342311571874483	0.187321072967311
-0.733784216260977	0.795166552475203
-0.675369997016411	0.46323058508596
0.0791268873031205	0.0551642855523773
0.92286319223097	1.00596874693652
-0.234059117953775	0.116149520332101
-0.39431164564748	0.270834022408492
0.0666147272802557	0.0424785358758941
0.296371653179323	0.200644492477416
0.733866658442505	0.602716278955053
0.401843031378014	0.313461984255762
0.0689343052182579	0.0441142891329704
-0.307096567829536	0.223029004582589
-1.34531648438599	1.09210906704913
-1.3571513220281	1.54048569993362
-0.52573253462072	0.549259171410297
0.288006663160286	0.20111970330406
0.327834345721768	0.196638828634895
0.979959167302986	1.04731734228921
0.0163833241437893	0.00876991062759873
0.330393508800868	0.197817843946513
-1.61440339480219	1.23746422844223
0.0923529331355386	0.06183278227022
-0.102753578749984	0.0601783999569219
0.561213193252872	0.439019938914566
0.673979147721179	0.690748241906703
-0.0454539462745531	0.0335832039526496
-0.286924922563152	0.205321825179389
-0.102639344855227	0.059689056695019
-0.438535197563036	0.375390811895767
0.179334268290403	0.125451650231803
0.170199795605874	0.103390234370435
-0.655920647969626	0.381997823554178
-0.457085771225069	0.301741057266165
-0.193315575951599	0.129291610829717
-0.318110352102677	0.148129060035534
-0.106164240075973	0.0748260785330385
-0.493956630612569	0.360284857855224
-0.121658119347493	0.071301677344832
-1.28170971891495	0.590727891544826
0.135879545068767	0.0527837992472243
-0.547006845271747	0.343035410799334
-1.22905979832524	0.905876326353105
-0.21767204532629	0.163538887129909
-0.608654506166266	0.295801754807353
0.356652116259254	0.180275729723797
-0.40665431902092	0.173716593263974
-0.0594678068579698	0.0261805048059701
0.302284810424753	0.1919052793168
-0.404633553011844	0.225198971477941
0.143438162521888	0.0625567083820941
0.477211632212481	0.321927587237617
0.729192928432389	0.601763988070503
0.154918222846216	0.0878357297964729
-0.105178223110276	0.0613949607145563
-0.0950125539384563	0.0378468283069963
0.509100217889432	0.318853120293418
-0.788354018342001	0.513660294664866
-0.110408572944503	0.0640588738406612
-1.15927720694725	0.993766642336815
-1.34721951872538	1.09732551162992
-0.685402401972317	0.536445311453846
0.522968303197379	0.44262211505656
0.721430020077919	0.800881752048671
0.0309595998186815	0.0178472585654311
-0.639809712943695	0.603419052906227
0.165853241885687	0.107025668458028
-0.900803694885363	0.732673891952007
-0.0101724355255122	0.00499153801631474
-0.922254825561376	0.657652234197501
-0.575344628120119	0.704350748696956
-0.0569991265623195	0.0357891988704741
-0.115315192571038	0.08187219368965
-0.348483094407581	0.27804493789799
-0.344286514192997	0.244613804815431
-0.130358160245037	0.0905664708844574
-0.175733996560396	0.147727099509203
-0.459114371581896	0.302108224317106
-0.400554127378433	0.27610253993474
-0.318205862653551	0.147527411143433
-0.273859449981025	0.170300197375437
-0.303667839689627	0.139717439066685
-0.403044115728497	0.225137707304417
-0.349602274238754	0.247215766055168
-1.02849046705274	0.419931822610547
-0.307857810110821	0.142953961858063
-0.344344349232061	0.271671902066523
-0.449575131488758	0.40592245427224
-0.804897809885825	0.528776284865509
-0.407671012817332	0.230349926719157
0.442031354264742	0.316338913269067
-0.0112833010881437	0.0055272892711072
-0.104037002538712	0.0420367866695518
-0.805646870982881	0.524401732840569
-0.0403971744978161	0.0188265460640453
-0.23653972454999	0.152486944911648
-0.551978417851225	0.347296108175297
-1.04790546167825	0.829364968705007
0.0327461815051144	0.018986922132449
-1.35174152986737	1.10286565438716
1.09866498598535	0.815870299853678
-1.34415625928929	1.10042875273347
0.150264158191587	0.0788639397514714
-0.495348736847538	0.259604597797463
-1.0493379742252	0.828620398489595
-0.194945288983404	0.130498893136092
1.114815804574	0.972068172155063
0.317409040583994	0.187399190859332
-0.109307263101707	0.0641573695543223
1.24549428061301	0.864724556166646
-0.105934948722117	0.0745603721994318
-0.0154367308399696	0.0117559618477692
-0.219069171492865	0.183455094943293
-0.406493866455117	0.352282765692715
-0.744615941979333	0.94557151065046
-0.629437378540475	0.692643728640105
-0.263241278169375	0.270877989720032
-0.792318426606321	0.955497795987313
-0.255745619253977	0.188961307798277
0.786606457651209	0.602956014261398
-0.90326245316874	0.742033405205248
0.16210253445634	0.0925725061943845
-0.310253528051153	0.143451394522151
-1.84058503146372	1.18029718433957
-0.402706625061554	0.276081120414477
-1.04835629586167	0.811750207606298
-0.469966077070577	0.311699675964739
-0.250126366059475	0.125316823984756
-0.143242435429019	0.0806906029302022
-0.33680392160803	0.19904078109335
-0.245793860312539	0.203776058121958
-0.892676756740334	0.813559580452461
0.347194609509864	0.172376550423963
0.79374317291178	0.619110603814885
-0.324609273551246	0.148585671696531
-2.29482001321703	1.19072357907657
-0.171995815275411	0.118088812138444
-0.327286875114575	0.194917096303681
-1.48437325624013	1.03816584176393
-0.59851154990839	0.286967800998843
-0.189608365501642	0.100707519619337
-0.138919388216519	0.0778569510075498
-0.543872188196707	0.340655901718906
-0.668063878585204	0.457307641871587
-0.619989816466794	0.300936185180043
-0.549714297450046	0.341931986840453
0.466125694585688	0.30820697004299
-1.27690358994486	0.587047608858878
0.146835585674207	0.0572347599611663
-0.251065266194051	0.12574294419594
-1.27881822813651	1.36475733348035
0.681994760746763	0.323785191198623
-1.05208677861756	0.829223823437805
-0.212932423351496	0.159336884966253
-0.584458686368061	0.678873860281149
-1.09780685459908	1.47633098782659
-1.03385324183732	1.14465473458133
-0.710614411089652	0.716062177912386
0.0561400146719825	0.0357109981406996
-0.79934564483354	0.812316116522298
0.472666228125942	0.319965597079943
0.472663266342041	0.316852818029599
-0.229796643276947	0.149400876163353
0.151013318550421	0.0652682302632808
-0.399090488436148	0.170073668796408
-0.154351967317599	0.0562498012417216
-0.661589772639412	0.390625300687041
0.277836673117243	0.222868852375696
-0.79319411808844	0.438986447672598
-0.253782880659719	0.126141679644708
-0.0848224566372422	0.0517885827315753
0.156338949134288	0.0887375756210998
-0.0286705711761857	0.0135289367186542
-0.683771812679526	0.534710098861874
-0.805626583219522	0.612935877871922
-0.594095286503421	0.4249788699719
-1.17288751000703	0.663691286536823
-0.409883015969691	0.17342794059442
-0.399090488436148	0.170073668796408
-1.10200395649588	0.75287559278722
-1.84467984373074	1.1659299787002
-0.0657612696698745	0.0287245854969117
0.14605644861433	0.0505224990642865
-0.220109901011941	0.0723811542078152
-2.91986052472389	2.16746685883822
-0.799591402117491	0.612659032561038
0.148825390936432	0.0716473439815007
-0.0248946956424651	0.0117192817299674
0.135204208098662	0.0523113234313533
-0.798327550259089	0.525524333937771
-0.512410015910193	0.195778565625116
-0.252782583591575	0.125851340277071
-0.306516079511883	0.141991242600391
0.502943428763702	0.315870978398741
-0.399090488436148	0.170073668796408
-0.464801585714044	0.307818259347735
-0.58648369566657	0.674010414158153
-0.432784247018866	0.370972017984707
-0.599843687662081	0.477052201375387
-0.0738976266573764	0.0447310824908346
-0.344119186039616	0.204997924955797
-0.100878018565095	0.0713140502859745
0.401223114213304	0.312423504827726
-0.353017647839668	0.249879179953604
0.991915509195328	0.797427957269056
0.152683358485473	0.0656383772615247
-0.596688356159207	0.478192178960781
0.0666340401759999	0.0444852172327169
0.296631514378674	0.187405241567675
-0.803450251165463	0.441330622117266
-1.99707866812024	1.39489817187984
-0.995628962234275	0.484805750759374
-0.500704223426342	0.264177648854507
0.328131333153906	0.196459553755393
0.53775446498032	0.308094508992569
0.683576381632052	0.591909275134313
-0.281239475219502	0.175179263538675
0.349873339417682	0.175168202623604
-0.464306274482782	0.30715757264672
-0.498483784770797	0.263510307702279
-1.68284049756184	0.971040289110175
-0.767372534252304	0.342433422022686
-0.191584674011339	0.102720604037769
-0.581956083635911	0.42395833267741
-0.792281234195871	0.594507052236792
-0.492493885450051	0.258319684378867
-0.00142331798070583	0.00076812210821486
-0.195297793026328	0.129821765451598
-0.668280384252179	0.392103239032396
-0.802001557757813	0.528442547817415
-0.0329908538728504	0.0155855924191799
0.175621436061212	0.128082277804298
-0.27809290306397	0.172025083808278
-0.690518018682159	0.539990884725196
-0.461142755880892	0.302794487654176
0.0460776072986587	0.0263513204443449
-0.00227117421192441	0.00117746547509184
-1.07059786942528	1.11144115674273
0.295030248361367	0.196972758042123
-0.152046653024366	0.0858059344862341
-0.144152139625414	0.0802836621975593
-0.581485796027075	0.561241270735876
-0.175062651505606	0.174711583864486
-0.699645463666287	0.956084598746681
0.0397766265870026	0.031012264483714
-0.0880967933035345	0.0538358138185333
1.13961497154585	1.15088807172593
0.175526515812053	0.113554276098846
-0.265370786661691	0.197844862198189
-0.137408792315509	0.107096283437148
-0.196943953143674	0.1498992076369
0.149807995223301	0.0722858354339739
-0.279815747823947	0.174200519013262
-0.217858838204836	0.0711849269087508
-0.545270892674068	0.45223939039768
-0.499824983929094	0.263738487248852
-0.031435860858696	0.0147515111487322
0.943822153395598	0.629954613305269
-0.152915096748156	0.0858008453796028
0.156081035741618	0.0888446126693797
0.0360767905332615	0.0209053394756002
-0.240768413189051	0.119071813437464
0.156414718958151	0.081339528592372
-0.295899363732732	0.215554614181557
-0.338619409908355	0.269380676030811
-0.695546684671977	0.546868506931741
0.477954748827806	0.416195845623677
-1.22481464095997	0.909259721266038
0.563422905610861	0.44067360424543
-0.228550797251354	0.171581210074455
-0.463915455305022	0.303359013616405
0.512626944358288	0.317528564908025
0.308469779259304	0.19866644020076
-0.349147993212907	0.246537976329575
-0.0865902843186793	0.0521369747664575
0.148870514166198	0.0780977668051149
-0.397885800832272	0.222976742460031
-0.588467583246583	0.426007514952598
0.0380705017166523	0.0220045270783583
-0.609358643628343	0.495817390820367
-0.346389812384315	0.245176467050769
-0.151302010903386	0.0848416250054806
-0.551160021549965	0.34515054467387
-1.46044509173318	1.28766648831803
-0.572589588371279	0.629728912562825
-0.492943134933118	0.545548523064641
-0.405315241580795	0.490503543511921
-0.242989197738312	0.251580747584031
0.144632385067971	0.134279633684408
-0.31418913885777	0.277660157975596
-0.275672626042725	0.223306600209917
-0.468291822091052	0.309552724061308
-0.557999528568736	0.583583022709698
-0.0941075194482455	0.0680545412373174
-0.0864211160891034	0.052699190356535
-0.148444840344439	0.0830691610484022
0.173175198482841	0.11226361125145
-0.530406553948862	0.438073947054024
-0.663120011153251	0.720515665566108
0.0101465765322749	0.00732850461091188
0.602286145833661	0.449358397602333
0.645254164052003	0.581256530393579
-0.117522970409738	0.0685192236105493
-0.294680241499739	0.235681241079267
-3.75968054728691	1.5137460158881
-0.777898816341768	0.348631200573361
-0.234925173656813	0.116636566655047
-1.17328369638531	0.671526484374024
0.44123842978774	0.180936747631182
0.792327764471709	0.745208176899538
-1.32195168940689	0.817133327091242
0.8579188634023	0.623768000828815
-0.0995281713141916	0.0400580490365602
0.167491343545074	0.0957717465450085
-0.275812301576718	0.172270352047324
-0.150595577203486	0.0846101000896185
-1.34517344987909	1.30493517207058
-0.301752449829546	0.24109000028356
-0.332405706031864	0.197191197071968
0.292705271423985	0.208287962685883
-0.699463593417884	0.550021345624974
-0.445767625080859	0.343580568303221
0.779577821645029	0.721738922689751
-0.156833942117374	0.106502442794133
-1.06086090242617	1.10390271244021
-1.46822212103038	1.2954624335321
0.28524447679399	0.213229588002196
-0.152142519732026	0.0855184298074499
1.0608730785558	1.09096966972516
-0.136526942275697	0.0953534799371118
-1.60589601832883	1.22177280509874
-0.350922856642972	0.305766394695953
-0.376600962156477	0.400351392832997
-0.183089152718517	0.168230253089097
-0.459739569953914	0.541590568428405
-0.161135878863776	0.146364660921642
-0.718736106044386	0.732956230328744
-0.299346780965339	0.216808704444338
-0.256772156122341	0.126709297484477
-0.143021805021562	0.0998094393322573
-0.248984565632638	0.218896266151867
-0.610743697243715	0.664461853127615
-0.263679531588293	0.21909484951424
-1.52866239353025	1.70588564023928
-0.298422714548545	0.215698718365254
0.276425488245082	0.221714138161873
-0.338530356455491	0.201044757968707
-0.346329003919205	0.276335365251093
-0.112630985359162	0.0801593774299196
-0.0198789184424105	0.00951996099021713
-0.253810066890831	0.226336667288556
0.494757724972687	0.429975090767707
-0.243497829812215	0.121133434657449
-0.196649166282627	0.105229046498434
-0.0649851681725604	0.0286426741891286
-0.276966340311854	0.17259290193797
-0.296797735063093	0.133679757630186
-0.400375131161567	0.170476605274052
-0.539409546817678	0.335679898513505
-1.28038342887827	0.594844087212462
-0.795984680762764	0.519405976028545
0.164629710736329	0.100226582654157
-0.785581880534341	0.344477367088625
-0.790433983093676	0.432770530923929
-0.339062149389293	0.199477292886964
-0.797833794016707	0.439129423943837
0.027856097508623	0.0161052687050465
-0.790714677310601	0.431306100159837
-0.514632212206861	0.383208146004151
1.05137468952959	1.10444873257416
0.982055244347824	1.05094012483435
0.956769227728404	0.644266983700863
-0.801364774040968	0.75457473551441
-0.00550806012884872	0.00275388086346075
-1.19096001718009	1.21024901254421
1.75824491546354	1.72399177382739
-0.119733427558974	0.0705608702619268
-0.0664368742931524	0.028870250891987
-1.10221412137442	1.0472093172774
-0.408531279345136	0.230821320831798
-0.110716410282672	0.0643561992355522
0.0643871869364702	0.0413412917705699
0.797049821568497	0.744631742244816
-0.108536098693194	0.0627620289911689
-0.107936372326232	0.0765536279553037
-1.22845643368143	0.903042883130192
-0.669517523479394	0.769429350681985
-0.58783825834546	0.805501034148811
0.186320534646613	0.15496454848379
-1.30243789355034	1.74656274909295
-0.943219906732916	1.05854620012904
0.271064040565865	0.230894163526036
-0.901933766550485	0.747894021567996
0.437377411013105	0.30919081583283
-0.569449636306913	0.623083005421584
-0.55421719228938	0.34733464043779
-0.649495807204881	0.382581785954798
0.00225800633489294	0.000986299979928652
-0.0305816844238533	0.014340908663008
0.168029023631842	0.117688982319341
-0.677282307494005	0.469177343976155
0.352531665707113	0.176820716502781
-0.53818494485497	0.447817458636731
-0.801458682892539	0.526592988809855
-0.150979751015242	0.0839216327176038
-0.647258806239007	0.380659675012522
-0.154879814713381	0.0563823741489574
-2.02732406107682	2.09085481182798
-0.154154862490974	0.0566375929839067
-0.30795150008651	0.142162870142646
-0.255955167230334	0.126937545096257
-0.696861056369848	0.647378203357563
-0.52556727760428	0.203116503406994
1.23495960857486	1.01242315427285
0.923319072439513	0.785884313246571
0.164164509697856	0.0416462564743448
-0.788477075140039	0.587754029491391
-0.656783341546897	0.388517785427841
0.0220142436499661	0.0117933116779139
0.95006271363097	0.635657548194521
-0.340684464265366	0.202358375724856
0.43875753652979	0.307512361486114
0.543618746857521	0.312270431529174
-1.35204900942076	1.09799770760402
0.315874942727453	0.188295474072691
-0.651818413058748	0.382929360871796
-0.338028008773787	0.202077876656508
-0.616611268636677	0.501046794289734
0.151321097613426	0.0795237683030461
-0.1400819506754	0.078377570288101
0.808619080236849	0.753187235395425
-1.0981575384208	0.744265142915345
0.0324577181681603	0.018788739686465
-0.227715388219989	0.14766936027474
-0.112981579701833	0.0665930271643486
-0.401841163478302	0.225634191000355
-0.119638432036595	0.0701300542777004
-0.729083983878946	0.877085215669953
-1.11323740859262	1.30691808689663
-0.260859556568662	0.286342825491238
-0.431686801955526	0.482103599588538
-0.57138670339905	0.690249027374705
-0.131176682218969	0.0913312280640353
-0.342798572817961	0.296812354425471
0.402657819433152	0.32822273984455
-0.33279667577958	0.199169479256568
0.563852834643767	0.554147895677404
-0.309128463589941	0.332996645284504
-0.273704216502456	0.169557316192186
-1.0949675416032	0.746713678307044
-0.195723465898525	0.129712003919491
-0.239956964686444	0.119472020373087
-0.403910322078643	0.228965836743657
0.520860413487863	0.416548882161255
-0.16178070745322	0.0905827312633824
0.0143596360162057	0.00782060245101898
0.0154881274571545	0.00841556034283254
-0.544421003873959	0.342556708307297
-0.505641116658061	0.453206707073091
-0.418191016243751	0.233880815111448
-1.03930087384921	0.805624165944799
0.143034900351395	0.0671065846401669
1.61500962654846	1.12955402639847
-0.339455636988133	0.202475341504377
0.544091839005776	0.313065532183632
-1.16643400493817	0.661513799260745
-0.462058121921633	0.355091427247476
-1.4709872720697	1.01377344095213
0.152083263400118	0.0728913166515136
-0.110181368314442	0.0640223292420241
-0.241193660305825	0.120474605714752
-0.654915952281196	0.384652321114334
-0.472510313052827	0.311535696337745
-0.0604514342883703	0.0263407702904701
0.347304554048028	0.190928938323748
0.612510585430773	0.458147486990289
-0.271110526914655	0.169103097497895
-1.64943463294386	1.6799352012656
-0.937439283694897	0.678286213832962
1.10095196550456	0.827241505857255
-0.204848379327942	0.136596574101133
0.779054884734145	0.461520860845055
0.850679335557138	0.760787250428519
-0.0453034422959436	0.0289727443086095
0.148517523934392	0.0779579571624533
-0.2544962010191	0.187207404337168
-0.939361473093689	0.677698475231204
-0.00664960489970869	0.00328281059814043
-0.439196071885244	0.331982168722278
0.018346626405718	0.00983885858567727
0.0420844437797356	0.0241556688386959
-0.428752828744716	0.357649748041535
0.0616386726074689	0.0376037225555923
-0.0568404729357565	0.0356417063461235
-1.18370460678512	0.665181529788657
-0.6562032574035	0.388892379336829
-1.8211417211846	0.751312028200316
-1.13345886337206	0.34828321496857
-0.0644279085888643	0.0281645027679306
-0.170484003401632	0.156392938433177
-0.400676859150526	0.379000644840463
-0.628807056474027	0.755164993668072
-0.523056626206049	0.426539490312166
-0.537177209419718	0.447131104664863
-0.381403657743489	0.328953701264896
0.384416633250745	0.317717652742094
-0.352816636694528	0.250966400902307
-0.237729879876729	0.1539422564256
-0.292478649405577	0.212210129558176
-0.0585881260780501	0.0257772170695736
-0.977808081176953	0.485630585159346
-0.240823570431757	0.120128501052964
-0.145790329133425	0.0821752881671657
-0.788914634655921	0.431868894322753
0.608805332902391	0.320326920749647
-0.799632401565093	0.441989555573119
0.723668198367319	0.588690863311081
0.171488270864315	0.110737912698342
0.13659064890545	0.0592974663459694
-0.00424650257301937	0.00211897918612919
-0.10418327661531	0.0415528398617493
-0.148656650294664	0.0840974482599823
-1.02985304618648	0.417366865086498
-0.189297176917985	0.0999231139294808
-0.59992359230172	0.284521135186024
-0.285980116353772	0.23597856351848
-2.29157379521593	1.17201852377332
-0.498474320171934	0.262943292912914
0.611554734157982	0.455135170880605
-0.617214662001483	0.302128791616088
0.337486345270719	0.186271903157627
-1.02902587576124	0.416486411153987
-0.0995695005424182	0.0402661500676422
-0.314824536786712	0.146665958986666
0.656488970355633	0.461068664209943
-0.654051555424798	0.384673611484207
-2.12865686765228	1.62180153499888
-0.328449005988843	0.150387021574623
0.15101966314415	0.0795421811978091
-0.39341936124574	0.166446191090308
0.664228257408103	0.213358767976231
-0.409415252514099	0.173082594925053
-0.498019796189259	0.262950547997077
-1.16913118745149	0.668649743957299
-0.194161867954968	0.129913375457845
-0.496263365528073	0.261653052432224
-0.395991800617787	0.168840395606477
0.312182162190457	0.185379627423313
0.860239357957583	0.626816141481066
-0.697694822823261	0.552181485410147
-2.11430697240754	2.28715315818361
-0.0278098620751946	0.0131663932694084
1.33368729890206	1.36291606050235
-0.158488679171333	0.058060458869062
1.90231811060905	1.60812520607719
0.165809299343432	0.0936028884710699
0.0171523462728163	0.00925059307577895
0.155534222718578	0.0883370102044378
0.495767020685892	0.30892615212375
-0.914106959632	0.749374404141509
-0.508363439709646	0.383491410984716
0.139948778182288	0.0667791415678589
-0.669017534897268	0.46061283400193
-0.273919095954728	0.170795175126252
0.712851056820995	0.465384072856643
-0.199647244055305	0.13235119629008
0.858858784741529	0.625875821682621
-0.78858441377806	0.585945241518397
-0.927322008230705	0.66469729581035
-0.665430359749998	0.455300516379209
-0.114543082590156	0.0665936638300042
-0.394681407354339	0.311065398682933
-0.0385079176309607	0.0246361490120044
-1.13345886337206	0.34828321496857
-1.51425919312654	0.549483381615373
-0.227212618004882	0.0750820913651819
-0.800168735125447	1.10586888936812
-0.688574187505204	0.990640438409063
-0.597428048735928	0.615895998714379
-0.555053196332981	0.573134699340201
-0.242495191934393	0.176171184810669
-0.792234730101633	0.790702132773329
-0.538079677078343	0.333565073774285
-0.19716676220193	0.105179644361874
-0.95217800452572	0.587318480958423
-0.156136356868874	0.0567119549931633
-0.254962465149778	0.186428799693484
-0.505731094274854	0.376163362402801
-1.24639117081689	1.14034613044251
1.12112611028522	0.990664201855183
0.651789477172378	0.454997578558082
2.40328313512593	2.04582601559222
0.896397698907008	0.4905095537544
-0.0328203688696256	0.0153680916225703
0.136478044698457	0.0526983179797196
-0.400990851322735	0.171259979966006
-0.660210313792624	0.388154111937897
0.269679689452333	0.230308756784261
-0.0405926670519957	0.0189067256202393
-0.286278076025692	0.178678498574862
-1.5154277743567	0.550652304944458
-0.251499119116938	0.125801422783818
-0.058132192985456	0.0255977319516702
-0.239640519166111	0.155146096395374
-0.107420814251866	0.0432117320829755
-0.97900136103569	0.495018827323948
-0.060347988669225	0.0265478344077343
0.350759961089567	0.176144578760639
-0.152509336205892	0.0557203112776917
-0.312582498230068	0.145883025775912
-1.98679922322912	1.39257292057776
1.45875777005853	0.49161470941807
-0.0374815745435634	0.0175884481417263
0.357118726446403	0.180663110940226
-1.28038342887827	0.594844087212462
-2.48542716264002	1.40620174153144
-0.609038730559404	0.296464007567755
-0.10872641036116	0.0438528865909718
-0.00465946912269817	0.00234130710990599
1.03108891614978	0.395666438305109
0.549863623647967	0.316859853539821
-1.09274387304306	0.734998280620407
0.151340784202288	0.0796567105501289
-0.0409231391045266	0.0190692116518318
-0.39564106130251	0.220523295973069
0.338005365534889	0.184445487586302
0.159831760474855	0.0907078379928198
0.350324992286081	0.175618011569053
-0.990313845390926	0.504416663574523
-1.55322262083702	1.46106444544226
1.22724541559992	0.999303901815335
-0.104356276003579	0.06080444029121
-0.459114371581896	0.302108224317106
1.03783609384751	0.397011482932924
0.950533175034748	0.638557686504676
0.594402044761009	0.311500572820989
0.799712837344295	0.621977459157151
0.15340549474769	0.0735678943053625
-1.3507879555601	1.34505707913013
-0.480146580729793	0.243093404912366
0.418474701965182	0.312871489633831
0.473241482787581	0.319266873939436
-0.245931758865397	0.203709511286712
-0.391974542774484	0.309089623891632
-1.06026510170089	1.10629309717803
-0.3906307935447	0.164828595897965
-0.343693528937163	0.0996288364739292
-0.184904530147069	0.098610960593906
-0.0331626469213068	0.015527459273532
0.142201843151411	0.0675025680079288
-0.386784481527531	0.364213084167388
0.395502033925554	0.321945299242632
-0.544106047277967	0.336798965929561
-0.305462495529761	0.139835552260291
-0.400800741353283	0.225566150155114
-0.147413525125714	0.0541557128042683
0.0365305338762377	0.0211152627093274
-1.10661516067293	1.06287056041722
2.90899984713195	1.98030607559386
-0.771446747272178	0.344605745740912
0.154987443767022	0.0818803769819398
-0.0681997880206476	0.0298746745623467
-0.191584674011339	0.102720604037769
-1.55714243556202	1.45993879556448
0.0430313969536979	0.0246733706415459
-0.525335160168346	0.204442902704607
-0.346167140140093	0.100935083264355
-2.29785250045213	1.18409788658414
0.446585379791805	0.183721184032664
-0.470745974657285	0.308380976974755
-0.405371619690847	0.173316494832004
-0.164670754823175	0.0598730481364037
-0.0704173767275576	0.030833618906223
0.533258771851454	0.438231718333609
-0.281174905669566	0.173562086439463
1.38906134132561	1.05858343577847
0.547685497166206	0.312860866943955
0.00239108206251321	0.00105032572370597
-0.503980707573383	0.265163684166498
0.149757019375352	0.0715804774522936
0.392138036860843	0.178635963941375
-1.17961029345291	0.671329585647653
0.143979486995189	0.0690574325201522
0.142470070524425	0.0554450529408985
-0.538813598800782	0.206601156879365
1.03674127319984	0.397936005636489
-0.40665431902092	0.173716593263974
0.145837129647114	0.050508335078259
-0.313390293725552	0.14520664742384
-1.32437951580468	0.834211104383695
-0.249622832980772	0.124832818996875
0.4926540376283	0.305189266778523
0.141493790786818	0.0550477805246781
0.438918428712331	0.179782791488228
-0.64553347130276	0.379232966243828
-0.106086919490538	0.0619333751988176
-1.47750838954754	1.0342575138984
-0.804357146866401	0.685129103394126
-0.789599744621375	0.432161672018614
1.06227051800425	0.521411756477986
0.793994139106513	0.476412321201316
-0.525478080321758	0.204331560252006
-0.334544429536987	0.197938320005002
0.142178834053488	0.0550545122756059
0.148013134666541	0.0705751968009796
-1.33776043739624	0.84413242318144
0.64774493266708	0.456652498390737
0.602884794946917	0.318365797318871
-0.00790556563328552	0.0038922018929853
-1.16867706242406	0.665203149311039
-1.17777330385189	0.667594412955208
-0.506997303492033	0.454427318767554
-0.796816994799234	0.59951071649076
-0.393056545648239	0.263487949770576
-1.15846131215594	0.989142808370884
-0.795381492366774	0.598334318685184
-0.440593492158286	0.33351896763743
0.422809097620905	0.318434988200649
-0.334475011898024	0.199542526115625
-0.228908204041434	0.147636615234733
-0.342085910020853	0.243433392706958
-0.461433964616896	0.305935535605741
-0.398431407932153	0.168029730762269
-0.457085771225069	0.301741057266165
-0.928773302935142	0.674273605740849
-1.35283489685593	1.10623617789843
-1.02734963908132	0.419609489752489
-0.733892568765604	0.254667815208945
-0.788574707631741	0.668971306313196
-0.186264632306477	0.0988333402480698
1.61916195318116	1.14447241835695
-0.986951619116858	0.497331077496334
0.1500643212047	0.0518518782937859
-1.0939212302955	0.740881540386382
-0.792228543698156	0.433907255832597
-0.406492576180718	0.228827209833299
-0.154154862490974	0.0566375929839067
-0.775081795193654	0.344213681745633
-1.68814267586727	0.96758690827548
-0.0616827643222681	0.0270712332620394
-1.03667947354179	0.419936403849192
-0.152027874499813	0.0556812356537209
-0.150759873500952	0.0548743632663816
0.164495633504715	0.0495456538908044
0.048951124602925	0.0297641374737844
1.03922988577136	0.400124112296972
0.15753288080867	0.0599552529823242
0.796683828170182	0.475925371049301
-0.460200383130768	0.304138532593064
-0.324170875214425	0.149712560842608
1.09010331390629	0.672255101669136
-0.547243503484246	0.34617833363682
0.438341254343122	0.309757497924758
0.390703975196466	0.299050239064861
-0.766355098817268	0.340994356194198
-0.525208018970066	0.202582006960078
-1.27930512577485	0.595095920645693
-0.220404038835599	0.0729168656391525
-1.02651500719777	0.412458970643197
-1.52870746992591	0.547176991062459
-1.50416998218108	0.773518831493874
-0.513483584358143	0.196592057047193
0.339709706849044	0.186363489441915
3.03822503787278	3.91102464820298
-0.528510789511083	0.205441902241372
-0.309638815232146	0.142800763435162
-0.647769154515354	0.382132764682343
-0.102221048657667	0.0411285428770169
-1.22400830060405	0.909953585129405
-1.18554766707344	0.667517949336869
-0.344718928168882	0.101170101330633
-1.17460287591093	0.673295250749659
-1.85282668579318	1.17937643768039
-0.155108190251964	0.056718694500787
-0.723081962585608	0.252158286122281
1.33350574477912	0.592482011199862
0.544968401856128	0.313792361374969
-2.64192589545726	1.65946983721136
-1.04239514655831	0.822789525141618
-0.0754378071597478	0.0326975336230983
0.521982205410082	0.18999785131124
-1.09668841686891	0.751004344517519
-0.315869487139324	0.146841283920717
-0.406675325032305	0.227384890046454
-0.679898020568808	0.465920043557918
-3.15549599922541	2.69428084588711
-0.199664997614676	0.10617243499286
-0.196952316096197	0.131090936955628
0.370434062705315	0.316667115389941
-0.629902830037415	0.563850030910928
-0.0969146126971413	0.0388127740036844
0.362226820483078	0.181857931925501
-0.550317647565629	0.345620039027519
-0.395991800617787	0.168840395606477
0.178245563872176	0.114805894891636
-0.530937280824717	0.206881451169038
-3.753325756616	1.50774999821741
-0.15305394996009	0.0561503783181607
-0.222695068591131	0.0735779431251597
-0.345896359412486	0.100748738523468
-1.84058503146372	1.18029718433957
0.145442123430778	0.0497917734657738
-2.46855914581508	1.39647743415768
0.6516990688489	0.454662288869487
-0.521857859949803	0.202488147552731
-4.00721185392135	1.75915132993822
-1.13453748317733	0.348386420481102
-0.623203514518812	0.152886975065438
0.0151618364722457	0.00821108440315576
-0.622314221648084	0.151717296808394
-0.147965038499512	0.0540019765178754
-0.524131265471028	0.202505065683573
0.140293953058234	0.0606530657355367
0.523670606978157	0.190861849447837
-0.350956322477847	0.28001138323196
-0.622909898335834	0.50400819464478
0.0687768405803888	0.0458482780199402
-0.189297176917985	0.0999231139294808
1.4508364313084	0.906099028039479
0.148448238167646	0.0513076201238473
0.672365927723615	0.21584689717513
-1.5116278501578	0.543160476988583
-0.229722716539759	0.0759270068257283
0.956965590292449	0.254225160809089
-0.230012458515889	0.0753532621356428
0.160510100025773	0.0484285557089307
-1.13453748317733	0.348386420481102
-0.225400119271266	0.0740149655022009
-0.530937280824717	0.206881451169038
0.158321872008447	0.03054890339565
-0.666079539723044	0.392270638131061
0.823243467793322	0.353586596514582
-0.776596766990149	0.34470048142242
-1.02734963908132	0.419609489752489
0.160033282133955	0.0407505791232416
1.46021680212861	0.488909487893217
-3.753325756616	1.50774999821741
-0.62982953293132	0.153685936034785
-0.559668090122356	0.503342408039539
-0.259607098523199	0.157693314508802
-0.581956083635911	0.42395833267741
0.141493790786818	0.0550477805246781
-0.992573404614983	0.505703885908064
0.859721683501917	0.626268059101576
0.180046343352087	0.137640019086045
-0.553930595112264	0.490750325753424
-0.317551753904181	0.255520517551097
-0.549987923180853	0.343129579176084
-0.223657592436586	0.14369050181672
-3.45656556517559	1.24745399482219
-1.81672391556845	0.755139764558434
-3.75968054728691	1.5137460158881
-0.351639245332709	0.102368245698131
-0.623695063230009	0.152227657420805
-2.07668472925752	0.970984741633118
0.14605644861433	0.0505224990642865
0.951547874681655	0.253003737941398
-0.218997449237333	0.071516753358303
-1.13384470910725	0.346451671342812
0.139171972908913	0.0481781540681678
-0.623203514518812	0.152886975065438
-0.282125760300143	0.175894602865515
-1.79541110556836	0.406108159138969
-1.52870746992591	0.547176991062459
-0.530940356451135	0.204656524383696
0.67114469411031	0.215490092261742
-0.314527763921968	0.145707404519845
-0.00958094279049807	0.00471008759127202
-0.347211801447539	0.27405995690731
0.0449627097566126	0.0357087099711082
-0.0437514242183032	0.0280171091852311
0.669700188276656	0.216836591054402
-0.344991553778112	0.100675971877677
-1.79541110556836	0.406108159138969
-1.13599688789171	0.349486711323194
-0.630732478411191	0.153857382309032
-1.79541110556836	0.406108159138969
-2.57450915234243	0.686119713628322
-0.344718928168882	0.101170101330633
0.157056474373317	0.0303984095560313
-0.343693528937163	0.0996288364739292
-0.344718928168882	0.101170101330633
-1.79541110556836	0.406108159138969
-0.349006134070706	0.101786523630064
-1.13599688789171	0.349486711323194
-0.342091382580869	0.0996589886024872
0.166760634916841	0.0427859605507963
0.157056474373317	0.0303984095560313
1.45641688249062	0.4860389300833
1.03256922990721	0.39387722027159
-0.624582031923329	0.153403426322781
0.956487790679547	0.25443416057231
-1.139798321011	0.349782272227464
0.816944791679529	0.35159454095763
0.1588995276689	0.0306480879354901
-0.342366844950387	0.0999187527730966
-0.724489220764226	0.25507339261849
-0.39060269253526	0.307803811734478
-0.493834318256103	0.259306282665875
0.147142160420391	0.0570953634191739
-0.725669351344178	0.254938132698188
-0.153808610141153	0.056307890723225
0.250985533170401	0.238754940597924
0.270357467625291	0.229369207116486
-0.67335504812901	0.738186896391706
-0.734068613425921	0.846030974595172
-0.230752351284163	0.194921097174533
-0.880383076941462	0.878652436952709
-0.630732478411191	0.153857382309032
-0.163933664752397	0.0592921832297366
-1.04070209608067	0.414809008195235
-3.46056115971004	1.25132587477871
-0.619634069394611	0.151716324023864
-1.79522376365631	0.406159618358576
1.46132136209316	0.489990587090443
-1.28249262659451	0.590053788876711
-0.105559646066601	0.0424148224102089
0.152302890587119	0.0584167497035455
0.446585379791805	0.183721184032664
-0.277262697444564	0.171343438748421
-0.0454288422577678	0.0210529003457369
0.91835989955629	1.0184100787744
-0.826543297209451	1.11759588643327
-1.51513633099547	0.548077569901583
0.662786179108504	0.213105829711844
-1.02203827315684	0.413518890635416
-0.623695063230009	0.152227657420805
-3.45763611849403	1.23653939858857
-2.0710366946981	0.965136621750708
1.9613717712777	0.470903909509444
0.162378104800928	0.0310834456145106
0.158321872008447	0.03054890339565
-0.394705602565663	0.168162718287586
0.956487790679547	0.25443416057231
-0.343542423818443	0.10090975164114
-1.81672391556845	0.755139764558434
-1.14235343443303	0.349148050508889
-1.13238101744968	0.345367402292769
1.03773179442616	0.400174057999191
0.157631418222578	0.0304971390385879
-0.724489220764226	0.25507339261849
0.668257563820224	0.216585127844403
-0.719426085672194	0.251004789565613
1.04160966012263	0.401916952457565
0.668257563820224	0.216585127844403
0.954295652698446	0.253211023347385
-1.51279643757503	0.547771213649107
-3.75968054728691	1.5137460158881
-0.611759071433406	0.299693807756595
-0.343542423818443	0.10090975164114
-1.13599688789171	0.349486711323194
-2.57393942994101	0.680804613621979
-3.46056115971004	1.25132587477871
-1.13183121902567	0.343499645696538
-0.31009708070067	0.143643851282101
-0.386013169553935	0.303269206775849
-0.795803652902643	0.677670026322392
0.527625536835698	0.193638734585991
-0.343542423818443	0.10090975164114
-0.312745109738133	0.275608667540502
-0.567340663105531	0.588059677112062
-0.428652365499478	0.367877141721215
0.188889010199082	0.148817086099515
-0.569252740301004	0.404246756689243
-1.84557948035874	1.19234470110764
-0.188025810765838	0.125509669186859
-0.283444203263923	0.233983822332552
-0.191280823833562	0.101751691964306
-0.489119477698417	0.41183023950139
-0.125550028851831	0.0732781336796588
-1.13453748317733	0.348386420481102
-0.224047591747806	0.0740771018889209
0.157631418222578	0.0304971390385879
1.06760251530047	0.525861386865443
-0.771731103251104	0.34418423749677
-0.503980707573383	0.265163684166498
0.790592741925852	0.613132344528217
-0.307857810110821	0.142953961858063
-0.458877470265298	0.301710492444293
-0.314727866377191	0.145577165796566
-0.724261839758342	0.252034414225576
-1.82049553786231	0.755751724984709
-0.778180638460061	0.348430300008537
-0.774797596745505	0.346403427121627
-0.724489220764226	0.25507339261849
0.158321872008447	0.03054890339565
-1.28294942166313	0.590802370027177
-1.79522376365631	0.406159618358576
-0.623203514518812	0.152886975065438
-1.13345886337206	0.34828321496857
-1.09256681103506	0.738122883798469
-1.51513633099547	0.548077569901583
-0.157194205538268	0.0569442526457296
-0.249698797598927	0.125061037313346
-0.228575803073719	0.0755878378969254
-0.400375131161567	0.170476605274052
-0.719426085672194	0.251004789565613
-0.344718928168882	0.101170101330633
0.155236989444065	0.046931522021964
0.156634201293332	0.0476265114655575
-1.50774935680936	0.539484760175277
-0.238093399959811	0.118854396479291
0.167125285140998	0.0422176691573725
2.10963356570532	0.953988566340599
-1.80012731460838	0.40572439661199
-0.98126007376761	0.493856900338242
-0.783717734794379	0.663038749146109
-0.427276780826969	0.365719112825399
-1.11274283924772	0.752910978052123
-0.657140581076001	0.389344556006656
-0.516791410356137	0.19899171783575
3.63643152651936	1.45439996443785
-0.898873230612635	1.10103192951258
-0.914188194861505	1.1454976228501
-0.109402384502335	0.0643788706727489
0.0188681611546797	0.0102064698317892
0.168287224187236	0.108653632303722
-0.699048750070672	0.551164734903975
2.35867474636275	1.20949780775728
0.146698829801104	0.0441519568201007
-0.991281042715763	0.504343648879804
0.536735803605555	0.194401525839549
0.1401633684631	0.0608115263243824
-0.406492576180718	0.228827209833299
0.17885600835248	0.121432095362513
-2.57936018855439	0.682903044011602
-1.82349417803259	0.758718061977533
-1.1412609968196	0.35088828313214
-3.45549576669823	1.25034460620717
-0.773489905113118	0.345369609584891
-1.83053444560278	0.755559929122587
-0.769698010049911	0.341769185120482
-0.724489220764226	0.25507339261849
-1.68607081390325	0.978924588533272
0.14653019519208	0.0570865605628647
3.93021390388131	1.74972824816439
0.660154272128366	0.210687849785302
-0.624582031923329	0.153403426322781
-0.623695063230009	0.152227657420805
-1.02826904072658	0.414339349171287
-0.221961803322893	0.0725421592346928
-1.51279643757503	0.547771213649107
-0.989347254003255	0.503518651055263
0.668257563820224	0.216585127844403
1.8219271179281	0.726018448121517
-0.625469527156518	0.152450282737538
-0.724716701361779	0.253084880212333
1.03515111598185	0.401690296345324
0.172747062485762	0.116609033599061
-0.234029832685767	0.149538441243228
0.359936464366331	0.180825513243172
-0.400375131161567	0.170476605274052
0.132651636866963	0.05119619110588
-0.0599736137601478	0.0263087379336249
-0.34775324394272	0.304151148726716
-0.452082031042122	0.529587818425585
0.373338301049829	0.31193246571791
0.83740777454667	0.861066134809553
-1.36331965631095	1.73832755100685
-1.02878915212886	0.416662754474551
-1.139798321011	0.349782272227464
0.662786179108504	0.213105829711844
0.525131259349727	0.192999914873943
-0.0330085206219181	0.0154560610748962
-0.336093067491408	0.198946680982186
-0.656783341546897	0.388517785427841
-1.98319241547114	2.50269673355605
-1.81789801192182	0.755319680676232
-3.09067833077447	0.953722139535711
-1.51309151623221	0.544844714826084
-1.52204266633328	0.552410388888373
-1.27930512577485	0.595095920645693
-0.613998601210282	0.298525444371577
0.166394015894957	0.0421995715384941
-1.13453748317733	0.348386420481102
-1.5479967666185	1.4586233322655
0.524938478553276	0.192889918548823
-1.51789299749163	0.543638200318253
-0.731306141239577	0.257130066262645
-0.0913402148514143	0.0366757465217304
-0.975549562018879	0.485330563530698
0.439104823354277	0.180243926411834
-0.408598579744079	0.174098316850991
0.433479902651479	0.177093447889082
0.160400851667561	0.0483731984970343
-1.1412609968196	0.35088828313214
-1.27397293855583	0.586625042370409
-0.22584984896384	0.074068293460933
-0.805695773908944	0.439322857922467
-1.09507160312927	1.2748920567055
0.0726590643294506	0.0488684123345032
-2.24034658233294	1.84167461827902
0.149807995223301	0.0722858354339739
-1.02757122770041	0.415639038598866
-1.32947907246036	0.838883657786726
-0.98158009050242	0.961246719039086
-0.884577789874772	0.795706017877714
0.587091280436176	0.418806571775801
-0.44196097616865	0.341041128195891
-1.03133448170279	1.12364786582083
-0.180982623182497	0.0953979119048278
-1.51822461727644	0.546437377819713
1.05859322316798	0.522130093605929
-0.768678966005281	0.341072860478295
0.145372687051149	0.0628577199805685
-0.723310015883846	0.254344357266946
0.684534862790765	0.326199707602974
0.134903959436578	0.0524653213869835
-1.00159781988145	0.494454954344166
-0.607224866928403	0.293709985673179
-0.784332473666872	0.727738598188981
-3.07968455989498	0.963635125148535
-3.07968455989498	0.963635125148535
0.170907934848088	0.043117938222106
0.957871568697817	0.254705443855955
1.04181404901781	0.404808808438391
-0.721783751651319	0.251597360149973
-4.57738095318249	2.56175220273932
-1.16135830065611	0.655375118224002
0.856529549298979	0.624736794722739
0.527819283801915	0.192080673860136
-1.52768929345609	0.536932992750744
0.154050490761234	0.0462665288164102
-3.46675199587728	1.24010918132729
-1.13238101744968	0.345367402292769
-2.57450915234243	0.686119713628322
-0.768678966005281	0.341072860478295
2.75863284516271	0.79267969100207
-0.624582031923329	0.153403426322781
-2.06763090792947	0.961174063939687
-1.13453748317733	0.348386420481102
0.792640559368433	0.472704555803794
-3.09067833077447	0.953722139535711
-0.996593986469406	0.503649140555499
-1.55610696618866	1.47136559898027
-0.689828603898447	0.477288392588466
-0.315628394179968	0.14575477149633
-0.733087134115745	0.253661993205749
-0.159513824343925	0.0584877561943233
-0.109099198836894	0.0440391059160999
0.427811875679065	0.418061422522832
-0.608635972414943	0.794955125986082
1.29000212478481	1.8483681209809
0.358241411390009	0.319472912302777
0.0585563127862537	0.0376092814414414
-0.121069795025797	0.0859400366438423
-0.576330888575594	0.4155116289085
-0.252327246816693	0.124963733727427
-1.02902587576124	0.416486411153987
0.15625990713939	0.0473604698624763
-0.343542423818443	0.10090975164114
-0.630732478411191	0.153857382309032
1.96025897070573	0.471212877436839
-2.57450915234243	0.686119713628322
0.156845715679068	0.0472965888265206
0.149813045042582	0.0716086678681812
-0.251065266194051	0.12574294419594
-0.0743534468894619	0.0464222241085693
0.157631418222578	0.0304971390385879
-1.13453748317733	0.348386420481102
-1.13384470910725	0.346451671342812
3.27475268127972	1.11306798677358
-0.623695063230009	0.152227657420805
-3.08471213635442	0.965314084973475
-0.984045213344661	0.498781634798496
-0.618737201948444	0.150559036504414
-0.619634069394611	0.151716324023864
0.168213647836342	0.0427717891925395
0.157631418222578	0.0304971390385879
-3.07792320695436	0.955710221735997
-1.5154277743567	0.550652304944458
-2.07578315473008	0.970788456683427
-0.623203514518812	0.152886975065438
-1.79522376365631	0.406159618358576
0.957871568697817	0.254705443855955
0.157631418222578	0.0304971390385879
1.45606145484126	0.491057209685398
0.157631418222578	0.0304971390385879
0.268609358674888	0.276358032251359
-0.860064632910508	0.979595502120707
-1.25395870261164	1.16485410290824
1.45461172869713	0.491065821848087
-2.57450915234243	0.686119713628322
1.45606145484126	0.491057209685398
0.324664519558618	0.358676155556929
-0.412233817103271	0.438306036125199
-0.741299725008822	1.33320591657461
0.0292326152073398	0.0292382861531728
-0.381730801939076	0.356912257364899
-0.790950212014164	0.436604470749783
0.412284882019153	0.411118645698094
-0.383671309900997	0.409011784446386
-0.323009833976631	0.324871167065874
-0.26984440211994	0.219046523628219
-0.506277599131458	0.378480217515058
-0.224705720169011	0.0733188937341721
0.87453268763311	0.632920984765193
-0.340869162586215	0.0994476453021484
-0.221755533699252	0.0734151122801483
-0.723310015883846	0.254344357266946
0.452228257881198	0.183697939413508
-0.19052072494417	0.101357819387652
-0.983077627122339	0.497551274847704
-0.337781402232491	0.201366139926052
-1.29690063716831	0.591073168964547
1.4531651131754	0.486692367864221
-0.221549116887011	0.0733586886722837
-0.526087218839993	0.201477206051432
0.158321872008447	0.03054890339565
0.167846042512584	0.0427707788849589
-0.223841895221851	0.0734441381837248
-0.224047591747806	0.0740771018889209
0.13970263705097	0.0541559295387953
-0.773826407262892	0.34645590203316
-1.51396593073936	0.54893460092185
-2.47698578362819	1.4193238411886
-0.0827020523559091	0.0353868862691675
0.140258032306573	0.0485578964849915
-1.79522376365631	0.406159618358576
-1.27822758284302	0.594160090070886
-0.396274957884838	0.166589358057386
0.689859582303827	0.330466967885979
-0.532019147491516	0.206951811605764
0.159003857627083	0.0480265128738231
0.14605644861433	0.0505224990642865
-0.79088470709578	0.433553123835375
0.165807860974389	0.0495322876422022
-1.02598754897463	0.414743296101028
-1.81789801192182	0.755319680676232
2.12041844499872	0.96077521211255
-0.724489220764226	0.25507339261849
-0.152509336205892	0.0557203112776917
0.277498294883434	0.214783993360478
-0.0819899439677974	0.0497890455419177
-1.1990230220513	1.21418359425739
-0.651718753314836	0.386623314531018
-1.0209005117101	0.412125725713164
0.29775999369275	0.2119240124725
-0.606897756476995	0.754925655180547
-0.908303383772455	1.12823311450196
0.602118815193334	0.550739606572696
-0.0844355309644227	0.0607303008405301
-0.102874881082616	0.0728565779048461
-0.486556239995413	0.413052548501559
0.147324393001185	0.0869996193892166
-0.0145425282357859	0.00955320381697572
0.14694660280189	0.076588611314248
1.14122806366795	1.26132089379996
-0.524944639701015	0.578440290204575
-0.798537927283713	0.60731186650038
-4.00955296185908	1.77903502642103
0.168213647836342	0.0427717891925395
0.166760634916841	0.0427859605507963
2.75606918885066	0.793508670212093
0.158321872008447	0.03054890339565
0.159324697367292	0.047751336687268
-0.625469527156518	0.152450282737538
0.168213647836342	0.0427717891925395
-1.03302388557896	0.421793611703792
-1.79522376365631	0.406159618358576
-1.13453748317733	0.348386420481102
0.157631418222578	0.0304971390385879
-3.07880362658843	0.963967696821091
2.75606918885066	0.793508670212093
0.157631418222578	0.0304971390385879
-2.57393942994101	0.680804613621979
-0.624582031923329	0.153403426322781
-2.57507908676252	0.680490038595289
-0.351639245332709	0.102368245698131
0.161791665747346	0.0309826798878848
3.27475268127972	1.11306798677358
-0.0835334642292511	0.0672464708131544
-0.162183631706298	0.125350407807095
0.651857159153707	0.583085642368038
-1.51659726126421	0.549787550108874
-0.348742022466301	0.10134765260469
0.168395066223425	0.0502982738562411
-0.563906206752058	0.87790059829692
-1.1587698055685	2.28357356258228
-1.05488749699584	2.19500183838582
0.492676613438611	0.804653308037701
-0.182042650299185	0.142015742761329
-0.185111969334228	0.0984427233282706
0.115471108256018	0.0915813455057039
-0.146113735435014	0.135947993041622
-0.219831080057606	0.226758799264726
-0.448521749550941	0.554308788668969
0.0740763625483236	0.0497699697011877
-0.0174699073039732	0.0114227460367076
0.194606470443066	0.154467705595724
-0.281221542453505	0.30818335015263
-1.51279643757503	0.547771213649107
0.952024225447137	0.254550165942042
1.07872487785125	0.663111100710666
-0.339412770165686	0.0990063673017856
-0.351639245332709	0.102368245698131
-1.13453748317733	0.348386420481102
-3.46056115971004	1.25132587477871
-0.724489220764226	0.25507339261849
-1.27822758284302	0.594160090070886
0.664228257408103	0.213358767976231
-3.0805660074572	0.955215233063362
1.3257228169597	0.589995290446957
-1.12857426265837	0.342992598242117
-3.07880362658843	0.963967696821091
-1.51659726126421	0.549787550108874
-0.61220795871417	0.298140458409029
-0.216459792863705	0.0716410349070388
1.32260181688083	0.586803187489232
-0.982157954171792	0.491111760458559
-2.29026519133476	1.1905219179738
0.691672786692739	0.328121208658672
-0.155787000522986	0.0873508732403525
0.379418365214252	0.171102169452496
0.160510100025773	0.0484285557089307
-0.62982953293132	0.153685936034785
-0.951699849526947	0.587677027841418
0.137454459523076	0.0535033340679325
0.144616061493927	0.0500253520513714
-2.57994643475892	0.682934722662173
-1.13599688789171	0.349486711323194
-0.350191590281639	0.102610881125832
-1.13384470910725	0.346451671342812
-1.03439373371663	0.41922059845391
0.157656028229457	0.0474930202178279
-0.988381267853531	0.501509114486411
-0.524131265471028	0.202505065683573
0.525131259349727	0.192999914873943
-1.84701457462129	1.17421240697303
0.52210596591955	0.190372011480154
-0.0635463920535368	0.0277975053684857
-0.40602956743015	0.172684013481026
-0.721903010717535	0.251442136891875
-1.81907301713506	0.753429338745028
-0.53335946692924	0.205976990726238
-0.229939398443748	0.0755200119244061
0.442527379761808	0.181395623041047
-1.17052784519447	0.666029406369374
-0.773489905113118	0.345369609584891
-1.84009132871608	1.1749943903946
-4.40341639715528	2.29217489378911
-0.525102425077991	0.203568491059548
-0.347343651948862	0.100521829573696
0.820722403608623	0.350149907158407
-0.791779490251011	0.434953169027354
-1.27715079908349	0.591856388497322
-0.924886430805908	0.660226929098473
-0.0749677727777193	0.0323839828201315
-0.993542096871066	0.504527570705398
0.668515656075028	0.214587613419762
-0.622314221648084	0.151717296808394
0.170541995167361	0.0433725109405701
-1.82349417803259	0.758718061977533
-1.50048064516097	0.782997854200826
-1.51552740493151	0.546707354167397
-3.07880362658843	0.963967696821091
-1.79522376365631	0.406159618358576
0.442978582599905	0.181030757263294
-1.83508946312663	1.16317055501255
-0.247903017866678	0.124303107106591
0.525131259349727	0.192999914873943
-0.78050382640299	0.347499428101829
0.527670556799007	0.190721326778997
0.156422543419747	0.0472980918883861
0.169448715067567	0.0428107247727095
0.166760634916841	0.0427859605507963
-1.8193202809442	0.7576566965492
-0.724489220764226	0.25507339261849
-1.13074478212004	0.3459795805111
-1.84150649712923	1.18063614088228
-0.98598220863811	0.498754751168081
-1.51425919312654	0.549483381615373
-1.03099524421992	0.416630331572939
-1.98765666435861	1.38218150587922
0.151872149221307	0.058732396864501
-0.402275069733286	0.171940950121467
-0.0730844440841165	0.0316983613183403
-0.405371619690847	0.173316494832004
-1.49303214997585	0.77905623883519
-0.559000462671222	0.350490772050677
-0.153324961474254	0.055783542657361
-0.10557871918926	0.0420882712676607
-0.225194933696446	0.0739396270147115
0.526282024246712	0.193593170961761
-1.28599957284154	0.599485299783715
0.398473764112703	0.181250827287522
-1.51552740493151	0.546707354167397
0.00563591991157413	0.00324924308288806
-0.79683703050193	0.520219917061021
-0.518945913103219	0.201612309704566
1.96025897070573	0.471212877436839
-1.5154277743567	0.550652304944458
-1.79522376365631	0.406159618358576
0.135047117149685	0.0464710146143313
-0.346167140140093	0.100935083264355
-0.539080267836744	0.335670684780063
-1.81958198561696	0.753456397420435
-0.80167582233068	0.608786322873767
-1.49099625807477	0.776999131898863
-0.400062396642448	0.170601933136714
0.867871629543998	0.629864231849345
-4.40875058582038	2.30781600399896
0.525131259349727	0.192999914873943
-1.27905758495459	0.587732170706994
-0.313628665854609	0.144898396122729
-0.723081962585608	0.252158286122281
0.156845715679068	0.0472965888265206
-1.81814593327299	0.757477944035012
-0.341163451009262	0.2027992219094
-0.11040300185585	0.0444760204878545
-0.802101569239027	0.44098583642338
-0.405371619690847	0.173316494832004
0.149807995223301	0.0722858354339739
-0.522705576199674	0.20140379895895
-0.678474744135765	0.464875549701277
0.604267988107599	0.451597341082938
-0.150086933275501	0.0848542463811099
-0.236916556997043	0.153417878147864
-0.584821189351168	0.425057001355186
-0.654315278893409	0.385250359153797
-0.239352969578635	0.117113649395616
-0.579599655144602	0.410487180415615
-0.788711922025261	0.736420374848403
0.391741880756504	0.179388671736555
-0.117288254210526	0.0467746825113762
0.952024225447137	0.254550165942042
-1.83053444560278	0.755559929122587
-1.13599688789171	0.349486711323194
1.0404202529805	0.404466019128978
-1.15157301503252	0.977161874377212
-0.996593986469406	0.503649140555499
-0.103283906152693	0.0417627729270906
1.46021680212861	0.488909487893217
-2.57450915234243	0.686119713628322
-1.79522376365631	0.406159618358576
-1.79541110556836	0.406108159138969
-0.62982953293132	0.153685936034785
-0.623695063230009	0.152227657420805
-0.62982953293132	0.153685936034785
-0.789776758063319	0.731621588714723
-0.0850222999103973	0.0518563772544468
-0.344548848987315	0.245515976623853
-0.283470512944016	0.177741064704803
-1.15638509451807	0.992023949899023
-0.0818281546568349	0.0498369289902835
-0.396798493677258	0.220643642275411
-0.0765662275386713	0.0464710858084959
0.548021322892135	0.314341274398047
-0.347555636251828	0.100540132112443
-0.530937280824717	0.206881451169038
-0.490157717080993	0.257230905356209
0.0347523792006326	0.0198800298121463
-0.151302010903386	0.0848416250054806
0.149372019578918	0.0710963973643049
-0.155250915086232	0.0872540462631921
0.364041270272125	0.182498336571141
-0.609966842831359	0.297344613909476
-0.114853572206162	0.0673136439838926
-1.6510187842675	1.64041872537424
-0.229406252227442	0.148305705936806
-0.316588595545336	0.273070607500157
-0.157266277506922	0.107433003720361
-0.783095679832471	0.832978548594945
0.795039895309316	0.743146292517138
-0.583890580461842	0.417890995130059
0.834611063204108	0.73928507310745
-0.187665084538004	0.0997632885931039
-1.04383125367322	0.818053797413411
-0.593741488711448	0.426884343242274
-0.535143557964921	0.443610046628878
-0.190181635187669	0.101967004818941
0.0340670677446976	0.0194140299176281
0.0306200758343967	0.023250571843161
-0.229617148966785	0.14909916517858
0.141848058772579	0.0489994167913964
0.531595264123315	0.195527948373046
-0.724832779293065	0.252803415831091
-0.532019147491516	0.206951811605764
0.143982230073215	0.0622594754491574
-0.14183391482784	0.0793176474094054
-0.693192200064948	0.600795904451221
0.360820638522842	0.181956149643125
-0.227212618004882	0.0750820913651819
0.158321872008447	0.03054890339565
-1.79522376365631	0.406159618358576
2.76088021610819	0.795949787637318
-1.80012731460838	0.40572439661199
-1.73935782644846	1.86179113688221
0.0421378735907489	0.0257538134134725
-0.0967814521612491	0.0391025954476972
-1.61253067329985	1.22967145030019
-0.026090735359325	0.0122939474846895
-0.338291332002192	0.202782628147022
0.331919830111853	0.181772482819354
0.160043080199817	0.0767078091594619
1.56757729691342	0.794331052216231
3.64031826737114	1.45820478057553
-2.07217364243881	0.962076543055942
-1.1412609968196	0.35088828313214
2.76088021610819	0.795949787637318
0.356652116259254	0.180275729723797
-0.0323018522370812	0.0151495093677067
-0.184010970926155	0.0973752386828325
-0.958016093429607	0.592182976881472
-0.398206074754857	0.223738781350565
-0.217602968474122	0.072079936429114
2.11575652727452	1.49012722452209
-0.79918248814112	0.441346449171317
-0.52402013054653	0.203694200281952
-0.0335164671570546	0.0158502530352448
-0.990637842627347	0.5048777109982
-0.501121823994824	0.263472691000315
-0.786394175744798	0.346945651729905
-0.402275069733286	0.171940950121467
-0.164649746108089	0.0918146760160551
1.10347547579827	0.819939421971037
0.15186702122539	0.079701686544524
0.291297500023869	0.208604154316524
-0.798894847486708	0.525075862134271
0.308259864390064	0.195607088510928
0.0294862171935272	0.0169759377670227
-1.43714883019947	1.51961873712813
-0.348421200691747	0.328115374367265
-0.292009841573341	0.209073440897235
-0.647512047366623	0.619168769633367
-0.992442575086517	0.970821754175888
-0.552586884430479	0.347634250415121
-0.311152231807913	0.144059492294592
-0.62935300969794	0.153342878403685
0.14474970923973	0.0500449668198986
0.141795856861759	0.0549880463391758
0.73586282579885	0.602025468727678
-0.89271990738745	0.800037012962184
-0.269963339976021	0.167504941770467
-4.00955296185908	1.77903502642103
0.668337249898722	0.213347782342272
1.9613717712777	0.470903909509444
0.166760634916841	0.0427859605507963
-0.624582031923329	0.153403426322781
-2.57450915234243	0.686119713628322
-0.368418396527948	0.371907907258695
-1.10157790128846	1.49451653964926
0.0967464885975152	0.0698256922237056
-0.0563456640471283	0.041938952229345
-0.383431790175047	0.386133373428644
0.11561951647249	0.0948053621296382
-0.258278267429835	0.188879061041758
0.0610394997935421	0.0490387059437943
-0.958891222107647	0.592201865106131
-0.767372534252304	0.342433422022686
-0.399090488436148	0.170073668796408
-0.00381133442548892	0.00192704270975645
0.46041458016253	0.30659589137968
0.869781059958316	1.07583801846117
-0.784090316818288	0.87474380219804
0.659876514818548	0.66731316793076
-0.382405394044373	0.409299306786084
-0.369782263767846	0.367876008126494
0.294324266098182	0.218922502121252
0.645141418427302	0.675745307178349
-0.417470094667984	0.388202533113641
-0.264304942931878	0.196754365326031
-0.34967296820048	0.305677137251237
-0.569553917750568	0.625906813823987
-0.917455387288563	1.14180734698525
-0.350495194128568	0.279009976793689
-0.671243632964076	0.769417958604834
-0.795357523798636	0.962024139774538
-0.370121322718888	0.344466734826012
-2.30872597176342	4.0767917783413
0.383922232516646	0.50220816834281
-0.079571077573755	0.0647655028213365
-0.662560517927277	0.906149135068351
-0.290056072051203	0.27618738826132
0.545459647185114	0.632415033708532
0.188030726287401	0.152102728974007
-0.518723608824062	0.601162162246826
-0.871594195270762	1.26706802631677
-0.0386546840171196	0.0317886834762591
-0.456509087662061	0.537081664213484
-0.209792479518937	0.160635122172203
-0.300666888897659	0.287656064332688
-0.471887711093691	0.49604421751436
-0.980396891547364	1.38369642637295
0.295320457327951	0.328297009755348
-1.16249597158221	1.62667424806717
-1.20770489881347	1.39365762158287
0.140336111829871	0.0607542978297647
-0.28544474686175	0.178163619875775
0.598147309641461	0.315355814960164
0.978749043107779	1.05770640759003
0.772891913522697	1.08498014183172
0.272902421744599	0.269156995870167
0.597806200245749	0.313287900912832
-0.346338838256578	0.100875906320348
-1.50892094831171	0.544038324980869
0.0747240494240907	0.0501191060784756
-0.395438278482949	0.272585944648542
0.790592741925852	0.613132344528217
-0.0119710007883717	0.00583199423370429
0.793994139106513	0.476412321201316
-0.395204805945757	0.269499959844288
-0.985338636322953	0.500133304674995
-0.299774669923907	0.218470249235823
-0.768390647702962	0.343134946307021
-1.6737984209072	0.961886959014451
0.134105837659112	0.0577518764833254
-1.49713295825533	0.775816970206693
-1.23051957043168	0.920780336307036
-0.409602652103896	0.231052606588407
-0.154665600901918	0.0871087879777522
0.163764273843222	0.0935269398607472
0.710623219272868	0.46033347642978
0.152892789938561	0.0918639504584065
0.154320007727767	0.0810836043117621
0.683259807896165	0.326416063249585
-0.106086919490538	0.0619333751988176
0.602399360462441	0.31702619831985
0.339213354762367	0.186475648117692
-0.612297334836028	0.298430371838476
-0.548610233207354	0.341211619235321
-0.542177863516616	0.33964549932786
-0.297206713196165	0.214825507487301
-2.12320978233057	2.32206226473434
-0.254744523287503	0.188247561972533
-0.793765431628996	0.673049693243971
-0.650359842932832	0.382012666174141
-1.55508481314694	1.48439722664232
0.143947072631477	0.0683661450271759
0.335057050363808	0.185859418561357
-0.273029712611593	0.169790473291161
1.11883063322871	0.988454955532031
-1.25149986386036	1.15917639138827
-0.394384567402432	0.269354711316268
-1.01044907891671	0.906825615723069
-1.1764533429977	0.672969207367666
-1.56761294136917	1.49120195996576
-1.04323644211977	0.816687641893224
0.288316875342069	0.193345637339253
-1.13809659085168	1.25484627253541
-0.781351436513602	0.829474086937492
-0.15072535719916	0.0828255428114133
0.683555054936013	0.324866642542886
0.159519790122106	0.0827201556127366
-0.0704173767275576	0.030833618906223
-1.37069605772111	1.34551339247815
0.280607590835007	0.20834358467896
0.564917275328777	0.444627491170341
0.0297474855689149	0.0158122438822426
-0.638655776948469	0.364650070395217
-0.727539282821169	0.251965799561326
-1.28839875871437	0.594189170007425
-1.26491127044045	1.34318051950914
-0.39451707343818	0.265947665550415
-1.74136945923995	1.86754669596141
-0.31249067846186	0.144812647504751
-0.0892958298190642	0.0543692684134952
0.44012960476333	0.180773267026075
-0.50310084924145	0.264478740847794
-0.162794252726819	0.124098377023157
0.598569303496878	0.31618078883765
-0.771738139260434	0.341184076543648
-1.67789070544396	0.974287435452963
-0.490686280879321	0.253887610917023
0.310101377237302	0.198627504401825
0.307096346515952	0.195879451935553
0.654403990118833	0.457052664025656
0.143124970655759	0.0619917154393719
-0.918923806501225	0.660547700426326
-0.0826381826368218	0.0503048478029338
0.563024709955906	0.43923280819603
-0.327034156371516	0.193919798646682
-0.152142519732026	0.0855184298074499
-0.532016506554939	0.205038476954774
-1.0998787910959	0.751283918030542
0.466392366008438	0.313689487351691
-1.35200936459534	1.09632614311559
0.953179202293549	0.642244165989837
-0.462031751733995	0.302057432023277
-1.0930858211959	0.740892212314409
-0.0324775464636765	0.015100488983769
-0.441789168919104	0.340117077101795
-0.309198278125967	0.143464560573435
-0.552240004571696	0.345274132561829
0.332663900151979	0.182150180051868
0.602473900183053	0.444679311545648
1.23495960857486	1.01242315427285
0.724799868456235	0.592423580722285
-0.491500386201502	0.257738617120495
1.47633404836874	1.4530471517026
-0.239136737695408	0.154622704558223
-0.900018506518657	0.737537746825045
0.170982110508622	0.110528150567675
-0.0329908538728504	0.0155855924191799
-0.282352117340521	0.176228284500946
0.680284073550894	0.577489547907471
0.142182976680504	0.0681443890617556
0.02373369445874	0.0125586974893525
-0.103638301473566	0.0411024939622192
0.642387072998066	0.567011309607133
0.794334051794893	0.469648466055441
-0.580693698670513	0.554591390793882
-1.01260900332966	0.899505265374029
-0.557846084895766	0.496925841293519
-1.13793111179951	1.22992660332649
-0.616446754220682	0.299841553593291
-0.404563461167586	0.227155008136986
0.167846042512584	0.0427707788849589
0.167846042512584	0.0427707788849589
-1.32993917788766	0.839513847318303
-1.27422440586755	0.586727712642546
-0.344718928168882	0.101170101330633
-0.153133836778932	0.0562143523090425
-1.27637405814093	0.587410974675774
-0.732708626851589	0.255851771606928
-0.228358576380837	0.0754206022353645
-0.0653099281893724	0.0284923152244095
1.45496621180374	0.489974899858239
-0.620531475305306	0.150785249491411
-0.345896359412486	0.100748738523468
-0.618525872771315	0.300459699272668
-0.723310015883846	0.254344357266946
-0.975549562018879	0.485330563530698
0.152914849130579	0.0802844555805472
-0.986565344067153	0.498554663170617
0.44171669493059	0.179823999684591
0.151872149221307	0.058732396864501
1.45434865448318	0.923679325795707
-0.779201170961778	0.349669330011866
-2.57507908676252	0.680490038595289
-1.27798020801158	0.587966405772343
-2.07469058820371	0.957345277605959
-0.798735425617466	0.441546911382241
0.157631418222578	0.0304971390385879
-0.343816891455429	0.0996962776646578
0.81151620199283	0.348634244573977
-0.415197631153246	0.17459415525491
-1.28063049074862	0.590967255795044
1.05989018252894	0.522651345178673
-1.82491177099641	0.761062662410459
-0.525102425077991	0.203568491059548
-0.40200806989563	0.170720828260834
-0.216459792863705	0.0716410349070388
-0.339689629328073	0.0991873938654728
-0.218747016072675	0.0723005288061521
-1.28901426898339	0.588513580357217
-0.723081962585608	0.252158286122281
-1.02598754897463	0.414743296101028
0.164226724221899	0.0416602681945232
-0.52548192565759	0.199647016499101
0.143747269175704	0.0559041635309843
-1.13599688789171	0.349486711323194
0.603305616358923	0.318625443315838
-0.497036440405251	0.261780114885566
-0.985274119763427	0.500990126027405
1.76667559085405	1.00128528132399
-0.958016093429607	0.592182976881472
-0.0749677727777193	0.0323839828201315
-1.48660990868677	0.767646824114273
2.11575652727452	1.49012722452209
-0.241635590666996	0.119560087064503
-0.652682151028491	0.383399298348835
0.147735428904545	0.0643443069297352
-0.182088495622899	0.0965100598125617
-0.797388803125323	0.441200636080444
-1.51396593073936	0.54893460092185
0.161791665747346	0.0309826798878848
-1.6924992730182	0.95601672139206
0.163311686221074	0.0491766335657994
-1.79522376365631	0.406159618358576
-0.342366844950387	0.0999187527730966
-2.12729329157269	1.63796943153978
-1.50590954571634	0.780573517647694
-1.67919352054224	0.966270157563041
-0.987601928963572	0.496957392444327
0.817003523318725	0.351976278955221
-0.407314095983314	0.17369816386051
-0.783036173222316	0.344851764877732
0.716598189312691	0.713635255003763
-0.984370173910544	0.498898517233409
-0.724489220764226	0.25507339261849
-0.7070123308922	0.663061030406641
-0.20581645883657	0.15809153164892
0.0935713032145207	0.0678098267534199
-0.628447709775194	0.153171179772782
-1.01576016890493	0.401371245301068
-0.0967814521612491	0.0391025954476972
-0.311152231807913	0.144059492294592
-0.342091382580869	0.0996589886024872
-1.02734963908132	0.419609489752489
-1.81789801192182	0.755319680676232
-0.221755533699252	0.0734151122801483
-1.61248175246292	1.21712493726153
-1.5154277743567	0.550652304944458
-1.51279643757503	0.547771213649107
-1.13492041310201	0.349384486959602
0.156516734431441	0.0807292138514526
0.159003857627083	0.0480265128738231
-1.67726281414494	0.962577209907809
-2.57450915234243	0.686119713628322
-0.932910345896044	0.674675793813672
-0.402275069733286	0.171940950121467
-1.02985304618648	0.417366865086498
-1.02849046705274	0.419931822610547
-0.61034981008363	0.296851575272232
-2.07691999930247	0.973664095812084
0.819182245652777	0.350572714862597
0.681992077659253	0.325053097962014
-0.735788928866273	0.255451470384917
0.145837129647114	0.050508335078259
-0.546394730183943	0.345205054578605
0.162942698182568	0.0413114056520163
-0.529856186543624	0.206206399241258
-0.228358576380837	0.0754206022353645
-1.17499636759181	0.666323760461541
1.77848388545146	1.01741144222038
-0.792224316995745	0.43363840900278
-0.897145327773378	0.735600354800824
-0.111955161313477	0.0797727735838095
-0.577419197664919	0.411680028337463
0.457888523917595	0.428876350061722
0.336757796726578	0.186225280409232
-0.403910322078643	0.228965836743657
0.280603131627434	0.205991945112956
0.414783848736526	0.4877922309398
-0.0416489219502548	0.02675948258132
-0.645794163166959	0.617556568032993
-0.228386493716989	0.148184844369426
-0.0774020279603959	0.0477055389877848
-0.064509571622363	0.0283915001777467
-0.930439481852734	0.676106287794044
-0.257728353715549	0.12719223482453
-1.69073887344025	0.9721554495193
-0.53370671516445	0.204122732152598
0.0280860153513291	0.0161878703498234
-0.469595966445842	0.310235090599618
-0.580571349992723	0.4196259867252
-1.00352872377795	0.497062167522336
-0.412505632057768	0.231692424928147
-0.3906307935447	0.164828595897965
-0.981785006374771	0.49177163364076
-2.12024279872123	1.59654557774326
0.327624883261949	0.179562510724467
0.149372019578918	0.0710963973643049
-0.674173746513354	0.468376479503675
-0.61960534552131	0.300510648702095
0.0106497245085931	0.00719675223602169
-0.342091382580869	0.0996589886024872
-1.79541110556836	0.406108159138969
-0.104212959960013	0.0420300105483996
-0.930407607021343	0.673721807680168
-0.556739931422973	0.349727520402061
-0.469129473317608	0.309904961034326
-0.71831679711433	0.99706008731178
0.496862119768606	0.611084624186415
1.25136385165232	0.865594747368598
0.158031704426094	0.0479750742787413
1.25314532346628	0.868432818415009
0.15634923976404	0.0587756984394063
-1.13489929940895	0.345152634599563
-1.16643400493817	0.661513799260745
0.15217592618318	0.0460645385354346
-0.394705602565663	0.168162718287586
-0.234000740505374	0.0766428894929934
0.849513408043922	0.606150209527726
-0.11635545487533	0.0464769473022142
-0.603519189821	0.288889223364551
-0.245727592083181	0.122301479496361
-0.877444350236144	0.867008316870361
-1.33329648474374	0.84581992037969
-1.55549357048243	1.46206213624794
-1.49231147652868	0.771104896871233
-2.13360071469445	1.62508411699836
-0.185111969334228	0.0984427233282706
-0.224047591747806	0.0740771018889209
0.785310645808704	0.471282621290012
-0.954797929700334	0.590105134647175
-0.322387632492138	0.148990546107498
-0.48210062437605	0.250912896972174
-1.16227933131461	0.658625336672874
-4.21586269009106	2.02466600615921
-0.97900136103569	0.495018827323948
-0.305866311738713	0.247527556307889
-0.808247948279579	0.866388872768146
-0.302783446545566	0.238478355965146
-0.0817422230338298	0.0495045206323057
-0.11380561832025	0.0669333835551969
0.00860461244056903	0.00592715976806509
0.142422101624877	0.129676011958839
-0.571528259778211	0.723091631119411
0.109009512380395	0.0862864343327258
-0.534490078129105	0.518558082979675
1.14450469917823	1.39415741708239
-0.227384475607723	0.19134528103399
0.167129987114434	0.100923687349091
-0.079973312643275	0.0487844428430859
0.0751886470487638	0.0505284616780953
-0.142914307734289	0.100083521079108
-0.10906832385349	0.0637427541173698
-0.245664653826177	0.123583049318942
-0.342347438220368	0.243144636712843
-1.65121575268371	1.63700268565798
0.159003857627083	0.0480265128738231
-0.00900723232298426	0.00442610480079617
0.947358124221535	0.639942862849734
1.33598113760013	1.38816884197122
-0.340475127493192	0.241731772685349
-0.256319468900486	0.188420490559596
-0.804897809885825	0.528776284865509
-0.399401390410689	0.224864501995494
-0.580081648677158	0.419649093773631
-0.920039464991177	0.66121784131024
-0.788086194808362	0.427280630302057
-2.28683175471851	1.18188716542546
-1.98405381847681	1.37414676324975
-0.994511397572765	0.501134445315153
-2.78916074243308	1.91569434988242
0.352531665707113	0.176820716502781
0.174249871002364	0.106635817303489
-0.607727077032408	0.294927096629843
0.894883501406601	0.489548254141755
-0.0259127616731771	0.012318254823508
-0.274150749135713	0.171245879430454
-1.00709239658264	0.893234387696833
-1.16097456108296	0.997719387913407
-1.84058503146372	1.18029718433957
-0.238022085217875	0.118664767436539
-0.480279139887063	0.404871485232442
-0.658064184649981	0.389283199687688
-0.463649466442397	0.303388924833518
1.90231811060905	1.60812520607719
-0.800205367436692	0.607720784199044
-0.560368119586153	0.350310945053962
-1.17092142872885	0.66082761525485
-1.25540479739212	1.16506861220276
-1.34528463018792	1.33158348339925
-0.529324782986581	0.203861192187838
-0.102173777845655	0.0722501988583234
0.335565836051276	0.184177892164259
-0.0342395446082616	0.0220503163822046
-0.503448768029482	0.377719350236554
0.0764977495720905	0.0510707071587149
0.185218223277558	0.141912064962192
0.151986545638509	0.072444779685496
0.146402516173092	0.0636433152119488
-0.180131826146941	0.0950707611583569
-0.145514968296375	0.0818836609683294
1.03477532867731	0.398490468718945
0.158321872008447	0.03054890339565
0.602884794946917	0.318365797318871
-0.193174102127973	0.101900051004296
-0.312051458394623	0.144452926263228
-0.29940383679282	0.216835863775393
-0.705415522368777	0.619718371727337
0.317844613371095	0.189179955967951
-0.399717538976427	0.223783555165625
1.7647520516403	1.3778884773597
-0.314527763921968	0.145707404519845
-1.04180448416354	0.811391807493015
-0.341002762168823	0.0982461131229737
-0.408531279345136	0.230821320831798
-0.161960608093279	0.111135322718638
-1.59858078315279	1.88334002478227
-0.791890370832357	0.602459307172678
-0.00777515668444835	0.00385023229110958
-0.186510084952173	0.0991861544502522
-0.105951718032754	0.0425412033264212
-1.47750838954754	1.0342575138984
0.607724903606334	0.454559931926348
-0.22749885606815	0.146648569960353
-0.110715338597027	0.0783813484227065
-1.04308600559116	0.820946588559089
-0.728116465866367	0.733988781318746
-0.573466191406277	0.410287895649235
-0.660090245848517	0.383991951676598
-0.469365044453073	0.312035909380479
-0.787198223528073	0.734441440734656
0.780979578820922	0.463583495419363
0.789888052857853	0.474642428142286
0.37765775324235	0.302488996680667
-0.414351378381875	0.34779088674128
-0.85165048958556	1.02227555589331
0.0688296093374702	0.0475472366730845
-0.489280766854271	0.257343067415587
0.146654066532783	0.0701999286084238
0.327437588731691	0.195503167784697
-1.7403319253201	1.43037580382064
-0.624582031923329	0.153403426322781
-0.338511026319061	0.0982184054411285
0.0214300982618598	0.0114816213377636
-0.203791326761276	0.135867790791463
-0.108167508037916	0.0435912033011045
1.58916250012033	1.68594156027261
1.10616145149159	0.831938045987254
0.999888927087948	0.807256375735047
0.175079683734349	0.112064143674253
-0.796617831465599	0.526786121352253
-0.684567330677765	0.473978419135823
-0.69347691856449	0.599458055642681
-0.344286514192997	0.244613804815431
-0.477075129079256	0.314451098828082
-1.64850757809662	1.64123421264915
-0.922571342613039	0.657892333373814
-0.418191016243751	0.233880815111448
-1.27980091304933	1.50723840383894
-0.608058237462925	0.294419135283942
-0.98598220863811	0.498754751168081
-1.28146249315438	0.593259852250037
0.855522688331624	0.61559203756788
-0.339471528942764	0.202607539995186
-0.514822075717917	0.468779927148478
-0.0601176370048064	0.0377439474753838
-0.397146865928694	0.311511924225427
-1.19787650004223	1.22766115728431
0.0407624876305355	0.024922882006821
-0.656275171709372	0.388587136928864
-0.0437514242183032	0.0280171091852311
-0.892936368227571	0.820916604236365
-1.13492041310201	0.349384486959602
-0.408417954576414	0.229952561555308
-1.81840613866815	0.751938577957193
-0.794019394614175	0.436048281445909
0.153865448683363	0.0802784643631225
-0.0288544100107478	0.0136171593519389
0.178593140864238	0.1147696986882
-1.3507879555601	1.34505707913013
-1.03279141777036	0.417914440602884
0.306489097005186	0.196053563576921
-0.0115880660224261	0.00567885674737254
0.141669767450459	0.0617166337329967
-0.187360789720056	0.0997421123689418
0.144278289878046	0.0558729809974475
-0.613137872499033	0.298078623231947
-1.09068126340859	1.01789717648875
0.614757368214729	0.458983028582507
-0.302611268529611	0.219244699242865
0.791551248623811	0.737504492852962
-0.311238773868407	0.144906116820247
-2.63781929941781	1.64734646193772
-0.140122873791746	0.0783458000982877
-0.63320175204718	0.299958591707096
-0.187164292717009	0.0999589487167156
-0.273859449981025	0.170300197375437
-1.84425276211048	1.1760323190734
-1.13384470910725	0.346451671342812
-0.402321330714336	0.171233810890718
-0.584490413366797	0.418749365050054
0.574616190771212	0.45220605597695
-0.615761925951861	0.501814154323243
-0.119172634898863	0.0697804703295518
-0.294519466541132	0.182673073525442
-0.614590528908263	0.300181664200839
-0.2544962010191	0.187207404337168
-0.646527138166689	0.65524057557053
-0.725328586285785	0.744323451088233
-0.675000928950945	0.467310610378443
-0.281239475219502	0.175179263538675
-0.529590931055547	0.206114530882042
-0.227711313594903	0.145920023913635
-0.0536496787461248	0.0335850965424838
-0.79683703050193	0.520219917061021
0.0503540985533308	0.0307493589660501
0.141933067675678	0.0609193209812035
0.661254202418672	0.667673308947603
1.23286453195306	1.18334030385862
-0.338291332002192	0.202782628147022
-0.14588322398064	0.0812653996101239
0.171852968107354	0.104538197380262
0.952313163796407	0.640315635682427
0.353531909964521	0.178766108014227
0.153831697915062	0.0528716170341431
-0.270720687057088	0.244995659142627
-0.235791709853238	0.116976365644416
-0.641904862854433	0.650705998282578
-0.633637159199117	0.561487137025487
-0.659380136020973	0.390833428315178
-0.611824743245204	0.297690775140387
-0.682658011406361	0.472256356007705
-0.711325287188956	0.557587329827381
-0.34030208211634	0.203422098338138
-1.09797744953798	0.739528699230153
-0.788109791056937	0.427920638026782
-0.554478120241392	0.34748072219818
-1.09714372755953	0.74279025777146
-0.663835138792047	0.392396479294465
-1.35983167283556	1.10253486326242
1.56784723802753	0.788889022392744
0.603875189864285	0.446200415534284
0.792042389527258	0.615454742329272
-0.801458682892539	0.526592988809855
-0.15821957159593	0.0580782796952436
-1.34721951872538	1.09732551162992
-0.100570752478698	0.0725849202716697
-1.69366619971002	2.38835027571673
-0.234237599966298	0.152366390764614
-0.798735425617466	0.441546911382241
-1.00525711601448	0.884581596368387
-0.332300622943707	0.285126399861278
0.338862496290477	0.187328971103019
2.41265475554979	2.04183350366857
0.352531665707113	0.176820716502781
-0.933185329358222	0.672378873158029
0.146821647780807	0.0762910042741533
-0.401841163478302	0.225634191000355
0.569990166928124	0.448860162352616
0.995243433589882	0.799722091553467
0.909378768792058	0.774882980291037
0.384436767759838	0.173074932948872
-0.0549324392000638	0.0241101131830825
0.275885419004262	0.219812704585682
-0.309198278125967	0.143464560573435
-0.200241399616056	0.13066077678256
-0.498726923765132	0.369929752978546
-0.583929856803314	0.422720918671361
-0.100834149042324	0.0403700432775533
-0.649990107403332	0.384511774111953
-0.794542403831332	0.436639031594793
-0.308545541118726	0.142181682473323
-1.30372332654862	0.578018367655964
-0.00608620547325792	0.0030071658458408
-0.581661733886569	0.421377405074928
-0.766066401836195	0.339460746888884
-1.05624964801546	1.09595416174415
-0.507556201693825	0.382448208564453
0.156442652324567	0.0746369666815427
0.17879616973085	0.12180578739127
0.32318760767069	0.194360914201644
-1.64943463294386	1.6799352012656
0.145230999923149	0.0757304628464723
-0.0627471598052005	0.0276515252005186
-0.401837566114206	0.169586086395593
1.45623762635888	0.911352362549489
-1.8193202809442	0.7576566965492
0.382612277706973	0.172374284952693
-1.04093022188838	0.421509918125652
0.140540587524375	0.0547519601052748
-0.482974870360455	0.251508702470864
2.75734920342264	0.799800653832186
-0.763290989357201	0.335161677012573
-0.243058908144267	0.121715056368332
0.95292022183415	0.255029382628136
-0.220722739013208	0.166289848053025
-0.406342549193427	0.173701308354649
-0.557324697396662	0.346821213704385
-0.229988439131003	0.194118344701464
-0.147997578160124	0.0534074806312031
-0.515909983556443	0.197462040377795
-0.521857859949803	0.202488147552731
-1.51279643757503	0.547771213649107
-1.28080112612113	0.591547382113805
-3.07968455989498	0.963635125148535
-1.02871170775367	0.417044529530206
-0.307502069318408	0.1420918290503
-0.996593986469406	0.503649140555499
-0.773774748297677	0.346345835072774
-1.33737587878162	0.844427356290016
0.136480040151752	0.0530402961094183
0.317710227897388	0.204399214746419
-0.244492565607755	0.202779491900455
0.176060959173542	0.129491968898969
-0.34797964308246	0.245687860623624
-1.79541110556836	0.406108159138969
0.157056474373317	0.0303984095560313
-1.79522376365631	0.406159618358576
-1.79541110556836	0.406108159138969
1.9613717712777	0.470903909509444
-1.79541110556836	0.406108159138969
-1.79522376365631	0.406159618358576
-0.730343536032476	0.253594480814791
-1.80012731460838	0.40572439661199
-1.79522376365631	0.406159618358576
-2.57507908676252	0.680490038595289
-1.79522376365631	0.406159618358576
-2.58483811914593	0.676212802763842
-1.79522376365631	0.406159618358576
0.157056474373317	0.0303984095560313
-0.982751715470318	0.492976905215463
-1.51126686389698	0.544349597683157
-1.08953890570869	0.732955802498701
0.668257563820224	0.216585127844403
-0.151756236463228	0.0557391336018927
-0.0736690904258252	0.0320231644961844
0.668515656075028	0.214587613419762
-0.400375131161567	0.170476605274052
0.662786179108504	0.213105829711844
1.45207421539656	0.485631123308653
-0.624582031923329	0.153403426322781
0.952024225447137	0.254550165942042
0.816796075513508	0.352385300037275
-1.13707413454834	0.346951163921623
0.194994749880097	0.143764668263307
-0.630732478411191	0.153857382309032
-0.153808610141153	0.056307890723225
-0.0659312958803184	0.02870606277558
-1.3364344688169	0.851629353982717
0.0192088461348287	0.0103394272074032
-0.223794144300994	0.143900785848168
-0.291002516237364	0.209596948490113
-0.388245752376588	0.298945480110593
-0.523171029238127	0.20323286573159
-0.244795588949212	0.123160748609705
-0.796831098028848	0.602853308233677
-0.528510789511083	0.205441902241372
0.821071015660031	0.355024826276381
0.680030928616996	0.319270664136699
0.147807964842846	0.0576339568271193
2.11448012931297	1.48959980854872
-0.986631981730593	0.496558100832641
-0.407626140176017	0.174101555847361
1.31855942573268	0.585809961693757
0.594402044761009	0.311500572820989
-1.03963119924725	0.818607557060505
1.57171381285112	0.807457867769169
-0.654915952281196	0.384652321114334
-0.799416821865161	0.524036372282108
1.2360544792304	1.02515944313678
0.0227900851153074	0.0121848697180504
-0.962643272983593	0.592509714617709
0.149414948074586	0.0647459658391978
-0.273551133504296	0.170089256005466
-0.785339281784378	0.430131275907653
-0.729903352754239	0.254204229928182
-0.528244825599653	0.203784427326422
0.145556924338648	0.0566880143520423
0.459274035869288	0.305642232938748
-1.67885608499623	0.973898476935828
0.170541995167361	0.0433725109405701
-0.0999454745239706	0.0404223584776093
1.26837404567975	0.710043097801996
-0.24026444743191	0.120040726052722
-0.503646453737927	0.378984004609778
-0.216233327172033	0.0712426822696432
-0.242053323271711	0.12126637740129
0.161648222044961	0.0852497786001899
-0.0777766279238111	0.0473950910813602
-0.247881263394141	0.12398636562424
-1.33715031380158	1.0710880310987
-0.256894414079835	0.12785015818825
-1.27930512577485	0.595095920645693
1.0404202529805	0.404466019128978
0.144872936718297	0.0497967243372098
-0.501121823994824	0.263472691000315
-0.0945488660177573	0.0379176344780684
0.891924271836113	0.485408326875817
-1.0234029277996	0.414343036193287
-0.725669351344178	0.254938132698188
1.04062393996299	0.400467662974683
0.959186924557496	0.933333080952628
-0.795153769175323	0.598375043296696
-0.643212911510618	0.375156557234346
-1.17876774080662	0.657084413182812
-1.80012731460838	0.40572439661199
-2.57450915234243	0.686119713628322
1.03654154158417	0.402707767551167
2.76088021610819	0.795949787637318
-0.355695524668971	0.102942167041969
-0.793966250245216	0.746752181818503
-0.623695063230009	0.152227657420805
-0.720604456465959	0.251721589615544
-1.17052784519447	0.666029406369374
-0.526555793019305	0.204404548457525
-0.619634069394611	0.151716324023864
-0.728941560495149	0.254842900527914
-0.623695063230009	0.152227657420805
0.954295652698446	0.253211023347385
-1.28249262659451	0.590053788876711
-0.312680450771417	0.143560545879849
-1.47340913012276	1.03132716712333
-0.497595321595637	0.262258692026379
0.149271671672469	0.0712974353556596
-0.101761653429345	0.0407199505713221
-1.03416549660249	0.42282126768722
0.15273478140905	0.08065812726879
-0.935749523614706	0.677830203945148
0.304336364132062	0.191587458707407
0.175961929083468	0.11421184014821
0.310101377237302	0.198627504401825
-1.28354193212119	1.55379555870182
-0.18330152469941	0.0969984884540543
-1.2302636197471	0.919173754488835
-0.680031113150726	0.472124045971454
-0.89442210472969	0.824849405139754
-1.02765165280788	0.415656971981192
-0.54746769798927	0.34122014045588
