x	y
-0.0365897316079421	0.135663995879415
0.0587866618092934	0.220694981210932
-0.561136801879684	4.35001102406259
0.297830760819117	1.10049548229956
0.0723392662816334	0.170429612715465
0.189672564610753	0.510214993938787
0.670916314878648	2.54410022476345
0.57930746124239	1.7531736557416
0.0776798942251996	0.115934069772061
0.629146357281202	1.75401677141767
-0.0321464573371945	0.0421910634065262
0.0389012178551955	0.0512749754711744
0.223904121458246	0.364625406077855
0.412308241937366	0.787821040595753
0.533392324198124	1.04962323887414
0.223514288653425	0.281621904890988
0.0691251324097663	0.076108819511542
0.278907079717698	0.362264606756758
0.778455111529904	1.63996083780432
-0.140363895829445	0.16251198641521
-0.655363824594352	0.972945854642187
-0.0910636131630873	0.0815225204005616
-0.108581665720263	0.0872690060073495
-0.0058614057846969	0.00458273524475564
-0.215703978573804	0.196135375538751
0.0179732712434639	0.0145131759072728
-0.305728048770609	0.312659033186446
0.972139287892863	1.24776051031154
3.64180047345344	1.45782125078712
-0.341315829611455	0.270360150841689
-0.201350250638988	0.153848655336604
0.0697246536971308	0.0554931851678099
-0.0412622624158156	0.0192025202906937
-1.28063049074862	0.590967255795044
1.21974214394804	2.17321167603963
0.698715908346871	0.450618423619197
-0.624582031923329	0.153403426322781
0.380610598989267	0.319875618916767
1.21188678794925	1.64286733079602
1.07781391140699	0.663408681245858
-2.78824347964461	1.91269208931496
0.369242761706548	0.318343769923338
0.543365609122809	0.622861292271273
-0.3190112852976	0.148400163014118
1.26556856075584	0.709719204155151
-0.0538892877747228	0.0405651816888759
0.425148417492423	0.41671019994803
-2.57393942994101	0.680804613621979
-1.79541110556836	0.406108159138969
-2.57936018855439	0.682903044011602
0.727997479305415	0.599085125488172
-0.930342639480264	1.47037632664662
0.671756219433986	0.83955206284554
-0.201460078821439	0.170986112340178
0.26145973607644	0.233581214076788
-0.169756376359154	0.116545294874937
-0.0711426881603449	0.0638896871406603
-0.150969104361848	0.129436836982292
0.485032695008365	0.495239493715128
-1.1680501779126	1.65038129740283
0.0713258132164855	0.0479323519438607
0.100363050716645	0.0771811181795726
-1.35779926241149	1.54731367491222
-0.443819508525909	0.461917970725302
0.0409014002537398	0.0302343721845776
-0.559340185407533	0.580686647095435
-0.930638788148612	1.30818374482443
0.821719474681022	1.12177611818329
0.749673044907255	0.89205261162207
0.493143371225258	0.512694853133728
0.668445449055058	0.765113491846273
0.39024544168473	0.424417859450127
0.344214301711308	0.332317995290057
0.0560239320927399	0.0340439523291148
0.28714447617555	0.21415747702681
0.0604033355420884	0.0385916052952949
0.195621618882612	0.17672117565439
0.162680444915706	0.121404978811841
-0.724126496953284	0.785970821482452
0.0793308704751799	0.0531111003895897
-0.297866030789853	0.239262486678387
-0.123125355592796	0.0846637804461556
-0.271786282327499	0.201373393763437
-0.385048022119497	0.301110487229491
-0.87882993503835	0.872227966450584
0.171292989068501	0.120446241050037
-0.344663359122396	0.298910918330402
-0.712319532835698	0.722761035884548
-1.10138492373098	1.27512007632183
-0.575341519049797	0.598988712357349
-0.430865751471237	0.396532509013394
0.188956110763277	0.157716583803236
-1.26302512021652	1.16934549112068
0.012128618898276	0.00870268740450321
0.393609060594109	0.31631213783716
-0.0307561771190381	0.0201551118858057
-0.248391821503294	0.205926872393961
0.249620174563834	0.220278942961491
-0.166993513197942	0.140179703382763
0.593565276538593	0.308233881696942
-0.0627471598052005	0.0276515252005186
1.05913258249699	0.520249978995464
-0.0572535489213913	0.0251300499893074
0.326129913033384	0.195004720183801
0.154700370300556	0.0744619863590451
-0.403814680976881	0.409524735388735
-0.045484838391702	0.0342479317607203
-0.850347853402087	1.07090364821069
1.05308013808895	1.0981644194778
-1.28481627167282	1.55691303743057
-0.42120955192227	0.393612951782163
-0.437490711296616	0.333375033467816
-0.712403182904248	0.798948868133824
0.280335767542827	0.225902036105461
-0.615591868622138	0.503108066887949
-0.783610379935034	0.779183372576602
0.35238131604385	0.312501863894166
0.359137029618352	0.331408738164933
0.163094953310193	0.0494223382636678
-0.122484564129597	0.0718658110289622
-0.267734076628604	0.165366167573737
0.0374800210384335	0.0216991567666448
-0.5770177130788	0.555926643543814
0.2776838401253	0.21232851810508
0.173239192022599	0.122666198046382
-0.723244308473036	0.825232177123812
-0.33716260438629	0.300170497219292
-0.796710389013994	0.863874680204214
0.126135252716657	0.104023631312942
-0.401897892850694	0.348375403330931
-0.241249368212018	0.21901575083513
-0.227220778882434	0.170092176381299
-0.450366114747074	0.343050333487739
0.092186872485479	0.0706256527307042
-0.72848777026714	0.943586377301904
-0.140332423006718	0.0978869311075031
0.045246996436353	0.0345020280325436
-0.262446770025249	0.218520867060881
0.0149257507609035	0.0130007135839557
-2.28387705306847	1.17974233850126
-0.0425262371635503	0.182300773204365
-0.0789607322400015	0.34276607275694
0.944051250914012	9.38817513966373
0.352138674085798	1.69357011377195
0.269260748962637	1.16364767351836
0.783518007319515	2.74875696879294
0.613241228090936	1.40094119805321
0.772096646204329	2.38978388438778
0.85019977896279	2.2811246294643
-0.159348639883765	0.166554776928712
0.131377210118093	0.167085701814256
0.429117032265886	0.663601019880807
0.0484156168326809	0.0578252706394137
0.642270787816146	1.02928245801311
0.843572950604854	1.66744777171375
-0.306255223503236	0.396080016942328
0.293291472422707	0.337687325377652
0.861414770095755	1.75432183916671
0.629149283985176	1.57651605484778
-0.257172509974231	0.557625070947219
-0.173832704074542	0.298545693384887
-0.0479739875594142	0.0606767853334014
0.0536795765835658	0.0673248679527771
0.0569049021540511	0.0777866022137978
-0.346398043840944	0.491727422702375
-0.136284239396979	0.148197645883128
0.230752383186562	0.319887202126988
-0.0686277142994543	0.0299979648590823
0.461117830839026	0.523305818323466
-0.64760914560526	1.39484595282452
0.325991078784033	0.542952133556764
-0.0441276596136867	0.0274492043844153
-2.0710366946981	0.965136621750708
0.131053005992188	0.112902387617844
-1.02734963908132	0.419609489752489
-1.79541110556836	0.406108159138969
0.0966906968981749	0.130093167074994
-0.597357340661509	1.22337274936673
-0.34499594322217	0.346348549248496
0.148228629004075	0.0512983752502419
0.652052431637614	0.829234767733641
1.02099974063787	1.28958118208165
-0.792739392492329	0.43822311586467
-0.730123386031477	0.256802322226565
0.166925638182286	0.0949127465971005
1.23829438082844	1.0246888817702
-0.163647464433033	0.0595226464737321
-0.344718928168882	0.101170101330633
-0.520024315525337	0.201968241826799
0.37521363739232	0.586772444253121
-0.151384712159654	0.161782539835906
-0.386847431786527	0.449182915788003
0.0959590758169027	0.0670334000747981
0.599809041107679	0.446110950534795
-0.0641040223256365	0.0282490171992017
0.275229286636916	0.210467066543541
-0.406826714534119	0.227892341461064
0.0146522700048714	0.00797948505779615
-1.56510532748724	1.43849004836972
0.151919904115097	0.0517281410127947
0.538657513827569	0.311167304788408
0.436051221892724	0.178450617932061
-0.793187481650752	0.515608958020412
-0.951226421579178	0.575279341942291
1.56652021377159	0.791170383160884
0.489827278648062	0.301367051195951
-0.530940356451135	0.204656524383696
0.607772443603777	0.319188491940668
-0.31249067846186	0.144812647504751
0.616623304791215	0.660780493436134
0.231561704041168	0.354507364466998
0.710523700828331	1.03741084875551
0.302209315759551	0.190102168172954
0.322802830949294	0.175017335227185
-0.193339189727773	0.102068395811386
-2.93852668544339	3.82493284367087
0.264964366949391	0.266837843110253
-0.347359958324982	0.247410549900905
0.468659096631346	0.312135160016199
-0.55585617845763	0.496862499420104
-0.041535888259647	0.0267246932253616
-0.193838900789729	0.103758509159984
-0.566317376949634	0.507669923948796
-0.00659405313882288	0.0044077261437494
-0.57460813136691	0.414226334521577
-0.49773761892864	0.421839910057644
-0.350842070981343	0.277893962790928
0.814961084384867	1.18587749912596
-0.360015467412415	0.397373491769733
0.0804267848358872	0.0920480660788759
-0.132567136020608	0.155403251530527
-0.49425611022713	0.629921609185333
0.0773326729865132	0.0831436255726376
-0.0840507127058204	0.0816648431947901
-0.00839070149713338	0.00718673574522033
-0.098180574096377	0.124176380390194
-0.640502428685012	0.914484130787296
0.0494119437686486	0.0656026827223723
-0.530753817649992	0.325016063451982
-1.02963215386019	0.419175161984872
0.815912962371326	0.348346731608744
-2.57994643475892	0.682934722662173
0.523787196468579	0.192297988976743
-1.79522376365631	0.406159618358576
-0.220109901011941	0.0723811542078152
-0.598119754453475	0.286139567602351
0.425216758289221	0.32063104844842
-0.193386658098987	0.10141690481373
0.309548301571357	0.34792702810814
0.389774347181428	0.462720752879726
-0.348593897055612	0.247531033714449
-0.299106935586499	0.218442022836822
-0.147481655678623	0.0826477255084874
-0.164957180340301	0.0599349426269459
-1.24527470603714	1.13494973997163
-0.224813335789367	0.144409589363589
-0.745843002574632	1.30600594616369
-1.3360566538668	0.838085311258419
-0.262752645872042	0.192935622068127
0.155261438019015	0.169493990705239
-0.225671175224894	0.362584905003135
0.581838900651354	0.988480090637596
0.156530129236162	0.208628737518512
0.64057111186199	0.767772488350636
1.53858722306681	1.29967817098001
-1.61526321434192	1.23788561899655
-0.339471528942764	0.202607539995186
1.10570938357495	0.950790571884319
-0.258098178273667	0.127396214174082
-0.396919306366828	0.167888507080922
-0.0328203688696256	0.0153680916225703
-0.339274502387163	0.240753552854691
0.281182426087805	0.239950363967668
0.495485827278575	0.778024702959668
-0.324926587837079	0.287776689277052
-1.03453152493411	1.92600911393127
0.32097895093415	3.06754626897083
0.0755911997873621	0.313933361159625
-0.69977591360026	7.66414861791815
0.0154148507888723	0.0326487621399505
0.0951165593666111	0.198161024358451
-0.515565289196546	1.75002718314515
-0.144628337203205	0.297809242928206
-0.138424224894977	0.206050013038473
-0.382234353066733	1.0656962021966
-0.155948064351053	0.278537752523161
-0.0283192898431837	0.0411210238481025
-0.261033102481238	0.463930795525674
-0.266957717226221	0.512330071929776
-0.325761638760375	0.613398508305613
-0.65501995905419	1.79056329145786
-0.333621816001653	0.63052622960192
-0.132184663877137	0.232139754220338
-0.382525677479823	1.01473040096651
-0.145605665937502	0.274742967797072
-0.430563091812649	1.03485456536483
-0.441280016856019	1.09836046181148
-0.206418790628774	0.406913301837239
0.215605851261978	0.359231696797272
0.213710138356945	0.329200726652392
0.256045693282657	0.450860544625841
0.0296450873456307	0.0171313593853958
0.379030362304562	0.502495385307591
-0.0722452713135321	0.103968638199155
0.27690724171568	0.500973457702022
0.509942945611325	0.535947640951781
-1.55941303926139	1.44174421893872
-0.479452069423513	0.772712179012028
0.158357408502069	0.0833262669651732
-1.79541110556836	0.406108159138969
0.312476127132098	0.484138887365368
0.653576491027886	1.33497315705491
-0.230476361737927	0.239211526996991
-0.0354245695461931	0.0165902342757332
0.0403922288160258	0.0404776294756502
-0.0948770624466441	0.0944713198996234
-0.154665600901918	0.0871087879777522
-0.105389714352962	0.0424193779052806
0.355610595111704	0.317177213426456
0.407926352745799	0.406830735552696
-1.67919352054224	0.966270157563041
-1.5154277743567	0.550652304944458
-1.68317768550648	0.983497164001226
-0.721239468562053	1.20686453225831
0.00715366131023959	0.00770888824406303
-0.1919322570196	0.263018155182403
-0.777614449063912	1.01311751992106
-0.794160966930061	0.680893726743015
-0.227320908027787	0.147287727031237
0.561227045488005	0.547865820742061
0.530619987233625	0.603390833209036
0.499191095905992	0.439500834430613
-0.342959396588518	0.243550519219389
0.295434384935186	0.221017788100598
-1.34336161441429	1.07272279316889
-0.921685849450024	0.650662698386764
-0.697610614801154	0.548059262165348
0.158356557564229	0.0899288300666494
-0.289671374438474	0.207583110157939
0.533293293858131	0.305059551576476
0.603499883640088	0.452384176451948
-0.284325530463397	0.177307958430633
-1.16638490460401	0.996375453291346
0.535574953718216	0.70129594475899
-0.0628243687101639	0.0760851922253955
0.539947960259633	0.706723373045772
-0.610366704805988	0.493210604953886
-0.269884226896797	0.199188482048213
-0.869719755125413	0.930512285966463
0.176035755484302	0.138084524468203
-0.367429671554512	0.458802994948332
0.421875016387976	0.424071776470346
-0.788387475285248	0.73082436954625
0.0319370179075922	0.0235809405825646
-0.661646191467244	0.713804714746645
-0.58304310122191	0.714876865942498
-0.537307679666373	0.447009031928691
-0.0289273500605281	0.0189453082881427
-0.289206230238933	0.238447317470296
-0.298671630583381	0.28438712460524
-0.690564095407252	0.840760405848508
-0.886191064974439	1.52174266187903
-0.317023808767189	0.445355964837799
-0.0802575038525433	0.0999578476603983
-0.0417895912713427	0.0442000018005686
-0.858981888932535	1.49476604207135
-0.183910400712037	0.251821227223196
-0.336076606829595	0.399666107113515
-0.00604570236295353	0.00608661078144724
0.218527148863638	0.31107843556107
0.213453220181339	0.218291558115893
0.510721354909034	0.967714602067822
-0.580912381573707	0.563498614950822
-1.4629527722667	1.28390582997754
-0.987601928963572	0.496957392444327
0.171634472420616	0.0433572706368662
1.45606145484126	0.491057209685398
-0.558443674074768	0.350751404966022
0.450307786351406	0.322951593653141
-0.623754383124355	0.542795642388929
-1.21948028829515	1.40767739974776
-0.143804667651978	0.162715357502471
-0.512301808052556	0.908987774948316
0.910058465465953	1.1660705386026
-0.318627678821965	0.282530961736797
-0.667576478695979	0.76343119057703
-0.731915517256521	0.746022983950099
0.364042989702128	0.333872933586975
-0.389902074910912	0.367439024809851
-0.562539436019661	0.812488728213188
-0.528244825599653	0.203784427326422
-0.234798206029681	0.312577225946195
-0.0873084566539059	0.108340427515936
-0.147107251389055	0.173848144176542
-0.0428284806046002	0.0484273610670592
-0.302649097840078	0.308528736161138
-0.249736875858874	0.207568181557997
-0.196087926216491	0.1313446018203
0.889790398375306	0.89129462742357
0.386739229169849	0.313548036585514
-1.0179319286659	0.906387229486258
-0.239424218550161	0.155210131543508
-0.804923699056419	0.7513053964363
-0.120443972724092	0.0823807841143787
-0.627888659702175	0.693470431672856
-0.434451449250949	0.696427676854569
0.00469053795062994	0.00389791291882877
-0.530013596937587	0.681290595421312
-2.57507908676252	0.680490038595289
0.0761544329719355	0.352730965450401
-0.088586810998045	0.385289221381203
0.141770767362723	0.586545834673336
0.454587269585585	2.85646056760552
0.0140065804142464	0.0317626056464323
0.0400867231804775	0.0942904501266677
0.0859115537569529	0.20923613054671
-0.0952555791203678	0.18511750089579
-0.0749563741203223	0.160865631138156
-0.287619184811778	0.767387252363325
-0.0440959293125508	0.0769942956215813
-0.148225804468797	0.297249499606302
-0.131397519996997	0.270529884929614
0.0417105746351283	0.0735754927747508
-0.352748753943514	0.855804090738281
-0.195227032907956	0.426704858337105
-0.254865951779444	0.547033944121585
0.161680947302583	0.231324851043014
0.077792656695109	0.0994815550287448
-0.674843053191076	1.57308404662122
-0.362267657605825	0.704882743687842
-0.0106956177030925	0.0115656232273163
0.364125873285373	0.658046183219103
0.589906660839603	1.12411310947363
0.239760772648395	0.346508686740276
0.689271836450588	0.326673062421915
0.200679734115041	0.218536361699197
0.414601180823265	0.698177710027061
-0.244950010797888	0.385836913667756
0.672212420867734	0.919950562483859
0.157761565157949	0.089534771305715
0.28466833682152	0.446355557637233
-0.975524508107917	1.27705457640967
-1.12965913036419	0.345874034206289
0.259696003998471	0.256171736499088
-0.52910273980346	0.666187240324771
-0.169238590940597	0.115425355327243
0.90855353185254	1.10680742632834
-0.169267970694379	0.196639555964815
0.0816653558416416	0.10469852530319
-0.745903322563971	0.941637809145827
-1.2704060183493	1.348198568786
-0.276167016708583	0.362590224038138
0.00820423563083811	0.00788214306786387
0.340573976555877	0.187274075542665
1.45986014199587	0.492707629107706
-1.2251113784635	0.906581142374335
0.20330497659003	0.179992995377552
-0.320484902717598	0.398334711220709
-0.747302988379792	1.31600798195069
-0.608174746711613	0.941160984057926
-0.402812428405666	0.496876399622271
-0.120760568191333	0.112332424636816
-0.228388512063851	0.25445845563408
-0.222240575556055	0.246690781804468
-0.425574744835838	0.426286060259938
0.145768382952516	0.1467356251858
0.31779545253261	0.298842270717452
-0.330011399630776	0.389246583177407
0.0307870638428905	0.0238968185001917
0.250080137933145	0.25003515013733
-0.14972848249301	0.116792040023002
-0.379793961503619	0.381248870345909
0.247919130012266	0.236055638159485
0.110695009087811	0.088172221157836
-0.43177635472642	0.367310028593697
1.02750327071053	1.76982283510858
0.400175616952929	0.493997688667509
0.386952960052425	0.508148593497427
-0.23579363326563	0.287102516725441
0.0295162315181017	0.0270173343185975
0.45374393173323	0.570757398019583
-0.460663807939851	0.540932342624132
0.155464163028185	0.17108041289469
0.200352940502907	0.208430767889161
0.263060517788714	0.235701260142504
0.0118771991472008	0.00988448306088388
-0.136664429329418	0.120497697569072
-0.0943439362676041	0.0883385290948042
-0.135488840319777	0.138188301095268
0.361192170534974	0.51358105297718
-0.684069571750095	1.01660426210263
-0.164630784381361	0.184352658077545
-0.0491763434044119	0.0477686944276377
-0.54151311425441	0.717270322853715
-0.238910911323998	0.263860872031115
-0.499054142907725	0.624575479917385
-0.711111519207459	1.04073855837809
0.149197461106403	0.122793716067438
0.0150106211928679	0.0121627005624217
-0.470846190929101	0.625783122491027
0.024156097276288	0.0200403813704355
-0.385003034829624	0.422601213760791
-0.0734546024697446	0.0608647969469787
-0.0546119261246604	0.0491067539696883
-0.0960216443029883	0.0851704129832029
-0.346508525886329	0.277370093596011
-0.706698931110219	0.668608901673791
-0.14119616425851	0.0790057185648324
1.05626658703627	0.52286567479763
0.708908551638564	0.462433726003489
-0.0863695164085499	0.0335644669694271
-0.121606957483358	0.0862027957491797
-0.474159803461605	0.500493612191365
0.654740186407253	1.03397521068596
0.186464350184206	0.15515160292277
-0.0610033509312976	0.0656952490188924
-0.0809385813855541	0.0845872168667223
0.371996105836359	0.471540116308963
-0.306309239833547	0.374553652145627
-0.175406999177307	0.202397772323371
-0.439757773581961	0.633002970296339
-0.135748806558192	0.156296447698091
-0.251537994606361	0.326763381990583
-0.397673674415852	0.513871557067698
-0.531753528287558	0.205297740883772
-0.137609338040692	0.109785506212965
-0.00649511405869485	0.0055898771114528
-0.236430161353962	0.245801238636967
-0.150836524445928	0.138863325532542
-0.157738830995641	0.12428878147448
-0.556291835507447	0.578551514876405
-1.04954933549555	1.35839735948168
-1.27387801320199	2.069946464909
-0.443501380767384	0.498946453266422
-0.160808397258197	0.0585718717595568
0.00322203197408086	0.0115834822666009
-0.194060361846007	1.16552014705726
0.397138623254903	2.70496520427348
0.288304172579294	1.33354531692211
0.0543349992530928	0.136342573419474
0.251468008311221	0.924501665904273
-0.050042043416121	0.0994791421443204
-0.279617838590577	0.899730337550221
0.0123627016612794	0.0233248010943214
-0.208248405784787	0.494505618874407
-0.209813807003396	0.487696462388593
-0.0557613158914936	0.108603813770623
0.11441523866053	0.227064732870302
0.211309673816217	0.485875334608139
-0.580116734754234	1.97002358794201
-0.0886595896778215	0.154384999196102
-0.0639501042624147	0.0880658585690911
-0.343602556562029	0.584157972744638
-0.344807667501677	0.631554009892944
-0.485287501376413	1.23282743269821
-0.281712131888192	0.457420557700211
0.0130467301686357	0.0145029045960928
0.266143491488913	0.387377249346997
0.11749648653351	0.148532268580411
-1.2849226802386	0.599119703841267
0.179143218695948	0.197880850055461
0.0385629560446124	0.0437772321690911
0.0158920139818925	0.0171346489161181
-0.562100784559911	0.613636564222439
0.42566674790815	0.317854890134536
0.174407601644064	0.253519403339589
-0.604535515409111	0.626440875485318
2.75734920342264	0.799800653832186
0.0112163369592749	0.00803096522452242
0.0463134549062079	0.0443639666229697
-0.444034284432408	0.342648018045769
-0.0485334343345616	0.0403284251237281
-0.30578931082142	0.499366053451238
-0.153937045944353	0.215495325547792
0.395595339081884	0.408284264605055
-0.162240163152194	0.123935608416366
0.743971548105796	1.38924175826717
0.321383346397944	0.416067265306931
0.171565584826191	0.116281762962027
0.952024225447137	0.254550165942042
-0.241193660305825	0.120474605714752
0.311844620091243	0.323474573595296
-0.213288856213814	0.261277576020728
0.407017929252688	0.617001496200274
0.0510969442939787	0.0456718810302292
0.232310316058519	0.26943370214748
-0.01385168347579	0.0118419274751259
0.0675742203675729	0.0632239666295323
-0.105551856744784	0.098586214308411
-0.139082022094142	0.149087169821612
0.162989427486751	0.186256329843655
-0.325164024647167	0.308467159280617
0.306049565915115	0.360818316225023
0.111871365383398	0.0868360496893637
-0.253190142012477	0.245386697352099
0.102726275849912	0.0844205044645768
-0.399702644523565	0.475253933453268
-0.207927953438242	0.203347096693237
0.0424265327789695	0.0382313357823342
0.136989676749664	0.12659850096232
0.0109510224044698	0.00890194173618192
0.286256001974891	0.372227982084493
-0.701005939457103	0.893560497615729
0.567490020228416	1.03164118475219
-0.230409734273633	0.239675240375219
-0.416326632328953	0.545756575667666
-0.295421443680946	0.301201717990776
0.0291206051141326	0.0301352016345773
0.382738938289014	0.517635688822834
0.938993048265124	1.56044657431885
-0.125280459466252	0.117006634199213
0.51206348402921	0.584588248899946
0.0878433036171484	0.084793259354989
-0.453887120821764	0.579322024214412
-0.208032520543806	0.225102037765831
-0.0366850986419844	0.0316983540756679
-0.207441270549053	0.215956869651847
-0.31671045141696	0.42948078580872
-0.0340729545288545	0.0367111047238788
-0.936284500619597	1.85106001847515
-0.722425681181716	1.06592444845528
0.12845000915061	0.107867153044198
-0.537063137544359	0.741634636358096
-0.341533918186556	0.425748079236236
-0.146642470447481	0.163530616457616
-0.0854629337754915	0.0749616082128776
-0.356613743772051	0.383412068778734
0.08014478462688	0.0696528783800491
0.300071401471802	0.352589775787736
0.112884575738984	0.0901314144419372
-0.460391076500403	0.423692528718959
-1.0163117243873	0.903879554891353
-0.255800332271786	0.189445821090753
0.140510148384066	0.048664068301297
0.142649263660401	0.0617637455017553
0.784939525791512	0.466865302054253
0.949210941779115	1.13278717072471
0.174228362161544	0.132445506843645
0.155221386730776	0.168692774065377
-0.105519814846055	0.0747505738616302
-0.0383831267530782	0.0353594493976921
-0.167435386555158	0.192101697804068
-0.222188511228113	0.28121727485598
0.164321080555295	0.204486348153346
0.230714740491051	0.316049473678416
-0.641598517024712	1.05640942678238
-0.250290774755702	0.314791304227094
-0.102345519687926	0.113261366286862
0.204526606735508	0.22324527354453
-0.522675095612118	0.687564591503351
0.123688559977537	0.108765769449362
-0.228690570036855	0.205709936106895
-0.06780396046706	0.0647052247401569
-0.436484394927548	0.531093381251284
0.821442791984848	1.36110477939406
-0.0451461284857862	0.0344218750133918
-0.729514741858947	0.941478329042973
-0.228625847362294	0.22253363881859
-0.655411001541272	0.698868429540738
-0.794094390834745	0.805747254748324
-0.339412770165686	0.0990063673017856
0.0466095186093063	0.192379427734207
0.149675517290768	0.672570343021602
0.0741021524085903	0.205475320052311
-0.307478110970019	1.13372076202134
0.00766817364356536	0.0145995044371101
-0.629755507358686	2.30756292506392
-0.162925052886945	0.389372331725309
-0.364588178855746	1.04609175325
-0.233617653928616	0.529065769054056
-0.0341396476467775	0.05359254542391
-0.424519259420187	1.16190838495506
-0.373716083930458	0.893352606589978
-0.718775696917938	2.105165662727
0.113133774004064	0.191673099759777
-0.27533788910819	0.688123399648219
-0.321695736033526	0.615952378557993
-0.205807852923503	0.353104973723957
-0.522541675836483	1.37656365554973
-0.506687950436086	1.28713095441682
-0.324131814134352	0.622068340117371
0.49440917029207	0.969946728895932
-0.685809785542715	1.66168781829391
0.43742573845611	0.763015833669151
-0.727539282821169	0.251965799561326
0.198596084605691	0.183828542684099
0.142294270391309	0.190214430103763
0.0518943261202855	0.0642704839433051
0.692858577728191	0.783337740446317
-0.792228543698156	0.433907255832597
-0.285895987118095	0.460542232811719
0.825197882783776	0.954147957009754
0.158321872008447	0.03054890339565
-0.295098964621471	0.354698839001641
0.299605030927027	0.32645274696271
0.305777644894518	0.227733957900592
-0.793431190827922	0.85735058950286
0.0726642633665246	0.0803038860771395
0.184858284756766	0.219567795653277
-0.565941020903583	0.505129913883861
0.295601403427012	0.197549844688047
-0.0142982051403992	0.0121815474783026
0.00196660499643782	0.00149530423957699
-0.304721601904204	0.140994740770125
2.75734920342264	0.799800653832186
0.434765734153405	0.177993138783725
-0.285777629633304	0.29335785850905
-0.226988378975407	0.303145540265565
0.0567239269313272	0.0609326783164765
-0.123867980319231	0.117471543894938
0.112920129341159	0.0959882526838781
0.625895806906196	0.72713423738734
-0.321495749165399	0.325487386826595
-0.412719431023992	0.438251581726506
0.191053992012557	0.176217095336906
0.000431625310661676	0.000180634286154401
-0.118470519160173	0.0835425109310441
-0.772700662319486	0.95469515066178
-0.0947232490801573	0.0686269770802139
-0.0242755951276403	0.0182875979942771
0.383685324355661	0.322276802427388
0.0237286399480815	0.0168302895383188
0.641159522495335	0.574491821126334
0.483442027651467	0.422115968247345
-0.0321645399697293	0.020689918392848
-0.342111615751921	0.298022969547047
-0.257823731603805	0.275316519223157
1.02113041460613	1.9989218971038
0.062116630161381	0.0630002161677641
0.0946956802629698	0.0741506773707988
-0.365821157790388	0.393782778055658
-0.163507745976403	0.152391135062574
0.192062640827994	0.16538453519147
0.393774242578192	0.515049481625317
-0.462430130220107	0.462976165101513
-0.476401872794941	0.463934291603635
0.343904362920845	0.321937439733865
-0.239469019931887	0.198391930947136
0.0606305318543244	0.0487513748997234
0.258574522452045	0.23640719919577
0.305578171279686	0.297458871759017
-1.18132155125925	1.77955727603775
0.213283222315672	0.227662315007667
-0.636298372612335	0.919122052564008
-0.139955216551164	0.142468348141236
-0.636868945345018	0.962912712906356
-0.874168099481225	1.5665509554921
-0.635421219317729	0.957719323853425
-0.565527922950851	0.803644887796634
-0.459845131847485	0.705019457256149
-0.26000018221093	0.285201784131293
0.0750672193933021	0.065925230489636
-0.404540106681914	0.611671958854012
-0.124434766061012	0.14675951602993
0.024561743910459	0.0250244999828626
-1.00395194183016	0.890812861092446
0.307850089865081	0.179046897904157
-0.204181901653978	0.108364391425594
-0.724489220764226	0.25507339261849
0.148448238167646	0.0513076201238473
0.156051095201577	0.046868937559824
-0.27272077291293	0.169484200175145
-0.888360594245993	0.816644380524773
-0.568263618013396	0.624999550221859
-0.331897551164493	0.292149390863681
-0.0783113550860652	0.0804189338347205
-0.309028634045867	0.391337991176489
-0.391569060009817	0.44104698753404
0.255252684734019	0.244676424449295
-0.347437471523321	0.387706866366251
-0.549924435459551	0.640824273724301
0.0260082071997334	0.0221327173259182
0.372514170503132	0.465526774632167
-0.0636199068513753	0.062414450053906
-0.205299015002113	0.108252192056046
-0.327514614625486	0.38623804516078
-0.217549038591435	0.181665852022654
-0.344529418337211	0.274975611309166
0.300871849834635	0.214282055190525
-0.298238204592422	0.244443387135724
0.0914992850057253	0.430807695549962
0.0424784785476227	0.144812984469739
-0.181029469932256	0.727662973486643
-0.0217735032590264	0.0561920942288279
-0.220389848042722	0.698341824412371
-0.179201081715633	0.559666915332413
0.0259717025493752	0.0549752806534918
-0.0716315432769112	0.154321132323872
-0.0964255948436357	0.205883459402291
0.0606295786214837	0.132629319564464
-0.330898286126422	1.14924640202396
-0.553400266585585	2.12495243968441
-0.343855259266098	1.04742602986618
-0.5509186329112	1.61571219045952
0.0990593394329817	0.0967855875289164
-0.0788781200268756	0.0827317829882299
0.1689277996178	0.237161390273204
-0.231063785526346	0.42575017337218
0.48551195249336	0.792682363507902
-0.0246333990899327	0.0245707166462911
-0.353879920822493	0.481684983537285
0.264596661082026	0.320385395668761
-0.723310015883846	0.254344357266946
-0.581566128105665	0.76936989627395
-0.152669032697254	0.173117959699467
0.263070794217084	0.35969245723854
0.183715659642777	0.145053456696356
0.913191278903684	0.785714678702125
0.121615193577354	0.177196735072377
0.346325913982311	0.316068330710826
0.1535714904589	0.0530493054972145
0.788749296512743	0.737964447964011
0.74517677812878	0.612256044009863
0.608331920738238	0.45297535923792
-0.060605108898925	0.0449916186057091
-0.726336574388709	1.36160030599844
-0.189214104750603	0.295680764835444
-0.0917765885680028	0.0742706457757997
0.325611267378501	0.30755100001209
0.324417367356866	0.49133538414784
-0.00853982773427577	0.00951744481806785
-0.571003074691128	0.512239207933431
1.81929987358015	0.717843244648639
-1.36071452462721	1.09601813424306
0.942346064266732	1.12651996272046
-0.258333500737807	0.298129920086287
0.316674737708482	0.397160190136154
-0.434690657185998	0.7565716344818
-0.528077469198144	0.906418605822163
-0.164316523827582	0.192966394949242
-0.0193544316047106	0.0178853198318687
-0.78401701745633	1.47064577963521
0.720350771713759	1.30802011770029
-0.304079249847079	0.367355370470912
-0.411312290397284	0.551248893031515
-0.187739034808831	0.219403248550622
-0.467562875970355	0.655550708773474
0.0192242076112125	0.0190856931762871
-0.395103807537094	0.485680885710747
0.458508387779379	0.696573987198325
0.017569420788091	0.0159136783243879
-0.402121660103645	0.52696917119077
-0.613751846178619	0.931909687228162
0.366376619277497	0.570712951000675
-0.0526886543627184	0.0566919217062887
0.520080647861691	0.439813036990001
-0.0697602919750658	0.0732115409872054
0.0285763871500862	0.0275142007644437
-0.501839909703791	0.821211565541283
-0.348259901823731	0.415893132144934
-0.308937760348629	0.452837738829552
-0.165347437310893	0.173713180078928
0.316640425624584	0.32803007499579
-0.465735896032941	0.644949304045721
-0.0346893696265688	0.034593210716938
0.088941671180306	0.10266164712985
-0.00606998040326457	0.00653843125116838
-0.764840837802603	1.40914991093704
-0.0890163705732032	0.100142039913173
-0.674489110684096	1.20051944287637
-0.0632028812047999	0.0705515137418932
-0.65348285333444	1.05654687699641
-0.852308046400253	1.70492861941085
-0.298867322392073	0.308832904442299
0.587126463134293	0.55365240453951
0.0540357410726136	0.0328890995085136
0.269763031904062	0.229254818271868
-0.00734325599121702	0.00561410546001196
-0.928503591731165	1.36484641157734
-0.666354331547086	0.689579022179147
-0.0229870169447255	0.0150746317170499
-0.249110088631434	0.258305996575139
-1.00655698994649	0.900651318806635
-0.518478983206138	0.472208044139996
-1.0087208312346	0.893449161112748
-0.783302934579369	0.889135169411047
0.326308695505471	0.196186877800045
0.533235766957072	0.431295739764343
1.10280546518429	0.817019058950838
-0.196085673714772	0.191899278707589
0.028857177429972	0.0250329073444069
-0.0978017698870934	0.0867076169484401
-1.13476254486972	1.83391503804574
0.48417056788748	0.577958294100991
-0.432565164213125	0.651822929060867
-0.951497667648035	1.8952760024034
-0.617716969052614	1.13153932438343
-0.464660623543734	0.79754651367568
-0.428502527154719	0.729753845810994
0.0908707731166871	0.10488630868884
-0.846400131596416	1.96651987456124
-0.385965551823951	0.437225546418971
-0.327470178113655	0.400988794310281
-0.210899276032097	0.174889961251281
-0.107120930288954	0.0991966862203329
0.0271168818301035	0.0229565654031566
-1.06361282371152	1.30591628172804
-0.0180972669310463	0.0622283159301959
-0.000450618458465249	0.00130731099053339
-0.0136655504978704	0.0351034462152265
0.02396697390934	0.0507336294506696
-0.138105343177302	0.40098521457962
-0.0919344718928779	0.215260311803072
-0.0972242308376048	0.198587069604501
-0.0536471323618507	0.101721472187238
-0.223543507554349	0.601150187339177
-0.0101951613482888	0.0185958752800308
-0.0740933520758094	0.137490690322494
-0.00467738904698366	0.00790069668745147
-0.167670498194158	0.290707879880586
-0.586636036548957	0.871290151969281
-0.164908934377487	0.183754045724247
-0.217110856144024	0.2751086261421
-0.82386111830379	2.50586514554714
-0.570605442950891	0.726160271520159
-0.187835134675612	0.216803924955245
0.0302248925571689	0.0289059370836205
0.593877453964641	0.802477523852384
0.162378104800928	0.0310834456145106
0.0540515174731767	0.0443882948544391
-0.0900382932379217	0.0864902279425581
0.255715168995956	0.304644782233059
0.435551231623655	0.414113059735434
-0.191887889315755	0.102858540446346
-0.0185699399756141	0.0204772993114213
0.65220398413682	0.68125730356144
1.96025897070573	0.471212877436839
0.69391760199383	0.330522549102325
0.665465283811514	0.464419179892715
1.03515111598185	0.401690296345324
-0.643718863789732	0.611795910944182
-0.157351954974876	0.172805554477593
-0.379898442004286	0.731423088599131
0.467127026902189	0.531245883322934
-0.860614725821982	0.973079101391725
-0.434060254581858	0.728617305062942
-0.335450883595526	0.504838287008486
-0.983122354983893	0.965212743151981
-2.57450915234243	0.686119713628322
-2.06763090792947	0.961174063939687
-1.27586123258353	1.37732168669773
-0.467177358596888	0.569575949265005
-0.250069422914154	0.24064883441286
-0.705193640438972	1.06805750704073
-0.188865605355233	0.210647315486483
0.319042731745243	0.418027007100373
-0.194457354293885	0.227128905804847
0.713642091668403	1.07592168094659
-0.156260028127963	0.165502120872001
0.0102687783844811	0.00834375817007197
0.286045074587014	0.332965104081808
0.142726330438026	0.150226210039318
0.491865301544435	0.664123704786301
0.319945382994283	0.348163776432994
0.276544689863856	0.349134007310202
-0.363250615331702	0.477738565890445
0.559701074092735	0.84260118262348
0.402825716326783	0.498505433374777
1.04068870979593	1.40269157418246
0.0225315269820505	0.0223368986191138
-0.63767816985773	0.938372073071023
0.485540338363413	0.741209446956035
-0.548536381146397	0.890997173543418
-0.0544214874017617	0.0560787843667919
0.0211801576696134	0.0171152406593332
0.359407158277904	0.39801466229849
-0.102406305777546	0.103579158401593
-0.351657056288395	0.469191512464141
0.306867190976616	0.43799241373086
-1.09967866932265	2.17535463950333
-0.104901969454964	0.111743903094707
-0.421110967366389	0.608168664260543
-0.503385826094792	0.755264590504788
-0.160932991646873	0.16880442783934
-0.482521517757292	0.74223850336143
0.310961997497453	0.366839108543299
-0.653421450250649	0.670389326206625
1.47493683258521	1.4529292683874
0.168245865820717	0.114047138632811
0.0470988280690402	0.03569925417868
-0.020365897518346	0.0154444921527291
-0.861328927805728	0.979220359201908
-0.38923011983514	0.306025884449632
-0.192437698987974	0.103234446109599
-0.113671195820688	0.0885030910957727
-0.0531759148452697	0.0233505396117693
0.503625282408704	0.311316234276831
1.03642921619467	0.944352632257268
-0.557773987038138	0.499065985812048
0.985549983798346	0.791989418126327
-0.935796602600482	1.1154726332817
-0.657903129929074	0.38825103842043
-0.575468306887415	0.757338480840172
0.0148469393164937	0.0123222626282854
-0.511446447007257	0.706271859846831
-0.395169374565718	0.369439674950687
-0.654262853394044	0.830290398706848
0.523879961012005	0.67958081686677
-0.200750266142566	0.24108591850099
-0.270860207522819	0.347315134264722
-0.324941204071012	0.438885649855498
-0.277975492928702	0.376445028820758
-0.0224721869848757	0.0237350746987371
-0.138347122491716	0.157165063706226
-1.1034054044922	2.08192220262474
0.146942871349967	0.146196101505755
0.0133107766069652	0.0110829524633992
0.535234963317897	0.685449890782227
-0.102615660850188	0.0982989038060563
-0.0284507332072518	0.105246501347272
0.0282904582187258	0.0934075198102601
0.0728039247116264	0.203999080223767
0.143635535562581	0.462872751399582
-0.195212710279943	0.650538321808578
-0.00348118811668801	0.00678347899922535
-0.0311306191998789	0.0616219372926361
-0.0378877798438586	0.0808025912874253
-0.196816683531473	0.558209791010308
0.0146513993827391	0.0263066614553818
-0.230368142221066	0.582814457743392
0.442982156960261	1.12581737661237
-0.660441721372014	1.0172823022778
-0.115545281003591	0.107742790402012
-0.0473949879884555	0.0550409548618607
-0.43979663698086	0.900031288976921
0.282433514446768	0.320139077901408
-0.00477386167868232	0.00480102796283842
0.541874280006536	1.02517733979935
1.22740855546839	2.27446932141493
0.1550686105067	0.039449504415366
0.328585972349678	0.337401734862663
0.174965770880657	0.17572278358443
0.409576489554765	0.587407611833707
-0.239513871746747	0.196763863956248
0.0597732186815086	0.0693713017078394
0.951279863317084	1.64954664943131
0.953397312790705	0.252738122158945
-0.00852287478239903	0.00565305519114335
1.02512097723338	0.961957091839202
0.144286982231628	0.0740899714819288
0.737344379822056	0.701028703432283
0.507143907337625	0.722702469643393
-0.19063649861497	0.260522785502322
0.255730069153424	0.259758183173239
-0.633181469927951	0.764795477291905
-0.108028990660001	0.138266039113729
-0.331987440400274	0.59151097983192
-0.0677675650224673	0.0490178991563175
0.173098035606419	0.0436660682371104
-0.781576036796503	0.421742939326725
-0.276985569094598	0.171131472917364
-0.364151692104308	0.540573176169799
-0.226169915969493	0.249652907372947
-0.235366236003182	0.312372036245918
-0.192598229313551	0.247346093495511
0.37627534386095	0.503179246201314
-0.306115921670928	0.446285441043754
-0.147913411709244	0.149604015378217
-0.225016180829796	0.232756251951921
-0.0959413934417383	0.0963648560768284
0.24229968039628	0.302426160541502
-0.524711250321629	0.693833271775557
0.084028857825306	0.0848695662794398
0.384383286166342	0.494414465316481
0.247304821905852	0.26598314569353
0.319791501202206	0.455764788608102
0.0603205285120978	0.0387917443167088
0.312623901144882	0.360976456676204
0.0458390001910479	0.0469044846399318
-0.161587729558352	0.202363956283529
0.253148384835029	0.318189161598987
0.243728423081208	0.331176564985576
-0.0491437012755404	0.0451598228869836
0.456027195924076	0.591078281459836
0.338352854552625	0.436925973877543
0.5201505141423	0.875440277003914
0.223511963002172	0.297216046976476
0.357167060618459	0.523619444883158
0.0287537552064832	0.0293172875158202
-0.334200370079066	0.454052180656795
0.283224131747839	0.374412888351811
0.242918958295599	0.313413717135074
-0.254895950589593	0.326569613917459
0.369812734652876	0.48403102365458
0.0661259844008393	0.0442545061515524
-0.247345543662406	0.184838891520962
-0.183338400274065	0.121229189915387
-0.658065895107792	0.800021685347691
0.380894849843023	0.403225162517242
-0.576257938334851	0.553931619498996
-0.414780876015635	0.383918149292196
0.470704159393239	0.427404213498665
-0.0361350459264303	0.0306192859692393
-0.799280494582419	0.679003685954546
-1.45170773394506	1.28588860651073
0.850782526471876	0.752424175714647
0.486751144526596	0.428951359914621
0.148543485158147	0.0770904137581971
0.177526196395514	0.129906595300435
-0.483444807189348	0.251822103779284
0.194372750258364	0.190997431962511
0.89655117460123	1.34545276747781
-0.0553876485156657	0.0571555915090112
0.266383671305835	0.225504230287313
0.360258558257389	0.425205141122434
-0.336523464876954	0.359644705018137
-0.195557947467531	0.229986546915374
0.0692444693261581	0.0845722136524992
0.324682937248543	0.504416477262149
-0.37797913940259	0.617128546226349
0.277434600195145	0.414493916111251
0.158656402021614	0.205537342437756
-0.0781889965683689	0.0638599884502871
-1.14235343443303	0.349148050508889
-0.293594086184637	0.280592605818855
-0.247530661474454	0.123524940435766
-0.798241435951105	0.680245907450511
-0.1563372797959	0.141330286895268
-0.114095116765621	0.113247791944474
0.0822862408430164	0.0724671016330039
0.137536606593146	0.129039695306712
-0.137359350305117	0.134334328571499
0.43133868427462	0.489003501671728
-0.0254955853008717	0.016717687652283
0.00924814642846512	0.032541349741207
-0.0161708741258605	0.0492661936258275
0.0501485063469162	0.14776238310026
-0.0857210868484549	0.249438795626023
-0.152029026099046	0.440865517197085
0.101033833566047	0.255444227164239
-0.221781055935758	0.721242233911188
-0.137220640460917	0.394256221859167
0.0425572483485104	0.0854730982684578
-0.377518567086632	1.21424706649794
-0.156081529047173	0.293143699358538
-0.0566920979050149	0.0552002208387462
0.0638846901819864	0.0614733455164949
-0.30645504856558	0.503398215182339
-0.475683309352675	1.20911084834547
0.29767122822587	0.348886066606358
0.359247262729548	0.57380896527387
0.0256230550566614	0.026981937440346
0.176596702177358	0.185539261170626
0.14747235832892	0.143992947353232
-0.167271595509184	0.185044342537805
0.129944509265415	0.143561991686802
-0.240596426968559	0.198417786496439
-0.143242614854778	0.206405120504575
0.710550736814573	0.873807104757912
2.75734920342264	0.799800653832186
-0.418728922018531	0.233992681958634
0.68632892356317	0.589387984102305
-0.0586144851500314	0.0257537103503205
0.72923167351211	0.892764013479924
0.37738265474374	0.552938773372381
-0.486819211567135	1.10366088072977
-1.28666495213428	2.21159082164324
-0.264235352142835	0.253467173375225
0.169790324121528	0.243345492271735
0.261220184627827	0.43318704757721
0.294608949970695	0.237060800999615
-1.79541110556836	0.406108159138969
0.165674434882817	0.0422257308822068
0.31629069211035	0.203482579499657
-0.542905477879445	0.530639521811683
-0.0719526121977373	0.0652628385796231
-0.821392341727311	1.71797521591554
-0.323172442497886	0.440734682504459
0.124737312575335	0.133801959055201
-0.196018627042261	0.250065650251626
0.329870570858872	0.448638054215676
0.322640340424448	0.442469254698605
-0.310579328561311	0.420220134454872
0.0532866472666541	0.0601495841432835
0.203751550327478	0.252894133483365
-0.179977125553932	0.210900129195473
0.270554195270864	0.364712770325743
0.113364838146054	0.134825347060894
-0.0143181726290409	0.0154954903050503
0.344638080418532	0.322079945914408
0.424876910729837	0.697404877875108
0.00747341869597247	0.00867001270559242
-0.274642809974335	0.394840183231949
0.116352143617407	0.125821610173575
-0.231423689258442	0.313910925396483
-0.308327463057939	0.374679915386484
-0.0746581095298764	0.071055749755358
-0.998836055296564	1.93178073166003
-0.0395490862461625	0.0461071545125182
-0.180238270089026	0.250082932089777
0.264471711793565	0.368443421508586
0.205989589475417	0.260320679219856
0.0559756722747598	0.06203204941127
-0.287420648037768	0.376763855663182
0.423193424208054	0.555862120121341
0.161396071483909	0.184335908078322
-0.0219446908314528	0.0210218272359632
-0.22989781835103	0.17367789034766
-0.56951040419858	0.516698007809313
0.471323817892066	0.429572908346347
-0.223889380584926	0.200781896766832
-0.0812243094099722	0.0665394638094995
-0.779970268144666	1.01719279307615
-0.600054312151136	0.618371202565007
-0.0655945145215464	0.0412202626550654
0.21342108600516	0.206505295117576
0.497706734175513	0.312081040218589
0.101128061557236	0.0782395095922634
0.0329923601746963	0.0235408646420382
0.772766461266304	0.80709368766602
-0.693016107347618	0.475558613619022
-0.227239968849367	0.171673397411886
0.0114689978493334	0.00629099386666751
0.0843441621040403	0.0783083450637879
-0.232076501157864	0.237463951343513
-0.426129431098374	0.63114267693485
0.0795430866585759	0.0704902228469596
0.441371809615305	0.490660825477378
0.118145895391485	0.121158930268804
-0.358075534511746	0.519556276783787
-0.32421602132741	0.457473118395625
-0.207855116935095	0.291292436360372
-0.138394509635751	0.193411401091952
-0.51784553746378	0.915734989925056
-0.645907032200881	1.27245177976178
-0.333188526748196	0.411987935768588
-2.57450915234243	0.686119713628322
-0.542956639379247	0.62209691879421
-0.653961489643565	0.388801601271304
0.00730095239537933	0.00502753651372556
-0.405818249317531	0.227199486041177
0.313004716006179	0.325879854840967
0.201288584491228	0.227017680186797
-0.114755422307111	0.119006261109692
0.0760603705713527	0.0658517700518433
-0.564805819482336	0.79782347402951
0.0214165799326956	0.0181879593267457
0.0398703440368303	0.143311473246067
-0.0987853457773778	0.382660654598719
-0.0138173551133034	0.033630333366935
0.0702363646933192	0.174740977533142
0.048781150776272	0.105555351741545
0.0358214504775641	0.0774824371472121
-0.142645390820137	0.358495365160459
-0.118138465969968	0.24676756847616
-0.0234765677413069	0.0401209390135483
-0.304955446052678	0.627940453223318
0.300065200455669	0.339703653561003
-0.221110101753913	0.209923176559352
-0.140588254708329	0.159723789371921
0.0194283735579976	0.0250652023503225
-0.011610181737756	0.00986590793602017
-0.103015175109509	0.0984188959511202
-0.196232060235628	0.23813382338898
0.373474735198628	0.433152691123229
0.140592656442005	0.129569795175418
0.395164388239634	0.496028550158633
0.168319739932604	0.173161349019111
0.275130675644944	0.218794922846222
0.536918105183912	0.935832792405994
0.0781378523676587	0.0557651538137495
1.325541173279	0.596317804415036
0.172099498514512	0.0976712831534883
0.341785925533464	0.188728112740417
0.82493131602098	0.351889185090344
-0.969043950090928	0.935889590599425
-0.0436965630412576	0.0398122641371843
0.220426988960067	0.289143364119095
0.349642599445084	0.320856539879713
0.298714395517785	0.213035607178361
-0.18471898907149	0.245795220685247
-0.260139296397671	0.364235448244363
-0.150764547849214	0.128887056424172
-1.79522376365631	0.406159618358576
-0.100320086642903	0.0403148486978693
-0.263324332827812	0.249966161693091
-0.0933613865381176	0.093709371014784
-0.2191043448506	0.24309431928779
0.941950719430437	1.93154166967075
-0.180608264985102	0.192059448078669
-0.276140574683944	0.300579426873866
-0.0191218393537101	0.0179746516636995
-0.41832735053537	0.539430306944392
0.363497706981643	0.422100057454761
0.363065478046047	0.474100420541108
0.614102585103684	0.940378412951335
0.247677400598	0.293478910957391
-0.218950490547992	0.228419192956458
0.327571033665508	0.195796284311595
0.244228323286604	0.261812940090311
0.101736502994738	0.0966361271565614
-0.234368655903152	0.279112915369129
-0.0911485399211151	0.0910744426262201
-0.165321607294083	0.166002679748696
0.299425169530298	0.319468638849193
0.520090732339884	0.608300311636572
-0.643475240203254	0.976916560467535
0.212745337729697	0.244668483712098
0.3139670260089	0.408607000311547
-0.0569536247202416	0.0561519675321518
-0.220691911335462	0.251294333031677
-0.187304851601557	0.208455000245106
0.339385709707188	0.378829665769472
-0.0529994792809517	0.0487314828915979
0.243011127582056	0.304831818810474
0.0238812085991207	0.0198741223881833
-0.296156455341102	0.214286696953768
0.545802049230405	0.450326071015895
0.171191972032802	0.0960249359460191
0.277579431090672	0.213627226614103
-0.317270909470552	0.254787261116817
0.292714614455088	0.219647079463838
-0.583644933971798	0.559898045256633
-0.798543099715487	0.519949232284594
-0.131708590383847	0.113479644261096
1.24975000541101	1.02662939868844
0.295172491336246	0.210060384891894
-0.798894847486708	0.525075862134271
0.540393852852139	0.541041761220883
-0.248829068599719	0.124639701897521
0.174008758929853	0.105969052623753
-0.193831091618917	0.10352085142089
-0.275107685314208	0.266137375276327
0.205047797047393	0.185690852880776
0.200870715516268	0.218721064429432
-0.965764311934027	1.01876424991072
-1.00975149405475	1.19731849176355
-0.0221017122604704	0.0167993876553019
-0.328324544113521	0.375930544913212
-0.299169204319045	0.370797965207977
0.369504181585317	0.518091183101594
0.599365921890576	0.939473842262428
-0.29159937828614	0.365598213961523
-0.409741903572604	0.460905316932788
-0.945365455487059	1.33847485209786
-2.91650744275912	2.1486634750317
0.142482706235465	0.055536351134023
-0.993484012081537	0.50037164078255
0.434547911604503	0.436925293450035
-0.263936501858197	0.257576370775475
-0.193833118413215	0.161838725266434
0.45291768590592	0.571602639823576
-0.847875336143586	0.952452181705386
-0.0388441694717989	0.153437065595019
0.0862213786495896	0.347118456092586
0.0148512387774853	0.0397685782928699
0.00912702495385105	0.0217671927378525
-0.0588533395428247	0.155113004383608
-0.0245402128185285	0.0561635862434696
-0.0473872017080636	0.107388960388527
-0.21811263394353	0.603423549114745
0.123319030324252	0.264549282005825
0.0556566614453261	0.0648577576860917
-0.974072918377108	2.44641665678798
-0.595813501102311	1.29761814687445
-0.115511508001677	0.211144383234909
-0.258938491298518	0.327871951242742
0.71591070282727	1.76386141436757
0.151217407052266	0.211127362281098
-0.106798183786522	0.113982699757548
0.201680413471378	0.213244695693257
-0.438840794507021	0.706152505768436
0.152651961530237	0.186245579009636
0.235235250943951	0.230676965702185
0.267074993660682	0.453945140703813
-0.0913128636265466	0.0864619405996462
0.154863985111538	0.046749770246217
0.153273842927411	0.080152227394613
-0.287513162471159	0.256476788263623
0.789000602360943	0.473725876610425
-0.457946721482201	0.509073808828569
0.20299287863931	0.256376544666357
0.219226109399953	0.350192019097409
0.0591380140878953	0.0475904099513888
-0.0354990513893606	0.0294116883609628
-0.0862731868175431	0.103710748144321
-0.382417977377168	0.657670957633826
-0.196213671258148	0.15058712133065
0.146914807989454	0.166175537470728
-0.211341584251099	0.231668409460561
-0.0409719984956826	0.0432486108231859
-0.279888771992334	0.352213137660509
-0.24364743468827	0.28830791661824
0.0762533582143169	0.0867324873109395
-0.0790900956651907	0.0773198600747344
-0.415116075678411	0.582069927212933
-0.0118497590113715	0.0120239499355627
0.436066355279877	0.648566404385647
-0.513260155763506	0.535465274854846
0.252019129765555	0.322237064171722
0.128252709098688	0.146909496199744
-0.154149416568085	0.188450257989397
-0.0505794196102394	0.0575398025037577
-0.331859887411097	0.431543680557678
0.461786945195701	0.700980447764643
0.243696813894076	0.256810862502313
0.560194543418825	0.983258314867944
-0.114967969198984	0.146314745053392
0.422440014611415	0.709255356417827
0.169170385231387	0.216559437406396
0.118158237731086	0.133495677612925
-0.0133027072998438	0.0143748762497993
-0.13642649841786	0.163266073287108
-0.320227374906797	0.440190518552152
0.106452478353438	0.115127610185882
-0.225595985227838	0.244348322073227
0.0504494674634456	0.0393832858071463
-0.584821189351168	0.425057001355186
-0.77616015298845	0.873061772155993
0.0372629577213177	0.0274877358532831
-0.891385258095298	1.15400423382277
-0.415773692051502	0.483304556936413
0.0975871058428837	0.076710720357443
-1.16562614028835	0.98399891013161
-0.299830656695902	0.353962296454365
-1.34445162532831	1.32039393071126
-0.660764964820063	0.446819274288995
0.0395890027534523	0.0301275597127058
1.15903121742151	1.52024041907154
0.00221234223844761	0.00150446935159625
0.667989154186921	0.564141160178988
1.13044580911949	0.998896073795092
0.479813685230859	0.585831107063916
-0.605216763864841	0.808841763218293
-0.190946540477908	0.223345766103357
-0.401671880286093	0.406318588889351
-0.0953327837219121	0.085858177962432
-0.181058742004588	0.189842580753535
0.0192580232255468	0.0183986245375734
0.117654417532991	0.145437701899651
-0.0249266888724631	0.0253682269464404
0.0355569422315758	0.0378849730966444
-0.324748901498709	0.473499636568155
-0.444705369848516	0.794243402298985
0.187525696623724	0.17948734587484
-0.623695063230009	0.152227657420805
0.0535218282906267	0.0327993203465969
0.0706374093604014	0.0471966834252566
1.14753347578541	1.38121137237226
-0.253609956698448	0.280675623290918
0.0973642973993273	0.0904781628930939
-0.0628666890258839	0.0609446722007852
-0.454550457536767	0.482763077990334
0.311233813145891	0.33538983669126
-0.0206362354910009	0.0765004256874386
-0.00799516496236057	0.0251765774325617
-0.0598850768950167	0.182836539481245
-0.169921506718201	0.645299502566789
0.0693067841109208	0.192920959766848
-0.205673154577836	0.655819923125086
0.0293689037598432	0.0624141212319122
-0.331042811748019	0.974021612545749
-0.863626568379717	2.16990175802024
-0.156235187398309	0.210604460829065
-0.143914363861883	0.21636669554076
0.127494995644735	0.228882655132508
0.325748135538404	0.516384867463777
0.0201830238161624	0.0222084925535601
0.137489661048207	0.163098033350693
0.141682987253422	0.161462523887973
-0.0355853227322201	0.0229150097327452
-0.304051964505254	0.242910445198466
1.31990734853467	0.587765827389329
0.20299704774986	0.175723837360336
-0.207162405443831	0.244145862618471
-0.292614027233161	0.54260249953614
-0.197475613355263	0.304585857601331
-0.101308389294461	0.141827322065292
0.0936434810556883	0.0695223484620023
-1.79522376365631	0.406159618358576
-0.195454252022092	0.240565401844307
-0.110789647306978	0.111391291863384
0.0410463965773299	0.0420498716615641
0.0530078963860056	0.0518500174808269
0.315337914999838	0.436145636571023
0.644986767096263	1.34405591870244
0.0357781086845685	0.0350000623311503
0.63421579666859	0.656594816389437
-0.022361344652562	0.0197721558550876
-0.795110053340213	1.54946682110572
-0.123519999460723	0.143577212832029
-0.0964372362742171	0.103156734888432
0.127295860702726	0.155013435897553
0.261968013814906	0.337214781374262
-0.261195473979428	0.311623773837972
0.0100181478563682	0.00950587336512597
0.569428371176347	1.0762602470501
0.608508108325256	1.17009305845624
-0.0748177044393383	0.0805449024074427
-0.0597649050360828	0.0624913248203369
-0.188173264490923	0.272248106810703
0.149384525171192	0.189861201114532
0.134243960505533	0.163003401154608
0.0758533264559877	0.0852447397837566
-0.10661588068592	0.114658767923866
-1.02245306372513	1.39223269399065
-0.30891631568663	0.250516636712314
-2.11161253552171	3.37225111311933
-0.582697780071616	0.693222469065344
-0.324524587071517	0.328646388365525
-0.431613225577853	0.509631461494127
-0.566929105513906	0.59495984841063
-0.000232696299392721	0.000249334849749817
-0.386060545424966	0.492273642421588
0.148386244703268	0.0835760073618346
0.613102085147199	0.563559314655352
1.22014501119957	1.55714496913284
-0.871192375676314	0.926785692179287
0.0454838230838671	0.0261105220342907
-0.651382680962871	0.622491198082206
-1.15772257935818	0.645170324400949
0.0335146950465865	0.0308279057476061
0.0353485171108673	0.0302013615260589
-0.531311504995842	0.76561558618393
-0.668793275745387	0.727995379385811
-0.0563797990022042	0.0470148354762242
0.00769473658851596	0.00734292080355071
-0.132469158263282	0.147142958705368
-0.438412708178914	0.756877248797842
0.0676871720713588	0.0688477852730968
0.10745347540821	0.138001797114394
-0.0929715808467446	0.108387604546658
0.172037565937498	0.210140177890596
0.139521845786864	0.128730865204873
-0.221549116887011	0.0733586886722837
-0.469642648840006	0.544804876676738
-0.321009592864018	0.392196219234598
-0.246164022510924	0.123647724489227
-0.0201025828910255	0.0131941536948495
0.638462620164008	0.561188137121875
0.202266024582217	0.191485017757286
0.145378964185237	0.149956154199263
-0.354501843528123	0.398063643748687
0.0405006351010222	0.159994162293511
-0.0176294131622147	0.0549754986792566
-0.172019844722271	0.700605342550402
-0.195086439929462	0.718586995064921
-0.0611022912660591	0.143473516146676
-0.108146568487439	0.267286962157597
0.0931567194515879	0.179835942345677
0.0940343792232752	0.117968241476782
-0.0103922873756977	0.0117570306171638
-0.100060160409537	0.148192913897029
-0.271315304752491	0.599839335102951
0.218068483519272	0.339023560195668
0.00416038734031679	0.00458059927071063
-0.00917145266211499	0.0060969387804635
-0.392452216038843	0.165928108257559
-0.148263816625533	0.116340672839841
-0.423559799001546	0.453181672112179
-0.532348475818619	1.10133902952689
-0.0591803714910909	0.0702527223766867
0.265943067716983	0.232526953886957
-0.903358243344427	0.734409366240362
-0.189351973688216	0.211527471960929
-0.0866489579228762	0.0839958670410371
-0.0577538994201347	0.0592532667101034
-0.16430076264504	0.165219257025647
-0.133884057486074	0.158946484784847
-0.209519465366575	0.227849292408234
1.57355832208282	2.13435248776393
0.155823670135914	0.164199488464964
-0.0559147029826105	0.0566593353226818
-0.0242113725783144	0.0245381533858885
0.435552843221292	0.579879312566075
0.396098588920408	0.574627482171966
0.0997900515281934	0.107798734251454
0.0166768469412008	0.015431286156277
0.120358581922353	0.123615515921893
-0.165258506296582	0.216252521423288
0.163461862210933	0.194280404327973
-0.180772139598781	0.218385375174938
0.0773213726538233	0.0787621346380706
-0.051552162955434	0.0534816809175589
0.0614138621953992	0.0601675096500958
-0.288119434323549	0.350883075606934
-0.268116631217692	0.326520380363269
-0.386764923416953	0.437874284327747
0.325382556796941	0.326770598350106
-0.867560578893125	0.85386342095853
-1.35752595990434	1.5598880903008
0.397592127318397	0.425031094200937
-0.0969203062931632	0.0866971887692118
-0.591275661210526	0.688853189632107
-0.174354941086334	0.135076647178543
-0.522415988966797	0.479477875824874
-0.729120256037507	0.951031212930396
0.484307119841294	0.443743685472659
-0.702190781947017	0.662338582176129
0.700375251600963	0.69745859400427
-0.489919329363617	0.485154708351653
-0.674767269777189	0.470610632778203
-0.0771515395591604	0.0466003069231918
-0.123256409658884	0.071994503011654
-0.138260217286047	0.13616180304132
0.452670478755904	0.605829588035956
-0.266967042992931	0.306761745489176
-0.17562945174189	0.151977795970509
0.965847368720695	1.42224917304895
0.237922053264321	0.288374958132351
-0.260843036071495	0.326884343332568
-0.145256142443288	0.172658571947689
-0.00373223441538433	0.00373783349765417
-0.0537919473931123	0.0569910320672217
0.134030956975275	0.152310910556046
-0.0245850548497142	0.0243697831477593
-0.0703316693420757	0.05827506428829
-2.57450915234243	0.686119713628322
-1.16024915350832	1.62426683192384
-0.286512628759149	0.340357220936958
-0.28693221878935	0.293680914245941
-0.97439858548113	0.945125637300948
0.121060091441576	0.117564430095255
-0.379308883432368	0.425359204483555
0.154240412315027	0.1652531082358
-0.14893960801169	0.139280338883362
0.0845143834853762	0.385318743315947
-0.0887874708628572	0.355840533313952
-0.00491817804863667	0.0125776670932801
-0.00988693930666113	0.0220749192814392
0.157890397030998	0.4624371293065
0.155847138366865	0.401247203577175
0.225237076667415	0.383885390333596
-0.0394231666668249	0.0486367317761402
-0.291256274028197	0.570088139238337
-0.31484810095714	0.859831926709411
0.309063958660362	0.538846328470673
-1.79541110556836	0.406108159138969
-0.0915451766157304	0.0663176540820142
-0.364004397149593	0.72065386683786
-0.169483923056544	0.235943177693867
-0.00492951519960668	0.00583953589104863
0.279097623679941	0.246234963019426
-1.05017510313319	0.830186990125664
-0.788421747148732	0.899491257434209
-0.321563689894769	0.447514270883243
-0.573815522919922	0.980051223921345
-0.239836067952201	0.295795354823438
-0.0411196842702095	0.0442978706103815
-0.14376774712416	0.145811121097655
0.0716850293338281	0.0773594952550196
-0.185507336930287	0.198011667343617
-0.00935758614498429	0.00809443765000222
-0.306567139140909	0.348344325337767
-0.130440779067634	0.131611944656679
0.664725983615547	1.07576986099885
-0.265229748084226	0.328552631773548
-0.148966610434302	0.117271576333101
-0.435476776043795	0.620614563499577
-0.187221785262633	0.226609770716012
0.424247463535783	0.712619288710323
-0.344124506129657	0.480735391418695
0.274053558005246	0.341678288710414
-0.284731162135872	0.292583658714273
0.358288116258035	0.434399029300561
0.0141079647457921	0.0133157039391193
0.168948547943656	0.216639343632737
-0.24890443902608	0.312745714404699
0.233638702647727	0.310347733080511
-0.525389667399156	0.740741885721402
-0.758229621779392	1.54049434856343
0.153727842301792	0.182030986702626
-0.269260224383646	0.329448517129786
0.458676105926191	0.734348110234745
-0.515185698832196	0.691587949279874
-0.226787295135521	0.191099988962615
0.165129711402641	0.105907123701944
-0.471328477003358	0.434790808367252
-0.740208414376383	0.890725337032141
-0.384561868188962	0.333496571549239
-0.974215351582049	1.53728121982458
-0.0421248975639042	0.0312100562806733
-1.43023250629866	1.90584956919114
-0.0185251540868357	0.0158729124080424
0.822322768635328	0.843084730353492
-0.134777549471606	0.093761001941707
0.0952416190446829	0.0729455220348084
-0.590700296610642	0.429831653182198
-0.792228543698156	0.433907255832597
1.30697129499745	1.77736175202596
-0.00465946912269817	0.00234130710990599
-0.931714318474099	1.36815743513162
-0.748324070543762	1.06644363677282
0.249818066296775	0.290579875432159
0.179901941617046	0.139874222525101
-0.195134060628979	0.198877338172859
0.337515349750118	0.404152157799418
-0.0838818512556177	0.0973661609219326
0.134638033168541	0.172930143920154
0.132827135671371	0.15552178241523
0.332183638040311	0.438913554015689
-0.152181299265314	0.202614259473693
0.351404097242688	0.481457688659603
-0.0517736906118021	0.0430825285507491
0.1588995276689	0.0306480879354901
0.058652902556614	0.0481030709206663
-0.630387796103987	0.911865512460016
-0.840126165264626	1.03149368240476
-0.161301530876776	0.110480680063026
0.184442633461207	0.165072034392018
-0.139417355648591	0.131033439092934
0.0588657937092397	0.254007891085898
-0.0896793116903035	0.367485911982939
-0.163850637994826	0.626403516373844
0.0752507043689489	0.21749071151315
-0.117106239280449	0.310727842666487
-0.00446519816893231	0.00602558906989965
-0.354205386040513	0.751455254548488
-0.132352209670446	0.258542088631158
-0.00104100741232976	0.00185678271394276
-0.207924233055221	0.382007056395429
-0.0746844017726864	0.0711920419194034
-0.163924191240705	0.168792931101857
-0.260570058176655	0.467583588615885
0.208024128317044	0.349700356080195
0.253724369976399	0.218641250346435
-0.224047591747806	0.0740771018889209
-1.1764533429977	0.672969207367666
-0.455245831850313	0.741760126818879
0.0621822209140152	0.0679501367208103
-0.0856510292588773	0.0820050129042002
-0.0606338555081876	0.0561557826775631
-0.142168937028466	0.151879152811067
-0.0862359417829507	0.0903919680198065
-0.107945308555767	0.103690208558464
-0.161070828049395	0.154805705061848
0.0625832170886136	0.0691459646642733
0.425757256089072	0.686056210370563
-0.0362339266046258	0.042464362581975
0.134481587837839	0.163271947157471
0.383225747778013	0.628381888505575
-0.157175287304848	0.170175782082189
-0.330158544890362	0.390134078738861
0.234544880503632	0.279619920892493
0.670070161604212	1.40710681931879
0.00572317089079716	0.00647148221351162
-0.00823382623287375	0.00886518330200245
-0.126037744297508	0.161861808887992
-0.233624678569944	0.329370297967053
-0.141685696433322	0.186884844973153
0.272835385963785	0.36718011686462
-0.510724255979184	0.922014560411468
-0.411275035370712	0.628083603973678
-0.886995845708687	1.31534988985219
-0.975379535811707	0.955964985473652
-0.00720212516198047	0.00486584559918475
-0.0312333532308418	0.0260654115361318
-0.153743272379035	0.144578145867106
-0.167112248401902	0.154767380149356
0.267362766648659	0.252986804464804
-0.873230307093771	0.930323698715019
0.657882083548315	1.03550736320011
0.3084516397857	0.219841927620705
0.382316873873392	0.390352961550936
-0.544406800296187	0.453786968468633
-0.0293471342215964	0.0218971960344223
0.173975396706362	0.112668362749956
-0.19358341474036	0.148298499802362
-0.242556966300628	0.121754749361805
0.454595836562735	0.500823044451401
-0.0211350140246616	0.01926074115081
-0.527149897628494	0.822610481920155
-0.148373835339622	0.116576465682506
-0.585765521562247	0.7781000666286
-0.949392102443212	2.04958339011559
-0.640318500947727	1.29733058184448
0.264369463861506	0.404337128512477
-0.403867592159027	0.688051084672554
-0.0454799857148627	0.0511967904868347
-0.283170237370773	0.450827169105796
0.279042024118173	0.466943809709137
-0.133620614527891	0.116807993853633
-0.346167140140093	0.100935083264355
-0.452655864251062	0.572349676110574
-0.557536440980427	0.790742434586721
0.446260723769811	0.319961846655094
0.213235298154181	0.231350747440507
0.0343448723397303	0.134157816712557
0.00930901217910669	0.0285976591980708
0.143148711546557	0.545438854429446
-0.053448519154051	0.137456051676554
0.107892397060727	0.187745134110755
-0.0216729253236742	0.0310719284422321
-0.133533140831542	0.27703305250399
-0.053241997866384	0.119270326103972
0.0140639367070801	0.00767673567955717
-0.398146642006945	0.373743153616052
-0.0859958441458769	0.0517367107335132
-0.4643081126756	0.51486218532061
-0.17915003870197	0.336230395615008
0.498602359530979	0.671131235499147
0.0113945824836086	0.00926389219649924
-0.379887162575209	0.710000820023655
0.0906377480479408	0.124070958718207
0.353751649900488	0.314648394619039
0.825182242099608	0.353696494063807
0.950533175034748	0.638557686504676
-1.01359963444778	1.43084058653308
-0.577860376764434	1.0966171297201
-0.199310173117738	0.256313625624735
-0.300582555440529	0.447756366643538
-0.523092925387942	0.904311546046492
0.193651348039188	0.213620830837342
-0.262059561566834	0.316078956326798
-0.668883585002045	1.0089990508142
-0.260709504416508	0.324031227831871
0.248385290991019	0.311467676498549
-0.0668174840256139	0.0732927251241736
-0.0427259204704713	0.0472228988638798
0.221377803586204	0.298123130763621
-0.132064977134839	0.161381724212536
0.242339519984458	0.285006921774057
0.0438622803076757	0.0382819040650863
0.477315626602436	0.789083288120264
0.182832877924067	0.218077436131184
-0.532042085038292	0.921876669856339
0.458401557442801	0.854852101485458
0.24663438773676	0.346762397908008
-0.0792350989106423	0.0948216068160843
0.476988213030749	0.865660584681947
0.0921081876989306	0.104505777934435
-0.0648015959139308	0.0688910230212105
0.0444605079678392	0.0467152266264909
-0.502416901818454	0.451977133782084
0.0267236474955723	0.0142072825340908
-0.0735258190616222	0.0537682993468391
-0.378695197709552	0.425301236031089
-0.0138419066616439	0.0105949968823815
-0.444387995897926	0.471355711848463
-0.208724564804525	0.189664057337037
0.16496964590234	0.110509584359925
-0.0220393704332448	0.0189483757116123
-0.399944693017667	0.276338644875749
1.15439324160046	1.28388299259602
0.514398960535307	0.520653787011755
0.745083403162849	0.723568664959331
0.772617335240931	0.450748371619538
-0.537510789240542	0.33286510291654
-1.82948273824929	1.63905679314734
-0.313335307870975	0.339806370697272
0.438405341267876	0.585279042832793
-0.426207215988401	0.643213530595855
-0.00414504904610803	0.00329374004007484
-0.182442784674229	0.176196654337731
-0.348763181844047	0.486597436421689
-0.295791972970066	0.455508351234824
-0.238432893013829	0.341498509758628
-0.442174395960587	0.752499642680839
-0.227243660911716	0.32818473864821
-0.519828378671487	1.10395019382642
0.271301109782316	0.432726593219974
0.0568284426531997	0.052578746746568
1.96025897070573	0.471212877436839
-0.210560745957622	0.214913212476786
-0.0589811907220205	0.0364691191344914
0.15980118900851	0.0909222772431751
0.0286996888973473	0.10650625137515
-0.0875704412199105	0.352973262888419
-0.152198697847976	0.604200970790025
-0.185989359938824	0.467946773922349
-0.435263934851112	1.56635360928431
-0.112614912158988	0.274536844421877
-0.377645474717094	1.79940174986515
-0.889148370959164	0.807173965573238
-0.038042394341897	0.0284886454868955
-0.0750718874035617	0.0953336283966579
0.0941332524918376	0.152690617350974
0.366507850512246	0.482018412304861
0.366302466026739	0.378210126511038
-0.349034744758707	0.632646422858413
-0.0703170374534434	0.0877319376730345
-0.386844849569026	0.389270233869757
-1.79522376365631	0.406159618358576
-0.0999454745239706	0.0404223584776093
-0.554218909315507	0.613773679765329
-0.521458485053471	0.921898946374305
-0.141150874844246	0.158703619934895
-0.290481912843706	0.328838715519489
-0.500030326293328	0.846864881115227
-0.00505712461481515	0.00434711181056479
-0.258320842997607	0.252070254837923
-0.327026013834006	0.349096785642284
-0.0928633148917543	0.100137470201172
0.246990540925193	0.28408017489747
0.0595001249393692	0.0679458425666776
0.207999013368415	0.257361954874266
0.155624947546589	0.177092144379884
-0.574176533746223	0.920501821944606
0.267425154195774	0.280601689228602
0.302234398646855	0.334512326077388
0.10301639109941	0.110183230771608
-0.176085019251415	0.210660158512966
-0.0569883818090039	0.0566899681198113
-0.386168025813828	0.577477948672075
-0.0171985032103299	0.0181189860739625
-0.146615431391926	0.167936338888549
-0.511616963646887	0.841188265802565
-0.178494732862966	0.220044519090764
-0.811222868303105	1.5594635971905
-0.824352652107439	1.25016855298443
-0.22749885606815	0.146648569960353
-0.0255119584605671	0.0167342665423223
-0.435910663911996	0.455619000224351
-0.279978819906595	0.271822040545622
-1.01139563294476	1.58620483586225
-0.56103735109231	0.684533461298073
-0.239424217963647	0.217168062973692
-0.381162875904208	0.449858484235338
-0.200826587173479	0.133912833996104
0.0524177380345191	0.0319474749424908
-0.689400960459461	0.542770743279247
-0.23355507666639	0.115696282975206
0.14474970923973	0.0500449668198986
0.156385197289853	0.0826047276913966
-0.502562949594768	0.374796678057859
0.54435228665243	0.687339355007695
0.437935458671499	0.430033576767754
0.280631638679409	0.345849810079569
0.383839844928117	0.425685062937525
0.559095905117876	0.672927782827567
-0.249498043043526	0.275312504322545
-0.357734279116565	0.523676604967406
0.401571185715868	0.682417922989076
-0.6047113488846	1.14283644386216
-0.306708974916387	0.411215028532974
-0.157331636652333	0.208533610717161
-0.188526030087498	0.253450298922657
-0.0349078685437498	0.0294834495726682
-0.630732478411191	0.153857382309032
-0.0166270647220705	0.0142440886389633
-0.16622993013691	0.174442365364422
0.0913204140955508	0.0977602996351229
-1.56282808783782	1.48980176177461
-0.674054456681889	0.466648629094881
-0.494272117832177	0.539358156557386
0.0252153528949772	0.0965948568936075
-0.0695418311944775	0.281995137281189
-0.201297129752096	0.766072335639951
-0.255708146438134	0.963463697757797
-0.1441365172404	0.464271657880866
-0.0687915105728209	0.208989594882546
0.00217135189904507	0.00158074764211787
0.738946994501954	0.977963610184203
-0.534122107073944	1.12104238447776
0.167371944098301	0.314873448506953
0.062406661930879	0.0650814075199252
0.254096991285286	0.243554311377679
-0.131708016630778	0.168802186857456
-0.178351962339354	0.257025927826818
-4.00541288526862	1.77035259368299
-0.648194253673266	0.381471550878666
-0.587083081694356	0.752391750072935
-0.240237213545483	0.326768721347374
0.400634493030031	0.578559680188926
0.07777676910486	0.0772879570662123
-0.222914032633165	0.257953949598555
-0.0562706104792503	0.0559594346097301
0.0581919848792057	0.0550461653827265
-0.0827927287204106	0.0737499590422462
0.10944609691573	0.109805841921112
0.382618619585237	0.496804961504533
-0.0337759482365818	0.0330081995565082
-0.369998512505405	0.523041879515991
-0.299996407500158	0.373239926308221
0.0282737508987227	0.0305810449467368
-0.399192538527526	0.594579884437707
-0.36169017684486	0.48840414128398
-0.553558950794046	0.873710625530849
0.442703510625418	0.736567320987705
-0.0937049138287357	0.0807770907333026
0.69077412733179	0.786124757264615
-0.168146192767397	0.154259851206666
-0.00539803965463037	0.00506801174653212
0.19756646467876	0.204838751579011
-0.469392791602265	0.552654489245133
-0.4423692638186	0.467287806935221
-0.203276640203795	0.156515292938463
-1.33868820625743	2.77990278812564
-0.275058096012062	0.225823936283456
-0.141187518932093	0.0989185267164319
0.0377044335481458	0.0217582972659512
0.341707180454803	0.166968056712395
0.141511958428034	0.0552197149692542
0.0211806542572376	0.0113447517953285
-1.48513621430975	1.02910053504867
0.17463434276076	0.116926341559566
-0.675704527588025	0.778947560609108
-0.672173963401327	1.09806174324988
-0.941556018549844	1.5690829030857
-0.182141019370427	0.201519565724505
-0.0553689216741968	0.0576035274355587
-0.371200376701634	0.516662590868038
-0.467078157298799	0.811905551269959
-0.543689993688135	0.968046640806359
-0.791574014831378	1.43342961478978
-0.102086127638743	0.12815655112347
0.0200715584892966	0.021278638833559
-0.381772592391387	0.577026090722701
-0.153133836778932	0.0562143523090425
0.372044304129583	0.489867674118679
-0.252158756137399	0.347140265065627
-0.0583782974239319	0.0567664180100248
-0.0141458856188384	0.0529969571983135
-0.0826789081809025	0.333019925700401
-0.134957237848927	0.570578939131893
-0.0342273665770113	0.10330187545734
0.157352853334497	0.653454303318806
-0.0270424617539143	0.0248140460315548
0.0297685654868967	0.0340466568952203
-0.271188069399199	0.281283964991807
-0.167608046674792	0.163665479412381
0.0404378956060838	0.0502786994610671
-0.343403957162094	0.664338761498294
-0.0258425474928851	0.0217331433889098
-0.0394440455463369	0.0253144843720153
-0.0209956396399664	0.019346435494616
-0.400062396642448	0.170601933136714
-0.407005009970067	0.715595767736562
-0.0786829386111409	0.0808584686259376
-0.75236516800567	1.02953468107197
-0.163280899756019	0.137972059291383
-0.299780844716011	0.360507878465635
-0.203095894641086	0.220899190560873
-0.239369967585281	0.297629546612807
-0.409946126733345	0.457105518237089
-0.457456840870173	0.506128258680355
-0.0869414884608374	0.0710762610745361
0.205419055629157	0.193227831981852
-0.359741813440946	0.444682869984421
-0.398103966648244	0.344797574348549
-0.250398598026231	0.207930595230886
-1.17733969837063	1.77919416926646
-0.714506047891302	0.678417944386426
-0.292709675613869	0.279873979295061
-0.229126278397091	0.205797727803825
0.404035855632914	0.412594040629165
-0.825351202948499	1.25788181189711
-0.0658328277555513	0.0588483054395968
-0.696100428309251	0.949709323550769
0.0417005381725954	0.0439248434259163
-0.333764144477627	0.359262386534621
-0.0705671929445712	0.0686989394049177
-0.365263787009607	0.446879709806119
0.0197389791258783	0.0183309997987807
0.0734703728324586	0.0772369699982758
-0.0460496855595965	0.0452698906907536
0.196775952479442	0.204082726261296
-0.129095338607732	0.138975413414651
0.484476864762714	0.745502076725403
0.0585985819379194	0.0588674432352653
-0.575425630497551	0.520044757359931
-0.657550950657294	0.38992822581305
-0.994511397572765	0.501134445315153
2.75734920342264	0.799800653832186
-0.0931922532038919	0.0374990568584823
-1.27930512577485	0.595095920645693
-0.0881659772297928	0.0531927209982084
-0.0467350228353414	0.0300146486411423
0.0756872706493168	0.0654325348938444
0.0741020464828005	0.0504565386851524
0.047640431242843	0.04331149018192
-0.232893983308318	0.251610150045025
0.513006679553075	0.733624819345527
-0.126052338914419	0.12640643046299
-1.02451231452967	1.87778173163139
0.288244688736898	0.347759400366054
-0.81834241319922	1.24215747369054
0.0801881544437351	0.0806519799529536
-0.110333578166852	0.124614497909529
-1.5072196779291	0.774709222441929
-0.196867688351963	0.22443284533349
-0.295934720428211	0.334681543010898
-0.230540153783189	0.269284334278596
0.0285434131355243	0.116423737995297
-0.0814458523991748	0.356048970354483
-0.0236988040108327	0.0745457114897453
0.0838052881849609	0.284496930105372
-0.133877538267787	0.0922923268136716
-0.343268806146835	0.0999183449449793
-0.0399537679194382	0.0518879465948314
-0.309601496367924	0.589678774018699
-0.17682304789346	0.18742502799935
0.174683908774528	0.11838683611697
-0.0302309533838389	0.0309535082431794
-0.0443260782825766	0.0411197803008966
-1.48060571062736	1.03935021230842
-0.524252707979673	0.204085170600417
-0.414354251386705	0.541516408990249
-0.203927342768057	0.156801370729946
-0.124456481892417	0.0730985436988165
-2.02927498825798	2.08567383476814
-0.672965955381181	0.461805765040517
-0.484319440433507	0.252419211807259
-0.798735425617466	0.441546911382241
0.132770446241719	0.0571568729080846
-0.0310791976832645	0.0146011224275307
0.183402850931424	0.135437320757807
0.196916649481776	0.252059667960689
-0.0450472172986924	0.0363276779168713
0.146260433288528	0.0628145158683805
1.23635780346837	0.840760604332009
0.134005480277327	0.0682878975867546
0.701621804706091	0.446095656640619
-0.678881424755274	0.74579723696996
-0.214809479256003	0.159684580808459
0.516597955035337	0.321526075069442
-0.243791171155307	0.121922839697177
-0.650092355173964	0.380468956885947
-0.504988782838051	0.375451748212527
0.161810300526645	0.0918299818741824
1.44115891952695	1.61367232397671
0.310101377237302	0.198627504401825
0.171743938396999	0.10451793173075
0.098731014348377	0.0733271059929569
0.465629742228587	0.516665739320376
0.215461723432773	0.24161395399856
0.0625683350638082	0.0694719762546804
-0.0124773661884223	0.0125387991951195
-0.381147755741066	0.406031781626456
-0.36558766250769	0.54175716021554
-0.521737782430803	0.633016707119555
0.0747166277839998	0.0641268459680476
0.00975600881390044	0.010111355645459
-0.535987597592091	0.657958597664156
-0.171071937996547	0.217318266298811
1.67704654626745	1.52680258276384
1.45940029241927	0.925343333700157
-3.07880362658843	0.963967696821091
0.157631418222578	0.0304971390385879
-0.340869162586215	0.0994476453021484
0.157631418222578	0.0304971390385879
-0.229722716539759	0.0759270068257283
0.346667846827276	0.171825709017954
-0.019885486971913	0.00946164992978192
-0.964884630144518	0.5932531904398
-0.0797954029379601	0.0653054580492664
-0.758107443845875	1.07834514167747
0.18016632112411	0.132965396743096
0.402381949834137	0.313127832146244
0.724179291219097	0.592297387586003
0.167372729760343	0.102139067537558
-0.436086333536052	0.332299879378759
-0.440910525307153	0.336739497786282
-0.902443161945422	1.52273331988461
-1.49641273224236	0.781487184643354
0.13445199162894	0.130149028696841
0.495167870855917	0.439222294180276
-0.338815581260197	0.324201414014068
0.0372369285145949	0.153093820172835
0.240804492654173	1.53929368267227
0.243018429910076	1.23919622087517
-0.0775241697725961	0.0565851773917487
0.0698645114428457	0.0934778482170904
0.0858815932575217	0.0621282085066029
-0.306715219487711	0.537845143466475
-0.261231870434896	0.415329272406003
-0.740247418037824	1.01637125490085
1.22956464676828	1.01940450840815
-0.270301747005518	0.340727346700553
-0.170896167148605	0.15675422659191
-0.731525616406812	0.255525096859232
-0.353243335713412	0.0991913474327571
-0.236374208547238	0.248460404859753
-0.0458677124804109	0.034780726772853
-0.111985515598878	0.0653743559308922
-0.114404597839194	0.0674555974939782
0.475170595471983	0.429598648640971
0.452083394938685	0.322257272789817
-0.395648869446316	0.27091156717956
-1.10432446083102	0.751182345207433
-0.497595321595637	0.262258692026379
-0.190931420929014	0.100751171194503
-0.246960465635327	0.122951947633052
-0.792116853266305	0.5066013995238
-0.0963218933133618	0.0674000426635366
-0.582813633323877	0.834280465169232
-0.44660260697025	0.473375489021014
-0.603580181793657	0.293492660009994
0.470918709086745	0.313457238567244
-0.465979710612452	0.30898820969911
-0.0197290542076788	0.0128857411953724
-0.648935726810164	0.660795056373797
-0.802709904102522	0.612029571813882
0.173130773595407	0.111764609993386
-1.45053340276546	1.52679407334817
0.145265122935794	0.0558852577519966
-0.604874281272945	0.492160142016219
-0.183510227105357	0.120588771125303
-0.721588803578179	0.731364840065372
-0.788017726393325	0.507262946194265
-0.301430974241854	0.321004212770089
-1.43261944518671	1.71489684744761
-0.795862796817633	0.910684189868523
-0.176260636133894	0.184135898336426
-0.0819449997854322	0.0855207481655773
-0.352749682197517	0.50624380272197
-0.142111540901913	0.142996882620558
-0.133377117555688	0.150778903231017
0.370052359656009	0.424778923434547
-0.589945946569511	0.875164681581177
-0.790409975484821	1.4952249748135
-0.430408470473411	0.532530064580648
-0.160658990273868	0.186671499640638
0.396437334945736	0.179026688999468
-0.146667709227714	0.0538386221135798
-0.222695068591131	0.0735779431251597
0.669440224929851	0.215480111776117
0.157056474373317	0.0303984095560313
-1.79541110556836	0.406108159138969
-2.07014244905779	0.967632690775644
0.152428204310439	0.0733166050838281
0.000406515099592489	0.00011390046381323
-0.300532724247637	0.138022735849638
1.45712735120749	2.00076706722802
0.480437592431228	0.586045201234538
0.154130719521848	0.0815088424153686
0.0895490931069161	0.0626582159687808
-0.31354209462286	0.276402066452749
-0.34675498072023	0.244481565461291
0.911621213435058	0.778339778390717
-0.511115964935664	0.526961294003145
-0.586169962858184	0.776410504116298
0.952024225447137	0.254550165942042
-0.020453232413866	0.0175542711196389
-0.0845543976569009	0.0605504811473041
-0.239158643203246	0.215472751295053
-0.0715906093320486	0.33288628674429
-0.179161252444099	1.02471207467764
0.0173205542338531	0.0257055056309801
0.523179148081086	0.537707820962654
-0.3646409887271	0.574611538335162
-0.774962662398089	1.65628775606546
-0.0892726731106693	0.0721628238621787
0.733271216495907	0.70604463146648
-0.43932149796382	0.693050379051096
-0.475704235490491	0.812873519727512
-0.300696686185016	0.268531067186279
-0.791233045521453	0.735542180198536
-0.0049793321010799	0.00381810322734651
-0.0749292880887856	0.0549981530125046
-0.46357436106181	0.305838853238404
-1.51279643757503	0.547771213649107
-0.156902237775028	0.0567646251883504
-0.45630159047493	0.565041783235863
-0.249823033717615	0.303159597135094
-0.833689296848259	1.63419110520154
-0.268296750472058	0.241395567736912
-0.93516424865383	1.2493244194257
-0.392085883326655	0.308862758424835
0.617958151714206	0.566440820972574
-0.432667184348427	0.404869577861218
-0.0243274521543267	0.0184875307614001
-0.475459016790517	0.400177730078842
-1.20042180473109	1.22154005069203
-1.55362835116553	1.48068760627658
-0.348445371761651	0.206859673672814
0.289596607424764	0.216039738890919
-0.0649234744150591	0.0535362035526936
-0.0348627779074315	0.0352703788901756
0.371041559380712	0.469251357032484
-0.544057350517165	0.454038699536819
-1.2980588706092	1.73169934670431
0.15980118900851	0.0909222772431751
-0.127866645031629	0.111647082018829
-0.175447752476692	0.169123155283847
0.172356611555008	0.104817783164723
0.87562005161291	0.99610661269999
-0.597569301993529	0.582408623873488
0.562563799478032	0.549573830888263
-0.944457801188606	1.07012850152562
0.351166070062145	0.312284194158503
-1.349799184914	2.02342338878218
-0.447338985466535	0.44512506061549
-0.394543899997934	0.424648066061812
0.359256195194413	0.406960397602676
0.311441107338904	0.340096037880101
-0.432891996919337	0.512954218422155
-0.335210395817525	0.465751447981551
-0.061038452880545	0.0640571193805314
-0.193737121750801	0.202331861115535
-0.0169233595902172	0.0154000628347038
0.196482539810888	0.213123528294167
-0.473989934302664	0.709137513091012
-0.0534630333158675	0.044433326464083
0.0303623327350525	0.0283294461902185
0.166647746346318	0.0954314628816601
0.386350187402796	0.176347738857702
-0.236505581576243	0.0771938246934028
1.96025897070573	0.471212877436839
0.953397312790705	0.252738122158945
1.9613717712777	0.470903909509444
-0.317648857911772	0.14714976883626
0.138107013209843	0.0656225358756872
-0.230460148446634	0.174046231724537
-2.03360891026369	2.06530891133845
-0.644841245741725	0.81787618402166
-0.261470360661824	0.300188174815372
0.197686528691837	0.164230702901252
-0.0394528815113972	0.0294419401358008
0.0843478190053064	0.0588333279941622
0.12767358869174	0.108084014497618
0.189583483019728	0.174384261861016
0.129991949038035	0.112147936281965
-0.372267000974212	0.424785430802804
-0.780222385383906	0.350064605644818
-0.285076509716608	0.293300088019478
-0.0856215803032383	0.0701523294229883
-0.900409856833665	1.11568763597965
-0.044694681233979	0.0414059696418502
0.0260837520363482	0.0185666555745089
0.176646486836544	0.136765787679194
-0.348805136224472	0.246926840822449
0.151342020191356	0.0789780255301785
0.34381978520709	0.189674760513803
0.00589488071170229	0.0216730948895443
-0.255794578726379	0.30911013591528
0.0543621014930681	0.0960377353500605
0.0163564943261485	0.0170451478756082
0.954071954572136	0.644682360209329
0.184940311903048	0.238768085179447
-0.12242987325207	0.152918981847633
-0.756838784877097	1.08811013815359
-0.782714703034408	0.882278263343092
-0.300738070842859	0.470182360075614
-0.447828251411672	1.03112564437229
0.10447575772521	0.075586988331829
-0.89494614903409	1.16449815929361
-0.127174117008812	0.134287055242861
-0.54304641528257	0.862827057039053
0.313766707944567	0.202000613463147
1.96025897070573	0.471212877436839
0.956487790679547	0.25443416057231
0.544897344839298	0.314922803069734
-1.04715947843589	2.13175638623859
-0.389660110812404	0.616147330093778
0.378093100025451	0.556011540503711
-0.123434856050223	0.132915819111282
-0.029230791813486	0.0270954817447363
-0.339167080903394	0.366076485582006
-0.0465795707471774	0.037539475250091
-0.15024270463798	0.128530252612167
-0.550904251866855	0.572996255353377
-0.951416283499199	1.35019015838189
-0.435679527499727	0.437359132337572
0.186517872574099	0.151937565155051
-0.726085923598168	0.739801028341405
-0.206510687673575	0.158000702098234
-0.21445353802148	0.136318273822432
-1.18324737742023	1.80362556257451
-0.542849228610156	0.747700164151887
0.130301149234733	0.117432406639126
-0.0623275103291883	0.0511697344040665
-0.83503584883642	1.12745649804037
-0.0939597553942298	0.0752993474526758
-0.106716706087904	0.0758074179564005
0.366340553694209	0.419239337186487
-0.571610963132165	0.747600304060311
-0.494075337258082	0.53955871584762
0.117157752793433	0.0883180614605957
-0.157019059264659	0.134518707259735
0.129873077625136	0.114321189178117
-0.476205481614807	0.555355419659814
-0.0161809376495387	0.0138317246514136
-0.184786274529793	0.180566209182113
0.196335086924978	0.192275438524329
-0.200259332295392	0.205014751075766
-0.582183033602179	0.743462084204614
0.0117385848074625	0.0107195023815444
-0.549302192643227	0.825096366738299
-0.455724065098699	0.607735627353852
0.396689096900575	0.482174722694569
-0.162961245516311	0.193381680657989
0.0854833077892177	0.0860747104121665
-0.0772251768346552	0.0614137184686055
0.229030334522074	0.241365847054385
-0.193664423069105	0.224473873252105
-0.171435375736243	0.157514659839919
0.187830737392277	0.138351672166487
-0.387499699447525	0.303884792009561
-0.312029426458483	0.14370168700991
0.159003857627083	0.0480265128738231
-0.343542423818443	0.10090975164114
0.950654218295308	0.25253240285929
-0.953844121938599	0.584081800298939
1.02272009878249	0.94791348882415
-0.382402024172346	0.384552458980811
-0.378897975403833	0.324999665210302
0.462354668224404	0.568448655671243
-0.0405553754426084	0.0386769157921422
-0.628879263836889	0.896089726174115
-0.004645671354596	0.00435872721505549
-0.95316064984892	1.55061782974432
-0.206891371817247	0.201470363398908
-0.781640007998609	1.46834578811834
-0.760991255882562	1.24687870890361
-0.232775127290685	0.256742076450134
-0.720373042249908	0.25096406524236
0.301530004734518	0.44982278750063
-0.0464882515350571	0.0377734661857068
-0.251008362936718	0.304992728024406
-0.272109735621569	0.326429128789641
-0.221432343861638	0.184121190845662
-0.0175158340118237	0.0115443763960308
-0.352421522389256	0.332836524561662
-0.276673709539444	0.242827124636343
0.571747329526331	0.453061479755185
0.107858740191618	0.5784287510046
-0.438491898136091	4.4355243503469
-0.226803079196514	1.28239246429425
-0.749565469934983	9.62408923623612
-0.0278224275986373	0.0420418622949882
-0.35311022054075	1.71317728814421
-0.194671606079323	0.849958091560709
0.318532912948179	0.423741103998967
-0.311565408903672	0.769995793307357
-0.373007251674402	0.439134950611503
-0.400339874419045	0.170786884464105
0.230460392237324	0.388752970847036
0.264586137874422	0.520036324177337
0.236848743590657	0.247183110218268
-0.364130476972233	0.290783405602059
-1.03333924395977	2.20530707470469
0.441882938440909	0.660833817915192
0.724799868456235	0.592423580722285
0.448161977612237	0.32174919818124
0.0358889779202037	0.026451983295147
0.199419364681307	0.15233262504481
-0.15821957159593	0.0580782796952436
0.161694559716164	0.0487970170518378
1.26276400377278	0.701713843295998
-0.199282242710847	0.216057009761774
0.0340617656762911	0.0327851884338944
-0.0211334131559944	0.0193242678033141
-0.322892507513625	0.307314668041425
-0.0377408171158195	0.0241480890165878
0.6387757571617	0.666377831577839
0.260622507420243	0.211424364892687
0.572910787068909	0.443899207688989
0.290385341870276	0.204630822196759
-0.081650547424258	0.0497263581844823
-0.40735186786973	0.229234957885305
0.15885213379279	0.0829053281311742
0.150987968499307	0.0459422956002911
-0.155379670574677	0.0565938569368348
-0.0247046561043451	0.0117448296993747
-0.064578248083847	0.0283362117656974
0.0177974179410768	0.00951235832986044
-0.678465634165131	0.783727386230487
-0.97281118657227	1.97429155821268
0.494818557670804	0.593256928730275
0.451722635626576	0.324220127980535
-0.201068602495859	0.106851053157344
0.0166136355383485	0.00902247211008958
-0.231880069556104	0.149428142174219
-0.226227814562181	0.190273043040291
0.0419081290556565	0.0265108241259426
0.163778659088503	0.0990981589460775
-0.650351701385345	0.627267641277386
1.53545257063346	1.80986181886634
0.689892838256182	0.594173593969796
0.439876385540347	0.312468600191355
-0.471670535909803	0.311416816484472
-0.245903569766355	0.203847133747452
-0.469707093800666	0.516994748584849
-0.0214813900056163	0.0139400975742317
-0.801676949999558	1.05017167988057
-0.113164995800119	0.106463093934379
0.386606716548177	0.524004504012536
0.0813046953033683	0.0816612436266686
-0.00968741161781995	0.00828076284853716
0.457121929314046	0.570544927784149
0.345925434394759	0.432895006033099
0.77175859963401	1.35580141098
0.0136672010948239	0.0130133082650775
-0.0112833010881437	0.0055272892711072
-1.03213830307745	0.41395089545305
0.14750284038024	0.0573545610160358
0.166027924610097	0.0492494512915152
-3.46675199587728	1.24010918132729
1.45496621180374	0.489974899858239
0.161486408205213	0.0413117168731846
0.494378519224649	0.308073500474338
0.30811366581818	0.197736623589151
0.606570801438786	0.318048861112606
0.00685117194133485	0.00509653218972917
-0.235333963110306	0.228874338018
0.0483777827820634	0.0277518824557072
-0.258621400789424	0.231880917492131
-0.145336443910491	0.0976152017284866
-0.192536237049876	0.128491698937345
-0.0228625096924595	0.014984017464378
0.0324577181681603	0.018788739686465
-0.243245859601774	0.249368097762522
-0.402590453974764	0.171076969115864
0.796691300546787	1.2551093227067
1.17002854417642	1.74384946347178
0.289722110231128	0.224287960163758
-0.0238024929990306	0.0235998076797513
-0.381570308046607	0.507963717295712
0.196381264820912	0.188830127169131
0.135879545068767	0.0527837992472243
0.811464339981117	0.343951428135544
0.388012940249955	0.177640021767954
0.172002752028503	0.105016131335988
0.682431773822326	0.589764064921314
0.013235712307538	0.0499817915216442
-0.034253497144062	0.128208128474453
-0.213569949618476	1.20036855095718
0.230672785563025	0.404780750889659
-0.0660017313173837	0.180273186995394
0.150892878345049	0.545512777394356
-0.150833416621319	0.180583204886064
0.238859022993617	0.578355023213884
-0.261530628972577	0.269583049799412
0.434765734153405	0.177993138783725
0.438193809380119	0.865274028420906
0.14370224164146	0.207479305742406
-0.164310436491717	0.13923818590202
0.816946380823845	0.931118348505948
0.0270997131938934	0.0293669575990152
-0.384300479449252	0.636133882688125
-0.0627174116474758	0.0454745784996896
0.506522022266467	0.311975040772153
0.297332318638351	0.330554517143991
0.417453454257668	0.510349166159237
-0.407314095983314	0.17369816386051
-0.340594160045269	0.0986092348967792
-1.5154277743567	0.550652304944458
0.251358621899078	0.250304454971635
0.0774225352799008	0.0824710000216748
-0.346551334869296	0.433296503285788
-0.0144301887368864	0.0132603720753857
0.700146488183322	0.955609205783361
-0.108390654342081	0.086961093533825
0.15617440054064	0.145998846134009
0.625347187857833	0.727327144801546
-0.0393265600812765	0.0250662822615936
0.291396813773422	0.21842086242346
-0.396549257055322	0.269303034868788
-0.280646991356693	0.175016093714009
-0.701920788177056	0.553881876584627
-0.0147348501365446	0.0070750002036573
0.316306444134585	0.18683783594031
1.77060879168896	1.37955327447357
-0.195235650759388	0.130232371710176
0.0500143821241418	0.0305546740390755
0.151174407612193	0.144286749481013
0.284979935750553	0.325178987732609
0.132980107165961	0.126691837682146
-0.795342941614933	0.909510688543411
-0.507567126475938	0.459938519484853
-0.788754093993352	0.797100858643836
-0.516844413671661	0.467940485393004
-0.449320284364878	0.525945132299833
0.678692674375265	0.692985150696048
0.893674621656691	0.899324994711099
0.606734772991581	0.718620461145027
0.0806394440063448	0.0541895365064838
0.638936768078109	0.681940569469371
0.0949171802427503	0.0634250969412233
-0.535216420030668	0.525755711775085
0.328298362091025	0.322332519321283
0.557483510735846	0.54487903960273
-0.345788293639275	0.32423994169656
0.00678960751215824	0.00550545112358987
0.140720604508858	0.128046484023064
-0.0477554209331755	0.0460688981606856
-0.487277090166774	0.621704151929617
0.133632369469574	0.0574401358751497
0.82349104975392	0.355749507161144
0.95292022183415	0.255029382628136
1.04300319841899	0.402259764791993
0.165273197569164	0.0419033482397814
-1.02507055477142	0.414631292458462
0.548981201411621	0.316255982813952
-0.662967401095436	0.391915869537384
0.793664318350543	0.847293143239558
-0.195238141176139	0.103801685138054
-0.0296815863284841	0.0224688349482127
-0.0674758502725439	0.0611581783154441
1.08394189958946	1.41084343346216
0.433424962685585	0.427543830464111
0.0800793145609253	0.0574419575872743
-0.541722011033096	0.557021796759904
-0.404258602861545	0.42777810255933
-0.175246829963666	0.161650638022303
0.343904196854802	0.329780754607449
0.866467131891551	0.631552026643938
0.243079673129863	0.308649348922535
-0.0776832253393383	0.0642093746060562
0.398037449329337	0.420222968649554
-0.266964280540483	0.319067225716512
-0.358934631770202	0.405647068650047
-1.21118318896117	1.77149595879671
0.123825325715851	0.0979911930901718
-0.118216214047616	0.0689242019824768
-0.397078231813886	0.273099302591717
-0.544106047277967	0.336798965929561
1.09741016804287	0.812206021062153
0.0128965637647125	0.00704154195961992
0.323070289316494	0.193742342236606
0.2984453505215	0.203087506438826
-0.116509347494437	0.0459684119664963
0.843886508223073	0.751610642765141
-0.0396840359336228	0.163439741436165
-0.05059779396725	0.195734900146301
1.21297260954632	4.34642368259832
0.0292290552928967	0.0760053244157541
0.329297354644923	1.74188339129992
0.462868921822176	2.35005093463139
0.0201903055476259	0.0199059464937569
0.166183797612369	0.365214136131679
-0.561956310192433	0.836102965667041
-2.06990059047782	0.965937293744288
-0.147976702467306	0.170026774791331
0.177585709115472	0.264840830226303
-0.544325802938998	0.598114328215056
-0.597508332667075	0.582725585623868
-0.378062268360171	0.625132298606525
-0.203807432825695	0.305616396599928
0.0775867143717272	0.0660576030412135
-0.185217756970172	0.158951260649491
0.518985023216652	0.735997722087103
0.494187676444507	0.579476680360888
-0.243001381592902	0.120719593622542
1.06194942317421	0.523340149187415
0.192217282865714	0.210074195072994
-0.0691765031212998	0.0702861637617508
0.667546972850122	0.991070210593467
-0.442354486933315	0.534446654367112
-0.172276736687328	0.16130953195922
-0.860417361890463	1.13573961634026
0.192962873277908	0.166101233361033
-0.560194857635396	0.50416443825773
-0.734406280306093	0.746437359011321
0.339234347802648	0.326182606347518
-0.123408735253889	0.0975610321289391
0.468786115606499	0.425435316080632
-0.281478665360034	0.175627680475176
-0.550169847231612	0.454125266830521
0.00283060340253342	0.00125729221986534
-0.243425357101419	0.122362268245649
-0.386487399098414	0.302558273800565
0.052119895443499	0.0318886781445349
-0.890725825072761	0.818516772492832
0.11167651275624	0.0904577812523928
-0.0762279202600799	0.0631919023858225
0.837205551557199	1.28620436572292
-0.0876825382550203	0.0633564089546159
-0.78188876237299	0.88415101552867
-0.0530579448167209	0.0337569133722198
-0.376839297456501	0.324433414297855
-0.789370313307826	0.997329613980875
-0.988502485695736	1.20640139900544
-0.722741494111661	0.780567149013285
-0.165138567754602	0.111284515495812
-0.727211160993394	0.790768843260817
0.202645490700243	0.1694998576913
-0.293072121605	0.262302340055325
-0.471297804777395	0.528938283394987
0.867447128692755	1.37260771429485
-0.191243859094365	0.175224373176768
-0.135049207916153	0.104412320846034
0.0200131664147424	0.0156808201191333
-0.432826222358257	0.484253060105433
0.0446884544408212	0.0398584377024977
0.365272713467771	0.397103625933467
-0.151921326423768	0.16843737818402
0.34412665065815	0.331739657152739
-0.555802240455454	0.462471880325416
-0.0690819994238062	0.0302690152513791
0.669700188276656	0.216836591054402
0.952024225447137	0.254550165942042
0.950654218295308	0.25253240285929
-0.622314221648084	0.151717296808394
-0.585156276026872	0.420606170680586
1.36382917046255	1.21195539331969
0.720248161184806	0.468377231775828
-0.72365205194762	0.250894972367881
-0.310727423658157	0.341721389049619
-0.788035249198068	1.16754050850134
-0.914116836303254	1.14207304485921
-1.51271564324837	2.87151161492178
-0.246126197146174	0.237644837989198
0.773516244863404	0.932778105236993
0.307746866174627	0.308268120275736
-0.486280703987231	0.534427093038538
-0.479400656708124	0.591587980624562
-3.07968455989498	0.963635125148535
-0.23915075530168	0.257258660370892
-0.575420644331995	0.844507302097925
-0.00738919508493411	0.00567021034946029
-0.234526279194068	0.231762546593594
0.0822887314968927	0.0572130961495111
0.72741247057707	0.883328325531634
0.378292832802749	0.330419166279976
-0.002723158158389	0.00185911261958365
0.170448263473815	0.104100662625342
-0.27809290306397	0.172025083808278
0.786356830061551	0.471396411766043
1.02327470558686	0.94698818264359
0.329543623229992	0.197306406837286
1.23579238408817	1.01505672906714
1.61653552101092	1.14304976312402
0.915105904397615	0.782008033235168
1.25448343734362	0.867625559084588
0.140198848761568	0.0599873296846939
0.36357465556152	0.182958554090402
0.175526515812053	0.113554276098846
0.7821490161832	0.449578795185945
1.08120310157583	0.665415975193279
0.685190572493778	0.594316150423512
0.0578590004491858	0.255774336653476
0.0824624071172591	0.262058099339437
-0.253251081536873	1.26357533126228
-0.0191355943429396	0.0569459917801759
0.489253202008958	2.89053769340905
0.215663487076328	0.416263868894639
-0.894639345816523	2.01185207045762
0.0233562646533143	0.0399250625903845
0.294811261365929	0.346015598011403
1.45351865984672	0.48998410568291
0.240245010623406	0.386824149643132
0.145962288490767	0.223549372612959
0.320089854989318	0.326495117083582
-0.0422407057703946	0.0270619521980538
0.0277976914033528	0.028744628994644
0.348701305559952	0.513923297424617
0.647967818404508	0.581369005872808
-1.05671937553705	1.09876841934712
-0.159203723154391	0.125117700091064
0.491730179584602	0.524120633101019
-0.381086913538031	0.256476769566438
0.157631418222578	0.0304971390385879
-0.339412770165686	0.0990063673017856
-0.168808750179911	0.168030694343613
0.0695958872991905	0.0740461225444113
-0.359551424941202	0.436898492373367
0.0427612974651752	0.0331311710736464
-0.554562955599467	0.533563440269971
-0.116509754320603	0.0813539850181211
0.741942778268969	0.718103632580007
-0.442917131242245	0.380566290565651
-0.13062074799737	0.0904733867178849
0.504139705413126	0.446873009021128
-0.300481634476441	0.219454023863491
0.0641478377335161	0.0406275167329868
-0.303221189190505	0.139190016766755
-1.16054611367863	1.00105055771283
-0.886947071756822	0.802208552419144
1.10517099662459	0.827126401225114
-0.411193248492452	0.229234568911759
-0.554478120241392	0.34748072219818
0.725281773256873	0.597076632801921
0.18652257536387	0.15154758222252
0.0385409797067382	0.0347158735134125
0.0461735109223166	0.0369760263912188
-0.194895007443725	0.149358858953728
-0.657236608127448	0.671174742577506
0.452140750987961	0.417757360635194
-0.46357436106181	0.305838853238404
0.443202457332235	0.427110369852296
0.312216234614668	0.181905593106893
0.64689586792676	0.450398866652563
0.10449985881399	0.0758535112368949
-0.922951359546364	0.650789074378482
0.0522427700897315	0.0314674395552911
-0.592431932664598	0.470838042154799
0.158846233488997	0.0837918035832008
0.651789477172378	0.454997578558082
-0.230158930167466	0.172592265696536
0.280489482301252	0.230562616253419
0.872393051864215	1.11220984536348
0.148224977688768	0.153139499999266
-0.0645435186682843	0.0625550529174578
0.594835009600975	0.844575652798693
1.07499958089821	0.664047648165114
-0.0594350699103518	0.0259425126339816
0.166760634916841	0.0427859605507963
1.04550556956238	0.397727052017986
2.75606918885066	0.793508670212093
0.159195097587216	0.101556349736232
-0.300159266652222	0.216797495049586
-0.724716701361779	0.253084880212333
0.258918224223249	0.21763104739623
-0.561299985245802	0.809219435868578
0.580677946224881	0.566082872715295
-0.787530709687505	0.944606474894283
-0.513985334322314	0.472178845779787
0.176886082948767	0.12039917346153
-0.718916727861471	0.733765046046164
-0.44048865107272	0.337005479040665
-0.724323835266076	0.942090465471905
0.363917936851625	0.18319208707719
0.26526203372584	0.276735184433296
-0.357050364056839	0.384011550509724
-0.354855463532165	0.312081681229397
0.369095419101062	0.420311919469628
-0.369385220895751	0.361847485560267
0.780588190090413	0.825392790009066
0.105459343977347	0.0816683235995017
0.450093973321783	0.321107029024559
1.09998726127279	0.822919902841099
0.683553288942342	0.326272064581356
0.523979603602765	0.191000633185462
0.38222816255329	0.173783928001849
-0.148101547190288	0.0824817217694227
1.05498868601096	1.09151968984004
-0.651718753314836	0.386623314531018
-0.493049766640739	0.261303272442291
0.350761310502226	0.174554692642262
0.0246184513959987	0.0142950219980535
-0.0468080719777882	0.0204115003420454
0.89862698703768	0.493580741846168
0.497749136072972	0.307957012849194
0.650983664612457	0.458064810400765
0.139862364731221	0.0607543085488136
0.8205777132364	0.349616968628017
-2.23832347059244	1.86473748020925
-0.00626859240119149	0.0146728003446612
-0.305515497912127	0.495908948021468
-0.0959240471694497	0.156842100937522
0.928159040923065	2.09599545175553
0.336622117142675	0.185666367450366
-0.768678966005281	0.341072860478295
-0.793203888644546	0.519894226311011
-0.383366579106955	0.358403369100582
-1.13508037715927	1.47268452998501
-0.147413525125714	0.0541557128042683
-1.79522376365631	0.406159618358576
-0.224253139168393	0.073796430498605
0.956487790679547	0.25443416057231
0.168213647836342	0.0427717891925395
2.75606918885066	0.793508670212093
-2.57450915234243	0.686119713628322
1.96025897070573	0.471212877436839
1.96025897070573	0.471212877436839
-0.535084680970529	0.201816715459643
-0.723538168538297	0.250916884167018
1.04571393839951	0.402644709089383
0.954295652698446	0.253211023347385
-1.79522376365631	0.406159618358576
1.96463092715103	0.470372342687103
1.9613717712777	0.470903909509444
-1.79522376365631	0.406159618358576
-1.79541110556836	0.406108159138969
0.43943871556811	0.178487551145631
0.957871568697817	0.254705443855955
1.9613717712777	0.470903909509444
0.157631418222578	0.0304971390385879
-2.57507908676252	0.680490038595289
-1.79541110556836	0.406108159138969
0.170541995167361	0.0433725109405701
-0.623203514518812	0.152886975065438
-0.110031457654421	0.0443954586121625
0.155447957395554	0.0469498859464432
1.04006234001099	0.396760841234799
1.8219271179281	0.726018448121517
-0.15387456759466	0.0564152538997517
2.76088021610819	0.795949787637318
0.152059452718086	0.029590171141199
1.96025897070573	0.471212877436839
0.157631418222578	0.0304971390385879
0.668515656075028	0.214587613419762
1.02970267836685	0.396112309053988
2.75606918885066	0.793508670212093
0.158321872008447	0.03054890339565
-1.79522376365631	0.406159618358576
1.96463092715103	0.470372342687103
0.157056474373317	0.0303984095560313
0.527625536835698	0.193638734585991
-0.624582031923329	0.153403426322781
-0.223224030014746	0.0737859552848937
0.956965590292449	0.254225160809089
0.152059452718086	0.029590171141199
0.160156711369152	0.0478595423016386
-0.344718928168882	0.101170101330633
0.44453330997149	0.182617638074095
-0.228575803073719	0.0755878378969254
1.9613717712777	0.470903909509444
0.165273197569164	0.0419033482397814
0.169301214921532	0.0427592743769238
-2.57507908676252	0.680490038595289
0.157631418222578	0.0304971390385879
1.96025897070573	0.471212877436839
0.952024225447137	0.254550165942042
-1.51776765519345	0.545744093373483
0.95292022183415	0.255029382628136
-3.08471213635442	0.965314084973475
3.26315080491707	1.11564490325583
1.9613717712777	0.470903909509444
0.668515656075028	0.214587613419762
2.75606918885066	0.793508670212093
0.95558416772101	0.253955285085994
-2.58483811914593	0.676212802763842
0.030543293173102	0.112964373541312
0.269518410004287	1.8325795985465
0.410597430448831	2.26444507283354
-0.0525493358534286	0.0935018738778478
-0.196446550012479	0.271478032241571
-0.234556484972796	0.577248370131023
0.295081876133003	0.389638295358322
0.157607154140132	0.0473340538421367
0.323556899192655	0.46096130980525
-0.0878308225247624	0.104072558856792
0.274545934690748	0.219996800339788
-1.10381370917114	1.28295779822863
-0.223601059573641	0.268926661328147
-0.0696889395633247	0.0809208073959405
-0.904151793372916	0.739237839320133
0.162385532855463	0.0921755911155578
-0.112370376989063	0.0916360393261982
-0.700787737613933	0.92993813690302
0.592926270654002	0.309200512593579
0.145696167995687	0.0561952606009367
-0.588575935392815	0.597861535849824
-0.0246190763095289	0.0206378223185549
-0.320475977839077	0.397129520838843
-0.154932998214986	0.132972463920859
0.105667145764578	0.0819000717068159
0.887452372422532	0.886701848206029
-0.29726929976914	0.2391804787311
-0.39451707343818	0.265947665550415
-0.691976763917158	0.546341150870558
-1.35254236801175	1.53711331191015
-0.616392228419713	0.299546117097915
-0.462735497231986	0.305715046734659
-0.936023319874961	0.678727684261141
-0.343936862264137	0.244540456186272
0.281671256793724	0.197599683464747
-1.1028534841017	1.29359087606135
1.22980014215566	1.33419979842769
0.403833589119763	0.315511001949025
-0.500145969760666	0.375324127818538
0.156338949134288	0.0887375756210998
-1.74233552012564	1.87449244395524
-1.04285607873951	0.819707403725449
-0.107485996605263	0.075742644985415
-0.444305015560488	0.342115985498008
-0.123980280822528	0.0715689030818792
0.579483960637336	0.45602210127661
-0.415362227709561	0.228895447793048
0.506060034515331	0.513254356956313
1.14501456065177	1.27496267210589
0.160862391342777	0.0894561148695249
0.194623834620028	0.154055499253723
-0.0967513207566819	0.0767195163990712
0.0987181244931081	0.0740053439586846
-0.530086206355129	0.51891505012294
-0.30584210481158	0.247769602514404
0.175823147818451	0.141506395506951
-0.146007161881691	0.134288391442729
0.25098312749697	0.243826867477656
0.646591470995674	0.45189811094945
0.669440224929851	0.215480111776117
1.4644453949862	0.91259213176541
0.426121904197733	0.318128202193111
-0.772467984691118	0.345310968145738
0.18053237291784	0.128356133498423
-0.302448754951253	0.244641877718621
0.587320646935937	0.557580428534418
0.163543817762763	0.114287275576889
-0.85308796672763	0.963376325071914
0.335057050363808	0.185859418561357
0.273479285207952	0.226349903587536
-0.854863126047655	0.967057283247521
0.568367358447247	0.550179319668101
0.166394015894957	0.0421995715384941
0.0592167528504019	0.0460495863832285
-0.128612443037998	0.110450861778172
0.750028412035684	0.728049178926314
0.0221466411774473	0.0179580869616698
0.362184536135715	0.312329284413482
1.24219874994903	1.59157005817395
0.307328882719593	0.196737202342622
-0.414763916307175	0.232493309229962
-0.802101569239027	0.44098583642338
-0.52054516814826	0.200215625996803
-0.402590453974764	0.171076969115864
-0.0115880660224261	0.00567885674737254
0.685514030494988	0.326317895337534
0.523979603602765	0.191000633185462
1.3257228169597	0.589995290446957
-0.402195085228032	0.224875437973194
1.27213959508899	0.719856330378455
0.337839383228564	0.185056233879965
-0.624872195318547	0.152004974277265
-0.115051600051998	0.0460446249563694
-0.0627471598052005	0.0276515252005186
0.161798133300927	0.048400913424328
-0.725896158891892	0.253805951910148
0.523787196468579	0.192297988976743
0.387080134369189	0.176834600669231
1.81672375669943	0.71977097990322
1.24328799783361	0.858331014012741
0.890634771964877	0.482919668042258
1.78024631934968	1.0190746124371
0.166760634916841	0.0427859605507963
0.161486408205213	0.0413117168731846
-0.619073655239766	0.301779895444603
-1.02734963908132	0.419609489752489
-3.0805660074572	0.955215233063362
-0.228575803073719	0.0755878378969254
0.0921441776592167	0.481832437922892
0.241541270112914	1.61175571383529
-0.0862948571033269	0.238044322531354
-1.10661257396952	6.67522930025
-0.65691737602578	4.29894296244974
-0.810160463497561	2.23885358144881
-0.0817422230338298	0.0495045206323057
-1.79541110556836	0.406108159138969
-0.810563208548247	3.77676894962866
-0.493981271531889	1.77073416680082
-0.620287258984661	1.23377814308621
0.0978002117284841	0.0936750610530481
-0.294933080954785	0.523207600741853
-0.0284621947558018	0.0360275624054861
0.472579716041604	0.431233566472352
0.0810055425780443	0.0563346030996343
-0.164555384875886	0.162601053674096
-0.770823230313179	1.19246322704095
-0.544421003873959	0.342556708307297
-1.28063049074862	0.590967255795044
-0.146609473147414	0.0522761202909325
-0.543964080168534	0.942262067490509
-0.45958836770116	0.833006516637584
-0.134367438587781	0.172373464425959
-0.569447804577088	0.809643859768087
-0.747674064564687	1.06801259310567
-0.731069317061528	0.829264232085978
-0.856691965361752	1.00657403030781
-0.148070454703575	0.0999887723912608
-0.316159540525475	0.279741058740627
-0.606531796136237	0.625266175768953
-0.285084554429505	0.331113234130341
-0.214427087749696	0.204749110295171
0.0622517581165189	0.0415588411290062
-0.0181759784756088	0.0120309752739158
0.00408323485802707	0.00186193374436879
0.374028940936884	0.313648331416182
0.186984423968973	0.174987666366254
0.165892209662306	0.111361590582222
0.0694948605163744	0.0466677043848401
-1.2674532262542	1.35187720139639
-0.467694395945893	0.308547214303803
-0.569579077030756	0.510127301458276
0.262798555562065	0.236421812778413
-0.0415565349353906	0.0263478432716678
0.377318738758535	0.315911103107616
0.501231000074916	0.604695976753397
0.109687268221101	0.0797035228719775
0.146459481769699	0.141295020158161
-0.164431676295368	0.163289719237522
-0.352368291514534	0.525646073422026
0.169820624797499	0.201934770613023
0.301236951908351	0.366873327344021
0.333345567675128	0.393614112102212
0.0151948711373355	0.00826194642438971
-0.783166808112725	0.839516053511074
1.09517298452281	0.802654135709717
0.760471399022848	1.15925080138927
0.153527744604316	0.159432300807701
-0.71992277379588	0.812352667656271
-0.881792491019153	1.24783634937257
-0.440087828787734	0.463209043430719
-0.726036246775598	0.785149529785616
0.186398301515825	0.163689012131046
-1.24029154850728	2.08313867210543
-0.226501446187598	0.252041628844502
0.39454110146607	0.179208934548176
-0.425065323435664	0.573962959018368
-0.278783936373886	0.304876159931174
0.965699590895746	1.42648274697105
0.337514800246708	0.420917953464961
0.0691986820711311	0.0703907721466392
-0.0860331274786326	0.0808755712233028
0.196259296842302	0.19610994534312
-0.0401133740027748	0.030164264959386
-0.109953707902386	0.0636436771593483
1.08794998285958	0.66664386219823
-0.316327530097956	0.1465020723795
-0.0367679972870847	0.0171745153520518
-0.0741376550549643	0.0447837738503902
-0.29995442584854	0.217421020943766
0.0727984420736997	0.0466950823955604
-0.12227968550458	0.0966536262367171
0.0953899522713058	0.0669103830804109
0.991915509195328	0.797427957269056
-0.192971876128868	0.147497697726127
1.76956891578012	1.00885453207228
1.78000789236967	1.02241311393787
1.0427104384437	1.07982724596711
-0.218549083048159	0.139368638650712
0.467532745314685	0.31013967145357
0.16640433787689	0.0946181030250437
-0.788322922667579	0.510655364044452
-1.15762437123894	0.988444653648239
0.417161850355625	0.3086241230306
-0.212459100283454	0.0694889731401476
0.70391165612902	0.459140347455869
1.1321545170309	1.13666781522741
-0.3190112852976	0.148400163014118
0.161810300526645	0.0918299818741824
0.165949796826479	0.101345119358756
1.03912562176057	1.07266033517937
2.1081083963959	0.950823376888964
0.142482706235465	0.055536351134023
0.14169784841735	0.0679185776800922
-1.60771169671954	1.23178213645114
0.0705760738551892	0.341660302363549
-0.217357289609045	1.16339601078601
-0.803476961755093	4.45808506767555
-0.648831043789334	4.45760321420673
-0.152371357627301	0.237767824117375
-2.28225494423569	2.70328671476135
-0.243047983218984	0.557195270434274
-0.190902641725648	0.43699895895952
-0.7267439710349	1.4634282671945
-0.70973049992571	1.24110983481786
-0.288807349689387	0.517650379610917
0.128550101624519	0.204116828153485
-0.130163228911724	0.122308862730589
0.649928798649114	0.581554197532371
-0.245444674822155	0.270522237032285
0.498650333520887	0.674920789423901
-0.237836536398094	0.179413640206122
-0.624582031923329	0.153403426322781
-0.423066830185225	0.55951178662421
-0.243280720911206	0.201633253658474
-1.82855849132119	2.09037878036655
-1.18781469058378	1.21556383701342
-0.146350258635688	0.101749975989774
0.184560251037973	0.169364571330272
0.200876515576229	0.2365891229809
0.448212240671088	0.58513146293506
0.17463434276076	0.116926341559566
0.120750185155592	0.0988494792895775
0.178034512888501	0.134981000540816
-0.613465015778141	0.670461816771245
-0.76051299318919	1.16796851772441
0.327275208833587	0.332930276012035
0.932106019204108	1.2221273356538
-0.026519281467883	0.0201617034698792
-0.443929260158877	0.339971711701613
0.616590286345322	0.660503585317301
-0.739469981176181	0.937401528474682
-0.210307094861666	0.190204524044922
0.20199450606249	0.187419042828091
0.574440759402924	0.733508483904422
0.346882782764739	0.334691260457983
0.340025795619536	0.424164039285538
-0.58771238426656	0.893071875328812
-0.0582197452285822	0.0637040524217264
0.00466849348816751	0.00463473066803052
-0.149831387796647	0.156995244355209
0.0911903908656993	0.095780489684735
0.739103375734826	1.11019025833718
-0.0661382348831616	0.064199083329355
0.357420947210076	0.556875414876755
0.176520737757552	0.189926248512335
0.527780416635551	0.966109296314203
0.353750491216044	0.340660387261091
0.891924271836113	0.485408326875817
-0.0878983377938508	0.0536003781520802
-0.0889943263151681	0.0641914221928555
0.7271614752212	0.598614068270094
-0.249368688975638	0.270631028556677
0.172864462126667	0.217252032817094
0.0334145298061593	0.025342335820286
-0.242854016041487	0.233741093400749
0.0210529950549126	0.0175143182794318
0.692479554295859	0.858422993667959
0.124993775335958	0.114332542736831
0.138184800913652	0.127883912751292
-0.102634571399484	0.118967991189078
-0.497010709574889	0.255276436010709
0.335877816005967	0.44960291400636
0.287090738701754	0.327301314001726
0.111263853390527	0.0909498460835988
0.570924111748595	0.957605274203734
-0.265425021767962	0.329709476851248
0.252120860297172	0.271903201553576
0.210038358627068	0.212191882114534
0.158145809534225	0.104507386197197
-0.343677982689785	0.244059936719446
-0.583123382763383	0.42038917482913
0.0462683307396936	0.0280736904878535
0.0968247932097197	0.0704767000175346
0.170975074220114	0.125202419716215
-0.0273503990869136	0.0178558955700903
0.190392874494225	0.144889161770673
-0.0658668159454164	0.0289900268360377
-0.617848628375206	0.674965444420845
0.9872699589399	0.784818093085889
0.172837664482033	0.11676349410581
0.44459743728619	0.318252643117441
0.575104201916023	0.455550623107231
0.383727571866605	0.308181177225632
-1.19224399094643	1.20087708859566
0.9496220233809	0.636572171961621
-1.84152710079144	1.66030947009203
0.347194609509864	0.172376550423963
0.00183135869512597	0.000797106988765624
0.33278756773518	0.181922499656538
-0.199459335693469	0.105785164485556
-0.135797398397401	0.0749271455984878
0.478639085403087	0.321442864154375
1.12478705130572	0.992870950107945
1.53839903242833	2.25907869937644
0.9948366646537	0.797932185446265
1.04732717910475	1.08379652772095
-0.201545596563969	0.134339192702465
-0.409139443424585	0.280215229489442
0.30563079375482	0.207307813070195
0.14212163586765	0.0678288612968638
0.684826022870398	0.325080726847465
-0.35137798744179	0.102393082124341
0.00908749039036266	0.0259140286164912
-0.157602690945951	0.333637878481171
-0.156086190813083	0.410687285139751
-0.30634264365132	0.517228575189585
-1.1722970847019	0.664673493881288
-0.31497033872172	0.315291539105183
-0.547951989929608	0.908962470329513
-1.27727197823493	1.37758976368567
-0.0826050805385817	0.0591638022608504
-0.658549031784715	1.06220345267976
-0.468140687929675	0.945161297553204
-0.267993511512912	0.234182942233165
0.166071484909317	0.0944252277095369
0.0177298534184218	0.0155200522782777
-0.587838665424914	0.773388386544726
-0.193812017611591	0.102329582268643
-0.613663252410503	0.29949176672961
-0.530671843634332	0.2061859514931
0.158895305301853	0.0834934869854257
-0.249757742198193	0.124489399904043
0.370010136631199	0.308994351634394
1.04385731856474	1.09152933050394
-1.65523991999609	1.67148018893574
-0.257628024862676	0.191460017668943
-0.131917312236035	0.076822679938134
0.606650541994845	0.452523764147297
0.414366847939675	0.32529983024947
-0.112755457902558	0.0664989558926586
-0.392351006459174	0.267330751511793
0.902748351991385	0.493637104589603
-0.432972997505205	0.327446159986502
-0.404139013581655	0.277130908674614
-0.634092269057034	0.560679232044878
-0.0413953149964677	0.0266211073287111
1.29165191555942	1.87224818830241
0.269620167211722	0.222810726922731
-0.00930063275257085	0.00613350846909097
-0.101157483410092	0.0731812155458435
0.388341125003342	0.326536595535659
-0.407350889433509	0.229451895792322
-0.793944040086815	0.595640922844698
-0.0767408166686672	0.0549718684517848
-0.278246903304047	0.225883976883242
0.949733930932581	0.907871477237652
0.451502993363427	0.322558333935316
-0.720040759350594	0.687150565132126
-0.0274731149373824	0.0130180256919096
-1.16828570241475	1.43737453239878
1.61653552101092	1.14304976312402
0.527431899623247	0.192654585358379
0.170541995167361	0.0433725109405701
-0.400062396642448	0.170601933136714
0.651418087258695	0.458384912620426
0.144803787545296	0.0692956146938174
0.319810798249874	0.189984012101771
0.430333363554254	0.322434507656128
0.860706768175957	1.06690509742769
0.0701114673289704	0.0470890660042733
0.116384012999595	0.0900764372134602
-0.0943080864407747	0.0655823245329571
0.876223699550342	0.999123256899359
-0.0895999829851615	0.063926641381894
0.179404353336205	0.13668337075717
-0.59816635157355	0.574957882779002
0.152059452718086	0.029590171141199
0.531629221515791	0.543247909397527
0.47827592613918	0.320164058462367
-0.868135585451295	0.855209604855759
-0.106658036217296	0.0854687280577453
-0.103524145131458	0.0415664859090425
-0.501736751892586	0.263474103637393
0.343333231839774	0.1895499249516
-0.107384579203446	0.0430213037775229
-1.83966410513708	1.17829735828949
-0.954314791925389	0.57857794063217
0.664228257408103	0.213358767976231
-0.343542423818443	0.10090975164114
0.670883773275737	0.21573252817249
-1.2846438650948	0.592277235262953
0.531595264123315	0.195527948373046
0.141817300323063	0.0551396791983983
0.897130821169823	0.48492850799564
2.34679605522153	1.18479376160827
-1.49742870557934	0.78446264648928
-1.5154277743567	0.550652304944458
0.163094953310193	0.0494223382636678
-1.50387762896899	0.781760630908673
0.134797965474789	0.0461754013641757
-0.718248637886495	0.248855604025161
-1.02985304618648	0.417366865086498
2.12300707262164	0.963419621094762
0.95558416772101	0.253955285085994
2.762173012355	0.796052683519412
0.516528701315649	0.185052484703766
0.157446713573225	0.0474765777179273
0.668515656075028	0.214587613419762
-0.623203514518812	0.152886975065438
0.950654218295308	0.25253240285929
-1.02871170775367	0.417044529530206
-0.344991553778112	0.100675971877677
0.157631418222578	0.0304971390385879
0.158933943506847	0.0404964559262667
-0.352824712262703	0.102155795737906
-0.222901125507273	0.07385839070143
-0.221549116887011	0.0733586886722837
-0.326938260123663	0.789865354149579
-0.0275755689938842	0.0504279402212573
0.330484478382153	0.437178953781309
-1.13707413454834	0.346951163921623
-0.510293755222424	1.46432547887747
-0.420862089639753	0.675547777679102
-0.467057404758554	0.308613121737945
-0.774759465442576	0.338651247065764
0.315712042848393	0.332300973430559
-1.01807680084379	1.80544825279284
0.148400278263471	0.0709527191239919
-0.194133559546276	0.102649267867051
-0.342366844950387	0.0999187527730966
-3.07968455989498	0.963635125148535
-0.141019351528483	0.0512616608589805
-0.405371619690847	0.173316494832004
-1.02454205705902	0.414665056409594
-0.24169065730977	0.12062184866378
0.89227391310403	0.484957834108716
0.890790279168894	0.476837522752483
2.35063075633068	1.20294535204345
0.154652365138105	0.0530810334839531
-1.16412302756656	0.661454869602404
0.703218430403362	0.454607609850927
0.159429495883294	0.0480039803018655
0.526172970540526	0.191693034792967
0.145618402952985	0.050071266673943
-0.096734479000616	0.038659448115269
0.147176554828911	0.0638227662140763
-0.98623770485444	0.501884047923389
-1.81789801192182	0.755319680676232
0.693374217521916	0.328550699974281
0.86214319271711	0.623966154469967
0.0270670310135233	0.0144504529672186
0.538232602313762	0.308738283935595
-0.608111176085134	0.295007246803624
-0.10868960835663	0.0436156218260102
0.685804936005516	0.3264113043121
0.598713662126471	0.313997946459841
0.81151620199283	0.348634244573977
-1.16320090675563	0.660558799872326
0.141737131989332	0.0679136454409415
0.396804651614282	0.180640415913818
1.36976223080443	1.24464123828843
-1.27955202404874	0.590042630501065
-0.620531475305306	0.150785249491411
0.166760634916841	0.0427859605507963
0.1588995276689	0.0306480879354901
0.157056474373317	0.0303984095560313
0.162378104800928	0.0310834456145106
-0.731525616406812	0.255525096859232
2.34387696066219	1.18989973918568
1.3295084984824	0.599202056182031
-0.31249067846186	0.144812647504751
-0.768390647702962	0.343134946307021
1.61733481824303	1.12854572843994
0.438079341089138	0.178634655383618
-0.48210062437605	0.250912896972174
-0.0343709303450805	0.0161377843155024
-0.503646453737927	0.378984004609778
1.2276116608674	1.00628511349521
-0.0179352152720643	0.00871039748007276
3.27333105802293	1.11217115249484
-0.405423738954735	0.22725679630596
-0.0526970440930397	0.023132358212482
0.854495033496124	0.616000381597896
-0.336231655987157	0.198471032753673
2.12181328301129	0.961086817916886
-0.530940356451135	0.204656524383696
-0.621844828197272	0.302479580108343
-0.103661141028937	0.0420042327055223
-0.62982953293132	0.153685936034785
-1.04229984109759	0.418980576578679
-1.79522376365631	0.406159618358576
-3.07792320695436	0.955710221735997
-1.139798321011	0.349782272227464
-3.07792320695436	0.955710221735997
0.663034678171856	0.21290337117364
-0.623203514518812	0.152886975065438
3.27104261465895	1.12081379847629
0.165310764697054	0.0422104497686673
1.04439699516423	0.400035957490872
0.169301214921532	0.0427592743769238
1.82361765344649	0.72436350636832
-0.342091382580869	0.0996589886024872
-2.57393942994101	0.680804613621979
-1.80012731460838	0.40572439661199
-1.79541110556836	0.406108159138969
0.1588995276689	0.0306480879354901
-1.79541110556836	0.406108159138969
0.1588995276689	0.0306480879354901
0.153330488140151	0.0297415921897382
0.157631418222578	0.0304971390385879
-1.79522376365631	0.406159618358576
2.75734920342264	0.799800653832186
0.173098035606419	0.0436660682371104
-3.45549576669823	1.25034460620717
-3.45442672204145	1.24810798046793
-0.62409333671727	0.15194082521988
-0.107143962127846	0.472579128198267
-0.297111635058186	1.39148742499414
-0.358498799977237	0.544447814840752
0.064904858225741	0.129891392892503
-0.277329729445006	0.893752757163811
-0.477973731307497	1.07022108985751
0.109740693005681	0.164307920877444
0.380294143896962	1.38346096671586
0.343565984642484	1.42617341373543
0.309464025277287	0.571765347007573
-0.0436421210827305	0.0464000675272067
-1.79541110556836	0.406108159138969
-0.60428679138285	0.787405446825347
-0.122825538151611	0.131070381830074
0.377076147594544	0.490426103860261
0.132990800572063	0.177232307570053
0.00316727942452577	0.00287756482520136
0.0289672506335311	0.0296164882136432
0.467207760283834	0.826173365119747
0.157059060517916	0.175809289614606
0.421297855866491	0.50254149183309
0.239723885615054	0.278125541668513
0.720807812503018	1.15125325990865
0.745745374106713	0.985157838739532
-0.107016956529561	0.114180922102823
0.091639647242589	0.0964340736656813
-0.250842266751151	0.320295289316127
0.538670955604901	0.879124831832524
0.40031637460205	0.553279678665023
0.126697116984104	0.158225980143585
0.280398612273322	0.409752343845866
0.11235372277434	0.136480167973828
-0.420604593092245	0.639181104794325
-0.0841559692153641	0.094429312472566
-0.396409726764959	0.473034478075647
-0.60008973021621	0.79948761918849
-0.0953761716791564	0.0830684349146918
0.657415969070032	1.15772462020245
0.418755249482677	0.614905243042637
-0.429631807755494	0.636377830585518
0.235435172648881	0.258528990803133
-0.175826940190956	0.172979463400411
0.381980676156638	0.568006453631977
-0.238764541924908	0.229918042390521
-0.0250077185819738	0.0160517744953576
-0.0294450035593751	0.0187705500179819
-0.681319351791038	0.465662415449657
0.248209857437579	0.239359205654308
0.141325318862207	0.12470371760689
-0.0868601864747661	0.0859639369563591
-0.0218809547201016	0.0164926115251516
-0.340844389515977	0.433359703776726
-0.241870007086031	0.365964311409409
-0.197184346474026	0.218219037219476
0.0271535262442635	0.0272632153891443
-0.492327904624503	0.916840567342228
-0.714145236418356	1.2839522679342
0.307941371387469	0.512462650220141
-0.0260827276868292	0.0318070824515834
0.201726503449428	0.273458915868173
0.134903959436578	0.0524653213869835
0.0461422867495727	0.0488908899330979
0.0371544820183457	0.0400512544757541
0.213315199961453	0.275580157189828
-0.10028420755688	0.109683968386623
-0.206097078022846	0.189052630298584
0.175321355457269	0.123359745601912
-0.416702154496336	0.387787925108487
0.151398333202476	0.143367292224841
0.0972771714681259	0.0678896627827734
0.0942181583946722	0.0683124012904223
-0.656657895839866	0.675667242825118
-0.34861629033975	0.246871608392796
-0.118309077081421	0.069797800578777
-0.188025810765838	0.125509669186859
-0.0702667969875833	0.0424846336170733
-1.19338652774714	1.21627074531478
-0.886321180756334	0.800303101651904
-0.109437559807654	0.0639313576630305
0.848143698889652	0.612141855913472
0.349522463068834	0.328246757100328
0.369429928930517	0.306854334047016
0.343876217228872	0.314228040153136
0.0621523444939713	0.0394591845971108
-0.614974912875044	0.301052141709719
-1.50518587810885	0.775854451559305
0.142273659180085	0.0605331740029386
-0.0312659805546344	0.0148236950355585
0.352137816454219	0.172625312282599
-0.308016412677682	0.141477794203251
0.600038673522669	0.314651343605924
0.128305397890376	0.0492062126523859
-0.299188922016403	0.136557812047028
-0.0305816844238533	0.014340908663008
0.149246658904178	0.083658153723216
-0.170442451840275	0.437025144812215
0.516841343077634	0.603567232168743
0.213280768144082	0.375100539669287
-0.715827622967836	1.86004180973484
-0.353592961997815	0.334299265387331
-0.647621608768511	0.871213143856846
0.215426246882708	0.330590734484053
0.548046911954653	1.46795865081269
-0.623887572951157	0.878664823612781
-0.191615015636239	0.146211511797409
-0.79123325942207	0.51714504862009
0.610746256497386	0.559872313885663
0.810186660059278	0.348204719952732
0.176705649734539	0.138761175722307
0.179060800508474	0.148720484076821
-0.515263382958436	0.542112965080802
0.750770103413762	0.819634754483887
-0.417626276181822	0.353031498011784
0.651516321320896	0.578555196260026
-0.20041618521816	0.134282778952353
0.178458784335727	0.126600245247941
0.617676604066336	0.56688002019287
-0.651524430879713	0.627896598407268
0.576942530033602	0.45675904352873
-1.1653428300389	1.00102031595795
0.266467054541304	0.233322650786691
0.640655552801924	0.671993166778036
-0.347211801447539	0.27405995690731
-0.371991513972406	0.345552306444829
-0.445357941417492	0.342000344556034
0.862102121073444	0.629166041590057
-0.0104542103088811	0.00511815345572135
-1.47683483926462	1.0242206042662
-0.200826435247236	0.106655794896421
1.37193711258773	1.23932982264882
-0.100995154929021	0.0588085041891848
-0.346750556369289	0.247236607371824
-0.724716701361779	0.253084880212333
0.168199297019442	0.102183668438679
-1.02849046705274	0.419931822610547
-0.776079644342741	0.339252086420733
0.173098035606419	0.0436660682371104
0.598569303496878	0.31618078883765
0.318340980472068	0.170864082258154
-0.46227040785144	0.300906597550155
0.160246252060253	0.0845962475725849
0.308931103595172	0.196056474705505
-0.387737352187856	0.303103409837846
0.265910764536168	0.238782095054226
0.179383769645065	0.13691377574061
0.661453879732905	0.720784175141595
0.0265868944419692	0.0187599780502997
0.045978112607932	0.0359240093890956
-0.307629860294899	0.24913650477664
0.176512450934585	0.125080966371861
0.303060673888873	0.203827650727124
0.272816775209092	0.225823757546271
0.57808398646943	0.549064962669601
0.304816818660706	0.207506311969509
1.96025897070573	0.471212877436839
3.63643152651936	1.45439996443785
-1.48997931885631	0.773627456972547
-1.28624234459102	0.594941965574939
-0.517868278390425	0.200769558542108
0.1500643212047	0.0518518782937859
-0.718015885215809	0.250371550906901
-0.339412770165686	0.0990063673017856
-0.221755533699252	0.0734151122801483
-1.51396593073936	0.54893460092185
0.445559696059655	0.183481849511998
-0.344718928168882	0.101170101330633
1.45606145484126	0.491057209685398
1.33106452284384	0.593312216872763
-0.337052788373784	0.0977805881937846
-0.771446747272178	0.344605745740912
-1.13599688789171	0.349486711323194
-0.338232313416877	0.0987458905293902
-1.0355361730809	0.42023520166911
0.128481526663143	0.043686060118566
0.670883773275737	0.21573252817249
1.45731598171219	0.481869506806391
0.153330488140151	0.0297415921897382
0.152059452718086	0.029590171141199
1.9613717712777	0.470903909509444
-0.720724982768529	0.249295208299825
-0.342366844950387	0.0999187527730966
-0.62409333671727	0.15194082521988
-1.80012731460838	0.40572439661199
-1.79541110556836	0.406108159138969
-1.51940297937032	0.550464997835271
-0.319508896871073	0.25829553611405
-1.9128997398794	3.39192736602764
-1.67726281414494	0.962577209907809
-0.235146289653332	0.0766934490562436
-0.612589791332898	0.296112878277207
0.0694667280685255	0.0480438773034416
-0.150458831228779	0.0551520014582941
-0.530671843634332	0.2061859514931
-1.79522376365631	0.406159618358576
-2.57936018855439	0.682903044011602
-2.57936018855439	0.682903044011602
-2.57393942994101	0.680804613621979
1.9613717712777	0.470903909509444
3.26821961846391	1.12055426106264
-1.1412609968196	0.35088828313214
0.162378104800928	0.0310834456145106
2.75606918885066	0.793508670212093
0.157056474373317	0.0303984095560313
-0.623695063230009	0.152227657420805
0.951547874681655	0.253003737941398
-1.13599688789171	0.349486711323194
0.1588995276689	0.0306480879354901
-1.13870450738851	0.347544729295153
0.160384885012197	0.0410552053935884
-1.13492041310201	0.349384486959602
-2.57450915234243	0.686119713628322
1.9613717712777	0.470903909509444
0.162378104800928	0.0310834456145106
1.96463092715103	0.470372342687103
-1.52870746992591	0.547176991062459
-1.79522376365631	0.406159618358576
-0.624872195318547	0.152004974277265
-1.79541110556836	0.406108159138969
-1.79522376365631	0.406159618358576
-2.57450915234243	0.686119713628322
1.44680138625654	0.481686443078168
0.173098035606419	0.0436660682371104
1.03515111598185	0.401690296345324
1.46515025425329	0.487505243218888
0.951547874681655	0.253003737941398
0.166760634916841	0.0427859605507963
1.82604050116992	0.728003309996437
0.166760634916841	0.0427859605507963
3.26454918998549	1.12582035861405
-0.346167140140093	0.100935083264355
-1.79522376365631	0.406159618358576
-1.79541110556836	0.406108159138969
-1.79541110556836	0.406108159138969
-2.57994643475892	0.682934722662173
-3.08976598879865	0.953303162204477
-1.79541110556836	0.406108159138969
-1.79522376365631	0.406159618358576
2.75863284516271	0.79267969100207
1.96463092715103	0.470372342687103
1.9613717712777	0.470903909509444
-3.08976598879865	0.953303162204477
-2.57393942994101	0.680804613621979
1.96025897070573	0.471212877436839
-1.79522376365631	0.406159618358576
-1.79541110556836	0.406108159138969
-1.79541110556836	0.406108159138969
0.157631418222578	0.0304971390385879
-0.0568105296853471	0.257419169327031
-0.221260720201192	1.51578977204883
0.181867492881668	0.617701466078036
0.658114805571102	1.34945312694026
0.511410509366812	1.78266799612453
0.421975724911336	0.992927682455037
1.36859049246776	2.45353144369336
-0.159327906836403	0.10815134285618
0.621696785124759	0.804858904158549
-0.105908463105881	0.0864311351042903
0.133200650385756	0.0574217153059935
0.141511958428034	0.0552197149692542
-0.0615512077830816	0.0692809769677608
0.257697470134822	0.230906744985376
-0.948926559194743	0.575836015672483
0.950038970738596	0.637103463111302
-0.152509336205892	0.0557203112776917
-0.195241119223703	0.104473496326592
-0.318759135300956	0.321964798064905
0.593858875880499	0.437521737912269
1.25412766524078	0.862711498666401
0.500518704109891	0.30924154511683
-0.413769689857838	0.231117181109625
0.157133234902599	0.0829227388679478
-0.334048742378805	0.234978499720176
0.0113285670661029	0.00815437110501271
0.700313630667767	0.601149719746555
-0.124988309016634	0.125009733816319
-0.0684685660733058	0.0704340319750674
0.127218520802426	0.131596784693343
-0.0199337192396973	0.0150966130398286
0.254098076606011	0.317129676050333
0.0380611857948025	0.0318265198217147
0.521832373346571	0.606392001341984
0.425358978626661	0.846020182860003
-0.244447780773437	0.268046216828455
0.0414411095341979	0.0510169886251506
0.662536224039781	0.464156815926223
-1.14235343443303	0.349148050508889
-0.396961333937204	0.169069226575145
-1.82608962166886	0.760023550642785
0.506290434415265	0.607665403865187
0.148819881923352	0.143566246580061
-0.786471473418552	0.593261522975468
-0.0121521372096469	0.0059509609208619
-0.140920643717581	0.0787955685851568
-0.779201170961778	0.349669330011866
-0.79559717660657	0.437931090689082
-0.0681768336001665	0.0297956725282971
0.265103430070993	0.293771486216351
0.484563719658091	0.294653066261538
0.617050817139963	0.940906670371119
0.0556811215801293	0.0341322432701298
0.678765264659294	0.585545949769692
0.313217609021644	0.318012955193149
0.233791775655233	0.281116869245485
0.193461437952935	0.170574466660423
-0.46938365153527	0.490536978592945
-0.623203514518812	0.152886975065438
-0.399090488436148	0.170073668796408
0.668084647841113	0.214613858911294
-0.347343651948862	0.100521829573696
-0.230536530998069	0.112405801948782
0.809096541632611	0.345457088336385
0.165698685373035	0.0994230169623846
0.276033457573985	0.227681950060044
0.490517160576229	0.434370822152986
0.08252455473112	0.0574497841315235
-1.79522376365631	0.406159618358576
1.06978261794341	1.22487956876002
0.275797320052499	0.221788803985083
0.799423567198999	0.740696860427759
-0.00144713216256033	0.00103582934472419
-0.725409252431933	0.737962172098045
0.815705372076796	0.351565174973888
0.597563135115	0.653717322697732
-0.504384095400581	0.263353749988529
-0.093165704591889	0.0370812543441511
0.323477002874719	0.194154428688735
-0.222610120005506	0.142502807199975
0.165214190649464	0.106326412172682
0.15329894261179	0.0736612733176028
0.376344052555652	0.325465920884269
0.336270869726374	0.184698946499498
0.316729990411159	0.189120534724364
0.0151948711373355	0.00826194642438971
-0.00550806012884872	0.00275388086346075
-1.15588598645718	0.640212426450204
0.162028543806868	0.0981794379760716
1.44895005858988	0.91254510534318
0.165051309955228	0.10656774166628
1.02793834173913	0.953751811598873
0.851190713371484	0.881895728488982
-1.48524522675186	1.03943846311774
0.538180848710626	0.309939853317166
-0.104966324124862	0.0424807019377
-0.769698010049911	0.341769185120482
-2.08612626031281	0.942000775310394
-0.0639462215930936	0.30075482913316
0.640745918791247	5.46317629918675
0.547581082355077	1.32689808431235
0.619681614850749	2.79722536785217
0.48989671048421	1.58933467239622
0.896747403073867	1.29127468287647
0.0481953984661192	0.0294105161415016
-0.0842135920003312	0.0886679273327079
0.891752762357243	1.74541434017657
0.0462436173634821	0.0283267110075218
-0.53337141642247	0.522369331138741
-0.0238454913970035	0.011337541508548
-0.0409231391045266	0.0190692116518318
-0.246480634220654	0.224964257609037
0.108633253682416	0.133630334729485
0.418965453965086	0.501052404824275
-0.202687185733483	0.135284917669986
0.301090298178161	0.191131235529263
2.39238219560216	2.00603109943102
1.48950142798762	1.89230665328738
0.603757240584853	0.712940251941261
-0.60796315560812	0.526015420857871
0.179693315052004	0.12128796254584
-0.0720371704374397	0.0434512246052377
-0.27783748462937	0.174383799253214
-0.0101724355255122	0.00499153801631474
0.0365305338762377	0.0211152627093274
1.46236143903005	2.05260038751047
0.181988964377252	0.138658224579911
-0.113439347901448	0.0976651913118257
-0.0787260022765634	0.0809700407208334
-0.653289635952859	1.13729852813644
0.529243482480888	0.832776119891688
0.364376125109133	0.408547135353651
-0.224770827845366	0.261564140987981
0.934813957972271	1.44825911915891
0.342651756085021	0.404869990470086
0.221869231111287	0.317245091006617
-0.244852772937817	0.284027211503277
-0.386224909337165	0.616974043583469
0.508568696837703	0.318771784495525
0.442213944161843	0.180035215421578
-1.27930512577485	0.595095920645693
-2.57507908676252	0.680490038595289
-1.02370948463728	0.409888441508117
-0.28395935044496	0.175640692455374
0.887837899976829	0.478504535084456
-0.187624894095137	0.171501192803125
0.397176123961117	0.477936004359057
0.335042034104512	0.199823955293868
0.334540140719234	0.185527110554192
-0.401588962846415	0.27745623048581
0.677040506666465	0.570975180829862
0.498888185746542	0.421318087534463
0.539199469147919	0.44013015844226
-0.750986315494092	1.1478649654735
0.15354017261223	0.0872401540448572
-0.446815241921217	0.522995447052277
1.28741706138253	2.04758521616418
0.751471356828624	1.00078843997555
0.140541750605895	0.134076101189442
0.39972001856267	0.556694812229928
-0.467353080913548	0.613763972773335
0.144530836188186	0.0497609179041408
1.03338662184848	0.395388611568327
-0.400339874419045	0.170786884464105
-0.778919093445955	0.349025831228475
-0.238960111854216	0.119346904073191
0.382977861773991	0.173399486459477
-1.15761838991419	0.990313368755375
0.0779415439836917	0.0542342557623499
-0.202204706263242	0.13379250446322
0.795329931702376	1.01995294316248
-3.07968455989498	0.963635125148535
0.0222537522734366	0.0119929007880319
-0.432516047725191	0.454508816536351
0.626464081780197	0.646343165941583
0.437283920826631	0.311429830164199
0.700483508261155	0.692135850408789
0.702648087489515	0.451997882678714
-0.695974701139854	0.546527387209808
-1.33732764787023	0.851395983703194
0.143982230073215	0.0622594754491574
-0.719194001735348	0.251086827288541
0.464089030435257	0.310306851431723
-0.801879527518405	0.609934713703826
-0.149224703786111	0.100846051462382
-0.3190112852976	0.148400163014118
-0.411093819125768	0.229881618165805
-0.270509705428117	0.168641498740225
0.439776632563341	0.330159789248035
-0.465781484288156	0.306189270433866
-0.323269296183079	0.148985547823648
-0.0561632401941277	0.0352054340454657
0.315602317880385	0.187927360638465
0.0872515027415225	0.0585726861619745
0.448411020367713	0.322456041913367
-0.0632375803486945	0.0394561544704666
0.504603111188791	0.313194883072359
-0.104664988753816	0.0611430696136335
-0.0338454289119365	0.0158818617022385
0.00896292105264136	0.00498343980442055
-0.225731992837705	0.0741966083189531
0.106852302009673	0.307031622030684
-0.100480286790111	0.156158896069506
0.043889052761353	0.0711879108438799
-0.591571127239517	1.649204692369
-0.458010868822679	0.458030961952789
0.313606856456567	0.199385975409836
0.36764068616299	0.419116959432492
-0.254702266980781	0.245091002006261
0.157305691143918	0.0991595129419022
-0.650273676337225	0.621706167671307
0.0488215862897565	0.126828231023392
0.0439581408399294	0.0634183415111351
-0.0885149694104296	0.128872602737851
-0.241359105030554	0.241325080489142
-0.276410093451599	0.173269145362853
0.270865569928036	0.207894052195519
-0.299757291575504	0.215569901150791
-0.253468695919825	0.187498156117204
1.0785546316365	0.667797581715155
-0.650955147929288	0.38197053639189
-0.590948101381336	0.712895269350107
-0.400122367655886	0.347012532986601
1.5810189089721	0.789273824389394
-1.28408896783253	0.588311969856826
-0.318549134966768	0.147968784491397
-0.495591151930477	0.259451894678251
0.663344671361304	0.465145551166659
0.334190602887716	0.185074917513806
-0.524252707979673	0.204085170600417
-0.154080721580194	0.0564960500422514
-0.471277609196885	0.311317201945713
0.313326379101511	0.198363934896755
-0.310253528051153	0.143451394522151
0.315130619140215	0.20190752032304
0.506267518971674	0.318045130262743
-0.226767175448244	0.146313081087474
-0.193564233680636	0.129572351841816
-0.50106521111642	0.455339757108758
0.263832791821247	0.21690082120586
0.837720410590392	0.744217505096084
-0.617073005593579	0.784074570473231
-0.218901675885706	0.164960073161268
0.181690178209331	0.157702918093164
0.449163238375625	0.18325360580033
-0.611278604782799	0.297732049068926
2.75863284516271	0.79267969100207
-3.07880362658843	0.963967696821091
-1.14016935299318	0.348638213237076
3.26454918998549	1.12582035861405
0.678523927104916	0.319455070068707
-0.308399370353957	0.142608805650478
-1.82467177482471	0.757687975137559
-0.940211127322462	0.678782308256926
0.0622577402138468	0.0489428072856922
-0.662967401095436	0.391915869537384
0.675968490674416	0.317437902174495
-0.692176527737978	0.549102085886459
0.454765648560492	0.182694727165616
-0.773774748297677	0.346345835072774
-0.150731092427451	0.0552708638941148
0.174344863284236	0.11100256528682
0.391741880756504	0.179388671736555
0.414962028205323	0.415882493165745
-0.919815798220833	0.650916998963107
0.392886494092223	0.174333024730413
0.362787880344397	0.31338198760492
-0.923063818914442	1.09276616266955
0.360773206066236	0.181805189739224
-1.63028368225292	1.21573154090113
-0.619634069394611	0.151716324023864
0.157631418222578	0.0304971390385879
-1.139798321011	0.349782272227464
-1.51552740493151	0.546707354167397
1.44680138625654	0.481686443078168
0.162942698182568	0.0413114056520163
-1.79541110556836	0.406108159138969
2.75734920342264	0.799800653832186
0.145881738286716	0.0563345780387698
-0.987529818778603	0.499440593130384
-1.47340913012276	1.03132716712333
-0.401347921029755	0.171005116484755
-0.15305394996009	0.0561503783181607
-0.221549116887011	0.0733586886722837
0.523462084360853	0.192012618175419
-0.39630814908082	0.167858685913401
0.154050490761234	0.0462665288164102
-1.34071271046754	0.837221116806376
-0.219891936929736	0.0721747181158224
-0.624582031923329	0.153403426322781
0.961469601946137	0.252693318766749
-1.1412609968196	0.35088828313214
0.15921674927226	0.0483450021306231
-0.624582031923329	0.153403426322781
-0.115983696548462	0.0463428583025987
0.397562486593342	0.179279678056957
0.169448715067567	0.0428107247727095
0.157056474373317	0.0303984095560313
0.1550686105067	0.039449504415366
-0.344991553778112	0.100675971877677
-1.1412609968196	0.35088828313214
-0.724489220764226	0.25507339261849
-0.041472221171335	0.0192432590231289
1.57714819353063	0.802960629731615
3.64031826737114	1.45820478057553
0.171634472420616	0.0433572706368662
-0.730123386031477	0.256802322226565
0.444269307982615	0.182724882347965
0.530234735136755	0.195115554796289
-0.724489220764226	0.25507339261849
-1.79522376365631	0.406159618358576
-0.0536237365880657	0.122423804242073
-0.026096922585614	0.0543815575008054
0.00643703450336489	0.0124558900368217
-0.341716871142329	0.549182019367048
0.155724207424717	0.17129051429282
-0.0525663663060257	0.0704628751596005
-0.00160305420428658	0.00211455120094079
0.014100433723737	0.0113377890258267
-0.18633749815989	0.431933959183183
-0.530050289020535	1.59895832635998
-0.42934079798206	0.998023094251137
-0.0943345406548051	0.134900753861106
-0.0555204866718998	0.0676176271055857
-0.220444771649205	0.295663839937562
0.538105927978133	0.760712453130816
-0.428673362139557	0.50513961519713
-0.0051235798287492	0.00397996389347214
-0.0519189589854629	0.043183051164074
-0.904079535018772	1.12204595484471
-0.340812307569391	0.269301652726495
-0.50251040666576	0.45371547033666
-0.351007737409218	0.248558556805601
-0.257487550063314	0.191399014849224
-0.318549134966768	0.147968784491397
-0.681464345960929	0.74392136250109
0.427408481230535	0.323206530975825
0.336847054347486	0.329343502252937
-0.197333699082655	0.167563608369864
0.251776328438578	0.257128021437309
-0.187832321936419	0.143302296760604
-0.797372132187104	0.803331221444847
0.798797129116713	0.851134772723316
0.101934339791753	0.0738296716967065
-0.388018311013365	0.36562193377805
0.0354150339764743	0.0271154273147859
-0.317927578934004	0.281985980552443
0.20489221009425	0.177372893037858
0.795130901698228	1.00030423507403
-0.0793700224457015	0.0644605637266001
-0.740957315316616	0.935604065491412
-0.262645223770211	0.236724507845721
0.155762942607188	0.0881833866648816
-0.398543966634002	0.22424383797517
0.289280289841697	0.205475549047069
0.869018927121588	0.980073776335864
0.331964633461667	0.182430440387226
-1.29401451396928	1.57392604815011
-0.780961693084786	0.346618625657424
-0.250195347313519	0.125321398579138
-0.307402239324383	0.142463158970048
0.688588989186597	0.329918803167546
1.77443386068803	1.00759299910813
-0.724832779293065	0.252803415831091
-1.81516028188415	0.748234362154385
-0.649571926043614	0.379940823819792
-0.00550806012884872	0.00275388086346075
-0.074781021104023	0.0464818153424544
0.565604325687789	0.445430855903339
0.163446241895658	0.105250412330864
0.0247234948787871	0.0168154196902181
0.031952571179766	0.023539664045889
-0.273219001995784	0.224009598552211
-0.199305301246618	0.15215253776363
0.114050488400966	0.0884678865614456
-0.682552427529244	0.783877265313579
-0.161776944584135	0.140017887234044
0.0105548961345334	0.00722033179269521
-1.79522376365631	0.406159618358576
0.69928941714104	0.600664853875971
0.386625609911672	0.312852255533953
-0.099084541691203	0.0789455900218822
-0.629666746026574	0.560614049342501
0.445559696059655	0.183481849511998
-1.51940297937032	0.550464997835271
0.689859582303827	0.330466967885979
-0.41029960020496	0.226591622057647
0.468975050036948	0.315624122325425
0.136179197499738	0.0530455063125652
1.0404202529805	0.404466019128978
-0.401307165700661	0.171557584514759
0.343851878826329	0.189211828704891
1.03793223060229	0.402236165852461
0.157631418222578	0.0304971390385879
1.82723433620716	0.72976386465442
0.95292022183415	0.255029382628136
0.160384885012197	0.0410552053935884
0.440730155745863	0.178519015750839
-0.161835179416611	0.0588422885622865
1.9613717712777	0.470903909509444
-1.51126686389698	0.544349597683157
0.669700188276656	0.216836591054402
-4.01072485788056	1.77884917680187
0.669440224929851	0.215480111776117
3.27475268127972	1.11306798677358
1.3257228169597	0.589995290446957
-0.628447709775194	0.153171179772782
0.146779050005219	0.0504995466653377
0.519161761798591	0.187768877402774
1.07169547837659	0.52511211980504
-2.0710366946981	0.965136621750708
-1.5116278501578	0.543160476988583
0.172003388254653	0.043682446671818
0.153330488140151	0.0297415921897382
0.157631418222578	0.0304971390385879
-0.628447709775194	0.153171179772782
-1.79522376365631	0.406159618358576
-0.230870507498651	0.0758567367259122
0.158321872008447	0.03054890339565
1.9613717712777	0.470903909509444
-0.339689629328073	0.0991873938654728
0.152059452718086	0.029590171141199
0.165674434882817	0.0422257308822068
-0.393737570292483	0.167638796641671
-0.725896158891892	0.253805951910148
-0.616286004016235	0.30143490963561
-0.00780760665350021	0.0272332220575762
-0.083736774301416	0.349323528152316
-0.0504187727918547	0.104323449438105
-0.00791833804729716	0.0103296646568469
-0.157713558437482	0.391308290764027
0.0893535916764491	0.177863887620073
-0.369325495780586	0.5012607087416
-0.0808401832034864	0.130483370186093
-0.161440009099857	0.329538173821818
0.173655344762799	0.348984976062958
-0.123254969351663	0.216628839028189
-0.00856160381467287	0.00985653995270905
-0.059659973082828	0.0651555369442679
0.100302641120104	0.112421776089035
-0.220540855257104	0.279843294188072
-0.173420661808108	0.211374775271205
-0.264909297532386	0.35374628272884
-0.151801486721799	0.131806073718244
0.190096024318134	0.18580352870493
-0.545051737114089	0.669322834400066
-0.0981753085176252	0.0873269124413647
-0.902188396621338	1.39545329824995
-0.457532450353578	0.584567036816965
-0.44627463617157	0.620879447697036
0.765501280097203	1.5004101563582
0.19670484727309	0.199915664810333
0.0590474928397683	0.0641714435436065
-0.487780386481537	0.762521875276575
0.0544073690592425	0.0564794298603925
-0.0587223237740945	0.0528124968575135
0.349565321668044	0.514233881017968
-0.0594353044070508	0.0660981867198694
0.0424639825688292	0.0384715014188853
-0.140133936468694	0.14024144530409
0.571674191480744	0.922354628010029
-0.397538462176813	0.503023528835458
0.24090002840187	0.30041833641513
-0.112776152168762	0.12035167564505
0.279356324630764	0.36248853389489
-0.105768921399405	0.120448771228682
-0.3438562153041	0.497315243284506
0.0358680521922013	0.0378110669788257
-0.0975161771488275	0.100952303604772
-0.374437709747563	0.48376162722922
0.251170911240046	0.264901066390611
-0.362272050089704	0.411042166718505
0.0958944219123054	0.0970922224242186
-0.193755572067135	0.248638818291785
-0.128674689360257	0.144696475561604
-0.379963350671696	0.428943655507709
-0.954797440496249	1.35701532971525
0.0451245582746877	0.0358253142591872
0.0631300102992918	0.0383845354356999
-0.770717734185901	0.341832622496007
0.0768372818174485	0.0514765422103164
-0.181583492549024	0.155149078026938
-0.79879961587286	1.17623699352786
-0.458667712713702	0.457608760655962
-0.846366926502824	1.45913609526629
-0.0387349311054379	0.0425520682981294
-0.467025288838005	0.581320534387151
0.317933631975607	0.414224573543631
-0.635135820376846	1.12482569431095
-0.516193114753962	0.851159710850277
-0.417953190977682	0.600995736328929
-0.288765555970809	0.390805387316926
-0.484552337802771	0.698954127412256
-1.139798321011	0.349782272227464
-0.306111390911808	0.366207481385844
-0.059802192947783	0.0548497482653309
0.369348879568833	0.430818992253109
-0.464188188169449	0.695699014124192
0.0150706065249171	0.0102684685142097
-0.00527285666062706	0.00364836741282916
-1.190265305417	1.1910435358881
-0.321309234428954	0.260661333071497
0.181501087146269	0.146028966307783
0.0843812876979812	0.0581779440026812
0.889932711810735	1.07460715474423
-0.285101112437919	0.204897805488814
-0.487428416019517	0.407152210230782
-0.403607679449016	0.17058566190366
0.174008758929853	0.105969052623753
1.75678348534801	1.35008737395836
-1.83311521043553	1.63312254514096
0.787606413857577	0.736527896325311
-1.35322130514918	1.34665178405786
-0.383044094924506	0.298652446547828
-1.79541110556836	0.406108159138969
0.391712292796721	0.176777179800675
-0.983719030855454	0.49337472495773
-0.143242435429019	0.0806906029302022
-1.34160600966563	0.840986000553995
0.647186469656608	0.448152415672915
-0.343778504625385	0.205139746197643
0.367334504318529	0.319729690222112
-0.0624097883539394	0.0391625260743776
0.156870014938372	0.053431644880589
-0.614590528908263	0.300181664200839
0.782234429621338	0.597776644265861
-0.229722716539759	0.0759270068257283
0.95631708034979	0.642706307170067
0.167846042512584	0.0427707788849589
0.455055517609396	0.183715298496764
-0.221549116887011	0.0733586886722837
-0.39974846066059	0.169824537699409
-1.49772354141653	0.775533736869565
0.145572833410173	0.0563319648036502
0.157684215085786	0.0539834154501757
0.339213354762367	0.186475648117692
-0.230607313526609	0.150081962261068
0.658442009174588	0.462487741886509
1.11712730512603	0.832033736672472
0.0175364097542417	0.0667154209047763
0.0470710334735454	0.142675109691832
-0.0832862413751944	0.183917620267456
0.0499075181021883	0.128162918151142
0.0154155622238054	0.0353181847874937
-0.108278918939701	0.171587145462928
0.0608397720132383	0.0402665494629901
-0.1694355053496	0.180483210548203
0.223393004452389	0.453704672548301
-0.0561185312063933	0.0995507574107094
0.367009959977043	1.12984763514699
-0.0158391744668371	0.028735118048477
-0.115364843925559	0.205120706100453
-0.190159905292168	0.341275441422851
-0.0583716610517145	0.078560871258893
-0.29491494389005	0.403087041247688
0.0115746721181965	0.01260511969088
0.223400606521406	0.318755349530192
-0.260964266640867	0.331325799184925
-0.187439830272438	0.239249079657491
0.28011693746432	0.443554499858363
0.136628431804615	0.172750368850229
-0.17070550535217	0.253075879320856
0.210512483076044	0.36793420078481
-0.196748848691678	0.23649144671464
-0.326007807668079	0.608561843863883
-0.614157078206137	1.61185922819743
0.22569388258995	0.400897939301604
-0.496591054062801	0.923746407554042
-0.209427950617634	0.320960302150598
-0.120918049205931	0.154293157771914
0.0447008819736177	0.0461823033955341
-0.120016104215905	0.154546760058964
0.361050863833402	0.724191738792854
-0.375639846145111	0.712332740340344
-0.308305189426922	0.571150055763348
-0.133661552558375	0.190181932302305
-0.138413258391902	0.206208434370194
0.0226278538240586	0.0289398827780168
-0.360286756485031	0.688369284056807
-0.588180806306613	1.549271839327
-0.215634182568752	0.37156586652516
-0.545191038248324	0.687039898060631
-0.094792675610062	0.0841639793563263
0.00345398403540958	0.00287218694486017
-0.507816246617449	0.819732535075491
0.445458685696563	0.54668023842062
-0.293209308383051	0.296009819781283
-0.21264928712665	0.290865556551511
0.176818076242549	0.153035367424629
-0.327048216437338	0.409900631161614
-0.291801232401141	0.316439831075308
-0.256570014337785	0.232866156961415
-0.434847553330743	0.620556981060018
-0.0739455513830336	0.0862663614715649
-0.00581335049699591	0.00547267741032598
0.156667263700024	0.165243227098654
-0.407070492056493	0.727509489960037
-0.192530757255132	0.318806277058505
-0.314421038170742	0.594846911796676
0.164118460856584	0.266056858025232
0.168511991731265	0.260399272396933
-0.152998521996772	0.246810628342001
-0.179023307182948	0.298066035430228
-0.399828505855062	0.699381281519476
-0.222901125507273	0.07385839070143
0.319138968783487	0.459549140003454
0.221893259610004	0.310823289422885
0.095066562720705	0.119358571612009
-0.2138731778636	0.258499982723365
-0.600068437857915	0.577698215660729
-0.124949038276753	0.0885852577952736
0.644799316769408	0.444587799796837
0.963405031491749	1.68899802797433
0.374489717779154	0.43374462859063
0.258516838322837	0.30981369870967
0.406644053270139	0.425574115343913
-0.209609830039946	0.174444413949883
-0.725332695660814	0.870490243133242
0.15895509587146	0.0905285071069785
0.199321382422721	0.162331008428419
-0.71634141886722	0.729846309690581
0.492029054866254	0.434087296757465
0.176074920714213	0.0999090521971776
0.0773565926435482	0.0518972066964052
-0.0406556978730522	0.0260790720920602
1.96025897070573	0.471212877436839
0.900854796880489	0.493646062916559
1.26304338027174	0.70495875858216
-0.551933661334754	0.460556433989621
1.44770301839946	1.59149630586536
-0.107006026507883	0.042645014174465
0.415434667630517	0.326566808148851
-0.798311995305682	0.605126876251221
-0.129837620568644	0.0900926321985253
-0.326699397136248	0.194079104780631
0.463240163670368	0.310063339238893
1.06657477351152	0.529726543963701
0.600458231431121	0.314077133140864
0.134903959436578	0.0524653213869835
-0.2192236655659	0.071602409305082
-0.725669351344178	0.254938132698188
-1.2849226802386	0.599119703841267
-0.411664432753084	0.174712199941108
-0.524252707979673	0.204085170600417
0.0340897438195599	0.0915335680716619
-0.00690761247129255	0.012686671626742
-0.00923169387968066	0.0180122409538915
0.302506966138784	0.867377769431494
-0.411227733575031	0.657058529059317
1.9613717712777	0.470903909509444
0.817003523318725	0.351976278955221
-0.222408694702453	0.143093828607964
-0.327045012230711	0.392789209676454
0.284022143826217	0.425277741476046
0.254720090553752	0.384042490244019
-0.428051713656	0.928323886548764
-0.433999843215521	0.679366487265765
-0.858812173179244	1.78811508448571
-0.497589370562441	0.793245411886639
-0.241427177569537	0.199994045193856
1.05261720663612	1.51004377981407
-0.344911523541663	0.364534399123621
0.323455167897283	0.315236238291475
-0.475136958451988	0.533926753643418
0.205664427109889	0.221901462925171
-0.526014935212915	0.67230035919526
-0.203954617166677	0.198416801167435
-0.549501118772978	0.34696461573263
0.367143825788327	0.420864345144097
-0.467141908624968	0.617018500156438
-0.416663264245744	0.583542865119046
0.0608741369137975	0.0568293321000273
-0.207552394348642	0.215829412083561
0.113881785685877	0.0905192326397003
-0.867865041753145	0.983231934985797
0.499734287763509	0.582864999256923
0.21353674788708	0.251038330917369
-0.19008633892702	0.173845419447027
-0.71534701191178	1.09836929199051
-0.0600172143453876	0.0573420157820291
-0.34340080532222	0.376733455004702
-0.205455329490257	0.216634622415377
-0.561873575571588	0.76832777420632
-0.995144218809694	1.73067433456912
-0.050120488480231	0.0448696850994328
-1.22172021313788	0.897795363442643
1.09790198959319	0.802396325577511
-0.111553076818158	0.0652441240243753
-0.110031457654421	0.0443954586121625
-0.894289474036377	1.14323478632205
-0.306070713507211	0.140513318553095
-1.09073143904893	0.731481687606032
-0.798735425617466	0.441546911382241
-0.464248249807166	0.464033986139571
-1.09786035938572	1.03267965682342
-0.092098648582583	0.0759320589531762
-0.584778244715933	0.423022843087304
-0.930758466601222	1.04218926272977
-0.267423809137515	0.241225770095718
0.367671337559523	0.392389848196236
-0.364697519788235	0.39307002056968
-0.251990092791599	0.256105654033955
-0.250584035277763	0.242892403474037
-0.88077259509901	1.29481827997833
-0.566064409493379	0.758331212021416
-0.191660065098048	0.146522132906737
-1.79522376365631	0.406159618358576
0.175392286044971	0.137243210253647
0.504142455168792	0.445269776895255
0.621971800923157	0.574500070179589
0.495777143768408	0.438945179058955
0.818093284035194	0.352795702508465
-1.49844534830237	0.78562406308863
-0.224144725632482	0.0732219083557978
0.301243856607361	0.203961602611571
-0.886551054312501	0.814575227638513
0.552946818391843	0.456682559022137
-0.335060854725221	0.199456192459212
-0.550521113923719	0.4562273760676
0.603305616358923	0.318625443315838
0.136163347266325	0.0589893024882611
-1.33991927468465	1.06434746437792
-0.231087265827975	0.0758575600853595
1.08643518542256	0.666419634335756
0.144616061493927	0.0500253520513714
-0.156925643471908	0.0574850760468255
0.14953299838415	0.0516176458431704
-2.57936018855439	0.682903044011602
0.164226724221899	0.0416602681945232
-0.623695063230009	0.152227657420805
1.03793223060229	0.402236165852461
0.681994760746763	0.323785191198623
1.57823386320572	0.796760919939203
-1.28146249315438	0.593259852250037
1.56493266273026	0.795584214388428
-3.45549576669823	1.25034460620717
1.02693094535399	0.391628476671144
-0.223445396665255	0.0731100986253306
-1.79522376365631	0.406159618358576
0.166760634916841	0.0427859605507963
2.75734920342264	0.799800653832186
-0.339412770165686	0.0990063673017856
0.00116928363279451	0.00299412588928095
0.0267098817829521	0.0666378562664265
-0.0319317087710225	0.0623825227075715
-0.531704781768496	0.947150607531813
-2.06705951379076	0.958380425234573
-0.315025215402958	0.455575773480385
-0.268286247953528	0.358741674597729
-0.373886814294936	0.717612095352138
-0.238972652446177	0.324750496536847
-0.390859120643214	0.534532036191955
0.560727624798632	0.924620850164042
-0.708736362507383	1.00945380600604
-0.216002748313842	0.193823717806175
0.654931071669939	0.752548420449102
-0.582542447235668	0.675503904585725
0.742209850756368	0.979849217533726
0.260024561118354	0.237859733185009
-0.174691130907903	0.149403170462178
0.0948637708534809	0.0708549405989606
0.120412586964424	0.101116783331687
0.264807272066916	0.261426398068904
0.147117923179615	0.0703212822493631
-0.305577148848555	0.310677627743306
-0.51550512131334	0.686693365311223
0.374625776669801	0.412048524013368
0.147128037455184	0.141704219529425
-0.281674855998974	0.247960787716721
0.185237761587734	0.136123043737637
-0.236386495989242	0.178588565980297
0.174870915172917	0.131605706023597
-0.154582038326447	0.143058704223756
-0.143280511070052	0.133411597909623
-0.653272474231314	0.97376838987472
0.194057402987019	0.167043820622248
0.239734039294855	0.270929439321077
-0.0575840907755631	0.0415765757870728
-0.69187887164897	0.908988244108185
0.442179730975015	0.469550571763436
-0.136491016210531	0.0947427574154716
0.148114271096296	0.0576207920642664
0.152380753568528	0.046289512415668
0.684244863758359	0.325476385061808
-0.312928383079078	0.144573856905323
0.183952686737117	0.135935883162337
0.823243467793322	0.353586596514582
-0.433324228557266	0.527611755686572
0.187704695118198	0.131509262347124
-0.32627818839136	0.227256921827959
0.179933221306512	0.140863293754805
0.161207412321718	0.097991777715763
0.487747281149199	0.428889307310343
-0.480758056046726	0.402051242980861
0.638990594581694	0.751225055146599
-0.375727294993062	0.398834583509194
-0.00464321001020402	0.00352722161502167
0.119258605112337	0.100047113373386
-0.274972993602125	0.280037006620216
0.277969077205816	0.229986052728711
0.424912791762456	0.315784795391194
0.365360726262392	0.183248967228697
0.0464744511148458	0.0283013720763582
0.27834257589936	0.223901700002392
-0.784712575157197	0.424694524602392
-3.46164602167476	1.25116087441461
0.155447957395554	0.0469498859464432
-0.767660601206332	0.33964922932416
-0.339471528942764	0.202607539995186
1.44770301839946	1.59149630586536
0.544494663420725	0.314083110401379
0.330231322937242	0.181237350911391
-0.411105763161358	0.22986249688628
-0.0608767551394496	0.0265344993400891
-0.718015885215809	0.250371550906901
0.54178492979916	0.309759297085685
-2.28065273284927	1.17513620852143
-0.21359911563999	0.0699173393856954
0.168395066223425	0.0502982738562411
0.166760634916841	0.0427859605507963
0.147142932159236	0.0509873558125847
0.669700188276656	0.216836591054402
1.44824908922374	0.485976898894524
-0.0672894805765284	0.0293261563945939
0.669700188276656	0.216836591054402
0.956487790679547	0.25443416057231
2.73597617930938	1.70618402842073
-0.62982953293132	0.153685936034785
0.161486408205213	0.0413117168731846
-1.79522376365631	0.406159618358576
2.75606918885066	0.793508670212093
0.153330488140151	0.0297415921897382
-0.00748058246552707	0.0262827882524592
-0.106394204627254	0.441447532049793
-0.448267634334582	1.60922097349315
-0.113717761205704	0.0662274864285622
-0.348097852215281	0.445712859219062
-0.130809202964073	0.229070626702864
0.0995072051466711	0.144846466916347
-0.176115638747476	0.314024797980156
0.010194779505708	0.0131057431790546
0.1703732687328	0.273057169291666
0.0430345132997856	0.0565355885967082
-0.0841316650781597	0.115446811644577
0.560739781142777	1.29601845896583
0.384394243761801	0.791429959062687
0.0256142160961231	0.0335856932327791
0.167638660328565	0.249057871524891
0.0421531161644339	0.0550687137814511
0.183196665829025	0.129660696673475
-0.265826633006861	0.433960347696473
0.143082405833201	0.215397812748493
0.15506172094521	0.23619280357507
-0.124723558123492	0.16184215981285
-0.0261846590415404	0.032246688831026
-0.512572723234141	0.845188569483108
0.352881298965037	0.464152180184368
-0.296427975188712	0.463236437468734
-0.0792085327696946	0.10664774326737
-0.192141652720816	0.29072966767847
0.256085898873649	0.441439257169551
-0.346200974049452	0.564612841787987
-0.0607867936958703	0.0839092418235046
-0.516945640627402	1.18506264346514
0.100339080342293	0.138447549938799
-0.205054263949084	0.289380319697851
-0.890321524880834	1.98278195225307
-1.29117098386063	1.55460925388235
0.167014222959117	0.121698608006441
-0.231425797961185	0.208884664729033
-0.00995651310971698	0.00647938128782556
0.18628111995475	0.184639531469982
-0.546156387643675	0.34227243919303
-0.0423206403901412	0.0363008494395377
-0.387511972613184	0.426775591359232
-0.533943841811621	0.585039300691322
-0.448022893431361	0.476407745504308
-0.126613129676157	0.101354741902122
0.0632870784427019	0.0698710298308094
-0.00348466082619908	0.00301395138623705
-0.22736252560643	0.282847796134432
-0.0392830578496952	0.0326914891920179
0.149373577415252	0.141392659638996
-0.510718448059128	0.686698887151075
-0.893580874460319	2.40759911172596
-0.530208546459832	1.01400605352961
-0.300170444133854	0.435897890886925
0.127097336991605	0.173864260898042
-0.0268305639665873	0.0296379637183901
-0.823031365660413	1.80549410200009
-0.206707340292911	0.198261781159589
-0.622314221648084	0.151717296808394
-0.534674087005257	0.52310922357835
0.11116481869095	0.104001626887774
-0.421642137362776	0.545367658627024
0.408015130618066	0.405947004294799
-0.21782126076243	0.0717238674753132
-1.4667730880783	1.29559294734963
-1.7286203504775	1.42457184124707
0.713554603518056	0.955922945580544
0.202064175452894	0.190575060341445
0.30523281691668	0.332646800818082
0.105300731765468	0.0959028830952043
-0.0260285960017039	0.0199434541675085
-0.596137476836657	0.694492480280555
-0.435902421009949	0.406215335893287
0.798245550384972	0.944681394311548
-0.0359281121830061	0.0232783760506783
-0.54022987082476	0.441634979259452
-0.610408770443119	0.292899637627394
0.336622117142675	0.185666367450366
1.07822177271631	0.661035310673866
0.954295652698446	0.253211023347385
-0.616667736557295	0.298464658077462
1.61653552101092	1.14304976312402
-0.392770151107862	0.166777270096309
-0.775821130282431	0.345730113543932
0.951547874681655	0.253003737941398
-0.549182284728562	0.345586344465747
-0.782034300496623	0.424325679857746
-0.693908150599593	0.53923341528393
0.394203251473819	0.331942602350521
1.45023406290641	0.912456900106155
-1.71780982195242	1.39771712515777
-0.228358576380837	0.0754206022353645
-3.46056115971004	1.25132587477871
0.166760634916841	0.0427859605507963
0.526475289805826	0.193047228245027
-0.146667709227714	0.0538386221135798
-0.0201665172051222	0.073621107641941
-0.00217558590466638	0.00538687677892196
-0.00692600025136755	0.00344104066861575
-0.0554539730370843	0.0587452817887154
-0.439242607916704	1.10812775960505
-0.21020211011879	0.366899874309509
-0.41094769356918	0.772622506904259
-0.140251844504866	0.178396540413875
-0.208507281798523	0.358464171150398
0.152981134195644	0.227070986140459
0.0705040575077008	0.089943648670412
-0.206604108103889	0.322567719947013
0.104136200234983	0.142783023431853
0.088742746696532	0.115836674663393
-0.552164704090492	0.615721044030715
-0.507312448128118	1.18695517826405
-0.0171870928220875	0.0230028872609119
-0.0219253240440519	0.0293738115832086
-0.568887054869895	1.14945467629473
0.235095221383727	0.388379996355872
0.440652438989623	0.658137231214084
0.204611892168503	0.252317067009777
0.114105842480609	0.144006425947623
0.294958086721613	0.603221663261694
-0.183799633453177	0.305308692534875
-0.163843519485867	0.256163047184343
0.525432648345021	1.09665589477107
0.0520692671010455	0.0735701434936806
-0.707828789375401	1.876084607142
-0.169488596889228	0.245788347032603
0.0615861358834183	0.0744909456407863
-0.0690782821651797	0.0809890580736365
-0.277882932987575	0.242932096277302
0.170581106836668	0.0891589929031694
-0.065770916951553	0.0588785311112097
0.0506567341631325	0.0471843975186285
-0.134780254870036	0.116876905622894
-0.383381380455212	0.328785470268346
-0.721766038745988	1.03779191540112
-0.375302884543025	0.399671614264744
0.516233276108965	0.444115560008626
0.314218194770967	0.428755594449571
-0.223709915740457	0.278377839905392
0.0925652965430401	0.0998763762722639
-0.691039459708843	1.02213092862825
-0.161981680243917	0.160288796233261
0.100250898494072	0.0970354875143271
0.0900550922342944	0.107682055640198
-0.113223873318528	0.151362544976229
-0.285190982775262	0.440739266619136
-0.127405200305186	0.17078737498502
-0.0226595070582898	0.0275008568365509
-0.29633726111637	0.434257474731663
0.190308908078476	0.189578891664209
3.64180047345344	1.45782125078712
0.486633314135401	0.520257720449682
0.51436830056062	0.724197873726774
-0.561276580951266	0.778924638568316
-0.110343601915577	0.0888088453881314
0.142894270609726	0.0485535417869224
0.0852331654969477	0.0616460410315814
-0.0168746957966188	0.00814755375872194
0.122511835148151	0.0975076832758485
0.299029715724838	0.326451167397279
0.104413813244912	0.103986677512334
0.325274699647367	0.333510478625861
0.701671623706129	0.868398645830517
-0.219639684622215	0.216588397974371
-0.127201585289208	0.0884766945956193
-1.31358882765889	1.74610857795655
0.174894402174292	0.133121110146411
-1.15409963415152	0.990331990820781
0.383163604441088	0.173145665364127
-0.475618692210329	0.314234898662866
0.170881409513202	0.125114960128554
-2.57450915234243	0.686119713628322
-0.0996131982541964	0.039968660754209
3.64180047345344	1.45782125078712
-0.220197117282581	0.0723617793176304
-0.15305394996009	0.0561503783181607
0.816796075513508	0.352385300037275
1.004479406245	1.23734037842076
-0.100173691176053	0.0582853040149525
0.510492232984556	0.31916331456542
-0.367454342180781	0.293686685857277
0.14102816559973	0.0715584567481108
-0.247881263394141	0.12398636562424
-0.152853761050641	0.0561431158007139
0.689565129067195	0.330030148097795
0.166394015894957	0.0421995715384941
1.82748782049169	0.728181584217454
0.143445720753174	0.0557160838352611
0.0274546987820781	0.0676716927296913
-0.62982953293132	0.153685936034785
0.0564535421885455	0.0342203407028448
-0.267179235252246	0.358418703514119
-0.247837614725813	0.27972648465642
-0.0511549061183361	0.0465261097726615
-0.0500253896128224	0.0460614341548427
-0.2458451349175	0.202751675782985
-1.30631900845101	2.03424029910579
-0.489401650774201	0.576507415771551
-0.583583348240315	0.745430974286589
-0.0960367901686458	0.0852374972516349
-0.155259073022823	0.143054842917648
0.0423572817574557	0.0310688608165729
-0.522090122901257	0.201430520847148
0.734047230558101	0.784714647869002
0.185683870012123	0.169060906225397
0.0835563579937816	0.0687892434308433
0.710879197797697	0.882501650415815
-0.637987400109473	0.736372239393344
-0.0393103282715788	0.025157492394118
-0.336607064964703	0.238389587231429
-0.181175288530243	0.119353795777674
-0.352952045552049	0.334715710302597
-0.498812185979466	0.551423624517318
-0.567993603151997	0.621801476456157
-0.0858139168229747	0.0616190370343881
-0.230941040843312	0.209773756643106
0.0998838745371672	0.0691398987691706
-0.910946754353133	1.13309128652375
-0.41922514488449	0.417091701402031
-0.235049889774594	0.152731979688002
-0.961272070179172	0.589545775944072
-0.0664075490831525	0.0289816569429793
-0.0676572285808077	0.0292378462952845
0.0204842212532144	0.0110147384002029
-0.489863488026281	0.25529156649207
-1.09657429315681	0.739097336336781
-1.03416549660249	0.42282126768722
-0.115456271636667	0.0679709470569812
-0.487819793076047	0.413467659498148
0.887970314559061	0.476796449536812
-1.13707413454834	0.346951163921623
-0.247748152566571	0.202538940702597
0.29109559667278	0.207384908221303
0.648960281374817	0.682537157562297
-0.541619353994839	0.33905976024089
-0.781142562771953	0.42297026351094
-1.13491821111705	1.23802990196338
-0.286009024822924	0.205382631421011
-0.197640300911789	0.131798791381969
0.0302613965250845	0.0222586144856785
-0.0235894147061597	0.0153630281305449
-0.387260436434283	0.364179466100848
0.272251734219869	0.233157558076082
0.544000511229825	0.312081137025286
-1.604508255713	1.23037669398746
-1.44290860330855	1.51261550248812
-0.0239830646649572	0.0113291339085897
0.345579179487914	0.190741223188501
0.953397312790705	0.252738122158945
-1.13074478212004	0.3459795805111
1.46515025425329	0.487505243218888
-0.396961333937204	0.169069226575145
-0.799632401565093	0.441989555573119
-0.104085245392243	0.041980675436062
-0.0999454745239706	0.0404223584776093
-0.799980802244925	0.521431891283587
-0.112269478379911	0.0450953459966843
1.45351865984672	0.48998410568291
-0.607727077032408	0.294927096629843
-0.342366844950387	0.0999187527730966
0.170541995167361	0.0433725109405701
-1.83030178054833	0.753586690030118
0.144119409023966	0.0434814221475295
-2.57994643475892	0.682934722662173
3.26454918998549	1.12582035861405
0.157631418222578	0.0304971390385879
-1.51396593073936	0.54893460092185
-0.622314221648084	0.151717296808394
-0.411975012951121	0.174483407827993
0.6800756105157	0.215855235776087
0.153330488140151	0.0297415921897382
-3.0805660074572	0.955215233063362
0.95292022183415	0.255029382628136
0.662786179108504	0.213105829711844
-0.349006134070706	0.101786523630064
-1.79522376365631	0.406159618358576
2.75606918885066	0.793508670212093
0.167846042512584	0.0427707788849589
-2.57393942994101	0.680804613621979
-0.33209964255103	0.195028920218739
-0.556049253217404	0.577604531681473
-0.813888724429872	1.32412617383303
-0.523165118775008	0.762810251375035
-0.853941336321684	1.42044519089392
-0.376232991461996	0.374752059758276
-1.06272922490296	1.1126261660478
-0.220404038835599	0.0729168656391525
-0.612297334836028	0.298430371838476
-1.48968130262235	0.767356007642095
-1.17052784519447	0.666029406369374
-3.07880362658843	0.963967696821091
-2.07241483008846	0.968046925511113
0.446321857250718	0.182141353406481
-2.57393942994101	0.680804613621979
0.167846042512584	0.0427707788849589
-2.06990059047782	0.965937293744288
0.148228629004075	0.0512983752502419
-0.213949743951339	0.0700136617235171
-1.13707413454834	0.346951163921623
-1.03302388557896	0.421793611703792
-1.82373483340545	0.759520768730619
-1.79541110556836	0.406108159138969
0.535810056520185	0.194371096865874
-1.5154277743567	0.550652304944458
0.169301214921532	0.0427592743769238
0.156634201293332	0.0476265114655575
2.75734920342264	0.799800653832186
-0.339412770165686	0.0990063673017856
1.45351865984672	0.48998410568291
0.527431899623247	0.192654585358379
-2.57507908676252	0.680490038595289
0.152059452718086	0.029590171141199
1.9613717712777	0.470903909509444
-3.07880362658843	0.963967696821091
-1.14235343443303	0.349148050508889
2.76088021610819	0.795949787637318
0.53295536088233	0.194775549847646
1.46132136209316	0.489990587090443
-0.344447158055429	0.0995152480238567
1.82217654089451	0.725748167802471
-3.07968455989498	0.963635125148535
-1.13074478212004	0.3459795805111
2.75606918885066	0.793508670212093
0.163311686221074	0.0491766335657994
0.165310764697054	0.0422104497686673
-3.4627316598727	1.24194119481148
1.9613717712777	0.470903909509444
0.531595264123315	0.195527948373046
-1.79541110556836	0.406108159138969
-0.625469527156518	0.152450282737538
-1.79522376365631	0.406159618358576
-0.624872195318547	0.152004974277265
-3.07968455989498	0.963635125148535
0.157056474373317	0.0303984095560313
-1.79522376365631	0.406159618358576
0.157056474373317	0.0303984095560313
1.45840207343894	0.489337286075825
-1.79522376365631	0.406159618358576
-3.45656556517559	1.24745399482219
-2.57994643475892	0.682934722662173
0.165310764697054	0.0422104497686673
0.161791665747346	0.0309826798878848
1.96463092715103	0.470372342687103
0.1588995276689	0.0306480879354901
0.0966625570943284	0.134887896956211
-0.536174281918751	1.17686907972217
-0.687772160853793	1.97944716708607
-1.05844590514094	3.15012306963097
-0.0633130873511714	0.0768998167916675
-0.71647717355559	1.09541873979395
-0.391850625931587	0.269360606129688
-0.402633387929332	0.170356167821557
-1.1431511713324	1.24857104000835
-0.205865838494825	0.108560154105379
-0.268248657727116	0.166201316163707
0.498549794835193	0.309367016714351
-1.47818777953824	1.01480867268407
0.14605644861433	0.0505224990642865
2.12078618698834	1.47077090051462
0.447187410135585	0.314563962941679
0.334212843650145	0.182808092787276
0.054747863552601	0.0349236768842712
0.579155455687432	0.457793454591594
0.777096876836856	0.455435277596889
1.44212162222111	1.60755944550008
-0.788967736625826	0.597153563445473
0.539135813717643	0.310904239697794
-0.622824807338573	0.553181944244711
0.678501826666381	0.317759417184552
0.902748351991385	0.493637104589603
-0.983402319268092	0.496643618569927
0.497227424088532	0.308028256352931
-0.277241285300431	0.173684467265167
-0.400259280379708	0.225175141419001
-0.551978417851225	0.347296108175297
-1.04130481738108	0.818684146785147
-0.0662111154021193	0.0288588703047111
0.349008905350792	0.191724005263056
-1.22682512586144	0.922807824381931
-0.775129318553996	0.34506231765234
0.148738227464701	0.0511351524576854
0.395272984711162	0.180640745979256
1.23901908397045	1.02740866497268
0.510816631260696	0.319837063044374
-1.13453748317733	0.348386420481102
-0.343268806146835	0.0999183449449793
-1.13489929940895	0.345152634599563
0.157056474373317	0.0303984095560313
-0.624582031923329	0.153403426322781
-1.13345886337206	0.34828321496857
-1.51513633099547	0.548077569901583
1.9613717712777	0.470903909509444
-2.57450915234243	0.686119713628322
-1.79522376365631	0.406159618358576
-1.79522376365631	0.406159618358576
-1.13453748317733	0.348386420481102
-0.625469527156518	0.152450282737538
0.152059452718086	0.029590171141199
0.0810015320492093	0.356051964849449
0.0996666427299325	0.420579366633954
-0.126222417537441	0.478000598600708
-0.242997296705221	0.73315865056945
-0.434908450138017	0.733501858546172
-0.267804801195518	0.277054900997221
0.265577327497932	0.25611626066597
0.470384193496719	0.50843948816052
-0.0923292098734812	0.0890587880795912
-0.0280470620761503	0.0233440359634912
0.274228250651494	0.23369417022223
0.476286503995119	0.517606540740674
0.434381683750059	0.413698641927173
-0.178783113923827	0.152888838860217
-0.45049705006093	0.448723418103397
0.821885971988072	1.12529888223881
0.0712477629591234	0.0600953328471749
-0.258260207764156	0.264853569939614
-0.187627732554052	0.183686496210172
0.296654201618716	0.354723195070811
0.347928869538039	0.437258809168244
-0.395086107561664	0.220559309872293
0.151542770741254	0.151685023378406
0.145837686155864	0.15379268471611
1.41965261501247	2.21836724610475
0.502562588558184	0.595421767303941
-0.0427280405333538	0.0321876844733227
0.504254315302562	0.52832805102655
-0.789714679001912	0.845236393974342
-0.308235054983957	0.315883896884176
-0.386607085398365	0.499442566606679
1.25953966625135	0.699265417852385
0.425706586324422	0.489091059915165
-0.0887560295828229	0.0717981613773736
-1.11497843214688	1.70384602706589
-0.185832061993275	0.213593760306952
0.0342599537816029	0.0302110104989997
-0.191570403098897	0.174967576110471
-0.214550116334168	0.226645755211143
0.330071831638599	0.180963324878414
-0.276671611350819	0.171056918468042
-0.0273053238142929	0.0129603894536665
-0.471848259144128	0.3567208273897
-0.0991477607297478	0.0398826250552177
-0.79425004740385	0.43573485887681
-0.788914634655921	0.431868894322753
1.06401084594047	0.530069212232045
0.149069581142614	0.0649019495188531
0.145572833410173	0.0563319648036502
-0.162337677551372	0.0589247125653899
-0.102732516759253	0.0415613264455241
0.157056474373317	0.0303984095560313
0.81802893897956	0.350122578962383
-0.618143878869207	0.302268120309292
-0.402633387929332	0.170356167821557
0.0388816241082097	0.156379718236162
-0.325436002947387	2.66788293043958
-0.336946311892256	1.93667860533981
-0.395425933593789	0.465049550564416
0.0187699742160045	0.0210334369080236
-0.157423095625951	0.193391352725595
-0.454057399875687	0.77084929259573
-0.305550230044823	0.500498681232314
-0.156409239770125	0.174232511472537
-0.0808252551890984	0.0768235928636451
0.123057293440944	0.138369110607873
-0.100860872302206	0.102022498628546
0.103349941006351	0.105517903060835
-0.0792062350660694	0.0867702198932392
-0.1687054369901	0.216132665036254
-0.100859157976359	0.120735787795056
0.243694965030539	0.356444487996899
-0.531201923173511	0.936566839265184
-0.0283342876793968	0.0324517169553313
0.513990245989181	0.677930686428971
-0.375336979859094	0.484658542739294
0.122344037622098	0.131552798760342
0.355221315856566	0.492927021772565
0.000467861441619795	0.000379753460960643
0.299812837061648	0.344737611745993
0.30778059732811	0.50050508807978
0.688588989186597	0.329918803167546
0.574727856464546	1.01882218998815
0.254448336987707	0.297656317144076
-0.0746223338670117	0.0677612195608392
0.05406820315398	0.0556716259924252
-0.428265319816104	0.556501135588397
-0.0543498756115057	0.0442674760356894
0.0177974179410768	0.00951235832986044
-0.696386738103217	0.54835708113107
0.338862496290477	0.187328971103019
-0.586209387970824	0.424662840946495
-0.621086391605531	0.503136629895732
-0.787036866832684	0.591085588536865
-0.182350360596189	0.0959624658871373
0.155234535976453	0.0884492451224585
-0.106693628412149	0.0426585394181198
-0.79319411808844	0.438986447672598
-0.23251508686346	0.0754772095886525
0.151147710779537	0.0523193888171726
-0.654900057385226	0.386112122365917
0.666023422430529	0.464922159916866
0.384276142733677	0.173559156956581
-0.0724883991456145	0.330158045242181
-0.0984462190103834	0.39479511505162
-0.193875951448274	0.396504279559828
-0.0775394286889484	0.0851412032420001
0.157263794479103	0.201362965595741
-0.45797502837302	0.924803547169116
-0.0602911353654944	0.0654667367169905
-0.0105864331339357	0.0120341984387071
0.15648696601852	0.205261398808288
0.151577335591192	0.209588991231458
0.0313962598512804	0.0381568149150373
0.148987051876671	0.165581508390513
-0.085648868714927	0.0914249060895854
0.210630348853454	0.287692564658694
-0.252289408716232	0.35435387956716
-0.621904611467944	1.14585176445363
0.368658727252579	0.481695047492982
-0.0165875797876339	0.0185451868298317
-0.397797832743487	0.678481926983916
0.230124690561613	0.318951415580872
-0.397167062188296	0.535237544875102
-0.144478417326687	0.1643630219418
0.80546946676658	1.53442286944763
-0.366225494358967	0.582191123367854
-0.24350218747648	0.305129573285463
-0.176187429483315	0.209125353786868
-0.0463634064845364	0.0488265717053872
0.70922174506482	1.45755743823976
-0.426728863417695	0.749911516040289
-0.962257602983554	0.588499662799861
0.428360577267814	0.669423667141863
0.592098697171504	0.935181572584007
0.112674372325699	0.129240613112374
0.0485224083653186	0.0500820982423715
-0.403072260506281	0.397698879025941
-0.60661483392164	0.650631322430423
-0.142332859823307	0.0796387750081957
-0.446147523988328	0.341903414450199
0.0573548775789169	0.0367331180726935
-0.37475349566646	0.288023742327346
-0.183711894848072	0.0975157999199257
-1.22852657837913	0.921282785097216
-1.33742810394925	1.48673596988459
0.143757614577875	0.0559227528032603
0.332830561374694	0.182453185847198
1.44168996802299	0.897564909781328
-0.0635663271079567	0.0276347357928682
0.444269307982615	0.182724882347965
0.0195791444256758	0.071562993395543
-0.142411314608443	0.667864986128087
-0.13967743444069	0.473258108512324
-0.0888700349965928	0.209261050835794
-0.316697949803368	1.15310045088725
-0.00387699740776916	0.00719913175243757
-0.0179370966195273	0.0286929310203987
-0.296994073169551	0.564770161227742
-0.183517483622043	0.303014023408368
0.0377479293721489	0.0564056641771172
-0.365719489732405	0.875118645043108
0.0156458908769119	0.0158406511491977
0.438318142034639	1.10779402400196
-0.00123554843430372	0.00192729960236955
0.0619030019082075	0.0923244827497862
0.0233841053523389	0.0280997671718191
-0.181802000988104	0.281432503346793
-0.180039964791309	0.311138703130481
0.125971146351346	0.20664011991191
-0.301317325451108	0.626721085306185
-0.0808494396063407	0.124008278079362
-0.0611444084342911	0.0937737656636436
-0.0121094909867453	0.0160885572520435
-0.342932130198108	0.652071012846553
-0.139073791207354	0.214053724127222
-0.236229437072964	0.319408886724743
-0.0397147571890114	0.0491955268534769
-0.204232920475268	0.316131770744506
0.0183147804417033	0.0224785708261541
0.0360534954823995	0.0393915881651464
-0.0683525663390319	0.0910084655987478
-0.0704954791818638	0.0870716467689008
-0.0825501932134596	0.0777550500569875
-0.556871159268184	0.763050126681622
-0.578503335426015	0.911069686275775
1.02141012135569	2.04605261068037
0.0565205121703051	0.0515459538860089
-0.0570639813217689	0.0355712182939968
0.177009960895482	0.114430716257947
-0.541524067140917	0.445289606553581
-0.137492291310055	0.129808047468558
0.00149162814684748	0.00134394405370541
-0.0332349385154704	0.0313530759803016
-0.844727320043493	0.927528049242578
-0.467802547957385	0.488090991822812
-0.787112337954918	0.900320321368066
-0.596238809948006	0.614075911372227
-0.574291528965355	0.411065677830848
-0.581348993216221	0.42190837560358
-0.340869162586215	0.0994476453021484
-0.215317487973681	0.0708338962407764
-0.0675265859017669	0.0293293322505592
-0.0385146274227254	0.153152035533327
0.14571549166025	0.68555041033853
0.00238363913682685	0.00593200408212851
0.0274835200695144	0.0689545827528224
-0.43880410425306	2.53744363730293
-0.372296813289809	1.68006948530812
-0.0182309004492918	0.0350106772063012
-0.236248402863695	0.538105604606317
-0.0891871084855051	0.161978387917559
-0.107500732498895	0.192729575467952
0.0371461680307068	0.0594159658894996
-0.171202286801249	0.319607557556987
-0.245033155420561	0.312733279386828
0.00630735102649129	0.00974372876131402
0.169648034413506	0.248487334267514
0.00501400351155303	0.00573127359395264
-0.133546395077547	0.186893445250226
-0.193806665339917	0.377013623015107
-0.19469344331226	0.348311684876941
0.0596819292718824	0.0902747284924561
0.300148306801597	0.588679848094111
0.189695950781847	0.320477164665708
-0.295671505378127	0.571863463232791
-0.0349019231339022	0.0470522345843487
-0.178442803416412	0.178379501346081
-0.517036460143265	0.858017673420965
0.0146853665839742	0.0169438058921851
0.271134150213794	0.403987128572112
-0.320451405304661	0.506009544812723
-0.0690115610266441	0.0905403156577748
-0.657312814618717	0.829718511133939
-0.295391833549398	0.319780877283436
-0.291388751753957	0.350520125802098
-0.384295500542101	0.388868498958017
-0.0763315307079891	0.032909833480606
-1.56404020707464	1.46689319866843
-0.0763024903828701	0.0632525158553907
0.0472587772163035	0.0288703020761656
-0.389452574410538	0.301871977068184
0.0770957748044427	0.0513304042882213
0.0195232150789171	0.07220298626034
-0.197340329120017	1.05755475727893
-0.152265448118675	0.60004859903339
-0.378612257835781	2.19733562666232
-0.134226510065	0.426287919801611
0.0437227734099858	0.0927113804735453
-0.0277825566047241	0.0563640039310756
0.0155801272890798	0.0247741486527803
-0.032884998635274	0.0572190138296392
0.0392395632850846	0.0680234626385589
0.00299129520862008	0.00496966137766494
-0.0392590780000763	0.0662503326516029
0.0464964299166496	0.0767247999537451
-0.109602256610942	0.188077407888375
-0.138610709865632	0.138138720865401
0.170435082720059	0.290148800220003
0.128793528812742	0.177853044656513
0.064116071410231	0.07997785645752
0.0842616200286486	0.114993597038611
0.0238481083449113	0.0335793315051476
-0.159062912401718	0.271910150244467
-0.0262319164339962	0.037531606059275
-0.057130236450132	0.0792154089582099
0.397394509915234	0.869081345898803
-0.196039467467491	0.284665854699616
-0.230879977059817	0.360797756305088
-0.449214465967883	0.642370377560821
-0.416574706509492	0.444259334463711
-0.0759857383834374	0.0731401199240148
-0.474167777890058	0.804423805038887
0.042501743844821	0.0507518220972348
0.22306260807379	0.310341008481359
-0.248013246624087	0.351657519418977
-1.79541110556836	0.406108159138969
-0.642296348719227	0.704523887098825
-0.228313753880148	0.274870002028383
0.361431883586001	0.420176652582849
0.654180690294492	0.835879033556764
0.606150644697819	0.310615888422345
-0.400366825773785	0.273899913602723
-0.169073541253586	0.143946299501389
-0.846602192755504	1.06135768591254
-0.0881589333293263	0.0708294837335777
-0.0822220464307104	0.0499886440362975
0.271341092698031	0.215197172545152
0.0599072855326159	0.0384834879229852
-0.96352668379724	1.00682604015346
-0.0367728204096621	0.0170583175287665
-0.776871258927239	0.340167164539616
-0.227576631983951	0.147343301914903
-2.57450915234243	0.686119713628322
-0.797838964739342	0.440364019139368
-0.524401134131976	0.203663422455522
-1.32858804731232	0.837315651354359
0.0271825481603642	0.104875506019893
-0.068218686828576	0.263524957297336
-0.0201081391490314	0.0567238980184098
0.12994370685616	0.40160140786431
0.0930387039122406	0.220476149667244
0.0687244152303672	0.158591216843198
0.255101528160344	0.655323818829455
0.0495086627404933	0.0885666918652578
0.00709466040217481	0.0112475353293356
-0.310323610305062	0.799018399566578
0.00427628271351589	0.00677335651697339
0.169642749854231	0.284475716137495
-0.29975889250644	0.553445436447971
-0.209388687973604	0.300656699173567
0.350239764144711	0.623656853641529
0.138636922442346	0.192665860117571
-0.0778976383437932	0.115525521234923
-0.277333951717181	0.576971486241926
-0.371739329344415	0.8003739372489
-0.0155833083254878	0.0204038017868799
-0.187310837962613	0.303204412710854
-0.21695930069267	0.371127073676634
-0.625957759649659	1.25974170158387
-0.0517125929309827	0.0624984182060615
-0.836088377728223	1.9016543855017
-0.553626724948681	0.832063003415876
0.0987798525759497	0.110343182227926
-0.834309546459992	1.08450595874425
0.303931018847262	0.330628480540102
-0.233247595841608	0.271944526552614
-0.658675493771594	1.11582585682388
-0.273669455366579	0.374715181756617
-0.053571881705953	0.056731259754123
-0.320057610114418	0.303872256815247
0.266309764563794	0.268038365467998
0.775609257825133	1.23520478066917
-0.649847975209071	0.794937606537223
-0.503980707573383	0.265163684166498
-0.345814209036708	0.205989545982322
-0.0721872127887099	0.0602241977489812
-0.198675978847769	0.182493505349358
-0.185031657585922	0.174057351317837
0.562163732399433	0.757092436716287
-0.30121743211925	0.215485118710633
-0.452784527259589	0.415450362482698
0.0623629115574548	0.0397476107767016
0.187336204612187	0.137079223716076
-1.85334214369758	1.18838135316708
-0.704368761032436	0.55548631685123
-0.428784005946576	0.361776903155709
-0.0941936827588495	0.452786931124388
-0.0924071154507736	0.378107078661594
0.000234478577264844	0.000599793928120184
0.36477688303042	1.51167642465745
0.224529158940667	0.710587778431363
-0.11965799192968	0.260971323681682
-0.264411766121417	0.653231916652573
-0.046236954873936	0.0783848977323875
0.166162577683734	0.323402185645675
0.395244855802205	0.49478794401503
0.020076287763166	0.0239423972658513
-0.318794425384651	0.538439158511131
0.0709133854249217	0.0793126438755876
0.210871063674044	0.332900012636655
0.0102956798477782	0.0139438374917186
-0.21651666159471	0.397961330547227
-0.562992872023704	1.4086023659998
-0.611643500566889	1.38410178056585
0.0131437026181888	0.0156308471174565
-0.0308896261303678	0.0382062962642024
-0.254895075273805	0.416236860990263
-0.353756780708129	0.607352125905135
-0.18898816900789	0.244652397183493
0.00754728421057754	0.00675349615543519
0.113624401959068	0.131973030572759
-0.193211447558644	0.163005335507779
0.20570521802234	0.207555840395384
-0.114133187408422	0.116685636404594
-0.250040942864256	0.314765177804345
0.164510572605775	0.223852256171113
-0.332249975385115	0.465211907090145
-0.35004070009046	0.450649100403024
-0.0519223861494965	0.0384926495616261
0.151068002137005	0.150979562540686
0.54819834442501	0.635425430009483
-0.0830149625330108	0.0679024780001855
-0.0717018395276833	0.0432909747244598
1.1173513443595	0.98991118314908
-0.50264222569047	0.375528053362861
-0.436039341495338	0.371860805118931
-0.151099413434525	0.130731417096472
-0.0101352548133533	0.00779242462861319
0.100603235587961	0.0935087610303687
0.409063560653672	0.317027941384942
-0.22924573819188	0.172329656165855
-0.700114510314346	0.654814776027769
-0.998776336864506	0.883626822257457
-1.22426291626598	0.906092016671703
0.0306594749557542	0.118513465066315
-0.0646659447537057	0.239390836307311
0.162379121573877	0.573247365873916
-0.00949399579512056	0.0220579690326723
-0.0199966470577319	0.0372930646518095
0.0302018052591254	0.0558772975078918
-0.130518265278448	0.291209579651937
-0.0636833668047892	0.13057315803509
-0.0855427460473488	0.173031816241683
0.176295539579222	0.389123510778079
-0.103746461261761	0.195437730616921
-0.072371217856636	0.138548828163123
-0.169200830800256	0.363525302461802
-0.0591447640078281	0.0956780925587212
-0.0651258772076364	0.100859884096085
0.0516880372042208	0.065488554977128
-0.210564220620419	0.326615991342212
-0.133485140302266	0.196785500599305
-0.204334272246503	0.422421538428835
0.150288209388649	0.281601266087141
0.00699158651842298	0.00986127812056177
0.0919105337574282	0.132458677552357
-0.0508266426885487	0.0702963799213695
0.169853108382084	0.264326641483485
0.375855717003712	0.733604326755722
-0.0809887055553794	0.108033381124611
-0.182711152458991	0.22522502396661
-0.25609703499315	0.338378457263468
-0.469114516485466	0.553369628653859
0.322644490991649	0.335930184920539
0.035960090343622	0.0357540617272202
-0.695947493836781	1.37068704849108
-0.490509284337632	0.844220274323787
-0.0600827797527265	0.0703147093290896
-0.10570636460396	0.128341355724208
-0.757479567283286	1.04629104484807
-0.897029237357677	1.22448514944533
-0.3139396097584	0.338491259825014
0.0221647139242874	0.01840754313794
0.33583815939695	0.329616793129914
-0.461680510180356	0.301960982340171
-0.258358209913775	0.191926496420409
0.992774160545928	0.797789574953533
0.0876286224974044	0.0586186724458923
-0.327088814026306	0.328168993923656
0.029715927889967	0.0256210600640627
-0.232633558904497	0.245755886683689
0.1940272996363	0.173941157803804
0.168350628965988	0.170514087373322
0.961476574630613	1.16018166248595
-0.222466544672065	0.186077528784694
0.0381206670322742	0.148284501888987
0.156545938119913	0.722538570216641
0.0247903597923321	0.0650569507189189
-0.0681348364604252	0.162332381176696
-0.0108198392873551	0.0199165403605365
-0.110255895836068	0.248377414041031
-0.219432492566832	0.599346200417214
-0.228477885707577	0.65396985783275
-0.0441910600775432	0.0835083520657873
0.240714718698685	0.488345447856911
-0.168583351542566	0.257907089642982
0.202936144690251	0.342604090235201
-0.187840087866247	0.36405861016702
-0.600251482207293	1.06998114770406
-0.106670902183181	0.121147858400097
-0.95619158579685	1.35812398079192
-0.0864628086642026	0.0710484304168998
-0.521672548152564	0.670616029897261
-0.412176247954333	0.653195360159991
-0.238563485156544	0.315019452104657
-0.597753677157081	1.01089693324817
-0.641933118726158	1.15641423850387
-0.202323883119012	0.245474327850339
-0.0797193668230981	0.0649860740489944
-0.127201585289208	0.0884766945956193
-0.236030985313806	0.213054526385366
-0.931651147025973	1.37146271583066
0.856378051895843	1.06102146922306
-0.38966576760177	0.164314321058485
-1.23222034308972	0.924247283339673
-0.0603755676204497	0.0264880217228476
-0.475259550486298	0.437920383787046
0.577417712247661	0.78433979567517
0.428627072017393	0.506499738130344
0.376435945068684	0.391502385064747
0.24349260244303	0.246090474574635
0.0374903774315818	0.0291724809541866
0.942853795005116	1.12628616596227
-0.324557448965641	0.285360417924905
-0.333421067247575	0.262532731691073
-0.517749195015195	0.473169257695191
0.0250250948297467	0.0917150567111236
0.0842935318489105	0.326509288785749
0.045826980925103	0.110687803295024
-0.186852785233504	0.546223227142555
-0.127862788379584	0.329997594913826
-0.432470498183393	1.63050611810324
-0.441719551367539	1.76651963384942
-0.313845229830407	0.958843997966906
-0.034731222491028	0.0481759092297478
-0.32420287160946	0.546593146788016
-0.701092539058715	1.30942775336907
-0.0296456457723026	0.0271815670677353
-0.839070045539748	1.14791511102321
-0.267223929360815	0.243161439122555
-0.236054139769064	0.255899888626011
-0.416947688044268	0.561085001631534
-0.264000478507492	0.380937943088335
-0.0258221520294634	0.0289238221523889
0.0794788450814193	0.0830017852605625
-0.150740462292635	0.184213153828252
-0.112134201498974	0.0899647602191788
-1.79522376365631	0.406159618358576
0.416680524186888	0.327670840056862
-0.378449144511492	0.403668669713422
0.558270211311934	0.695458865014577
-1.1580448607686	1.00063183672352
0.816796075513508	0.352385300037275
1.08120310157583	0.665415975193279
-0.592661865691723	0.428702122430221
0.272847476549892	0.246476983948588
-0.115915040318185	0.109466822036919
0.978732285197074	1.25628063382654
0.733222769676877	1.18761270860643
-0.243758058268613	0.266957922759314
0.0309381580093487	0.0164720181034129
-0.351024215551087	0.308791203936323
-0.18454720215821	0.121430671940159
0.0380263371468443	0.153133069091758
-0.0488096502378021	0.168819270209409
-0.18818243504005	0.762893259480281
-0.258232827989377	1.05582216682155
-0.346454370932242	1.54430503717654
-0.136599008957522	0.388233550089117
-0.324494310262414	1.22875548657075
-0.212028150383262	0.626277243221966
0.104433820637556	0.176377607475934
-0.218041276281125	0.361585810231207
-0.0871537768514375	0.100626399174156
-0.152257697556606	0.167837747362076
-0.415196953850341	0.479587962789664
-0.343937254751556	0.499150046989062
0.194232791103342	0.204196012704556
-0.505345283162466	0.561384780903029
1.9613717712777	0.470903909509444
0.040719339629549	0.0248021608116644
-0.152762473256065	0.140993810509117
-0.145826203190567	0.138556270893301
0.379555437022979	0.331854768766608
-0.489398878339951	0.25504616450126
-0.348018079223419	0.245508933615247
0.151059869570913	0.0722949174467028
0.330501488614302	0.306766822481735
0.014060991857153	0.0114168246068353
0.0920228859737849	0.0876343687999274
0.482461762161683	0.573929284251255
-0.0359950937219957	0.033163630433545
0.0979815556277341	0.453556755437466
0.140331192732527	0.632705568597523
-0.0974190418935435	0.294627857289019
-0.0788582244324607	0.207058857681208
-0.293670204694868	1.0023355533756
-0.204413895164465	0.621538818713601
-0.0663613930849707	0.142211893108895
0.0897704425253434	0.14381622055233
0.0955963349229565	0.130065696414078
-0.0146372856436771	0.0205339919584877
-0.156200498139035	0.251305338903851
-0.23440767830818	0.398784886980568
-0.352690063280879	0.435349974182788
-0.55663154529224	0.577058601971013
-0.564646900950576	0.589192999696082
-0.189697797007326	0.199680263711414
-0.432387657171165	0.603223328025304
-0.146601776966191	0.161548605416
-0.395058870098411	0.503959933007356
-0.0894639851760577	0.0903472981198546
0.163874846595102	0.176139908191235
-0.667782494900035	0.682891544048177
-0.0588115049752512	0.0368978679359797
1.09692403109774	1.45707990731849
0.033841048123647	0.024993606393249
-1.44600530549049	1.52510520970271
-0.157195368460947	0.0576515802947247
0.815705372076796	0.351565174973888
-2.0690075220274	0.964066831655007
-0.0961973130028335	0.0781273452420099
0.173446352049713	0.158840129101295
-0.00113454189019553	0.000931043118389271
-0.615241190399825	0.671830589770641
0.015399504554092	0.0555624700979111
-0.0657547815879167	0.234914773122889
-0.151813683595658	0.549413180866262
-0.182968212638928	0.615667353535727
-0.0753801267795222	0.196026564645082
0.185765559059154	0.359914293623728
-0.185253896099494	0.29245076965133
-0.0812653641857428	0.105023903901524
-0.203885165766599	0.383875227081308
0.026369924404866	0.0389602714173833
-0.159319436343735	0.240874978291253
-0.0552681615614503	0.0795456349311796
-0.402613114505888	0.408399752892619
-0.416444540203904	0.496272247414118
-0.542735475412106	0.882889003096834
-0.225659607761259	0.233863405776651
-1.79522376365631	0.406159618358576
-0.346507911700208	0.30261778280098
0.276372667217706	0.256616812002327
-0.0969553970309433	0.0786314458894948
0.0503540985533308	0.0307493589660501
-0.148712408233657	0.0546464053678112
-0.243001381592902	0.120719593622542
-0.891033161790853	1.20746265348266
0.728439801271579	0.873264794189171
0.19672614174354	0.211389374863869
0.0690549062486053	0.0571576681894675
0.0449057947830085	0.0358809323816929
-0.129776648271252	0.100373025484222
0.0224745119747343	0.081755864003698
-0.00751179752449698	0.0224348956336638
-0.0123548677824595	0.0310201467344525
-0.194244605664926	0.681113838962634
0.127337962132421	0.352085211096086
-0.256058255039701	0.795238725283008
0.0703763422199562	0.138973199820483
0.277404488066338	0.669206780839875
0.0621992025509515	0.103730791404489
-0.0568988732273329	0.0716467799235936
0.516514726553609	1.06863703924946
0.181411508199669	0.341541348939872
0.150254107824784	0.254966491864337
-0.253519098045266	0.411031198038985
-0.211858431139259	0.215179031356317
-0.070971603818499	0.0518937836806624
-0.522241035596974	0.573258566126438
-0.733972911433387	1.28315545752295
-0.164760403325498	0.166204658316985
-0.156801507596085	0.169558863812765
-1.79522376365631	0.406159618358576
-0.0357608752595699	0.0271896135796984
-0.46805064630973	0.308487832116353
-0.763290989357201	0.335161677012573
-0.494402435298068	0.261815549004288
-0.351652510641653	0.279767136280315
-0.578448861355065	0.606047112654778
0.402896306517697	0.495578909185434
-0.0800525785594891	0.0654697738783206
-0.521809913392441	0.477258156866625
0.0145208207988809	0.0515219804784562
-0.0623181524200811	0.231805565574644
0.0576165097878186	0.167954698407808
0.00186430798052432	0.00442363385056052
-0.345738942047779	1.47272026605618
-0.260552799749794	0.850524388165624
0.209692589395021	0.581227819051362
-0.164220328570651	0.364375290903462
0.299548302187777	0.811937169795402
0.0726396227170183	0.10392635824332
-0.310600658056478	0.5509304318307
0.0774886927432345	0.126688108293881
0.452654503797512	1.34906282009622
-0.0643582683973005	0.109553069016605
-0.256014738675973	0.503727714406897
-0.104759035880871	0.164670259493058
-0.430185943216572	0.597088136413504
-0.150261048043151	0.117412139953299
-0.274991933149622	0.225101094659499
-0.60949299986899	0.488419092732652
-0.992847644389725	0.498332539756532
-0.394705602565663	0.168162718287586
-0.604995112725617	0.831850451400868
-0.28944625596414	0.258624508329064
-0.181381037434659	0.141609542390977
-0.608182712252805	0.629809737136728
0.0498363050357738	0.203615471569163
-0.207815101441016	1.09915189873956
-0.23271795496398	1.04870439783672
-0.195140393776065	0.728643598221699
-0.489785048444133	2.62941996443588
0.00849741461422386	0.0165566300377982
0.0781719461481814	0.158231124632328
0.0554656804878181	0.0985115042137581
0.220466600844363	0.389993289526166
-0.0765827696861137	0.1020083056512
0.0661695106649491	0.103796789973388
-0.110134515629531	0.20487554708528
-0.3361752578944	0.852713678418808
-0.485282091150914	1.29291107462984
0.146494395269779	0.241331077775962
-0.0794446928320612	0.1169757587298
-0.261199389070548	0.249124055758898
-0.374995970403246	0.320430590695852
-0.346564917044322	0.303390079394296
0.0347462949880752	0.136307786400553
-0.104180087663484	0.449851378439491
-0.394835691912902	2.5025321770001
-0.345324363837402	1.7040875489628
-0.523917701041171	3.03282465754762
-0.0609024314010408	0.156888470565269
0.0810717523749701	0.198226164115003
0.374391616899927	1.27408824972363
-0.184774692629101	0.42420008468962
-0.14052884018529	0.242775669788233
0.24274763192055	0.469430040473101
0.563904248382674	1.84036104798999
0.0291760142101449	0.0518554294194892
0.125175561376362	0.238688093700461
-0.24771924347527	0.525712484950511
0.434096581351373	1.08954786701336
0.0322188020978077	0.0488409860022337
-0.577748732220263	0.522204208041313
-1.56937430174075	2.52004038902593
0.0364090733656188	0.144883535855155
-0.226722527905359	1.30686758181601
-0.46515136527768	3.1491643783662
-0.630571423564948	2.32929689586576
-0.262289835680966	1.16479694357747
0.0272986319564809	0.0669930835074028
0.247454709795751	0.839408308022879
0.224681873592436	0.615671005054595
0.174134491595818	0.400514028899261
0.0221163996582078	0.0336462476987753
0.303516196641942	0.648000948286244
-0.146131128542762	0.266541872699924
0.118571313207681	0.239281912022098
-0.27499089482987	0.641320912907723
0.0754167310864467	0.131918375123899
-0.289839268671088	0.638550165318795
0.269019296267131	0.598046767780667
0.174408768437454	0.319070650236658
0.24018593626185	0.454897499111969
-0.0132880244482965	0.0480397529152237
-0.104903868522334	0.450840995968172
-0.29620126540092	0.989044055786956
0.0770827492881592	0.24620031238366
0.377092456831179	2.05792368896862
0.280371075205307	1.13234818625806
0.326065421725346	1.14272855772785
0.550331961005828	2.38834486172434
0.157678065614497	0.296739025859058
0.00966797622443779	0.0132752971899633
0.40615143930056	1.19479306766213
0.109087597357588	0.220270906965056
-0.0434138148222491	0.0763935428412292
0.220673402627138	0.483853152457314
0.102579324199716	0.166617713037598
-0.00262004706314285	0.00409821024116921
0.107724293317911	0.179872530070438
-0.103842411003259	0.158608043245127
0.0264700709754275	0.102629044074818
-0.14607355038681	0.65973249139378
0.178547838124605	0.865234020306195
0.454319991889794	2.90527487251462
0.478924844019183	2.78447124185003
0.244855865763758	0.765497935900113
0.215448374907117	0.628453553166045
0.514467040012168	1.89067702004906
-0.0367019967961242	0.0587893851135184
-0.0838601033404665	0.160245198483896
0.222381116401335	0.546671437746446
0.199654744169517	0.480755695963804
0.606620497371245	2.59099432106582
-0.0918152034194617	0.170846128120116
0.193924397867222	0.422480451800277
-0.0298386162555131	0.0472630283959705
0.104584622897104	0.520084762371884
0.443724979629701	3.89655629791527
0.312697677379099	0.888349759837327
0.275905167519854	0.651835192534903
0.163914411700966	0.279876489539028
-0.0654001404419418	0.103978927679396
-0.0737281102230661	0.144690808821211
-0.160614017087818	0.266419945155433
0.226374357708156	0.375306592691223
0.0259716774054884	0.028989768006347
0.313313093627635	0.444519906716197
0.0780479914213094	0.0939604409566909
-0.00550674652538253	0.00590710264596019
0.00234914422142548	0.00245733504651524
-0.0155100771098068	0.0181766992032021
0.122689909738098	0.663303377506734
0.132641523471626	0.618340957361201
-0.00990497083544805	0.0257035933080968
-0.0585500311274208	0.148426890553602
-0.0974703068068835	0.260275721982744
0.153264101690376	0.399624864238621
0.0830981966969843	0.384157336221797
-0.0202129979878076	0.0659373312738478
0.118341010574331	0.386938557699137
-0.222995897225253	0.807058573538365
-0.234750191005248	0.621269182555249
0.0603334935180996	0.11174018932177
-0.12640365014008	0.307476861938047
0.0122041642320242	0.0264185996929695
-0.0470876582295845	0.102374028264965
0.0257922850750451	0.0500599263350815
0.0291252805143436	0.110122117296254
-0.0925583876713881	0.362106534418279
0.0995066804148949	0.331355529697471
-0.017193674948726	0.0354312295814666
-0.00625977341290778	0.0123968164333315
-0.290469667459214	1.11038347959374
-0.165240740214136	0.502367748881241
-0.202686783604627	0.628637763689647
-0.109178909644382	0.272818849509586
0.237016922071641	0.654173968858383
0.10295593797442	0.481044251944223
-0.146834783041747	0.689413868728302
-0.107945991216767	0.325878844547431
-0.041039439307826	0.0957963602965405
-0.258924605129586	0.977238002690061
-0.107352601734168	0.301026862396578
-0.0180391308001393	0.0392157656992514
0.0145982244929212	0.0302856635788002
-0.0236248668316429	0.0446010475254113
0.103479590238633	0.507377588483262
0.0333886609023328	0.113082279185528
-0.139002345830958	0.497191007653716
-0.108135199425615	0.37060061712795
0.111232089259139	0.357564607703527
0.0256532094327258	0.0615748967918311
-0.00162255961735801	0.00343085554505005
0.0146238689424499	0.0293565537304968
0.0179051075250427	0.0661630538507884
-0.0964973541339685	0.394245097710797
-0.211690669411803	0.89925153912432
-0.0950835402148395	0.270392243051195
0.0729155075446125	0.170258209195165
0.250656606677501	0.725379429543525
0.0484293709331004	0.093533096827738
-0.028827147495336	0.0545917915404335
-0.0453710528709402	0.171415811184209
-0.0129837691012251	0.0390193670299879
0.151623193166503	0.504803397834507
0.0124083176873449	0.0256240452122579
0.0309598243532341	0.0587636741224651
-0.100094571077171	0.2047160336215
0.0687351048426873	0.291778925352992
0.00304857864156304	0.00906254157075826
-0.209682510983995	0.826983948955658
-0.0970899261882394	0.268788948616561
-0.0302826162912567	0.0631274227384058
0.0628335666815936	0.272452072854179
0.0250457118168946	0.0827920631593566
-0.109054523857397	0.369222472275836
-0.0576419064125028	0.152690070411901
-0.0749856365211104	0.196064460297022
0.0621804588099137	0.265826659056706
-0.0191054322424271	0.0615534729657723
-0.0729704844036167	0.217415832517422
-0.0894028398712189	0.262428780401379
-0.030587754230371	0.0708694473357828
0.0754283448289415	0.333764334496123
-0.0229812297947467	0.0723540544662349
-0.00966357702642265	0.0254205192004438
-0.21082090903257	0.764237899903055
-0.176731254604096	0.532071205827715
-0.190723308248398	0.584403080048085
-0.0167708748847569	0.0594828708437143
-0.0882873539956416	0.349797638524927
0.014605753472041	0.0373454861627622
-0.23160002497865	0.868415287055095
-0.134735987623471	0.384172539147753
0.0791208016410895	0.355933802210037
-0.043606227196096	0.150132647910391
0.0635403537231934	0.187618888811867
-0.18452982340106	0.693782478283295
-0.472338624403853	2.88310428003062
0.0424934987140968	0.0758656157875296
0.126847453323092	0.656759725590866
0.0582672264884116	0.212760000356307
-0.131118052953486	0.503408383492078
-0.271377799791111	1.31027305631026
-0.129537920580394	0.296212091261181
0.00972802769841051	0.03451520758731
0.0585394162131638	0.218869964700528
-0.0547915006578153	0.176858431970186
0.0329173449335049	0.127370089835616
0.116890598828387	0.52732788739214
0.257642743195403	1.95946847309243
