x	y
0.0779080527852773	0.0661810512052746
0.208537866040909	0.174951470957651
0.586711589943497	0.55552322782435
1.96463092715103	0.470372342687103
3.64422717604154	1.43587355006395
-2.57936018855439	0.682903044011602
-1.13384470910725	0.346451671342812
0.492180309349914	0.603263619207038
0.256594839174261	0.240871189112142
-1.13492041310201	0.349384486959602
-1.79522376365631	0.406159618358576
-0.0505567484021277	0.0384283131835331
0.805562873722712	1.34292738460252
0.107000176335395	0.0847264146191328
1.9613717712777	0.470903909509444
0.1588995276689	0.0306480879354901
0.157631418222578	0.0304971390385879
-1.13492041310201	0.349384486959602
-1.79541110556836	0.406108159138969
-3.07880362658843	0.963967696821091
-1.79541110556836	0.406108159138969
-0.0574808313757957	0.048946229209007
-0.202364449024379	0.20939609006026
-0.377967467808071	0.293261517947686
1.96463092715103	0.470372342687103
3.26595066981528	1.12514815365216
-0.769698010049911	0.341769185120482
-1.13599688789171	0.349486711323194
-1.79522376365631	0.406159618358576
0.1588995276689	0.0306480879354901
-0.623695063230009	0.152227657420805
0.157631418222578	0.0304971390385879
0.957871568697817	0.254705443855955
0.158321872008447	0.03054890339565
-0.35424652274721	0.101699068262197
-0.117729444543067	0.119402810877463
-0.233598331940522	0.240335892418454
0.328677137977492	0.313895562783167
0.852500306623129	0.614958550185115
-0.481905841077116	0.407704601060446
1.96025897070573	0.471212877436839
1.45875777005853	0.49161470941807
0.1550686105067	0.039449504415366
-0.725669351344178	0.254938132698188
-0.516791410356137	0.19899171783575
-1.82467177482471	0.757687975137559
-0.876908423303626	0.854825291138446
-0.624582031923329	0.153403426322781
0.1588995276689	0.0306480879354901
-0.624582031923329	0.153403426322781
0.157631418222578	0.0304971390385879
-0.623695063230009	0.152227657420805
0.0955685126169639	0.0943996281537695
-0.438995614064073	0.33385491356397
0.444269307982615	0.182724882347965
0.180773126074183	0.149954780033353
-0.121307992132552	0.112680614340702
0.0635131039508046	0.0522221426284647
-0.418321462324189	0.41472517181556
-0.0359626920436066	0.0226828796655344
0.1588995276689	0.0306480879354901
0.157631418222578	0.0304971390385879
-0.340594160045269	0.0986092348967792
-1.27822758284302	0.594160090070886
-0.401034923550571	0.170830593731264
0.464170269580339	0.415493371853429
-2.47932396209985	1.42370689672515
0.95292022183415	0.255029382628136
0.1588995276689	0.0306480879354901
-1.13384470910725	0.346451671342812
-1.79541110556836	0.406108159138969
-0.62982953293132	0.153685936034785
2.762173012355	0.796052683519412
0.951547874681655	0.253003737941398
-2.57393942994101	0.680804613621979
-0.619634069394611	0.151716324023864
0.166760634916841	0.0427859605507963
1.96463092715103	0.470372342687103
-3.07792320695436	0.955710221735997
-0.344718928168882	0.101170101330633
-3.07880362658843	0.963967696821091
-0.0758300701313871	0.0733084471521042
0.360788006014378	0.321452708139006
0.609360907662764	0.45641355260841
0.0195707668130507	0.0139279127321815
0.0287512176466214	0.0263722777767506
0.198786292294123	0.216423320078118
0.380460632030491	0.496986845547517
1.2441805838863	0.861758945771713
1.52417060289307	1.28859064298788
-0.346167140140093	0.100935083264355
0.0253464739585683	0.0180137374367448
-0.0813751566102912	0.0726123791018968
3.63643152651936	1.45439996443785
-0.18456234825811	0.0980681970153433
-0.178137328188162	0.0936466021743972
-0.922019803493171	0.657442523174752
1.96025897070573	0.471212877436839
0.158321872008447	0.03054890339565
1.03634162491416	0.3991693364154
-0.618737201948444	0.150559036504414
0.162378104800928	0.0310834456145106
-1.79522376365631	0.406159618358576
0.157631418222578	0.0304971390385879
-0.624582031923329	0.153403426322781
0.158933943506847	0.0404964559262667
1.9613717712777	0.470903909509444
2.75734920342264	0.799800653832186
0.152059452718086	0.029590171141199
0.156807201934892	0.0301762424591594
1.9613717712777	0.470903909509444
2.75606918885066	0.793508670212093
0.762998872570083	1.18842737162763
0.184001551794224	0.161552348481867
-0.049768818342052	0.0309380121509878
0.664997283481517	0.771084665747692
0.251876129467274	0.259810745310905
-0.114118625020385	0.107271988951194
0.198548054559645	0.187949654923493
0.176886082948767	0.12039917346153
0.194922416476976	0.174633026043764
-0.257405911997906	0.189440294691033
0.651622372048639	0.581131409968483
-0.244503088122714	0.158400666897002
-0.168307376825986	0.0604304449667803
-0.349006134070706	0.101786523630064
-0.230011879430514	0.917501119096991
0.95292022183415	0.255029382628136
-1.79522376365631	0.406159618358576
0.95558416772101	0.253955285085994
0.152059452718086	0.029590171141199
-0.401347921029755	0.171005116484755
-0.499824983929094	0.263738487248852
-0.241193660305825	0.120474605714752
0.0911241791339065	0.0612811939817926
-0.020265201398129	0.00954973840040312
-2.57450915234243	0.686119713628322
0.157631418222578	0.0304971390385879
-1.12965913036419	0.345874034206289
0.162378104800928	0.0310834456145106
-1.79522376365631	0.406159618358576
1.96025897070573	0.471212877436839
-0.623695063230009	0.152227657420805
0.946765399319523	0.252386055990515
-1.51425919312654	0.549483381615373
0.157819500886876	0.0479964018015095
-2.57936018855439	0.682903044011602
-2.57450915234243	0.686119713628322
0.15217592618318	0.0460645385354346
-0.619634069394611	0.151716324023864
3.64031826737114	1.45820478057553
1.45606145484126	0.491057209685398
2.762173012355	0.796052683519412
0.77808197950657	0.601629607638636
0.676677467928914	0.320328293498265
0.956487790679547	0.25443416057231
1.82625325422671	0.720309807645897
0.669440224929851	0.215480111776117
0.191170840334379	0.168327494345129
0.0862329159695683	0.0888105159781578
0.308157432867666	0.335099962558515
0.0923248870389444	0.0691077910437156
0.716817005193499	0.465927670531146
0.336739940184415	0.324107200141339
0.00647389016582761	0.00509396322614719
-0.66954905625797	0.79186085639047
0.578770529468774	0.639453561564347
-0.239424218550161	0.155210131543508
-0.105382362877793	0.0835869215384318
-0.0599006076274972	0.0374647702551248
0.110752989457501	0.0831938592757578
0.100644100540824	0.0757239613810238
-0.681240282537834	1.04042176887734
0.0696029214761787	0.0599044012574478
0.174847676495847	0.123238514035416
-1.26051023456419	1.161658131113
0.45607402712308	0.183950196835195
-1.28732017148272	0.595307771520904
0.52552843716316	0.446081528110572
-1.13489929940895	0.345152634599563
-0.624582031923329	0.153403426322781
-0.0954270672675942	0.0383398929334079
0.148114271096296	0.0576207920642664
-2.63159093295163	1.63089396438972
0.906266804573136	0.493639693075308
0.164914015159872	0.0937895331332182
-0.18545987417717	0.0988045161428755
-0.0718543572089137	0.0433814092323408
-0.340869162586215	0.0994476453021484
0.950654218295308	0.25253240285929
0.669700188276656	0.216836591054402
-0.340594160045269	0.0986092348967792
0.1588995276689	0.0306480879354901
0.1588995276689	0.0306480879354901
3.93272691418558	1.75618274206341
-0.347555636251828	0.100540132112443
0.164164509697856	0.0416462564743448
1.03902671883926	0.401278580186936
1.45461172869713	0.491065821848087
0.161910749638676	0.0490513039831909
0.157056474373317	0.0303984095560313
-1.79522376365631	0.406159618358576
-0.344718928168882	0.101170101330633
-0.72365205194762	0.250894972367881
-4.0042435470187	1.77262287616576
-0.538835846640359	0.204215793894865
1.45606145484126	0.491057209685398
1.9613717712777	0.470903909509444
0.159003857627083	0.0480265128738231
1.02970267836685	0.396112309053988
0.431648838981271	0.326717450947451
1.27438061715884	0.713816622316684
3.27475268127972	1.11306798677358
0.166394015894957	0.0421995715384941
2.76088021610819	0.795949787637318
-0.129588591314063	0.102654142662443
-0.0896066825005647	0.0725529096775824
-0.130105690620122	0.119891531077524
-0.525234483279975	0.737559415683726
-0.698619696230204	0.851494659417326
-0.0238216471658347	0.0177650354279979
-0.0347309894290105	0.0222577881913492
1.16845135025038	2.00448931829208
0.0999479480156405	0.0700533764693753
-0.0940824906243988	0.068187580220848
0.189722641696843	0.145402043749271
0.360234163442823	0.329521452721018
1.0513568414879	1.51334656691578
-0.11660647968835	0.0979892143071403
0.356417651398693	0.325386388867781
-0.610224586698524	0.660359275020045
0.487177005304216	0.520934670922106
-0.0379960773453089	0.0325226912387597
0.33110370478798	0.322667089120748
0.498087594159178	0.30549372222032
-0.932100749783812	0.671075582651425
-0.788322922667579	0.510655364044452
-0.521630675087272	0.503973946233266
0.172003388254653	0.043682446671818
-0.894506282033066	0.813987010241974
-0.628447709775194	0.153171179772782
0.523787196468579	0.192297988976743
-0.141299571448262	0.0514880255645158
0.166931015208672	0.0871880187490601
1.26863227625978	0.714205275686671
1.48002576867388	1.46195386966811
0.716950262927397	0.572706958060518
-0.227429765821456	0.0748191696657807
2.55581283712405	1.44698352690532
1.8219271179281	0.726018448121517
0.165674434882817	0.0422257308822068
-0.349006134070706	0.101786523630064
0.161791665747346	0.0309826798878848
0.669440224929851	0.215480111776117
2.75734920342264	0.799800653832186
1.45461172869713	0.491065821848087
1.03535032731158	0.398385212491039
0.148228629004075	0.0512983752502419
-0.346167140140093	0.100935083264355
0.155447957395554	0.0469498859464432
0.534230784302693	0.193983916589406
0.150783671583358	0.045388108777533
-0.531194712943037	0.205234820870384
-0.486652869450981	0.255498420997553
0.532741912476932	0.194574887814862
-1.27315071249514	0.584476796699576
1.82868259121074	0.729942315494172
0.82349104975392	0.355749507161144
-0.728941560495149	0.254842900527914
0.136179197499738	0.0530455063125652
-1.13345886337206	0.34828321496857
0.140138874640786	0.0724269341525374
0.469513057001806	0.315863406428568
0.321211868288578	0.192256958493243
-0.146383663648377	0.0827368110598924
0.144722032390523	0.0561741813106704
-0.156925643471908	0.0574850760468255
0.591912552639576	0.304230317881206
0.799474674195301	0.943471163800971
-0.0474877281871833	0.0304453506944409
-0.508973518068369	0.384061718776399
-0.0464793457986115	0.0295810597066984
-0.629923203259451	0.729690198585203
0.044632821721375	0.0325544134331116
-0.174466683689269	0.148792959545955
0.618432685856771	0.571092454884467
1.09603045927878	0.822881250784456
0.495167870855917	0.439222294180276
0.18102434263669	0.158079579169635
-0.117083355591044	0.0832270348695596
0.1918022139645	0.160866136808701
0.538987482786795	0.444844619927444
0.604073874121814	0.556384459112534
0.36076865612804	0.323582540067458
0.566499367508358	0.552770920432982
-0.0780793417435462	0.0638359611046163
0.10197335756233	0.073870497354215
0.747295197601346	0.611043244615965
0.0764926533706531	0.0528407657337837
-0.139733086239478	0.0979329632757371
0.715479889872052	0.578311412826243
-0.63464058543861	0.152996678104976
-0.623695063230009	0.152227657420805
0.685224283557541	0.323531312076611
0.807661680563732	0.472376171034727
0.951904317021756	1.14201563635107
1.11902374207024	1.1182316308481
-0.529856186543624	0.206206399241258
1.45351865984672	0.48998410568291
1.45840207343894	0.489337286075825
0.670918012354519	0.214260520333448
1.9613717712777	0.470903909509444
3.26595066981528	1.12514815365216
0.681992077659253	0.325053097962014
-0.342366844950387	0.0999187527730966
1.45606145484126	0.491057209685398
0.157446713573225	0.0474765777179273
0.1588995276689	0.0306480879354901
-0.798735425617466	0.441546911382241
0.1415615049167	0.0484003596951729
0.957871568697817	0.254705443855955
-2.57393942994101	0.680804613621979
0.95292022183415	0.255029382628136
1.05614914285474	0.389361120537798
2.762173012355	0.796052683519412
0.157631418222578	0.0304971390385879
2.75734920342264	0.799800653832186
0.95292022183415	0.255029382628136
1.9613717712777	0.470903909509444
-0.342091382580869	0.0996589886024872
1.22275474661791	1.57482063616708
-0.149504491515949	0.0840206169076413
1.22017374852546	1.30533460081625
-0.734391005157332	0.252604327159911
3.92580647123981	1.72939261483761
-1.5154277743567	0.550652304944458
-1.09918480125443	1.47849819588094
-0.0201019237466279	0.0153744441702539
-0.287291659614681	0.278280886809228
-0.244646264121807	0.252233314774131
0.350538017757903	0.328697220113726
-0.189329199733174	0.101311564087761
0.387875461442784	0.410335435029859
0.860453484266749	1.14463243034008
-0.71921263766561	0.677680073547064
0.181801838486393	0.143401417844215
1.15226783699847	1.41349147705453
0.267295375770213	0.210906270549151
-0.316549772501436	0.27963262377895
-0.249903643898618	0.244299795378405
0.869136463200533	0.984935764369987
-0.469365044453073	0.312035909380479
0.29414689904366	0.198170923492065
-0.443111029888255	0.468035132851245
0.18591936195753	0.15104352822494
0.0310318393813183	0.0219370569590278
-0.221308083916314	0.185853460289919
-0.256280271354749	0.229990022686287
1.47808742863289	1.46022772621535
-0.316769502251675	0.147367554895356
0.142969865561501	0.0616267464302726
0.140634719900781	0.0604101643334416
0.727176790996035	0.807396635897646
1.23330840463504	1.19023252299293
0.956487790679547	0.25443416057231
-0.337052788373784	0.0977805881937846
1.03773179442616	0.400174057999191
0.165310764697054	0.0422104497686673
0.158321872008447	0.03054890339565
0.952024225447137	0.254550165942042
0.951547874681655	0.253003737941398
2.75734920342264	0.799800653832186
1.9613717712777	0.470903909509444
1.83257706012935	0.724518454155819
1.25590818364753	0.865524458613864
0.146923762007403	0.0508196417525894
-3.07968455989498	0.963635125148535
3.26595066981528	1.12514815365216
1.96025897070573	0.471212877436839
1.45203784523897	0.484281434940963
0.957871568697817	0.254705443855955
2.75606918885066	0.793508670212093
2.1110217653764	0.962555227661631
2.75606918885066	0.793508670212093
2.762173012355	0.796052683519412
0.157056474373317	0.0303984095560313
-1.80012731460838	0.40572439661199
-1.80012731460838	0.40572439661199
0.669440224929851	0.215480111776117
1.82723433620716	0.72976386465442
0.157056474373317	0.0303984095560313
0.1588995276689	0.0306480879354901
-0.20172374362793	0.134543139165684
-0.215834266863593	0.135547224747085
0.600038673522669	0.314651343605924
-1.03442196057676	0.415064722068335
0.145442123430778	0.0497917734657738
0.165471802863436	0.0486370217575466
0.194872881301126	0.177626474065279
0.285024491283899	0.235730113217149
-0.0504217444398668	0.0416711463848685
0.52691629738865	0.686911905990337
-0.0392367685496891	0.0299017371360591
-0.126335242639807	0.10204846811527
0.674734230414254	0.692865331571201
0.868410642142504	0.976676736054577
-0.0961879197891549	0.078032402323601
1.64988331912584	2.3762087709543
0.0707210616537951	0.0473778028916827
-0.500303852532625	0.453013255084119
-0.192349036349763	0.175886279551665
0.730855246208825	0.871911487440379
-0.402484709427282	0.316196655737153
-0.260254908923725	0.209847084453356
-0.374818696599161	0.372520162193113
-1.14765955682404	0.348346437303257
-2.57393942994101	0.680804613621979
-1.02734963908132	0.419609489752489
-0.411352632356201	0.173858888532992
-1.50416998218108	0.773518831493874
1.04300319841899	0.402259764791993
0.353206193367149	0.321612159347601
0.605110754766574	0.452080543212694
1.03089658662325	0.396761481668771
0.157056474373317	0.0303984095560313
-0.225731992837705	0.0741966083189531
1.45461172869713	0.491065821848087
0.166737913090613	0.0422118222449661
-0.623695063230009	0.152227657420805
1.82723433620716	0.72976386465442
1.82748782049169	0.728181584217454
0.142932199282946	0.0493789142388318
-0.339689629328073	0.0991873938654728
0.157631418222578	0.0304971390385879
-3.75448747115041	1.51208464914552
1.56480607845227	0.790323975763253
-0.343816891455429	0.0996962776646578
0.956487790679547	0.25443416057231
-0.623695063230009	0.152227657420805
-0.623695063230009	0.152227657420805
1.55842195993321	0.787317172029354
-0.957995291430212	0.589390643760209
0.166760634916841	0.0427859605507963
0.152059452718086	0.029590171141199
-1.02902587576124	0.416486411153987
1.065040484914	0.526179950612369
0.152380753568528	0.046289512415668
0.673290374161129	0.21539984522156
0.432450090875445	0.176567814408325
-0.310340508204065	0.144382632312107
-0.396555929362502	0.312519470533638
-0.516721235352513	0.38950780667591
0.467249767911834	0.313337963906448
0.436051221892724	0.178450617932061
0.816796075513508	0.352385300037275
0.779236291855344	0.456905930705553
-0.0441265124939616	0.0331287657006053
-0.0871658956920281	0.0702815147806288
-0.129997926756414	0.0900839561852229
-0.0353755847371017	0.0230435367639799
0.165562825317396	0.106155802621819
0.162483809464809	0.103657815496493
0.287370665867298	0.223255951187687
0.356934353316865	0.319398721363418
-0.357355346300163	0.314381119246405
-0.19789468873525	0.132028967838113
-0.920334039107227	0.660991594992083
0.500870130229934	0.440231795468124
-0.726666971243104	0.745605406365784
0.299401014005167	0.21417650518149
0.298209841966421	0.202249564020131
0.54262097896438	0.626999866800615
-1.5208643075246	0.552186247107342
-1.8193202809442	0.7576566965492
0.543142765785386	0.312788253724357
-0.419917996525374	0.233904568496401
-1.60311862332417	1.21729139752508
-0.332534578989947	0.19922255782182
0.158478487112983	0.0825051415856065
0.545225688549396	0.449955070881932
0.748960491967767	0.721693823089451
-0.150731092427451	0.0552708638941148
1.03922988577136	0.400124112296972
-0.152113499394113	0.055539912158326
0.15625990713939	0.0473604698624763
0.822405386609196	0.354928298866261
0.37493033446612	0.185793885465507
3.64422717604154	1.43587355006395
0.150987968499307	0.0459422956002911
0.536953444245028	0.194953676183712
0.141848058772579	0.0489994167913964
-0.335535613285346	0.0968358090286094
2.74027053398002	1.71912631850453
0.171634472420616	0.0433572706368662
1.0511630089898	0.514804268399279
2.55836985286307	1.45600842066817
0.44149853200672	0.181153088534539
1.77848388545146	1.01741144222038
0.160677048533612	0.0914367963155811
-0.330719225824852	0.196657053502807
-0.496716817029585	0.261024486114061
1.03634162491416	0.3991693364154
-1.02651500719777	0.412458970643197
-1.51670973775231	0.546933867089778
0.817003523318725	0.351976278955221
-1.13453748317733	0.348386420481102
-0.968930613910532	0.590618827839548
2.75734920342264	0.799800653832186
-2.08386098682493	0.94654397312117
1.44766654837656	0.911219653929393
0.169301214921532	0.0427592743769238
-0.344991553778112	0.100675971877677
3.26595066981528	1.12514815365216
0.526282024246712	0.193593170961761
2.75734920342264	0.799800653832186
0.161486408205213	0.0413117168731846
-0.772809967855799	0.345229262622284
-1.47335302698043	1.02252916153744
0.597494873084411	0.653417898903916
0.514617228341455	0.433856150755248
0.788905909017223	0.735250758968598
-0.196858078003111	0.104969092092251
-0.768390647702962	0.343134946307021
0.500655723647355	0.31235554852759
-1.80927527053423	2.4222301907971
-0.654945355537455	0.865549402343203
0.403833589119763	0.315511001949025
-0.168044017707681	0.131997978873934
0.846018142115887	1.34624184670117
1.39434953653979	1.07151943966091
1.03608314199281	1.40431857386261
-0.553028833948477	0.577104081332139
0.689921248449543	0.870982431588896
-0.113093680888524	0.0654542270875765
-0.536533419437441	0.526224711812079
-0.0851007403489825	0.0518509697246222
-0.305678741943495	0.247794051437936
-1.42086009078705	2.06691196490435
0.329648242686582	0.313749959304035
0.271962401752333	0.215310107960299
-0.525478080321758	0.204331560252006
-0.339455636988133	0.202475341504377
0.147035556764615	0.0508245783399546
-0.595429692894057	0.612171187234506
-0.598119754453475	0.286139567602351
-0.393737570292483	0.167638796641671
0.546256871138421	0.316014829650952
-0.658006465429864	0.389538877635428
0.683469928689062	0.586385640176077
0.791155361040981	0.619193281324394
-0.244459886573081	0.157780397164396
0.953667494941017	0.933968182929262
-2.07782275052685	0.968670753618719
0.328850605160434	0.180615288414938
-0.054515695029375	0.0238944279932812
0.147035556764615	0.0508245783399546
0.387647419270421	0.177333401199497
0.68649255884629	0.324363877463085
0.161486408205213	0.0413117168731846
-0.112420440852739	0.0443196849881627
1.5662551419061	0.796008569427114
0.530234735136755	0.195115554796289
0.668257563820224	0.216585127844403
-0.0535753668190802	0.0234951318721424
-0.605278830351113	0.291714410682598
0.773526424345935	0.585666480749149
1.95441538051644	1.23403268769011
0.151919904115097	0.0517281410127947
0.518122946273838	0.189782716405237
0.450919584751049	0.184163428778953
-1.35498528166804	1.53085767870729
-0.109470617206098	0.044027646042491
1.7870000852648	0.989537215583519
-0.22584984896384	0.074068293460933
-0.521857859949803	0.202488147552731
2.03045794957709	1.8715030440261
-4.21586269009106	2.02466600615921
0.688295437001719	0.328656313107427
-0.40602956743015	0.172684013481026
0.312220257181116	0.212866997189306
-0.956129968905847	0.572372730672688
0.13812794911537	0.0534341400028429
0.35530258792585	0.179442167085106
1.56519910944153	0.791620042971659
-0.488869855612948	0.256984591995053
0.521498151976054	0.447836482220824
0.140898946995869	0.0667004466549749
0.145692083674244	0.0693597705253726
0.163451394781374	0.0991068873003476
-0.338048885115011	0.201514604232144
0.181821577243286	0.151281204952823
0.0942202558738259	0.0705227936698601
0.887832867665058	0.895261203883437
0.301520215096563	0.216920437596759
1.14110015197783	1.28445821783804
-0.254785266307377	0.189105464711741
-0.0301854459289169	0.0226152630320865
0.395462293276059	0.425111722745856
-0.943219906732916	1.05854620012904
-0.403976124864475	0.316692103486024
-0.691663772956641	0.873406332607734
-0.044498231301084	0.0358931755643384
0.630999063629196	0.656247878840833
0.739114147944693	0.610698327286863
0.304853798248018	0.217771051725868
0.537248260234569	0.5317041386733
0.539125021927445	0.308144641807899
-0.152396914312903	0.085715340485243
-0.684806507640454	0.472323763155972
-0.315607047045868	0.278462766257334
0.447724999057047	0.430711327212085
0.523223533908938	0.537413644564685
0.46689459109552	0.437543565167993
0.191099138222533	0.163647221612993
-1.29719567316807	1.87516361483574
-0.381403657743489	0.328953701264896
-2.28074245433099	2.72824975127077
0.090290643422736	0.0624447414845557
-0.345747080372451	0.245656417211161
0.173109495003635	0.111841748784534
-0.190719274869237	0.127018341456207
-0.0367867408100845	0.0236426332906322
-0.298256470985738	0.217117885916889
-0.384390066032634	0.567014388145068
-1.45904239399774	1.27314780798341
-0.119229728455173	0.084171003221813
0.185881458911015	0.149750820121797
0.889692072557062	1.42351126313948
0.579946423723867	0.728063659217921
0.00489402994514512	0.00386505739127367
-0.194422905366923	0.203326557059094
0.421572346602391	0.76467691383661
0.165622719682473	0.19644154620314
0.0462903871633354	0.0283031337867779
-0.715074696057171	0.616227229086656
0.753361353051073	0.822983593359876
-0.166434075102151	0.114077086837318
0.580147656928734	0.551596091511676
0.296979169583266	0.212333737368396
1.86122085560268	2.38898054315417
0.298567852128214	0.189113708068742
-0.0395757534444734	0.0251933037131714
1.57073649700865	1.65323471818178
0.900282623622541	0.752088834298185
0.2799513961697	0.213617320087253
-0.158348339378962	0.121730911352724
-0.230566448576567	0.194400696144814
0.161536919422731	0.0978833578138869
0.279261232527875	0.230558318404697
0.100689939899486	0.0733498711879777
-0.32518655042693	0.263910045088348
-0.164325543473973	0.153901250631952
0.0420242242707124	0.0310374638476246
0.173591081803847	0.127606715901641
0.265682468913474	0.202213356699797
0.260691873862995	0.233791929462854
-0.187245894080212	0.124809939007381
0.448375155149629	0.319466136565981
0.103595336742124	0.0799360401452739
0.641507096269525	0.567922013848493
-0.0355619169755151	0.0228722417469472
-0.129795463147518	0.0900127987009988
0.287383667795576	0.223834099692084
0.705640052010554	0.451725437698092
0.16951617628625	0.103384875691492
0.53594171842513	0.536885873938948
-0.555178150652405	0.574664918351424
0.342962650002335	0.336967325590585
0.365247185141351	0.327430877987689
-0.697203101278132	0.608163763736312
0.719305309615944	0.85812277372326
0.245863873026804	0.325773190775752
0.0839589621102436	0.104769932057793
0.449350742568666	0.638218734691778
0.0452914810129616	0.0351482800478717
-0.242857416213856	0.238661138752135
0.476358875459544	0.5895163616363
-0.460558892414761	0.949255126738193
0.224041637490856	0.351088999706482
-0.010381825123847	0.00982336366718557
-0.500430513464634	0.795801968319066
0.142719677138026	0.166615966666528
0.287521749586247	0.368604996590865
0.366749482363034	0.426808731229726
0.329762701186069	0.415758803304052
0.561424554233025	0.772969997112204
-0.45397105992229	0.646192125336353
-0.360858090822368	0.466436119057763
-0.645578351757931	0.921152318875554
-0.086783859857474	0.086309560991959
0.0101383186001202	0.0107952617407685
0.551088177385605	0.893061589565486
0.245677603644903	0.281633040260005
-0.262800409194343	0.287410201299303
-0.452095907212699	0.349294673789751
-0.320073709872617	0.260329544290538
-0.502370276834993	0.377267216202551
-0.191092760667124	0.126763266236632
-0.397182078347425	0.273528150273257
-0.508923725090769	0.455214628004871
-0.46562738618208	0.428064409595898
0.783638962432331	0.726295014259162
0.277326355366183	0.352729262410298
0.552140312048274	0.453853013528593
-0.175601169008808	0.136873455185289
-0.586639654501621	0.681390213997837
-0.158686715394179	0.156731595148938
0.0164053114010322	0.0128681260222558
0.0849863242185265	0.0777817892769414
-0.340567395621708	0.368174842069792
-0.149388023610827	0.197871521415838
0.0085440388932412	0.00942600630209809
0.281368917727725	0.218072805731132
-0.155276471917279	0.104756907088994
0.182059344812927	0.147816845663988
-0.227746882323932	0.14535293660507
0.060465957632491	0.0388875910215634
0.318547310305792	0.205244724120808
-0.912713580994687	1.07543596485011
0.0539738321886414	0.0328016901092984
-0.541026701894197	0.532563867668213
0.0693750700272314	0.0464375155460295
0.551221199307674	0.314492017564265
0.835041159947257	0.743365940306224
0.31629069211035	0.203482579499657
-0.0787980246946758	0.0576139234738214
0.962217813108122	1.14977369405093
-0.202756434700491	0.135847621022229
0.67981538665461	0.696667678670726
-0.717463722495137	0.684942123873713
0.141882835264545	0.131728755256547
0.034796309089706	0.0316934900274167
-1.48608289597988	2.23729078155198
-0.0433509169429312	0.02786538896214
0.42535638131512	0.320265497128938
-0.029609913690564	0.0190605583162561
-0.550486197117421	0.572671148063493
-0.187074163301105	0.123696775261153
-0.490667176518526	0.413208444377039
0.0403739963135012	0.0233431644492446
-0.216241288717076	0.195809995706423
-0.0566155680231021	0.0354632531097686
0.276012337564306	0.226679551978365
0.508219933329692	0.534493739761644
-0.0658831093196026	0.0491080745161942
0.0814307194727771	0.0721160559529827
-0.0818281546568349	0.0498369289902835
0.204670960776733	0.190113715443561
-0.117160790414543	0.147857583004961
-0.176065313374748	0.24001067514691
-0.787476016690238	1.52160609698196
0.183000467639488	0.166587765495404
0.432771711234174	0.492390747553173
-0.404393392730035	0.476900002300101
-0.181476771447334	0.310601059152761
-0.429069274293724	0.817213889494793
0.040368567988223	0.0506226399339227
-0.585258042804588	1.04380803737827
-0.206909136441909	0.263010660968968
0.344985377630453	0.425957399891691
-0.0871686261066813	0.098023829850171
0.702963041018905	1.14944063145003
0.045532647558584	0.0462016571202412
0.235231164489808	0.268499233666544
0.394292776118834	0.496001360233056
0.332480883260116	0.466279088462726
-0.128150356091638	0.144268170439369
0.153865224616811	0.179690852251144
-0.0433929122701687	0.0322855195386696
0.0173968137015775	0.019248333233698
0.303284897323937	0.342170090552949
0.0778161056674701	0.0824384482218464
0.135378425379576	0.163274692323337
-0.467452143597539	0.756027136784688
0.650727130121849	1.18752349045304
-0.606514175365979	0.867923500676218
-0.038237019865785	0.0317006879247639
0.765360918654996	1.40040649149058
-0.0837714964408823	0.0815000763455401
0.499529720531635	0.595292408244776
0.801282577364481	1.19300349849356
-0.770486999157645	1.29834543895372
-0.142906391207124	0.15371713492323
-0.00462347855502958	0.00345475710840795
-0.105008112302591	0.114468530487866
0.885089594554674	1.1763078726323
-0.125333042401073	0.107622926418116
0.000809015004305518	0.000626955001726008
0.30392266185249	0.352978936110929
-0.433784507149442	0.55537878273963
0.206966087530603	0.22419713874887
0.635866331277327	0.765865414554655
-0.288675820916387	0.309050194238958
-0.143550979189661	0.143723345765834
0.0339557805483808	0.0250519591314415
0.073664813008985	0.0625993020574642
-0.164322441123272	0.159917525762288
0.12913914796471	0.118553998480004
0.0611446844929426	0.0491248039567118
-0.0331215908786246	0.0279953612758166
1.10647083989364	1.64680686136808
0.123100092867649	0.0981896410538934
-0.0350101301569056	0.030896953534603
-0.340467726194073	0.368348164380447
0.264743916068337	0.256080517908611
0.0861348913963629	0.0766802061231813
-1.05782575547025	1.9297103675824
0.0305228760734943	0.0302402223094709
-0.107842095748549	0.09645189297174
-0.225506719790703	0.247259586743304
-0.0921573892902234	0.0798062365205495
0.248777122982329	0.294942098221668
0.462524002817072	0.582021301994933
-0.032670562435059	0.0300067797162267
-0.799402251430494	1.40059808755818
0.560702812804641	0.82368940159954
-0.659099401721388	0.949946004131989
0.504286227216795	0.888246395395712
0.245933911163981	0.273019531375222
0.556164962776715	0.90665680256881
0.177985648468147	0.199869855029055
-0.17970690646924	0.203570410380175
0.0561160161313489	0.0588779592687158
-0.000473470920190149	0.000375936599221738
-0.351391766721237	0.432206238752033
0.272565317280974	0.331745051930769
0.23362916513042	0.305559315777666
-0.282933349818023	0.423267295742849
0.0252468649028015	0.0257707346475521
-0.167699619050034	0.202671001896673
0.0770954165626172	0.0750653125250951
0.578273835593698	1.08667450754547
0.173187992341105	0.183727657980092
-0.0948439556170404	0.0966224537397467
-0.378215446102699	0.490010604767447
0.285657061468495	0.433632947278041
-0.0819726107162485	0.0917817121054535
-0.062173232704219	0.0602081380935842
0.446910677811426	0.428231311653441
-0.070245103466117	0.0580196642484708
-0.0237152689086085	0.0203448675165178
-0.283720892446561	0.283299400421344
0.429737343793989	0.504372730494348
0.550250285529882	0.621025740844617
0.643137235567754	0.909349987444002
0.0940584269806078	0.0838485534678299
-0.172568109660066	0.146198186850437
-1.3496605316027	1.86650996654552
-0.692204295719413	0.840438838494037
-0.307319142913257	0.327103509031931
0.614834440279697	0.734279298513533
0.420005005763577	0.523795071541234
0.405475451789597	0.398502726460896
0.193278046384338	0.173973986184785
-0.531843506217443	0.967150867242862
-0.178023391467948	0.256255435462188
0.121493965718673	0.138973449356469
-0.0105155801088473	0.0112349830255136
0.0546271086101522	0.0520007183014721
-0.193145539936499	0.224568858531036
0.210837373101696	0.256894503036674
0.169400663821478	0.180707653931603
-0.677608039064905	1.18035959175252
-0.34862545118329	0.437105661874983
-0.551648212339725	0.790195823763653
-0.101175171436667	0.103605308782433
0.73282696598998	0.981655571559226
-0.246840750018411	0.361712236410742
-0.108253140113932	0.0867131078715074
0.125432050273747	0.110467701897818
0.18462620995268	0.216730368878654
-0.204299152198231	0.241719075726364
0.445144967195855	0.634846473421927
-0.0339929065986741	0.0308993236197892
-0.347541347177342	0.333667532384372
-0.616571679637011	0.747972268623866
-0.0528867984514944	0.0446417295293481
0.0758323097596063	0.0652819821717388
-0.181907530636616	0.191330745690338
-0.272903215899062	0.346747472712741
0.223000851465917	0.231414184697141
0.10014838261976	0.109710021005481
-0.117471924774948	0.118345427691256
0.434159328629643	0.505102332247782
-0.491282470705646	0.626548300057586
0.114659349987136	0.122536299555083
0.134692400690574	0.135384419193362
-0.0217563321629819	0.0185313469623931
-0.813288337051059	1.44670349188593
-0.457554587879934	0.610808100502959
0.0183575679919453	0.0186285407783423
-0.163343512199459	0.196658507533272
-0.255719325611572	0.323577402200973
-0.448484914117063	0.623257973021648
0.388008840668252	0.632594005678149
0.242869380875602	0.253963011338015
-0.0309490883025903	0.0286545401873009
-0.0802779598188405	0.089613726486058
-0.842560308134418	1.66885413930928
0.841639383189913	1.7334032508378
0.198358466292469	0.235441635096876
-0.0714212606137122	0.0736949232447313
0.680913507004703	1.43711915272006
-0.278090116547112	0.330491603795466
-0.00197831749557703	0.00221887961357699
-0.432984762303258	0.872729102348412
0.195975839478019	0.278231744744269
0.433180418999392	0.844378739601682
-0.28439729393539	0.451404196922239
-0.388294623331463	0.581255885179694
-0.229439422238565	0.223192937616502
-0.268596517626984	0.333525088405451
-0.243940949346935	0.279457715017789
0.1617955171655	0.175964550592742
-0.698513090235079	1.55769449332133
0.20858226880561	0.289778131954142
-0.244863579315956	0.273577720281985
0.57474691152095	0.918643650878839
0.463553423631964	0.419888628616144
-0.0376612662044574	0.0242164892513418
0.251140749188179	0.22762077021939
0.182965958831187	0.124323757132974
0.18454386401651	0.14909843718867
2.40184471550712	2.04409212888379
0.769441106637255	0.996620454482554
-0.58103759419074	0.671975305673741
0.664830924764053	0.769652229492878
0.527938187312973	0.298294454973442
0.177528452546746	0.130747432252923
-0.335156717457565	0.26506164051166
0.174894221438299	0.133045435055504
-0.356648984106217	0.360896285543569
0.526343576517217	0.531140077876526
0.22722535468238	0.215694474048262
-0.0634195075402383	0.0472525854314195
-0.195885210012373	0.267111169553045
-0.136860204019724	0.147668088024789
-0.832048013073834	1.45368249276877
0.151293321582987	0.156911072171098
-0.105854284131279	0.0939730012765198
0.476116912766182	0.62845743112557
-0.311987397435328	0.392369634044238
0.26338023486181	0.2809750132591
0.102849845847657	0.100530186515285
0.0419087414020036	0.0384824923559219
0.372537641367207	0.374933390822054
-0.345073572581229	0.344755889572042
-0.652251594813991	0.787007765149759
0.0738558272144851	0.0829659780035326
0.00603027342280476	0.00412314912122468
0.477685143260998	0.542102190375218
-0.138974552265849	0.139309185983439
-0.0763964082262051	0.0734929428508442
0.263026131919345	0.259509102583275
-0.721500122265424	0.739338815604553
-0.729925492279718	0.79449747352987
-0.100613263813234	0.0799887365674852
-0.670063665834715	0.769792931699633
-0.651494740014812	0.630712495888209
-0.679826316705513	0.818969683127406
-0.595863580365925	0.891722669196861
0.183522822654025	0.168094460661605
0.251657165527093	0.239536615605445
-0.235674763914789	0.256641565935346
-0.195932197680561	0.192910358492711
0.522911445074014	0.602156145795999
0.13904981142137	0.136350755764959
0.000847005426061828	0.000704238246649122
-0.0160458098752382	0.0147692580714395
0.439596538546617	0.587524438979763
0.334543322532307	0.428242590753641
0.0289789339705411	0.0306904802174878
0.214704196515342	0.229063415699328
-0.0286199581165086	0.0240798276375182
-0.00165929047380134	0.00157502773862822
0.0484225728330436	0.0492459297190725
-0.254623707436774	0.27893140342253
0.165092094231637	0.18573989257506
0.33455577973629	0.438123625261604
0.193506459778124	0.22899671589106
-0.180151159033902	0.210065542731422
-0.0376918248919695	0.039035461393608
0.329836862060594	0.331630242365798
-0.308372293274376	0.412209309953716
-0.114597700810271	0.137101172435311
-0.786511119642002	1.81687641298904
0.397538267229425	0.612276257142693
0.105514822680821	0.110774510054576
-0.213692868893618	0.266220106020766
0.211730830294195	0.217878380913908
0.747301205921127	1.08085039087484
-0.218279468062098	0.208653760663988
0.197836549111344	0.225339284283215
-0.529003351707791	0.795733311831342
0.132924360098002	0.157603365774546
-0.0216407300559063	0.0212932308329924
-0.0627592013427682	0.0458224124535911
0.683810765990329	0.592438067877409
0.289648914789405	0.193788497519797
0.386237637144262	0.322362211476146
-0.105415296980019	0.0744075490585193
1.35317844216941	2.04012900255945
0.523787196468579	0.192297988976743
0.138275058978119	0.0598128119018579
-0.0197267873832784	0.00954073476576561
0.787786795497638	0.725293117882516
-0.0303487772135838	0.0230658002988451
-1.37483839029317	2.23232291752875
0.541068943929109	0.538520579560761
-0.299944066000245	0.303419720742863
-0.299900930280107	0.355445390118474
0.196987030177921	0.211332399230682
-0.230438254380117	0.235204810303592
-0.770611468964751	1.02648160101022
-0.692176527737978	0.549102085886459
0.0379890798384769	0.029603685275104
0.418264241202563	0.414643294990274
-0.0556858536299088	0.0413601604706854
0.102626771998439	0.0769320107774097
0.191833365126339	0.142109068828053
0.795110201821317	1.02452557298723
0.0216354838782997	0.015462455219944
-0.116830508653667	0.100754261801675
0.428148536673615	0.29902785557618
-0.0825418526708399	0.0499148692092273
-0.190354886428719	0.145385379925942
0.759209441069656	0.83075236410669
1.00000895465036	0.802081368998336
-1.4802173242029	1.0272815998894
0.161910749638676	0.0490513039831909
-1.17052784519447	0.666029406369374
-0.793944040086815	0.595640922844698
-1.98671718832068	1.37244614745269
0.1595397747391	0.0904698527553228
-0.49112393682157	0.485442880275476
0.173981363078861	0.143650827835254
-0.616924761570752	0.677150760245975
0.0833732907415655	0.0614753492558691
-0.545063380497726	0.341411112008363
0.424998185118836	0.31973802695505
-0.330747530607103	0.292910448735322
0.17715520303616	0.142810683866321
-0.0638489887945502	0.0399813684618908
0.78930866939471	0.933409591728062
-0.0786961796025766	0.056089315569305
0.203900148128404	0.20903642268599
0.613458140640662	0.654138817358319
-0.440563413284786	0.509529073152734
-0.122502892231825	0.0990008507266486
0.112772822668046	0.0922737594924202
0.0203612885040008	0.0144980219455159
0.0942358481731449	0.0684590122953968
0.296160971431927	0.332728792998174
-0.267175728976145	0.256640096766524
0.15187519107953	0.159493520095766
0.552319721723718	0.770784504658189
-0.173848258266235	0.171185612361973
-0.26170115477773	0.253823447223851
-0.949195061930007	1.35625318963411
-0.811612698271954	1.32111305227994
-0.905871225566904	1.28785420858948
-0.595562378260891	0.86266456631003
-0.0700126629752355	0.0682111650454404
-0.299068958315395	0.286779619594117
0.511674124298327	0.319318525540122
-0.555770868340775	0.499226116265732
-0.0622692555006939	0.0273856967612758
0.375914535065323	0.313785771890229
-0.901547457900887	1.18543713667417
0.495503623031276	0.579981108214621
0.297939633384084	0.221982121566191
1.09739882713147	0.825032457729079
1.06038522457617	0.518483860373851
-0.357142611095537	0.102706874250364
0.381454507548926	0.169856835154754
1.07003417361233	0.64738891026952
0.44149853200672	0.181153088534539
0.95292022183415	0.255029382628136
0.157056474373317	0.0303984095560313
0.174712257211592	0.0434955039258917
0.169301214921532	0.0427592743769238
0.593074633977258	0.310843755488966
0.669534861874203	0.213802346782005
0.535375210387578	0.193066730781873
1.32970980115416	0.593918942315811
1.46515025425329	0.487505243218888
-0.292638351731124	0.299792811251657
0.167185281767645	0.125077917995995
0.424193610069449	0.319838152542969
0.116864355756997	0.0934296360515796
-0.350895204255747	0.280365732556698
0.396837570261449	0.325141168331768
0.735445989818407	0.898481447132969
0.296674663669209	0.200704492582262
-0.270179207391282	0.167313344447548
0.798398036082455	0.751193054060402
-0.103661141028937	0.0420042327055223
0.305267600929809	0.209032185116873
-0.513686616964994	0.387481177504908
-0.198678573376706	0.132110113619353
0.138275058978119	0.0598128119018579
0.780740581514228	0.461116551193756
0.810186660059278	0.348204719952732
-0.217602968474122	0.072079936429114
-0.650955147929288	0.38197053639189
-1.84467984373074	1.1659299787002
0.169607560932308	0.115089521200458
0.0359487572680025	0.0271663338172199
0.606647392453076	0.561714724153301
0.0547927497819875	0.0346878478132794
-0.504320387634747	0.459950941038125
-0.170585142768267	0.116619826988592
0.0231463980359166	0.0123139771650551
-2.49848049939647	3.43523811438124
-1.04717615029937	0.82538742451676
0.181270411563371	0.137077348922494
-0.787030618583549	0.893224416340368
0.97131798263876	1.04074719072561
0.883021852131332	1.17296274862361
-0.545542199964235	0.564078330967425
0.0940627768609237	0.0738637493432095
0.186473039667497	0.142816805715055
0.255360771505382	0.227958190199785
0.737242502159533	0.60658210850461
0.743654614346045	0.802346987515803
-0.0125226432889294	0.008261413346573
0.0489152459488372	0.0382641800080727
0.708841337002737	0.870494015898928
0.597945753595494	0.651730341888789
0.365974608576603	0.311950590362026
-1.03625963054701	1.73007688886197
0.137307553373602	0.125801085856924
0.074968666291276	0.0531160867565106
0.0191871341740115	0.0162824271429156
0.481070586896208	0.518630192826086
0.386285703847386	0.314230171031352
0.134105837659112	0.0577518764833254
-0.0621098574943165	0.0271613982312289
1.08481335865851	0.669214388030718
0.615869855512784	0.573634324143966
0.33284392624336	0.326654011314829
0.684551240478114	0.776519855696257
0.432067585392467	0.301766442024179
0.164278215865622	0.0494439084469955
0.160510100025773	0.0484285557089307
0.171634472420616	0.0433572706368662
0.168213647836342	0.0427717891925395
-0.521357579386442	0.199779658101577
-0.623695063230009	0.152227657420805
0.1588995276689	0.0306480879354901
0.661345980122341	0.211138174827968
4.17934244977687	2.03365836363795
-1.33087592200448	0.846320649948465
-0.39595534074533	0.167510237016541
-0.415626366644702	0.233181988197588
0.145678183643727	0.0633925447913303
-0.623695063230009	0.152227657420805
2.75606918885066	0.793508670212093
1.0652929919458	0.530579447044945
-0.526832733299314	0.698755123588341
-0.393776573710497	0.395918999427533
0.0655221524108088	0.0539642665901349
-0.061112104631786	0.0383708065762587
-0.479960798992438	0.502155670378574
0.0497875451373403	0.0443276248333838
-0.235514048415466	0.193688827996756
0.789757990800115	0.843543536909508
0.447669997738092	0.41575021296946
0.300498200039391	0.224433826673696
-1.89077741572633	3.65182754660023
-0.990637842627347	0.5048777109982
0.779767324358146	0.604827531410177
0.055023766327646	0.0431969369256686
-1.26489440860517	1.16043293039147
-0.189108520243562	0.100516365348274
-0.176260049303641	0.0924181506823475
1.05886232004539	0.525282362652278
0.539125021927445	0.308144641807899
0.136480040151752	0.0530402961094183
-0.797056768368283	0.608806595154849
-0.805754799674589	0.52888146896395
0.178755830076623	0.134930729227163
-0.296416897320723	0.215054479785767
0.0313418082302964	0.0181959496963614
0.0527728606288373	0.0320900741543286
-0.59434525157492	0.580423399737079
0.476336602551653	0.318531661941469
-0.542951420041816	0.531396493679711
-0.798228057030688	0.52007612235284
-0.122484564129597	0.0718658110289622
0.282489279308178	0.241144828124825
-0.250253401997184	0.207875562586309
0.0050842947389987	0.00379501168938431
0.329348045877479	0.32354349578276
0.254600687024807	0.243773183928958
0.16996116024049	0.102499267538152
0.103216182696606	0.0744967115569707
-0.0597459317370404	0.0490598503898088
0.197320761877447	0.165864460923922
0.247456836099547	0.243800196634909
0.0576494773212337	0.0463233236571342
-0.0124693546733395	0.00822664326924173
0.478648080604452	0.533362610048184
0.520021062364357	0.530354100053423
0.0320178550065278	0.0266860800615408
0.0591105528068627	0.0581857364512361
-0.424112237772658	0.523623002199152
0.227307981032109	0.23667725623771
0.0380443765208074	0.0278150800806786
0.101975631025666	0.074165403014327
0.888187438187754	0.482718759208642
0.468099398974245	0.315436811141716
0.704781798146228	0.458709122593214
-0.411673889805304	0.380861613854669
-0.51466845938207	0.601094728766667
0.0595739809478959	0.0489488034344192
-0.681697947498922	0.474718519631697
-1.2846438650948	0.592277235262953
2.11121372988457	0.963126869077612
0.523462084360853	0.192012618175419
3.27333105802293	1.11217115249484
-1.79541110556836	0.406108159138969
-1.79541110556836	0.406108159138969
0.153568454289862	0.0464103165581933
-1.17592146351295	0.667894614016805
-0.52402013054653	0.203694200281952
2.11241021373514	0.965493651705752
1.82336730645351	0.727498434871424
-2.57450915234243	0.686119713628322
0.153568454289862	0.0464103165581933
0.524938478553276	0.192889918548823
-0.377998508676096	0.353269292027299
-0.145576039685299	0.144505517616577
-0.0254249762267165	0.0214051712937644
-0.273785054041988	0.225404413314407
-0.176627357118775	0.146837196237383
0.392681072385655	0.318928890667157
-0.238984108382124	0.244962498898655
-0.0366188031583585	0.0171972410608758
0.161237543501361	0.116382725106386
-0.606450608240939	0.630949224344998
0.482431858502683	0.528456397149148
-0.336226992073852	0.201251304061386
0.308112660169132	0.181347204134281
0.953661319972114	0.640653375403342
-0.531210163997721	0.435246373932291
-1.166367568417	0.989403572967488
-0.0273053238142929	0.0129603894536665
-0.187965671918582	0.141086505678612
0.251473439852696	0.233158696406405
0.0152655470690649	0.0108021366531516
0.56971948786476	0.534160416483091
-0.316398100658416	0.324237501133044
0.45589179750735	0.325609684300919
-0.171730474933494	0.132576097099856
0.277294080011882	0.228504685226626
0.185601141055777	0.145083354506784
0.0779501106214657	0.0525357932348185
0.524965197992151	0.520240663837265
0.521642982166786	0.703311823244203
0.920070254426661	1.19862699489562
0.571556471058885	0.711820890756747
0.612948138113494	0.867713094561585
-0.0674105607065258	0.0555850475541015
-0.115269483048885	0.100822046398933
-0.0142563573256319	0.0110033651660899
0.0790638562317456	0.0685330732831831
-1.01789108102817	1.60420996384107
0.140189926105874	0.12946025937538
0.65131692825209	1.02782062509776
0.315567791631907	0.361027973655866
0.196007934288338	0.192870595492444
0.0868093462994588	0.0785826737569114
-0.0196872852367441	0.0165365221744227
0.390594493358409	0.405113408970511
-0.121051157030394	0.097707293533613
-0.610895513519982	0.297752930337381
-0.129373626315273	0.0895377851662444
-0.23431113749589	0.151993157256512
0.264283884336095	0.237104751022979
0.143329669431212	0.12088554095509
0.0422264580985486	0.032102519916225
0.0483777827820634	0.0277518824557072
2.27739628844834	1.73279121523657
1.96463092715103	0.470372342687103
1.04021638335115	0.398783042992239
1.22076104078733	0.973001852314626
3.63496088118677	1.451939681774
-1.51425919312654	0.549483381615373
0.897349573746541	0.484780052081702
-0.91782609820847	0.65711800650156
1.06118716986549	0.521849810772015
0.145692083674244	0.0693597705253726
1.0996484880807	0.815625248986093
0.152059452718086	0.029590171141199
0.15625990713939	0.0473604698624763
0.532741912476932	0.194574887814862
-0.658753167945449	0.679737834419797
-1.26604718767991	1.35677051551398
0.596925194412453	0.566431099420276
-0.354845920189588	0.335608210360751
0.161823906863095	0.107987508246268
0.273811907691185	0.219203453772348
0.190610401130402	0.166736685587122
0.653550257867906	0.458083667795051
0.307328882719593	0.196737202342622
0.0374800210384335	0.0216991567666448
0.466304793933713	0.526943657692653
0.831614079665156	0.863787132562507
-0.153291829776793	0.104419170598646
0.321635482936294	0.173119454386841
-0.251040629923944	0.124546351634297
-0.28290279118287	0.1766098295944
-0.000574172573319317	0.000373852207407837
0.567327382368716	0.44787371017361
-0.150650893480454	0.101921358187305
0.558900007856562	0.432194761866867
0.313397671348997	0.214004399805159
-0.56543987363218	0.50620947550641
0.0635811838416791	0.0425328768087307
0.781701046492101	0.728976009972142
0.326962273293464	0.179377661595158
0.733238887325195	0.703249827894528
0.0435859052407925	0.0327964725807127
0.108762769864325	0.0857290211165719
0.970555307877419	1.43261742073603
0.768940318676607	1.08046571790625
-0.248518356903874	0.225927020099657
0.19177621395015	0.160710854232347
0.277312402743955	0.230313682068131
0.588622777372677	0.555618662462712
0.251975834544371	0.251564309243058
0.39151595525656	0.416992852104949
0.255053061993122	0.245634425078427
0.745491998680269	0.983635995621506
0.441199323503405	0.315736704608835
0.183291520955684	0.139559320397409
0.274107864514974	0.226953309647738
0.316771729710518	0.327554199430352
-0.104879937197131	0.0921137762431456
0.00769027265644735	0.00560455066851378
0.951381579755033	0.640905669194076
0.516970665374104	0.188238852279449
1.33486094464373	0.596716782173894
1.35599605042811	1.21652410427516
0.336277978053806	0.184230238935229
1.77617814651826	1.00801552304767
0.609558455895282	0.31800154395332
0.661345980122341	0.211138174827968
1.32930776739333	0.590122181343662
-3.45549576669823	1.25034460620717
1.77206491776804	1.01154720592277
-0.388009752322833	0.213640594857478
0.159173380270254	0.0763659282599412
2.55037642140956	1.43479187513764
-0.795614234682307	0.608911861740459
1.45461172869713	0.491065821848087
0.544018372073777	0.31385680734924
0.165310764697054	0.0422104497686673
1.10966753453978	0.828799328599431
-1.02620966872653	0.41818337996543
-0.113747200945364	0.0455039431059434
1.06834402071641	0.528141014290072
-0.00705669732370878	0.00348117630332481
0.158345091424323	0.0891993535905249
0.90780066397527	0.490875888646668
-0.156391295378016	0.1196736069624
-0.667233167074694	0.678150039621876
-0.0279217274162088	0.0178063375700317
-0.446304275585217	0.528565899722075
-0.216193167776684	0.211903747752391
1.24638594192278	0.864114226467032
-0.309638815232146	0.142800763435162
0.544897344839298	0.314922803069734
-1.28624234459102	0.594941965574939
-4.22009387226684	2.01247031658859
-0.666862236828799	0.457668315578562
0.403533385461626	0.182083563753759
0.1324232170661	0.0509680210077528
-0.105559646066601	0.0424148224102089
0.542730619949026	0.31347562370219
0.145310647208621	0.0438088258448526
1.11792801606166	0.974669732495351
1.57412938648184	0.799431649536959
-0.653546362305312	0.38337994205931
0.351646069667996	0.176699061956143
0.857512277150604	1.06807946920226
0.645375716169452	1.05279209882075
0.806412409297655	1.20372798054817
0.180531810782807	0.142280471651178
0.859336899357539	0.955532483857595
0.175775813078445	0.141453649903255
0.675115387799833	0.753610168368563
-2.02800561202728	2.08371048001816
0.406491991402949	0.413395907910396
-0.260251109024176	0.193261106788942
0.762660312688439	0.912743136550415
0.18440825665039	0.155909136329635
0.154586838492734	0.0668642783444565
-0.35424652274721	0.101699068262197
0.15140740070063	0.0522724297544451
-0.069943815784722	0.0304742881577646
1.57038684410817	0.807034365925312
0.39176937798143	0.178060160652187
0.332091361265486	0.195347640428434
0.843187668729892	0.754082200464882
-0.227794688303018	0.111526453982765
-0.249698797598927	0.125061037313346
-0.652269998436074	0.626381467766369
-0.383801049673947	0.384859082348325
0.846997586652784	0.976521147720597
-0.408598579744079	0.174098316850991
1.04160966012263	0.401916952457565
0.683553288942342	0.326272064581356
1.04452468216074	0.398388196027822
0.157819500886876	0.0479964018015095
-1.81164048029005	0.747635014309802
-1.16095928521713	0.652558966336204
0.952024225447137	0.254550165942042
0.82493131602098	0.351889185090344
1.45238037100712	0.909750901287681
0.797569614405223	0.475387792485185
0.819721118526399	0.350395973968221
-1.83171490361416	0.755879019504499
-3.46164602167476	1.25116087441461
1.45461172869713	0.491065821848087
1.32535961029423	0.590134036817937
0.424401842770494	0.31637271973976
0.336112124628156	0.184845395784044
0.688052399942702	0.326034251121712
0.421515529352062	0.39465238657192
0.201723182503755	0.182461991980999
-0.540345174212199	0.662885357155791
0.751485558724018	0.821518406078274
0.397917465447053	0.323657978362677
-0.264560258321965	0.238682625711473
0.126169318608369	0.103815376537043
-0.0678975762130654	0.0616283162652309
-0.29094150941713	0.281714460577455
0.357789870097017	0.421252688041736
1.60237687829887	1.09613376377345
0.887247742708993	0.481855048500336
0.167846042512584	0.0427707788849589
-0.0686277142994543	0.0299979648590823
-0.652231516084271	0.387848222520974
0.170110635537789	0.103603279621347
0.701475379634068	0.453787161616709
0.14750284038024	0.0573545610160358
0.803096766345649	0.473202218006153
-0.308399370353957	0.142608805650478
-0.393282457356599	0.27041121877434
-0.653867369688295	0.38274431497647
-0.686846655169977	0.477629585681204
-1.04179399297762	0.826374184501619
-0.261282165462467	0.191940506456777
-0.963519225742903	0.592980233660307
-0.24169065730977	0.12062184866378
0.147807964842846	0.0576339568271193
-1.1412609968196	0.35088828313214
-0.234000740505374	0.0766428894929934
0.165324354879943	0.0867951887946266
0.782187283001233	0.468761547542832
0.950654218295308	0.25253240285929
1.56519910944153	0.791620042971659
2.13845275318405	2.11865681124762
1.07609129641363	0.659609018102904
-0.397239214323214	0.167334511467005
-0.601238330028736	0.285169945594677
-0.617166521542188	0.297641812861964
-0.04727525607586	0.021676920798954
0.353069562273708	0.178110727589746
0.904404846887028	0.488282485889104
0.546642192675396	0.311972171431823
0.167092745363095	0.1071665741869
0.336096039198555	0.18443948723973
1.32655452783693	2.0544057257654
0.115128744502403	0.0890773609604438
-0.799632401565093	0.441989555573119
-0.00396825517923523	0.00199423061620459
0.290569673902691	0.216135504024467
0.798772489862404	0.853033761042249
-1.56063080077524	2.66614593293659
0.821528796951674	1.03007853800879
0.784262558668627	0.922960812923435
1.07352020274423	1.63405182870748
0.172299346664648	0.109878791118198
0.320220142172419	0.206006710612348
-0.0958323209526279	0.0552818801741198
0.662786179108504	0.213105829711844
0.817003523318725	0.351976278955221
0.157819500886876	0.0479964018015095
0.156845715679068	0.0472965888265206
-0.620531475305306	0.150785249491411
0.149069581142614	0.0649019495188531
0.670918012354519	0.214260520333448
0.440208643626581	0.180693389650481
-0.145543320832725	0.0821732118436934
0.471793828636531	0.317395045150221
-0.0104132792025978	0.00503246871364867
-0.250195347313519	0.125321398579138
-0.338763377334222	0.201937922605402
-0.797999801047578	0.68464111793611
-0.55158957484685	0.45779640000269
1.33201471260472	0.596336495537286
0.665634133294312	0.212359847860864
1.02970267836685	0.396112309053988
-0.724716701361779	0.253084880212333
-1.13707413454834	0.346951163921623
-0.529856186543624	0.206206399241258
0.159003857627083	0.0480265128738231
1.32923257913525	0.588251918944765
0.539057878146671	0.309826803144394
1.05653493878658	0.520521812492443
0.437336361385505	0.178476256204279
0.379086113960507	0.170142045519537
-1.28013572177243	0.586204123865257
0.814529019904677	0.348904506135372
-0.535048311485641	0.206420937784142
1.25446384802485	0.86060680349328
0.406736929095833	0.18117299515
0.383886969187111	0.174624801075651
0.604211330966139	0.319344587716958
0.860414499645781	1.16358514407848
0.408148701870662	0.419704364052308
-0.146982948856104	0.102684526246877
-1.51938716598977	1.67168277910907
0.611238636587149	0.567206443732824
-0.0478239179268028	0.0360683035124626
-0.227277974836378	0.169763899642996
0.252661367329477	0.230692224212673
-0.416921524428538	0.386042115859228
0.472648121163424	0.431348486247353
0.149753042092279	0.0513775172434915
0.524609312149326	0.191455924196695
-3.08471213635442	0.965314084973475
3.93716467324058	1.74109536633282
1.96025897070573	0.471212877436839
0.816796075513508	0.352385300037275
0.672329204234225	0.214414311899322
0.539823123190367	0.193596521723501
-1.82167170535838	0.750034484854258
-0.618143878869207	0.302268120309292
-0.30606255147508	0.141952973417887
0.581373859838839	0.295722431765887
0.607213949719191	0.452453753781925
-1.16137903340617	1.00232047059773
0.07990018567108	0.0537051613519467
-1.52331540883848	1.67966555190118
-0.339689629328073	0.0991873938654728
1.45203784523897	0.484281434940963
-0.219052553662513	0.0719255077197386
0.169301214921532	0.0427592743769238
1.065040484914	0.526179950612369
0.673553513601153	0.218109822226041
0.674740147390516	0.216998162235432
0.96055594466668	0.252218652307608
0.382589291714827	0.174233811045461
-0.159232060503087	0.057921074719801
-0.623203514518812	0.152886975065438
-1.13453748317733	0.348386420481102
0.819389971104756	0.352293326647861
0.196979934940013	0.172856151296332
0.186852085272689	0.163660474749538
0.459787373426941	0.4265130880273
-0.448252782009864	0.44319533875365
0.588165323331484	0.636349741965839
1.10814535854099	1.74215378094075
-0.0462691170776243	0.0424740049286726
0.595467602020245	0.72829747732267
1.45606145484126	0.491057209685398
0.523594903770851	0.191054735130635
1.45641688249062	0.4860389300833
1.45207421539656	0.485631123308653
1.45496621180374	0.489974899858239
0.689565129067195	0.330030148097795
-0.342091382580869	0.0996589886024872
-1.48762416015307	0.767995752527931
-0.346167140140093	0.100935083264355
-0.316769502251675	0.147367554895356
-0.645373102204052	0.373009181204523
1.15053274334827	1.39745889139006
-1.34428456612818	1.52584363235355
1.06375892597067	0.52430982977626
0.673815739343564	0.215029182273907
0.956487790679547	0.25443416057231
-0.344718928168882	0.101170101330633
0.952024225447137	0.254550165942042
-0.350191590281639	0.102610881125832
1.03912222698575	0.39971781200683
0.150593836986919	0.0579584903058321
-2.57507908676252	0.680490038595289
-0.22551045023112	0.0740620347060826
0.164164509697856	0.0416462564743448
0.158970703229723	0.0472868382701319
0.322271865687754	0.313544093136094
0.4539396832522	0.402290805121923
-0.4819302813309	0.592826423578662
0.202518116072495	0.169222180571218
0.968197959966668	1.41340339060995
0.981897425142195	1.26325102323501
1.96025897070573	0.471212877436839
0.1588995276689	0.0306480879354901
0.168213647836342	0.0427717891925395
0.666816815995216	0.214564732832008
2.75734920342264	0.799800653832186
0.173098035606419	0.0436660682371104
-1.82049553786231	0.755751724984709
-1.13492041310201	0.349384486959602
-0.0530349601288413	0.0229431572532828
0.621170171865975	0.318139872867039
0.332858737374423	0.342400373621712
0.158533514468412	0.083726416387463
0.669700188276656	0.216836591054402
-2.57393942994101	0.680804613621979
-2.06649732727297	0.952837564792397
1.4531651131754	0.486692367864221
0.157056474373317	0.0303984095560313
-0.636023364439912	0.153505134692002
3.26962954853743	1.12822867523572
0.946765399319523	0.252386055990515
0.957871568697817	0.254705443855955
0.946765399319523	0.252386055990515
0.167846042512584	0.0427707788849589
0.157631418222578	0.0304971390385879
1.96025897070573	0.471212877436839
0.956487790679547	0.25443416057231
0.945392108065693	0.250394577044051
1.33201471260472	0.596336495537286
2.1110217653764	0.962555227661631
0.954295652698446	0.253211023347385
0.517740489004709	0.443600233206027
0.390392896459941	0.41904118433042
-0.422946811050687	0.520255577824503
0.263400807578357	0.305513431117765
-0.105075098784279	0.11390286031203
0.311127380021965	0.336304689391318
1.96025897070573	0.471212877436839
3.65116028399663	1.41775156816985
1.33486094464373	0.596716782173894
1.03912222698575	0.39971781200683
-0.142597095756395	0.0517374356620666
0.333674049890924	0.185101161974362
1.55726436302031	2.87251000914087
-0.406087076150079	0.280042231975439
1.03108891614978	0.395666438305109
-2.57450915234243	0.686119713628322
0.961469601946137	0.252693318766749
0.173098035606419	0.0436660682371104
0.170541995167361	0.0433725109405701
1.82992561988128	0.718528844057604
0.161791665747346	0.0309826798878848
0.95292022183415	0.255029382628136
0.166760634916841	0.0427859605507963
2.34795852990121	1.18762909668992
-0.623203514518812	0.152886975065438
-0.623695063230009	0.152227657420805
2.75606918885066	0.793508670212093
3.26821961846391	1.12055426106264
-0.630732478411191	0.153857382309032
-0.349006134070706	0.101786523630064
-0.721783751651319	0.251597360149973
-1.81555072674751	0.752836446371321
0.160033282133955	0.0407505791232416
-1.50774935680936	0.539484760175277
1.46368058676195	0.48685860015717
1.45606145484126	0.491057209685398
-1.13492041310201	0.349384486959602
0.165310764697054	0.0422104497686673
0.531595264123315	0.195527948373046
0.377269468453011	0.316771852989232
0.473981947031633	0.515010689308572
0.723277441570563	1.04342380544382
-0.181914584747818	0.179531883476639
0.0473781837407929	0.049751861547034
0.484374157227533	0.7640459425818
-0.32043309552364	0.397610883298953
0.819343414980165	1.27899389591728
1.03634162491416	0.3991693364154
0.143907168367383	0.0626929211687495
0.951547874681655	0.253003737941398
-0.524252707979673	0.204085170600417
-0.519207576524456	0.388017579783178
0.167770503461791	0.0953026933688391
1.1840433731737	1.94270467469435
-0.611264420624204	0.495484556089239
0.961469601946137	0.252693318766749
0.157631418222578	0.0304971390385879
-3.07880362658843	0.963967696821091
-1.14655172561439	0.347944063488547
-2.57994643475892	0.682934722662173
3.26315080491707	1.11564490325583
1.45351865984672	0.48998410568291
1.96025897070573	0.471212877436839
0.956487790679547	0.25443416057231
1.03535032731158	0.398385212491039
-0.343542423818443	0.10090975164114
1.03338662184848	0.395388611568327
-3.08471213635442	0.965314084973475
0.946765399319523	0.252386055990515
-0.628447709775194	0.153171179772782
0.666816815995216	0.214564732832008
-0.343542423818443	0.10090975164114
0.162378104800928	0.0310834456145106
-0.623695063230009	0.152227657420805
2.75734920342264	0.799800653832186
1.45986014199587	0.492707629107706
-2.57450915234243	0.686119713628322
0.15217592618318	0.0460645385354346
0.957871568697817	0.254705443855955
-1.13870450738851	0.347544729295153
-2.57450915234243	0.686119713628322
-1.13492041310201	0.349384486959602
2.11630521628039	0.969154823351082
0.127505690459617	0.107870011256653
0.700839098120641	1.07031298969466
-0.719595415182596	0.776310208499895
0.486034243807589	0.733265334818994
0.279455789820657	0.401537602766507
-0.299403948999668	0.356406882875767
0.203391278872375	0.211999874545969
0.579123444353225	0.450503362149983
0.155526521605554	0.0532128765898322
1.28179739783421	0.712775948578688
-0.0316130706653111	0.0148447621830654
0.323322802365313	0.175217294608543
0.14940650680902	0.0783716928574245
-0.619479816272498	0.547236730231275
0.385807287461804	0.320485740892998
0.51772783483253	0.438718740727598
0.157607154140132	0.0473340538421367
-0.343542423818443	0.10090975164114
-0.308016412677682	0.141477794203251
0.160033282133955	0.0407505791232416
-0.723538168538297	0.250916884167018
1.03922988577136	0.400124112296972
-0.401307165700661	0.171557584514759
0.516970665374104	0.188238852279449
0.522443105176507	0.19046942739914
0.601230797795284	0.316227164346388
1.60672411400296	1.12142816619171
0.450919584751049	0.184163428778953
1.33486094464373	0.596716782173894
0.519478061083296	0.190484525868409
1.82459505180038	0.722360648575796
0.447874482759599	0.18392431172934
-0.231087265827975	0.0758575600853595
-1.16551066292686	0.658249802248449
0.135010490301424	0.0578281371877559
-0.150731092427451	0.0552708638941148
0.14277187758772	0.055506936574593
-0.530113495452228	0.203568083312847
-1.27847431781352	0.58777730457991
0.70046954596495	0.453501291403193
-0.319993652272286	0.147340128203944
0.668257563820224	0.216585127844403
0.531382337610688	0.19416479166435
0.163094953310193	0.0494223382636678
0.158303191105695	0.0759093573851033
0.78724506598302	0.472310378962609
2.35597399998808	1.21246687696406
0.144775943023955	0.0629764014805838
0.900499826814902	0.489993114613134
-0.0272924853530869	0.0128449188674539
0.490581546806427	0.519411235766482
1.1190645685139	0.996608297647057
0.403504205411736	0.330081903815567
0.605210469218379	0.642244940199915
0.796240432291702	0.943113241768145
0.249536203952194	0.221237010300736
-0.0366645503422744	0.0275194612413455
-0.184406097952082	0.121655075831242
-0.245664653826177	0.123583049318942
0.310014277134742	0.210966678562178
0.366659287551002	0.31280463721451
0.369055375611747	0.330298599976075
1.78103941616568	1.01380323965188
0.393437611829029	0.321781174631026
-0.0848383152857628	0.0516375901536261
-0.247956425103222	0.123039991006967
1.23245940591033	1.19271764603089
-0.160705366974777	0.109379765110976
0.68663617241237	0.323543138413955
1.09603045927878	0.822881250784456
0.150802222151166	0.0790354846062323
-0.256719526639772	0.126213438508143
0.523979603602765	0.191000633185462
0.159212853501049	0.0760791086463628
-0.306959920146569	0.142560346188974
0.779851055360736	0.463965391262081
1.61409496673419	1.1276538065446
0.639204183082011	0.441115811722207
-0.0723101973463099	0.03139667803549
-1.83641787507445	1.1649550204137
0.433695397796672	0.326727338560637
0.34434441872614	0.190025106471345
-0.224027415148864	0.168818729507652
0.142178834053488	0.0550545122756059
-0.492648898137614	0.259583417827019
0.456570335655373	0.323073477458333
0.060923221939614	0.0404994637644811
1.23181016607187	1.02183942077973
-0.661478158833819	0.388204912078719
-0.433906674482185	0.330654262991065
1.09908276037677	0.825592398281516
0.158303191105695	0.0759093573851033
-1.24649079909404	0.910658117723226
0.685087183421235	0.58785868599705
0.438918428712331	0.179782791488228
-0.948427138030359	0.578989908942928
0.164044634869187	0.0987497926512077
0.308733640075085	0.198272124949316
0.88773691177306	0.882574848011252
0.30540295995564	0.20839079765877
0.542730619949026	0.31347562370219
0.296297480656651	0.216797662415246
0.168255139605481	0.101508655046321
1.77897564455804	1.0102343633433
0.75763297786084	0.730172294519278
0.150802222151166	0.0790354846062323
0.3019386359533	0.21318437825899
0.0164706552104766	0.0120460473887952
0.480879358004544	0.419152018584786
-0.785339281784378	0.430131275907653
-2.06705951379076	0.958380425234573
-0.19349180183052	0.129468889929281
0.614654847536651	0.450322918483105
0.185608073392661	0.146161803035281
0.294388020365437	0.219493369296799
-0.0257547618777239	0.0121780817307873
0.379820261592976	0.319747360839177
0.485429178514299	0.293385677387753
0.324896418082387	0.193321987241661
0.368091641012901	0.307505143819604
0.171768200049989	0.104364582449949
0.385206903980566	0.173091788237113
-0.149434619660561	0.0546867535304298
-0.451657813699112	0.294236730412021
-0.0148133372162533	0.00721989528519534
-0.401622268608077	0.170313069492288
0.524215035907324	0.423663740223038
0.650008887195924	0.458068820726458
0.543577705753175	0.311102415966726
0.571499816132282	0.453964717254715
-0.951226421579178	0.575279341942291
0.909537638739316	0.781143355083707
0.141066838404642	0.0610911305943552
0.716336355741809	0.460470407206382
1.39171973647469	1.06726955112006
0.15046216373443	0.0791005984976363
0.47383960823745	0.31767568108381
-0.918353759250228	0.659396707333357
0.779851055360736	0.463965391262081
-0.510380201273922	0.383353316014481
0.588344112469059	0.304643053931149
0.603790363600138	0.318182057131259
-0.138933811248165	0.0778053587499719
-0.95217800452572	0.587318480958423
0.995085479730035	0.78910050224155
1.39128187983787	1.05920878149383
-0.116431386867969	0.06809071738084
-0.649922899547539	0.38241772628338
0.613483649729655	0.457219125316747
-1.14345013552739	0.95294121680606
-0.804407270323013	0.606694262386887
-0.61901816533554	0.299164556682995
-0.132333126007431	0.0733636382874984
-0.273029712611593	0.169790473291161
0.021664343592354	0.0116898093787468
0.942146297662675	0.913386169005079
-1.03669265027912	1.14654072947003
1.8846493375238	2.03445459898962
-0.477133180418228	0.440910159835964
-0.239136737695408	0.154622704558223
-0.0281444008716624	0.0184243317822748
0.556325942237057	0.432148123324263
0.382015994200929	0.172197540420937
0.0501552766785111	0.0307290194845216
0.159295689466261	0.0964242567840618
0.318826621396647	0.1916392686014
1.46689750526912	1.42894038966276
0.788565967610755	0.473894272077904
0.683555054936013	0.324866642542886
-0.352824712262703	0.102155795737906
0.99146661921574	0.800308628456804
0.170815491415622	0.115963155282409
-0.516920707722243	0.387695604517556
0.160043080199817	0.0767078091594619
-0.338511026319061	0.0982184054411285
0.529086245411457	0.194521335925232
0.151147710779537	0.0523193888171726
-0.580006059787145	0.42023376554861
0.403860273126261	0.329069236876373
0.747167536646319	0.610335672338426
-0.661589772639412	0.390625300687041
-0.791419240417425	0.669661356660518
1.06704465495995	0.526749638672329
-0.64278200286037	0.372425484256787
0.877588554318821	0.874261147482558
0.803127103240267	0.622066894421091
-0.294560780740914	0.132241992791797
-0.0824913945027696	0.0498034391604803
0.549435685460632	0.315724482094182
0.680695506083811	0.315696416509325
0.145718683151435	0.0701624995328845
-0.609582492901003	0.296208939108801
-0.324183914622934	0.18965245891746
-0.110964285136927	0.0446593629488768
0.344196767354773	0.190158799642964
-1.53982589624726	1.39421133905234
-0.319550758316833	0.148035877723405
1.45846230507283	0.923739548640697
-0.0857021559814721	0.0521242322045181
0.49662841172979	0.309370407542191
0.396635206989731	0.178489615840739
0.466989342786673	0.310809754765731
-0.0785476520562327	0.0474296164972281
0.41708819111833	0.328909883653116
0.390243444536789	0.178044149680407
-0.0654590828427633	0.0287819156401184
-0.556180693208499	0.349568960697782
-0.803185211495387	0.526083455070701
-1.25408097034927	1.14147645454136
0.93672239737934	0.60117862760958
-0.290829385264154	0.181014907595611
-0.299481775557204	0.135449332098895
0.534447987144892	0.194750706851383
0.947358124221535	0.639942862849734
-0.881662351126949	0.805941510684608
0.0250985770821507	0.0133891076783565
0.409262005381168	0.322416805418949
0.468097067203563	0.314668281529842
0.836999847153204	0.861968878167225
-0.884815605284956	0.795275761850151
1.47458123386164	1.45165730517906
0.897770062171014	0.904166102572587
0.472596711380505	0.421847705357761
-0.548326266725392	0.450756418338369
-0.531671602358592	0.43404016797371
-0.147224450245512	0.0832023919232645
0.0836529675189555	0.0584169610865086
0.895286950234872	0.890107583440023
0.00984708144899026	0.00670566602503924
0.591050962817082	0.563485903675075
0.501694037232081	0.446238221370255
0.833479773850751	0.866616068033809
0.103753949496755	0.080416964020917
1.40107262882989	1.07864936731484
-0.401309095910027	0.225411632004395
1.3172110515107	0.580662065553758
-1.05064671943283	0.835423969453919
0.716246899581153	0.797706596295809
-0.297503812401914	0.266995901262384
-0.508914691999958	0.376448518454932
-2.28919391138111	1.18619350368742
-0.403119456014377	0.171530084158811
0.352198199437449	0.175279886276679
0.145348503482674	0.0696345418334446
-0.125394383432867	0.0867643455866374
1.52711840989136	1.82136186012796
-0.245189182056963	0.203425915173061
0.330107566743762	0.197030882233865
-1.3496287447407	0.825519013408858
0.509038326366507	0.318181370796322
0.144775943023955	0.0629764014805838
0.806178268732272	0.991458933136395
-0.0317922911127839	0.0150448732621288
-0.503845588766736	0.375207023290849
0.392701457241847	0.320923362397988
0.957196060044102	0.645931013461212
0.674740147390516	0.216998162235432
0.142182976680504	0.0681443890617556
2.11260268209087	0.963178522665624
0.682975712706802	0.323907655877253
0.152047015256369	0.0731092757711115
0.146835585674207	0.0572347599611663
-0.146667709227714	0.0538386221135798
1.77692813442489	1.37865314382723
1.1064798836501	0.821151697418149
0.390080178982477	0.177127642544528
-0.252412657993453	0.125463339377012
0.135204208098662	0.0523113234313533
0.157842081708395	0.0755331257011041
0.551130705193218	0.316891024008164
-1.0455020281092	0.819142116658638
0.147658324800669	0.0775352246412318
-0.038691574795928	0.0181289965278483
-0.721783751651319	0.251597360149973
1.45846230507283	0.923739548640697
-0.718015885215809	0.250371550906901
-0.793187481650752	0.515608958020412
0.790424395731013	0.471881720424233
0.141343305762881	0.0486618516789713
1.32803391147169	0.592399691809221
-0.410792514486161	0.231956103067001
-0.652742550444794	0.386986862175698
-0.808244000169973	0.434005709414185
0.157656028229457	0.0474930202178279
1.37979937309558	1.23510105013488
0.997949562174366	0.804335018934283
-0.961587921428262	0.588053478109293
-0.611660314916544	0.295243029758895
0.367158706659686	0.184617584718568
0.157387356286727	0.09514613546511
-0.587379973648407	0.568601884347822
1.01849570349475	0.941858817741991
-0.331794404034543	0.230939518726688
0.360813537762598	0.181769027553282
-0.448780741101005	0.289572146283211
0.940941479053934	0.887470827301651
0.438974993693935	0.489649976074087
0.664136282147366	0.848178521693727
0.300758961669504	0.203916360151164
0.419362091161633	0.314190250547439
-0.0706226590361452	0.0441495954506709
0.79248750813248	0.937777530871877
0.537405927027166	0.443466023559574
0.00435503715044467	0.00274555951017176
1.58746057898219	1.68776816943488
0.493516518600307	0.306988696783893
0.455946911422217	0.420732534570709
-0.572641273987449	0.40907807353856
0.624956194475977	0.576987482308218
-0.353338456928703	0.208187504564943
-0.138621005396232	0.0764712192852361
-0.147565245805084	0.0831456418022777
0.568826832819547	0.448596460443965
-0.144607475447125	0.0809223692605269
-0.505303162224734	0.498725576733179
0.172290661634584	0.116071815501302
0.999857261476128	1.15758433060575
1.7647520516403	1.3778884773597
-0.314668844179622	0.25371994572579
-0.0848224566372422	0.0517885827315753
0.285396179694302	0.212625702125087
0.662468383898664	0.591725584638605
0.492438243282282	0.437065665559499
0.0307530893409901	0.0178343611113341
1.40677280531995	1.06208450271832
0.159003857627083	0.0480265128738231
-0.532276703088154	0.205902875815849
-0.53335946692924	0.205976990726238
0.809947115387493	0.345417325238486
0.865937255084157	0.63093540848047
1.03515111598185	0.401690296345324
0.544018372073777	0.31385680734924
0.445275559584849	0.180397731940466
-0.101804456164738	0.0409535310010035
1.44168996802299	0.897564909781328
2.75606918885066	0.793508670212093
0.68072473743641	0.320712582830732
0.140510148384066	0.048664068301297
0.329572405647294	0.178567061238671
0.896983020648218	0.490109375401987
-1.4951022037889	0.771780606900193
-2.28361142919572	1.18123677773886
-0.97900136103569	0.495018827323948
0.526282024246712	0.193593170961761
-0.103152862860473	0.0415929454699209
0.1457054857396	0.0552557379708295
-1.16544384714718	0.65786891195934
0.665440604631342	0.212579826336912
0.4350233073277	0.177923778576483
-0.484319440433507	0.252419211807259
-0.402275069733286	0.171940950121467
1.45341411357682	0.917919056840804
0.135870950517037	0.0522823424358068
-0.515909983556443	0.197462040377795
0.15625990713939	0.0473604698624763
1.05995694464377	0.525270491251717
0.156634201293332	0.0476265114655575
-0.653096265725075	0.388608385608011
0.761078806561355	0.829664413713227
0.111253738726577	0.0865244055070952
0.180939929569337	0.123257856886647
-2.0060193926255	1.38530363920706
0.146164403277875	0.0699252690182426
0.394941523012949	0.179109651810264
0.738708648249738	0.900330457419641
0.280565044987124	0.232136166543296
0.678332297668043	0.580305433681293
0.269340687497576	0.214897485851748
0.281809049406986	0.246690720224612
0.423894408909341	0.415446217003822
0.0676649178806221	0.0451548594563471
0.317157516064891	0.18734254884848
0.571499816132282	0.453964717254715
-0.233298299035338	0.175892693633823
0.290071236095781	0.206076629919528
-0.108424973705538	0.0870759374909117
-0.480238818694088	0.400476481633089
-0.373016804666599	0.318140177746998
-0.390823486638691	0.267835356980963
0.832440367287999	0.858635924425767
-0.322520407283973	0.283718979408802
0.189329283437281	0.169878818429684
0.576834522715138	0.5463139486621
-0.0755802641837901	0.0459014686616357
-0.172558662913905	0.118162610764944
-0.789247517254574	0.785991918428962
-0.613071741574674	0.298382997573759
-0.657289792087884	0.386459754335638
-0.524252707979673	0.204085170600417
0.444254571574592	0.18101194160548
2.35211203002731	1.19567077724615
0.348443743896699	0.172899723626034
0.668337249898722	0.213347782342272
0.144360057617073	0.0496936999572725
-1.28170971891495	0.590727891544826
1.57425409460071	0.789653166813344
-0.722131735316544	0.252143474448172
-4.21699301697494	2.02830354120448
-1.04681590916652	0.818144166504214
0.144420742238617	0.0557400355711829
0.396204668814574	0.18072388923335
0.445824300860139	0.182823493832524
2.11757737875973	0.947408988521006
-0.344991553778112	0.100675971877677
0.38222816255329	0.173783928001849
0.156473093380651	0.0747847519367228
0.152380753568528	0.046289512415668
-0.212711078727578	0.0682119730211657
0.599475823370975	0.316333860255882
0.150987968499307	0.0459422956002911
-1.81516028188415	0.748234362154385
-0.513483584358143	0.196592057047193
-0.104645317659636	0.0420037540482151
-0.154080721580194	0.0564960500422514
0.820823944260337	0.354804427519032
0.147815925668082	0.0571128254805538
-0.772752584084013	0.345638417777207
0.00148016027205554	0.00112061724098405
0.267077160705664	0.21984784862352
-0.443869646653432	0.342364765393822
0.340396634795724	0.188542749898017
0.540493708557516	0.311671422806045
0.590568422735541	0.63989962077144
0.659193911533677	0.649903861070851
0.104379807189929	0.0802442108316412
-0.354174417566767	0.283968855078456
-0.392955400510899	0.341001276730345
-0.0845063364108548	0.0616661205574754
-0.161914894383209	0.110654901634754
-0.389034110309731	0.304734233898088
-0.0144482284392596	0.00952073423510126
-0.28439229510794	0.177054579262688
-0.185583160483728	0.159560327538961
-0.167114240158829	0.113896499680482
-0.346110146897784	0.269752117278051
0.0974460953269224	0.0707150855146835
1.04352704863609	1.41233849423556
0.945875371180548	1.24504739316684
0.162779306046026	0.109282566170003
0.165476454603252	0.116441781008899
0.0537577763454785	0.0327939599393845
-0.0670934036471149	0.0292257172375351
-0.330143482282628	0.196538452116402
-0.151833642356274	0.0557212649548327
-0.619455780128147	0.300602472466414
-0.229939398443748	0.0755200119244061
1.24633681767591	0.863033821967919
0.662786179108504	0.213105829711844
1.26204281126931	0.702644871144216
0.803631627923868	0.340131477131351
0.331242932112785	0.19802305169822
1.57606172191292	0.793812889182763
0.389508327648317	0.177406915179598
-0.238890097621496	0.119082414389523
0.381653392607631	0.173440128465192
0.609283865886458	0.320171151187307
0.357276777421338	0.179523538614622
-0.318205862653551	0.147527411143433
-0.391803344287809	0.165224048238706
0.14485392193857	0.0693536541804043
0.136173897108013	0.0526941681708723
1.61278218061529	1.12857138361978
-0.403538376425982	0.168775086758899
-0.560074397479056	0.348967750842081
0.589674127722872	0.298889182547048
-0.48653827541317	0.251961470756168
0.683553288942342	0.326272064581356
0.608224215606229	0.317760424521633
-0.035057825535459	0.0163475035427784
0.297154109590046	0.186675285104576
-0.508562351292417	0.380653446719744
0.543143907950425	0.312625900632672
-0.540772541860616	0.338357966683641
0.281511825998492	0.209261393134074
0.940738809668531	0.909683803226782
-0.332677044305587	0.198013536934928
0.137805886818994	0.0595503902395953
-0.201376139093357	0.107227917330017
0.990523608388434	0.793468014728101
0.468123783236604	0.436921202278107
0.293465072205013	0.219876565374238
-0.86120876830842	0.972215360265229
0.0343570843893147	0.0195752750752471
-1.00423698829077	0.880946139145174
-0.397285971500691	0.271732472112748
0.708747917309903	0.461254356436965
0.785828329724094	0.467768117127457
0.0401355708511058	0.0244123143481849
0.776675370319579	0.599096683686744
-1.09623838501101	1.04166042573767
-0.321786610807883	0.188732074407456
0.593982923561624	0.311004053975875
-0.135160641340033	0.0946652991307062
1.5216080116639	1.27317959578065
-0.14898797790818	0.0544634098656251
0.67114469411031	0.215490092261742
0.149970903195637	0.065265876842915
0.143747269175704	0.0559041635309843
1.03616406217909	0.39883276251369
0.136480040151752	0.0530402961094183
0.166737913090613	0.0422118222449661
0.144530836188186	0.0497609179041408
-2.07805768838125	0.973913682864122
-1.79541110556836	0.406108159138969
-0.151756236463228	0.0557391336018927
0.667073956986921	0.214335437648368
-0.0590119867289962	0.0259644800775804
-2.57450915234243	0.686119713628322
-0.562083941333513	0.349693639434457
-1.68544234316189	0.975681262593783
-0.153133836778932	0.0562143523090425
0.390778129835231	0.177559648275083
0.165674434882817	0.0422257308822068
2.75734920342264	0.799800653832186
-1.03416549660249	0.42282126768722
-1.139798321011	0.349782272227464
-0.784354863717766	0.348739024629394
-0.493978816979456	0.256786002669599
-0.100454974781809	0.0404091693383214
0.450919584751049	0.184163428778953
0.140198848761568	0.0599873296846939
-0.18293908751125	0.0969481268369313
0.384821590662758	0.174884875939072
0.817885978478625	0.350163723082963
-0.504861061374149	0.265364402366614
-1.50893258038539	0.765558147062085
-0.0922659535285156	0.0371210668116055
0.539775123037837	0.443977388973606
0.455983162219469	0.325370388875214
0.957196060044102	0.645931013461212
1.45084528156729	0.912416094166212
0.997630716179158	0.803789140907497
-0.188211953681628	0.100182955610988
0.417684164699046	0.328473371072705
-0.965761279504457	0.592684911002814
-0.323730940625208	0.149749050634185
0.153312144356789	0.0526631808269275
-0.405683115545739	0.172940087791917
-0.0986395859872944	0.0399460838583499
-0.502521633543839	0.261870731474606
-0.322368706372395	0.190131405394345
0.680990425983446	0.319237826283148
0.170953954777293	0.0968718319015991
1.45207421539656	0.485631123308653
0.44012960476333	0.180773267026075
-2.08593196016097	0.960134922720284
1.9613717712777	0.470903909509444
0.531382337610688	0.19416479166435
0.661378686803307	0.20986618547197
-1.5208643075246	0.552186247107342
-1.50892094831171	0.544038324980869
1.05995694464377	0.525270491251717
0.168213647836342	0.0427717891925395
-0.714110639859431	0.245794927714824
0.162878077886294	0.0488236589544503
0.952024225447137	0.254550165942042
1.02812537071345	0.392269342637904
-0.630732478411191	0.153857382309032
-0.344991553778112	0.100675971877677
3.26962954853743	1.12822867523572
-0.222695068591131	0.0735779431251597
0.674740147390516	0.216998162235432
0.669440224929851	0.215480111776117
0.152489836004519	0.052740500279662
-2.57393942994101	0.680804613621979
0.148980148334068	0.051141117082258
0.155447957395554	0.0469498859464432
-0.223107034277154	0.0733562917803985
-0.340869162586215	0.0994476453021484
-0.483897008128333	0.248821611322187
-1.34674876511441	0.845589632338461
-1.04514102287362	0.830691386489908
-0.10005537420493	0.0395145595302899
0.688034739545265	0.323413647926457
0.779851055360736	0.463965391262081
0.177474811525261	0.134876977543341
0.687612213079962	0.328567932328386
0.156928434912649	0.0828304864283731
1.95924307575785	1.22598724632264
0.288010127403223	0.192733639507557
0.0624034758378674	0.0381000540322878
-0.915203648118648	0.757963473421474
0.163763139213813	0.0920727930705652
0.502412766033728	0.313453556387792
-0.582663738056694	0.416640610437898
0.953191508336718	0.926597155395302
0.337623919758217	0.187010101962814
0.654066198459248	0.456932562106255
-0.978496917089764	0.95804373856686
0.164959196841003	0.0943429767716428
0.152725822148868	0.0801242112852137
1.45730188638128	0.488260410534648
-0.411664432753084	0.174712199941108
1.81816436114525	0.718414646592161
0.656081819038325	0.208379304495248
1.7828345241313	1.02288783821055
-1.68607081390325	0.978924588533272
0.151872149221307	0.058732396864501
1.03932317999806	0.399473022199737
-0.311152231807913	0.144059492294592
2.75734920342264	0.799800653832186
0.160510100025773	0.0484285557089307
-0.227212618004882	0.0750820913651819
1.57449339049613	0.801962693736397
0.157948290429022	0.0538947887700382
0.686338877164859	0.325307942772294
0.668257563820224	0.216585127844403
-1.2752988540859	0.587647301442411
1.05739250525133	0.522020826016938
0.959132648753362	0.931413815343312
0.307822111016011	0.181734610764186
0.336119668718274	0.18209136443428
0.524938478553276	0.192889918548823
1.76751729585385	1.37584752740126
0.438519738063767	0.329747868395933
0.614189221224468	0.45672780778604
0.17591938121087	0.124701984646877
0.37205010441952	0.311600094800354
0.0405299253280542	0.023382563033834
-0.237836536398094	0.179413640206122
0.307541809667429	0.176813212500404
0.495458630706249	0.309407778936832
0.175690161817421	0.106133371108854
-0.252409811094829	0.185716574816351
0.740795910024868	0.609792381383584
0.394277239353678	0.321754840456415
0.658747701933508	0.462471223795344
0.293279778088072	0.228516596395384
0.0414044477983906	0.0237939846632339
0.139263887816188	0.0542111153871456
-2.07668472925752	0.970984741633118
0.144809141628212	0.0627017999116399
-0.232856065327186	0.0759844550448524
-1.17546549189862	0.663156073603491
-0.397805791869607	0.169070006272473
0.151147710779537	0.0523193888171726
-0.221961803322893	0.0725421592346928
-0.155449628193251	0.056785772204396
-0.975883017791283	0.485622833656601
-0.618737201948444	0.150559036504414
1.82048878018078	0.719555340107451
-0.949273230947119	0.582124506781911
0.146276360591024	0.0501419351300708
0.669440224929851	0.215480111776117
1.04160966012263	0.401916952457565
-0.54746769798927	0.34122014045588
-0.773826407262892	0.34645590203316
0.153461252731351	0.0589854221823897
0.85150710939826	0.618820742076791
0.94381631710243	0.625355066200517
0.539934405963075	0.308106078584928
1.24122777723913	1.34193346541725
0.152914849130579	0.0802844555805472
1.45306393810611	0.923041358497123
0.369890738245438	0.319553291390029
0.164998642453402	0.104078297038858
-0.106323353352413	0.0427384873366191
0.00453647998357046	0.00208122120683553
0.524388003448618	0.592324086389178
-1.64263885292268	2.48650690973579
0.573542977962221	0.564282079758927
0.587925375270192	0.302278881205032
-0.0980859613743423	0.0395771505456825
-0.0620234506185256	0.0388718498109279
0.548472485251312	0.315961353081165
0.703219643969949	0.451294764379591
0.340920190342384	0.18794372864391
0.89862698703768	0.493580741846168
-0.395022882227856	0.168315057184819
-1.13870450738851	0.347544729295153
-2.29814549250753	1.18729499827723
0.524938478553276	0.192889918548823
1.45461172869713	0.491065821848087
0.139148108538827	0.0478150043583743
1.45986014199587	0.492707629107706
1.45840207343894	0.489337286075825
-2.57936018855439	0.682903044011602
0.818401429874522	0.3510010871155
0.535318968060394	0.190623057470462
0.153312144356789	0.0526631808269275
1.03634162491416	0.3991693364154
0.689859582303827	0.330466967885979
0.675697449514245	0.319645407531656
0.790877653429175	0.471906863460957
-0.0304042572919432	0.01441158253198
0.45589179750735	0.325609684300919
0.0559314756206082	0.0457954012658064
0.191353937638433	0.159448661026778
0.394057263529526	0.319554639375151
0.296979169583266	0.212333737368396
-0.392262699337857	0.368929823119861
0.422166302070664	0.40843417520882
-0.18472921014902	0.154504239902499
0.280953516254916	0.216715441978074
0.091654263587691	0.0664423641463679
0.272909825260369	0.232622167945327
-0.289024650093554	0.256868557826975
0.0395847038032509	0.0241189441143373
0.368615646584045	0.320226300498371
0.614506433182757	0.569723381110397
0.497157444546123	0.309372734413889
0.353338640076153	0.324554018045743
0.544893478296073	0.314264698406897
2.10559930382807	0.95497332014476
-0.308399370353957	0.142608805650478
1.04160966012263	0.401916952457565
-0.0991324952437701	0.0391223356572924
-2.57450915234243	0.686119713628322
-1.79541110556836	0.406108159138969
0.670883773275737	0.21573252817249
0.165674434882817	0.0422257308822068
0.157631418222578	0.0304971390385879
-3.76085193858471	1.516389149945
0.519274334222245	0.189240619758764
-0.624872195318547	0.152004974277265
1.96025897070573	0.471212877436839
0.666887977767422	0.21415635270207
0.1588995276689	0.0306480879354901
1.9613717712777	0.470903909509444
1.81672375669943	0.71977097990322
0.298236403859187	0.360500207939761
0.49578544905705	0.528033466218593
0.459139453363224	0.426651494914545
-0.10847369606939	0.0956144653907963
-0.237630195007558	0.227631950933166
-0.0743394911179726	0.0605231667544747
0.658553287706279	0.913193235591456
-0.0216486000860837	0.0161490463863511
-0.0359780684214284	0.0273987589503771
0.160516080582914	0.160741624044106
0.528259743801402	0.820219085296371
0.0123159542617781	0.00970821633544828
0.115927605593883	0.0948018980009765
-0.135788984668231	0.0949819128114641
0.163806034552604	0.0930365136995912
0.52516953047181	0.597448887858969
-0.399918404222074	0.224388979639845
1.96025897070573	0.471212877436839
0.661345980122341	0.211138174827968
1.96025897070573	0.471212877436839
-1.82491177099641	0.761062662410459
0.147035556764615	0.0508245783399546
0.392311357593412	0.179029636269886
0.672365927723615	0.21584689717513
1.03922988577136	0.400124112296972
0.166760634916841	0.0427859605507963
-1.13492041310201	0.349384486959602
0.52631293120898	0.189408711184539
0.153330488140151	0.0297415921897382
1.45606145484126	0.491057209685398
1.32286572889832	0.589041398137801
-0.624582031923329	0.153403426322781
-0.348742022466301	0.10134765260469
0.161910749638676	0.0490513039831909
1.31990734853467	0.587765827389329
1.0893709722161	0.806029972390306
0.602732431326161	0.317226128662712
0.655328714139638	0.881341405150271
0.203148083473428	0.196768576721163
-0.108061208158839	0.103990192178732
-0.108329941363834	0.0949605714291301
0.463040526280122	0.524784624645057
0.351369064944313	0.435073564409576
-0.0650047299822553	0.0627847403619001
0.0223131639763357	0.0203644031260734
0.111611897693197	0.104533550592629
-0.343819397857919	0.27440262669197
0.173477077522368	0.110992138583997
0.328619384734734	0.402844774603935
-0.102243930339954	0.0833257303927344
0.0910298556887708	0.0660437868010969
-0.677881153904465	0.473317656698683
0.327964220692579	0.193291268050539
-0.224678068444513	0.169401984422122
0.362940270444657	0.412773773538084
-0.312703371818042	0.318263802176973
0.142679564838216	0.0491455222440914
0.157631418222578	0.0304971390385879
1.44969992073046	0.485973419912067
-1.13492041310201	0.349384486959602
-1.79522376365631	0.406159618358576
0.152059452718086	0.029590171141199
0.157056474373317	0.0303984095560313
0.162378104800928	0.0310834456145106
0.673290374161129	0.21539984522156
-0.624582031923329	0.153403426322781
2.75734920342264	0.799800653832186
-1.03667947354179	0.419936403849192
0.160033282133955	0.0407505791232416
0.152059452718086	0.029590171141199
-2.57450915234243	0.686119713628322
0.157056474373317	0.0303984095560313
0.166760634916841	0.0427859605507963
0.943125582749976	0.90392641761483
0.147653157875968	0.0504349418322378
-0.238592961275274	0.118984136689727
0.160384885012197	0.0410552053935884
-0.0100121433180664	0.0101074450217345
-0.127095733236299	0.120292938347806
0.572889916648229	0.558905408683473
-0.0921708194036721	0.0675657360977808
-0.317714770616019	0.298451803605404
-0.20994478966999	0.270067136377289
-0.0672654690872477	0.0710912663971712
0.0136877777001489	0.0103209182582719
-0.187531785143373	0.161480539466328
0.825182242099608	0.353696494063807
0.248307839631674	0.320083650224674
0.19801937883763	0.241341064814541
0.816243663078044	0.934557483535381
0.156233471275728	0.0945768606503586
0.968707758714211	1.75229712890937
0.677348580585098	0.75667604065333
0.153568454289862	0.0464103165581933
1.46515025425329	0.487505243218888
2.75606918885066	0.793508670212093
0.157631418222578	0.0304971390385879
0.171634472420616	0.0433572706368662
0.167846042512584	0.0427707788849589
0.52210596591955	0.190372011480154
3.63643152651936	1.45439996443785
1.82723433620716	0.72976386465442
-0.624582031923329	0.153403426322781
0.158321872008447	0.03054890339565
0.157631418222578	0.0304971390385879
0.674740147390516	0.216998162235432
-0.227212618004882	0.0750820913651819
0.157631418222578	0.0304971390385879
-0.525208018970066	0.202582006960078
0.165273197569164	0.0419033482397814
-0.52402013054653	0.203694200281952
-0.229939398443748	0.0755200119244061
0.683576381632052	0.591909275134313
0.152380834012667	0.0863114405881959
-0.781538684678733	0.345193001112438
0.815498351121805	0.351034974904088
0.308676356367275	0.31807755207381
-0.194684906445338	0.211996682889534
-0.598767713087188	0.845629920592386
0.444372424375357	0.519865761190022
0.0405072633600443	0.0337153236800546
0.204514366751967	0.230585938848247
-0.0951350728816735	0.102916554714561
-0.642514863555988	0.918390363504209
0.0853175531198122	0.076963078122025
0.0903816583141564	0.0671783178343026
0.0461043525036776	0.0281217214952597
-0.048726552472618	0.0359899712711872
0.122113463952404	0.114611452495856
0.747177910525533	0.720883995276374
0.93932146453368	0.623051574792499
0.656731026108325	0.462800778077242
0.39087517370355	0.41684067565944
1.57449339049613	0.801962693736397
1.07299515415892	0.522287995654028
0.673290374161129	0.21539984522156
-0.0644279085888643	0.0281645027679306
0.524938478553276	0.192889918548823
0.149313540235263	0.0513415421340099
0.1588995276689	0.0306480879354901
0.951547874681655	0.253003737941398
-1.13453748317733	0.348386420481102
-1.13492041310201	0.349384486959602
0.147997723199049	0.0442930610887551
2.75606918885066	0.793508670212093
-1.79522376365631	0.406159618358576
0.157631418222578	0.0304971390385879
0.157631418222578	0.0304971390385879
1.33086270821398	0.600615079200926
-0.222901125507273	0.07385839070143
-3.45442672204145	1.24810798046793
0.156845715679068	0.0472965888265206
-1.82912157862589	0.753267407814952
-0.507156820639329	0.378906452588772
0.154657610770214	0.0743618074293141
-1.18554766707344	0.667517949336869
0.819736361887799	0.353982189775623
0.11935670766086	0.0957147237207625
0.0918099574044815	0.0781324001038318
0.264682305812506	0.28113838070523
0.264104961036904	0.22981712339203
0.709934294354991	1.05252150498283
-0.435020045916191	0.531114781783583
-0.251124577473771	0.305924599516345
0.784166445033769	1.14081536259653
-0.362116361190927	0.425313838911278
0.447702618617242	0.428347796216226
0.48920088491994	0.423124748947464
-0.167625068308779	0.156149325114939
0.45729554347606	0.426638764663006
0.367261543796137	0.318230632711398
0.0537118496576994	0.0417785139298061
0.58998105517636	0.653976129177232
0.446149243697335	0.498062811050154
0.332292995021593	0.184039483290158
1.11041570879831	1.57411311562058
0.780026196753611	1.0921481938846
0.141493790786818	0.0550477805246781
3.63496088118677	1.451939681774
0.668084647841113	0.214613858911294
0.166760634916841	0.0427859605507963
3.26454918998549	1.12582035861405
-0.618737201948444	0.150559036504414
0.535592335827872	0.195337190866767
0.660154272128366	0.210687849785302
0.162942698182568	0.0413114056520163
1.45986014199587	0.492707629107706
1.96463092715103	0.470372342687103
1.96463092715103	0.470372342687103
-1.1412609968196	0.35088828313214
0.951547874681655	0.253003737941398
-0.346338838256578	0.100875906320348
0.157056474373317	0.0303984095560313
0.162378104800928	0.0310834456145106
1.04300319841899	0.402259764791993
-0.223107034277154	0.0733562917803985
0.95241412211747	1.04130262969114
0.361704302286457	0.182697720935242
0.13659064890545	0.0592974663459694
0.574176094884775	0.561136082034209
0.339724092391146	0.333347305821736
-0.348902131453268	0.279184874297469
0.18666755674601	0.137827572094144
0.180927972498948	0.123134352897662
0.842581917556954	0.871517359838255
0.450849623714392	0.435109041329476
-0.212406275361816	0.186677478451039
-0.390524851699412	0.266330746961198
0.477867879738816	0.5203418348557
0.162696823937267	0.0774036441299317
-0.0130622921290968	0.00634898828124049
0.0926876632798497	0.0645869076956095
-0.692480746132371	0.546534182641488
-0.2730945994108	0.224229332474309
-0.173021484801346	0.132749398812294
0.424279096825263	0.414316214878665
1.24000621356893	0.858135192074257
0.186299607224065	0.147431321988888
0.0630066642766017	0.0431638642986158
0.149595457307736	0.0452624594369959
0.161694559716164	0.0487970170518378
-0.150458831228779	0.0551520014582941
0.160510100025773	0.0484285557089307
0.674740147390516	0.216998162235432
-0.536390170568121	0.207178133529191
0.357189511230593	0.179169675422769
0.688588989186597	0.329918803167546
0.165674434882817	0.0422257308822068
1.33066146326993	0.594944346005423
-0.612754532627913	0.297059345736773
0.13659064890545	0.0592974663459694
0.15921674927226	0.0483450021306231
0.823243467793322	0.353586596514582
-0.528510789511083	0.205441902241372
-1.13384470910725	0.346451671342812
-0.343816891455429	0.0996962776646578
1.03535032731158	0.398385212491039
0.141066838404642	0.0610911305943552
-0.530940356451135	0.204656524383696
0.136380535608743	0.0468062433925433
1.05532093070944	0.51545179898496
0.684534862790765	0.326199707602974
-0.592661865691723	0.428702122430221
0.29361652450947	0.209089485627419
-0.60713121217363	0.294013358529956
0.467121282241117	0.305293460032337
0.540706361313406	0.446732902875287
0.274745085102894	0.228015002854371
0.639820874126767	0.568345629654314
0.901790225934929	0.490141876156052
0.571281526994046	0.448789009000108
-0.640408142342559	0.774527245964305
-0.283998040703185	0.291041171542463
0.133993260856	0.118697134903186
-0.209788328613754	0.193538572492346
0.282261056976389	0.227234795324961
1.339350966416	1.38125393680429
0.145300664779287	0.0692197614676869
-0.343819397857919	0.27440262669197
0.00186556211423289	0.00112761259284572
-0.795351712754863	0.857417192828633
0.296631514378674	0.187405241567675
-0.808141909957022	0.61340354869084
0.539514715355551	0.442869005923342
0.52564781011025	0.448950295800626
0.155236989444065	0.046931522021964
-0.215091100919037	0.0708081397941703
0.145618402952985	0.050071266673943
0.32111849606573	0.189246210996347
0.35530258792585	0.179442167085106
-0.0986019292922069	0.0396247950613684
0.150987968499307	0.0459422956002911
-1.13384470910725	0.346451671342812
-0.769121570510359	0.339310131268977
0.799452195756724	0.476754184931854
-1.51127265034804	0.774165159413183
0.941058434553222	0.618654205185387
-0.76533834055596	0.338041545712676
0.158031704426094	0.0479750742787413
-1.49539742747952	0.774802198270065
0.485207088461755	0.323210458992414
-1.81672391556845	0.755139764558434
1.56500232003748	0.799635859648323
0.433479902651479	0.177093447889082
0.531595264123315	0.195527948373046
1.23283273625519	0.838399121941472
-1.00417307537567	0.501409828951219
-0.251542215679752	0.12418114839537
0.783077578991824	0.463466087549288
0.312091601516066	0.201232175429715
0.783077183407038	0.47050975289381
0.158413761416738	0.0819629032255147
-0.24485985467002	0.121807838096152
0.348711076307101	0.345326117915049
0.11810314927902	0.0985404685146093
-0.431880111242359	0.482061231956374
-0.201149264790999	0.185280914592943
-0.960774579290605	0.582943306551276
0.71836220451687	0.464942852848285
0.0817629420443816	0.0569976144803809
0.0974342994495748	0.0699934959509556
-0.111876650149726	0.0658023186739501
0.556105248660413	0.319321109387209
-0.104966324124862	0.0424807019377
2.11121372988457	0.963126869077612
-0.0695380151355837	0.0303947370482494
0.399403645412211	0.181793761930485
-1.27930512577485	0.595095920645693
0.530234735136755	0.195115554796289
1.03515111598185	0.401690296345324
-0.768390647702962	0.343134946307021
-0.217602968474122	0.072079936429114
1.26052235296608	0.705119137259856
-0.403431609624576	0.171018778715566
2.73470474371008	1.70460271311389
-0.344718928168882	0.101170101330633
-0.163360049441566	0.0592738806217109
-0.769406318040523	0.340184182998367
0.163094953310193	0.0494223382636678
-0.731525616406812	0.255525096859232
0.157819500886876	0.0479964018015095
0.159025791018054	0.0541987302555945
0.158533514468412	0.083726416387463
0.684234323478599	0.324815069020203
0.15781067159596	0.0757249198739719
-0.0390044929051442	0.0181509703839559
-0.0895845785743107	0.0645041836153922
0.295154342951688	0.236264940910223
0.358552248326169	0.177824252154436
0.611819644983538	0.451477750344379
-0.0646503360327562	0.0472636220225397
0.251180301819252	0.260955356522545
0.326880367937679	0.320402864260936
0.3782304251038	0.434815711285567
0.47124419768963	0.31875709861288
-0.498961758632754	0.262775272642165
1.41677838126856	1.74124393108773
0.176667230340525	0.129576841876812
-0.0695491155698084	0.0574707958587491
0.183323256875666	0.139713713505435
0.682539421881576	0.588023828361498
0.543577705753175	0.311102415966726
0.785418399296165	0.609075820190054
0.953397312790705	0.252738122158945
0.169301214921532	0.0427592743769238
2.1110217653764	0.962555227661631
-0.346167140140093	0.100935083264355
-3.46056115971004	1.25132587477871
-0.624582031923329	0.153403426322781
-0.344991553778112	0.100675971877677
0.145442123430778	0.0497917734657738
0.157056474373317	0.0303984095560313
-0.622314221648084	0.151717296808394
1.57738961560075	0.788984787259289
0.156634201293332	0.0476265114655575
-0.622314221648084	0.151717296808394
2.75863284516271	0.79267969100207
-1.5248710593532	0.544691522076106
0.1588995276689	0.0306480879354901
0.162378104800928	0.0310834456145106
0.951547874681655	0.253003737941398
0.330564670826822	0.295468661137533
0.964734298683286	0.93541825078373
0.1422611120445	0.139307595235919
0.390854152141989	0.314188799190052
-0.0013242355411655	0.00107638747921025
-0.16446970653365	0.153295922303483
0.367232724946565	0.438958880364422
0.147285109306409	0.143681415260349
-0.445580091275867	0.542803823075678
0.208368140324024	0.197199213220306
-0.566818199081274	0.842691474879217
0.493920180122243	0.528628066008669
-0.0533771160134782	0.0395398985072919
0.335952286191828	0.348263488753342
0.179304531266966	0.182515803699895
0.691862310982463	0.877088538487355
0.559103140322253	0.438629258595212
1.03535032731158	0.398385212491039
0.673290374161129	0.21539984522156
-3.07968455989498	0.963635125148535
-0.348742022466301	0.10134765260469
0.163094953310193	0.0494223382636678
0.815370854654364	0.349184254702202
0.820802984359414	0.348949640794829
0.823846946401463	0.351085380684822
2.55836985286307	1.45600842066817
1.06298220191014	0.523991922199034
-0.524252707979673	0.204085170600417
-0.623695063230009	0.152227657420805
-1.5154277743567	0.550652304944458
-1.49435960601645	0.775701166735618
-2.29052670967078	1.18969158688111
1.5714776862189	0.800703716196944
1.5775222303377	0.781206444897075
0.778961007706969	0.463950442865074
0.152654100284554	0.0863470306078983
-0.0441801694755709	0.0283584012241285
0.371821593122191	0.321176657812667
-0.150376770887938	0.0840593873287583
0.958051874492934	0.644841814093688
0.103274533839653	0.0749338067938031
-0.079571077573755	0.0647655028213365
0.129710240529593	0.103639991286055
0.781869555413425	0.464483003970213
1.61218312984862	1.13624062062625
-0.0464922068099668	0.0289212574420754
0.456720344224904	0.326008582978202
0.536374042899674	0.435540845918894
1.12133742022033	0.996597974428637
0.138066999402167	0.0472655259191629
0.166394015894957	0.0421995715384941
1.45351865984672	0.48998410568291
2.762173012355	0.796052683519412
-1.03302388557896	0.421793611703792
0.956487790679547	0.25443416057231
-1.51552740493151	0.546707354167397
-0.339412770165686	0.0990063673017856
-1.02734963908132	0.419609489752489
-2.58483811914593	0.676212802763842
0.157056474373317	0.0303984095560313
-3.07792320695436	0.955710221735997
1.03793223060229	0.402236165852461
-0.62982953293132	0.153685936034785
0.170541995167361	0.0433725109405701
-1.51309151623221	0.544844714826084
1.45606145484126	0.491057209685398
-0.103494137389636	0.0731516316419311
0.386832132976105	0.31039997686332
-0.169865660617714	0.131124014441775
-0.00654294528676022	0.00435517203387546
1.271931460907	2.04183757499921
0.485124262941733	0.516571145471838
0.830700454708299	1.04175088235332
0.989520927898082	0.78915773058645
0.152059452718086	0.029590171141199
2.76088021610819	0.795949787637318
0.957871568697817	0.254705443855955
0.160384885012197	0.0410552053935884
0.160400851667561	0.0483731984970343
0.157631418222578	0.0304971390385879
1.9613717712777	0.470903909509444
1.45840207343894	0.489337286075825
4.17124403981929	2.04004671683172
0.153330488140151	0.0297415921897382
0.162378104800928	0.0310834456145106
0.173098035606419	0.0436660682371104
-0.115799517940285	0.100504109707351
0.411565387753763	0.411908937201723
0.0467859793972149	0.0284823712845919
0.376265374791381	0.169361064953666
0.697009135674565	0.327451741388334
0.373519801210512	0.409308943943074
0.2739687039986	0.218316886244747
3.26962954853743	1.12822867523572
0.950654218295308	0.25253240285929
2.75734920342264	0.799800653832186
0.952024225447137	0.254550165942042
0.156807201934892	0.0301762424591594
0.952024225447137	0.254550165942042
0.1588995276689	0.0306480879354901
0.157631418222578	0.0304971390385879
-0.628447709775194	0.153171179772782
1.96463092715103	0.470372342687103
0.384325282540995	0.484463752879058
0.0461195824115651	0.0431808728001712
-0.0717185543695958	0.0571353381410517
0.567798740803593	0.531935693450226
0.43582937689223	0.430534763183896
0.359376943843461	0.398349270726344
0.65508792700601	1.20535515739845
0.54978588937945	0.455222593485388
0.0536375006343865	0.0306470793097182
-0.483950053936467	0.410391086270201
0.162878077886294	0.0488236589544503
-0.223107034277154	0.0733562917803985
0.488490489529872	0.579351698952153
1.96025897070573	0.471212877436839
2.76088021610819	0.795949787637318
2.762173012355	0.796052683519412
3.26821961846391	1.12055426106264
1.45351865984672	0.48998410568291
0.5349813067731	0.82507198084598
0.508445556281082	0.587357034357607
-0.426361279592827	0.319269926151644
1.12438596782963	1.68513018758656
0.48983838604485	0.57892859184159
-0.299243590875256	0.384297954037723
0.389529305110573	0.561953591516244
0.438824662597488	0.180014698523793
0.243503198779435	0.269720888872985
-0.119486709730165	0.0812293282912171
-1.35908260077036	1.34260567962028
-1.13599688789171	0.349486711323194
-1.33134022082076	0.84014355587348
0.697012955316207	0.854843964191008
0.827861242617857	1.170317970886
2.11479822745174	0.952676881605473
2.75606918885066	0.793508670212093
0.675004256144304	0.217263152446952
0.95558416772101	0.253955285085994
0.333518475188249	0.477983377427106
0.435517912811375	0.505207867319769
-0.250243803939447	0.227959711696132
-0.0485239317855274	0.0416297512023557
-0.097108393752673	0.0857718354379687
0.221378234385707	0.298189897914871
1.03811337586149	2.64294400239981
0.277211986160736	0.233097433841129
0.598569303496878	0.31618078883765
-0.216192406708545	0.199181026658062
0.170690661265176	0.119836351517546
0.0255414398430139	0.0260811933538843
0.386721320230987	0.514909720996877
0.00968517360346398	0.00877368668768158
-0.147743007930685	0.099179153824683
0.426298269275771	0.418502350257958
-0.592969958082689	0.430918861838997
0.161827597706243	0.0770641855281209
-1.5072196779291	0.774709222441929
-0.454856798321611	0.669938163303013
0.292672866621576	0.364545476342733
0.668257563820224	0.216585127844403
0.945392108065693	0.250394577044051
0.536735803605555	0.194401525839549
2.75863284516271	0.79267969100207
0.439104823354277	0.180243926411834
2.35197597254204	1.20438162594857
0.494453926262155	0.437207561070911
-0.205864260533313	0.186758167078914
0.243566866556891	0.269036888273692
0.224439223184494	0.250383487624049
0.00348830243133934	0.00275373954680582
0.261403053675549	0.221542036802476
0.113123775409251	0.090354325809859
0.832363878185319	1.05195391101323
-1.1454858992703	1.78551409077127
0.431541626273956	0.405193658402301
0.0955126340218453	0.0695015471999504
0.514739974882833	0.501956923188303
-0.358034501365814	0.314204772536778
-0.464205969321688	0.384188419354911
-0.00655838890208771	0.00435930264687819
0.015778156591683	0.0112797741378981
-0.297309209498261	0.21389059445422
0.459780374380817	0.429267208511011
0.42764107773329	0.316358716009061
1.05347520273143	0.519970347833052
0.346730602504871	0.172809402144785
-0.0667742762386018	0.0288720219184815
1.25635684689263	0.867912814090482
0.593493609787687	0.310292438346444
0.330426689771987	0.180131525114293
0.359936464366331	0.180825513243172
1.03395964520782	0.397385011005584
0.904974492782861	0.494221180948563
0.0594017984101207	0.0361607007792825
-0.0959256609079829	0.0758814804545771
1.40715513456512	1.71091209755647
0.18906168543007	0.144611617152512
0.157380256090724	0.0753556818497495
0.163311686221074	0.0491766335657994
-0.0950548580450919	0.0547029680694368
0.176886082948767	0.12039917346153
0.163504640049137	0.0933140977726234
-0.09229168378731	0.0561179821224147
0.169282341456436	0.102806179787399
-0.0188677379348867	0.00896830367265063
0.147041195550145	0.0627199672449262
0.148061415986453	0.0711131706147123
-0.522393159083447	0.47962809497113
0.381585615674449	0.320776956389386
-0.193917382714146	0.129286979871194
0.182084895415977	0.134405663632343
0.0113083035130037	0.00531739050819718
-0.769402563968913	0.338856479232492
1.24336647367338	1.17487208465499
0.343479011513272	0.189239350294765
0.908857374465838	0.767000110597649
0.392075625442459	0.177581173883412
-0.724489220764226	0.25507339261849
0.140215739707294	0.0544615577459193
-1.27182665332711	0.583461481868873
-0.613611958707943	0.299348753879797
0.143124970655759	0.0619917154393719
0.753772429848325	0.726097396818492
0.116959535387442	0.0992217959878367
0.288229918955273	0.26564704026538
-0.672710955875239	0.775091840128539
0.10379914208764	0.0857537143861323
-0.126266002347015	0.0895633713368941
0.17668921946749	0.153651539956902
0.174214858263391	0.128155875907776
0.657299504071295	0.69126908696583
-0.293942538746942	0.234565652927398
0.105342515584226	0.0834517059939695
0.744105205294918	0.982258854908488
0.365204846625304	0.326724717023013
-0.00209908871687068	0.00144307145793461
0.120501021291514	0.0984550335393075
0.0412138037127474	0.0303478768361122
0.456632890032375	0.426711950296523
-0.643709348146866	0.621161742423875
-0.190471942094879	0.126236514153221
-1.36157046447734	1.54884693695557
-0.27980003014776	0.270676681313866
-0.284420471645475	0.288074456688614
0.368006288091415	0.317681162951361
0.343528520771735	0.169460059163085
0.393608602810428	0.180020414433707
1.55559602866991	0.773271633369235
3.05186528550134	2.28852178441422
0.788004098748285	0.470170800193476
0.950941123540418	0.641454068751132
0.818093284035194	0.352795702508465
2.27693325980653	1.73225139784815
-0.256828248186444	0.127361465009751
0.817885978478625	0.350163723082963
0.565502484443059	0.445374659454036
-0.615595621702331	0.491136468119754
0.567871742068407	0.643578197387982
0.142724972287862	0.130945788584774
1.00624459066201	1.76701052703286
0.253324641828816	0.261282692300333
-0.306363292132628	0.246982278463624
0.0307530893409901	0.0178343611113341
-0.249512070619002	0.183643445276099
0.021912216434626	0.0117721526595867
-0.630007828894445	0.562520648051122
0.899600530537645	1.0939372799106
0.472282777129733	0.404015969794717
-0.565603729376473	0.51213136449503
-1.45865852566411	1.28228590483153
0.0030800743589436	0.00192118781783248
0.993309245657322	0.800110514733616
-0.961587921428262	0.588053478109293
0.348229092715428	0.318580676679159
-0.197895734889166	0.131307507008674
-0.100917399450161	0.0405936510884419
-0.315869487139324	0.146841283920717
-0.487528343543058	0.256476702305278
1.96025897070573	0.471212877436839
1.02812537071345	0.392269342637904
1.45461172869713	0.491065821848087
0.157056474373317	0.0303984095560313
-3.07880362658843	0.963967696821091
0.956965590292449	0.254225160809089
1.04021638335115	0.398783042992239
0.388012940249955	0.177640021767954
-0.0315816413184686	0.0265416870971825
0.274105923265232	0.226882666163849
0.652067207048085	0.585109494292531
0.554450572515659	0.626533834189927
0.000570998590118431	0.000358247631713466
0.508908170860156	0.424198874511311
0.238151858868755	0.25346723046351
-0.314686570454605	0.27809026785069
-0.0738516225399981	0.0662814656928018
0.458798277426877	0.503585527810747
-0.422064458610188	0.422004094958791
-0.0398596044652287	0.0299467510019763
-0.256680983451384	0.261321212465882
0.084595897125427	0.0608907106157696
0.0601861043001969	0.036672462536593
0.173861696955107	0.141907019484735
0.197171857469348	0.156542503496941
0.573569025310604	0.5642204840863
-0.114130920684988	0.0671076606603882
0.156955562785953	0.0894934609067999
0.534662106388857	0.305534998082446
0.0274159812979672	0.0232694024915624
-0.052670987114116	0.0467071065743479
2.62952600603126	2.54848219337119
-1.49435960601645	0.775701166735618
0.951547874681655	0.253003737941398
0.673290374161129	0.21539984522156
0.95292022183415	0.255029382628136
-0.215091100919037	0.0708081397941703
0.1588995276689	0.0306480879354901
0.961469601946137	0.252693318766749
1.45730188638128	0.488260410534648
1.33241878882042	0.589581430752106
0.950331430928645	0.251806185220337
0.169259844254889	0.226062242924674
0.323514767538298	0.315216065352723
0.545801832985485	0.31077430852975
0.266388962934295	0.269200912664207
0.309752635253114	0.448433959048211
0.168688884706701	0.189332948813731
-0.484870961222335	0.664776109849321
-0.317460243100365	0.300311171248846
-0.661964315009306	0.789342774879258
-0.844542427098109	1.15946212079682
-0.174280626406729	0.219777002986859
-0.119970188056607	0.138530247359224
-0.483142056432701	0.705618061649024
0.182084895415977	0.134405663632343
-1.04216219796068	0.813202318316171
0.103169088795604	0.0798867001331939
0.264522092802585	0.297061240750886
0.187271883420914	0.159583946733122
-0.167270056790118	0.129852862286207
-0.390349288672712	0.30359591224256
0.144872936718297	0.0497967243372098
0.598569303496878	0.31618078883765
0.210671453920612	0.260076475981061
0.426396048595776	0.502235477364239
-0.092646087031874	0.0371954446855587
-1.79522376365631	0.406159618358576
0.1588995276689	0.0306480879354901
0.956965590292449	0.254225160809089
0.165310764697054	0.0422104497686673
1.9613717712777	0.470903909509444
1.04431701257112	0.400178346817432
0.0666256811052636	0.0729528853444231
-0.182529339332746	0.156548712969066
-0.230316650552615	0.148392849321781
0.153539780095445	0.136452391021362
-0.580996272638111	0.886902726796645
-0.138552553496545	0.167696750363318
0.497498604866278	0.599703955273778
-0.0515489431385318	0.0380190111779418
1.21644140998254	1.67225381091858
-0.30350387173702	0.345445659009943
0.0580879471966105	0.0684949916888007
-0.259842478512599	0.34465858241152
0.0922561305479501	0.0837008346472311
0.010382757657263	0.00925316884868185
-0.2705646682033	0.167743939605066
0.216324441219122	0.235668089427373
0.742719700055801	0.717626139068426
0.167321917605976	0.11253615465487
4.18220378980094	2.03321794251109
0.951547874681655	0.253003737941398
-0.623203514518812	0.152886975065438
0.165273197569164	0.0419033482397814
0.1588995276689	0.0306480879354901
0.956487790679547	0.25443416057231
0.395214015848226	0.490315336676427
0.454366085052207	0.602284179298198
0.319253326894725	0.442951977376051
-0.265729207945016	0.287702476657582
0.998232366836445	1.55693833156786
0.290611743559969	0.218133353284628
-0.437310030487039	0.491567224726391
1.03719653458416	2.00036172192886
0.0035809469227312	0.00317761810671339
1.15997845813872	1.60400002100651
1.06409687914386	1.54400658517981
0.534665851745922	0.615000981494033
0.919721795480245	1.69023981934344
-0.105629770105111	0.100413266696289
0.059459329767176	0.0486335329029267
1.25656924113496	2.38835776615086
-0.317767622270772	0.302291258561456
0.427993171066045	0.322711698297841
-0.452839136276623	0.500527922221255
0.291352078935432	0.227160827121126
0.668851348529391	0.684732022317548
0.366668717798231	0.415969267723074
0.526088870322886	0.19195857798614
0.144616061493927	0.0500253520513714
-1.03302388557896	0.421793611703792
0.956487790679547	0.25443416057231
4.38738716334945	2.32449917843206
0.0435031038426231	0.0391805612701316
-0.097820385842533	0.0998162244228728
0.193834485822491	0.142666435706377
0.271020367954376	0.230311560703197
0.0981457419307145	0.0734538093680632
-0.197186607708942	0.206477140145391
0.238126872592504	0.212163744818015
0.677183555630912	0.578768301204022
0.0414221512838205	0.0238800490458614
0.80451514945158	1.0402678589332
0.461716806460017	0.584481501292296
0.58204193926712	0.777460869547009
0.4282091863871	0.518763331869088
-0.325831657394136	0.264404799955399
-0.655431898904683	0.709389774059535
0.704258960815427	0.876034238827532
0.513896938494518	0.537389876940897
-0.139296892124839	0.131136724767411
1.01473548896959	1.27976915331513
0.192900437455229	0.17406125006349
-0.0637542137410762	0.0556856657281067
0.164914015159872	0.0937895331332182
0.084285870294419	0.0587038451855051
1.14050079819648	1.15732462879131
-0.0079146496996461	0.00527539035514891
-0.678470200725157	0.473179696118601
1.24335415130654	1.02533582983918
0.845006982080101	0.760326597230837
0.0498897664946625	0.0451729729052238
0.200921445786837	0.181472623335785
0.010462704392074	0.00490934988919518
0.100071926808275	0.0725429549915923
0.361300690591662	0.341577216202255
-0.535084965969826	0.523834694848037
-0.58878915933611	0.428510727917795
-0.677881153904465	0.473317656698683
1.41149065728276	1.74088053606945
-0.414970650877303	0.384287964234713
-1.04193871087572	1.35743453012841
0.423947726734159	0.313507782813188
0.169762057719138	0.0961012268374115
-0.233193542258215	0.115506183748425
0.743348738440212	0.610511646293276
0.256893614139102	0.214951429518996
-1.14436641846314	1.26418968425273
-0.654419490172605	0.664233866667412
-0.101377886928279	0.0782043630071735
-0.163793530588281	0.112277557467737
1.23518718272598	1.02348284553687
0.952621801440751	0.923715253305129
0.547628296489335	0.617552215019607
0.0817695970702797	0.0571912854582777
0.504079770416456	0.5259777025242
0.493131875566851	0.437620019404855
-0.0518400165406217	0.0328729327011077
0.0677903707706378	0.0434714030402637
2.33933763695439	2.70839003353412
-0.468927356650116	0.434130335252406
0.599704207492334	0.573608045732794
-0.0608021948587106	0.0267041273360175
0.323367725229228	0.207250177338339
0.281366972627244	0.218109664252566
-0.0505975849845694	0.0315971031598783
-0.376389072685235	0.289956577424591
0.390243444536789	0.178044149680407
0.0732037973706635	0.0470787622012758
1.36388269835206	1.23432626953328
-0.405075390900332	0.275651853104502
0.333528566141164	0.182748410798652
-0.0560068014155475	0.035074257178534
0.727594246742436	0.589899177143003
0.125173028098641	0.105383083176289
0.867399978236119	0.629908578566556
1.14445557219824	1.27775713220133
0.856793237878106	1.16260149911379
0.104387233604143	0.0808022169549997
0.122158034990173	0.094835271714785
-0.0178022913890233	0.0165620621858794
0.275282284869494	0.248062320722035
0.683264803449209	0.325356660226696
1.8219271179281	0.726018448121517
-0.143709563171238	0.100762112891339
-0.342927441503367	0.242537945230328
0.0115746142286789	0.00544333760180211
1.45563577961849	0.911936734765645
0.668515656075028	0.214587613419762
0.140977039609674	0.0542642051545193
-0.658836878099089	0.383946594278957
-1.49975801698483	0.77960100677852
0.154700370300556	0.0744619863590451
0.139171972908913	0.0481781540681678
1.45496621180374	0.489974899858239
0.359004248683021	0.181132689877048
2.13969913974045	2.14789592259698
0.750747530247052	0.811426051000491
1.44965519634874	1.61271029692341
0.7009671899888	0.452657656214691
2.35863168948962	1.19376215856666
0.483499201252057	0.325145610927756
0.0842714713484702	0.0562426691051584
0.173617168541965	0.111800314134443
0.174214858263391	0.128155875907776
0.468157085106077	0.438147260813359
-0.346947809937977	0.245485697011667
-0.338623880089458	0.266774226183872
0.0607125332135874	0.0388547306430851
0.666905791660279	0.680610442196161
0.272193166066063	0.300156732944101
0.0344474931201687	0.0199582226360981
-0.230870507498651	0.0758567367259122
-0.787986730731696	0.347548758184076
-0.655303090717078	0.386811819035169
0.0430456093663586	0.0248309092908819
0.863682045573519	0.63080444357285
1.26655242969638	0.704011443710313
0.950654218295308	0.25253240285929
1.44451474443419	0.902514016390457
-0.0264244043935679	0.012517807292465
-0.541952768663425	0.340192972693721
0.153273525243481	0.0810104147412146
-1.79522376365631	0.406159618358576
1.03902671883926	0.401278580186936
0.141841788832547	0.0541082130762022
-0.11635545487533	0.0464769473022142
-1.1478045077594	0.980469584022226
1.2381310532747	0.849580279621745
-0.650807474495462	0.630077248107806
0.89677238189006	0.488638587033815
0.680019433463769	0.31712043593194
1.57738961560075	0.788984787259289
0.600085275702077	0.447338897915389
0.268011484999186	0.241375300790499
0.32546480614593	0.325814155587919
0.124047873927461	0.09913923350652
0.612098702299809	0.566640644085987
0.353069562273708	0.178110727589746
-0.254654001109278	0.12692343644755
-0.801262463196196	0.612135373493344
-0.0361523300491438	0.0232002190600292
-0.613998601210282	0.298525444371577
1.82480935034987	0.726106092264881
0.154961252870973	0.0464507395292606
-0.615444956520775	0.290708438557924
-1.26987725131746	0.575790584617401
-0.0374815745435634	0.0175884481417263
1.87782302846482	2.01930156476122
-0.623695063230009	0.152227657420805
-0.98126007376761	0.493856900338242
0.64322055230595	0.448618854787015
0.313215871249817	0.184941053519947
1.45272150701123	0.922305146735278
0.15781067159596	0.0757249198739719
0.174877251266328	0.118597791490228
1.45351865984672	0.48998410568291
0.159223667422758	0.114643030360966
0.778350025296623	0.603369247045425
-0.0258479605091546	0.0199887647510147
-0.143566661374314	0.0803853980777484
0.157446713573225	0.0474765777179273
1.13358973648062	1.15003630609875
0.185390021600541	0.150805962836196
0.130211600771894	0.11517381784264
0.152560029604364	0.0918096658146448
0.747757839616198	0.72204481995582
-0.579981134321695	0.41523357008333
0.275358384889494	0.242520875482953
0.340152293979784	0.319103338460783
0.783849949490485	0.729927506852385
0.304229957365583	0.194383903892367
1.82203776744581	0.722164176722424
-0.799263758041185	0.436505982181763
-0.399373195165332	0.169278266288605
0.167234769967567	0.0956115892914153
-0.81258510834023	0.523818819082341
-0.62578517099276	0.152177768086576
-3.07880362658843	0.963967696821091
1.03228256529356	0.39631348486546
0.897689689355742	0.491637407482036
0.323673490867962	0.17533965877058
0.82349104975392	0.355749507161144
1.45606145484126	0.491057209685398
0.163094953310193	0.0494223382636678
0.527457825354358	0.190929092424301
-0.226067534394568	0.0743178756022403
0.151340784202288	0.0796567105501289
1.96249812228384	1.24389450409916
0.388184733210315	0.176460390937521
0.612972698200745	0.32013189937744
2.11630521628039	0.969154823351082
1.39921337756897	1.07247368952632
0.507710123487086	0.317988625111294
-0.689203819635781	0.538418201273058
-0.581783355816948	0.412184886744611
0.89359241544491	0.489399291828786
-0.247033278265651	0.124069626933752
-0.958891222107647	0.592201865106131
0.14485392193857	0.0693536541804043
-0.957569697374204	1.01002157066361
0.172581589532313	0.109752140662922
0.883170823374488	0.888779640225651
0.532854735277006	0.435758543553086
0.198517864053297	0.216560529728097
0.193581698864883	0.174255519653551
0.260407170367236	0.233132174472329
0.0869307561090467	0.0609527731958601
0.556817108678305	0.540949297009879
0.502169815362413	0.539467158049509
0.197529044233924	0.241590018788851
0.191075125486002	0.145432092303007
-0.436982354216105	0.37090016266147
0.0793308704751799	0.0531111003895897
0.821274559578204	0.920364384850772
-0.0407901714998162	0.0261660291009447
0.175735133513381	0.118493780840242
0.0571104030163555	0.0349136309525603
-0.342350930357569	0.272815921685959
-0.108167508037916	0.0435912033011045
-0.704817657247115	0.616075707832101
-0.149874382423552	0.084011998314047
0.588655053652879	0.562179688474204
-0.341495403163641	0.203419587228249
0.676142844297898	0.682188939389345
0.842365145125849	0.757132748134972
-0.178187485182289	0.139056020144895
0.323836971947241	0.207689769476549
0.0583015613246619	0.045791617703307
-0.153373570867099	0.106508062041798
-0.0257701129436713	0.0192870061350599
-0.677899064758938	0.817449461096809
-0.378548307902955	0.353819350701493
0.701769696478179	0.693016936950388
-1.67955317749081	2.06244147153066
-0.857423381878471	0.909404010207533
0.300637717223804	0.231412556353076
-0.605870820769321	0.733940791222316
-0.258318139374814	0.28230969829545
-0.062799031613714	0.0467425404101943
0.267436579707926	0.212364059550904
0.427324059335144	0.404888375610341
0.315243286648634	0.20162083969917
0.359535042166117	0.309650869205307
0.123747909187751	0.118674327446704
-0.111900102667786	0.106723322265383
0.628996461216815	0.749678442531748
-0.0645762445631198	0.0480832048476536
-0.491284607560965	0.486876359465564
-0.40353155985461	0.39959140061545
-0.162853011016709	0.11068033461097
0.0157856156785587	0.011293628614796
0.922694618695351	1.20792411567537
0.682014873901581	0.767228550295103
-0.138865522729829	0.0957950703525702
-0.223492267738367	0.18652399694177
0.0711106861693162	0.0457424518390563
-0.028621074311556	0.0216202673742625
0.372912070229872	0.332741859492831
-0.0759197416391994	0.0563651022966385
0.596261477024041	0.65015108954854
0.0850675389149698	0.0812829951575855
-0.766568348080053	1.2178723285158
-0.396654821645535	0.441210775481397
0.455292644345353	0.425724142657336
-0.279597234375762	0.230539708403528
0.167325395354641	0.10790011325291
-0.322681787602575	0.307939787437384
-0.690033988383406	1.09629545301045
-0.903030338019146	1.84333367068595
-0.0370917196649833	0.0278902307531655
0.293428959276198	0.210393576463419
-0.116057617565684	0.0684508651309102
0.514344088680041	0.32091994052642
0.20970869987793	0.222916354936899
0.166700919088556	0.190854497908271
-0.602979216180878	0.734709604463413
-0.396959458250191	0.343505721860838
0.804845103047801	1.45493595304845
-0.657349991609179	0.898943041426471
-0.852887274892877	0.95143676571271
-0.201743248076344	0.17174836419483
0.0137701179336411	0.0108436669466111
1.22752859531675	1.80500371574823
-0.0626321975103484	0.0392315693173844
0.79941833291334	0.856630417075731
0.289538893257769	0.239355521369653
0.390113566816536	0.433967018316828
0.36520401572909	0.3259404415947
-0.617972368142411	0.709221642903222
0.359564661491668	0.400769490698074
0.360024038252716	0.486315305931546
0.152100507667915	0.153686343645324
-0.15613837235497	0.156698051818835
-0.389824076158867	0.454324958190386
0.27028469500127	0.223365558969288
-1.29262644922549	1.57599150338503
0.1832525966858	0.14022440071709
0.251721557001866	0.326772473216315
-0.316357375250225	0.528064889864491
0.170483429643535	0.110286753371617
-0.124889069654684	0.0861138236170556
-0.0286959127070005	0.0135732820753739
0.0597079153486805	0.0397739252340707
0.154130719521848	0.0815088424153686
-0.277630435203895	0.170889541900374
-1.83791269761201	1.63608933712934
0.354977525793595	0.178136835905045
-2.65380163707273	1.63972280564686
-0.99160532010116	0.505778587229041
1.4014464644104	1.06505221810993
1.23433254912247	1.45011353178313
-0.271110526914655	0.169103097497895
-0.790400632730135	0.67347168134768
-0.0295430089891497	0.0139764759299747
0.311831345163402	0.200293738751633
0.0828942700684574	0.0577180494444487
0.475286703466645	0.433582719147873
-0.334813524538988	0.197399433320683
0.279556728947535	0.246282096453916
-0.33826759264815	0.335068180678383
-0.587287415670914	0.597612680777288
0.190383334521407	0.14607235865813
0.322165606183678	0.206931707238119
0.889991073172968	0.892734068931049
0.495777143768408	0.438945179058955
-0.487049713142819	0.253546936217939
-1.82491177099641	0.761062662410459
0.33334704308881	0.182785171409417
0.470689359106444	0.314961181428848
-0.772752584084013	0.345638417777207
0.564115448360638	0.44253559346228
0.388908073055068	0.176926342540192
0.162950612691194	0.0987869137747907
0.140413022870425	0.0605798064101556
-0.233182225982004	0.190111999345447
-0.0262082451965872	0.0171990186522139
-1.60536561609428	1.22996214333051
0.768503854062323	0.441804210356495
-1.13444969701397	1.45135995380532
-0.195604656629045	0.149023667568511
-0.923663313135179	1.10358198164228
-0.102274521586547	0.0720571282147781
1.31300028532191	1.64410785392806
0.330892684676822	0.316125341400493
1.45751430283764	0.487103907991292
2.35747651210846	1.19093477697461
1.28276910609479	0.714057573532966
-1.79522376365631	0.406159618358576
-0.779201170961778	0.349669330011866
0.166760634916841	0.0427859605507963
0.377200676386696	0.168920159267337
1.45212224649843	0.912221818065738
0.139263887816188	0.0542111153871456
0.163094953310193	0.0494223382636678
0.168806762261206	0.108496806789685
0.652944920291232	0.461083443868994
-0.410134615359017	0.231548350647145
-1.22799248915972	0.904181284349415
-0.797838964739342	0.440364019139368
1.01499707518413	0.929150835797926
-0.132535670004206	0.10528713725046
-0.443173971929934	0.380495972905663
0.0591611716122645	0.0380069251841106
0.680542996417384	0.853052049762412
0.201140746501014	0.193400116674235
1.32388944250129	0.590616310166369
-1.80012731460838	0.40572439661199
0.154961252870973	0.0464507395292606
1.26456480897704	0.712083508379009
0.667998554448181	0.213489165347249
-0.520260957272751	0.201061026298512
1.03515111598185	0.401690296345324
3.26962954853743	1.12822867523572
-0.054053927748592	0.0237463966211068
0.724233403256378	0.591623907176758
-1.2182092408185	1.41457573962674
1.00907424412564	0.921917136791599
0.133628748103844	0.0516517332150908
0.533085475845055	0.193401479167687
-0.162624865096479	0.0588816814769299
0.987357110813219	0.788755241507071
-0.490612073400541	0.481556601569504
-0.0223313254174884	0.0146756134155968
-0.622314221648084	0.151717296808394
1.78024631934968	1.0190746124371
1.03783609384751	0.397011482932924
0.389481165491875	0.177172496146289
1.56870722634889	0.794144549178341
1.0511630089898	0.514804268399279
0.841315438052873	0.745254270264971
1.2395651080651	0.856469098004763
1.23394646261307	1.17290799472393
1.325541173279	0.596317804415036
0.343486976911844	0.167462440893347
-0.188117003260629	0.124675569028232
0.244114060834925	0.230800075201025
-0.523220320160797	0.575097666507903
0.0557362346478802	0.0435589950607292
0.0299861190160953	0.0243283759719652
0.806342779593364	1.03028090144295
-1.79541110556836	0.406108159138969
0.157819500886876	0.0479964018015095
2.90593024474745	1.99550815852424
1.05970865954384	0.520458084530965
0.945392108065693	0.250394577044051
1.45986014199587	0.492707629107706
-1.49231147652868	0.771104896871233
0.663092074896657	0.465062842399752
0.846050943380352	0.873042138888315
-0.184598723027642	0.139354312606852
0.0810259160333877	0.0565410607836134
0.378433346979441	0.318833330276571
-1.51425919312654	0.549483381615373
0.163303903052231	0.0854503796710265
1.06016023151333	0.524462698488931
-0.153133836778932	0.0562143523090425
0.783618357112913	0.466474902662565
-0.393691066773717	0.219213095417964
-0.112710711405382	0.0764487784662043
0.591438532332061	0.640779420201444
0.529019227801362	0.602969019651797
1.96025897070573	0.471212877436839
0.299793724750341	0.223789941045917
0.591165049406307	0.646361001438492
0.764538621629005	0.908840666077969
0.186519733833202	0.142923861082022
0.717568951080161	0.794822863943255
0.184721048283853	0.150168063950137
0.473947540717653	0.443563608474339
0.109731239560737	0.087224985491261
0.113846782353523	0.0909023915124486
0.256688394687286	0.227960985499706
