x	y
0.345912354054588	0.340299807769205
0.505321156652939	0.686828282422005
0.634977618732725	0.893908072954666
0.262629665226499	0.288277838527052
0.32715675538678	0.328159477928123
0.457728621538106	0.512671497200389
0.474932668186947	0.602242561184616
0.197443295365212	0.182833543625449
0.328195289510083	0.409138373446395
0.313868859626433	0.325954987899025
0.251601431480478	0.251488094940746
0.636092192311511	0.821431446847062
-0.11798745577916	0.110888100424008
0.781556295204119	1.43880104789703
0.144005413441753	0.134611682787985
0.0901832179570696	0.0816859907617251
0.389092058377365	0.400351160828624
0.150247671869879	0.136482595181459
0.697546243966653	0.862601331117436
0.486072306884396	0.5283869242871
0.328628363328751	0.331017919815818
1.76736025080387	1.36968541651705
0.498607611921134	0.519272597750262
0.0798657522873589	0.0688643152130698
0.210837352291917	0.23101616183838
0.964170000414599	1.58215663626753
0.0984653470255258	0.0974647088771146
0.193855709504726	0.1968023650087
0.577020150878568	0.803588307590904
0.528518229011551	0.63336138628747
0.134708844833039	0.116017045583602
0.524039254644817	0.709985030685761
0.247798350518029	0.247153587163631
0.101843446768516	0.0757336621568681
0.447250267416396	0.501099827952841
0.126479892217332	0.10849893543918
0.714095242678796	0.714599471000303
-0.46294458493491	0.424247616128547
0.02171158049707	0.0154918330288947
0.125459214771132	0.103554463055112
0.586772438521928	0.560265563048227
0.365876908082196	0.327713809362113
1.72890080042674	3.31849232045492
0.171551018903217	0.140596199310435
0.421214200569636	0.424251834561971
0.631826203642113	0.812771888745253
0.6521640384265	0.678978266043395
0.284614385898174	0.220394807202088
0.279611248097992	0.22095038869577
0.588609358018731	0.632580852538178
1.07224131605419	1.32919918233007
0.666216829045223	0.77243869373651
0.413558466871166	0.423660204454383
0.249917786253948	0.242253353919465
0.371636758512028	0.331434316451529
0.450849623714392	0.435109041329476
0.321667400887773	0.313772606978386
0.0891756497672978	0.066244124328726
-0.0491706491419414	0.0446409503989489
0.354744998130779	0.332225786259547
0.427576125491978	0.497043449656047
0.343486355204075	0.320063136285553
0.507127721927267	0.318488888352111
0.150987968499307	0.0459422956002911
0.543143907950425	0.312625900632672
0.126101976585804	0.108667460191597
0.703504000886217	0.990059110548619
1.38121005741928	1.79273852364707
0.629973395029433	0.755460845046685
0.268490574165927	0.287702521890468
-0.413462849089729	0.440853988707022
0.609559470730817	0.850465608696578
0.388007028786859	0.399574257568876
0.188828188639965	0.160340703915237
0.668851365923341	0.916829863427245
0.204997731753925	0.19288917866044
0.747016578228847	0.800663246332377
-0.0671291258935346	0.0497949326232421
-1.82491177099641	0.761062662410459
2.36133530682181	1.20534005010315
0.850399399539209	0.613908639673514
0.137856825493047	0.129953354867317
0.306865630979099	0.380780707604306
0.382738938289014	0.517635688822834
0.924862588863021	1.01986303495311
0.748237271827571	1.13336224648084
0.393112134221649	0.482502802573393
-0.399249060572082	0.492404435695172
0.2228247704241	0.23847737301866
0.350136297593597	0.330816216152693
0.311136948227639	0.32250601239751
0.502876661950573	0.594756452329391
0.59922098539408	0.940274494668015
0.130829849426714	0.119429796230087
0.0482831668266206	0.0294122516840322
0.0793726043200946	0.0529687072099186
0.336757796726578	0.186225280409232
-0.252813293164004	0.123957258951853
0.683555054936013	0.324866642542886
0.197361498334028	0.184940461939769
0.140877966125518	0.139299806141075
0.679446445128101	0.988023982453063
0.717552523137306	0.964119070252784
0.610592006666476	0.742178490150615
0.944706411198142	0.628878021840998
0.937599353316239	1.58264426606868
0.67605268551869	0.928736816004107
-1.50179208879651	2.49585804953181
0.199352478789847	0.188115094653375
-0.0145882677767952	0.0124669051693133
0.198717378851611	0.171576787871895
0.0928912991344267	0.0826987841532359
0.192014789103238	0.162829712031394
0.0428229593162769	0.0316734817444458
0.475468270707479	0.49873719702415
1.14036319145858	1.26828139833563
-0.141303561320444	0.0789531436946085
-0.624582031923329	0.153403426322781
0.655306741944789	1.0439487646929
0.37426744671971	0.438263354835119
0.502067027064211	0.72803982015919
0.565905203367931	0.851358239832736
0.260450693672354	0.23919585329168
-0.237861220883235	0.249232384524815
0.292171987950279	0.365192538585251
0.699576835947101	0.695355196860674
0.783223195939803	1.17418376326139
0.594340691245411	0.862403644791993
0.188244909387328	0.190313359153367
0.0694376059385238	0.0576202781414138
0.281713623387429	0.247407906496239
0.780047782363791	0.604004309295936
0.597240389691418	0.315201476963506
0.537860447437688	0.533876422502011
0.836483101077804	1.27755811894552
0.625417432091302	0.812101293480339
0.155382338609632	0.150299539878851
-0.00327244785917654	0.00306996913410559
-0.238434953509516	0.230316738014626
-0.363730039509894	0.434208918670651
0.12025267180997	0.104386221924903
0.0250832952560582	0.0229767388981497
0.682587959034394	0.857820396156032
0.354576421776128	0.333399880175751
0.865576892529383	1.39057367467531
0.119032897682239	0.0946715365385425
0.300906098200145	0.322935279870605
0.274837063869722	0.235362546333736
0.848692719069749	1.04240525761782
0.761699428207723	0.729716274469512
0.5499857303997	0.551829664845768
0.0761857909867988	0.0488295494989046
0.348025289705495	0.170919849958294
0.253665242111211	0.315632127479519
0.384776210553119	0.550015862170137
0.438708072232493	0.584253892138732
-0.368031818115131	0.457660038190476
0.139063601513929	0.132602519130353
0.107600459663521	0.0811392189303595
0.253545250768295	0.278068195588458
0.750009887919894	1.41545163679394
0.580168548275349	0.941970421356682
0.313360024077754	0.400221303688015
0.265009794696432	0.345940084146599
0.437120363990375	0.499517637983509
0.240950663171906	0.236812378789625
0.784105724491355	0.606541226311769
0.559211749453559	0.319365642485279
0.148228629004075	0.0512983752502419
0.788415795239466	0.740102648847119
0.475317402735099	0.433078551725792
0.139143952342552	0.128515509240326
0.461808517192118	0.580425027933015
0.183590484129431	0.17170063901586
-0.743553865164412	1.01280534007007
-0.279179527957869	0.304441530701816
-0.310242540695664	0.372644796518394
0.244593492089312	0.247987219725936
0.199375319494018	0.183608009931825
0.210485779575279	0.20423633623859
0.415236080795349	0.487193151910815
0.13565509663153	0.122529600664201
-0.404069484089996	0.398096297479268
-0.184493965712297	0.169492026126729
0.254393501876284	0.254762815433747
-0.378117640067709	0.399942052773041
0.0941425061643294	0.0658882913830593
0.514350519566636	0.622047045513572
0.601266099329214	0.660345318327496
0.50917474726686	0.43196944352761
-0.561112001628566	0.506572871426037
0.608210899106804	0.644021788710561
0.364747437343122	0.316259161153448
0.983251244983716	1.51889995299978
0.908161932242133	0.49238482098567
2.10698360933492	0.955030303566198
1.11341066177268	0.985038061395136
0.173543261099886	0.118091896063557
0.285532683588459	0.220985013264209
0.159270016382151	0.185717152742725
0.631091176268504	1.23343824918401
0.199243682132309	0.213040917356752
-0.0185735649852804	0.0172176808421734
-0.0801928485419929	0.0782345495072627
-0.271973427436323	0.313780628527585
0.0474506968746077	0.0290126981130042
0.657633126718415	0.842065274858152
0.731549216991051	1.24490579411507
0.463726840229537	0.711924923089421
-0.201572033011012	0.223045528743115
0.143568929238698	0.145344095024321
0.186387263207826	0.190751251847915
-0.22542693592379	0.25864799438285
-0.0514778731507403	0.0478117572577527
0.253892395924675	0.287045851716984
-0.0246954566715891	0.0210312377107514
0.00701574986655997	0.00600065679163844
0.259036709322709	0.238115601996041
0.168338158728395	0.0955662612834267
0.94600956868122	0.637506608044577
0.388813849758466	0.317104757522728
0.590028356862825	0.720112039936451
0.570463721065351	0.449741888419466
1.05118494030336	1.76958514337038
-0.554240769862178	0.736703014361974
0.586358156148865	0.727058606571627
-0.401414370780174	0.424748108280209
-0.0382756796602133	0.0379874833856933
0.438719336533224	0.496239518052735
0.848322568870877	1.30478369211932
0.239282110459792	0.253973470989741
0.325153337530547	0.34100218495126
1.12610667612578	1.85509769580868
-0.89983697985871	1.11284021378538
0.260494454201573	0.25042146626525
-0.505626196992497	0.58793335691401
0.193863730624499	0.171205771603639
0.139260256183855	0.127962367674418
1.01925668292775	1.29353402035164
0.621167620447029	0.983614504498233
0.320305610008306	0.337446448039602
0.11171110722375	0.0924976786558146
0.792380333832963	0.843985138956591
0.549044587740981	0.311111346482639
0.792198013642434	0.472258587176524
-0.431449308109036	0.403843481914135
0.595691556227372	0.650846529467904
0.813107530900732	0.347055159712616
0.367874896033349	0.346970356808271
0.372694470947135	0.395195962144521
0.0181574836329581	0.0136771514036237
0.584665483973531	0.559088625745176
0.541336521682379	0.446510277604534
0.57079752465453	0.449508807078074
0.00580227302158034	0.00271032858447702
-0.724832779293065	0.252803415831091
0.748748497540025	0.891543386742429
0.203216235640647	0.23957407650795
0.198664660200439	0.23013875032861
0.550035680670372	0.841546228823024
0.19976653864829	0.225490023499409
-0.462483738757089	0.594082375406155
0.349475972578567	0.336376351930912
-0.00160848274283102	0.00141003620430503
0.0420500003642973	0.0434387756531237
-0.120620734980954	0.128866833027267
-0.0384655804891097	0.0368034426477318
0.139061394444668	0.140734654617589
0.358696099454207	0.480420663650089
0.434746642428395	0.584719959696151
0.080768744889575	0.0763419640909041
-0.204209402123637	0.22475395683201
-0.184775997539995	0.207910423246358
0.26557530032674	0.350008219810574
0.0622112415862408	0.0584453302860773
0.439178149517754	0.179838225414641
0.726203657393527	0.592519162229533
-0.517701097238158	0.540533869882134
-0.447244985573212	0.442881464248628
-0.238596247964261	0.22748595597721
0.929846062708535	1.38679142739987
0.207105069847895	0.204404166347084
-0.265935030478657	0.318525269835316
0.485430473024864	0.646051878249264
0.442119773538258	0.591477567609843
-0.0668694184636245	0.0597749720915513
0.0649961896842405	0.0596876536396926
0.922344486276424	1.68748718773412
1.22539358615171	2.37194931581467
0.348865623496149	0.328444568498863
-0.0125148304029733	0.0106475056504294
0.343627158650281	0.407159380408936
0.0539867233353372	0.0422070586603457
0.234055008137367	0.272781167635114
0.13089791906135	0.113465713576206
0.141699462566296	0.142775029786761
0.140890182101365	0.134615980378094
0.321532057100614	0.312991204811198
-0.913620502174822	1.14443711264691
0.600653006170364	0.44759771599366
1.05892340645215	0.524213355234419
-0.0360987266453196	0.0169067841484933
0.0839321757779798	0.0602338266249397
0.362061164802455	0.322887846102444
-1.27422440586755	0.586727712642546
-0.234628319206131	0.176886968512952
0.116559605644662	0.0977419427606526
0.368238898768105	0.412978586119843
0.732510303512049	1.17983195575233
0.239121333868957	0.23077839774025
-0.525017617609021	0.55247121834789
0.102227434625487	0.0810839460936819
-0.0669868714345794	0.053848361096726
0.568644497630453	0.642206845245487
0.178651267612294	0.137820672052811
0.961486963059595	1.01168022664193
0.180549508546713	0.122086815853338
0.171650507875697	0.125621237675755
0.362126728827385	0.182481844649448
-0.229722716539759	0.0759270068257283
0.808341035951802	0.901620078511975
0.290564076633676	0.332366707763594
0.19732976817669	0.228654404203882
-0.0621750678776949	0.0607261483237235
0.137199663666439	0.129328513949681
-0.432649902241324	0.453200466216678
0.153039157398553	0.15348104355311
0.513943464381208	0.655568589322882
0.292736225189347	0.33809852190877
0.415330426136748	0.590661899513533
-0.0080385908577491	0.00526240575167372
-0.19819333266373	0.207249367817132
-0.0595589070257031	0.0489764938192515
-0.105836253928539	0.100612076560488
-0.48843269817417	0.57396015570605
0.241748945074394	0.265364792411676
0.0713377759777079	0.0642127272400977
0.706908037968124	1.02456876922362
-0.051738015346528	0.038263026824338
-0.0596281641419768	0.0441712375262321
1.53603368718063	1.30081980987402
0.156449732902742	0.0749166367348732
-0.253654289007413	0.12616506291806
0.2889163647974	0.239913978987244
-0.214692429433024	0.197838990223381
-0.35417207529751	0.280629864723701
0.279556728947535	0.246282096453916
-0.117408924204199	0.0925037321279942
0.194087009720367	0.179133249626251
0.358396220029917	0.406188228095593
0.321259716408452	0.329289093104849
0.812966326083767	1.00903678946812
0.0142294281368527	0.0111973225851138
0.521305332304143	0.686025292645799
0.965326403968936	1.24363378486226
0.531431561796358	0.679603855993323
0.257487503747569	0.241028786492073
-0.224636524016972	0.182439350738169
0.274103743782832	0.245803928560132
0.433386592477335	0.426424804973302
-1.12250071251316	1.97027320495243
0.460398009232121	0.444392020101483
0.143775099333879	0.127970707610343
0.175535858303817	0.128960673065206
0.158356557564229	0.0899288300666494
0.608380050344806	0.320357111735903
1.07872487785125	0.663111100710666
0.185390021600541	0.150805962836196
0.470093994358972	0.439777936623557
-1.02620966872653	0.41818337996543
0.267900180453062	0.241528961297839
0.87159831465797	0.973444804760251
0.371268035250797	0.395717178616851
1.21942469967517	1.55280634555363
0.244049913466052	0.279820321229337
0.184223312008406	0.16758244149267
0.0835972375049113	0.0741353017061826
0.251311073331183	0.261495711841619
0.381210454919577	0.338455360017843
0.118961537423974	0.091884260988617
0.157217304809184	0.10011462980433
0.875613911129026	0.875172461497854
-0.155108190251964	0.056718694500787
0.689321597083409	0.324133920530548
-0.720604456465959	0.251721589615544
0.592557947107484	0.56356964537658
0.138529368343537	0.136478493972379
-0.883107886960067	1.56437666891201
0.518760148165699	0.443390124175256
0.364536216970026	0.489016786015138
0.0295894055007728	0.0300111119209939
0.379765357220494	0.485291113938719
0.300667662431886	0.426632528958948
0.63169835768614	0.989136586694574
0.0225047110035428	0.0208876048981106
0.0435351432514186	0.0440503880118014
-0.0758712827694607	0.078690230806395
-0.157808426763541	0.155163284671292
0.515967694199377	0.691299066435307
-0.697111703310811	1.07145452001353
-0.307676261176437	0.350015369452858
0.413337189879611	0.422849059639352
-0.0468107087186381	0.034531587579181
0.156449732902742	0.0749166367348732
0.480918402926824	0.288203801932514
-0.39057455002815	0.215003578912709
0.166862181226798	0.112182176910059
-0.499798858462101	0.590972967799625
-0.00805473886843119	0.00526310074628495
0.37128850603	0.407933793421289
0.770377759607579	1.14755896000499
0.462193637458654	0.496095314468599
0.341464933178212	0.318730300483841
0.443234466325575	0.42609735998796
0.456171057351341	0.580333112361618
0.00156247578060502	0.00112392900825342
0.938606087398356	1.39663244840665
0.446201208550781	0.514052740801913
0.284916357804082	0.305979651258736
0.316428672776232	0.350213775463924
0.438918428712331	0.179782791488228
-0.060347988669225	0.0265478344077343
0.617355364880772	0.654986752654834
0.778558819333951	0.815320953169857
-1.49273338227176	0.768415895312829
-0.034507455419589	0.0259296357411316
-0.0431547950537931	0.0361977515285868
0.542372061171104	0.63936827587749
-0.48121051090183	0.509384815866387
-0.0190277762364977	0.0145850459050167
0.207680645153167	0.215266462515103
0.0867497521082229	0.0870375968551312
-0.11640364566811	0.082694258100491
0.668340462975392	0.903477000053825
-0.403075917676235	0.44995561564211
0.282261056976389	0.227234795324961
0.171423697383793	0.121231405302469
-0.34861629033975	0.246871608392796
1.95621481367189	1.25554810318072
0.14953299838415	0.0516176458431704
-1.50892094831171	0.544038324980869
0.39236136769996	0.543298072744386
0.419624392645071	0.492057292363878
0.121821384412431	0.128823663174728
-0.472386223849724	0.70197881761042
0.195578504549691	0.184666832009175
0.299125183453733	0.339015736148701
-0.73129108600772	1.31168439231168
0.260083809315394	0.345050090926542
0.61010901661497	0.940232549245044
1.04165084058601	1.82008366626348
0.134063149396289	0.13807583190009
0.336863178373429	0.413203620590221
0.0328651667003296	0.0302254112685871
-0.429002811031563	0.645392505061093
-0.0123629856786314	0.0117077927634838
-0.722460232802193	1.11098868165324
-0.470501687143797	0.544656145648889
-0.0723281169167679	0.0528962861966262
0.2725142359356	0.217444090505464
0.785828329724094	0.467768117127457
0.161034313723202	0.0765385932001541
-0.3976694544997	0.222587509115072
0.0721384778909855	0.0483327702240724
-0.297507297959885	0.266545244702458
-0.10931809792776	0.0776371429051455
-0.321825818973184	0.323903548067434
-0.0190176186361993	0.01601898313772
-0.213225344840976	0.208834549270679
0.332267634102403	0.316437219478883
0.669806416277334	0.921533953999999
0.522531333455907	0.611269551645712
0.680144690155136	0.587005310990775
0.31903526349135	0.309595492087945
-0.52402013054653	0.203694200281952
-0.718341490778574	0.813941449628093
-0.702399957052229	0.92961867918134
0.614422169395005	0.728430454775403
0.100003777519252	0.0726366432666727
1.62802230163713	2.73959751073576
0.287866573781961	0.314346165099005
-0.222409014780893	0.228979523964841
0.591753408431009	0.647461730696731
0.47785046550209	0.505030337818162
-0.348067242783886	0.327154810550013
0.193067909396014	0.173717859498381
0.555042585865444	0.558347254203124
0.324944527175511	0.207320015948245
-0.280691103425429	0.174964348044582
0.157802357622416	0.0884026297149175
0.824098044622391	0.350087547088117
0.79000829794612	0.92707673715018
0.338628959878691	0.421097762131571
0.378487636581853	0.51011296257529
0.353860565821741	0.53314919469008
0.43992251899328	0.675764205941726
0.0363556238076184	0.035192966197665
-0.00749167912793744	0.00706020428487614
-0.0250542462279366	0.0189678046031733
-0.101601782508329	0.0954067830114169
-0.159779915287546	0.194781063520022
-0.0979485134273652	0.101311474629423
0.212260850788338	0.263693266868622
0.432751112314239	0.594693839361708
-0.0681303973106381	0.0790641156591247
0.0875793399520205	0.0867491997732913
0.388876414830344	0.59267306091137
0.158756020353132	0.175922487067003
0.397502075971381	0.505908445819409
-0.270391831031957	0.319271030012933
-0.079878677214551	0.0691673198951117
0.293554809148332	0.325039918581892
-0.202980166462584	0.172682896753008
0.607940700764499	0.452109498330539
-0.33304082341675	0.198464948594397
0.336622117142675	0.185666367450366
0.280771982264043	0.218496889441123
-0.0952824921466174	0.0769505692295451
1.34256330847749	2.13346829129966
-0.155276045071327	0.122560379506857
-0.122217999003924	0.117512210824395
0.640469551220146	0.792492507508881
0.188689972212663	0.194050689734115
0.402938365860042	0.486803171486
0.264080227709778	0.23676674750623
0.15625990713939	0.0473604698624763
0.286619317713418	0.252920260386423
0.34899297394488	0.400232560956256
0.196744329399326	0.161089897696779
0.713015126054854	0.792279306105772
-0.253215596566432	0.275558891921382
0.200456964590654	0.177562681030703
0.0886220735422337	0.0818433999236588
-0.197839922810797	0.193217555471138
-0.23856238949351	0.232625671113251
0.25276504853761	0.257174849901224
-1.09891164917633	1.5481167239553
0.0422682425414977	0.0328941924747332
0.757661016420148	0.729426539586074
0.287410324305849	0.257009615944852
0.315022151974952	0.187745955881564
0.740756861119719	0.715910274549002
0.291866102775936	0.22566839678337
0.437535091572071	0.178344813540967
0.531377600237462	0.687293224173123
0.106855250571192	0.10483407100981
0.153775632616007	0.158823698180229
-0.232612349482122	0.271735030896371
0.235629709624833	0.271666216419781
0.448663614413585	0.638068564448478
0.204265585668772	0.220675559051518
0.289229354469785	0.343585179398415
0.00348719396269263	0.00246599849745646
-0.176944388325071	0.150681759859924
-0.437457030806104	0.595607937896346
0.289350883427472	0.348480025115364
-0.346337606346992	0.432046208291861
-0.0163914158279904	0.0140034083131086
0.271383544171712	0.337655455085217
0.107484487463984	0.104142264411112
0.576379372866137	0.862621759020242
0.581026719906364	0.852315696741727
0.0257113300237033	0.0246667415545637
-0.455860016533534	0.451632577659885
-0.78285759854747	1.00992591840535
0.45247592218757	0.498020751586505
0.441356442060781	0.423084294127472
0.326031672922106	0.193962250697
0.153150475514455	0.0592025371462173
-1.68214284754968	0.961471870314476
-1.03795779120972	0.814555382875543
0.267678386128316	0.220750517883754
0.30978047907307	0.210990439029663
0.425055103781603	0.434164653345027
0.775783333855273	1.09461191009835
0.794511529690096	1.10140811081675
1.76755908128914	1.74838680910101
0.172551434490295	0.123233616786217
0.0247626880772796	0.0176927821632694
0.272176477191587	0.224226149334634
0.2625056932227	0.270226969873528
-0.0864835037159714	0.0829748236942859
0.835445992161812	0.870844922413515
-0.385503139984887	0.362865567604754
0.186301877514598	0.14677980107107
-1.09305852928737	1.02899702360475
-0.31926556481478	0.283768132866237
0.145930404532712	0.06327423851676
0.00182176352227429	0.000774430123382674
1.40763028264968	1.73707937898393
1.12988843823621	0.996591833404512
-0.240985028839186	0.175172128934109
0.339009300934356	0.187953612753441
-0.523171029238127	0.20323286573159
-0.62982953293132	0.153685936034785
0.58696602009005	0.829365333900465
-0.272837817283031	0.296742792445991
0.251607323212246	0.334522189293985
0.187767265037392	0.239626594079207
0.545585624414094	0.990999238539526
-0.132170690967219	0.144665582251301
-0.404704354975533	0.562162472843775
-1.06605251193743	1.88993682192322
0.208290637037173	0.184865522383333
0.379078202137815	0.434487703711782
-0.0318497793573514	0.0295339378543108
-0.492011581599429	0.7846326531811
0.158934864622569	0.187888229280003
0.0684089340246059	0.0639735879241969
0.538389727870061	0.843734273293521
0.551842818743903	0.827836769731188
-0.0874868968567393	0.0893605426100849
0.550756224753933	0.839283532073799
0.193981811060665	0.229897331546863
-0.0307690940120109	0.030686587479656
0.583070368592627	0.784041850796989
-0.561369480676408	0.682738796086969
0.526615717691475	0.428542384002538
0.0578396329029688	0.0353891695739503
-2.12042554331517	1.61377960281746
0.784855420878313	0.46757381282658
0.889047834363195	1.00250695736971
0.260592163504416	0.226699956166188
0.19044224074857	0.155451439174452
0.499429805844488	0.601415709690033
0.550487361936524	0.619778341095401
0.966056349262034	1.24214199693652
0.262628591744824	0.253006165266774
0.343887997749347	0.312704031584129
-0.163469076297174	0.126412531366494
0.183010501007993	0.163243599135017
0.402113313614873	0.495984760823181
0.425047600729616	0.427561603846184
0.603149439690153	0.660379877505682
0.312551183944942	0.316390931134241
-0.171180208346616	0.145891746966797
1.02122565176066	1.29216334601386
-0.395540086419216	0.271739621781406
0.177544661688782	0.13400055830105
0.285792545074312	0.213247880102296
-0.806247880182634	0.751669959643838
0.293391968582079	0.228070124552948
1.2450726397125	0.861156482719709
-0.400062396642448	0.170601933136714
-1.13707413454834	0.346951163921623
-1.51425919312654	0.549483381615373
-1.13600022882357	0.347365132523473
0.171523585098743	0.195975897130437
0.212993464263551	0.25719592447095
0.428160114403681	0.683224036409368
0.261623788710586	0.39018332128782
-0.18884582275658	0.222737380645996
-0.275152650421068	0.398249557787083
0.175268743587849	0.202182441020222
-0.131715155971958	0.143733509368331
-0.0921961362029246	0.0729747625073428
-0.485994792430961	0.703459018205608
-0.134305888528179	0.160111534333085
0.196410044869134	0.271678752582954
0.213009174004258	0.283736425302183
0.263483825577094	0.359367438718198
0.40478791859596	0.578888828647191
0.236680917733719	0.266957427046475
0.485821494608673	0.876353984501255
-0.0941506878091089	0.0980163168873695
0.198150389783701	0.229066935513423
0.322739559815166	0.454989412078812
0.274841533730784	0.341146939719998
0.648245762940792	0.816722835757911
0.39801521594516	0.323091218914099
0.502803239808763	0.313802599736084
0.0916913020631719	0.0834660264082909
0.631489207142578	0.950731845340902
0.504079770416456	0.5259777025242
0.302802297445774	0.324948405942379
0.513984069693565	0.662040859756163
-0.26409626197647	0.331851734927814
-0.154779434370637	0.14309656363204
0.419267727714116	0.42165966792405
-0.188357203509932	0.186900814974624
0.124987172221835	0.101791384334766
0.341350490409289	0.310695721479872
0.280568377660849	0.240994702313871
-0.135870411354314	0.0951640619513336
-0.187164292717009	0.0999589487167156
-0.105725280898456	0.0620365354401414
0.196167928046458	0.160360629394669
-0.99252090798671	0.501156190417775
-0.220404038835599	0.0729168656391525
0.172199411792408	0.206034750645889
-0.135192374075821	0.159478616491268
-0.213129427986167	0.289027688852646
0.126316993576647	0.152337927761142
0.502560160970657	0.786635994282243
0.201331196346266	0.233233058158689
-0.0867917218596056	0.0954502761004067
-0.287248198750402	0.371763717310831
-0.00900502403662614	0.00697005948507875
0.0691491351401589	0.0679837648777936
-0.0517251784270081	0.0575077587384666
0.0812296057748162	0.0984745216511924
-0.436832243822528	0.669281245338226
-0.0908839583487685	0.0978188425829773
0.890145199440789	1.87193266580933
0.396845510150211	0.487154921408616
-0.100640028243755	0.116457454651589
-0.0305718517676302	0.030483504036767
0.266878050739292	0.359431156085848
-0.145191843295929	0.151753021948314
0.519116468163698	0.745055560657835
0.983011137263893	1.05031465495809
-0.0153805168483718	0.0074778433773626
0.504383645978654	0.31476391667097
0.724559840730872	0.808512066031847
0.826365335378283	1.04827897706125
1.02753720142803	1.83870675949796
1.06817291333811	2.22079691362761
0.529805285691195	0.755281514411974
0.252831668163304	0.240487701215493
-0.54981163344767	0.663314465618006
-0.36486841248496	0.382340657497894
-0.0929903041990747	0.0901707813309931
-0.332408425168262	0.3132431837941
0.00290007229439892	0.00213255236088229
-0.0500102500256989	0.0373524022469612
-0.328175468881474	0.292455771927118
-0.731300113459634	0.817375749419119
-0.262257481554996	0.193918120818569
-0.46565178100681	0.431756228788538
0.0914409475889234	0.0641310963368348
-0.679777633311153	0.469587961882153
-0.390566091099172	0.338361065671177
1.07872487785125	0.663111100710666
-0.736974202582871	0.25698901940374
0.412854577894531	0.5497073848467
0.257928452583475	0.338874230069449
0.470548812756305	0.88158145729116
0.632274039448822	1.23538656410578
0.289796881181528	0.432583164863869
0.0193298109499648	0.0192994705887143
0.920453341361803	2.37489184057587
0.276806113625954	0.364448331607112
-0.129765490331632	0.121809801880641
-0.116548638662056	0.121974886873123
0.367404712800702	0.512525605217595
0.30768179151382	0.419713011851191
-0.0257496777805693	0.0259427173291114
0.278630098659225	0.336712141609662
0.531902248029979	0.943537599887607
-0.101184149254187	0.105621353528423
-0.361744664987459	0.531974140884019
-0.204214970561744	0.269976240787689
0.449712484497391	0.69961655230587
0.169578569486734	0.194464362225909
0.542315369351655	0.804445189386509
0.791883857540484	0.932458294258998
-0.498946239439134	0.262878549085022
0.791764653238802	0.845140621253442
0.475215760883211	0.319073140477331
0.0533298539215881	0.0326472865964452
0.468902202300922	0.564275519759635
0.109319443871018	0.0956733310279423
0.572138356636227	0.701203365664117
0.407503250678768	0.505800296636893
0.255627047721517	0.251047691038324
0.564197470115277	0.638046696775579
0.11187656539927	0.0910797992179934
-0.255329715785838	0.295114909257812
-0.590559479296462	0.686049931298821
-0.0590154101597617	0.0581898754210437
0.0444314307857862	0.0388428530071836
0.634162446634239	0.977238614545469
-0.298687955598074	0.303773117915003
-0.598725279382417	0.616488377066248
-0.0428559622015459	0.0275475131604728
-0.665124439276264	0.723903194135985
-0.588446522036317	0.571735625977347
0.530304956667655	0.449495571017284
0.990919789147564	1.06502919499178
0.143145349358533	0.0551578939990611
-0.400023843460132	0.170877274666796
-0.351839820025063	0.101228897149323
-0.619634069394611	0.151716324023864
0.527978270751971	0.860744855724678
0.379135198872571	0.532056087394127
0.42420588788787	0.575283636817383
0.347779444128257	0.343600339930051
0.217717072446385	0.253613631131448
0.16087185968544	0.188354432970313
1.0506441842211	2.1492982755885
-0.255143153543974	0.260002880986334
-0.211342165767529	0.209038685303275
0.904022114814578	1.59991220671867
-0.339912412050001	0.386776427597892
0.659195699215666	0.917847513824448
0.379313745298867	0.473985252154559
-0.0315576902323394	0.0306450028829863
0.69332898456874	0.938978371240766
0.77283438455783	0.704848148277062
0.142470070524425	0.0554450529408985
1.08156674896928	0.669544405023095
0.516259817539309	0.526938675919315
0.9863366937167	1.53165883450445
0.57036855876732	0.695716084061119
0.465126530890115	0.515620056631691
0.491593830476434	0.571664625719893
-0.208628010359681	0.153188205985603
0.548661557867778	0.553098352769466
-0.450518407270345	0.44820391712264
0.236694500093346	0.252321445121109
-0.15901985502924	0.133869656661979
0.00654060975713638	0.00531762316909256
-0.15748208817982	0.135936619672102
-0.134202964246126	0.106898561034221
-0.209715656413522	0.174956727479744
-0.457382992015454	0.35310293817614
0.297890493832855	0.231117275040607
-0.337749124615417	0.314459953658888
-0.141036810073421	0.0983807316051158
0.174215811317342	0.128043616742464
-0.336607064964703	0.238389587231429
-0.146391767834071	0.0538121497783544
-0.0686526760679089	0.0299886418996838
-0.530937280824717	0.206881451169038
0.661636640352537	0.969854089485138
0.469519901921648	0.605056015044178
0.881643592501264	1.60309401659963
0.575040963577789	0.783073094546698
-0.779571135427283	1.31331249152183
0.0559415388455477	0.0466437343204993
0.196058717274799	0.205599926168045
0.387081530480157	0.480138618960266
0.335582424300849	0.42511374054988
0.425636402039386	0.489911912637514
0.90791856023333	1.10654193104465
0.576426436832679	0.642536965970477
0.546464382948727	0.527874414710257
-0.54533434452247	0.634363278813384
-0.0495188187023467	0.0366096027896948
1.12922296621651	1.79874621845743
0.324516728935996	0.332472089806415
0.551614640372585	0.536550392402616
0.685883396572696	0.591486026471486
1.10263290275294	1.36660080419098
0.348042879160671	0.303042359005425
0.42771579290825	0.420223855578552
0.526419203381219	0.53986708308889
0.671587631212551	0.682523952038095
1.09554319405351	1.51676454918426
0.0258693336641063	0.014958952529796
0.0579529677045175	0.0371306350893314
-0.70635456834273	0.614867139431404
-0.787770189687373	0.668678438602541
-0.316105392187493	0.257812967730272
0.487957558739793	0.431852652399573
0.578263310639358	0.53996713492642
-0.0779491965684019	0.0471816745436734
0.469797276149815	0.317665683122446
-0.241045583744622	0.175241693672265
0.508162911289355	0.43455711568221
0.392188918361113	0.330815140304982
-0.43277149274868	0.406220353298796
0.34755504632042	0.327319484541081
0.684244437196885	0.589191486751727
0.152905183605876	0.0917266817381166
0.676651210142687	0.317296123721778
0.902748351991385	0.493637104589603
1.83112253944877	0.720240851310307
1.24903799583027	0.865698124165188
0.955141727811502	0.92617005242363
1.04970118423809	1.09889421176285
0.0230492377362673	0.026084376258972
0.617100533151345	0.810032703724023
0.32849392662423	0.180589822762817
0.331098220816354	0.182006795933318
0.339404743555922	0.201718312099931
0.141631286708964	0.0612066249185649
0.535133413422386	0.302692621341303
1.06144547862176	0.523590586710417
0.356043134511403	0.497592050569647
0.290482235880374	0.207722704276579
0.601011417624936	0.445792925749106
0.313060268314567	0.18566898202178
0.475532499628946	0.319315686462244
-0.234994020067003	0.116283768087669
-0.225731992837705	0.0741966083189531
0.147735428904545	0.0643443069297352
-0.473332353297734	0.313726413486807
0.736933640271881	0.602692681963174
-0.319993652272286	0.147340128203944
-0.552298943052451	0.34899537529032
0.34810216404256	0.174576084791999
1.08876568303404	0.798814200148614
-0.0639979674498003	0.0279513084160638
0.147304623244964	0.0640069055113325
-0.268291275050021	0.164724888914522
0.180656877954593	0.128628137398265
-0.0156441482517809	0.0120061547754909
0.17492080932581	0.118598259843137
-0.171272980692431	0.188512708829211
0.0340027193530976	0.0336984423756508
-0.294467062009077	0.214349188700603
-0.31712808288869	0.319703774323212
0.0102913593844433	0.00659160328128284
1.0558687153578	1.10433499670831
0.281493142312798	0.267448917101324
0.527155194190989	0.768747991994832
0.368381168625185	0.402953759695481
0.79751225433139	0.93126523866045
1.22749342524509	1.3267680188875
0.804611315696312	0.854142271277228
0.459822379617444	0.431112335907909
0.455404883497132	0.656162637356218
0.323372668124243	0.456700685611331
0.605994942822663	0.454397470410293
-0.791405177516021	0.435726237882177
1.23778372586191	1.59948892905668
1.46898722925164	1.42428705385447
0.321384723118723	0.192104427906139
0.153787061115808	0.0740174486183105
-0.0326427569149444	0.015248604631641
-0.401034923550571	0.170830593731264
0.151659744603118	0.0795278903425694
0.051361752187393	0.0313973303659815
0.409051570449902	0.322554415906374
-0.289098962535956	0.179724570629314
0.550346181239473	0.315507740131413
-0.699666198072884	0.552516444934043
0.858461041080418	0.628084059702253
-0.79138813847634	0.433758257457563
0.603594486369244	0.445236349477337
0.535142732165316	0.432997366953097
0.650309476804495	0.579124653332445
0.0144156476011219	0.0116771024255573
0.774011693669713	0.892624599234719
0.0681450871582587	0.0654812358205017
-0.111960032235894	0.105203166423431
-0.0788079719866747	0.0476716662973338
-0.39286691234433	0.217119270771907
0.749470226054597	0.814096918625372
0.581602979892018	0.638733007009445
0.37829180903591	0.327416008154495
0.603790363600138	0.318182057131259
1.08288561076264	0.671487250499981
-0.163216189685401	0.0912867486570323
-0.11378165097829	0.0809520522817249
1.05034329992897	1.10237675639775
-0.149240179341625	0.0830985206219753
-0.680479060082036	0.466197558760506
1.64731572818379	1.52026372548006
0.149853105967217	0.0649478893208599
1.24357538224395	0.861065412488252
0.605057674275026	0.317068587889789
0.894450981062454	0.899369872804105
0.189138451399855	0.143935080983393
-0.153038935845821	0.14368403162446
-0.14375930631256	0.112275577342289
0.411731872157334	0.423406176130054
-0.744088056335835	0.893753290895136
0.551801383933037	0.636285925165554
1.23322831921589	1.3372575106074
-0.478975756397781	0.403865094340926
0.673354972894806	0.683604958861163
-0.233198911840623	0.17692564904447
0.179318126248442	0.127536180186521
-0.646458156879386	0.619139881589556
-0.907539209469508	0.7539335461934
-1.09490726239302	0.739002035136433
-0.190308932203502	0.126243515196912
1.35210572751568	1.21064006476
-0.297582596143448	0.216407678114864
0.688987957957104	0.588102210501609
-0.277502049982915	0.171564793116649
-0.635416322941124	0.629135469528307
0.167198531858268	0.125054688549469
-0.347868848165423	0.278449078267146
0.606337948543631	0.739793193842046
0.784490676335874	0.829139062550427
-0.623784711628577	0.714517130713264
0.929999533030626	1.32422287723161
0.267923832708824	0.281130014692122
-0.0137237173407142	0.0090952369382786
0.98046630242005	1.26617934346723
-0.739624105698595	0.974464086717569
-0.339389578141352	0.26914882581299
1.44358220080711	1.60753464897334
-0.283347358049645	0.232586705460515
0.405801698856889	0.328700967977108
0.093675844016455	0.0714515797538476
0.468170954393964	0.424396487788763
0.854033101762559	1.15308940484276
-0.642864132414142	0.374902340464677
-0.664343202976097	0.391971902068004
-0.619634069394611	0.151716324023864
0.161341774898135	0.0479742762028071
-0.221860227790252	0.0729410950813406
0.477224775366513	0.322765038804785
-0.385288724562021	0.33369827610181
0.254974648798342	0.221324823713004
-0.200982591566083	0.185262109315618
0.189124150955596	0.144555323727216
0.76628215678214	0.83462595043124
1.15916542504323	1.6859499496301
0.320662314069603	0.191053806684822
0.740000926722173	0.716624857101173
-0.340940054911349	0.241216213684375
-0.34875001817118	0.272343083589822
-0.391093216883186	0.36844312489208
-0.225625954532307	0.190224877884777
0.376842226857063	0.437818753604384
0.160370693119615	0.0976513866022462
0.145837129647114	0.050508335078259
1.45203784523897	0.484281434940963
1.0557844034853	0.517355263793968
0.670883773275737	0.21573252817249
0.141493790786818	0.0550477805246781
3.26595066981528	1.12514815365216
0.149069581142614	0.0649019495188531
0.165013582946897	0.0866780714118723
-0.346167140140093	0.100935083264355
-0.339412770165686	0.0990063673017856
0.136355507830631	0.0648806590280959
-1.32302534072313	0.82616805167341
0.364457584306451	0.183699430200832
-0.0635663271079567	0.0276347357928682
1.45973899516783	0.908484506823695
-0.319449936545032	0.148496043223329
1.77212150753567	1.01570537138898
1.62391046542467	1.13465809917674
0.551668547636426	0.314335420218334
-0.797566234259167	0.806819660704363
-0.186181961227204	0.203229380005401
-0.123445697821122	0.108042466628626
-0.187658554338912	0.246701280397715
-0.273988055384106	0.41992027006625
-0.152028765915384	0.151407606371096
0.0343506138690869	0.0293236418345854
0.148025054672686	0.161370038054122
0.403738297568111	0.423914369913626
-1.65109384922422	2.73117921645896
-0.121037723607903	0.121368296799026
-0.370929843044839	0.462050667619267
0.664002110004717	0.845286755209717
0.14485392193857	0.0693536541804043
-1.51009345022257	0.545190528961888
0.34536889392843	0.187601001335104
1.33086270821398	0.600615079200926
0.387647419270421	0.177333401199497
2.12714662616412	0.945530548052212
-0.236505581576243	0.0771938246934028
-0.343268806146835	0.0999183449449793
0.153330488140151	0.0297415921897382
0.527936867110274	0.192508723741719
0.15625990713939	0.0473604698624763
0.441759475740907	0.180320770710895
0.143438162521888	0.0625567083820941
0.26519026326469	0.243531514945023
-0.206472435752572	0.158460416495468
-0.158657593215344	0.179885452540589
0.0315833537898792	0.0372733902648067
0.120839559623529	0.139950396723023
-0.448959564769592	0.708258777312991
0.022872839560096	0.0223096397986013
0.188478361633345	0.193207118893127
0.0894951025569873	0.0810373665105748
0.0652365499113667	0.0656193100879119
0.162942698182568	0.0413114056520163
2.75606918885066	0.793508670212093
0.165273197569164	0.0419033482397814
-0.622314221648084	0.151717296808394
2.75606918885066	0.793508670212093
-2.57393942994101	0.680804613621979
0.157056474373317	0.0303984095560313
0.669700188276656	0.216836591054402
1.46132136209316	0.489990587090443
-1.13384470910725	0.346451671342812
0.95292022183415	0.255029382628136
0.469719878814989	0.312126879267132
1.08156674896928	0.669544405023095
0.429117192595071	0.605494624842472
-0.554310613087257	1.06979325919654
0.0123471480899414	0.0144267604023734
-0.413903401814047	0.680073947097599
-0.333215434531239	0.526013138525211
0.0847133929217839	0.0917010308778664
0.362641868765416	0.537281297520702
0.0752741606804574	0.0850337975714651
0.157056474373317	0.0303984095560313
1.9613717712777	0.470903909509444
-1.02651500719777	0.412458970643197
2.75606918885066	0.793508670212093
-1.13492041310201	0.349384486959602
0.155447957395554	0.0469498859464432
3.26454918998549	1.12582035861405
0.533302756246283	0.192766147344976
-0.622314221648084	0.151717296808394
0.393041040810021	0.179952823576791
0.608787265642398	0.558744884120822
-0.31249067846186	0.144812647504751
0.17273133617271	0.192513179266363
0.37762545409989	0.625106428512717
-1.09119057006605	2.27153807173324
0.131062449854217	0.152281297123825
0.328041700924398	0.512648144212934
0.209238915344149	0.238067919277583
-0.115652335534943	0.127327261196201
0.43618382421255	0.721336911752773
-0.532019147491516	0.206951811605764
-0.628447709775194	0.153171179772782
1.45730188638128	0.488260410534648
0.61520718971008	0.321074486053726
1.3257228169597	0.589995290446957
0.1535714904589	0.0530493054972145
0.15921674927226	0.0483450021306231
1.45461172869713	0.491065821848087
2.1098250236748	0.960200477129045
-0.338511026319061	0.0982184054411285
-1.51396593073936	0.54893460092185
0.163094953310193	0.0494223382636678
-0.603967517718115	0.29295590565063
0.68404593645966	0.587493559478876
-0.256022614841222	0.127318026630465
0.350221512909693	0.330605384772881
0.655437039575823	0.986943981786778
-0.0339343174576298	0.0287195318660379
0.0310945957882984	0.0271283029671456
-0.109147115127807	0.0961548767957158
-0.0229998196401923	0.0193207766271649
0.541004398775037	0.712139833019593
-0.365742539926984	0.335899451371521
0.169601944305102	0.148910202829199
-0.522938609184387	0.203337039703685
0.165674434882817	0.0422257308822068
-0.524670111244902	0.201464510720097
-0.73427160052572	0.252954344900617
-1.02985304618648	0.417366865086498
0.448604801241757	0.182812242792624
1.07169547837659	0.52511211980504
0.150068759594863	0.0513937163969403
0.67114469411031	0.215490092261742
-0.0577089458032838	0.0253315098839725
0.705344034206871	0.702697332135898
0.0889234745483497	0.0623430626946368
-0.183660263164019	0.125192825071529
-0.271216796666547	0.236641249535876
0.13779914322558	0.122442681822367
-0.521613952078103	0.630841967495704
-1.06610671653794	1.31157477484919
-0.247750313643654	0.225978437535497
0.519515514095498	0.532214612165319
-0.297866030789853	0.239262486678387
0.280546551012989	0.230654844693611
0.191421401711789	0.150864943421979
0.165310764697054	0.0422104497686673
0.166760634916841	0.0427859605507963
-0.622314221648084	0.151717296808394
0.1588995276689	0.0306480879354901
-1.51126686389698	0.544349597683157
2.37364967345472	1.07813297825217
-0.88820464662162	0.814228136593335
-0.656630973114912	0.387061011424184
0.0315691886087285	0.0238558179652416
0.334000288436433	0.429019380766267
-0.316764896429383	0.376798171472225
-0.46042315461024	0.612570978666658
0.673413557840525	0.97978189775691
0.834773514644388	1.23120052039255
0.660260838219756	0.91926485611489
0.169301214921532	0.0427592743769238
-1.79522376365631	0.406159618358576
0.166394015894957	0.0421995715384941
-0.624582031923329	0.153403426322781
0.35942146617462	0.180701703550881
-0.0639979674498003	0.0279513084160638
0.148955451972421	0.135574429780295
-0.0561948304744675	0.0531364960263459
-0.576301494781722	0.949637821842203
-0.298244845442197	0.360133138908114
0.362615481247459	0.512916154564833
0.537713966642038	0.926758714932317
0.356346532971956	0.434472806328445
-0.623203514518812	0.152886975065438
-1.80012731460838	0.40572439661199
0.348527077805405	0.17129037604378
-1.15152557367231	0.343692263535859
0.0208234247521477	0.0142126555674051
0.850409888633841	1.60277425034983
0.0924786324583076	0.0994152634725655
-0.0524664163450982	0.0515692835633639
0.378466059669322	0.584502131090118
0.0517088938469632	0.0462101207264159
0.252827240907642	0.326710731222325
0.771270431725423	1.46954913859992
-0.343542423818443	0.10090975164114
0.67114469411031	0.215490092261742
0.523787196468579	0.192297988976743
0.396702206809069	0.324719115689543
-0.804790762301603	0.612767962503729
0.11822675232616	0.0946900842575014
-0.0870573373587811	0.0837456606710343
0.772886557636446	1.58665421902478
0.0392088179799319	0.0389032979972408
0.229510558565186	0.266441030261853
0.811093366888039	1.37966439344027
0.166760634916841	0.0427859605507963
0.166737913090613	0.0422118222449661
0.397735356883817	0.180724047539846
-0.478002880065882	0.403586114077614
0.149944228846506	0.0784243819216425
0.192051932430553	0.151227006274023
0.771259011076127	1.22431889469216
-0.0495066709423954	0.0485350180798667
-0.00955333219109805	0.0088219252345378
-0.0222484243661842	0.0145813554376819
0.586471043884375	0.802049267773563
0.668084647841113	0.214613858911294
0.957871568697817	0.254705443855955
-0.517606566264528	0.199808951479653
0.391377590712201	0.178942731741699
0.0275494175244295	0.0147569972486212
0.601496515295173	0.448082039081048
-0.542631118527162	0.446473964500966
0.402377327576727	0.421878759245251
0.0896244091404561	0.086613567453109
-0.159040393029552	0.190196838575429
-0.239042647609885	0.233373115019929
0.209014028751214	0.197256520500293
0.653143376610614	0.820251670416129
-0.220404038835599	0.0729168656391525
-1.14016935299318	0.348638213237076
-0.625469527156518	0.152450282737538
0.152059452718086	0.029590171141199
0.154912398361221	0.0531785910107974
0.158321872008447	0.03054890339565
-0.06221161262452	0.0271272331484173
0.790564079935744	0.741851748168722
-0.00635710788672842	0.00316342130456942
1.8013263661681	3.05816733944546
-0.0127419724889099	0.0117331524706735
0.43357774676159	0.670942911902368
0.204287938197676	0.247556400829168
0.104928495039656	0.0961092639462415
-0.27870845982324	0.315594474760163
0.556902282279356	0.747172754686998
-3.07880362658843	0.963967696821091
0.171634472420616	0.0433572706368662
0.946765399319523	0.252386055990515
0.157056474373317	0.0303984095560313
-0.630732478411191	0.153857382309032
-1.79522376365631	0.406159618358576
0.1588995276689	0.0306480879354901
-3.07880362658843	0.963967696821091
0.320580581739108	0.205503092728589
0.68731840095904	0.32854249379088
0.652927630137402	0.824280048102395
0.116871731808454	0.128606234111357
0.615500156972644	1.17616778549529
0.379036921142356	0.484926552384547
0.260518258167703	0.272576006642254
0.695818858564967	1.46207842155505
-0.623695063230009	0.152227657420805
0.668257563820224	0.216585127844403
-1.14016935299318	0.348638213237076
0.157631418222578	0.0304971390385879
2.75863284516271	0.79267969100207
1.4531651131754	0.486692367864221
-1.79522376365631	0.406159618358576
-0.687189170412736	0.472125034275591
-0.772752584084013	0.345638417777207
0.532865572100669	0.624598392638753
0.222894303226956	0.262832714193491
0.157607154140132	0.0473340538421367
-1.12965913036419	0.345874034206289
-1.79522376365631	0.406159618358576
-1.139798321011	0.349782272227464
0.167846042512584	0.0427707788849589
0.673553513601153	0.218109822226041
-0.628447709775194	0.153171179772782
-0.491246701529492	0.486438721246445
0.597818423608783	0.886700589064055
0.199151912588651	0.233967994447309
0.359575462660228	0.518670416210953
0.203303212022025	0.218002993347583
0.292948439856041	0.348641761879242
0.155503118460454	0.168635446155864
-0.736974202582871	0.25698901940374
-0.624582031923329	0.153403426322781
0.358603248251174	0.180575440550868
0.673553513601153	0.218109822226041
1.77872627598265	1.02548922257385
-1.0355361730809	0.42023520166911
0.205957438785054	0.203434617704299
0.0492066114660569	0.0454351924110751
0.293928678032029	0.326079656994851
-0.345896359412486	0.100748738523468
-2.07691999930247	0.973664095812084
0.152380753568528	0.046289512415668
0.166760634916841	0.0427859605507963
2.55427890384008	1.4472911738782
-1.5205822622307	0.550689829164133
-0.521340294511308	0.201416056002614
0.328739945171378	0.33858836969095
-0.773774748297677	0.346345835072774
0.1588995276689	0.0306480879354901
-0.238890097621496	0.119082414389523
-1.50774935680936	0.539484760175277
-1.02871170775367	0.417044529530206
-1.13492041310201	0.349384486959602
0.144296528706274	0.0555727308094438
-0.721903010717535	0.251442136891875
0.515614158668967	0.186457333380208
-1.2917167072466	0.591506213044629
0.153312144356789	0.0526631808269275
0.668257563820224	0.216585127844403
0.669700188276656	0.216836591054402
0.273240817353465	0.263353687815339
0.289466505251994	0.233040929753015
0.14277187758772	0.055506936574593
0.811275979020738	0.346756419889836
-1.79522376365631	0.406159618358576
1.5714776862189	0.800703716196944
0.4350233073277	0.177923778576483
0.156051095201577	0.046868937559824
0.148228629004075	0.0512983752502419
1.31855942573268	0.585809961693757
-0.228575803073719	0.0755878378969254
0.889841141579006	0.478217926826996
-0.538551638230023	0.206878628844601
-0.520260957272751	0.201061026298512
-4.00955296185908	1.77903502642103
1.82336730645351	0.727498434871424
0.957871568697817	0.254705443855955
0.147735428904545	0.0643443069297352
0.49735536573577	0.543441915550009
-0.10053401593504	0.081766172205313
-0.407626140176017	0.174101555847361
-1.0355361730809	0.42023520166911
0.157056474373317	0.0303984095560313
-0.788473512659518	0.433453628098223
0.951547874681655	0.253003737941398
0.166737913090613	0.0422118222449661
-0.222901125507273	0.07385839070143
-1.51940297937032	0.550464997835271
0.822157638974394	0.35584875469151
-1.03416549660249	0.42282126768722
0.664228257408103	0.213358767976231
0.155447957395554	0.0469498859464432
-0.055394036515614	0.0242910438054145
0.0857614862509759	0.0800775897316121
-0.620531475305306	0.150785249491411
0.16183898726961	0.0410563761793581
-0.622314221648084	0.151717296808394
0.956965590292449	0.254225160809089
1.45730188638128	0.488260410534648
-0.344718928168882	0.101170101330633
-3.75448747115041	1.51208464914552
-1.79541110556836	0.406108159138969
0.948141792901091	0.250604857806815
1.04592186011823	0.39700837748936
2.03514443792148	1.88616876205354
0.243755426739946	0.287250984391983
-0.178390189132196	0.265383240590066
-0.799855168671006	0.436967447403752
0.1588995276689	0.0306480879354901
0.961469601946137	0.252693318766749
0.161791665747346	0.0309826798878848
3.26454918998549	1.12582035861405
0.668257563820224	0.216585127844403
0.428320973129293	0.173534178549429
1.81528500911609	0.718315014080265
-0.771446747272178	0.344605745740912
0.161721433261919	0.223738871308759
-0.221009789225063	0.324998338386607
0.00395578137531602	0.0036411548915966
0.179318126248442	0.127536180186521
0.254855135181177	0.259096675438322
-0.231812318167212	0.289983628609898
-0.362251659553148	0.518387803001251
-0.181327794339729	0.140948987599846
-0.0269496268599257	0.0127864842179966
0.141595248893409	0.0490443609015525
0.95292022183415	0.255029382628136
1.82459505180038	0.722360648575796
0.15217592618318	0.0460645385354346
-0.529864970515055	0.20318186649954
-0.772752584084013	0.345638417777207
0.526475289805826	0.193047228245027
2.11769700263871	0.971078644340133
-0.158488679171333	0.058060458869062
0.150906013862988	0.0519067661763726
0.0115026663354062	0.0115677075505672
0.266365230114635	0.338158092856717
0.24687487936143	0.261104164806166
0.0298180351150947	0.0280808083943179
-0.173284514663899	0.147078032200824
-0.153658426506708	0.103426327456596
-0.238599684004556	0.27645965530837
-1.16899567431912	1.62557423427524
0.863564628749898	0.62941832683998
-0.406492576180718	0.228827209833299
-1.79541110556836	0.406108159138969
0.326795599819295	0.178158218792654
0.295784167543443	0.198972066451669
-0.190732110094334	0.10206339540155
-1.34779793747009	1.10140619813285
0.171433859415776	0.0893167731628044
-0.983077627122339	0.497551274847704
-0.234495880691413	0.177550202984452
0.530117852836806	0.191753204956166
-0.103436557762932	0.111280132616424
-0.622574547359107	0.817929540316711
-0.01041977798859	0.00895090858314797
0.0579709115384198	0.0521046968709138
0.347304471163298	0.306835679911547
0.0180836395861414	0.0190715200996738
0.0130735832334145	0.00888419701288654
0.184066957104455	0.13083395931331
0.417133937466062	0.326846596490775
-2.57507908676252	0.680490038595289
0.58087825956636	0.45642986243251
-0.151189766281125	0.0849508751867441
-0.146468002842211	0.0813965491198104
0.157866896444332	0.0739297906229104
0.0303745116290445	0.0175313672531971
-0.486288332412539	0.408240757930044
-0.220634977319945	0.184545266574598
0.0278313616178177	0.0287921866148291
0.388080373576539	0.439492196069899
-0.373103285601708	0.457623390856622
-0.532620941181439	0.647014957291318
0.126267599762647	0.108731733314019
-0.792878698706079	0.956802686840474
0.900787127262813	1.08986513155067
0.0709923929284644	0.0574446545573673
-0.151090017153097	0.150463431959819
-0.0125723232964481	0.00832790645762433
-0.230104954695991	0.173681667598045
-1.27525255254338	1.3877205732908
-1.81697249352039	0.755161927952963
1.06038522457617	0.518483860373851
-0.28800210859666	0.207470792570305
-2.2372783089913	1.84516863689187
0.354977525793595	0.178136835905045
0.00438169744720637	0.00273496587388163
-0.230722484264203	0.173194034220493
0.0558724981257317	0.0340752529985267
1.09347765655275	2.34271606781231
-0.422395493923843	0.585050483537634
0.163466877741116	0.16833863727446
0.186544829890729	0.177905986682985
0.0628734146395464	0.0605401089559908
0.10313940194091	0.0777149312848955
0.991765568121691	1.0608167507492
0.387580746085279	0.311684150117882
-0.449620403756148	0.444471812100094
0.376327068945485	0.43747981379274
-0.339261057922043	0.335014664740856
-0.597815686975013	0.826192388233234
0.0210581771969639	0.0152407635057826
-0.157583103535509	0.10696984947263
2.75734920342264	0.799800653832186
-0.705575878551774	0.614535843288121
0.725849162425836	0.590385345210099
-0.2877050924139	0.179664303317886
0.330584170381884	0.181808498864209
0.188391388268913	0.14358204146249
0.0838445104442851	0.0816554024064296
0.0389818022034493	0.0351151539319104
0.00936470439776415	0.00786624386739313
-0.0667550273957934	0.0596476253088696
0.471218854277471	0.318184427641858
0.310771636361993	0.195944277862636
0.732851107806763	0.599746129096347
1.13778780170183	1.27486716830986
-0.438891875425609	0.335198347612779
-0.836723720336183	1.19525359038384
-0.194603096586922	0.164093109800662
-0.385876839909952	0.362045895867554
-0.483900418629557	0.410206869751236
0.300028530667988	0.19044225337273
2.75734920342264	0.799800653832186
-0.548942408257335	0.346735176751807
-0.0299247088066952	0.0139010794752446
-0.261461625833872	0.194670531177254
-0.259068580798097	0.468561396591115
-0.0613562553827756	0.0654533406824492
0.685842174160204	0.77950772300492
0.0394308546772857	0.0392130578545546
0.17233303072688	0.116820069537405
0.871893397226847	0.626615363051725
-0.0369625316008735	0.0173440962159628
0.383163604441088	0.173145665364127
-0.155449628193251	0.056785772204396
-0.0681768336001665	0.0297956725282971
0.611515589640542	0.318926996029415
0.993527058829969	0.80486380049392
0.152380753568528	0.046289512415668
1.34777609853564	1.38875818669456
0.694473379733323	0.597966374756073
-0.00182019418521091	0.00192095964815735
-0.133802111791282	0.208470174000339
-0.785351118182508	1.28330106992401
1.52514062973243	1.27475672418681
-0.163647464433033	0.0595226464737321
1.78695850881753	1.01472945541005
0.159003857627083	0.0480265128738231
0.683956023000004	0.321985225947607
-0.180336203791805	0.360716463723176
-0.0933243435756049	0.134709892447831
-0.336856708272784	0.363014978070207
-0.582664013783327	1.21135982920854
-0.15210152392614	0.131117691704793
-0.226787295135521	0.191099988962615
0.165934806103987	0.101134106386282
-0.00847402565743819	0.00417198619830687
0.573011498996219	0.45180778093332
-0.573942489226571	0.519240603317872
0.302549979461967	0.191412929547311
0.328685865259138	0.196956884898794
0.319963125658106	0.191252188285113
-0.160070449212459	0.109445432914323
0.542702318128504	0.310695417793306
0.449163238375625	0.18325360580033
0.778355592319857	0.718317923547105
0.428219595103936	0.317107328710178
-0.628625792839642	0.685374603321903
-0.0577420858841727	0.0831016423618357
-0.209957348775519	0.404113785921823
-0.426129330964446	0.693079802925398
0.274169871963618	0.24008838557071
0.903682678357708	0.493561197149554
-1.10817861995873	0.750175806479169
1.44895005858988	0.91254510534318
0.0533038293910018	0.0605695665490723
-0.0937411603533341	0.123203027224298
0.00699300731616927	0.00776338681159614
0.0867230893030117	0.106000696309948
-0.438301422341299	0.743841799472536
0.101969899450234	0.101555259201341
-0.0940893465083754	0.0844952461784097
-0.440549890653145	0.512760854549734
-0.0377656718264677	0.0319867830663596
0.435826894586058	0.496504026285398
0.0252376312049117	0.020490159678089
-0.0589381638180185	0.0479870535247301
0.0419291583670366	0.0377434303570984
0.343872834074134	0.444976774424521
-0.516700318624086	0.770576716739128
0.264849832627705	0.272844566676132
0.360391283415188	0.413026198860556
-0.570138657041673	0.74484605068937
0.00600066583707056	0.00414443303300248
0.0923248870389444	0.0691077910437156
0.513892799589502	0.541657305480988
-0.326732643133193	0.390064489453918
-0.0945946985468214	0.0828150323866386
0.042252490584942	0.0310861307391405
0.479089839929687	0.769327983814705
-0.0340082275761459	0.0413855084115851
0.166830286000216	0.192805858725263
-0.404848853990967	0.721884703356414
-0.0917564746237704	0.101608062122072
0.396828605692884	0.675073618666881
0.258836147116475	0.343689859251799
-0.0717092438246513	0.0731776860208613
0.0853047819235588	0.0919551734212373
0.28785981673812	0.346506684295312
-0.427818193071155	0.578266417572853
0.137470147595388	0.155786670199557
0.370871951476925	0.433961479699436
-0.147005368697899	0.157984488395811
-0.296824258699474	0.316124578888895
0.286664280906034	0.343076807600072
0.126129506689703	0.108871878918371
1.22262332340179	1.16521156010328
-0.0970993628068633	0.0784912450186158
-0.0392467931681548	0.033059671538615
0.364302172021161	0.40578192737251
-0.0470085235067864	0.0353571638495486
-0.442395550780828	0.469352670605706
0.453788122222784	0.496083880351093
0.926354559071479	1.21798325879184
0.747013638191596	1.10068067327223
0.933579674763092	1.44341118555088
0.230859181588869	0.278456205172769
0.144616061493927	0.0500253520513714
0.296973368834636	0.317733403335605
0.455978052683169	0.44063381330484
-0.0580453592682242	0.0363398883317295
-0.119947576509288	0.127808616074113
-0.142491476440233	0.16418442509559
-0.0243452215930315	0.0240432109682446
0.480427595861345	0.81417896208116
0.385686207351114	0.584032222588435
0.314689779583285	0.478955521705917
0.365158861007525	0.613549289895431
0.546527591326994	0.905112042881925
-0.721035109425805	1.49861010251831
-0.113450262068792	0.131070847370695
-0.0214729777401096	0.0215575396535639
0.213433625172731	0.213245336506805
-0.129401076099138	0.138141811556669
0.584408717377597	0.918157336553557
0.0959691704142998	0.0928671631889177
0.569751294955061	0.446980859963955
0.159901965054685	0.095066136831679
-0.0283440616594946	0.021518410568892
-0.162292769677347	0.163260195434633
0.37265084179873	0.411130957883299
0.148085009733695	0.142510941903933
-0.743532710790003	1.01342094032188
-0.0737028913983554	0.0611404060895209
-0.25406566781632	0.227250586377893
0.713862143563579	1.22096762442567
-0.214583077356321	0.209016533650611
0.202355547997073	0.211086133184297
0.434785759796864	0.507266970700319
0.176514018136867	0.124031441204673
0.609932678569949	0.563981752983782
0.342487786552456	0.319159473931634
0.523335477338297	0.189073254379959
0.59905368757327	0.313695114210242
2.3601820726288	1.20246578423025
0.530022335096334	0.192519095657112
0.314226187404455	0.347073455232037
-0.677012681336266	0.743144970765921
0.0292794187458066	0.0208751788016821
0.871303412707462	1.91964359681443
0.127756234978991	0.159713464481787
0.271739342484487	0.362462769945596
-0.0542790279400016	0.0642351607859948
0.157522108978291	0.208937308285441
0.361208344275632	0.610186215091705
0.2502515514838	0.387036079896533
0.0806218243443074	0.108893424811136
0.130953666918552	0.168204927817569
-0.323694541504186	0.466381794495555
0.0573591235267789	0.0721722335235263
-0.13674449397902	0.172576675680225
0.0277277022367101	0.0311688332963293
0.253774367342366	0.325267932336446
-0.692708673386634	1.34433268963237
0.265540527269366	0.359450813412009
0.439868219754066	0.664082670694398
0.384081862811954	0.548472491580382
0.544909526541588	0.893835128879088
-0.46356521821563	0.381625266004033
0.307629651448218	0.351599672466841
-0.023423435561547	0.0201616148611087
0.433736870450855	0.177466012567766
0.523072836369354	0.676689035841142
-0.633085798138527	0.922175049704833
0.076223041830531	0.0671669603217563
0.597239269993929	0.789121311840535
-0.168924106004848	0.177456937694971
-0.793998516121525	1.18143596326584
-0.215910472029228	0.255279336661959
0.0906572451636738	0.0817006140992353
0.0906335690357371	0.0910319180394085
0.0000223997285046539	0.000174477265465893
-0.116298768989887	0.102380619456266
1.06937027967994	0.529192518985335
0.312760381393283	0.186033995423559
1.07451975705012	0.521091857383192
1.26809343933014	0.712064847219081
0.379912299733233	0.421297724767344
0.658543686053549	0.890000465191721
0.267900180453062	0.241528961297839
0.183564557041656	0.160667222154983
0.833576238425502	0.959638356382603
0.475801724436003	0.431028140888408
0.563516938118139	0.918255746199826
0.406603007286867	0.711410007852239
0.122689881238375	0.129873877299901
0.0478743024542638	0.0558054388716864
0.0309858681748779	0.0395620925459913
0.0452099792839168	0.0574818789333018
-0.138104716028041	0.184928664615813
-0.0595631326990045	0.0810249368408368
0.558251878593942	1.16789084373957
0.781304475367085	1.93663686525152
0.631783651791172	1.5296257539272
0.200691551362962	0.267316925439227
0.562488808245175	1.10385677968222
0.31741061586652	0.441946158543514
0.20851987046744	0.240628271267991
0.138451025766254	0.175262955156853
-0.502042697274413	0.752009896430457
-0.6900528861545	1.38054818015669
0.720415704247183	1.31547106939495
0.280825191442515	0.336469580406817
0.567094954137717	0.770456650787473
0.170156710304835	0.178177115594644
-0.173931555388807	0.183148149591227
0.0362268947064758	0.0317617645305172
0.422549530671031	0.511807061751054
-0.0354581220556997	0.032169875896957
0.113239318305452	0.122040756574524
0.144830671512095	0.162777040783384
-0.301733513290445	0.328244597633776
0.371092225501213	0.424893180622032
-0.52967748849308	0.705798926931822
0.329839074489397	0.331045199828385
0.448925032984833	0.553440966240889
0.627071760879245	0.748378875993273
0.643328762826498	0.576425575243239
0.552531394614342	0.554346576144231
0.0505791478934916	0.0322313520231843
-0.146667709227714	0.0538386221135798
0.155236989444065	0.046931522021964
-0.347555636251828	0.100540132112443
0.67210466855713	0.216488954078171
0.169448715067567	0.0428107247727095
0.402322830024019	0.422435744248816
0.110897424219526	0.0945326374090879
0.377521313736689	0.462539773595243
0.282463304531677	0.235135856343174
0.911330057744842	0.774929546317723
0.32569378422993	0.433617881154503
0.349005365198451	0.56671128135006
0.0258908887108757	0.0247326672607063
0.0453895870230963	0.0499148260437252
0.24200010972021	0.388496150963176
0.261946382614901	0.38375421108426
0.341453804429323	0.569164301872647
0.433238409377835	0.803802079117301
-0.0914389035941889	0.120002084937006
0.158465860586341	0.198658701873965
-0.00635845966897253	0.00727414450933052
0.0381792590936031	0.039259515666845
0.0701370648586645	0.0774093845064922
0.323421854022392	0.441223847100038
0.229243472957471	0.291218708984739
0.203149816135536	0.274017258127942
0.0111176556496825	0.00965101107566863
-0.0573763810662676	0.0650122183510246
0.124318065437132	0.118414162344908
0.553861513364563	0.678497199815112
0.246463466407064	0.265125659657743
-0.0843634057323624	0.0692869759544104
-0.28957051259066	0.297440499035718
0.196057478175756	0.202878049576804
0.826663394234158	1.37390985869507
-0.163473223894737	0.173012012129464
-0.145525140688754	0.144365327969676
0.0678076379213439	0.0635098324449326
-0.708244183464763	1.01316084691634
-0.796168428931327	1.22438784271694
-0.213861061319057	0.195235530457091
1.63843907675105	2.29596203754176
0.0596160046198225	0.0381237733727968
-2.47389006625378	1.40927163394518
-0.0594678068579698	0.0261805048059701
0.143922503571177	0.0431561423943835
-0.154154862490974	0.0566375929839067
0.156807201934892	0.0301762424591594
0.141595248893409	0.0490443609015525
0.660154272128366	0.210687849785302
0.153330488140151	0.0297415921897382
1.03654154158417	0.402707767551167
0.260774564311246	0.226408727354034
0.712089925574591	0.705852767188012
0.181825748842574	0.142796078417013
0.743106295420905	0.800240146809522
0.181896609386163	0.117348163548005
0.519478648644906	0.533578986287269
-0.42691308080794	0.623854821718336
0.09879953584691	0.118499869077376
0.215364632467031	0.266931532252066
-0.160658982198122	0.203636393950017
-0.315573848148785	0.527492880950488
0.332601806643917	0.561841250209452
0.355884206112275	0.639436141807742
0.434149074943679	0.805760381754471
-0.197128257814309	0.286223078525267
-0.449987314091782	0.776623569466759
-0.0460916736774279	0.0525134454663011
0.0948076328178344	0.11256291463722
-0.31440279164071	0.45137104844832
0.101311041922105	0.115133826891982
0.0703909092374258	0.0746275680544067
0.119150173463791	0.146005935207126
0.4127400483035	0.556913000749655
0.524817754511886	0.192422842039039
-0.273526542089679	0.277472236680875
-0.168908993666319	0.168630950205292
-0.186100819897275	0.158832496253523
0.460424740405099	0.588499194298851
-0.607295991566097	0.79280686468018
-0.0859789303733235	0.0870268845609382
0.058341611912675	0.0634746307693311
0.891446707596767	1.55128909021527
-0.158376525012963	0.137839923123156
1.01894402035522	1.73469129046229
-0.503849911465735	0.523756250297169
-0.209168173541936	0.187303051418118
0.0779381881035834	0.0521114580500663
0.467419751483403	0.425355097970596
0.120859137910448	0.0967612387954884
0.810543710711177	0.916636501846331
-0.0198113062480767	0.013020897142124
1.5819926451643	1.67390651935203
0.139171972908913	0.0481781540681678
1.82480935034987	0.726106092264881
-0.723310015883846	0.254344357266946
-1.79541110556836	0.406108159138969
-0.350454717877603	0.101552906153879
-0.624582031923329	0.153403426322781
-0.622314221648084	0.151717296808394
0.956487790679547	0.25443416057231
2.1122695111898	0.958934470679232
0.156051095201577	0.046868937559824
-0.229505410798325	0.0753532432921718
-0.154757066979793	0.121790227212056
-0.0977169496502262	0.0684949744774558
0.40306914686806	0.410869479381672
0.266607275543014	0.225985948623291
0.0577525583258003	0.0371330652124671
0.484182205863479	0.423266834693476
0.426513376486011	0.584671464692707
0.0886661266596236	0.11024055797839
0.146277095294077	0.172990710738435
-0.0310768559668323	0.0386505199248631
-0.2039223000661	0.305971980476345
-0.230135050533898	0.304687678734089
0.546371299613168	1.07210721245295
0.0670248993047273	0.084495706733476
-0.147681074051675	0.221325554511382
0.170751606405165	0.203270748208528
-0.57672808209246	1.12103770643534
0.309372995708543	0.467276853047037
0.514936801459673	0.994231397085849
0.0481599382503875	0.050579295513022
0.198679928553914	0.243123150912556
0.417525103924945	0.41596460780741
0.378258214545661	0.415588244666203
0.0750040523968708	0.0637055474127146
0.418602134910989	0.511139097153344
-0.781809356972951	1.358777945125
0.139191705822149	0.130494053700578
0.272115616501485	0.238786007942821
0.12355635568024	0.105944998029637
0.707420824671585	0.946746488400878
0.0724421271189249	0.0622652031635457
-0.206025417198117	0.175079260460212
-0.087207004307875	0.0704714986301199
-0.489794320114515	0.414235377934725
-0.153116535160925	0.116667185236884
0.434482956761904	0.424945989902604
-0.619989816466794	0.300936185180043
0.392675529463565	0.179936093229491
-0.228575803073719	0.0755878378969254
0.146779050005219	0.0504995466653377
1.04160966012263	0.401916952457565
0.954295652698446	0.253211023347385
0.519478061083296	0.190484525868409
0.158321872008447	0.03054890339565
-2.57450915234243	0.686119713628322
0.158321872008447	0.03054890339565
1.77746930431897	1.00854219997916
0.815370854654364	0.349184254702202
0.286145301395548	0.21375813976158
-0.151532977287596	0.118814452017287
-0.111418859039976	0.0896198331487019
-0.197407250450219	0.149640079609416
0.136955220052391	0.170409848091805
-0.033658475933586	0.0412222129874668
0.1994195146854	0.271683740455988
0.0467246628157886	0.0584693478270442
-0.57336622252488	1.26224477294783
-0.0744305134594047	0.0961123049155453
-0.272322199233123	0.411660478212519
0.117150307670367	0.166975991382264
-0.415898322994677	0.737421217118435
0.0617638277448828	0.0723518123605026
0.195485638085632	0.283070189500463
0.287961858185003	0.385426133165886
0.245796609783415	0.345739655217468
-0.328566144191089	0.428747438891863
0.203064707088066	0.258775630678125
0.536767245038667	0.888393197718715
0.0689504625415136	0.0660822781922551
0.318984304858992	0.390698792936277
-0.228926618511964	0.219875610625667
-0.392905918418505	0.490630591221664
0.125611073375334	0.1118344447078
-0.180571652719382	0.189334978209464
0.431909772765303	0.501592130262727
0.314737948037583	0.319629389862839
-0.196510797915547	0.180983355542562
-0.535841990885119	0.714193153098799
0.128814156806168	0.106356895081971
0.338776731366896	0.317332105141294
-0.356659966310922	0.33845635816056
-0.353239686857605	0.382221150436408
0.468133882683768	0.424684481353233
-0.413424051253387	0.440871023417489
-0.281441210824859	0.175236570613089
1.10036876787903	0.82641490004059
-0.980818902868591	0.4895794624495
0.786813453896542	0.469182263255177
1.03477532867731	0.398490468718945
1.82217654089451	0.725748167802471
-0.624872195318547	0.152004974277265
-0.724716701361779	0.253084880212333
1.04006234001099	0.396760841234799
0.59482264395639	0.310438206260945
0.143057073570702	0.0686521567001796
0.353704383726494	0.312928105898289
0.4654378367152	0.412850285166795
0.864020148865624	1.07102271554701
-0.224384304952049	0.188672325057881
0.353786435779543	0.313717228549567
-0.069901249119361	0.108967169093642
-0.039493481281634	0.0487441678262988
-0.308073308996547	0.624134794520847
0.0151732935821331	0.0169600850141546
-0.45304816159655	0.756676245179967
-0.573260249338565	0.942778011851437
-0.336603802321315	0.459265481999879
-0.208000866821998	0.252093916116448
-0.00827535970334783	0.00709678964600261
0.045684927100576	0.0411086247775835
0.383825487605373	0.517856704033773
0.415917626162714	0.583719627133771
0.138579073091634	0.121303080363855
0.0825740964873667	0.0745951608159984
0.201668509648365	0.197344009291469
0.398935878214094	0.323021301338691
0.949433186682067	1.1379492488584
-0.399123182853922	0.275260895574169
0.272070592711696	0.239340805094107
-0.176290673639439	0.136988280949871
0.446534404808194	0.485157048494326
0.69200648957811	0.875884760788294
0.614774925287768	0.653779083432674
0.18399285854212	0.156925655583441
-0.445357941417492	0.342000344556034
-0.0832436466388835	0.0507919633588984
0.0580826697904083	0.0355088496342398
0.256210492334335	0.235244646079443
0.0706990049366092	0.0473518238702326
-0.0155515402833876	0.01434986747444
0.0249502789920065	0.0183330572008213
0.508369596830948	0.837201026229601
0.152168841808952	0.163851081253031
0.422954706112734	0.426226897507141
0.456592254865369	0.427423458565786
0.28360441277653	0.210609317595346
0.284240032272252	0.220047571905632
0.173711720555621	0.118034208367597
-0.414520823175716	0.2300987542195
0.118609436830207	0.093829422754215
0.276440294729874	0.219387323027573
0.113322202086295	0.0899918910142656
0.29419410802728	0.355176445295932
0.355602958214922	0.342369848579951
0.337034690647982	0.318847388978116
0.321415817072095	0.205624683369205
-0.105040727130407	0.0610127798754651
-0.150957971368122	0.242019827866684
-0.366324602756418	0.806294918488075
0.122607186060316	0.189891585450154
0.137859055840814	0.219092436088848
-0.54070619588932	1.12887644986654
-0.100149916251191	0.134141132318399
-0.474592325691166	0.983609617054464
-0.238675836445381	0.391102799932251
0.105701193915532	0.139561937487373
0.0616609992110492	0.0774533929967688
0.561636531798639	0.804491743178687
-0.28865383066985	0.255566059694277
0.0216412707620686	0.0197980794576546
-0.324447684200436	0.327905069259312
0.10692438105811	0.108298632287627
-1.00480419139611	1.41459637878265
-0.372188393435216	0.392607904196752
0.433974823381501	0.5049610778191
0.178662155369152	0.155588426880528
-0.835836513579697	1.19471647254633
0.510314822085223	0.608480086899712
-0.253755080874463	0.23088145448074
0.0650973243128471	0.0558186071085242
-0.0277154248156211	0.0233069203106078
0.0277576993626899	0.0230977857608127
-0.250493824404261	0.210130099653585
0.107116208986571	0.0803428912022225
1.11104659918639	0.830701983862566
0.458122817438851	0.300705595598153
0.818093284035194	0.352795702508465
0.389311916002553	0.177787726222692
0.355767224786419	0.180161649565182
-0.182154336997737	0.0952868828807388
0.703730265989342	0.454404713201499
0.144340801616269	0.0629736658109237
-0.111829414007029	0.105219062430691
0.510324117055008	0.664891309507403
0.830415297629056	0.961713378308155
-0.301149632473337	0.289900271483337
0.745394629461267	0.905484716461533
0.32016495801344	0.352414971381766
-0.0594800965685638	0.0741755658104805
0.0360158078495799	0.0427583539793599
-0.175212658061399	0.302789944367621
-0.135575196630906	0.194038393235072
-0.133957056189584	0.213791032760156
-0.147475539035672	0.244900177698833
-0.13365987928505	0.205058480701712
-0.151237118142728	0.2360133497311
-0.154358082476705	0.211782034775012
0.242849577048539	0.433374947575268
0.0892834520339693	0.080707682212839
0.111729790879129	0.119665950198274
-0.344664555656689	0.410302057719688
0.150017337236275	0.152598496496867
0.053742112312637	0.0488846729600487
-0.327236768609684	0.472550324628233
0.320768992431131	0.385218325159483
-0.500350119302625	0.632245710766656
0.888837334723042	1.42104998464146
0.416131805276069	0.509063735170051
-0.242862778090768	0.250770244394577
-0.159352268888394	0.146930220848114
0.00421647773447113	0.00349612271914737
-0.288808031377625	0.290048270903848
0.186056696083058	0.155469730770729
0.0588118228565706	0.0460003894661462
0.629184541256614	0.462016901572409
-0.301875265080496	0.138732712230969
0.672329204234225	0.214414311899322
0.131823265696232	0.0506854632782177
0.525964016980888	0.191864376850222
-0.342049627515181	0.0990466327294158
3.63496088118677	1.451939681774
1.45351865984672	0.48998410568291
0.952024225447137	0.254550165942042
0.143445720753174	0.0557160838352611
0.146779050005219	0.0504995466653377
0.150056620761467	0.0582853017514104
2.76088021610819	0.795949787637318
0.83152323142598	0.958980734011189
0.343508966342948	0.321278198482399
0.390045058329061	0.413490970197728
0.742226153417198	0.984638118608972
0.412132880686934	0.410451123970216
0.126659712074644	0.176004843954873
0.162136546325342	0.278278220350948
0.0662244461070903	0.0805487142906866
0.10456922916157	0.166303946986485
0.194078032526842	0.356873427194875
-0.352003253833958	0.691895248556798
0.0662293456452312	0.100819689487015
0.250676359869802	0.48453113591006
0.175600601600066	0.310249796317007
-0.348897089009507	0.710693297568108
0.25513310270669	0.49144383240948
0.00219477940361777	0.00313435569981836
0.0878787234336022	0.127730869602284
0.223736084602186	0.342435939856885
0.052545122131909	0.0513548446326825
0.172361240259111	0.190024988964484
0.237503212509024	0.273479995194295
-0.354167358539708	0.398465400671676
0.0267687916687947	0.0257516625608207
0.473956781987267	0.706765898308133
0.0600271176653655	0.0600535037472388
-0.712800394770509	1.05149660690745
0.759961891441349	1.23965451956341
0.206201524779097	0.221935828350831
-0.20404761837289	0.201204341693247
-0.0111070073070548	0.00965856343983204
0.197606045946061	0.190568961297839
0.317008275266807	0.323428202238751
0.270261838268954	0.235563292458508
0.652736668724734	0.677597095013811
0.187079017306769	0.132525037121499
0.337027710240365	0.200506079847389
0.917985570999364	0.78381544082072
0.434764425452637	0.175986109170496
-0.250690208747839	0.125108764254837
0.670918012354519	0.214260520333448
0.68550114057254	0.325358865485829
0.170541995167361	0.0433725109405701
-0.350454717877603	0.101552906153879
0.140510148384066	0.048664068301297
0.150836864565629	0.051685466405038
0.526282024246712	0.193593170961761
0.526088870322886	0.19195857798614
0.158243762653532	0.0473325739053408
0.166991219048644	0.0498989788382561
-0.315387325046632	0.256692959655791
-0.221053431206387	0.185226336317718
0.0136861953002195	0.00932186758554041
-0.00674978943427891	0.00581202145843455
-0.00255800140158255	0.00189671838080566
0.341977137282488	0.329766363968568
0.071662283518705	0.0801708967593461
-0.0127842099584978	0.0158534161036519
0.319862957953157	0.459706006149557
0.534390555474817	1.32583827071391
-0.153381473122463	0.240212776991043
-0.0438341628272092	0.0590685621519618
-0.0306638865735026	0.0424451496831361
-0.0860216977947711	0.138074322944806
0.184349667288742	0.318678519111889
-0.307792053001968	0.53685183738362
-0.136464393681306	0.204429285076092
0.453683036407068	1.00275120076234
0.97047559703849	1.60979966356082
0.298214113713725	0.348029861584014
-0.453987633253562	0.57285467903687
0.436280443229425	0.609483182517586
0.596020938026363	0.950878765903471
0.983716502454993	2.30053091176371
-0.161554308660652	0.159195261904313
-0.247064216500066	0.282859343871143
-0.69413472065329	0.912620085495912
-0.152297847627819	0.133007058271927
-0.782820035875582	1.02061609411632
0.621293912488192	0.574176925028997
-0.283101329227716	0.252025682042106
-0.443188970611475	0.468635886086425
0.0914409475889234	0.0641310963368348
1.84730199747701	2.71434255321997
1.78386386492548	1.01429015729183
0.15217592618318	0.0460645385354346
0.523670606978157	0.190861849447837
0.156807201934892	0.0301762424591594
0.173098035606419	0.0436660682371104
0.162378104800928	0.0310834456145106
0.140258032306573	0.0485578964849915
-1.83030178054833	0.753586690030118
1.45461172869713	0.491065821848087
-1.79522376365631	0.406159618358576
0.950331430928645	0.251806185220337
0.531382337610688	0.19416479166435
0.652696054187485	0.458008658698982
0.182007794516194	0.132691458810977
0.0955595066749078	0.0693021084307876
0.18584011948732	0.14201260696143
-0.518334487344409	0.684414378134464
-0.138781442293496	0.120038707600447
0.0688178847061706	0.0577600124386267
0.440561355542897	0.703441758426834
0.352475649011727	0.72685668328823
-0.497631111672978	0.875707802906334
-0.254370663928731	0.454854811842872
0.10396392816623	0.148877484613067
0.196229508252897	0.311276632353382
0.558118121006719	1.39048470382768
0.0219894492090096	0.0289423699098738
0.240345997409448	0.455901538125417
0.159018625313048	0.23617172954394
-0.148770964249995	0.235086543807418
0.0980414579291338	0.133229533025952
0.480045710169548	0.651714989932846
0.663834601209638	0.851667731071623
0.310018320065956	0.333148631247072
-0.118642806599903	0.124095954792311
-0.165734987169006	0.186311331579714
-0.780094414986018	1.29389283831066
-0.384702492633812	0.412641551046528
-0.0728574351716134	0.0656216435352883
0.584084639346436	0.785595410705976
-0.0496098184962051	0.0373779101938456
0.427741557840438	0.418814145296015
0.371172736758547	0.320055047975275
-0.37823908814983	0.324082004006775
-0.0580960537757069	0.0358720785337117
-0.440572445048689	0.339195537930034
0.302284810424753	0.1919052793168
1.45986014199587	0.492707629107706
0.154863985111538	0.046749770246217
0.954295652698446	0.253211023347385
-1.79522376365631	0.406159618358576
0.512482143711381	0.185180395652491
-2.57936018855439	0.682903044011602
0.945392108065693	0.250394577044051
0.167846042512584	0.0427707788849589
-3.45947707291401	1.2418726498034
0.945392108065693	0.250394577044051
0.816700047883506	0.350207754005225
-0.194384859633308	0.103291872189084
-0.159322994091063	0.108933680748759
0.122070384984513	0.128841881673904
-0.387326813098169	0.437471140896694
0.463019307201505	0.434748933238008
0.254666758329589	0.411129184994541
0.560420945425616	1.43311489759808
0.210276852214702	0.323519914970465
0.179114137555985	0.308020249086658
0.506704966956708	1.4190672610122
-0.147757686847704	0.260102370118132
-0.0987774006084202	0.171489781564601
-0.186381915615167	0.357379684364875
-0.141256542868447	0.232207740148325
-0.476098186754521	1.1901743868863
0.240111263718667	0.436341185877744
-0.257642026845438	0.436647043092262
0.250571195433379	0.43930832292092
0.281467141449099	0.463183869607848
0.243978583221276	0.386645960770361
0.461086666082386	0.664947118338169
0.160158235996591	0.199199374464612
0.0674137148133161	0.0751290213685294
-0.268763422982246	0.290045854866388
-0.264576956701659	0.307934492069699
0.31447416948365	0.327544645859711
-0.0013242355411655	0.00107638747921025
-0.155153773646805	0.139928297550794
-0.18848732852363	0.143228466357644
-0.665841251586466	0.716095309407045
-0.00591267582886	0.00394271950943797
0.362758941329992	0.306966234968312
0.0785454021056457	0.0543755301519859
0.140891428288908	0.060904314261619
0.162878998703631	0.0545388404020727
-1.13074478212004	0.3459795805111
-1.13707413454834	0.346951163921623
3.26315080491707	1.11564490325583
-0.312928383079078	0.144573856905323
0.95292022183415	0.255029382628136
0.669440224929851	0.215480111776117
0.167846042512584	0.0427707788849589
-0.619634069394611	0.151716324023864
0.299817218997733	0.203897788342817
-0.0649919825363264	0.062052326521138
0.288845299239429	0.232471572024553
0.135183960620055	0.121273937719239
0.251389637165291	0.357540621156924
0.393387763265729	0.942608456381465
0.333837838584041	0.568702452875834
0.261858441224933	0.460098741180434
0.0123662516408872	0.0182188760827199
-0.113385595450359	0.179692970585044
0.459525118534768	1.11033822169757
0.331278285103207	0.741047129739321
0.320058799114893	0.628162971886875
0.461783309779976	1.03827202015797
0.177515214144696	0.30630819992848
0.142949569285918	0.199143141054568
0.292909629120198	0.366078118997102
0.239515148214924	0.329526896096419
0.468194483437351	0.750497339971997
0.199826296130483	0.266937994081191
0.250782701801218	0.293273327393792
-0.183503361516892	0.195170666736491
-0.0191449433832118	0.017425944844604
-0.360199752953568	0.427876128462638
-0.55670102384037	0.677249059524023
-0.537722295820274	0.525240136986388
-0.395311740868865	0.464600772328216
0.18472837344244	0.1790249237169
0.785387634786686	0.727838458238833
-1.01987878056747	1.12266186210374
0.294051685440006	0.210275222197174
-0.0838478225382659	0.0511564093580644
-0.394054578040223	0.167450294497097
0.69391760199383	0.330522549102325
1.03634162491416	0.3991693364154
-0.720724982768529	0.249295208299825
-1.79522376365631	0.406159618358576
-0.62409333671727	0.15194082521988
0.166760634916841	0.0427859605507963
-1.79522376365631	0.406159618358576
0.674740147390516	0.216998162235432
-0.150649955251822	0.186289125585866
0.440563514538844	0.596973407474519
0.970053369442128	1.76982106542458
-0.0572148456976666	0.0826110395885427
0.434764546890943	1.09432798477355
0.673457036287808	1.73187128137945
0.0826995999106565	0.138179862935397
0.314680323852316	0.794363186856757
0.320702821786496	0.778436460538525
0.124838066888232	0.24453214882614
0.393582129724787	1.0045144960482
0.34031107711543	0.805395524769294
0.109862118404688	0.185668360236948
-0.066114837265979	0.102984602907405
0.345117262989459	0.762069718048164
0.55497814104678	1.17406891583392
0.246461433453364	0.390541726341742
0.140235297106652	0.145227952461021
0.111729359952794	0.131212977762657
-0.230571905378136	0.255353539446341
-0.392762314440498	0.527550473691475
0.237996804767483	0.258273105785913
-0.161120790365873	0.172809979105939
-0.872727169214548	1.38518838767486
0.888042828362507	1.32286144813965
-0.00355500946409117	0.00225468131630551
-0.103782038034976	0.0750943398753574
-0.797164035493977	0.526758312660881
-0.438891875425609	0.335198347612779
-0.0269496268599257	0.0127864842179966
0.393608602810428	0.180020414433707
-0.349006134070706	0.101786523630064
0.157056474373317	0.0303984095560313
0.531595264123315	0.195527948373046
1.32822893225691	0.595292300170666
-1.13384470910725	0.346451671342812
0.950331430928645	0.251806185220337
-0.723310015883846	0.254344357266946
0.673290374161129	0.21539984522156
0.648365854922111	1.35098099698585
0.493495566337177	0.707822214860393
0.355912183295061	0.411940955871944
0.738503323797304	2.30405603186076
0.426515216828387	1.2002288882883
0.541441363169573	1.55276511494145
0.567611216065515	1.81836701481385
0.257466603253844	0.62503315358297
0.0278697162788009	0.0450008190782911
0.0137564428827397	0.0220996349133251
0.202409342839741	0.457090671766266
-0.296662331709397	0.689653021216862
-0.287925417075053	0.63506997106559
-0.101181582153464	0.168065554736068
0.198633715631922	0.380999700797816
0.386335331192403	0.838037173074019
0.116807586543584	0.156586084037751
0.603330109439002	1.51961748917706
0.0943080094840782	0.124105042390516
0.281362563989894	0.368743385300953
-0.0367087974420722	0.0393113669425794
-0.499803351470265	0.746418974243678
-0.295610688528106	0.351006872163903
0.0453488843793405	0.0404917035218431
-0.343991996687093	0.412026085091424
0.0689179605330852	0.0712286496541513
0.184901325893666	0.171906495818344
0.250232704571225	0.245987842621152
-0.222517394686233	0.229702852123655
0.744813575011696	0.717587790218816
-0.878577278333399	0.880807805074079
-0.536466443476465	0.547269533115759
-0.552795073481137	0.345043418333945
-0.316749104816637	0.145736031114176
0.815565983128373	0.343350246532019
-0.157437172908733	0.0568114310757206
0.160384885012197	0.0410552053935884
-0.136890426465554	0.0492737019455701
-0.618737201948444	0.150559036504414
0.666636334072553	0.213033462222844
0.157056474373317	0.0303984095560313
0.236468364174259	0.378472385278103
0.677343053965596	1.43908243802397
0.64025475758666	1.15079329999272
0.790692110197944	2.85991784445943
0.720001014848461	3.27646261123625
0.359173017748879	0.882880038456197
0.393184828129657	1.13036889003576
0.137135832156724	0.293994397194553
0.25533158759597	0.599856319904278
0.383622784618588	1.11937485281277
0.512573221882325	1.79975252146854
0.218690499082816	0.497395038120009
0.301902784348964	0.678002046155559
0.176961367799736	0.346781589494931
0.103381057244815	0.173514035705168
0.300619202105388	0.61650212158433
0.0701037036785469	0.0924370241384097
0.362248072758061	0.74938648044138
-0.0257797976479883	0.0339165543517448
0.583755915905677	0.915019435579184
-0.115970073892428	0.122481012994803
0.27431256957099	0.405595606247512
0.587858734962746	0.965514455942654
0.501100877722994	0.726689807291208
0.201030803511747	0.209236128689616
-0.231299094911291	0.221889359073308
-0.492715750029948	0.602149276316525
-0.0317769489720595	0.0268902213243564
0.0442723033984294	0.0339347946053653
0.235228020602632	0.235168269583256
-0.872234057992966	0.862022472610178
0.0114035217420597	0.00818537571251584
-0.285990969523324	0.177925975889179
-0.306516079511883	0.141991242600391
1.03395964520782	0.397385011005584
-0.528510789511083	0.205441902241372
-0.725057503672806	0.251523130664391
0.512482143711381	0.185180395652491
0.516970665374104	0.188238852279449
0.641599994128683	1.71164612896823
0.639821722558666	1.57277457152993
1.21704517812707	3.62721895188583
0.939104935459432	4.35775223636337
0.658592883740795	3.10219509680732
0.839504485532571	3.41488701759989
0.642738273831436	2.86419303670619
0.519075968658276	2.00517859502564
0.605984936553855	2.63429683741807
0.537194278537968	1.97816238816481
0.110718883787207	0.217709219639739
-0.22581983965885	0.497720512718005
-0.0196113626824469	0.0301402243605245
0.219248226220939	0.454243354066804
0.206279377241746	0.323818482286483
0.0846839365673572	0.113635638377627
1.06934122132278	0.64803236530169
0.769671083854718	1.35202613127049
-0.14008034561346	0.170740391744138
-0.353211862797952	0.495915908875439
-0.127037118864617	0.138340739692323
-0.189699408849156	0.207310835477936
-0.132345571763106	0.130522289961902
-0.499397069730299	0.574870008800976
-0.290748468424964	0.32784957898054
-0.80057632140535	0.918503571790126
0.19855370391095	0.171258260201838
-0.478262602498176	0.401564372381855
0.628072868656948	0.669926608026962
-0.419298725864239	0.432850197410831
0.458716719761787	0.327626900773209
0.157656028229457	0.0474930202178279
1.57340497680744	0.792812846293566
0.67210466855713	0.216488954078171
0.165273197569164	0.0419033482397814
0.998030184990906	4.33171858732029
1.20765673875676	4.61235721474184
0.852347440889035	2.57979469099413
0.623637876543947	3.01576351803164
0.947944761961639	4.23611489322077
0.537145530033756	2.18418000168859
0.378778607212498	1.27814466436242
0.409653613781401	1.34539723736523
0.313904215877259	0.91196867109445
0.53926991815113	1.89530790976824
0.0722251421540207	0.125205638997999
0.0201659007629098	0.0316721637356947
0.179708293431294	0.369574136204583
0.383664676528832	0.930944864007119
0.170541544114907	0.268836137474682
0.0317208470143632	0.04142413482155
1.96025897070573	0.471212877436839
0.905936224240397	0.489054698477174
0.388312232914024	0.549367021982317
0.0395617703265468	0.0408089929270552
-0.306444945143968	0.431825696027223
-0.0631610328104584	0.0675042139078193
0.0829346183426486	0.0849891810602732
1.29701264008741	2.73745724404523
0.138769562701601	0.130106805060728
0.485867121278338	0.575643776033252
0.123892916098958	0.101755175989972
0.423650996514725	0.437177483784463
-0.258466880303755	0.191185372880805
0.175977389258929	0.113382446653156
0.880625070268298	1.1676476400818
0.141745138803914	0.0611792914534758
-0.790433983093676	0.432770530923929
0.157421002754329	0.053361663642369
1.33371124435023	0.59016364592686
0.157056474373317	0.0303984095560313
0.156422543419747	0.0472980918883861
0.152059452718086	0.029590171141199
0.673553513601153	0.218109822226041
0.771283732463485	5.29656043365427
0.625763078753295	3.05675564473739
0.52861875857647	2.83648052726918
0.56814990250372	2.72645136666112
0.175902194561147	0.490257375368432
0.159182818796962	0.389399005972199
0.47942849751598	1.7244177688098
-0.191340883543467	0.44514753868265
-0.187866280281386	0.424553873571213
-0.261904692833753	0.576896538707777
0.0805112178531452	0.128160568909238
0.0175640886723332	0.0247582420057013
0.818093284035194	0.352795702508465
0.792071112903827	1.44084512197534
-0.433483663961836	0.579994989820332
0.0733643027457642	0.0655338544265166
0.453638634631941	0.579204897078281
-0.324271129234218	0.371497243067365
0.0534072488809683	0.0422991694940202
-0.0511563208872439	0.0367885623956946
-0.148208062182264	0.115977646541507
0.00794728149470708	0.00665473889099494
0.268719590547816	0.268971618765169
-0.179546611392188	0.153390638378857
0.808209843816485	1.04674766613588
-0.165328755767422	0.127491588951559
-0.508559661278428	0.381853213537181
2.34158103318734	2.67055680149897
0.14212163586765	0.0678288612968638
-1.13599688789171	0.349486711323194
-0.343816891455429	0.0996962776646578
1.08179789520692	0.667966224329576
0.429942154015187	0.170443392451485
2.35882952995702	1.20012121282607
0.668505208803773	0.775466260443629
0.613282185021145	0.747104019821706
-0.0913860466112639	0.0734450922083396
-0.356918947729193	0.382157717052821
-0.32251338189432	0.306539847807168
0.181474551199692	0.145215052425743
-0.641823960477625	0.779011112652534
-0.97137295180851	1.26080961455908
0.524845586350561	0.42636088385044
0.466872720275029	0.421697805624495
-0.64833677912371	0.614801418284783
1.28676126532332	1.95181401879352
-0.815597045969767	1.53401055453714
-0.293283161021035	0.311292692553923
-0.26390838754636	0.309561787888196
0.00215904769066274	0.00214970872390249
0.265112916321495	0.244975275377746
1.97770659091857	3.44569335581248
0.91470784998913	0.77672733885213
-1.27519855385753	1.34476379531229
0.472616888390123	0.316010269061024
-0.618737201948444	0.150559036504414
-0.0711265458002509	0.0519872724738959
0.397908874870523	0.309210067285383
0.292864766892215	0.218781538464636
0.888483851044036	1.00131810609277
-0.426691736262699	0.364364752090769
0.785123527501205	0.833859358532921
0.434765734153405	0.177993138783725
-1.34626243518298	1.33292358038801
0.516093746630814	0.442815113374309
0.295446037783131	0.211631397351665
-0.341185332721438	0.272358948956519
-0.61034981008363	0.296851575272232
0.566549231746921	0.550659557373674
0.118767703841135	0.0923781868082495
-0.138481823468134	0.119800459096256
0.477894368702166	0.534553971881967
-0.280791178250678	0.34030962846549
0.418870416381895	0.43211487787272
0.435933673428988	0.488062419531905
0.852307215067675	1.04489005182836
-0.289346011932514	0.258244953560376
-0.339700706858995	0.240603916214014
0.0374800210384335	0.0216991567666448
0.495085166740196	0.304422704855788
1.16858032345231	1.54043520989608
0.446952176970011	0.429644702633108
0.489084325611447	0.423182436883132
0.836105466202755	0.973918408993564
0.311770547293094	0.212165944442826
0.699598091195188	0.451298255171299
0.677852025840923	0.573978626926936
0.40264749335195	0.328974561724597
-0.4399618358135	0.337360951683046
-0.144354282954312	0.0809943548819351
1.09866498598535	0.815870299853678
-0.19364022620284	0.102998551038198
-0.240542695052274	0.154999149446131
0.160912797901862	0.0919149698827856
0.572892308346669	0.454747660197276
0.0138662377935956	0.0128300839615533
0.427140520517281	0.318925000224319
-0.115606669611827	0.136917342466423
0.00933078773505162	0.00994990269812938
0.258234790579281	0.257505547551309
0.0192689494560518	0.0155791023680406
-0.257547875811159	0.267504920498293
0.369761565580855	0.329967379151882
0.201189193597419	0.186311476991664
0.538440079585557	0.61581572552946
0.36539826985174	0.399598817956384
0.344426333131986	0.352865865948128
0.0395043974625595	0.022758882119927
-0.0264244043935679	0.012517807292465
0.902633972514676	0.966705629809923
-0.401331849740285	0.223942845942814
0.282813259715072	0.198955263845226
0.608331920738238	0.45297535923792
0.793771508534412	0.616102853109435
-0.0636281148585226	0.0280441453398971
1.09949633721246	0.825019032150198
0.147456220717888	0.0768631822388313
0.303480627393924	0.217999646973717
-0.993890661737997	1.91411978579199
0.282189413744228	0.217349631229132
-0.306722994905494	0.441425935391914
0.43594369323509	0.735224571564502
0.825442107782025	1.21543658557134
0.135147930340764	0.120738505625331
-0.0327950375284594	0.0295660338052216
0.0220752618164373	0.0182078802410026
0.137465338744122	0.117814235560183
0.558794551435714	0.432430509381318
1.31415880034779	2.39081315022783
0.477765054891434	0.52127521643985
0.186271153303929	0.184021107773606
0.692400907382397	0.952483828786349
0.112844136989806	0.0849317049467589
0.326776175049662	0.319800455723867
0.196165633101354	0.172170813474077
-0.135260071316408	0.117242935709855
-0.457885142614641	0.45672117911639
0.122369057978525	0.100608636450656
0.417409938994843	0.329435127297717
-0.039584857476182	0.0297165707401452
-0.655592801829354	0.62817137195747
0.73462558201799	1.21437396287697
0.214329884971374	0.198064290033183
-0.338263530902665	0.365399123454482
0.0492307824834097	0.0399150803352976
0.0610240563782289	0.0373451677766524
0.2919638077286	0.21915518458878
1.41263769184906	1.71348074758553
-0.281228615488656	0.174126590417789
0.532821290375245	0.303732783351987
1.11147520561168	0.970065032485213
3.18193564571773	2.56992253652021
0.335042018387971	0.438324315447154
0.0607568448776493	0.0606490691599862
-0.122170699647434	0.12032661202536
0.52690983459818	0.93431994412185
0.346546462943849	0.443046138794985
-0.243595671943369	0.294417631569943
0.423124766617484	0.498339520908736
0.317133225710083	0.363220045003459
0.313812357233181	0.347558335623135
-0.278009649896525	0.30871596579456
-0.392625885987714	0.468401655084299
0.287990280765986	0.222756236304671
0.59727042890921	0.740117771807822
-0.57645917071492	0.737097740178367
1.01887069409835	1.48317311715543
-0.86266980127789	1.12698080282952
-0.162140434315666	0.125369881128112
0.841966098351125	0.878859841443384
0.309330566576843	0.196410759430819
0.916234181746166	0.788339090001896
4.17409430631319	2.02889301730002
0.685224283557541	0.323531312076611
-0.231087265827975	0.0758575600853595
0.937066548042348	0.612212795893113
1.32822893225691	0.595292300170666
0.20098459070932	0.201065593247515
-0.347448539077994	0.348699913642281
0.156775741859552	0.152032457905821
0.595854873512389	0.642181225043213
0.253097553325972	0.283131548160582
-0.445497457462718	0.520914490314817
0.920063164494152	1.54934436335349
-0.443452787088919	0.554187847840781
0.285340618042734	0.222010121588823
0.186614022806196	0.160367072798972
-0.0436157979287563	0.032223023322331
-0.239243343048785	0.155698077867465
0.00522229247024638	0.00386605255428408
-0.499935254690813	0.494425344929377
0.675471980089672	0.847655065323849
0.0127125502653628	0.0115786084234695
0.368337655211954	0.428177407063302
-0.183572454324305	0.177725644516196
0.9138115178664	1.29744018558888
0.946606114508056	0.912657387254573
0.179928976970904	0.127909580925893
0.39877080920353	0.326743430364635
-0.337939871066789	0.200464779060557
0.142698854026082	0.0792734696709895
0.579970549607329	0.455854104799287
0.954540778219594	0.643870102490561
-0.00953012971983349	0.00880128253057803
-0.436809796896349	0.667270511862813
0.253741180598066	0.285977394148231
-0.0208037825528261	0.0176803156003953
0.197617921195446	0.213061611637087
0.727039485018621	1.39674736606756
0.35763419939291	0.517770419899428
0.0210919058294708	0.0201030809604923
0.360095415513519	0.509201519397977
-0.0483267331395073	0.0411235229007952
-0.224558541167643	0.221481394828133
0.0370544175344774	0.027350170245913
-0.379078855695485	0.355049196849575
0.0763432968348201	0.0649606212650877
0.0955508565889138	0.069275939199779
0.808230169985084	1.17493374748779
-0.161373928211438	0.139562181879308
0.795044749893025	0.748505462230712
0.924904435773361	1.02453631242614
1.03395964520782	0.397385011005584
0.165310764697054	0.0422104497686673
0.946765399319523	0.252386055990515
1.33350574477912	0.592482011199862
0.538657513827569	0.311167304788408
0.00105006586458919	0.000937317447093716
-0.392320298925026	0.574606537083739
0.363214755837508	0.490758435768723
0.0375015461940276	0.0353756781815799
0.232489995084322	0.283030327622635
0.294951289849151	0.39778485157554
0.0850394273123962	0.0941352014147387
0.374486549808611	0.512057348009229
0.526675235408714	0.799872089684775
0.0328557678793117	0.0285120753685359
0.429015003937852	0.535275904810834
-0.103571809427047	0.0916318428227877
-0.0320832337214837	0.0244351404486674
0.0746674918479684	0.0634436582223422
0.134217667982959	0.116315984204102
0.472137120356372	0.512510006495006
-0.970111757093607	1.32669691273837
-0.228386493716989	0.148184844369426
0.535999330990818	0.307480694284257
0.434765734153405	0.177993138783725
-0.228575803073719	0.0755878378969254
0.161486408205213	0.0413117168731846
0.485916052990031	0.807954038793783
0.0754569627057706	0.083848589450505
-0.210135955530211	0.252382521362053
0.697168201147637	1.2727162787867
0.162419735221263	0.184859655906169
0.393993155893787	0.56638809568415
0.0327866131684954	0.037263018320908
0.150057555057032	0.176431134151157
-0.146803271821384	0.161659353759838
0.023307709057017	0.0215192091759476
-0.313659519047574	0.338301576977903
0.362485176791457	0.420726155930115
0.137872498849556	0.124812780895022
0.0813759995244628	0.0671255475842334
0.530177218304059	0.546997266364999
0.715016983970616	0.791477672402965
0.654092757392458	0.680139286989012
0.160646732436571	0.0900794635494892
0.594745936318693	0.307824734754349
0.15921674927226	0.0483450021306231
0.818274347120285	0.349735266221669
0.952024225447137	0.254550165942042
-0.342366844950387	0.0999187527730966
-0.221549116887011	0.0733586886722837
0.455084914759744	0.656039737491667
-0.384094422312517	0.599530836673395
0.421347883612233	0.71475102162484
0.119144976957235	0.124122272645684
0.795270028645388	1.588398627305
-0.00748075314399125	0.00750256987991545
-0.0360284976420888	0.0437802611932433
0.207078470885974	0.28125448783934
-0.159790070287115	0.186118030496578
-0.264497776786331	0.333286528544593
0.0272744515012801	0.0236388508671888
-0.315191892007673	0.357741250563746
0.0342179448738923	0.0291734112820421
0.330987301289395	0.318809139956577
0.450250664031039	0.414314869872195
0.41951127480171	0.327443395131547
0.175034002516097	0.155517997965747
0.154987443767022	0.0818803769819398
0.364924517782198	0.183631125735387
1.08572199616347	0.668906066727932
-0.769406318040523	0.340184182998367
-1.80012731460838	0.40572439661199
-1.13453748317733	0.348386420481102
0.14653019519208	0.0570865605628647
0.514852982151297	0.887305134170346
0.0361880297711083	0.0207218298001418
0.245822866868222	0.330498602054337
0.0831639943506433	0.0943898671876391
0.221438625643141	0.306842350504748
0.367604885652235	0.489358163734853
0.0675242261721676	0.0798694467966477
0.12951424045678	0.161394898914011
0.0762596007615956	0.0897950988643134
0.231941451286491	0.314911197975643
-0.19143160526766	0.258782711860696
0.4433016886445	0.639948419818627
0.0394109839857882	0.0353281170583385
0.315474762404259	0.413641347409928
0.0451968822693705	0.0344294523854439
0.0553936151900019	0.0510091535740078
0.50727449779689	0.531350179234434
-0.547168463325924	0.455823645594919
0.388651288618311	0.458266192663877
-0.680271403485477	0.521936729701363
0.334748226887763	0.180976561315845
0.682284658274595	0.325724958712449
1.7698061567131	1.00137918295265
2.11192876140888	1.48176860409815
0.156807201934892	0.0301762424591594
2.1192864422869	0.960160831872075
1.82748782049169	0.728181584217454
0.234562833644498	0.299537250688228
-0.00818510272096768	0.00400350293366104
0.183019573129745	0.229809006522007
0.487375739016025	0.911945316067514
0.211883854767058	0.269037135183907
-0.00875894430052283	0.00830696746923679
-0.0586261364913225	0.0724558883535122
-0.0967254537245612	0.118039597011738
0.0627396696668505	0.0760636555299096
0.825856943228211	1.77883662072687
0.246672526471733	0.319321503691491
-0.274824365288069	0.386307412367299
-0.494346085362096	0.631358382824194
0.299821581802986	0.375433186325024
0.45438301712007	0.514435761006307
0.510369001955811	0.672351596981772
-0.201518424783704	0.185617711622615
0.530746513254186	0.526521447021999
-0.469009539762996	0.604488327770904
0.567579880124344	0.444741949782533
0.359356520271338	0.180900193422789
-0.339689629328073	0.0991873938654728
1.06098976382229	0.521455442172232
1.03634162491416	0.3991693364154
0.676191819364127	0.216171302955092
-1.14089293159455	0.348055152990233
0.170541995167361	0.0433725109405701
0.534447987144892	0.194750706851383
0.818638464063244	0.347663682594828
1.03338662184848	0.395388611568327
0.324081109463891	0.324734472117685
1.39957438614702	1.85322041192324
0.659421694199004	0.46128162156825
0.108172042451729	0.129753861274168
-0.16162954888302	0.22474067017539
0.661041102785505	1.28904328893934
-0.0102797440885377	0.0103722195466808
0.447862649371721	0.742166392702022
0.34161872001555	0.492998270252375
-0.0136160607603036	0.0157062788745594
-0.0287025061711625	0.0259597507627434
0.117307574212921	0.131247100882825
0.32793149324083	0.433215410198392
0.289342423123999	0.369904726122718
-0.0556114609674417	0.055120400697108
-0.455284098662101	0.504538086497861
-0.44143688364669	0.51302794235736
-0.116388136106432	0.0926457548862689
0.61355187585587	0.648719164356088
0.685204693330962	0.758586129895351
-0.238093399959811	0.118854396479291
3.03923039367186	2.264033878806
0.528873779674063	0.193445629021568
0.152059452718086	0.029590171141199
-1.51425919312654	0.549483381615373
0.95292022183415	0.255029382628136
1.46132136209316	0.489990587090443
-1.13238101744968	0.345367402292769
0.526282024246712	0.193593170961761
0.167125285140998	0.0422176691573725
-0.62982953293132	0.153685936034785
-0.148712408233657	0.0546464053678112
0.339009300934356	0.187953612753441
0.306225669995875	0.313036115301076
0.176273798951457	0.119675332470477
0.267683307065251	0.218768738520724
0.0164997622489925	0.0173907990484941
0.557498035757503	1.32040717113634
0.589519529501179	1.29639548846297
0.697003752967423	1.4801970873767
0.210147030453595	0.301243022501489
0.389162340139498	0.675899122196728
0.663762703391521	1.68799208293269
0.0989563631713718	0.116153830119259
-0.131867260976776	0.174744828279659
0.506357106664548	0.917444077560425
0.199577276981096	0.207304923438542
-0.253911325066674	0.277389830771616
0.357842369961858	0.472926507784633
0.259137434904875	0.281517423104573
-0.475219487426236	0.533811320442379
0.0675491459632186	0.045208975248467
0.654690902772886	0.90810355211542
-1.84233745801942	1.17806482383112
0.597240389691418	0.315201476963506
0.149595457307736	0.0452624594369959
-0.628447709775194	0.153171179772782
0.1588995276689	0.0306480879354901
0.157607154140132	0.0473340538421367
0.669700188276656	0.216836591054402
0.162739952695401	0.0483676895791549
0.154863985111538	0.046749770246217
0.166394015894957	0.0421995715384941
-1.79522376365631	0.406159618358576
-0.615467532168442	0.299126559419087
-0.070971603818499	0.0518937836806624
0.876551690117301	1.25720113422045
0.302560238254718	0.212602553081243
0.553056097563553	1.15949229790836
0.439656213217731	0.762465875906354
0.0951364263755545	0.121686920118066
0.459831568903683	0.798847951954345
0.0757639716900155	0.0938645378995645
-0.408197476218281	0.714088682584269
0.194749326829633	0.309434696025244
0.186393430693225	0.25239220566499
0.265285059556623	0.40471281987019
0.218569103841731	0.300663294310783
-0.27637295203654	0.388564653654016
0.452983063781125	0.597912927544799
0.221102982211249	0.228453356224602
0.533597837756305	0.590744500640276
-0.0684822660768905	0.059107017995926
0.848983649160139	1.035500187179
0.0955627265602044	0.0770087697092731
-1.00505148956098	0.880400997557551
0.324773995364246	0.193976701052157
0.530234735136755	0.195115554796289
-1.51396593073936	0.54893460092185
0.1588995276689	0.0306480879354901
1.04705645547931	0.5083036292191
-0.523171029238127	0.20323286573159
0.142679564838216	0.0491455222440914
0.157446713573225	0.0474765777179273
0.160384885012197	0.0410552053935884
-1.139798321011	0.349782272227464
-0.216459792863705	0.0716410349070388
0.522959671107038	0.446017475984879
0.557412980566785	0.546097959061303
0.242281340977258	0.38690038352546
0.22302913772109	0.324287774804492
0.0164913410158238	0.0183996192037406
0.196696144625737	0.268694789628555
0.184004754931533	0.257960633545161
0.323182499814892	0.550461776786522
0.202735782325003	0.329757488614077
0.321718662776807	0.531911734445093
0.280133947878123	0.403482229878287
0.731323462433157	1.48986349285086
0.614406908511285	1.20280383587918
0.506641932917624	0.763106654117237
0.240953826144133	0.275075320292948
0.48270368212658	0.658235231611933
-0.207812613988224	0.187885161481749
-0.342292128547987	0.321638760327304
0.268633028251351	0.282529726525587
-0.582663738056694	0.416640610437898
-1.79541110556836	0.406108159138969
0.956965590292449	0.254225160809089
-0.350191590281639	0.102610881125832
-1.5208643075246	0.552186247107342
1.96025897070573	0.471212877436839
0.379370582043571	0.565398535931832
-0.0530301740778275	0.0582664235170372
0.0953533214984685	0.122050897912209
0.25022473669771	0.411492059203547
0.519577401940974	0.948147111185767
0.060367594803287	0.067249843106155
0.301711232070513	0.435153664501481
0.162766355748009	0.172189220685197
0.203306050786731	0.19699967802091
0.433990653803688	0.513689396452056
0.316175314906867	0.31452559579902
0.654026635560866	0.83420305343639
0.13589767341274	0.115284675121822
0.164914015159872	0.0937895331332182
-2.57936018855439	0.682903044011602
-1.51309151623221	0.544844714826084
0.43606647833752	0.176208943457741
0.59367897007328	0.564589288232081
0.0691703276844865	0.0987586042379042
0.398305729489969	0.687161537882561
0.269454462394494	0.489762362593719
0.427041498970345	0.81798468722861
0.285848692435871	0.513552884047296
0.597678437499267	1.32779644397686
-0.0831777483256782	0.0946743031641539
0.322886179347482	0.499504827135388
0.30086318309346	0.348027364914191
0.31755214566364	0.347676635929041
-0.234427561133314	0.211841534544497
1.04196115819767	1.5370085691035
-0.311239753032409	0.352987172826938
-0.800514915780574	0.68376430621239
0.142470070524425	0.0554450529408985
0.139171972908913	0.0481781540681678
-0.338511026319061	0.0982184054411285
0.86593230676774	0.976364014370555
0.133013575319894	0.209422174964992
0.109222192211262	0.156830202502076
0.798032741640227	2.03092085147806
0.0388929233892659	0.0509127148569481
0.537697388015835	1.20492139461063
0.414194653993814	0.893376520289126
0.141357058705994	0.187721206051853
0.312771925307451	0.488631341870554
0.0132510252848839	0.0144490190422973
0.471024790002192	0.748342624085647
0.197952451827484	0.222330247783665
0.75059442037375	1.19863662581039
0.333982000664333	0.41563420387038
0.457497280467986	0.528788195905676
1.40203112329492	1.82449277960278
0.00536833059912386	0.00246608248340448
-0.153133836778932	0.0562143523090425
1.09144499513163	1.45703719084499
0.508379409258873	1.25433902016172
0.289257359528436	0.582245779988012
0.0980799538517744	0.139477117520609
0.51690401983463	1.01269529784751
0.441811269382411	0.826667793280369
0.763378010428177	2.03543278251521
0.416187231361351	0.95319631749914
0.3563524761484	0.547407744597857
0.398624503926593	0.681726550783655
0.611117562091321	1.22974547677008
0.867193463739009	0.629931499798918
-0.350454717877603	0.101552906153879
0.17964639943772	0.309127532244483
0.685151869051561	2.07235712816243
0.182125365819095	0.28657362552143
0.360356381058996	0.735167986253202
0.317147386027443	0.613640518628966
0.480058170490063	1.16773739189681
0.182933364465095	0.295913324254814
0.800124283113098	2.06632325742436
0.263913618871538	0.427145261163348
0.255383755995423	0.568110348320217
0.243468073024147	0.54906132607544
0.482453565597393	0.4179874893788
0.430160851230316	1.11211457107113
0.242879532826694	0.450766323885868
0.57138729543351	1.35754504796741
0.299233418283978	0.576442689807022
0.697188156284051	1.85468032235842
0.087752684967552	0.115801922323828
0.592700154547332	1.3139109051455
0.29010706892794	0.412895370642335
0.293837990311001	0.632040920870812
0.0738191129230089	0.143431557884292
0.565869073478562	1.98556473466908
0.691999898943734	0.841979016924739
0.504552989904782	1.41192450925153
0.337392707453843	0.783758482757172
0.0468994357437384	0.0679382106286561
0.719805990915349	2.08131557826256
0.825419183308464	2.69971632491207
0.293560078941919	0.566624969204171
0.686338074702086	1.79355419240015
0.573966216858059	1.33284850565592
0.43545483639622	1.34022044425679
0.365822169435812	1.25066648689196
0.0893886465162704	0.182197247411755
0.906050632156616	1.26253448679405
-0.0668837329108959	0.0972328197408277
0.458449190288675	1.26707703389679
0.353967183395636	0.823289038433267
0.533266331469849	1.27069935277957
0.389018079138834	0.863766493863613
0.30553481673531	0.496066870407477
0.394196166184487	0.656053049398368
0.311663599121311	0.404353957959665
0.402951489667194	1.5084135540506
0.288245092311153	0.870485694140466
0.378272590221202	0.430562415521097
0.315468411155452	0.729647435531403
0.355387107017936	0.691657546495079
0.35015437098396	0.847952838334136
0.341686705904957	0.529786418829214
0.205991023362113	0.578912266881951
1.9613717712777	0.470903909509444
0.755649080730539	0.903929168585605
0.4970988371523	0.808547517022929
0.224339471603605	0.563528652984363
0.388101384095687	0.935806767224003
1.9613717712777	0.470903909509444
1.96025897070573	0.471212877436839
