x	y	clickSelects
-0.0454111055683599	0.406108159138969	414
0.0210935270717101	1.44232300962717	23
0.0681224000908001	0.970676525221855	2571
-0.07349417803259	0.758718061977533	249
0.0775052234037601	0.960415524300744	7
-0.0711417211845999	0.751312028200316	7
-0.04522376365631	0.406159618358576	385
-0.0454111055683599	0.406108159138969	1185
-0.0695819856169599	0.753456397420435	55
-0.0501273146083801	0.40572439661199	216
-0.0454111055683599	0.406108159138969	34
-0.04522376365631	0.406159618358576	34
-0.0454111055683599	0.406108159138969	34
-0.04522376365631	0.406159618358576	1101
-0.04522376365631	0.406159618358576	1101
-0.0454111055683599	0.406108159138969	1101
-0.0454111055683599	0.406108159138969	876
-0.0454111055683599	0.406108159138969	876
-0.0501273146083801	0.40572439661199	242
-0.04522376365631	0.406159618358576	1067
-0.0454111055683599	0.406108159138969	1067
-0.0454111055683599	0.406108159138969	1791
-0.04522376365631	0.406159618358576	1791
-0.0454111055683599	0.406108159138969	1791
-0.0454111055683599	0.406108159138969	1833
-0.0454111055683599	0.406108159138969	1833
-0.04522376365631	0.406159618358576	1988
-0.04522376365631	0.406159618358576	13
-0.04522376365631	0.406159618358576	924
-0.04522376365631	0.406159618358576	924
-0.0454111055683599	0.406108159138969	3418
-0.0454111055683599	0.406108159138969	3418
-0.0454111055683599	0.406108159138969	3418
-0.04522376365631	0.406159618358576	3418
-0.0454111055683599	0.406108159138969	3418
-0.04522376365631	0.406159618358576	303
-0.04522376365631	0.406159618358576	303
-0.0501273146083801	0.40572439661199	106
-0.0454111055683599	0.406108159138969	106
-0.0454111055683599	0.406108159138969	106
-0.04522376365631	0.406159618358576	106
-0.04522376365631	0.406159618358576	106
-0.04522376365631	0.406159618358576	106
-0.0454111055683599	0.406108159138969	106
-0.0454111055683599	0.406108159138969	414
-0.04522376365631	0.406159618358576	414
-0.0454111055683599	0.406108159138969	220
-0.0681459332729899	0.757477944035012	389
-0.04522376365631	0.406159618358576	272
-0.04522376365631	0.406159618358576	160
-0.04522376365631	0.406159618358576	160
-0.04522376365631	0.406159618358576	2571
-0.0454111055683599	0.406108159138969	249
-0.04522376365631	0.406159618358576	249
-0.04522376365631	0.406159618358576	128
-0.0454111055683599	0.406108159138969	7
-0.0454111055683599	0.406108159138969	7
-0.0454111055683599	0.406108159138969	55
-0.04522376365631	0.406159618358576	55
-0.04522376365631	0.406159618358576	55
-0.04522376365631	0.406159618358576	216
-0.04522376365631	0.406159618358576	216
-0.0454111055683599	0.406108159138969	216
-0.04522376365631	0.406159618358576	34
-0.04522376365631	0.406159618358576	34
-0.0454111055683599	0.406108159138969	572
-0.06555072674751	0.752836446371321	1101
-0.0501273146083801	0.40572439661199	9
-0.0501273146083801	0.40572439661199	876
-0.04522376365631	0.406159618358576	876
-0.04522376365631	0.406159618358576	242
-0.0454111055683599	0.406108159138969	242
-0.0454111055683599	0.406108159138969	242
-0.04522376365631	0.406159618358576	1067
-0.0501273146083801	0.40572439661199	1067
-0.04522376365631	0.406159618358576	1067
-0.04522376365631	0.406159618358576	1067
-0.0501273146083801	0.40572439661199	1833
-0.06672391556845	0.755139764558434	1833
-0.04522376365631	0.406159618358576	1833
-0.04522376365631	0.406159618358576	1833
-0.04522376365631	0.406159618358576	1833
-0.04522376365631	0.406159618358576	3226
-0.04522376365631	0.406159618358576	1988
-0.04522376365631	0.406159618358576	13
-0.0501273146083801	0.40572439661199	13
-0.0454111055683599	0.406108159138969	477
-0.04522376365631	0.406159618358576	924
-0.04522376365631	0.406159618358576	924
-0.0501273146083801	0.40572439661199	3418
-0.0454111055683599	0.406108159138969	106
-0.04522376365631	0.406159618358576	106
-0.04522376365631	0.406159618358576	106
-0.04522376365631	0.406159618358576	106
-0.0454111055683599	0.406108159138969	106
-0.0454111055683599	0.406108159138969	414
0.0708064794577601	0.966270157563041	414
0.0668223144935201	0.983497164001226	414
-0.0454111055683599	0.406108159138969	576
-0.0454111055683599	0.406108159138969	153
-0.04522376365631	0.406159618358576	626
-0.0454111055683599	0.406108159138969	128
-0.04522376365631	0.406159618358576	7
-0.0454111055683599	0.406108159138969	7
-0.04522376365631	0.406159618358576	55
-0.04522376365631	0.406159618358576	55
-0.04522376365631	0.406159618358576	216
-0.04522376365631	0.406159618358576	216
-0.04522376365631	0.406159618358576	216
-0.04522376365631	0.406159618358576	216
-0.0454111055683599	0.406108159138969	216
-0.04522376365631	0.406159618358576	216
-0.04522376365631	0.406159618358576	216
-0.04522376365631	0.406159618358576	34
-0.04522376365631	0.406159618358576	34
-0.04522376365631	0.406159618358576	34
-0.0454111055683599	0.406108159138969	3073
-0.04522376365631	0.406159618358576	1101
-0.04522376365631	0.406159618358576	1101
-0.0454111055683599	0.406108159138969	9
-0.0501273146083801	0.40572439661199	242
-0.0454111055683599	0.406108159138969	1067
-0.0454111055683599	0.406108159138969	1791
-0.04522376365631	0.406159618358576	1833
-0.0454111055683599	0.406108159138969	1833
-0.0501273146083801	0.40572439661199	1833
-0.0454111055683599	0.406108159138969	553
-0.0454111055683599	0.406108159138969	3226
-0.04522376365631	0.406159618358576	2724
-0.04522376365631	0.406159618358576	2724
-0.0454111055683599	0.406108159138969	1988
-0.04522376365631	0.406159618358576	1988
-0.04522376365631	0.406159618358576	477
-0.0454111055683599	0.406108159138969	13
-0.04522376365631	0.406159618358576	1121
-0.04522376365631	0.406159618358576	3418
-0.0454111055683599	0.406108159138969	3418
-0.0454111055683599	0.406108159138969	303
-0.0454111055683599	0.406108159138969	303
-0.04522376365631	0.406159618358576	106
-0.04522376365631	0.406159618358576	106
-0.04522376365631	0.406159618358576	106
-0.04522376365631	0.406159618358576	106
-0.0501273146083801	0.40572439661199	106
-0.00350697526384991	2.246940893163	576
-0.0454111055683599	0.406108159138969	576
0.06022414817685	0.970792577340226	389
0.02194037612153	1.44192626267643	272
-0.06672391556845	0.755139764558434	272
-0.0681459332729899	0.757477944035012	160
-0.0669724935203899	0.755161927952963	7
-0.04522376365631	0.406159618358576	7
-0.07608962166886	0.760023550642785	55
-0.0454111055683599	0.406108159138969	55
-0.0501273146083801	0.40572439661199	216
-0.0454111055683599	0.406108159138969	34
-0.04522376365631	0.406159618358576	242
-0.0454111055683599	0.406108159138969	242
-0.0501273146083801	0.40572439661199	9
-0.0454111055683599	0.406108159138969	1067
-0.0693202809442	0.7576566965492	9
-0.0454111055683599	0.406108159138969	2290
-0.0454111055683599	0.406108159138969	2290
-0.0454111055683599	0.406108159138969	1833
-0.04522376365631	0.406159618358576	3226
-0.04522376365631	0.406159618358576	1988
-0.0454111055683599	0.406108159138969	1860
-0.0454111055683599	0.406108159138969	13
-0.04522376365631	0.406159618358576	477
-0.0454111055683599	0.406108159138969	13
-0.04522376365631	0.406159618358576	271
-0.0454111055683599	0.406108159138969	13
-0.0693202809442	0.7576566965492	924
-0.0454111055683599	0.406108159138969	1862
-0.04522376365631	0.406159618358576	3418
-0.04522376365631	0.406159618358576	297
-0.04522376365631	0.406159618358576	3418
-0.04522376365631	0.406159618358576	303
-0.0454111055683599	0.406108159138969	303
-0.04522376365631	0.406159618358576	303
-0.0454111055683599	0.406108159138969	303
-0.04522376365631	0.406159618358576	297
-0.0454111055683599	0.406108159138969	265
-0.04522376365631	0.406159618358576	106
-0.0454111055683599	0.406108159138969	106
-0.0501273146083801	0.40572439661199	106
-0.0454111055683599	0.406108159138969	106
-0.0454111055683599	0.406108159138969	106
-0.0454111055683599	0.406108159138969	3186
-0.04522376365631	0.406159618358576	3186
0.0717721318809099	0.965197303659136	262
-0.07373483340545	0.759520768730619	1051
0.00434021058691991	2.18906537415163	7
-0.0454111055683599	0.406108159138969	7
-0.06907301713506	0.753429338745028	55
-0.06281284079462	0.749911386602174	34
-0.07373483340545	0.759520768730619	34
-0.0681459332729899	0.757477944035012	1101
-0.04522376365631	0.406159618358576	1101
-0.0454111055683599	0.406108159138969	1101
-0.04522376365631	0.406159618358576	1101
-0.04522376365631	0.406159618358576	242
-0.04522376365631	0.406159618358576	1791
-0.0454111055683599	0.406108159138969	1791
-0.0681459332729899	0.757477944035012	25
-0.0454111055683599	0.406108159138969	553
-0.0501273146083801	0.40572439661199	13
-0.0454111055683599	0.406108159138969	1860
-0.04522376365631	0.406159618358576	13
-0.07167170535838	0.750034484854258	271
-0.06672391556845	0.755139764558434	1121
-0.0693202809442	0.7576566965492	1121
-0.0454111055683599	0.406108159138969	13
-0.0454111055683599	0.406108159138969	297
-0.04522376365631	0.406159618358576	297
-0.04522376365631	0.406159618358576	303
-0.04522376365631	0.406159618358576	303
-0.04522376365631	0.406159618358576	297
-0.0454111055683599	0.406108159138969	265
-0.04522376365631	0.406159618358576	106
-0.04522376365631	0.406159618358576	106
-0.04522376365631	0.406159618358576	3186
-0.0916479805342001	0.733059126766433	576
-0.06672391556845	0.755139764558434	92
0.0771634080611701	0.960818859253144	272
0.0658585351733401	0.983858903403601	286
-0.07373483340545	0.759520768730619	71
-0.0454111055683599	0.406108159138969	71
-0.06672391556845	0.755139764558434	249
-0.0693202809442	0.7576566965492	249
-0.0454111055683599	0.406108159138969	7
-0.0454111055683599	0.406108159138969	55
-0.04522376365631	0.406159618358576	1610
-0.0454111055683599	0.406108159138969	216
-0.0454111055683599	0.406108159138969	216
-0.04522376365631	0.406159618358576	34
-0.0454111055683599	0.406108159138969	34
-0.04522376365631	0.406159618358576	3442
-0.0454111055683599	0.406108159138969	34
-0.04522376365631	0.406159618358576	1101
-0.04522376365631	0.406159618358576	242
-0.0454111055683599	0.406108159138969	13
-0.06437844413432	0.746436419448748	1066
-0.0454111055683599	0.406108159138969	13
-0.04522376365631	0.406159618358576	477
-0.04522376365631	0.406159618358576	13
-0.04522376365631	0.406159618358576	271
-0.0454111055683599	0.406108159138969	271
-0.0681459332729899	0.757477944035012	1121
-0.04522376365631	0.406159618358576	3418
-0.04522376365631	0.406159618358576	3418
-0.0454111055683599	0.406108159138969	297
-0.0454111055683599	0.406108159138969	106
-0.0454111055683599	0.406108159138969	106
-0.04522376365631	0.406159618358576	106
-0.04522376365631	0.406159618358576	106
-0.0454111055683599	0.406108159138969	106
-0.0454111055683599	0.406108159138969	106
-0.0501273146083801	0.40572439661199	106
0.07316871705637	0.96738564994849	220
0.07307407605491	0.973200620856142	272
-0.04522376365631	0.406159618358576	128
-0.07608962166886	0.760023550642785	55
-0.07231749393078	0.757183848190581	216
-0.04522376365631	0.406159618358576	876
-0.04522376365631	0.406159618358576	876
-0.04522376365631	0.406159618358576	9
-0.04522376365631	0.406159618358576	242
-0.04522376365631	0.406159618358576	242
-0.04522376365631	0.406159618358576	82
0.07210929455604	0.974287435452963	82
-0.04522376365631	0.406159618358576	82
-0.04522376365631	0.406159618358576	9
-0.0454111055683599	0.406108159138969	25
-0.04522376365631	0.406159618358576	25
-0.0454111055683599	0.406108159138969	1454
-0.04522376365631	0.406159618358576	1712
-0.0454111055683599	0.406108159138969	1860
-0.04522376365631	0.406159618358576	1066
-0.0454111055683599	0.406108159138969	477
-0.0454111055683599	0.406108159138969	271
-0.04522376365631	0.406159618358576	13
-0.0501273146083801	0.40572439661199	838
-0.04522376365631	0.406159618358576	303
-0.0454111055683599	0.406108159138969	303
-0.04522376365631	0.406159618358576	106
-0.0454111055683599	0.406108159138969	106
-0.0454111055683599	0.406108159138969	106
-0.04522376365631	0.406159618358576	106
-0.0672312017801899	0.746143098074776	3263
-0.04522376365631	0.406159618358576	23
-0.04522376365631	0.406159618358576	23
-0.0501273146083801	0.40572439661199	1554
0.07654367639842	0.960049189452765	389
-0.08925764418712	1.16428440589755	285
-0.07231749393078	0.757183848190581	160
-0.0915064971292301	1.18063614088228	232
-0.07373483340545	0.759520768730619	7
-0.04522376365631	0.406159618358576	55
-0.07049553786231	0.755751724984709	55
-0.07049553786231	0.755751724984709	202
-0.04522376365631	0.406159618358576	1101
-0.0454111055683599	0.406108159138969	1101
-0.04522376365631	0.406159618358576	1101
-0.04522376365631	0.406159618358576	9
-0.0454111055683599	0.406108159138969	876
-0.0454111055683599	0.406108159138969	9
-0.04522376365631	0.406159618358576	25
-0.08171490361416	0.755879019504499	25
-0.0681459332729899	0.757477944035012	25
-0.0501273146083801	0.40572439661199	25
-0.0693202809442	0.7576566965492	13
-0.0454111055683599	0.406108159138969	1454
-0.04522376365631	0.406159618358576	13
-0.0501273146083801	0.40572439661199	1066
-0.04522376365631	0.406159618358576	1066
-0.0454111055683599	0.406108159138969	271
-0.0454111055683599	0.406108159138969	271
-0.0454111055683599	0.406108159138969	271
-0.0454111055683599	0.406108159138969	271
-0.04522376365631	0.406159618358576	2091
-0.04522376365631	0.406159618358576	3418
-0.0454111055683599	0.406108159138969	106
-0.04522376365631	0.406159618358576	303
-0.04522376365631	0.406159618358576	303
-0.04522376365631	0.406159618358576	106
-0.0454111055683599	0.406108159138969	106
-0.04522376365631	0.406159618358576	106
-0.0454111055683599	0.406108159138969	106
-0.06672391556845	0.755139764558434	220
-0.07373483340545	0.759520768730619	1303
-0.06672391556845	0.755139764558434	2571
-0.07373483340545	0.759520768730619	7
-0.0681459332729899	0.757477944035012	7
-0.0693202809442	0.7576566965492	216
-0.04522376365631	0.406159618358576	34
-0.0454111055683599	0.406108159138969	1101
-0.0454111055683599	0.406108159138969	1101
-0.04522376365631	0.406159618358576	876
-0.04522376365631	0.406159618358576	25
-0.0501273146083801	0.40572439661199	25
-0.0454111055683599	0.406108159138969	25
-0.0454111055683599	0.406108159138969	25
-0.0454111055683599	0.406108159138969	25
-0.04522376365631	0.406159618358576	25
-0.04522376365631	0.406159618358576	1454
-0.04522376365631	0.406159618358576	1454
-0.04522376365631	0.406159618358576	553
-0.04522376365631	0.406159618358576	1860
-0.04522376365631	0.406159618358576	477
-0.0454111055683599	0.406108159138969	894
-0.04522376365631	0.406159618358576	271
-0.0454111055683599	0.406108159138969	271
-0.04522376365631	0.406159618358576	838
-0.0454111055683599	0.406108159138969	2091
-0.0454111055683599	0.406108159138969	13
-0.0454111055683599	0.406108159138969	3418
-0.0454111055683599	0.406108159138969	3418
-0.04522376365631	0.406159618358576	297
-0.0454111055683599	0.406108159138969	297
-0.04522376365631	0.406159618358576	303
-0.04522376365631	0.406159618358576	303
-0.0454111055683599	0.406108159138969	265
-0.04522376365631	0.406159618358576	106
-0.0454111055683599	0.406108159138969	106
-0.04522376365631	0.406159618358576	2121
-0.0454111055683599	0.406108159138969	414
-0.04522376365631	0.406159618358576	220
-0.0454111055683599	0.406108159138969	23
0.10016196886723	1.6681089318171	92
0.0225029606057301	1.4383064409583	272
0.01106012316751	1.86280240899644	71
-0.07491177099641	0.761062662410459	128
-0.0969055845231701	1.18175312361887	7
-0.07726838676269	0.754898338581045	55
-0.0454111055683599	0.406108159138969	1101
-0.0454111055683599	0.406108159138969	1101
-0.0693202809442	0.7576566965492	1101
-0.0454111055683599	0.406108159138969	1080
-0.0746717748247101	0.757687975137559	82
-0.07608962166886	0.760023550642785	25
-0.04522376365631	0.406159618358576	25
-0.0454111055683599	0.406108159138969	1454
-0.04522376365631	0.406159618358576	540
-0.0454111055683599	0.406108159138969	1860
-0.0454111055683599	0.406108159138969	295
-0.06840613866815	0.751938577957193	295
-0.04522376365631	0.406159618358576	477
-0.0454111055683599	0.406108159138969	894
-0.0454111055683599	0.406108159138969	894
-0.0501273146083801	0.40572439661199	838
-0.0454111055683599	0.406108159138969	2091
-0.04522376365631	0.406159618358576	3418
-0.04522376365631	0.406159618358576	297
-0.0454111055683599	0.406108159138969	297
-0.0501273146083801	0.40572439661199	297
-0.0454111055683599	0.406108159138969	106
-0.0454111055683599	0.406108159138969	106
-0.04522376365631	0.406159618358576	106
-0.04522376365631	0.406159618358576	106
-0.04522376365631	0.406159618358576	106
-0.04522376365631	0.406159618358576	106
-0.0454111055683599	0.406108159138969	106
-0.04522376365631	0.406159618358576	414
0.0688141938692799	0.953361430830417	62
-0.0695819856169599	0.753456397420435	220
-0.0454111055683599	0.406108159138969	220
-0.0681459332729899	0.757477944035012	220
-0.0791215786258901	0.753267407814952	220
-0.07349417803259	0.758718061977533	2974
-0.0681459332729899	0.757477944035012	128
-0.06907301713506	0.753429338745028	128
-0.07373483340545	0.759520768730619	128
-0.04522376365631	0.406159618358576	941
0.0681224000908001	0.970676525221855	7
-0.04522376365631	0.406159618358576	149
-0.0454111055683599	0.406108159138969	55
-0.04522376365631	0.406159618358576	55
-0.04522376365631	0.406159618358576	34
-0.04522376365631	0.406159618358576	34
-0.04522376365631	0.406159618358576	1101
-0.04522376365631	0.406159618358576	1101
-0.04522376365631	0.406159618358576	1101
-0.04522376365631	0.406159618358576	9
-0.04522376365631	0.406159618358576	876
-0.0454111055683599	0.406108159138969	876
-0.04522376365631	0.406159618358576	834
-0.04522376365631	0.406159618358576	242
-0.0454111055683599	0.406108159138969	82
-0.0681459332729899	0.757477944035012	82
-0.04522376365631	0.406159618358576	82
-0.0454111055683599	0.406108159138969	82
-0.04522376365631	0.406159618358576	25
-0.0454111055683599	0.406108159138969	3666
-0.0454111055683599	0.406108159138969	3666
-0.04522376365631	0.406159618358576	2638
-0.0454111055683599	0.406108159138969	2638
-0.04522376365631	0.406159618358576	13
-0.04522376365631	0.406159618358576	894
-0.04522376365631	0.406159618358576	894
-0.0454111055683599	0.406108159138969	13
-0.0454111055683599	0.406108159138969	1825
-0.0454111055683599	0.406108159138969	838
-0.0454111055683599	0.406108159138969	2091
-0.0454111055683599	0.406108159138969	2091
-0.04522376365631	0.406159618358576	297
-0.04522376365631	0.406159618358576	106
-0.0454111055683599	0.406108159138969	106
-0.0454111055683599	0.406108159138969	106
-0.04522376365631	0.406159618358576	106
-0.04522376365631	0.406159618358576	106
-0.0454111055683599	0.406108159138969	106
-0.04522376365631	0.406159618358576	106
-0.04522376365631	0.406159618358576	106
-0.0454111055683599	0.406108159138969	106
-0.0454111055683599	0.406108159138969	106
-0.06281284079462	0.749911386602174	220
0.07114391500377	0.973898476935828	23
0.0513448909507399	2.42694687536019	272
-0.07049553786231	0.755751724984709	272
-0.0933332337764601	1.1728013749917	286
-0.07726838676269	0.754898338581045	286
-0.08595929786627	0.745622609241336	941
-0.04522376365631	0.406159618358576	149
-0.0454111055683599	0.406108159138969	55
-0.07373483340545	0.759520768730619	34
-0.04522376365631	0.406159618358576	34
-0.0454111055683599	0.406108159138969	34
-0.0501273146083801	0.40572439661199	34
-0.0454111055683599	0.406108159138969	876
-0.0454111055683599	0.406108159138969	834
-0.04522376365631	0.406159618358576	82
-0.04522376365631	0.406159618358576	3666
-0.04522376365631	0.406159618358576	2638
-0.0454111055683599	0.406108159138969	540
-0.0805344456027799	0.755559929122587	540
-0.04522376365631	0.406159618358576	13
-0.07349417803259	0.758718061977533	836
-0.0454111055683599	0.406108159138969	2091
-0.0454111055683599	0.406108159138969	3418
-0.0454111055683599	0.406108159138969	3418
-0.0454111055683599	0.406108159138969	106
-0.04522376365631	0.406159618358576	297
-0.0454111055683599	0.406108159138969	106
-0.0454111055683599	0.406108159138969	106
-0.0454111055683599	0.406108159138969	106
-0.0454111055683599	0.406108159138969	106
-0.0454111055683599	0.406108159138969	106
-0.04522376365631	0.406159618358576	414
-0.07373483340545	0.759520768730619	62
-0.08595929786627	0.745622609241336	220
-0.0923374580194201	1.17806482383112	1748
0.11005565648646	1.64083366033699	272
0.0674498466578	0.969013878554601	272
0.0933099833301601	1.65366809670997	285
-0.0693202809442	0.7576566965492	7
0.0771634080611701	0.960818859253144	7
-0.0681459332729899	0.757477944035012	533
-0.04522376365631	0.406159618358576	55
-0.04522376365631	0.406159618358576	55
-0.06789801192182	0.755319680676232	1101
-0.04522376365631	0.406159618358576	242
-0.0454111055683599	0.406108159138969	858
-0.0454111055683599	0.406108159138969	9
-0.0693202809442	0.7576566965492	82
-0.0616404802900501	0.747635014309802	82
-0.0454111055683599	0.406108159138969	295
-0.04522376365631	0.406159618358576	295
-0.0501273146083801	0.40572439661199	13
-0.0454111055683599	0.406108159138969	3418
-0.04522376365631	0.406159618358576	106
-0.0454111055683599	0.406108159138969	106
-0.04522376365631	0.406159618358576	106
-0.04522376365631	0.406159618358576	106
-0.0454111055683599	0.406108159138969	106
-0.04522376365631	0.406159618358576	106
-0.0501273146083801	0.40572439661199	106
-0.04522376365631	0.406159618358576	106
-0.04522376365631	0.406159618358576	106
0.0652319199456199	0.966283912646895	220
-0.07491177099641	0.761062662410459	7
-0.0454111055683599	0.406108159138969	533
-0.0454111055683599	0.406108159138969	55
-0.0933510487514699	1.17616312258403	55
-0.0454111055683599	0.406108159138969	55
-0.0669724935203899	0.755161927952963	216
-0.04522376365631	0.406159618358576	1101
-0.0746717748247101	0.757687975137559	9
-0.06789801192182	0.755319680676232	9
-0.04522376365631	0.406159618358576	9
-0.0454111055683599	0.406108159138969	82
-0.0454111055683599	0.406108159138969	25
-0.0454111055683599	0.406108159138969	295
-0.07491177099641	0.761062662410459	975
-0.0639861075511099	0.750093739397359	1825
-0.04522376365631	0.406159618358576	3421
-0.04522376365631	0.406159618358576	3418
-0.0454111055683599	0.406108159138969	3418
-0.04522376365631	0.406159618358576	297
-0.0454111055683599	0.406108159138969	106
-0.0454111055683599	0.406108159138969	106
-0.0454111055683599	0.406108159138969	106
-0.0454111055683599	0.406108159138969	106
-0.04522376365631	0.406159618358576	106
-0.0454111055683599	0.406108159138969	106
-0.0454111055683599	0.406108159138969	106
-0.0454111055683599	0.406108159138969	414
0.02856039097367	1.40405240994661	646
0.02051046455945	1.43623328609096	646
-0.0454111055683599	0.406108159138969	299
-0.04522376365631	0.406159618358576	299
0.05959646052741	0.979591025341428	92
0.00523945749351995	1.87250893725885	272
0.07331252294861	0.955805366565778	249
-0.07608962166886	0.760023550642785	7
-0.06672391556845	0.755139764558434	55
-0.04522376365631	0.406159618358576	9
-0.06789801192182	0.755319680676232	216
-0.04522376365631	0.406159618358576	34
-0.0803017805483299	0.753586690030118	1101
-0.0454111055683599	0.406108159138969	1101
-0.0669724935203899	0.755161927952963	9
-0.0887437175816701	1.17444839021317	9
-0.04522376365631	0.406159618358576	9
-0.0454111055683599	0.406108159138969	9
-0.0454111055683599	0.406108159138969	1288
-0.0454111055683599	0.406108159138969	1288
-0.04522376365631	0.406159618358576	82
-0.0454111055683599	0.406108159138969	25
-0.0501273146083801	0.40572439661199	295
-0.0454111055683599	0.406108159138969	295
-0.04522376365631	0.406159618358576	295
-0.0454111055683599	0.406108159138969	13
-0.04522376365631	0.406159618358576	975
-0.0454111055683599	0.406108159138969	3421
-0.04522376365631	0.406159618358576	3418
-0.0454111055683599	0.406108159138969	106
-0.0454111055683599	0.406108159138969	297
-0.0454111055683599	0.406108159138969	106
-0.04522376365631	0.406159618358576	106
-0.0501273146083801	0.40572439661199	106
-0.04522376365631	0.406159618358576	106
-0.04522376365631	0.406159618358576	106
-0.04522376365631	0.406159618358576	106
-0.04522376365631	0.406159618358576	106
-0.04522376365631	0.406159618358576	106
-0.0454111055683599	0.406108159138969	106
-0.04522376365631	0.406159618358576	106
-0.0501273146083801	0.40572439661199	62
0.02765235928753	1.41902917282452	220
-0.0960167510946901	1.17274930256723	220
-0.0845328668179199	1.61542530980411	92
-0.0825829115500301	1.63535418290893	92
0.0615213190075601	0.97882904730854	160
0.0655223168841199	0.975317439128556	117
0.0664863799331601	0.973221895854537	2974
-0.0681459332729899	0.757477944035012	7
-0.07049553786231	0.755751724984709	7
-0.0681459332729899	0.757477944035012	3114
-0.04522376365631	0.406159618358576	9
-0.04522376365631	0.406159618358576	9
-0.04522376365631	0.406159618358576	3080
-0.04522376365631	0.406159618358576	9
-0.0693202809442	0.7576566965492	9
-0.0693202809442	0.7576566965492	9
-0.04522376365631	0.406159618358576	82
-0.0454111055683599	0.406108159138969	25
-0.04522376365631	0.406159618358576	198
-0.0454111055683599	0.406108159138969	295
-0.0454111055683599	0.406108159138969	1825
-0.04522376365631	0.406159618358576	3421
-0.04522376365631	0.406159618358576	3421
-0.0454111055683599	0.406108159138969	3421
-0.0454111055683599	0.406108159138969	3418
-0.0454111055683599	0.406108159138969	106
-0.04522376365631	0.406159618358576	106
-0.04522376365631	0.406159618358576	297
-0.04522376365631	0.406159618358576	106
-0.04522376365631	0.406159618358576	106
-0.0454111055683599	0.406108159138969	106
-0.0501273146083801	0.40572439661199	106
-0.07948273824929	1.63905679314734	414
0.07533943272924	0.958003669245657	220
-0.0887437175816701	1.17444839021317	1748
-0.0951185627336599	1.65450450967794	299
-0.0639861075511099	0.750093739397359	286
0.07017793672269	0.971940734338536	2974
-0.0916479805342001	0.733059126766433	128
-0.0639861075511099	0.750093739397359	7
-0.06672391556845	0.755139764558434	7
-0.06672391556845	0.755139764558434	7
-0.0454111055683599	0.406108159138969	149
-0.0693202809442	0.7576566965492	55
-0.04522376365631	0.406159618358576	1493
-0.0454111055683599	0.406108159138969	1101
-0.0803017805483299	0.753586690030118	1101
-0.06672391556845	0.755139764558434	9
-0.0454111055683599	0.406108159138969	3080
-0.0501273146083801	0.40572439661199	3080
-0.0454111055683599	0.406108159138969	9
-0.04522376365631	0.406159618358576	9
-0.04522376365631	0.406159618358576	1397
-0.0681459332729899	0.757477944035012	82
-0.0681459332729899	0.757477944035012	82
-0.04522376365631	0.406159618358576	198
-0.0454111055683599	0.406108159138969	2194
-0.0639861075511099	0.750093739397359	1344
-0.04522376365631	0.406159618358576	1825
-0.06672391556845	0.755139764558434	318
-0.0501273146083801	0.40572439661199	2542
-0.0454111055683599	0.406108159138969	3421
-0.0454111055683599	0.406108159138969	3418
-0.04522376365631	0.406159618358576	106
-0.04522376365631	0.406159618358576	106
-0.04522376365631	0.406159618358576	106
-0.04522376365631	0.406159618358576	106
-0.0454111055683599	0.406108159138969	106
-0.0454111055683599	0.406108159138969	106
-0.0501273146083801	0.40572439661199	106
-0.0454111055683599	0.406108159138969	106
-0.0454111055683599	0.406108159138969	106
-0.04522376365631	0.406159618358576	106
-0.04522376365631	0.406159618358576	106
-0.04522376365631	0.406159618358576	414
0.00719023061341995	1.85540188811957	646
-0.07373483340545	0.759520768730619	646
-0.0454111055683599	0.406108159138969	62
-0.08866698657171	1.15656525524354	220
0.0784661770552	0.959349239693854	514
-0.06789801192182	0.755319680676232	272
-0.0883373927586599	1.16233330194489	71
-0.0669724935203899	0.755161927952963	117
-0.06907301713506	0.753429338745028	117
-0.07049553786231	0.755751724984709	2974
-0.07349417803259	0.758718061977533	55
-0.0454111055683599	0.406108159138969	55
-0.0454111055683599	0.406108159138969	1493
-0.0454111055683599	0.406108159138969	1493
-0.0454111055683599	0.406108159138969	1493
-0.04522376365631	0.406159618358576	34
-0.04522376365631	0.406159618358576	1101
-0.04522376365631	0.406159618358576	381
-0.04522376365631	0.406159618358576	2028
-0.0454111055683599	0.406108159138969	82
-0.07638682911645	0.748421150591113	82
-0.0501273146083801	0.40572439661199	25
-0.04522376365631	0.406159618358576	198
-0.0501273146083801	0.40572439661199	198
-0.04522376365631	0.406159618358576	1344
-0.04522376365631	0.406159618358576	507
-0.0454111055683599	0.406108159138969	507
-0.0454111055683599	0.406108159138969	507
-0.0454111055683599	0.406108159138969	507
-0.0454111055683599	0.406108159138969	507
-0.04522376365631	0.406159618358576	2528
-0.04522376365631	0.406159618358576	3421
-0.04522376365631	0.406159618358576	319
-0.0454111055683599	0.406108159138969	106
-0.0454111055683599	0.406108159138969	106
-0.04522376365631	0.406159618358576	106
-0.04522376365631	0.406159618358576	106
-0.04522376365631	0.406159618358576	106
-0.0454111055683599	0.406108159138969	106
-0.0454111055683599	0.406108159138969	106
-0.0454111055683599	0.406108159138969	106
-0.0454111055683599	0.406108159138969	106
-0.04522376365631	0.406159618358576	106
-0.0454111055683599	0.406108159138969	106
-0.04522376365631	0.406159618358576	106
-0.0713160361173499	2.44280721099275	646
-0.07491177099641	0.761062662410459	23
0.0167967973594201	1.4455791488042	286
-0.07231749393078	0.757183848190581	55
-0.07491177099641	0.761062662410459	55
-0.0454111055683599	0.406108159138969	55
-0.04522376365631	0.406159618358576	1493
-0.0454111055683599	0.406108159138969	34
-0.0454111055683599	0.406108159138969	34
-0.0454111055683599	0.406108159138969	9
-0.04522376365631	0.406159618358576	381
-0.0454111055683599	0.406108159138969	2028
-0.04522376365631	0.406159618358576	2028
-0.0454111055683599	0.406108159138969	25
-0.04522376365631	0.406159618358576	1344
-0.0454111055683599	0.406108159138969	507
-0.0454111055683599	0.406108159138969	507
-0.04522376365631	0.406159618358576	2528
-0.0454111055683599	0.406108159138969	975
-0.04522376365631	0.406159618358576	13
-0.04522376365631	0.406159618358576	2542
-0.04522376365631	0.406159618358576	106
-0.0501273146083801	0.40572439661199	106
-0.0454111055683599	0.406108159138969	106
-0.0454111055683599	0.406108159138969	106
-0.04522376365631	0.406159618358576	106
-0.0454111055683599	0.406108159138969	106
-0.0454111055683599	0.406108159138969	106
-0.0454111055683599	0.406108159138969	106
-0.04522376365631	0.406159618358576	106
-0.0501273146083801	0.40572439661199	106
-0.0501273146083801	0.40572439661199	106
0.0727371858550601	0.962577209907809	92
0.0142140606758701	1.43428109987997	272
0.01905970557356	1.44014783954413	272
-0.07608962166886	0.760023550642785	232
-0.07491177099641	0.761062662410459	2974
0.0159707194557701	1.87340546889073	2974
-0.0746717748247101	0.757687975137559	2974
-0.04522376365631	0.406159618358576	128
0.06594130409126	0.966404331522216	55
-0.0454111055683599	0.406108159138969	55
-0.09650022894982	1.19363907993218	55
-0.04522376365631	0.406159618358576	55
-0.0454111055683599	0.406108159138969	1493
-0.04522376365631	0.406159618358576	1493
-0.0454111055683599	0.406108159138969	34
-0.0454111055683599	0.406108159138969	34
-0.04522376365631	0.406159618358576	34
-0.0501273146083801	0.40572439661199	34
-0.0454111055683599	0.406108159138969	34
-0.0669724935203899	0.755161927952963	34
-0.0454111055683599	0.406108159138969	642
-0.0454111055683599	0.406108159138969	1984
-0.0693202809442	0.7576566965492	9
-0.0454111055683599	0.406108159138969	381
-0.0454111055683599	0.406108159138969	381
-0.04522376365631	0.406159618358576	381
-0.04522376365631	0.406159618358576	381
-0.04522376365631	0.406159618358576	198
-0.04522376365631	0.406159618358576	198
-0.0454111055683599	0.406108159138969	1344
-0.0501273146083801	0.40572439661199	975
-0.04522376365631	0.406159618358576	318
-0.04522376365631	0.406159618358576	106
-0.04522376365631	0.406159618358576	106
-0.04522376365631	0.406159618358576	106
-0.04522376365631	0.406159618358576	106
-0.04522376365631	0.406159618358576	106
-0.0454111055683599	0.406108159138969	106
-0.04522376365631	0.406159618358576	106
-0.0454111055683599	0.406108159138969	106
-0.0454111055683599	0.406108159138969	106
-0.0454111055683599	0.406108159138969	106
-0.04522376365631	0.406159618358576	265
-0.0454111055683599	0.406108159138969	106
-0.0454111055683599	0.406108159138969	106
-0.0454111055683599	0.406108159138969	576
-0.04522376365631	0.406159618358576	576
-0.0454111055683599	0.406108159138969	299
0.0287642870039799	1.41985317760303	92
-0.04522376365631	0.406159618358576	92
-0.0454111055683599	0.406108159138969	71
-0.07491177099641	0.761062662410459	286
-0.0454111055683599	0.406108159138969	71
-0.0454111055683599	0.406108159138969	285
-0.04522376365631	0.406159618358576	117
-0.0454111055683599	0.406108159138969	117
-0.04522376365631	0.406159618358576	128
-0.0454111055683599	0.406108159138969	1095
-0.04522376365631	0.406159618358576	604
-0.04522376365631	0.406159618358576	604
-0.04522376365631	0.406159618358576	7
-0.04522376365631	0.406159618358576	55
0.0722094015942401	0.969467161480293	55
-0.0454111055683599	0.406108159138969	55
-0.04522376365631	0.406159618358576	3444
-0.04522376365631	0.406159618358576	55
-0.0454111055683599	0.406108159138969	55
-0.0501273146083801	0.40572439661199	9
-0.04522376365631	0.406159618358576	9
-0.04522376365631	0.406159618358576	1493
-0.0454111055683599	0.406108159138969	9
-0.04522376365631	0.406159618358576	34
-0.04522376365631	0.406159618358576	34
-0.04522376365631	0.406159618358576	1101
-0.0501273146083801	0.40572439661199	642
-0.0454111055683599	0.406108159138969	1984
-0.04522376365631	0.406159618358576	2984
-0.0454111055683599	0.406108159138969	9
-0.04522376365631	0.406159618358576	381
-0.04522376365631	0.406159618358576	381
-0.0454111055683599	0.406108159138969	381
-0.04522376365631	0.406159618358576	381
-0.0454111055683599	0.406108159138969	381
-0.0454111055683599	0.406108159138969	381
-0.0454111055683599	0.406108159138969	2028
-0.04522376365631	0.406159618358576	2028
-0.0454111055683599	0.406108159138969	2028
-0.0454111055683599	0.406108159138969	2028
-0.0454111055683599	0.406108159138969	559
-0.04522376365631	0.406159618358576	559
0.02165579257867	1.43685636477624	25
-0.0501273146083801	0.40572439661199	198
-0.04522376365631	0.406159618358576	198
-0.0454111055683599	0.406108159138969	1344
-0.0454111055683599	0.406108159138969	1344
-0.04522376365631	0.406159618358576	1344
-0.0681459332729899	0.757477944035012	975
-0.0454111055683599	0.406108159138969	3421
-0.04522376365631	0.406159618358576	3421
-0.04522376365631	0.406159618358576	106
-0.0454111055683599	0.406108159138969	106
-0.04522376365631	0.406159618358576	106
-0.0454111055683599	0.406108159138969	106
-0.04522376365631	0.406159618358576	106
-0.0454111055683599	0.406108159138969	106
-0.0454111055683599	0.406108159138969	106
-0.0454111055683599	0.406108159138969	414
0.0877392516889	1.65847656856511	646
-0.0454111055683599	0.406108159138969	576
-0.0454111055683599	0.406108159138969	576
-0.0454111055683599	0.406108159138969	576
-0.06281284079462	0.749911386602174	299
-0.06789801192182	0.755319680676232	2758
-0.0454111055683599	0.406108159138969	514
-0.04522376365631	0.406159618358576	514
-0.04522376365631	0.406159618358576	71
-0.0454111055683599	0.406108159138969	71
-0.04522376365631	0.406159618358576	3240
-0.04522376365631	0.406159618358576	285
-0.0454111055683599	0.406108159138969	2974
-0.0454111055683599	0.406108159138969	2974
-0.04522376365631	0.406159618358576	128
-0.0454111055683599	0.406108159138969	1197
-0.04522376365631	0.406159618358576	604
-0.04522376365631	0.406159618358576	604
-0.0454111055683599	0.406108159138969	604
-0.0454111055683599	0.406108159138969	604
-0.0454111055683599	0.406108159138969	7
-0.0454111055683599	0.406108159138969	7
-0.04522376365631	0.406159618358576	3444
-0.0454111055683599	0.406108159138969	3444
-0.0454111055683599	0.406108159138969	3444
0.01081081377753	1.44073058159387	55
-0.0454111055683599	0.406108159138969	55
-0.04522376365631	0.406159618358576	55
-0.0454111055683599	0.406108159138969	55
-0.04522376365631	0.406159618358576	9
-0.0454111055683599	0.406108159138969	34
-0.0454111055683599	0.406108159138969	34
-0.04522376365631	0.406159618358576	34
-0.0454111055683599	0.406108159138969	34
-0.0454111055683599	0.406108159138969	180
-0.0454111055683599	0.406108159138969	180
-0.04522376365631	0.406159618358576	180
-0.0454111055683599	0.406108159138969	1101
0.0605591869637201	0.980212345517434	9
-0.0501273146083801	0.40572439661199	1984
-0.0454111055683599	0.406108159138969	381
-0.04522376365631	0.406159618358576	381
-0.0454111055683599	0.406108159138969	2028
-0.04522376365631	0.406159618358576	559
-0.04522376365631	0.406159618358576	559
-0.0803017805483299	0.753586690030118	25
-0.04522376365631	0.406159618358576	25
-0.0454111055683599	0.406108159138969	25
-0.04522376365631	0.406159618358576	13
-0.0454111055683599	0.406108159138969	1344
-0.0454111055683599	0.406108159138969	1344
-0.04522376365631	0.406159618358576	1344
-0.0501273146083801	0.40572439661199	507
-0.0639861075511099	0.750093739397359	507
-0.04522376365631	0.406159618358576	975
-0.04522376365631	0.406159618358576	975
-0.04522376365631	0.406159618358576	975
-0.0454111055683599	0.406108159138969	106
-0.0454111055683599	0.406108159138969	106
-0.04522376365631	0.406159618358576	106
-0.0454111055683599	0.406108159138969	106
-0.0501273146083801	0.40572439661199	106
-0.04522376365631	0.406159618358576	106
-0.04522376365631	0.406159618358576	106
0.0120890313555	1.88117933373612	220
-0.0454111055683599	0.406108159138969	576
-0.0454111055683599	0.406108159138969	299
-0.0454111055683599	0.406108159138969	92
-0.07585028564619	0.752597954911243	3240
-0.04522376365631	0.406159618358576	117
-0.04522376365631	0.406159618358576	3589
-0.04522376365631	0.406159618358576	3589
-0.0501273146083801	0.40572439661199	2974
-0.04522376365631	0.406159618358576	128
-0.04522376365631	0.406159618358576	128
-0.0454111055683599	0.406108159138969	1095
-0.04522376365631	0.406159618358576	604
-0.0454111055683599	0.406108159138969	604
-0.04522376365631	0.406159618358576	604
-0.04522376365631	0.406159618358576	7
-0.0454111055683599	0.406108159138969	7
-0.0454111055683599	0.406108159138969	55
-0.0454111055683599	0.406108159138969	55
-0.0978270151196701	1.18302894844642	55
-0.0454111055683599	0.406108159138969	55
-0.04522376365631	0.406159618358576	55
-0.0454111055683599	0.406108159138969	9
-0.0501273146083801	0.40572439661199	9
-0.0454111055683599	0.406108159138969	1493
-0.04522376365631	0.406159618358576	1493
-0.0454111055683599	0.406108159138969	1493
-0.0454111055683599	0.406108159138969	180
-0.0454111055683599	0.406108159138969	180
-0.0693202809442	0.7576566965492	34
-0.0454111055683599	0.406108159138969	1101
-0.06555072674751	0.752836446371321	1984
-0.0454111055683599	0.406108159138969	1984
-0.04522376365631	0.406159618358576	381
-0.0454111055683599	0.406108159138969	381
-0.0454111055683599	0.406108159138969	381
-0.0454111055683599	0.406108159138969	381
-0.0454111055683599	0.406108159138969	381
-0.0501273146083801	0.40572439661199	471
-0.0454111055683599	0.406108159138969	198
-0.0454111055683599	0.406108159138969	1344
-0.0454111055683599	0.406108159138969	13
-0.04522376365631	0.406159618358576	227
-0.0501273146083801	0.40572439661199	13
-0.0454111055683599	0.406108159138969	975
-0.0454111055683599	0.406108159138969	387
-0.0693202809442	0.7576566965492	13
-0.0454111055683599	0.406108159138969	13
-0.0454111055683599	0.406108159138969	106
-0.0454111055683599	0.406108159138969	106
-0.04522376365631	0.406159618358576	106
-0.0454111055683599	0.406108159138969	106
-0.0454111055683599	0.406108159138969	106
-0.04522376365631	0.406159618358576	106
-0.04522376365631	0.406159618358576	106
0.09657778724861	1.67569044020333	646
-0.0933510487514699	1.17616312258403	29
-0.0651602818841499	0.748234362154385	576
-0.0501273146083801	0.40572439661199	299
-0.06046902471553	0.74131826500725	92
-0.0808757622873599	1.60996409062782	71
-0.0454111055683599	0.406108159138969	2946
-0.0928339397907201	1.17027862577894	2974
-0.04522376365631	0.406159618358576	128
-0.0909376266516	1.65591796064951	7
-0.04522376365631	0.406159618358576	7
-0.07608962166886	0.760023550642785	7
-0.04522376365631	0.406159618358576	55
-0.0501273146083801	0.40572439661199	55
-0.0707587439584601	0.752445452911296	55
-0.0454111055683599	0.406108159138969	55
-0.0454111055683599	0.406108159138969	55
-0.0501273146083801	0.40572439661199	55
-0.04522376365631	0.406159618358576	55
-0.0454111055683599	0.406108159138969	9
-0.04522376365631	0.406159618358576	9
-0.0454111055683599	0.406108159138969	180
-0.04522376365631	0.406159618358576	180
-0.04522376365631	0.406159618358576	180
-0.0454111055683599	0.406108159138969	180
-0.07608962166886	0.760023550642785	1101
-0.04522376365631	0.406159618358576	1101
-0.04522376365631	0.406159618358576	1984
-0.0454111055683599	0.406108159138969	1984
-0.04522376365631	0.406159618358576	381
-0.0454111055683599	0.406108159138969	1675
-0.04522376365631	0.406159618358576	3353
-0.0454111055683599	0.406108159138969	2028
-0.04522376365631	0.406159618358576	471
-0.0669724935203899	0.755161927952963	25
-0.10374790821983	1.1797411060444	25
-0.04522376365631	0.406159618358576	25
-0.04522376365631	0.406159618358576	198
-0.04522376365631	0.406159618358576	198
-0.0454111055683599	0.406108159138969	198
-0.0669724935203899	0.755161927952963	227
-0.04522376365631	0.406159618358576	507
-0.04522376365631	0.406159618358576	387
-0.06789801192182	0.755319680676232	13
-0.04522376365631	0.406159618358576	106
-0.0454111055683599	0.406108159138969	106
-0.0454111055683599	0.406108159138969	106
-0.0501273146083801	0.40572439661199	106
-0.04522376365631	0.406159618358576	106
-0.0454111055683599	0.406108159138969	106
-0.0454111055683599	0.406108159138969	106
-0.04522376365631	0.406159618358576	106
-0.0454111055683599	0.406108159138969	106
-0.0454111055683599	0.406108159138969	106
-0.04522376365631	0.406159618358576	106
-0.04522376365631	0.406159618358576	106
-0.0454111055683599	0.406108159138969	106
-0.04522376365631	0.406159618358576	106
-0.0454111055683599	0.406108159138969	106
-0.04522376365631	0.406159618358576	646
-0.10017378548457	1.17372844020283	1303
-0.00676730166961992	2.28266600247056	23
-0.04522376365631	0.406159618358576	576
-0.04522376365631	0.406159618358576	576
-0.04522376365631	0.406159618358576	576
-0.0454111055683599	0.406108159138969	639
-0.0454111055683599	0.406108159138969	286
-0.0454111055683599	0.406108159138969	286
-0.0454111055683599	0.406108159138969	2325
-0.04522376365631	0.406159618358576	2325
-0.0454111055683599	0.406108159138969	1095
-0.0454111055683599	0.406108159138969	604
-0.06789801192182	0.755319680676232	604
-0.04522376365631	0.406159618358576	7
-0.04522376365631	0.406159618358576	7
-0.0454111055683599	0.406108159138969	7
-0.04522376365631	0.406159618358576	7
-0.04522376365631	0.406159618358576	55
-0.0454111055683599	0.406108159138969	55
-0.0454111055683599	0.406108159138969	55
-0.04522376365631	0.406159618358576	9
-0.0454111055683599	0.406108159138969	180
-0.0454111055683599	0.406108159138969	34
-0.0454111055683599	0.406108159138969	1101
-0.04522376365631	0.406159618358576	1101
-0.04522376365631	0.406159618358576	9
-0.04522376365631	0.406159618358576	9
-0.0454111055683599	0.406108159138969	381
-0.04522376365631	0.406159618358576	381
-0.04522376365631	0.406159618358576	471
-0.0454111055683599	0.406108159138969	471
-0.06672391556845	0.755139764558434	471
-0.0454111055683599	0.406108159138969	25
-0.0454111055683599	0.406108159138969	25
-0.0454111055683599	0.406108159138969	198
-0.04522376365631	0.406159618358576	198
-0.04522376365631	0.406159618358576	227
-0.04522376365631	0.406159618358576	2596
-0.04522376365631	0.406159618358576	106
-0.04522376365631	0.406159618358576	106
-0.04522376365631	0.406159618358576	106
-0.0454111055683599	0.406108159138969	106
-0.04522376365631	0.406159618358576	106
-0.04522376365631	0.406159618358576	106
-0.0454111055683599	0.406108159138969	106
-0.0501273146083801	0.40572439661199	106
0.0717721318809099	0.965197303659136	62
-0.0454111055683599	0.406108159138969	639
0.00901847904806008	2.24893729915678	71
-0.06555072674751	0.752836446371321	117
-0.0454111055683599	0.406108159138969	117
-0.04522376365631	0.406159618358576	232
-0.04522376365631	0.406159618358576	128
-0.0454111055683599	0.406108159138969	128
-0.04522376365631	0.406159618358576	128
-0.0501273146083801	0.40572439661199	604
-0.0454111055683599	0.406108159138969	55
-0.04522376365631	0.406159618358576	55
-0.0454111055683599	0.406108159138969	9
-0.04522376365631	0.406159618358576	9
-0.04522376365631	0.406159618358576	171
-0.04522376365631	0.406159618358576	9
-0.0454111055683599	0.406108159138969	180
-0.0454111055683599	0.406108159138969	34
-0.0454111055683599	0.406108159138969	1101
-0.04522376365631	0.406159618358576	1984
-0.04522376365631	0.406159618358576	9
-0.0454111055683599	0.406108159138969	1984
-0.04522376365631	0.406159618358576	381
-0.0454111055683599	0.406108159138969	381
-0.0501273146083801	0.40572439661199	381
-0.04522376365631	0.406159618358576	381
-0.0454111055683599	0.406108159138969	471
-0.04522376365631	0.406159618358576	25
-0.04522376365631	0.406159618358576	25
-0.0454111055683599	0.406108159138969	25
-0.0454111055683599	0.406108159138969	3402
-0.06789801192182	0.755319680676232	387
-0.04522376365631	0.406159618358576	387
-0.0454111055683599	0.406108159138969	387
-0.06672391556845	0.755139764558434	2596
-0.04522376365631	0.406159618358576	106
-0.04522376365631	0.406159618358576	106
-0.04522376365631	0.406159618358576	106
-0.0454111055683599	0.406108159138969	106
-0.0454111055683599	0.406108159138969	106
-0.04522376365631	0.406159618358576	106
-0.04522376365631	0.406159618358576	106
-0.0454111055683599	0.406108159138969	106
-0.04522376365631	0.406159618358576	106
-0.04522376365631	0.406159618358576	106
-0.0454111055683599	0.406108159138969	106
-0.0831152104355299	1.63312254514096	646
-0.04522376365631	0.406159618358576	23
-0.06672391556845	0.755139764558434	299
-0.0454111055683599	0.406108159138969	92
-0.04522376365631	0.406159618358576	92
-0.0681459332729899	0.757477944035012	71
0.0708064794577601	0.966270157563041	71
0.07124949495474	0.969829586643215	71
0.0611865749798	0.967189766533588	71
0.10312489206996	1.64531070677349	71
-0.0454111055683599	0.406108159138969	286
-0.04522376365631	0.406159618358576	71
-0.04522376365631	0.406159618358576	286
-0.04522376365631	0.406159618358576	117
-0.04522376365631	0.406159618358576	128
-0.04522376365631	0.406159618358576	3632
-0.0669724935203899	0.755161927952963	604
-0.04522376365631	0.406159618358576	2044
-0.04522376365631	0.406159618358576	7
-0.0454111055683599	0.406108159138969	7
-0.0454111055683599	0.406108159138969	55
-0.0454111055683599	0.406108159138969	55
-0.0454111055683599	0.406108159138969	55
-0.04522376365631	0.406159618358576	9
-0.0454111055683599	0.406108159138969	1859
-0.04522376365631	0.406159618358576	171
-0.0454111055683599	0.406108159138969	1452
-0.04522376365631	0.406159618358576	2509
-0.0501273146083801	0.40572439661199	1984
-0.0454111055683599	0.406108159138969	1984
-0.04522376365631	0.406159618358576	1984
-0.0454111055683599	0.406108159138969	9
-0.04522376365631	0.406159618358576	381
-0.0501273146083801	0.40572439661199	381
-0.0454111055683599	0.406108159138969	381
-0.0454111055683599	0.406108159138969	381
-0.04522376365631	0.406159618358576	381
-0.0501273146083801	0.40572439661199	25
-0.0454111055683599	0.406108159138969	25
-0.04522376365631	0.406159618358576	198
-0.0454111055683599	0.406108159138969	198
-0.0454111055683599	0.406108159138969	198
-0.07231749393078	0.757183848190581	507
-0.0454111055683599	0.406108159138969	387
-0.0454111055683599	0.406108159138969	387
-0.04522376365631	0.406159618358576	13
-0.04522376365631	0.406159618358576	13
-0.0501273146083801	0.40572439661199	2596
-0.04522376365631	0.406159618358576	2596
-0.0669724935203899	0.755161927952963	106
-0.04522376365631	0.406159618358576	106
-0.04522376365631	0.406159618358576	106
-0.0454111055683599	0.406108159138969	106
-0.0454111055683599	0.406108159138969	106
-0.04522376365631	0.406159618358576	106
-0.0454111055683599	0.406108159138969	106
-0.0454111055683599	0.406108159138969	106
-0.04522376365631	0.406159618358576	106
-0.0454111055683599	0.406108159138969	106
-0.0454111055683599	0.406108159138969	106
-0.0501273146083801	0.40572439661199	106
-0.0454111055683599	0.406108159138969	106
-0.0501273146083801	0.40572439661199	576
-0.0454111055683599	0.406108159138969	299
-0.06555072674751	0.752836446371321	762
-0.0454111055683599	0.406108159138969	71
0.00603417374086002	2.23339871839434	272
-0.04522376365631	0.406159618358576	286
-0.0707587439584601	0.752445452911296	117
-0.04522376365631	0.406159618358576	117
-0.0454111055683599	0.406108159138969	117
-0.04522376365631	0.406159618358576	3400
-0.0454111055683599	0.406108159138969	3632
-0.0454111055683599	0.406108159138969	128
-0.06789801192182	0.755319680676232	128
-0.0454111055683599	0.406108159138969	604
-0.0454111055683599	0.406108159138969	604
-0.0454111055683599	0.406108159138969	55
-0.0454111055683599	0.406108159138969	55
-0.04522376365631	0.406159618358576	55
-0.0454111055683599	0.406108159138969	55
-0.0501273146083801	0.40572439661199	55
-0.0501273146083801	0.40572439661199	9
-0.04522376365631	0.406159618358576	1859
-0.0454111055683599	0.406108159138969	171
-0.0501273146083801	0.40572439661199	171
-0.04522376365631	0.406159618358576	180
-0.04522376365631	0.406159618358576	9
-0.0501273146083801	0.40572439661199	1984
-0.06789801192182	0.755319680676232	3138
-0.04522376365631	0.406159618358576	1984
-0.04522376365631	0.406159618358576	9
-0.04522376365631	0.406159618358576	381
-0.0454111055683599	0.406108159138969	381
-0.04522376365631	0.406159618358576	381
-0.0454111055683599	0.406108159138969	381
-0.0454111055683599	0.406108159138969	381
-0.0454111055683599	0.406108159138969	471
-0.04522376365631	0.406159618358576	25
-0.04522376365631	0.406159618358576	25
-0.04522376365631	0.406159618358576	25
-0.0454111055683599	0.406108159138969	25
-0.04522376365631	0.406159618358576	198
-0.0454111055683599	0.406108159138969	198
-0.0454111055683599	0.406108159138969	198
-0.0454111055683599	0.406108159138969	198
-0.0454111055683599	0.406108159138969	387
-0.0693202809442	0.7576566965492	13
-0.04522376365631	0.406159618358576	106
-0.04522376365631	0.406159618358576	106
-0.04522376365631	0.406159618358576	106
-0.0454111055683599	0.406108159138969	106
-0.0454111055683599	0.406108159138969	106
-0.04522376365631	0.406159618358576	106
-0.0501273146083801	0.40572439661199	106
-0.04522376365631	0.406159618358576	106
-0.04522376365631	0.406159618358576	106
-0.04522376365631	0.406159618358576	106
-0.0454111055683599	0.406108159138969	106
-0.0454111055683599	0.406108159138969	106
-0.04522376365631	0.406159618358576	106
-0.04522376365631	0.406159618358576	414
-0.04522376365631	0.406159618358576	414
-0.04522376365631	0.406159618358576	414
-0.0454111055683599	0.406108159138969	414
-0.0454111055683599	0.406108159138969	414
-0.0454111055683599	0.406108159138969	1039
-0.0454111055683599	0.406108159138969	1039
-0.04522376365631	0.406159618358576	414
-0.0454111055683599	0.406108159138969	646
-0.04522376365631	0.406159618358576	646
-0.0501273146083801	0.40572439661199	646
-0.0501273146083801	0.40572439661199	220
-0.0454111055683599	0.406108159138969	62
-0.0454111055683599	0.406108159138969	62
-0.0454111055683599	0.406108159138969	220
-0.0454111055683599	0.406108159138969	220
-0.04522376365631	0.406159618358576	220
-0.0693202809442	0.7576566965492	220
-0.0616404802900501	0.747635014309802	220
-0.07373483340545	0.759520768730619	220
-0.04522376365631	0.406159618358576	23
-0.07638682911645	0.748421150591113	23
-0.04522376365631	0.406159618358576	220
-0.0501273146083801	0.40572439661199	1303
-0.04522376365631	0.406159618358576	397
-0.0454111055683599	0.406108159138969	397
-0.04522376365631	0.406159618358576	397
-0.04522376365631	0.406159618358576	576
-0.0454111055683599	0.406108159138969	576
-0.04522376365631	0.406159618358576	576
-0.0454111055683599	0.406108159138969	576
-0.04522376365631	0.406159618358576	299
-0.0454111055683599	0.406108159138969	78
-0.0454111055683599	0.406108159138969	71
-0.04522376365631	0.406159618358576	1700
-0.0454111055683599	0.406108159138969	1700
-0.0501273146083801	0.40572439661199	286
-0.06555072674751	0.752836446371321	286
-0.0454111055683599	0.406108159138969	286
-0.0454111055683599	0.406108159138969	286
-0.0454111055683599	0.406108159138969	286
-0.0454111055683599	0.406108159138969	117
-0.0454111055683599	0.406108159138969	117
-0.0454111055683599	0.406108159138969	7
-0.04522376365631	0.406159618358576	7
-0.0501273146083801	0.40572439661199	7
-0.0454111055683599	0.406108159138969	7
-0.04522376365631	0.406159618358576	7
-0.04522376365631	0.406159618358576	7
-0.0454111055683599	0.406108159138969	9
-0.04522376365631	0.406159618358576	9
-0.0501273146083801	0.40572439661199	55
-0.04522376365631	0.406159618358576	55
-0.0454111055683599	0.406108159138969	1859
-0.0454111055683599	0.406108159138969	1859
-0.0501273146083801	0.40572439661199	171
-0.0454111055683599	0.406108159138969	9
-0.04522376365631	0.406159618358576	9
-0.04522376365631	0.406159618358576	9
-0.04522376365631	0.406159618358576	1984
-0.0454111055683599	0.406108159138969	1734
-0.04522376365631	0.406159618358576	9
-0.04522376365631	0.406159618358576	471
-0.0454111055683599	0.406108159138969	471
-0.0454111055683599	0.406108159138969	471
-0.0454111055683599	0.406108159138969	25
-0.0454111055683599	0.406108159138969	25
-0.04522376365631	0.406159618358576	198
-0.04522376365631	0.406159618358576	198
-0.04522376365631	0.406159618358576	198
-0.0454111055683599	0.406108159138969	198
-0.04522376365631	0.406159618358576	198
-0.0501273146083801	0.40572439661199	198
-0.0454111055683599	0.406108159138969	387
-0.04522376365631	0.406159618358576	387
-0.0454111055683599	0.406108159138969	387
-0.0454111055683599	0.406108159138969	387
0.00766447987435992	1.87449244395524	414
0.05654118965399	0.958829366061232	220
-0.04522376365631	0.406159618358576	220
-0.0454111055683599	0.406108159138969	220
-0.0996610882575699	1.18204217377115	397
-0.0501273146083801	0.40572439661199	576
-0.04522376365631	0.406159618358576	576
-0.0454111055683599	0.406108159138969	299
-0.0501273146083801	0.40572439661199	299
-0.0454111055683599	0.406108159138969	71
-0.07231749393078	0.757183848190581	1700
-0.04522376365631	0.406159618358576	286
-0.04522376365631	0.406159618358576	286
-0.04522376365631	0.406159618358576	128
-0.04522376365631	0.406159618358576	3632
-0.0900913287160801	1.1749943903946	128
-0.0454111055683599	0.406108159138969	604
-0.0454111055683599	0.406108159138969	604
-0.04522376365631	0.406159618358576	604
-0.0501273146083801	0.40572439661199	604
-0.04522376365631	0.406159618358576	604
-0.0454111055683599	0.406108159138969	55
-0.04522376365631	0.406159618358576	55
-0.0454111055683599	0.406108159138969	55
-0.0454111055683599	0.406108159138969	55
-0.0454111055683599	0.406108159138969	55
-0.0454111055683599	0.406108159138969	55
-0.0454111055683599	0.406108159138969	55
-0.0454111055683599	0.406108159138969	1859
-0.0454111055683599	0.406108159138969	171
-0.0454111055683599	0.406108159138969	171
-0.04522376365631	0.406159618358576	1452
-0.0454111055683599	0.406108159138969	1452
-0.04522376365631	0.406159618358576	1452
-0.04522376365631	0.406159618358576	180
-0.0454111055683599	0.406108159138969	9
-0.04522376365631	0.406159618358576	9
-0.0454111055683599	0.406108159138969	2084
-0.0454111055683599	0.406108159138969	2084
-0.04522376365631	0.406159618358576	1984
-0.0454111055683599	0.406108159138969	1734
-0.0454111055683599	0.406108159138969	1734
-0.0454111055683599	0.406108159138969	381
-0.0501273146083801	0.40572439661199	471
-0.04522376365631	0.406159618358576	471
-0.04522376365631	0.406159618358576	25
-0.04522376365631	0.406159618358576	198
-0.04522376365631	0.406159618358576	2123
-0.0501273146083801	0.40572439661199	387
-0.04522376365631	0.406159618358576	387
-0.04522376365631	0.406159618358576	387
-0.0454111055683599	0.406108159138969	387
-0.04522376365631	0.406159618358576	13
-0.0454111055683599	0.406108159138969	13
-0.0454111055683599	0.406108159138969	13
-0.04522376365631	0.406159618358576	13
-0.0454111055683599	0.406108159138969	13
-0.0454111055683599	0.406108159138969	106
-0.04522376365631	0.406159618358576	106
-0.04522376365631	0.406159618358576	106
-0.04522376365631	0.406159618358576	106
-0.04522376365631	0.406159618358576	106
-0.04522376365631	0.406159618358576	106
-0.0454111055683599	0.406108159138969	265
-0.0501273146083801	0.40572439661199	106
-0.04522376365631	0.406159618358576	106
-0.0454111055683599	0.406108159138969	106
-0.0454111055683599	0.406108159138969	414
-0.0454111055683599	0.406108159138969	646
-0.09874898540729	1.1824531325729	1303
-0.0454111055683599	0.406108159138969	71
-0.0702489325383799	0.747751043646639	1700
-0.0454111055683599	0.406108159138969	286
-0.0454111055683599	0.406108159138969	286
-0.0454111055683599	0.406108159138969	286
-0.04522376365631	0.406159618358576	117
-0.0454111055683599	0.406108159138969	117
-0.04522376365631	0.406159618358576	3400
-0.04522376365631	0.406159618358576	3400
-0.0454111055683599	0.406108159138969	3400
-0.04522376365631	0.406159618358576	3103
-0.04522376365631	0.406159618358576	3632
-0.04522376365631	0.406159618358576	128
-0.0454111055683599	0.406108159138969	604
-0.0454111055683599	0.406108159138969	2044
-0.0454111055683599	0.406108159138969	2044
-0.07349417803259	0.758718061977533	9
-0.04522376365631	0.406159618358576	55
-0.04522376365631	0.406159618358576	1859
-0.0454111055683599	0.406108159138969	171
-0.04522376365631	0.406159618358576	1452
-0.0454111055683599	0.406108159138969	9
-0.0454111055683599	0.406108159138969	2509
-0.0454111055683599	0.406108159138969	2509
-0.0454111055683599	0.406108159138969	2084
-0.0454111055683599	0.406108159138969	1984
-0.0454111055683599	0.406108159138969	1984
-0.0454111055683599	0.406108159138969	1984
-0.04522376365631	0.406159618358576	1984
-0.0752082556493501	0.748101761838019	2626
-0.04522376365631	0.406159618358576	381
-0.0501273146083801	0.40572439661199	9
-0.04522376365631	0.406159618358576	381
-0.0454111055683599	0.406108159138969	381
-0.04522376365631	0.406159618358576	381
-0.04522376365631	0.406159618358576	471
-0.0454111055683599	0.406108159138969	471
-0.06907301713506	0.753429338745028	25
-0.07491177099641	0.761062662410459	25
-0.04522376365631	0.406159618358576	25
-0.0501273146083801	0.40572439661199	198
-0.04522376365631	0.406159618358576	198
-0.0454111055683599	0.406108159138969	198
-0.0454111055683599	0.406108159138969	198
-0.04522376365631	0.406159618358576	198
-0.04522376365631	0.406159618358576	198
-0.0454111055683599	0.406108159138969	387
-0.0454111055683599	0.406108159138969	387
-0.06907301713506	0.753429338745028	13
-0.04522376365631	0.406159618358576	265
-0.04522376365631	0.406159618358576	106
-0.04522376365631	0.406159618358576	106
-0.0454111055683599	0.406108159138969	106
-0.0454111055683599	0.406108159138969	106
-0.04522376365631	0.406159618358576	106
-0.04522376365631	0.406159618358576	106
-0.04522376365631	0.406159618358576	106
-0.04522376365631	0.406159618358576	106
-0.0785584913211901	2.09037878036655	414
0.04823852319752	2.43810059531502	646
-0.09152710079144	1.66030947009203	414
-0.08733703829764	1.16529667180575	220
-0.07491177099641	0.761062662410459	576
-0.06555072674751	0.752836446371321	78
-0.04522376365631	0.406159618358576	595
0.06802447085993	0.966528697867607	325
-0.0454111055683599	0.406108159138969	117
-0.0454111055683599	0.406108159138969	128
-0.04522376365631	0.406159618358576	604
-0.0454111055683599	0.406108159138969	2044
-0.0454111055683599	0.406108159138969	2044
-0.0693202809442	0.7576566965492	2044
-0.04522376365631	0.406159618358576	9
-0.0454111055683599	0.406108159138969	55
-0.04522376365631	0.406159618358576	55
-0.04522376365631	0.406159618358576	55
-0.0454111055683599	0.406108159138969	3432
-0.04522376365631	0.406159618358576	171
-0.0501273146083801	0.40572439661199	1452
-0.0454111055683599	0.406108159138969	180
-0.0454111055683599	0.406108159138969	586
-0.0454111055683599	0.406108159138969	586
-0.0454111055683599	0.406108159138969	1984
-0.04522376365631	0.406159618358576	1984
-0.04522376365631	0.406159618358576	1984
-0.0454111055683599	0.406108159138969	1984
-0.07255880756041	0.753613125904852	9
-0.0454111055683599	0.406108159138969	381
-0.0454111055683599	0.406108159138969	381
-0.04522376365631	0.406159618358576	1170
-0.0454111055683599	0.406108159138969	471
-0.04522376365631	0.406159618358576	471
0.0734122097485901	0.961670107321016	227
-0.04522376365631	0.406159618358576	387
-0.04522376365631	0.406159618358576	387
-0.07373483340545	0.759520768730619	13
-0.04522376365631	0.406159618358576	106
-0.04522376365631	0.406159618358576	106
-0.04522376365631	0.406159618358576	106
-0.0501273146083801	0.40572439661199	106
-0.0454111055683599	0.406108159138969	106
-0.04522376365631	0.406159618358576	106
-0.0454111055683599	0.406108159138969	106
-0.0454111055683599	0.406108159138969	106
-0.0454111055683599	0.406108159138969	106
-0.0454111055683599	0.406108159138969	106
0.0947600800039099	1.67148018893574	414
-0.0896641051370799	1.17829735828949	414
-0.0746717748247101	0.757687975137559	362
-0.0616404802900501	0.747635014309802	220
-0.0973444642785299	1.17452525511356	220
-0.06672391556845	0.755139764558434	685
0.0596620561030301	0.958065968852017	397
0.0709086257571501	0.970946310477819	397
-0.0454111055683599	0.406108159138969	576
-0.0501273146083801	0.40572439661199	595
-0.0454111055683599	0.406108159138969	92
-0.0454111055683599	0.406108159138969	325
-0.04522376365631	0.406159618358576	71
-0.04522376365631	0.406159618358576	286
-0.04522376365631	0.406159618358576	71
-0.04522376365631	0.406159618358576	286
-0.0454111055683599	0.406108159138969	71
-0.0454111055683599	0.406108159138969	3103
-0.0454111055683599	0.406108159138969	1007
-0.0454111055683599	0.406108159138969	3632
-0.0454111055683599	0.406108159138969	2016
-0.04522376365631	0.406159618358576	7
-0.0501273146083801	0.40572439661199	2044
-0.0454111055683599	0.406108159138969	7
-0.0454111055683599	0.406108159138969	9
-0.0454111055683599	0.406108159138969	55
-0.0454111055683599	0.406108159138969	55
-0.04522376365631	0.406159618358576	2608
-0.0454111055683599	0.406108159138969	55
-0.04522376365631	0.406159618358576	3432
-0.0454111055683599	0.406108159138969	3432
-0.0454111055683599	0.406108159138969	3432
-0.0454111055683599	0.406108159138969	3432
-0.04522376365631	0.406159618358576	3041
-0.04522376365631	0.406159618358576	3041
-0.0454111055683599	0.406108159138969	171
-0.0454111055683599	0.406108159138969	171
-0.0454111055683599	0.406108159138969	9
-0.04522376365631	0.406159618358576	180
-0.0454111055683599	0.406108159138969	180
-0.04522376365631	0.406159618358576	180
-0.0501273146083801	0.40572439661199	1596
-0.0454111055683599	0.406108159138969	1596
-0.04522376365631	0.406159618358576	1596
-0.0454111055683599	0.406108159138969	586
-0.0454111055683599	0.406108159138969	586
-0.0454111055683599	0.406108159138969	9
-0.04522376365631	0.406159618358576	1984
-0.0454111055683599	0.406108159138969	381
-0.04522376365631	0.406159618358576	381
-0.04522376365631	0.406159618358576	381
-0.0454111055683599	0.406108159138969	471
-0.0501273146083801	0.40572439661199	25
-0.0501273146083801	0.40572439661199	25
-0.04522376365631	0.406159618358576	25
-0.0454111055683599	0.406108159138969	25
-0.0454111055683599	0.406108159138969	198
-0.0454111055683599	0.406108159138969	198
-0.04522376365631	0.406159618358576	198
-0.04522376365631	0.406159618358576	25
-0.04522376365631	0.406159618358576	198
-0.04522376365631	0.406159618358576	1256
-0.04522376365631	0.406159618358576	1256
-0.0454111055683599	0.406108159138969	387
-0.04522376365631	0.406159618358576	387
-0.04522376365631	0.406159618358576	13
-0.0454111055683599	0.406108159138969	13
-0.04522376365631	0.406159618358576	106
-0.0501273146083801	0.40572439661199	106
-0.04522376365631	0.406159618358576	106
-0.0454111055683599	0.406108159138969	106
-0.04522376365631	0.406159618358576	106
-0.04522376365631	0.406159618358576	106
-0.0454111055683599	0.406108159138969	106
-0.0454111055683599	0.406108159138969	106
-0.04522376365631	0.406159618358576	106
-0.04522376365631	0.406159618358576	106
-0.0454111055683599	0.406108159138969	106
-0.0454111055683599	0.406108159138969	106
-0.0454111055683599	0.406108159138969	106
-0.0454111055683599	0.406108159138969	106
-0.0454111055683599	0.406108159138969	106
-0.04522376365631	0.406159618358576	106
-0.06789801192182	0.755319680676232	414
-0.04522376365631	0.406159618358576	414
-0.0501273146083801	0.40572439661199	414
-0.0454111055683599	0.406108159138969	414
-0.04522376365631	0.406159618358576	2173
-0.0454111055683599	0.406108159138969	414
-0.04522376365631	0.406159618358576	414
-0.04522376365631	0.406159618358576	220
-0.07255880756041	0.753613125904852	220
-0.0501273146083801	0.40572439661199	750
-0.07231749393078	0.757183848190581	750
-0.0669724935203899	0.755161927952963	1303
-0.0746717748247101	0.757687975137559	397
-0.04522376365631	0.406159618358576	23
-0.04522376365631	0.406159618358576	23
-0.0454111055683599	0.406108159138969	576
-0.0454111055683599	0.406108159138969	78
-0.04522376365631	0.406159618358576	78
-0.0454111055683599	0.406108159138969	595
-0.06789801192182	0.755319680676232	595
-0.04522376365631	0.406159618358576	595
-0.04522376365631	0.406159618358576	595
-0.04522376365631	0.406159618358576	325
-0.04522376365631	0.406159618358576	325
-0.04522376365631	0.406159618358576	325
-0.0454111055683599	0.406108159138969	325
-0.0501273146083801	0.40572439661199	1700
-0.04522376365631	0.406159618358576	71
-0.0454111055683599	0.406108159138969	71
-0.04522376365631	0.406159618358576	286
-0.0454111055683599	0.406108159138969	1597
-0.0454111055683599	0.406108159138969	117
-0.04522376365631	0.406159618358576	3473
-0.0454111055683599	0.406108159138969	128
-0.04522376365631	0.406159618358576	128
-0.0454111055683599	0.406108159138969	1007
-0.04522376365631	0.406159618358576	258
-0.04522376365631	0.406159618358576	2016
-0.04522376365631	0.406159618358576	128
-0.0501273146083801	0.40572439661199	1845
-0.04522376365631	0.406159618358576	604
-0.04522376365631	0.406159618358576	2044
-0.04522376365631	0.406159618358576	2044
-0.0454111055683599	0.406108159138969	2044
-0.04522376365631	0.406159618358576	2044
-0.0454111055683599	0.406108159138969	7
-0.04522376365631	0.406159618358576	9
-0.04522376365631	0.406159618358576	55
-0.04522376365631	0.406159618358576	55
-0.0501273146083801	0.40572439661199	55
-0.0454111055683599	0.406108159138969	55
-0.04522376365631	0.406159618358576	9
-0.0454111055683599	0.406108159138969	2608
-0.0454111055683599	0.406108159138969	9
-0.04522376365631	0.406159618358576	9
-0.04522376365631	0.406159618358576	9
-0.0501273146083801	0.40572439661199	1452
-0.0501273146083801	0.40572439661199	180
-0.0454111055683599	0.406108159138969	180
-0.0454111055683599	0.406108159138969	180
-0.04522376365631	0.406159618358576	1596
-0.0454111055683599	0.406108159138969	1596
-0.0501273146083801	0.40572439661199	1596
-0.04522376365631	0.406159618358576	1596
-0.0454111055683599	0.406108159138969	586
-0.0454111055683599	0.406108159138969	586
-0.0454111055683599	0.406108159138969	586
-0.04522376365631	0.406159618358576	586
-0.04522376365631	0.406159618358576	1984
-0.04522376365631	0.406159618358576	1984
-0.04522376365631	0.406159618358576	1984
-0.0454111055683599	0.406108159138969	1984
-0.0693202809442	0.7576566965492	1984
-0.04522376365631	0.406159618358576	1984
-0.04522376365631	0.406159618358576	9
-0.04522376365631	0.406159618358576	381
-0.04522376365631	0.406159618358576	471
-0.0501273146083801	0.40572439661199	471
-0.04522376365631	0.406159618358576	25
-0.04522376365631	0.406159618358576	25
-0.0454111055683599	0.406108159138969	25
-0.0454111055683599	0.406108159138969	25
-0.0454111055683599	0.406108159138969	25
-0.04522376365631	0.406159618358576	25
-0.0454111055683599	0.406108159138969	25
-0.0454111055683599	0.406108159138969	25
-0.0454111055683599	0.406108159138969	25
-0.0454111055683599	0.406108159138969	1256
-0.0454111055683599	0.406108159138969	227
-0.04522376365631	0.406159618358576	387
-0.0454111055683599	0.406108159138969	387
-0.04522376365631	0.406159618358576	387
-0.04522376365631	0.406159618358576	387
-0.04522376365631	0.406159618358576	106
-0.04522376365631	0.406159618358576	106
-0.0454111055683599	0.406108159138969	106
-0.0454111055683599	0.406108159138969	106
-0.04522376365631	0.406159618358576	106
-0.04522376365631	0.406159618358576	106
-0.04522376365631	0.406159618358576	106
-0.0454111055683599	0.406108159138969	414
-0.0864903716660499	1.6543005269084	750
-0.09100906407231	1.17626309687335	117
-0.0681459332729899	0.757477944035012	128
-0.06672391556845	0.755139764558434	7
-0.0746717748247101	0.757687975137559	604
-0.0454111055683599	0.406108159138969	55
-0.0669724935203899	0.755161927952963	55
-0.04522376365631	0.406159618358576	9
-0.07255880756041	0.753613125904852	3041
-0.04522376365631	0.406159618358576	1452
-0.04522376365631	0.406159618358576	2666
-0.0454111055683599	0.406108159138969	381
-0.0454111055683599	0.406108159138969	381
-0.04522376365631	0.406159618358576	471
-0.04522376365631	0.406159618358576	471
-0.04522376365631	0.406159618358576	25
-0.04522376365631	0.406159618358576	3405
-0.04522376365631	0.406159618358576	25
-0.04522376365631	0.406159618358576	1256
-0.04522376365631	0.406159618358576	387
-0.0454111055683599	0.406108159138969	106
-0.0454111055683599	0.406108159138969	106
-0.0454111055683599	0.406108159138969	265
-0.04522376365631	0.406159618358576	106
-0.04522376365631	0.406159618358576	106
-0.04522376365631	0.406159618358576	106
-0.04522376365631	0.406159618358576	106
-0.0454111055683599	0.406108159138969	106
-0.04522376365631	0.406159618358576	106
-0.0793549045361299	0.750532898549476	29
-0.07491177099641	0.761062662410459	68
-0.07491177099641	0.761062662410459	220
-0.04522376365631	0.406159618358576	750
-0.07491177099641	0.761062662410459	3107
-0.07719251140894	1.60720125026833	397
-0.04522376365631	0.406159618358576	576
-0.0454111055683599	0.406108159138969	595
-0.0681459332729899	0.757477944035012	2348
-0.04522376365631	0.406159618358576	286
-0.04522376365631	0.406159618358576	286
-0.06281284079462	0.749911386602174	513
-0.04522376365631	0.406159618358576	71
-0.07255880756041	0.753613125904852	117
-0.0454111055683599	0.406108159138969	40
-0.04522376365631	0.406159618358576	117
-0.0454111055683599	0.406108159138969	1325
-0.0454111055683599	0.406108159138969	1325
-0.0454111055683599	0.406108159138969	1019
-0.04522376365631	0.406159618358576	1007
-0.0501273146083801	0.40572439661199	258
-0.06907301713506	0.753429338745028	258
-0.0454111055683599	0.406108159138969	128
-0.0454111055683599	0.406108159138969	1845
-0.04522376365631	0.406159618358576	7
-0.0454111055683599	0.406108159138969	7
-0.04522376365631	0.406159618358576	7
-0.0501273146083801	0.40572439661199	9
-0.0454111055683599	0.406108159138969	55
-0.0454111055683599	0.406108159138969	55
-0.04522376365631	0.406159618358576	55
-0.04522376365631	0.406159618358576	55
-0.0454111055683599	0.406108159138969	9
-0.04522376365631	0.406159618358576	9
-0.0454111055683599	0.406108159138969	9
-0.0454111055683599	0.406108159138969	9
-0.04522376365631	0.406159618358576	9
-0.04522376365631	0.406159618358576	9
-0.0454111055683599	0.406108159138969	180
-0.0454111055683599	0.406108159138969	180
-0.04522376365631	0.406159618358576	180
-0.04522376365631	0.406159618358576	180
-0.0454111055683599	0.406108159138969	180
-0.0454111055683599	0.406108159138969	2876
-0.0501273146083801	0.40572439661199	586
-0.0454111055683599	0.406108159138969	586
-0.04522376365631	0.406159618358576	586
-0.0501273146083801	0.40572439661199	1984
-0.0454111055683599	0.406108159138969	1984
-0.04522376365631	0.406159618358576	9
-0.0454111055683599	0.406108159138969	9
-0.04522376365631	0.406159618358576	381
-0.0501273146083801	0.40572439661199	381
-0.04522376365631	0.406159618358576	381
-0.0454111055683599	0.406108159138969	471
-0.04522376365631	0.406159618358576	471
-0.0501273146083801	0.40572439661199	471
-0.0454111055683599	0.406108159138969	25
-0.04522376365631	0.406159618358576	25
-0.0454111055683599	0.406108159138969	25
-0.0454111055683599	0.406108159138969	1117
-0.0454111055683599	0.406108159138969	1117
-0.0501273146083801	0.40572439661199	1117
-0.0454111055683599	0.406108159138969	13
-0.04522376365631	0.406159618358576	25
-0.0454111055683599	0.406108159138969	25
-0.04522376365631	0.406159618358576	1256
-0.04522376365631	0.406159618358576	1256
-0.04522376365631	0.406159618358576	387
-0.0454111055683599	0.406108159138969	387
-0.04522376365631	0.406159618358576	387
-0.04522376365631	0.406159618358576	387
-0.04522376365631	0.406159618358576	387
-0.04522376365631	0.406159618358576	13
-0.04522376365631	0.406159618358576	13
-0.04522376365631	0.406159618358576	106
-0.04522376365631	0.406159618358576	106
-0.0454111055683599	0.406108159138969	3184
-0.0454111055683599	0.406108159138969	3184
-0.04522376365631	0.406159618358576	106
-0.0454111055683599	0.406108159138969	106
-0.0501273146083801	0.40572439661199	106
-0.0454111055683599	0.406108159138969	106
-0.0501273146083801	0.40572439661199	414
-0.0454111055683599	0.406108159138969	414
0.0727371858550601	0.962577209907809	414
-0.04522376365631	0.406159618358576	130
-0.04522376365631	0.406159618358576	414
-0.04522376365631	0.406159618358576	414
-0.0454111055683599	0.406108159138969	414
-0.04522376365631	0.406159618358576	414
-0.04522376365631	0.406159618358576	414
-0.0454111055683599	0.406108159138969	414
-0.0454111055683599	0.406108159138969	414
-0.0454111055683599	0.406108159138969	414
-0.04522376365631	0.406159618358576	414
-0.04522376365631	0.406159618358576	2173
-0.04522376365631	0.406159618358576	2173
-0.04522376365631	0.406159618358576	414
-0.0454111055683599	0.406108159138969	414
-0.0454111055683599	0.406108159138969	414
-0.04522376365631	0.406159618358576	29
-0.0454111055683599	0.406108159138969	29
-0.04522376365631	0.406159618358576	220
-0.0454111055683599	0.406108159138969	220
-0.0454111055683599	0.406108159138969	220
-0.0454111055683599	0.406108159138969	220
-0.0501273146083801	0.40572439661199	220
-0.04522376365631	0.406159618358576	220
-0.04522376365631	0.406159618358576	130
-0.04522376365631	0.406159618358576	220
-0.0454111055683599	0.406108159138969	44
-0.0501273146083801	0.40572439661199	750
-0.04522376365631	0.406159618358576	750
-0.04522376365631	0.406159618358576	23
-0.04522376365631	0.406159618358576	3107
-0.0454111055683599	0.406108159138969	23
-0.0454111055683599	0.406108159138969	23
-0.0454111055683599	0.406108159138969	397
-0.04522376365631	0.406159618358576	397
-0.0454111055683599	0.406108159138969	397
-0.0454111055683599	0.406108159138969	23
-0.04522376365631	0.406159618358576	576
-0.0454111055683599	0.406108159138969	576
-0.04522376365631	0.406159618358576	595
-0.04522376365631	0.406159618358576	595
-0.04522376365631	0.406159618358576	595
-0.0501273146083801	0.40572439661199	325
-0.04522376365631	0.406159618358576	325
-0.04522376365631	0.406159618358576	325
-0.04522376365631	0.406159618358576	325
-0.04522376365631	0.406159618358576	325
-0.0501273146083801	0.40572439661199	2348
-0.0454111055683599	0.406108159138969	2348
-0.0454111055683599	0.406108159138969	2348
-0.0454111055683599	0.406108159138969	286
-0.04522376365631	0.406159618358576	286
-0.04522376365631	0.406159618358576	513
-0.04522376365631	0.406159618358576	513
-0.04522376365631	0.406159618358576	513
-0.04522376365631	0.406159618358576	1597
-0.0454111055683599	0.406108159138969	1597
-0.0501273146083801	0.40572439661199	117
-0.04522376365631	0.406159618358576	1325
-0.0454111055683599	0.406108159138969	1325
-0.0454111055683599	0.406108159138969	1019
-0.0501273146083801	0.40572439661199	1019
-0.0454111055683599	0.406108159138969	1019
-0.04522376365631	0.406159618358576	1007
-0.04522376365631	0.406159618358576	128
-0.0454111055683599	0.406108159138969	7
-0.0454111055683599	0.406108159138969	7
-0.04522376365631	0.406159618358576	55
-0.04522376365631	0.406159618358576	55
-0.0454111055683599	0.406108159138969	2876
-0.04522376365631	0.406159618358576	9
-0.04522376365631	0.406159618358576	381
-0.0454111055683599	0.406108159138969	25
-0.04522376365631	0.406159618358576	25
-0.0454111055683599	0.406108159138969	387
-0.04522376365631	0.406159618358576	387
-0.04522376365631	0.406159618358576	387
-0.0454111055683599	0.406108159138969	387
-0.04522376365631	0.406159618358576	106
-0.0454111055683599	0.406108159138969	106
-0.04522376365631	0.406159618358576	265
-0.04522376365631	0.406159618358576	595
-0.0454111055683599	0.406108159138969	595
-0.0454111055683599	0.406108159138969	595
-0.07608962166886	0.760023550642785	414
-0.04522376365631	0.406159618358576	414
-0.06437844413432	0.746436419448748	907
-0.0454111055683599	0.406108159138969	1031
-0.0454111055683599	0.406108159138969	1031
-0.0454111055683599	0.406108159138969	1031
-0.04522376365631	0.406159618358576	595
-0.0940485094633601	1.65457079768919	595
-0.0501273146083801	0.40572439661199	92
-0.0501273146083801	0.40572439661199	325
-0.0454111055683599	0.406108159138969	2348
-0.0454111055683599	0.406108159138969	1597
-0.0501273146083801	0.40572439661199	1495
-0.04522376365631	0.406159618358576	1325
-0.04522376365631	0.406159618358576	1325
-0.04522376365631	0.406159618358576	1325
-0.04522376365631	0.406159618358576	1149
-0.04522376365631	0.406159618358576	1019
-0.04522376365631	0.406159618358576	1019
-0.04522376365631	0.406159618358576	1149
-0.0454111055683599	0.406108159138969	128
-0.04522376365631	0.406159618358576	1007
-0.04522376365631	0.406159618358576	1007
-0.0454111055683599	0.406108159138969	654
-0.04522376365631	0.406159618358576	654
-0.0454111055683599	0.406108159138969	258
-0.0501273146083801	0.40572439661199	7
-0.0454111055683599	0.406108159138969	7
-0.04522376365631	0.406159618358576	2044
-0.04522376365631	0.406159618358576	7
-0.04522376365631	0.406159618358576	55
-0.04522376365631	0.406159618358576	55
-0.04522376365631	0.406159618358576	55
-0.0919273348354901	1.17569265555092	55
-0.04522376365631	0.406159618358576	55
-0.04522376365631	0.406159618358576	2678
-0.0454111055683599	0.406108159138969	9
-0.0454111055683599	0.406108159138969	3041
-0.04522376365631	0.406159618358576	9
-0.04522376365631	0.406159618358576	1752
-0.04522376365631	0.406159618358576	9
-0.04522376365631	0.406159618358576	180
-0.0454111055683599	0.406108159138969	180
-0.06907301713506	0.753429338745028	180
-0.0454111055683599	0.406108159138969	586
-0.04522376365631	0.406159618358576	586
-0.04522376365631	0.406159618358576	586
-0.0454111055683599	0.406108159138969	9
-0.0454111055683599	0.406108159138969	1984
-0.04522376365631	0.406159618358576	1984
-0.0501273146083801	0.40572439661199	1984
-0.0454111055683599	0.406108159138969	381
-0.0501273146083801	0.40572439661199	381
-0.04522376365631	0.406159618358576	1450
-0.0501273146083801	0.40572439661199	471
-0.0454111055683599	0.406108159138969	471
-0.0454111055683599	0.406108159138969	25
-0.04522376365631	0.406159618358576	1117
-0.04522376365631	0.406159618358576	712
-0.0454111055683599	0.406108159138969	1256
-0.04522376365631	0.406159618358576	3404
-0.0454111055683599	0.406108159138969	2846
-0.0454111055683599	0.406108159138969	2846
-0.04522376365631	0.406159618358576	227
-0.04522376365631	0.406159618358576	106
-0.0454111055683599	0.406108159138969	106
-0.04522376365631	0.406159618358576	106
-0.0454111055683599	0.406108159138969	106
-0.04522376365631	0.406159618358576	106
-0.04522376365631	0.406159618358576	106
-0.04522376365631	0.406159618358576	106
-0.04522376365631	0.406159618358576	106
-0.04522376365631	0.406159618358576	78
-0.04522376365631	0.406159618358576	595
-0.0454111055683599	0.406108159138969	595
-0.04522376365631	0.406159618358576	325
0.11676027525073	2.22509399098432	71
-0.04522376365631	0.406159618358576	2330
-0.04522376365631	0.406159618358576	1149
-0.04522376365631	0.406159618358576	2395
-0.0454111055683599	0.406108159138969	128
-0.0501273146083801	0.40572439661199	1007
-0.0454111055683599	0.406108159138969	1007
-0.04522376365631	0.406159618358576	654
0.0648941592652399	0.982457596208955	55
0.0282141979437001	1.3979341597246	55
-0.0501273146083801	0.40572439661199	2678
-0.0454111055683599	0.406108159138969	2678
-0.0454111055683599	0.406108159138969	9
-0.04522376365631	0.406159618358576	9
-0.04522376365631	0.406159618358576	1752
-0.0454111055683599	0.406108159138969	1752
-0.04522376365631	0.406159618358576	1752
-0.04522376365631	0.406159618358576	180
-0.0454111055683599	0.406108159138969	180
-0.0454111055683599	0.406108159138969	586
-0.04522376365631	0.406159618358576	1984
-0.04522376365631	0.406159618358576	381
-0.0454111055683599	0.406108159138969	381
-0.08148290036555	0.749444568565044	381
-0.0454111055683599	0.406108159138969	381
-0.0454111055683599	0.406108159138969	381
-0.0454111055683599	0.406108159138969	381
-0.0454111055683599	0.406108159138969	1117
-0.0454111055683599	0.406108159138969	1117
-0.04522376365631	0.406159618358576	1117
-0.04522376365631	0.406159618358576	1117
-0.0454111055683599	0.406108159138969	1117
-0.0454111055683599	0.406108159138969	25
-0.04522376365631	0.406159618358576	25
-0.04522376365631	0.406159618358576	3403
-0.04522376365631	0.406159618358576	227
-0.04522376365631	0.406159618358576	387
-0.07373483340545	0.759520768730619	387
-0.04522376365631	0.406159618358576	106
-0.04522376365631	0.406159618358576	106
-0.0501273146083801	0.40572439661199	106
-0.04522376365631	0.406159618358576	106
-0.04522376365631	0.406159618358576	106
-0.04522376365631	0.406159618358576	106
-0.04522376365631	0.406159618358576	265
-0.04522376365631	0.406159618358576	3034
-0.04522376365631	0.406159618358576	106
-0.0501273146083801	0.40572439661199	106
-0.0501273146083801	0.40572439661199	106
-0.04522376365631	0.406159618358576	106
-0.0454111055683599	0.406108159138969	106
-0.0746717748247101	0.757687975137559	414
0.11971631774708	1.21573154090113	414
-0.0454111055683599	0.406108159138969	414
-0.04522376365631	0.406159618358576	414
-0.0454111055683599	0.406108159138969	29
0.0763001261629599	0.950368775523994	3384
-0.04522376365631	0.406159618358576	78
-0.0454111055683599	0.406108159138969	1031
-0.04522376365631	0.406159618358576	595
-0.04522376365631	0.406159618358576	595
-0.0501273146083801	0.40572439661199	595
-0.0454111055683599	0.406108159138969	595
-0.0501273146083801	0.40572439661199	325
-0.0454111055683599	0.406108159138969	325
-0.0695819856169599	0.753456397420435	325
-0.0454111055683599	0.406108159138969	2330
-0.04522376365631	0.406159618358576	117
-0.06907301713506	0.753429338745028	40
-0.04522376365631	0.406159618358576	1325
-0.04522376365631	0.406159618358576	1325
-0.0454111055683599	0.406108159138969	1019
-0.0454111055683599	0.406108159138969	1019
-0.04522376365631	0.406159618358576	2395
-0.0454111055683599	0.406108159138969	2395
-0.04522376365631	0.406159618358576	128
-0.04522376365631	0.406159618358576	128
-0.0454111055683599	0.406108159138969	128
-0.04522376365631	0.406159618358576	258
-0.0454111055683599	0.406108159138969	654
-0.0454111055683599	0.406108159138969	1845
-0.0454111055683599	0.406108159138969	7
-0.0454111055683599	0.406108159138969	7
-0.0454111055683599	0.406108159138969	7
-0.04522376365631	0.406159618358576	7
-0.0454111055683599	0.406108159138969	7
-0.04522376365631	0.406159618358576	9
-0.0454111055683599	0.406108159138969	3045
-0.04522376365631	0.406159618358576	55
-0.0454111055683599	0.406108159138969	55
-0.04522376365631	0.406159618358576	55
-0.04522376365631	0.406159618358576	55
-0.0454111055683599	0.406108159138969	1784
-0.0454111055683599	0.406108159138969	1784
-0.04522376365631	0.406159618358576	9
-0.04522376365631	0.406159618358576	3370
-0.04522376365631	0.406159618358576	1752
-0.0454111055683599	0.406108159138969	180
-0.0454111055683599	0.406108159138969	586
-0.0454111055683599	0.406108159138969	586
-0.0454111055683599	0.406108159138969	586
-0.04522376365631	0.406159618358576	381
-0.0501273146083801	0.40572439661199	381
-0.0454111055683599	0.406108159138969	381
-0.04522376365631	0.406159618358576	381
-0.04522376365631	0.406159618358576	392
-0.04522376365631	0.406159618358576	25
-0.04522376365631	0.406159618358576	25
-0.0454111055683599	0.406108159138969	1117
-0.0501273146083801	0.40572439661199	1117
-0.0454111055683599	0.406108159138969	712
-0.0454111055683599	0.406108159138969	25
-0.04522376365631	0.406159618358576	25
-0.04522376365631	0.406159618358576	106
-0.0454111055683599	0.406108159138969	106
-0.04522376365631	0.406159618358576	106
-0.04522376365631	0.406159618358576	106
-0.04522376365631	0.406159618358576	3184
-0.04522376365631	0.406159618358576	265
-0.0454111055683599	0.406108159138969	106
-0.0651602818841499	0.748234362154385	414
-0.04522376365631	0.406159618358576	414
-0.04522376365631	0.406159618358576	414
-0.07608962166886	0.760023550642785	220
-0.04522376365631	0.406159618358576	3173
-0.04522376365631	0.406159618358576	3173
-0.0707587439584601	0.752445452911296	130
-0.0454111055683599	0.406108159138969	3384
-0.04522376365631	0.406159618358576	44
-0.04522376365631	0.406159618358576	750
-0.04522376365631	0.406159618358576	750
-0.0454111055683599	0.406108159138969	750
0.0648941592652399	0.982457596208955	23
-0.0454111055683599	0.406108159138969	397
-0.0501273146083801	0.40572439661199	529
0.0645576568381101	0.975681262593783	3193
-0.04522376365631	0.406159618358576	595
-0.0681459332729899	0.757477944035012	325
-0.07491177099641	0.761062662410459	325
-0.04522376365631	0.406159618358576	286
-0.0454111055683599	0.406108159138969	513
-0.06672391556845	0.755139764558434	513
-0.0454111055683599	0.406108159138969	2330
-0.0454111055683599	0.406108159138969	117
-0.0454111055683599	0.406108159138969	2395
-0.04522376365631	0.406159618358576	2395
-0.07049553786231	0.755751724984709	128
-0.0454111055683599	0.406108159138969	654
-0.04522376365631	0.406159618358576	654
-0.0501273146083801	0.40572439661199	1845
-0.0454111055683599	0.406108159138969	7
-0.0454111055683599	0.406108159138969	7
-0.04522376365631	0.406159618358576	7
-0.04522376365631	0.406159618358576	7
-0.04522376365631	0.406159618358576	9
-0.04522376365631	0.406159618358576	55
-0.0454111055683599	0.406108159138969	55
-0.0501273146083801	0.40572439661199	1784
-0.0501273146083801	0.40572439661199	1784
-0.0501273146083801	0.40572439661199	2678
-0.0454111055683599	0.406108159138969	347
-0.0454111055683599	0.406108159138969	347
-0.0454111055683599	0.406108159138969	9
-0.0501273146083801	0.40572439661199	3370
-0.04522376365631	0.406159618358576	9
-0.04522376365631	0.406159618358576	180
-0.04522376365631	0.406159618358576	180
-0.04522376365631	0.406159618358576	180
-0.0454111055683599	0.406108159138969	1063
-0.0454111055683599	0.406108159138969	1063
-0.04522376365631	0.406159618358576	586
-0.04522376365631	0.406159618358576	9
-0.04522376365631	0.406159618358576	9
-0.04522376365631	0.406159618358576	381
-0.04522376365631	0.406159618358576	381
-0.04522376365631	0.406159618358576	381
-0.04522376365631	0.406159618358576	392
-0.0454111055683599	0.406108159138969	392
-0.04522376365631	0.406159618358576	104
-0.0454111055683599	0.406108159138969	25
-0.04522376365631	0.406159618358576	25
-0.0501273146083801	0.40572439661199	25
-0.04522376365631	0.406159618358576	25
-0.04522376365631	0.406159618358576	1117
-0.04522376365631	0.406159618358576	13
-0.04522376365631	0.406159618358576	13
-0.0454111055683599	0.406108159138969	712
-0.04522376365631	0.406159618358576	712
-0.04522376365631	0.406159618358576	712
-0.0454111055683599	0.406108159138969	25
-0.04522376365631	0.406159618358576	25
-0.0454111055683599	0.406108159138969	25
-0.0454111055683599	0.406108159138969	1256
-0.0501273146083801	0.40572439661199	948
-0.0501273146083801	0.40572439661199	948
-0.04522376365631	0.406159618358576	227
-0.04522376365631	0.406159618358576	227
-0.04522376365631	0.406159618358576	227
-0.04522376365631	0.406159618358576	387
-0.0454111055683599	0.406108159138969	387
-0.0454111055683599	0.406108159138969	81
-0.04522376365631	0.406159618358576	106
-0.0454111055683599	0.406108159138969	106
-0.04522376365631	0.406159618358576	106
-0.0454111055683599	0.406108159138969	106
-0.0454111055683599	0.406108159138969	106
-0.0454111055683599	0.406108159138969	106
-0.04522376365631	0.406159618358576	106
-0.0501273146083801	0.40572439661199	106
-0.0454111055683599	0.406108159138969	106
-0.0831152104355299	1.63312254514096	414
-0.0454111055683599	0.406108159138969	414
0.0755815353717	0.958159725009576	220
0.0259382993316	1.42514621188819	44
0.0304553044326701	1.41351845389473	23
-0.07167170535838	0.750034484854258	595
-0.07255880756041	0.753613125904852	595
-0.07373483340545	0.759520768730619	1370
-0.11152009397896	1.16396023400711	325
-0.11335844775073	1.16781465097655	325
-0.07349417803259	0.758718061977533	40
-0.06789801192182	0.755319680676232	258
-0.04522376365631	0.406159618358576	7
-0.07491177099641	0.761062662410459	9
-0.06672391556845	0.755139764558434	347
-0.04522376365631	0.406159618358576	9
-0.10701972651642	1.16438835542535	1063
-0.04522376365631	0.406159618358576	586
-0.04522376365631	0.406159618358576	381
-0.0693202809442	0.7576566965492	381
-0.0454111055683599	0.406108159138969	381
-0.0454111055683599	0.406108159138969	381
-0.04522376365631	0.406159618358576	392
-0.04522376365631	0.406159618358576	392
-0.04522376365631	0.406159618358576	712
-0.0501273146083801	0.40572439661199	25
-0.04522376365631	0.406159618358576	81
-0.0454111055683599	0.406108159138969	81
-0.04522376365631	0.406159618358576	106
-0.04522376365631	0.406159618358576	106
-0.0454111055683599	0.406108159138969	1034
-0.04522376365631	0.406159618358576	106
-0.0454111055683599	0.406108159138969	3182
-0.0454111055683599	0.406108159138969	3182
-0.04522376365631	0.406159618358576	3182
-0.04522376365631	0.406159618358576	3034
-0.0454111055683599	0.406108159138969	106
-0.04522376365631	0.406159618358576	106
-0.0454111055683599	0.406108159138969	106
-0.0501273146083801	0.40572439661199	106
-0.04522376365631	0.406159618358576	106
-0.04522376365631	0.406159618358576	106
-0.07373483340545	0.759520768730619	3384
-0.0896641051370799	1.17829735828949	595
0.0705309665550999	2.06243306265541	2395
-0.07608962166886	0.760023550642785	7
-0.04522376365631	0.406159618358576	3045
-0.0681459332729899	0.757477944035012	55
-0.04522376365631	0.406159618358576	9
-0.0454111055683599	0.406108159138969	180
-0.07608962166886	0.760023550642785	1063
0.0520262070595101	0.961660092663552	877
-0.0681459332729899	0.757477944035012	1150
-0.0681459332729899	0.757477944035012	104
-0.0454111055683599	0.406108159138969	1117
-0.07049553786231	0.755751724984709	1117
-0.0454111055683599	0.406108159138969	712
-0.0681459332729899	0.757477944035012	99
-0.0454111055683599	0.406108159138969	948
-0.07231749393078	0.757183848190581	387
-0.0454111055683599	0.406108159138969	106
-0.04522376365631	0.406159618358576	106
-0.04522376365631	0.406159618358576	106
-0.0454111055683599	0.406108159138969	106
-0.0454111055683599	0.406108159138969	106
-0.0454111055683599	0.406108159138969	106
-0.0454111055683599	0.406108159138969	106
-0.0454111055683599	0.406108159138969	106
-0.04522376365631	0.406159618358576	106
-0.0454111055683599	0.406108159138969	106
-0.04522376365631	0.406159618358576	106
-0.04522376365631	0.406159618358576	414
-0.04522376365631	0.406159618358576	414
-0.10834724820121	1.18009135686825	220
-0.04522376365631	0.406159618358576	130
-0.04522376365631	0.406159618358576	23
-0.04522376365631	0.406159618358576	425
-0.04522376365631	0.406159618358576	23
-0.04522376365631	0.406159618358576	23
-0.06281284079462	0.749911386602174	529
-0.07373483340545	0.759520768730619	595
-0.04522376365631	0.406159618358576	595
-0.07491177099641	0.761062662410459	325
-0.0454111055683599	0.406108159138969	513
-0.07373483340545	0.759520768730619	258
-0.0746717748247101	0.757687975137559	7
-0.0454111055683599	0.406108159138969	7
-0.04522376365631	0.406159618358576	654
-0.0501273146083801	0.40572439661199	7
-0.04522376365631	0.406159618358576	9
-0.04522376365631	0.406159618358576	9
-0.0454111055683599	0.406108159138969	55
-0.04522376365631	0.406159618358576	55
-0.0454111055683599	0.406108159138969	347
-0.0454111055683599	0.406108159138969	9
-0.0454111055683599	0.406108159138969	9
-0.04522376365631	0.406159618358576	9
-0.0454111055683599	0.406108159138969	180
-0.0501273146083801	0.40572439661199	877
-0.0657999603608601	0.748722663220006	2043
-0.0454111055683599	0.406108159138969	381
-0.04522376365631	0.406159618358576	150
-0.04522376365631	0.406159618358576	381
-0.04522376365631	0.406159618358576	150
-0.0454111055683599	0.406108159138969	150
-0.04522376365631	0.406159618358576	150
-0.0454111055683599	0.406108159138969	3339
-0.0454111055683599	0.406108159138969	104
-0.04522376365631	0.406159618358576	104
-0.0501273146083801	0.40572439661199	777
-0.04522376365631	0.406159618358576	777
-0.0454111055683599	0.406108159138969	777
-0.0454111055683599	0.406108159138969	777
-0.0454111055683599	0.406108159138969	777
-0.0454111055683599	0.406108159138969	1170
-0.0454111055683599	0.406108159138969	1117
-0.04522376365631	0.406159618358576	1117
-0.0454111055683599	0.406108159138969	712
-0.04522376365631	0.406159618358576	25
-0.0501273146083801	0.40572439661199	25
-0.04522376365631	0.406159618358576	99
-0.0454111055683599	0.406108159138969	99
-0.04522376365631	0.406159618358576	25
-0.04522376365631	0.406159618358576	387
-0.04522376365631	0.406159618358576	387
-0.04522376365631	0.406159618358576	387
-0.04522376365631	0.406159618358576	106
-0.04522376365631	0.406159618358576	106
-0.04522376365631	0.406159618358576	106
-0.0454111055683599	0.406108159138969	106
-0.0454111055683599	0.406108159138969	1034
-0.0454111055683599	0.406108159138969	106
-0.0454111055683599	0.406108159138969	106
-0.0454111055683599	0.406108159138969	106
-0.0454111055683599	0.406108159138969	265
-0.0454111055683599	0.406108159138969	106
-0.0501273146083801	0.40572439661199	106
-0.04522376365631	0.406159618358576	106
-0.04522376365631	0.406159618358576	106
-0.04522376365631	0.406159618358576	414
-0.04522376365631	0.406159618358576	2455
-0.0454111055683599	0.406108159138969	220
-0.0693202809442	0.7576566965492	220
-0.0454111055683599	0.406108159138969	220
0.0668223144935201	0.983497164001226	220
-0.04522376365631	0.406159618358576	220
-0.0669724935203899	0.755161927952963	1351
-0.04522376365631	0.406159618358576	2034
-0.0454111055683599	0.406108159138969	2034
-0.0881664722420199	1.65503998105538	44
-0.0501273146083801	0.40572439661199	44
-0.0454111055683599	0.406108159138969	23
-0.06437844413432	0.746436419448748	23
-0.0861860201546401	0.744123340429801	23
-0.0454111055683599	0.406108159138969	907
-0.0454111055683599	0.406108159138969	397
-0.04522376365631	0.406159618358576	23
-0.0454111055683599	0.406108159138969	325
-0.0803017805483299	0.753586690030118	325
-0.07491177099641	0.761062662410459	1009
-0.06672391556845	0.755139764558434	40
-0.04522376365631	0.406159618358576	7
-0.04522376365631	0.406159618358576	654
-0.04522376365631	0.406159618358576	904
-0.04522376365631	0.406159618358576	55
-0.0501273146083801	0.40572439661199	55
-0.04522376365631	0.406159618358576	55
-0.0501273146083801	0.40572439661199	55
-0.0454111055683599	0.406108159138969	347
-0.04522376365631	0.406159618358576	347
-0.04522376365631	0.406159618358576	347
-0.0454111055683599	0.406108159138969	3523
-0.0454111055683599	0.406108159138969	347
-0.04522376365631	0.406159618358576	347
-0.04522376365631	0.406159618358576	2479
-0.0454111055683599	0.406108159138969	168
-0.0454111055683599	0.406108159138969	9
-0.0501273146083801	0.40572439661199	2043
-0.0454111055683599	0.406108159138969	2043
-0.04522376365631	0.406159618358576	381
-0.04522376365631	0.406159618358576	381
-0.04522376365631	0.406159618358576	381
-0.0454111055683599	0.406108159138969	381
-0.0454111055683599	0.406108159138969	381
-0.04522376365631	0.406159618358576	150
-0.0454111055683599	0.406108159138969	2170
-0.04522376365631	0.406159618358576	104
-0.04522376365631	0.406159618358576	104
-0.0454111055683599	0.406108159138969	1941
-0.0454111055683599	0.406108159138969	2582
-0.04522376365631	0.406159618358576	1671
-0.04522376365631	0.406159618358576	712
-0.04522376365631	0.406159618358576	712
-0.04522376365631	0.406159618358576	712
-0.04522376365631	0.406159618358576	25
-0.04522376365631	0.406159618358576	99
-0.04522376365631	0.406159618358576	99
-0.04522376365631	0.406159618358576	99
-0.0454111055683599	0.406108159138969	99
-0.04522376365631	0.406159618358576	25
-0.04522376365631	0.406159618358576	2157
-0.04522376365631	0.406159618358576	1263
-0.0501273146083801	0.40572439661199	387
-0.0454111055683599	0.406108159138969	106
-0.0454111055683599	0.406108159138969	106
-0.0454111055683599	0.406108159138969	106
-0.0501273146083801	0.40572439661199	106
-0.04522376365631	0.406159618358576	106
-0.04522376365631	0.406159618358576	106
-0.0454111055683599	0.406108159138969	106
-0.04522376365631	0.406159618358576	106
0.0213796495225	1.42457184124707	414
0.03219017804758	1.39771712515777	414
-0.0681459332729899	0.757477944035012	425
-0.07491177099641	0.761062662410459	425
-0.0454111055683599	0.406108159138969	595
0.02455747510328	1.42045148680275	595
-0.0833918502525	1.6404592881449	325
-0.0454111055683599	0.406108159138969	325
-0.0501273146083801	0.40572439661199	325
-0.09058503146372	1.18029718433957	739
-0.1001006004358	1.16874438915102	2395
-0.0693202809442	0.7576566965492	7
-0.07231749393078	0.757183848190581	2394
-0.06789801192182	0.755319680676232	877
-0.09517282798578	1.1773002640416	2043
-0.0454111055683599	0.406108159138969	381
-0.0454111055683599	0.406108159138969	381
-0.06907301713506	0.753429338745028	777
-0.04522376365631	0.406159618358576	104
-0.0454111055683599	0.406108159138969	13
-0.0454111055683599	0.406108159138969	1671
-0.0454111055683599	0.406108159138969	99
-0.0501273146083801	0.40572439661199	99
-0.0454111055683599	0.406108159138969	99
-0.0501273146083801	0.40572439661199	916
-0.0454111055683599	0.406108159138969	2846
-0.04522376365631	0.406159618358576	2157
-0.0454111055683599	0.406108159138969	106
-0.0454111055683599	0.406108159138969	106
-0.0454111055683599	0.406108159138969	106
-0.0454111055683599	0.406108159138969	106
-0.0454111055683599	0.406108159138969	1025
-0.0454111055683599	0.406108159138969	106
-0.0454111055683599	0.406108159138969	106
-0.04522376365631	0.406159618358576	106
-0.07049553786231	0.755751724984709	220
0.07307407605491	0.973200620856142	110
-0.04522376365631	0.406159618358576	425
-0.0454111055683599	0.406108159138969	425
-0.04522376365631	0.406159618358576	3208
-0.06789801192182	0.755319680676232	738
-0.0681459332729899	0.757477944035012	23
-0.09598469305047	1.17849635203208	907
0.0539506581956799	0.963279280130795	595
-0.0681459332729899	0.757477944035012	71
-0.06555072674751	0.752836446371321	673
-0.0454111055683599	0.406108159138969	654
-0.07585028564619	0.752597954911243	7
-0.0501273146083801	0.40572439661199	904
-0.0805344456027799	0.755559929122587	55
-0.04522376365631	0.406159618358576	55
-0.04522376365631	0.406159618358576	347
-0.07349417803259	0.758718061977533	168
-0.06672391556845	0.755139764558434	3557
-0.04522376365631	0.406159618358576	381
-0.0454111055683599	0.406108159138969	777
-0.0454111055683599	0.406108159138969	104
-0.04522376365631	0.406159618358576	1941
-0.0501273146083801	0.40572439661199	1941
-0.0454111055683599	0.406108159138969	3030
-0.04522376365631	0.406159618358576	99
-0.04522376365631	0.406159618358576	99
-0.0454111055683599	0.406108159138969	916
-0.0669724935203899	0.755161927952963	916
-0.0693202809442	0.7576566965492	25
-0.10242107278268	1.19021883908903	2846
-0.0693202809442	0.7576566965492	106
-0.0454111055683599	0.406108159138969	106
-0.0501273146083801	0.40572439661199	106
-0.04522376365631	0.406159618358576	106
-0.0454111055683599	0.406108159138969	774
-0.0454111055683599	0.406108159138969	106
-0.04522376365631	0.406159618358576	106
-0.04522376365631	0.406159618358576	438
-0.0454111055683599	0.406108159138969	106
-0.04522376365631	0.406159618358576	106
-0.0803017805483299	0.753586690030118	414
-0.04522376365631	0.406159618358576	414
-0.04522376365631	0.406159618358576	2455
-0.0803017805483299	0.753586690030118	220
-0.04522376365631	0.406159618358576	3183
-0.0501273146083801	0.40572439661199	169
-0.04522376365631	0.406159618358576	2034
-0.0616404802900501	0.747635014309802	44
-0.0454111055683599	0.406108159138969	425
-0.04522376365631	0.406159618358576	425
-0.0454111055683599	0.406108159138969	425
-0.0501273146083801	0.40572439661199	23
-0.04522376365631	0.406159618358576	529
-0.0454111055683599	0.406108159138969	595
-0.07373483340545	0.759520768730619	3258
-0.04522376365631	0.406159618358576	3249
0.0775052234037601	0.960415524300744	325
-0.0501273146083801	0.40572439661199	325
-0.04522376365631	0.406159618358576	673
-0.0454111055683599	0.406108159138969	673
-0.04522376365631	0.406159618358576	1375
-0.04522376365631	0.406159618358576	40
-0.0454111055683599	0.406108159138969	580
-0.0454111055683599	0.406108159138969	40
-0.06907301713506	0.753429338745028	128
-0.0501273146083801	0.40572439661199	7
-0.0454111055683599	0.406108159138969	7
-0.09100906407231	1.17626309687335	7
-0.0454111055683599	0.406108159138969	168
-0.04522376365631	0.406159618358576	7
-0.04522376365631	0.406159618358576	904
-0.04522376365631	0.406159618358576	904
-0.04522376365631	0.406159618358576	2394
-0.04522376365631	0.406159618358576	2394
-0.0454111055683599	0.406108159138969	55
-0.04522376365631	0.406159618358576	55
-0.04522376365631	0.406159618358576	55
-0.04522376365631	0.406159618358576	9
-0.0454111055683599	0.406108159138969	347
-0.0454111055683599	0.406108159138969	9
-0.0454111055683599	0.406108159138969	347
-0.04522376365631	0.406159618358576	347
-0.0454111055683599	0.406108159138969	347
-0.0501273146083801	0.40572439661199	9
-0.04522376365631	0.406159618358576	168
-0.04522376365631	0.406159618358576	168
-0.04522376365631	0.406159618358576	9
-0.04522376365631	0.406159618358576	9
-0.0454111055683599	0.406108159138969	168
-0.04522376365631	0.406159618358576	2511
-0.04522376365631	0.406159618358576	2511
-0.04522376365631	0.406159618358576	9
-0.0454111055683599	0.406108159138969	3557
-0.04522376365631	0.406159618358576	3557
-0.0454111055683599	0.406108159138969	9
-0.04522376365631	0.406159618358576	2043
-0.0454111055683599	0.406108159138969	186
-0.04522376365631	0.406159618358576	381
-0.04522376365631	0.406159618358576	381
-0.0454111055683599	0.406108159138969	150
-0.04522376365631	0.406159618358576	104
-0.0454111055683599	0.406108159138969	777
-0.0501273146083801	0.40572439661199	104
-0.04522376365631	0.406159618358576	104
-0.04522376365631	0.406159618358576	104
-0.0454111055683599	0.406108159138969	104
-0.0454111055683599	0.406108159138969	3030
-0.04522376365631	0.406159618358576	99
-0.0454111055683599	0.406108159138969	99
-0.04522376365631	0.406159618358576	99
-0.0454111055683599	0.406108159138969	99
-0.0454111055683599	0.406108159138969	99
-0.04522376365631	0.406159618358576	916
-0.0454111055683599	0.406108159138969	916
-0.04522376365631	0.406159618358576	916
-0.04522376365631	0.406159618358576	2846
-0.04522376365631	0.406159618358576	2846
-0.04522376365631	0.406159618358576	2846
-0.0454111055683599	0.406108159138969	1263
-0.0454111055683599	0.406108159138969	81
-0.0454111055683599	0.406108159138969	106
-0.0454111055683599	0.406108159138969	106
-0.04522376365631	0.406159618358576	106
-0.0454111055683599	0.406108159138969	106
-0.0454111055683599	0.406108159138969	106
-0.0454111055683599	0.406108159138969	106
-0.04522376365631	0.406159618358576	1025
-0.0454111055683599	0.406108159138969	1025
-0.04522376365631	0.406159618358576	106
-0.04522376365631	0.406159618358576	438
-0.04522376365631	0.406159618358576	106
-0.04522376365631	0.406159618358576	168
-0.0454111055683599	0.406108159138969	168
-0.04522376365631	0.406159618358576	168
-0.04522376365631	0.406159618358576	168
-0.07373483340545	0.759520768730619	414
-0.0454111055683599	0.406108159138969	414
-0.0454111055683599	0.406108159138969	2211
-0.04522376365631	0.406159618358576	2211
-0.0454111055683599	0.406108159138969	414
-0.04522376365631	0.406159618358576	414
-0.04522376365631	0.406159618358576	414
-0.04522376365631	0.406159618358576	414
-0.0501273146083801	0.40572439661199	2717
-0.0501273146083801	0.40572439661199	2717
-0.04522376365631	0.406159618358576	2455
-0.04522376365631	0.406159618358576	2455
-0.0454111055683599	0.406108159138969	2455
-0.0454111055683599	0.406108159138969	2455
-0.04522376365631	0.406159618358576	110
-0.04522376365631	0.406159618358576	110
-0.0501273146083801	0.40572439661199	110
-0.0454111055683599	0.406108159138969	110
-0.0454111055683599	0.406108159138969	220
-0.0454111055683599	0.406108159138969	68
-0.04522376365631	0.406159618358576	130
-0.04522376365631	0.406159618358576	130
-0.04522376365631	0.406159618358576	3183
-0.0454111055683599	0.406108159138969	130
-0.0454111055683599	0.406108159138969	2034
-0.04522376365631	0.406159618358576	130
-0.0454111055683599	0.406108159138969	130
-0.0454111055683599	0.406108159138969	44
-0.0454111055683599	0.406108159138969	425
-0.0454111055683599	0.406108159138969	425
-0.04522376365631	0.406159618358576	425
-0.0454111055683599	0.406108159138969	738
-0.04522376365631	0.406159618358576	738
-0.04522376365631	0.406159618358576	168
-0.04522376365631	0.406159618358576	168
-0.04522376365631	0.406159618358576	16
-0.0454111055683599	0.406108159138969	16
-0.04522376365631	0.406159618358576	23
-0.04522376365631	0.406159618358576	23
-0.04522376365631	0.406159618358576	23
-0.0454111055683599	0.406108159138969	23
-0.04522376365631	0.406159618358576	3170
-0.04522376365631	0.406159618358576	3170
-0.04522376365631	0.406159618358576	23
-0.0454111055683599	0.406108159138969	23
-0.0454111055683599	0.406108159138969	3498
-0.0454111055683599	0.406108159138969	23
-0.04522376365631	0.406159618358576	529
-0.04522376365631	0.406159618358576	529
-0.04522376365631	0.406159618358576	529
-0.04522376365631	0.406159618358576	529
-0.04522376365631	0.406159618358576	3192
-0.04522376365631	0.406159618358576	3192
-0.0501273146083801	0.40572439661199	23
-0.0454111055683599	0.406108159138969	595
-0.0454111055683599	0.406108159138969	595
-0.0454111055683599	0.406108159138969	595
-0.0454111055683599	0.406108159138969	595
-0.0501273146083801	0.40572439661199	595
-0.0454111055683599	0.406108159138969	325
-0.04522376365631	0.406159618358576	325
-0.0454111055683599	0.406108159138969	325
-0.0454111055683599	0.406108159138969	71
-0.04522376365631	0.406159618358576	673
-0.0454111055683599	0.406108159138969	673
-0.0454111055683599	0.406108159138969	1375
-0.0454111055683599	0.406108159138969	1375
-0.04522376365631	0.406159618358576	40
-0.04522376365631	0.406159618358576	40
-0.0454111055683599	0.406108159138969	40
-0.04522376365631	0.406159618358576	7
-0.0454111055683599	0.406108159138969	7
-0.0454111055683599	0.406108159138969	654
-0.04522376365631	0.406159618358576	654
-0.0454111055683599	0.406108159138969	2858
-0.0454111055683599	0.406108159138969	258
-0.0454111055683599	0.406108159138969	904
-0.04522376365631	0.406159618358576	904
-0.0454111055683599	0.406108159138969	904
-0.0454111055683599	0.406108159138969	904
-0.0454111055683599	0.406108159138969	904
-0.0454111055683599	0.406108159138969	904
-0.0454111055683599	0.406108159138969	55
-0.0454111055683599	0.406108159138969	9
-0.0454111055683599	0.406108159138969	347
-0.0454111055683599	0.406108159138969	347
-0.04522376365631	0.406159618358576	347
-0.0454111055683599	0.406108159138969	347
-0.04522376365631	0.406159618358576	168
-0.0454111055683599	0.406108159138969	2511
-0.04522376365631	0.406159618358576	1686
-0.0501273146083801	0.40572439661199	186
-0.04522376365631	0.406159618358576	104
-0.0454111055683599	0.406108159138969	3030
-0.0454111055683599	0.406108159138969	25
-0.0454111055683599	0.406108159138969	25
-0.0454111055683599	0.406108159138969	25
-0.04522376365631	0.406159618358576	916
-0.04522376365631	0.406159618358576	916
-0.0454111055683599	0.406108159138969	2544
-0.0454111055683599	0.406108159138969	2544
-0.04522376365631	0.406159618358576	1025
-0.0454111055683599	0.406108159138969	1025
-0.04522376365631	0.406159618358576	1025
-0.0941759087024501	1.17495653327602	231
-0.04522376365631	0.406159618358576	2211
-0.04522376365631	0.406159618358576	2211
-0.04522376365631	0.406159618358576	414
-0.04522376365631	0.406159618358576	414
-0.0454111055683599	0.406108159138969	2717
-0.0454111055683599	0.406108159138969	220
-0.04522376365631	0.406159618358576	220
-0.0501273146083801	0.40572439661199	130
-0.04522376365631	0.406159618358576	169
-0.0454111055683599	0.406108159138969	2034
-0.0501273146083801	0.40572439661199	2034
-0.0454111055683599	0.406108159138969	130
-0.04522376365631	0.406159618358576	425
-0.0454111055683599	0.406108159138969	425
-0.0454111055683599	0.406108159138969	738
-0.04522376365631	0.406159618358576	16
-0.04522376365631	0.406159618358576	23
-0.04522376365631	0.406159618358576	23
-0.06672391556845	0.755139764558434	529
-0.0454111055683599	0.406108159138969	595
-0.0454111055683599	0.406108159138969	595
-0.04522376365631	0.406159618358576	595
-0.04522376365631	0.406159618358576	595
-0.04522376365631	0.406159618358576	595
-0.04522376365631	0.406159618358576	3249
-0.0454111055683599	0.406108159138969	3249
-0.04522376365631	0.406159618358576	325
-0.04522376365631	0.406159618358576	2526
-0.0501273146083801	0.40572439661199	2526
-0.04522376365631	0.406159618358576	2526
-0.04522376365631	0.406159618358576	673
-0.0454111055683599	0.406108159138969	673
-0.04522376365631	0.406159618358576	673
-0.04522376365631	0.406159618358576	1009
-0.04522376365631	0.406159618358576	1009
-0.0454111055683599	0.406108159138969	1009
-0.0454111055683599	0.406108159138969	1009
-0.04522376365631	0.406159618358576	40
-0.0454111055683599	0.406108159138969	40
-0.0454111055683599	0.406108159138969	258
-0.04522376365631	0.406159618358576	7
-0.04522376365631	0.406159618358576	61
-0.0454111055683599	0.406108159138969	654
-0.04522376365631	0.406159618358576	2858
-0.0454111055683599	0.406108159138969	2858
-0.07491177099641	0.761062662410459	2858
-0.04522376365631	0.406159618358576	7
-0.0454111055683599	0.406108159138969	7
-0.0454111055683599	0.406108159138969	7
-0.04522376365631	0.406159618358576	7
-0.0454111055683599	0.406108159138969	7
-0.04522376365631	0.406159618358576	7
-0.04522376365631	0.406159618358576	904
-0.04522376365631	0.406159618358576	55
-0.04522376365631	0.406159618358576	55
-0.0454111055683599	0.406108159138969	55
-0.0454111055683599	0.406108159138969	347
-0.0454111055683599	0.406108159138969	347
-0.0454111055683599	0.406108159138969	347
-0.0454111055683599	0.406108159138969	347
-0.04522376365631	0.406159618358576	9
-0.0454111055683599	0.406108159138969	1854
-0.0454111055683599	0.406108159138969	1854
-0.04522376365631	0.406159618358576	168
-0.0454111055683599	0.406108159138969	168
-0.04522376365631	0.406159618358576	168
-0.0454111055683599	0.406108159138969	168
-0.0501273146083801	0.40572439661199	168
-0.0454111055683599	0.406108159138969	168
-0.04522376365631	0.406159618358576	168
-0.04522376365631	0.406159618358576	168
-0.04522376365631	0.406159618358576	168
-0.04522376365631	0.406159618358576	9
-0.0454111055683599	0.406108159138969	3557
-0.0454111055683599	0.406108159138969	2043
-0.04522376365631	0.406159618358576	2043
-0.0454111055683599	0.406108159138969	2043
-0.0501273146083801	0.40572439661199	381
-0.04522376365631	0.406159618358576	381
-0.0454111055683599	0.406108159138969	381
-0.04522376365631	0.406159618358576	381
-0.04522376365631	0.406159618358576	381
-0.0454111055683599	0.406108159138969	104
-0.04522376365631	0.406159618358576	777
-0.0454111055683599	0.406108159138969	104
-0.04522376365631	0.406159618358576	104
-0.0454111055683599	0.406108159138969	2960
-0.04522376365631	0.406159618358576	2960
-0.0454111055683599	0.406108159138969	2960
-0.04522376365631	0.406159618358576	3030
-0.0454111055683599	0.406108159138969	99
-0.04522376365631	0.406159618358576	99
-0.04522376365631	0.406159618358576	99
-0.0454111055683599	0.406108159138969	916
-0.0454111055683599	0.406108159138969	916
-0.04522376365631	0.406159618358576	916
-0.04522376365631	0.406159618358576	1698
-0.0454111055683599	0.406108159138969	2544
-0.04522376365631	0.406159618358576	106
-0.0454111055683599	0.406108159138969	106
-0.0454111055683599	0.406108159138969	106
-0.0454111055683599	0.406108159138969	106
-0.04522376365631	0.406159618358576	106
-0.0454111055683599	0.406108159138969	106
-0.0454111055683599	0.406108159138969	106
-0.0454111055683599	0.406108159138969	106
-0.09650022894982	1.19363907993218	2717
-0.0681459332729899	0.757477944035012	2455
-0.0501273146083801	0.40572439661199	220
0.0173539439274	1.42319915969204	23
-0.0639861075511099	0.750093739397359	3192
-0.04522376365631	0.406159618358576	92
-0.0454111055683599	0.406108159138969	595
0.0668223144935201	0.983497164001226	71
-0.0454111055683599	0.406108159138969	1009
-0.04522376365631	0.406159618358576	40
-0.0454111055683599	0.406108159138969	2102
-0.0454111055683599	0.406108159138969	2102
0.10173334764699	1.65855178478194	2858
-0.0454111055683599	0.406108159138969	7
-0.04522376365631	0.406159618358576	7
-0.04522376365631	0.406159618358576	7
-0.0454111055683599	0.406108159138969	7
-0.04522376365631	0.406159618358576	904
-0.0454111055683599	0.406108159138969	9
-0.04522376365631	0.406159618358576	9
-0.06672391556845	0.755139764558434	55
-0.04522376365631	0.406159618358576	347
-0.04522376365631	0.406159618358576	347
-0.04522376365631	0.406159618358576	1854
-0.04522376365631	0.406159618358576	168
-0.04522376365631	0.406159618358576	168
-0.04522376365631	0.406159618358576	168
-0.0454111055683599	0.406108159138969	168
-0.04522376365631	0.406159618358576	168
-0.04522376365631	0.406159618358576	168
-0.0454111055683599	0.406108159138969	168
-0.04522376365631	0.406159618358576	9
-0.0454111055683599	0.406108159138969	9
-0.04522376365631	0.406159618358576	186
-0.04522376365631	0.406159618358576	186
-0.0454111055683599	0.406108159138969	381
-0.04522376365631	0.406159618358576	104
-0.04522376365631	0.406159618358576	104
-0.0501273146083801	0.40572439661199	104
-0.04522376365631	0.406159618358576	104
-0.0454111055683599	0.406108159138969	104
-0.04522376365631	0.406159618358576	777
0.06272251409847	0.964465069757185	104
-0.04522376365631	0.406159618358576	104
-0.0501273146083801	0.40572439661199	104
-0.0454111055683599	0.406108159138969	99
-0.0454111055683599	0.406108159138969	916
-0.0454111055683599	0.406108159138969	916
-0.0454111055683599	0.406108159138969	227
-0.04522376365631	0.406159618358576	1263
-0.04522376365631	0.406159618358576	1263
-0.04522376365631	0.406159618358576	106
-0.04522376365631	0.406159618358576	81
-0.04522376365631	0.406159618358576	81
-0.0454111055683599	0.406108159138969	106
-0.0454111055683599	0.406108159138969	774
-0.04522376365631	0.406159618358576	774
-0.0454111055683599	0.406108159138969	106
-0.0454111055683599	0.406108159138969	1025
-0.04522376365631	0.406159618358576	106
-0.0454111055683599	0.406108159138969	106
-0.0454111055683599	0.406108159138969	265
-0.0454111055683599	0.406108159138969	106
-0.09650022894982	1.19363907993218	220
0.0193416404768301	1.43466304705369	23
-0.0859037030087599	1.65092939708894	654
0.0764469564196	2.06712993363597	258
-0.04522376365631	0.406159618358576	7
-0.0454111055683599	0.406108159138969	9
-0.04522376365631	0.406159618358576	347
-0.04522376365631	0.406159618358576	347
-0.04522376365631	0.406159618358576	9
-0.04522376365631	0.406159618358576	168
-0.0454111055683599	0.406108159138969	9
-0.04522376365631	0.406159618358576	186
-0.04522376365631	0.406159618358576	150
-0.04522376365631	0.406159618358576	104
-0.0454111055683599	0.406108159138969	104
-0.04522376365631	0.406159618358576	104
-0.0454111055683599	0.406108159138969	338
-0.0454111055683599	0.406108159138969	13
-0.0454111055683599	0.406108159138969	13
-0.0454111055683599	0.406108159138969	99
-0.04522376365631	0.406159618358576	2846
-0.0454111055683599	0.406108159138969	81
-0.0454111055683599	0.406108159138969	81
-0.04522376365631	0.406159618358576	774
-0.04522376365631	0.406159618358576	106
-0.0454111055683599	0.406108159138969	1025
-0.0454111055683599	0.406108159138969	1025
-0.0454111055683599	0.406108159138969	106
-0.07491177099641	0.761062662410459	71
0.0708064794577601	0.966270157563041	281
-0.04522376365631	0.406159618358576	2102
-0.09557948035874	1.19234470110764	7
-0.07049553786231	0.755751724984709	904
-0.04522376365631	0.406159618358576	904
-0.06907301713506	0.753429338745028	9
-0.04522376365631	0.406159618358576	168
-0.04522376365631	0.406159618358576	168
-0.0454111055683599	0.406108159138969	9
-0.04522376365631	0.406159618358576	3557
-0.06907301713506	0.753429338745028	186
-0.04522376365631	0.406159618358576	150
-0.04522376365631	0.406159618358576	104
-0.04522376365631	0.406159618358576	104
-0.04522376365631	0.406159618358576	104
-0.0454111055683599	0.406108159138969	13
-0.04522376365631	0.406159618358576	13
-0.04522376365631	0.406159618358576	99
-0.06789801192182	0.755319680676232	13
-0.0681459332729899	0.757477944035012	13
-0.0454111055683599	0.406108159138969	916
-0.0454111055683599	0.406108159138969	81
-0.0501273146083801	0.40572439661199	81
-0.04522376365631	0.406159618358576	774
-0.04522376365631	0.406159618358576	774
-0.04522376365631	0.406159618358576	774
-0.04522376365631	0.406159618358576	106
-0.0454111055683599	0.406108159138969	106
-0.0454111055683599	0.406108159138969	106
-0.04522376365631	0.406159618358576	106
-0.0454111055683599	0.406108159138969	2737
-0.04522376365631	0.406159618358576	1025
-0.04522376365631	0.406159618358576	1025
-0.04522376365631	0.406159618358576	106
-0.0454111055683599	0.406108159138969	106
-0.04522376365631	0.406159618358576	106
-0.07255880756041	0.753613125904852	738
0.08999937816494	1.67681628353679	595
-0.07255880756041	0.753613125904852	654
0.0648941592652399	0.982457596208955	7
-0.0454111055683599	0.406108159138969	904
-0.04522376365631	0.406159618358576	55
-0.06789801192182	0.755319680676232	55
-0.0746717748247101	0.757687975137559	9
-0.06672391556845	0.755139764558434	1358
-0.04522376365631	0.406159618358576	1358
-0.07608962166886	0.760023550642785	1920
0.0615213190075601	0.97882904730854	186
-0.0746717748247101	0.757687975137559	186
-0.0501273146083801	0.40572439661199	186
-0.06789801192182	0.755319680676232	186
-0.06840613866815	0.751938577957193	186
-0.0454111055683599	0.406108159138969	661
-0.07049553786231	0.755751724984709	104
-0.0693202809442	0.7576566965492	338
-0.0454111055683599	0.406108159138969	1364
-0.04522376365631	0.406159618358576	13
-0.06789801192182	0.755319680676232	227
-0.0454111055683599	0.406108159138969	2787
-0.07373483340545	0.759520768730619	81
-0.0454111055683599	0.406108159138969	81
-0.04522376365631	0.406159618358576	774
-0.0501273146083801	0.40572439661199	106
-0.0454111055683599	0.406108159138969	106
-0.04522376365631	0.406159618358576	2737
-0.04522376365631	0.406159618358576	106
-0.0501273146083801	0.40572439661199	106
-0.04522376365631	0.406159618358576	106
-0.0501273146083801	0.40572439661199	106
-0.0501273146083801	0.40572439661199	438
-0.04522376365631	0.406159618358576	1025
-0.0454111055683599	0.406108159138969	1025
-0.0454111055683599	0.406108159138969	1025
-0.04522376365631	0.406159618358576	438
0.0717721318809099	0.965197303659136	44
0.10761318597296	1.65250451157734	40
0.01293099107414	1.82504467261345	7
0.0284967644633001	1.41781007556622	347
-0.0841715141216199	1.16121727856494	168
-0.04522376365631	0.406159618358576	1920
-0.0454111055683599	0.406108159138969	9
-0.07167170535838	0.750034484854258	508
-0.04522376365631	0.406159618358576	186
-0.04522376365631	0.406159618358576	186
-0.06555072674751	0.752836446371321	150
-0.0454111055683599	0.406108159138969	661
-0.04522376365631	0.406159618358576	104
-0.04522376365631	0.406159618358576	25
-0.07349417803259	0.758718061977533	99
-0.0454111055683599	0.406108159138969	13
-0.0454111055683599	0.406108159138969	13
-0.04522376365631	0.406159618358576	650
-0.04522376365631	0.406159618358576	81
-0.0454111055683599	0.406108159138969	1879
-0.0454111055683599	0.406108159138969	414
-0.06789801192182	0.755319680676232	44
-0.04522376365631	0.406159618358576	425
-0.0501273146083801	0.40572439661199	1760
-0.0454111055683599	0.406108159138969	595
-0.0681459332729899	0.757477944035012	71
0.05620632849263	0.968212568709938	7
0.02024623627837	1.44086261885127	7
-0.0454111055683599	0.406108159138969	347
-0.04522376365631	0.406159618358576	3070
-0.07349417803259	0.758718061977533	508
-0.07167170535838	0.750034484854258	508
-0.04522376365631	0.406159618358576	181
-0.06672391556845	0.755139764558434	104
-0.06672391556845	0.755139764558434	2595
-0.04522376365631	0.406159618358576	13
-0.04522376365631	0.406159618358576	13
-0.0501273146083801	0.40572439661199	25
-0.04522376365631	0.406159618358576	13
-0.04522376365631	0.406159618358576	81
-0.0616404802900501	0.747635014309802	81
-0.0454111055683599	0.406108159138969	81
-0.0639861075511099	0.750093739397359	81
-0.04522376365631	0.406159618358576	81
-0.06789801192182	0.755319680676232	106
-0.0454111055683599	0.406108159138969	1025
-0.04522376365631	0.406159618358576	106
-0.04522376365631	0.406159618358576	438
-0.10334214369758	1.18838135316708	414
-0.08090940093114	1.62639687803942	40
-0.0974215164396299	1.19303792723712	7
-0.0919117991446401	1.16993623612294	9
0.01877857085297	1.41969781081463	347
-0.04522376365631	0.406159618358576	2412
-0.04522376365631	0.406159618358576	181
-0.0454111055683599	0.406108159138969	150
-0.0454111055683599	0.406108159138969	104
-0.0454111055683599	0.406108159138969	13
-0.0501273146083801	0.40572439661199	25
-0.0454111055683599	0.406108159138969	1929
-0.04522376365631	0.406159618358576	382
-0.04522376365631	0.406159618358576	106
-0.04522376365631	0.406159618358576	1025
-0.0454111055683599	0.406108159138969	1025
0.0179257155741399	1.43639381619546	220
-0.09414452520885	1.16143648354489	1760
0.10959064162608	1.62978346472756	595
-0.07585028564619	0.752597954911243	281
0.0743761193933401	0.960603618560299	281
0.0302499143781401	1.40646939364426	580
0.02447516367697	1.42224986987671	258
-0.0915064971292301	1.18063614088228	7
-0.0702489325383799	0.747751043646639	61
0.0167967973594201	1.4455791488042	7
-0.0639861075511099	0.750093739397359	508
-0.0454111055683599	0.406108159138969	9
-0.0454111055683599	0.406108159138969	181
-0.0501273146083801	0.40572439661199	181
-0.04522376365631	0.406159618358576	104
-0.0454111055683599	0.406108159138969	104
-0.0454111055683599	0.406108159138969	13
-0.04522376365631	0.406159618358576	13
-0.0454111055683599	0.406108159138969	3599
-0.04522376365631	0.406159618358576	3599
-0.0681459332729899	0.757477944035012	1929
-0.0454111055683599	0.406108159138969	1728
-0.0693202809442	0.7576566965492	382
-0.04522376365631	0.406159618358576	81
-0.0454111055683599	0.406108159138969	81
-0.04522376365631	0.406159618358576	650
-0.0454111055683599	0.406108159138969	81
-0.0693202809442	0.7576566965492	774
-0.04522376365631	0.406159618358576	774
-0.04522376365631	0.406159618358576	774
-0.04522376365631	0.406159618358576	438
-0.06555072674751	0.752836446371321	738
-0.0454111055683599	0.406108159138969	738
-0.000903137744979965	1.88445762296131	23
0.10677257008845	2.24546594463651	92
0.0816020836718401	0.941598619478182	71
-0.0744415484971901	1.61423840529001	580
0.07500184758954	0.965853387101135	7
-0.0454111055683599	0.406108159138969	347
-0.09557948035874	1.19234470110764	9
-0.04522376365631	0.406159618358576	399
0.07244770312242	0.961306132364751	508
-0.04522376365631	0.406159618358576	2412
-0.0454111055683599	0.406108159138969	181
-0.0707587439584601	0.752445452911296	753
-0.06555072674751	0.752836446371321	104
-0.0746717748247101	0.757687975137559	104
-0.04522376365631	0.406159618358576	104
-0.04522376365631	0.406159618358576	104
-0.0454111055683599	0.406108159138969	1386
-0.04522376365631	0.406159618358576	3599
-0.06789801192182	0.755319680676232	13
-0.0454111055683599	0.406108159138969	916
-0.04522376365631	0.406159618358576	650
-0.0454111055683599	0.406108159138969	81
-0.0501273146083801	0.40572439661199	81
-0.0454111055683599	0.406108159138969	1858
-0.07726838676269	0.754898338581045	774
-0.04522376365631	0.406159618358576	106
-0.0454111055683599	0.406108159138969	1025
-0.0454111055683599	0.406108159138969	1025
-0.04522376365631	0.406159618358576	438
-0.04522376365631	0.406159618358576	438
-0.0974215164396299	1.19303792723712	220
-0.04522376365631	0.406159618358576	169
-0.04522376365631	0.406159618358576	829
-0.0454111055683599	0.406108159138969	738
-0.0454111055683599	0.406108159138969	738
-0.07608962166886	0.760023550642785	1571
-0.06840613866815	0.751938577957193	1571
-0.08925764418712	1.16428440589755	1571
-0.04522376365631	0.406159618358576	2667
0.0931246021136301	1.68287619725622	40
0.07114391500377	0.973898476935828	7
-0.0501273146083801	0.40572439661199	2346
0.07403826017478	0.970531835985497	9
-0.04522376365631	0.406159618358576	399
-0.04522376365631	0.406159618358576	181
-0.0693202809442	0.7576566965492	104
-0.0454111055683599	0.406108159138969	104
-0.04522376365631	0.406159618358576	104
-0.04522376365631	0.406159618358576	104
-0.07608962166886	0.760023550642785	13
-0.06789801192182	0.755319680676232	382
-0.07231749393078	0.757183848190581	382
-0.04522376365631	0.406159618358576	650
-0.0501273146083801	0.40572439661199	650
-0.0454111055683599	0.406108159138969	456
-0.0707956913644301	2.44289889823046	231
-0.04522376365631	0.406159618358576	414
-0.04522376365631	0.406159618358576	738
-0.04522376365631	0.406159618358576	2667
-0.04522376365631	0.406159618358576	281
-0.0681459332729899	0.757477944035012	640
-0.04522376365631	0.406159618358576	904
-0.0639861075511099	0.750093739397359	9
-0.04522376365631	0.406159618358576	347
-0.07491177099641	0.761062662410459	9
-0.06046902471553	0.74131826500725	690
-0.04522376365631	0.406159618358576	399
-0.0454111055683599	0.406108159138969	181
-0.0501273146083801	0.40572439661199	181
-0.0501273146083801	0.40572439661199	753
-0.0454111055683599	0.406108159138969	104
-0.04522376365631	0.406159618358576	13
-0.0454111055683599	0.406108159138969	382
-0.04522376365631	0.406159618358576	650
-0.0454111055683599	0.406108159138969	650
-0.0501273146083801	0.40572439661199	650
-0.0454111055683599	0.406108159138969	81
-0.0501273146083801	0.40572439661199	774
-0.0501273146083801	0.40572439661199	774
-0.0454111055683599	0.406108159138969	774
-0.0454111055683599	0.406108159138969	106
-0.0454111055683599	0.406108159138969	106
-0.04522376365631	0.406159618358576	438
0.0655223168841199	0.975317439128556	174
0.0781246432709799	0.95821144455975	169
-0.0454111055683599	0.406108159138969	3609
-0.08917412820621	1.17175811802129	829
-0.0501273146083801	0.40572439661199	23
-0.0454111055683599	0.406108159138969	325
-0.04522376365631	0.406159618358576	2766
-0.0454111055683599	0.406108159138969	61
0.0699478339375601	0.971308925372225	640
-0.0454111055683599	0.406108159138969	904
-0.0693202809442	0.7576566965492	9
0.0718688253178801	0.968860626085677	9
-0.0454111055683599	0.406108159138969	399
-0.0693202809442	0.7576566965492	508
-0.07491177099641	0.761062662410459	508
-0.07585028564619	0.752597954911243	9
-0.04522376365631	0.406159618358576	2412
-0.0501273146083801	0.40572439661199	753
-0.0454111055683599	0.406108159138969	661
0.0781246432709799	0.95821144455975	13
-0.04522376365631	0.406159618358576	3124
-0.06555072674751	0.752836446371321	916
-0.0501273146083801	0.40572439661199	382
-0.0454111055683599	0.406108159138969	650
-0.04522376365631	0.406159618358576	106
-0.04522376365631	0.406159618358576	106
-0.0454111055683599	0.406108159138969	438
-0.04522376365631	0.406159618358576	169
-0.0454111055683599	0.406108159138969	169
-0.04522376365631	0.406159618358576	44
-0.0454111055683599	0.406108159138969	1336
0.02220810396219	1.4395768024613	23
-0.0501273146083801	0.40572439661199	1571
-0.0501273146083801	0.40572439661199	2667
-0.0454111055683599	0.406108159138969	23
0.0699630854322499	2.06933326167865	325
-0.0454111055683599	0.406108159138969	281
-0.04522376365631	0.406159618358576	1158
-0.04522376365631	0.406159618358576	7
-0.06840613866815	0.751938577957193	640
0.0699478339375601	0.971308925372225	640
-0.0501273146083801	0.40572439661199	904
-0.04522376365631	0.406159618358576	904
-0.0693202809442	0.7576566965492	248
-0.0693202809442	0.7576566965492	9
-0.0454111055683599	0.406108159138969	9
-0.04522376365631	0.406159618358576	399
-0.0454111055683599	0.406108159138969	399
-0.04522376365631	0.406159618358576	2412
-0.04522376365631	0.406159618358576	2412
-0.0501273146083801	0.40572439661199	9
-0.0805344456027799	0.755559929122587	104
-0.04522376365631	0.406159618358576	661
-0.04522376365631	0.406159618358576	1093
-0.04522376365631	0.406159618358576	1093
-0.04522376365631	0.406159618358576	2313
-0.0501273146083801	0.40572439661199	3124
-0.04522376365631	0.406159618358576	3124
-0.0501273146083801	0.40572439661199	382
-0.04522376365631	0.406159618358576	382
-0.0454111055683599	0.406108159138969	650
-0.0454111055683599	0.406108159138969	81
-0.0454111055683599	0.406108159138969	81
-0.04522376365631	0.406159618358576	81
-0.04522376365631	0.406159618358576	52
-0.04522376365631	0.406159618358576	828
-0.04522376365631	0.406159618358576	828
-0.0454111055683599	0.406108159138969	1025
-0.04522376365631	0.406159618358576	414
-0.04522376365631	0.406159618358576	2049
-0.04522376365631	0.406159618358576	1264
-0.0616404802900501	0.747635014309802	595
-0.04522376365631	0.406159618358576	281
-0.0670836876580201	2.44745026380172	40
-0.0454111055683599	0.406108159138969	2766
-0.0454111055683599	0.406108159138969	399
-0.0693202809442	0.7576566965492	508
-0.04522376365631	0.406159618358576	2412
-0.04522376365631	0.406159618358576	181
-0.0501273146083801	0.40572439661199	9
-0.07373483340545	0.759520768730619	104
-0.07608962166886	0.760023550642785	104
-0.0454111055683599	0.406108159138969	661
-0.04522376365631	0.406159618358576	1093
-0.0454111055683599	0.406108159138969	13
-0.0454111055683599	0.406108159138969	292
-0.0454111055683599	0.406108159138969	650
-0.0454111055683599	0.406108159138969	865
-0.0501273146083801	0.40572439661199	1428
-0.04522376365631	0.406159618358576	106
-0.04522376365631	0.406159618358576	1025
-0.0454111055683599	0.406108159138969	438
-0.04522376365631	0.406159618358576	414
0.0664863799331601	0.973221895854537	130
0.0668223144935201	0.983497164001226	169
-0.0454111055683599	0.406108159138969	2049
-0.04522376365631	0.406159618358576	2049
-0.04522376365631	0.406159618358576	23
0.07533943272924	0.958003669245657	23
-0.06555072674751	0.752836446371321	23
-0.04522376365631	0.406159618358576	23
0.07403826017478	0.970531835985497	564
-0.0669724935203899	0.755161927952963	1264
-0.0454111055683599	0.406108159138969	1264
-0.04522376365631	0.406159618358576	1158
0.11414810310269	2.23530100856879	258
-0.04522376365631	0.406159618358576	399
-0.0454111055683599	0.406108159138969	399
-0.04522376365631	0.406159618358576	2412
-0.04522376365631	0.406159618358576	104
-0.0454111055683599	0.406108159138969	9
-0.04522376365631	0.406159618358576	104
-0.04522376365631	0.406159618358576	104
-0.04522376365631	0.406159618358576	3503
-0.04522376365631	0.406159618358576	13
-0.0454111055683599	0.406108159138969	1093
-0.04522376365631	0.406159618358576	13
-0.0454111055683599	0.406108159138969	13
-0.04522376365631	0.406159618358576	3124
-0.0454111055683599	0.406108159138969	3244
-0.0501273146083801	0.40572439661199	292
-0.04522376365631	0.406159618358576	865
-0.04522376365631	0.406159618358576	865
-0.04522376365631	0.406159618358576	828
-0.0454111055683599	0.406108159138969	828
-0.0454111055683599	0.406108159138969	1025
-0.0454111055683599	0.406108159138969	438
-0.0501273146083801	0.40572439661199	438
-0.04522376365631	0.406159618358576	438
-0.04522376365631	0.406159618358576	2426
0.12198473514383	1.21347143740149	220
-0.0454111055683599	0.406108159138969	130
-0.04522376365631	0.406159618358576	44
-0.0454111055683599	0.406108159138969	1336
-0.04522376365631	0.406159618358576	1336
-0.0454111055683599	0.406108159138969	23
-0.0454111055683599	0.406108159138969	325
0.0776609957393699	2.02309035445608	40
-0.0969055845231701	1.18175312361887	9
-0.0454111055683599	0.406108159138969	248
-0.04522376365631	0.406159618358576	1957
-0.04522376365631	0.406159618358576	104
-0.04522376365631	0.406159618358576	104
-0.0693202809442	0.7576566965492	104
-0.04522376365631	0.406159618358576	13
-0.04522376365631	0.406159618358576	1093
-0.0454111055683599	0.406108159138969	3124
-0.0454111055683599	0.406108159138969	3124
-0.0454111055683599	0.406108159138969	865
-0.04522376365631	0.406159618358576	81
-0.04522376365631	0.406159618358576	1428
-0.0454111055683599	0.406108159138969	81
-0.04522376365631	0.406159618358576	52
-0.04522376365631	0.406159618358576	52
-0.0454111055683599	0.406108159138969	2425
-0.04522376365631	0.406159618358576	438
-0.04522376365631	0.406159618358576	2426
-0.0454111055683599	0.406108159138969	2426
-0.0669724935203899	0.755161927952963	24
-0.04522376365631	0.406159618358576	169
-0.04522376365631	0.406159618358576	1336
-0.09557948035874	1.19234470110764	16
-0.06555072674751	0.752836446371321	7
-0.04522376365631	0.406159618358576	7
-0.0501273146083801	0.40572439661199	7
-0.0501273146083801	0.40572439661199	9
-0.06672391556845	0.755139764558434	818
0.0290589224800599	1.3983082005638	168
0.05740667605447	0.957479642053909	690
-0.0501273146083801	0.40572439661199	399
0.0727371858550601	0.962577209907809	9
-0.0454111055683599	0.406108159138969	9
-0.04522376365631	0.406159618358576	104
-0.04522376365631	0.406159618358576	9
-0.0454111055683599	0.406108159138969	1957
-0.06555072674751	0.752836446371321	659
-0.0501273146083801	0.40572439661199	104
-0.04522376365631	0.406159618358576	104
-0.04522376365631	0.406159618358576	13
-0.04522376365631	0.406159618358576	13
-0.0454111055683599	0.406108159138969	865
-0.04522376365631	0.406159618358576	81
-0.04522376365631	0.406159618358576	52
-0.0454111055683599	0.406108159138969	52
-0.04522376365631	0.406159618358576	828
-0.0501273146083801	0.40572439661199	438
-0.04522376365631	0.406159618358576	2426
-0.0454111055683599	0.406108159138969	24
-0.0454111055683599	0.406108159138969	24
-0.04522376365631	0.406159618358576	169
-0.0454111055683599	0.406108159138969	169
-0.04522376365631	0.406159618358576	2629
-0.0681459332729899	0.757477944035012	16
-0.0681459332729899	0.757477944035012	16
-0.0501273146083801	0.40572439661199	23
-0.0657999603608601	0.748722663220006	361
-0.07373483340545	0.759520768730619	23
-0.0501273146083801	0.40572439661199	675
-0.0501273146083801	0.40572439661199	281
-0.04522376365631	0.406159618358576	147
-0.07049553786231	0.755751724984709	9
-0.08917697701574	1.16096946131897	508
-0.04522376365631	0.406159618358576	104
-0.0693202809442	0.7576566965492	13
-0.0702489325383799	0.747751043646639	1460
-0.0454111055683599	0.406108159138969	70
-0.0454111055683599	0.406108159138969	1093
-0.0454111055683599	0.406108159138969	70
-0.0501273146083801	0.40572439661199	382
-0.04522376365631	0.406159618358576	865
-0.0454111055683599	0.406108159138969	165
-0.04522376365631	0.406159618358576	828
-0.04522376365631	0.406159618358576	52
-0.04522376365631	0.406159618358576	3357
-0.04522376365631	0.406159618358576	2425
-0.0454111055683599	0.406108159138969	438
-0.07231749393078	0.757183848190581	3539
-0.04522376365631	0.406159618358576	2629
-0.04522376365631	0.406159618358576	2629
-0.0681459332729899	0.757477944035012	325
-0.0669724935203899	0.755161927952963	281
-0.0454111055683599	0.406108159138969	1805
-0.08925764418712	1.16428440589755	40
0.0975283721026301	1.66536774429419	40
0.07719684867517	2.06955219055656	61
-0.0454111055683599	0.406108159138969	9
-0.06672391556845	0.755139764558434	248
-0.0454111055683599	0.406108159138969	1922
-0.04522376365631	0.406159618358576	104
-0.04522376365631	0.406159618358576	104
-0.0803017805483299	0.753586690030118	104
-0.0501273146083801	0.40572439661199	1093
-0.04522376365631	0.406159618358576	70
-0.04522376365631	0.406159618358576	70
-0.0454111055683599	0.406108159138969	70
-0.04522376365631	0.406159618358576	13
-0.0454111055683599	0.406108159138969	3244
-0.0501273146083801	0.40572439661199	292
-0.04522376365631	0.406159618358576	81
-0.04522376365631	0.406159618358576	81
-0.04522376365631	0.406159618358576	81
-0.04522376365631	0.406159618358576	165
-0.0454111055683599	0.406108159138969	353
-0.0454111055683599	0.406108159138969	1852
-0.0454111055683599	0.406108159138969	3357
-0.04522376365631	0.406159618358576	2425
-0.0454111055683599	0.406108159138969	2425
-0.0454111055683599	0.406108159138969	145
-0.10190600201428	1.17685791366758	110
0.0582975094592899	0.971557681138923	220
-0.0833918502525	1.6404592881449	169
0.0668995227437601	0.965050075018036	16
-0.04522376365631	0.406159618358576	281
-0.0693202809442	0.7576566965492	7
-0.0746717748247101	0.757687975137559	7
-0.09017843417031	1.16462737634286	3129
0.0655223168841199	0.975317439128556	403
-0.0681459332729899	0.757477944035012	1922
-0.0746717748247101	0.757687975137559	104
0.07210929455604	0.974287435452963	1460
-0.0791215786258901	0.753267407814952	13
-0.04522376365631	0.406159618358576	1093
-0.0501273146083801	0.40572439661199	1093
-0.0501273146083801	0.40572439661199	70
-0.06789801192182	0.755319680676232	382
-0.04522376365631	0.406159618358576	382
-0.07373483340545	0.759520768730619	1420
-0.0501273146083801	0.40572439661199	81
-0.04522376365631	0.406159618358576	165
-0.0501273146083801	0.40572439661199	52
-0.04522376365631	0.406159618358576	52
-0.0454111055683599	0.406108159138969	52
-0.0454111055683599	0.406108159138969	52
-0.04522376365631	0.406159618358576	2772
-0.04522376365631	0.406159618358576	828
-0.04522376365631	0.406159618358576	2425
-0.0454111055683599	0.406108159138969	353
0.0290415259716199	1.42930754133376	44
-0.0724463792738901	1.58436833632492	44
-0.0912671100168501	1.62942960243325	40
-0.0996714959551099	1.179905467392	258
-0.04522376365631	0.406159618358576	690
-0.0454111055683599	0.406108159138969	9
-0.0681459332729899	0.757477944035012	13
-0.0454111055683599	0.406108159138969	13
-0.0454111055683599	0.406108159138969	1123
-0.0454111055683599	0.406108159138969	1460
-0.06789801192182	0.755319680676232	13
-0.04522376365631	0.406159618358576	382
-0.0454111055683599	0.406108159138969	1420
-0.0669724935203899	0.755161927952963	735
-0.04522376365631	0.406159618358576	165
-0.04522376365631	0.406159618358576	165
-0.0454111055683599	0.406108159138969	165
-0.04522376365631	0.406159618358576	2463
-0.04522376365631	0.406159618358576	1852
-0.0454111055683599	0.406108159138969	52
-0.04522376365631	0.406159618358576	2772
-0.0454111055683599	0.406108159138969	3357
-0.0454111055683599	0.406108159138969	2425
-0.0454111055683599	0.406108159138969	2426
-0.04522376365631	0.406159618358576	2710
-0.0669724935203899	0.755161927952963	325
-0.0501273146083801	0.40572439661199	325
-0.04522376365631	0.406159618358576	40
-0.0707587439584601	0.752445452911296	7
-0.04522376365631	0.406159618358576	7
-0.04522376365631	0.406159618358576	7
-0.04522376365631	0.406159618358576	156
-0.04522376365631	0.406159618358576	3129
-0.0501273146083801	0.40572439661199	147
-0.04522376365631	0.406159618358576	147
-0.0454111055683599	0.406108159138969	403
-0.0454111055683599	0.406108159138969	403
-0.04522376365631	0.406159618358576	104
-0.0454111055683599	0.406108159138969	104
-0.04522376365631	0.406159618358576	13
-0.0454111055683599	0.406108159138969	1460
-0.0454111055683599	0.406108159138969	1460
-0.04522376365631	0.406159618358576	1460
-0.0454111055683599	0.406108159138969	382
-0.0454111055683599	0.406108159138969	382
-0.04522376365631	0.406159618358576	81
-0.0501273146083801	0.40572439661199	165
-0.0454111055683599	0.406108159138969	165
-0.04522376365631	0.406159618358576	165
-0.04522376365631	0.406159618358576	1852
-0.0454111055683599	0.406108159138969	52
-0.0454111055683599	0.406108159138969	52
-0.0501273146083801	0.40572439661199	2425
0.0236327505829701	1.43543574566114	2710
0.0596620561030301	0.958065968852017	258
0.0668223144935201	0.983497164001226	484
-0.0693202809442	0.7576566965492	818
0.0658585351733401	0.983858903403601	823
-0.0681459332729899	0.757477944035012	690
-0.04522376365631	0.406159618358576	9
-0.06789801192182	0.755319680676232	104
-0.0746717748247101	0.757687975137559	104
-0.0681459332729899	0.757477944035012	104
-0.0454111055683599	0.406108159138969	104
-0.0454111055683599	0.406108159138969	13
-0.04522376365631	0.406159618358576	70
-0.0454111055683599	0.406108159138969	81
-0.04522376365631	0.406159618358576	165
-0.0454111055683599	0.406108159138969	2463
-0.0454111055683599	0.406108159138969	2463
-0.04522376365631	0.406159618358576	2463
-0.0454111055683599	0.406108159138969	52
-0.0454111055683599	0.406108159138969	52
-0.04522376365631	0.406159618358576	52
-0.0454111055683599	0.406108159138969	52
-0.0681459332729899	0.757477944035012	3357
-0.04522376365631	0.406159618358576	3357
-0.04522376365631	0.406159618358576	2425
-0.0454111055683599	0.406108159138969	2425
-0.08171490361416	0.755879019504499	169
-0.04522376365631	0.406159618358576	23
0.09579090561078	1.68722353547365	2710
-0.06281284079462	0.749911386602174	40
-0.0454111055683599	0.406108159138969	7
-0.0501273146083801	0.40572439661199	7
-0.0919117991446401	1.16993623612294	156
-0.0791215786258901	0.753267407814952	248
-0.0501273146083801	0.40572439661199	147
-0.04522376365631	0.406159618358576	9
-0.04522376365631	0.406159618358576	104
-0.0693202809442	0.7576566965492	104
-0.04522376365631	0.406159618358576	13
-0.04522376365631	0.406159618358576	13
-0.0454111055683599	0.406108159138969	1740
-0.06789801192182	0.755319680676232	79
-0.04522376365631	0.406159618358576	79
-0.04522376365631	0.406159618358576	81
-0.0454111055683599	0.406108159138969	165
-0.0454111055683599	0.406108159138969	3357
-0.04522376365631	0.406159618358576	2425
-0.04522376365631	0.406159618358576	2425
-0.10967416466032	1.1698944301424	110
-0.0454111055683599	0.406108159138969	829
-0.0946592701003199	1.18902250169928	325
-0.10242107278268	1.19021883908903	40
0.0755815353717	0.958159725009576	64
0.0771634080611701	0.960818859253144	147
-0.0693202809442	0.7576566965492	147
-0.04522376365631	0.406159618358576	147
-0.0454111055683599	0.406108159138969	147
-0.0454111055683599	0.406108159138969	104
-0.07049553786231	0.755751724984709	104
-0.0501273146083801	0.40572439661199	104
-0.04522376365631	0.406159618358576	104
-0.0454111055683599	0.406108159138969	104
-0.0454111055683599	0.406108159138969	13
-0.04522376365631	0.406159618358576	1740
-0.04522376365631	0.406159618358576	70
0.0671595024381599	0.971040289110175	70
-0.04522376365631	0.406159618358576	81
-0.0454111055683599	0.406108159138969	81
-0.0454111055683599	0.406108159138969	165
-0.0454111055683599	0.406108159138969	165
-0.0454111055683599	0.406108159138969	52
-0.04522376365631	0.406159618358576	52
-0.0454111055683599	0.406108159138969	52
-0.04522376365631	0.406159618358576	3357
-0.0454111055683599	0.406108159138969	3357
-0.04522376365631	0.406159618358576	3357
-0.0915064971292301	1.18063614088228	24
0.05636848612643	0.961447147904117	281
-0.0454111055683599	0.406108159138969	13
-0.0454111055683599	0.406108159138969	1740
-0.0454111055683599	0.406108159138969	1438
-0.04522376365631	0.406159618358576	1438
-0.04522376365631	0.406159618358576	1438
-0.0454111055683599	0.406108159138969	382
-0.0501273146083801	0.40572439661199	81
-0.0454111055683599	0.406108159138969	81
-0.04522376365631	0.406159618358576	165
-0.0454111055683599	0.406108159138969	165
-0.0454111055683599	0.406108159138969	783
-0.0454111055683599	0.406108159138969	353
-0.0454111055683599	0.406108159138969	52
-0.0454111055683599	0.406108159138969	52
-0.04522376365631	0.406159618358576	3357
-0.0454111055683599	0.406108159138969	2425
-0.04522376365631	0.406159618358576	2425
-0.04522376365631	0.406159618358576	2425
-0.0454111055683599	0.406108159138969	52
-0.0639861075511099	0.750093739397359	829
0.07370164205592	0.957991199340762	23
-0.0900977146148401	1.65554637801128	316
-0.0900913287160801	1.1749943903946	92
-0.07608962166886	0.760023550642785	690
-0.04522376365631	0.406159618358576	9
-0.0454111055683599	0.406108159138969	81
-0.04522376365631	0.406159618358576	81
-0.04522376365631	0.406159618358576	81
-0.04522376365631	0.406159618358576	81
-0.04522376365631	0.406159618358576	165
-0.0454111055683599	0.406108159138969	52
-0.0501273146083801	0.40572439661199	52
-0.04522376365631	0.406159618358576	52
-0.04522376365631	0.406159618358576	2425
-0.0957112370028601	1.65764422283966	16
-0.09058503146372	1.18029718433957	325
-0.04522376365631	0.406159618358576	7
0.06778549789713	0.981364424528038	7
-0.0501273146083801	0.40572439661199	156
-0.04522376365631	0.406159618358576	156
-0.04522376365631	0.406159618358576	9
-0.0454111055683599	0.406108159138969	9
-0.0454111055683599	0.406108159138969	9
-0.0501273146083801	0.40572439661199	104
-0.06281284079462	0.749911386602174	104
-0.04522376365631	0.406159618358576	13
-0.08171490361416	0.755879019504499	13
-0.04522376365631	0.406159618358576	722
-0.04522376365631	0.406159618358576	722
-0.04522376365631	0.406159618358576	81
-0.0501273146083801	0.40572439661199	81
-0.0501273146083801	0.40572439661199	783
-0.04522376365631	0.406159618358576	52
-0.0454111055683599	0.406108159138969	52
-0.0454111055683599	0.406108159138969	52
-0.04522376365631	0.406159618358576	52
-0.0454111055683599	0.406108159138969	52
-0.0454111055683599	0.406108159138969	2425
-0.0454111055683599	0.406108159138969	2425
-0.0454111055683599	0.406108159138969	2425
0.0213796495225	1.42457184124707	316
-0.0946798437307399	1.1659299787002	325
-0.09058503146372	1.18029718433957	850
0.06778549789713	0.981364424528038	850
-0.04522376365631	0.406159618358576	7
0.07210929455604	0.974287435452963	7
-0.0454111055683599	0.406108159138969	64
-0.06789801192182	0.755319680676232	394
-0.0454111055683599	0.406108159138969	9
-0.04522376365631	0.406159618358576	9
-0.0501273146083801	0.40572439661199	104
-0.04522376365631	0.406159618358576	104
-0.04522376365631	0.406159618358576	13
-0.0454111055683599	0.406108159138969	1139
-0.04522376365631	0.406159618358576	81
-0.04522376365631	0.406159618358576	359
-0.04522376365631	0.406159618358576	165
-0.04522376365631	0.406159618358576	165
-0.04522376365631	0.406159618358576	783
-0.04522376365631	0.406159618358576	52
-0.04522376365631	0.406159618358576	52
-0.04522376365631	0.406159618358576	52
-0.0454111055683599	0.406108159138969	52
-0.04522376365631	0.406159618358576	2425
-0.04522376365631	0.406159618358576	2425
-0.04522376365631	0.406159618358576	2425
-0.04522376365631	0.406159618358576	2425
-0.04522376365631	0.406159618358576	1625
0.0671595024381599	0.971040289110175	325
0.0236327505829701	1.43543574566114	120
-0.0896641051370799	1.17829735828949	7
-0.0693202809442	0.7576566965492	922
-0.04522376365631	0.406159618358576	156
-0.0454111055683599	0.406108159138969	495
-0.04522376365631	0.406159618358576	147
-0.07373483340545	0.759520768730619	459
-0.07491177099641	0.761062662410459	394
-0.0454111055683599	0.406108159138969	9
-0.07049553786231	0.755751724984709	104
-0.06672391556845	0.755139764558434	104
-0.04522376365631	0.406159618358576	104
-0.06437844413432	0.746436419448748	104
-0.0454111055683599	0.406108159138969	70
-0.0669724935203899	0.755161927952963	2923
-0.04522376365631	0.406159618358576	70
-0.0454111055683599	0.406108159138969	1133
-0.06672391556845	0.755139764558434	1139
-0.04522376365631	0.406159618358576	81
-0.0454111055683599	0.406108159138969	165
-0.04522376365631	0.406159618358576	165
-0.04522376365631	0.406159618358576	2425
-0.0454111055683599	0.406108159138969	419
-0.0454111055683599	0.406108159138969	2425
-0.0454111055683599	0.406108159138969	531
-0.0454111055683599	0.406108159138969	1625
0.0273502616761501	1.43577529706787	316
-0.0454111055683599	0.406108159138969	281
0.0162442671044201	1.83938963592991	40
0.07148259884122	0.959421301413727	7
0.0316570863176699	1.41678788285571	7
0.0658585351733401	0.983858903403601	7
0.07244770312242	0.961306132364751	922
-0.07608962166886	0.760023550642785	1065
-0.0454111055683599	0.406108159138969	2527
-0.04522376365631	0.406159618358576	147
-0.0693202809442	0.7576566965492	147
-0.04522376365631	0.406159618358576	2204
-0.04522376365631	0.406159618358576	9
-0.04522376365631	0.406159618358576	13
-0.0454111055683599	0.406108159138969	629
-0.04522376365631	0.406159618358576	70
-0.06789801192182	0.755319680676232	1139
-0.04522376365631	0.406159618358576	722
-0.0501273146083801	0.40572439661199	722
-0.0454111055683599	0.406108159138969	783
-0.04522376365631	0.406159618358576	783
-0.0501273146083801	0.40572439661199	783
-0.04522376365631	0.406159618358576	3095
-0.04522376365631	0.406159618358576	3095
-0.04522376365631	0.406159618358576	419
-0.0501273146083801	0.40572439661199	2425
-0.0454111055683599	0.406108159138969	52
-0.08984831242694	1.65272086761885	201
-0.08171490361416	0.755879019504499	23
-0.0454111055683599	0.406108159138969	316
-0.0693202809442	0.7576566965492	2814
-0.0454111055683599	0.406108159138969	2814
-0.04522376365631	0.406159618358576	1077
-0.0978522515992399	1.17134176069934	7
-0.04522376365631	0.406159618358576	7
0.0668223144935201	0.983497164001226	9
-0.10150054028111	1.18985713872001	64
-0.04522376365631	0.406159618358576	104
-0.0454111055683599	0.406108159138969	31
-0.0454111055683599	0.406108159138969	13
-0.04522376365631	0.406159618358576	629
-0.0454111055683599	0.406108159138969	629
-0.04522376365631	0.406159618358576	70
-0.04522376365631	0.406159618358576	1133
-0.0454111055683599	0.406108159138969	1133
-0.04522376365631	0.406159618358576	2836
-0.04522376365631	0.406159618358576	1411
-0.04522376365631	0.406159618358576	1411
-0.0454111055683599	0.406108159138969	255
-0.0454111055683599	0.406108159138969	722
-0.0454111055683599	0.406108159138969	722
-0.0454111055683599	0.406108159138969	783
-0.04522376365631	0.406159618358576	783
-0.0454111055683599	0.406108159138969	1255
-0.04522376365631	0.406159618358576	1710
-0.04522376365631	0.406159618358576	3095
-0.04522376365631	0.406159618358576	3095
-0.04522376365631	0.406159618358576	3095
-0.04522376365631	0.406159618358576	52
-0.04522376365631	0.406159618358576	1625
-0.0681459332729899	0.757477944035012	16
-0.04522376365631	0.406159618358576	120
-0.04522376365631	0.406159618358576	7
-0.07231749393078	0.757183848190581	7
-0.0669724935203899	0.755161927952963	7
0.11849283297859	2.20157513140784	7
-0.06789801192182	0.755319680676232	922
-0.06555072674751	0.752836446371321	147
-0.04522376365631	0.406159618358576	147
-0.0454111055683599	0.406108159138969	147
-0.0454111055683599	0.406108159138969	147
-0.04522376365631	0.406159618358576	2931
-0.04522376365631	0.406159618358576	2931
-0.0693202809442	0.7576566965492	378
-0.0454111055683599	0.406108159138969	2620
-0.0454111055683599	0.406108159138969	31
-0.04522376365631	0.406159618358576	629
-0.0454111055683599	0.406108159138969	629
-0.0454111055683599	0.406108159138969	2265
-0.0501273146083801	0.40572439661199	783
-0.0454111055683599	0.406108159138969	1255
-0.04522376365631	0.406159618358576	1710
-0.04522376365631	0.406159618358576	52
-0.0454111055683599	0.406108159138969	52
-0.04522376365631	0.406159618358576	52
-0.0693202809442	0.7576566965492	2275
-0.04522376365631	0.406159618358576	64
-0.06789801192182	0.755319680676232	13
-0.04522376365631	0.406159618358576	629
-0.04522376365631	0.406159618358576	629
-0.04522376365631	0.406159618358576	70
-0.04522376365631	0.406159618358576	722
-0.0454111055683599	0.406108159138969	165
-0.04522376365631	0.406159618358576	783
-0.04522376365631	0.406159618358576	783
-0.04522376365631	0.406159618358576	783
-0.0454111055683599	0.406108159138969	52
-0.04522376365631	0.406159618358576	52
-0.0454111055683599	0.406108159138969	1710
-0.04522376365631	0.406159618358576	52
-0.0454111055683599	0.406108159138969	419
-0.04522376365631	0.406159618358576	52
-0.04522376365631	0.406159618358576	52
-0.06437844413432	0.746436419448748	110
-0.07373483340545	0.759520768730619	829
-0.0454111055683599	0.406108159138969	16
0.10056536705614	1.6799352012656	325
-0.0711417211845999	0.751312028200316	325
0.05524589165945	0.971099161896769	120
-0.0454111055683599	0.406108159138969	7
0.06908470290744	0.968596470429859	7
0.10418295203661	1.65127552811522	7
-0.0711417211845999	0.751312028200316	7
-0.07491177099641	0.761062662410459	9
-0.07349417803259	0.758718061977533	495
-0.04522376365631	0.406159618358576	459
-0.0454111055683599	0.406108159138969	104
-0.0616404802900501	0.747635014309802	3286
-0.04522376365631	0.406159618358576	3286
-0.04522376365631	0.406159618358576	31
-0.0454111055683599	0.406108159138969	124
-0.0639861075511099	0.750093739397359	1254
-0.06672391556845	0.755139764558434	1411
-0.0454111055683599	0.406108159138969	783
-0.0454111055683599	0.406108159138969	1944
-0.04522376365631	0.406159618358576	52
-0.0454111055683599	0.406108159138969	52
-0.0454111055683599	0.406108159138969	1255
-0.04522376365631	0.406159618358576	52
-0.04522376365631	0.406159618358576	419
0.0688141938692799	0.953361430830417	16
-0.0657999603608601	0.748722663220006	16
-0.0454111055683599	0.406108159138969	156
-0.0454111055683599	0.406108159138969	156
-0.0693202809442	0.7576566965492	485
-0.0693202809442	0.7576566965492	618
-0.0454111055683599	0.406108159138969	147
-0.04522376365631	0.406159618358576	147
-0.0501273146083801	0.40572439661199	9
-0.04522376365631	0.406159618358576	104
-0.0454111055683599	0.406108159138969	124
-0.0454111055683599	0.406108159138969	1315
-0.0454111055683599	0.406108159138969	70
-0.07491177099641	0.761062662410459	1254
-0.07049553786231	0.755751724984709	722
-0.0454111055683599	0.406108159138969	1944
-0.04522376365631	0.406159618358576	1944
-0.0454111055683599	0.406108159138969	1944
-0.04522376365631	0.406159618358576	1944
-0.04522376365631	0.406159618358576	1944
-0.04522376365631	0.406159618358576	52
-0.0454111055683599	0.406108159138969	52
-0.0501273146083801	0.40572439661199	52
-0.0454111055683599	0.406108159138969	1255
-0.04522376365631	0.406159618358576	1255
-0.0454111055683599	0.406108159138969	52
-0.04522376365631	0.406159618358576	52
-0.0454111055683599	0.406108159138969	3095
-0.0454111055683599	0.406108159138969	52
-0.0454111055683599	0.406108159138969	52
0.0658585351733401	0.983858903403601	873
0.0708064794577601	0.966270157563041	16
0.02132307807274	1.40418403299461	16
-0.0693202809442	0.7576566965492	7
-0.07373483340545	0.759520768730619	7
0.0743761193933401	0.960603618560299	9
-0.04522376365631	0.406159618358576	156
-0.0454111055683599	0.406108159138969	156
-0.06840613866815	0.751938577957193	9
-0.0454111055683599	0.406108159138969	147
-0.0454111055683599	0.406108159138969	378
-0.0454111055683599	0.406108159138969	104
-0.04522376365631	0.406159618358576	3221
-0.04522376365631	0.406159618358576	124
-0.04522376365631	0.406159618358576	124
-0.0454111055683599	0.406108159138969	124
-0.0454111055683599	0.406108159138969	124
-0.0454111055683599	0.406108159138969	70
-0.0454111055683599	0.406108159138969	722
-0.04522376365631	0.406159618358576	722
-0.0501273146083801	0.40572439661199	1944
-0.0454111055683599	0.406108159138969	1944
-0.04522376365631	0.406159618358576	1944
-0.0454111055683599	0.406108159138969	1944
-0.04522376365631	0.406159618358576	52
-0.04522376365631	0.406159618358576	1255
-0.0454111055683599	0.406108159138969	1255
-0.04522376365631	0.406159618358576	52
-0.0454111055683599	0.406108159138969	52
-0.0454111055683599	0.406108159138969	52
-0.0454111055683599	0.406108159138969	52
-0.04522376365631	0.406159618358576	515
0.0708064794577601	0.966270157563041	16
-0.06672391556845	0.755139764558434	3194
-0.0639861075511099	0.750093739397359	3601
-0.0693202809442	0.7576566965492	7
-0.07373483340545	0.759520768730619	156
-0.10017378548457	1.17372844020283	9
-0.06789801192182	0.755319680676232	495
-0.04522376365631	0.406159618358576	618
-0.06555072674751	0.752836446371321	147
-0.06555072674751	0.752836446371321	394
-0.0454111055683599	0.406108159138969	394
-0.0454111055683599	0.406108159138969	104
-0.04522376365631	0.406159618358576	378
-0.0454111055683599	0.406108159138969	9
-0.07349417803259	0.758718061977533	124
-0.0501273146083801	0.40572439661199	124
-0.0454111055683599	0.406108159138969	70
-0.0454111055683599	0.406108159138969	70
-0.04522376365631	0.406159618358576	70
-0.0454111055683599	0.406108159138969	2603
-0.0693202809442	0.7576566965492	1254
-0.06672391556845	0.755139764558434	722
-0.0454111055683599	0.406108159138969	722
-0.0454111055683599	0.406108159138969	722
-0.0454111055683599	0.406108159138969	1944
-0.0454111055683599	0.406108159138969	1944
-0.04522376365631	0.406159618358576	1944
-0.04522376365631	0.406159618358576	1944
-0.0454111055683599	0.406108159138969	52
-0.04522376365631	0.406159618358576	52
-0.0454111055683599	0.406108159138969	52
-0.04522376365631	0.406159618358576	52
-0.04522376365631	0.406159618358576	52
-0.0454111055683599	0.406108159138969	24
0.06185732413273	0.96758690827548	325
-0.10282668579318	1.17937643768039	325
0.05733329620526	0.968741334567409	120
-0.06555072674751	0.752836446371321	670
0.07114391500377	0.973898476935828	485
-0.0681459332729899	0.757477944035012	64
-0.04522376365631	0.406159618358576	495
-0.06281284079462	0.749911386602174	394
-0.06840613866815	0.751938577957193	394
-0.04522376365631	0.406159618358576	394
-0.0454111055683599	0.406108159138969	104
-0.04522376365631	0.406159618358576	104
-0.0454111055683599	0.406108159138969	378
-0.04522376365631	0.406159618358576	9
-0.0454111055683599	0.406108159138969	1315
-0.06555072674751	0.752836446371321	2603
-0.07608962166886	0.760023550642785	1254
-0.04522376365631	0.406159618358576	2182
-0.0454111055683599	0.406108159138969	52
-0.0454111055683599	0.406108159138969	52
-0.0454111055683599	0.406108159138969	52
-0.0454111055683599	0.406108159138969	52
-0.0454111055683599	0.406108159138969	52
-0.04522376365631	0.406159618358576	52
-0.0454111055683599	0.406108159138969	52
-0.0454111055683599	0.406108159138969	52
-0.09058503146372	1.18029718433957	325
-0.09557948035874	1.19234470110764	120
-0.0454111055683599	0.406108159138969	3601
-0.04522376365631	0.406159618358576	3601
-0.0501273146083801	0.40572439661199	3601
-0.0693202809442	0.7576566965492	7
-0.07373483340545	0.759520768730619	7
-0.04522376365631	0.406159618358576	7
-0.0454111055683599	0.406108159138969	156
-0.0707587439584601	0.752445452911296	156
-0.0454111055683599	0.406108159138969	485
-0.0681459332729899	0.757477944035012	485
-0.04522376365631	0.406159618358576	64
-0.0501273146083801	0.40572439661199	495
-0.0454111055683599	0.406108159138969	495
-0.04522376365631	0.406159618358576	2510
-0.04522376365631	0.406159618358576	2510
-0.0454111055683599	0.406108159138969	717
-0.0454111055683599	0.406108159138969	618
-0.04522376365631	0.406159618358576	394
-0.0454111055683599	0.406108159138969	104
-0.04522376365631	0.406159618358576	104
-0.04522376365631	0.406159618358576	104
-0.04522376365631	0.406159618358576	104
-0.04522376365631	0.406159618358576	104
-0.0454111055683599	0.406108159138969	104
-0.04522376365631	0.406159618358576	124
-0.04522376365631	0.406159618358576	1315
-0.04522376365631	0.406159618358576	1315
-0.08148290036555	0.749444568565044	70
-0.04522376365631	0.406159618358576	70
-0.04522376365631	0.406159618358576	722
-0.0501273146083801	0.40572439661199	2182
-0.0454111055683599	0.406108159138969	1944
-0.04522376365631	0.406159618358576	1944
-0.0454111055683599	0.406108159138969	1944
-0.0454111055683599	0.406108159138969	1944
-0.04522376365631	0.406159618358576	52
-0.04522376365631	0.406159618358576	52
-0.04522376365631	0.406159618358576	1255
-0.0501273146083801	0.40572439661199	1255
-0.0454111055683599	0.406108159138969	52
-0.0454111055683599	0.406108159138969	52
-0.0454111055683599	0.406108159138969	52
-0.04522376365631	0.406159618358576	52
-0.0454111055683599	0.406108159138969	52
-0.0454111055683599	0.406108159138969	52
0.0671595024381599	0.971040289110175	201
-0.06672391556845	0.755139764558434	325
-0.0454111055683599	0.406108159138969	325
-0.0454111055683599	0.406108159138969	325
-0.0454111055683599	0.406108159138969	325
-0.0454111055683599	0.406108159138969	325
0.0661960092799701	0.969695370012245	120
-0.04522376365631	0.406159618358576	40
-0.04522376365631	0.406159618358576	1041
-0.04522376365631	0.406159618358576	7
-0.0454111055683599	0.406108159138969	7
-0.04522376365631	0.406159618358576	7
-0.0454111055683599	0.406108159138969	7
-0.0454111055683599	0.406108159138969	7
-0.0454111055683599	0.406108159138969	485
-0.0454111055683599	0.406108159138969	485
-0.04522376365631	0.406159618358576	485
-0.04522376365631	0.406159618358576	64
-0.0454111055683599	0.406108159138969	495
-0.04522376365631	0.406159618358576	495
-0.04522376365631	0.406159618358576	495
-0.0996714959551099	1.179905467392	9
-0.0454111055683599	0.406108159138969	618
-0.07491177099641	0.761062662410459	147
-0.04522376365631	0.406159618358576	147
0.0722094015942401	0.969467161480293	9
-0.0454111055683599	0.406108159138969	394
-0.10242107278268	1.19021883908903	394
-0.0454111055683599	0.406108159138969	9
-0.04522376365631	0.406159618358576	378
-0.04522376365631	0.406159618358576	104
-0.04522376365631	0.406159618358576	104
-0.0501273146083801	0.40572439661199	104
-0.0454111055683599	0.406108159138969	965
-0.0454111055683599	0.406108159138969	965
-0.0501273146083801	0.40572439661199	124
-0.0454111055683599	0.406108159138969	124
-0.04522376365631	0.406159618358576	1315
-0.04522376365631	0.406159618358576	1254
-0.0454111055683599	0.406108159138969	2182
-0.0454111055683599	0.406108159138969	1944
-0.0454111055683599	0.406108159138969	1944
-0.04522376365631	0.406159618358576	3300
-0.04522376365631	0.406159618358576	52
-0.04522376365631	0.406159618358576	52
-0.0454111055683599	0.406108159138969	52
-0.0501273146083801	0.40572439661199	52
-0.0454111055683599	0.406108159138969	52
-0.0454111055683599	0.406108159138969	52
0.10079636235379	1.66360168853496	201
0.0000954212823700562	1.86724427571934	16
-0.04522376365631	0.406159618358576	325
-0.04522376365631	0.406159618358576	1129
-0.06672391556845	0.755139764558434	325
-0.09557948035874	1.19234470110764	325
0.00475383343646008	1.88506289397656	120
-0.04522376365631	0.406159618358576	40
-0.04522376365631	0.406159618358576	1041
-0.0454111055683599	0.406108159138969	7
-0.04522376365631	0.406159618358576	714
-0.0454111055683599	0.406108159138969	485
-0.0639861075511099	0.750093739397359	9
-0.0454111055683599	0.406108159138969	1074
-0.04522376365631	0.406159618358576	495
-0.0454111055683599	0.406108159138969	2409
-0.0501273146083801	0.40572439661199	2409
-0.0454111055683599	0.406108159138969	2409
-0.04522376365631	0.406159618358576	2409
-0.0501273146083801	0.40572439661199	2409
-0.04522376365631	0.406159618358576	2510
-0.0454111055683599	0.406108159138969	717
-0.0454111055683599	0.406108159138969	618
-0.0454111055683599	0.406108159138969	618
-0.04522376365631	0.406159618358576	147
-0.0454111055683599	0.406108159138969	147
-0.0454111055683599	0.406108159138969	394
-0.04522376365631	0.406159618358576	394
-0.0924285027020599	1.17931803213849	394
-0.04522376365631	0.406159618358576	394
-0.0454111055683599	0.406108159138969	394
-0.0501273146083801	0.40572439661199	9
-0.0454111055683599	0.406108159138969	388
-0.0454111055683599	0.406108159138969	378
-0.0454111055683599	0.406108159138969	648
-0.0454111055683599	0.406108159138969	124
-0.04522376365631	0.406159618358576	124
-0.04522376365631	0.406159618358576	124
-0.0454111055683599	0.406108159138969	1315
-0.04522376365631	0.406159618358576	1315
-0.0501273146083801	0.40572439661199	1315
-0.0454111055683599	0.406108159138969	1315
-0.0501273146083801	0.40572439661199	1315
-0.0454111055683599	0.406108159138969	70
-0.04522376365631	0.406159618358576	1254
-0.0454111055683599	0.406108159138969	79
-0.0454111055683599	0.406108159138969	722
-0.0454111055683599	0.406108159138969	722
-0.0454111055683599	0.406108159138969	2182
-0.0501273146083801	0.40572439661199	2182
-0.04522376365631	0.406159618358576	52
-0.04522376365631	0.406159618358576	1944
-0.04522376365631	0.406159618358576	52
-0.0454111055683599	0.406108159138969	52
-0.0454111055683599	0.406108159138969	52
-0.0501273146083801	0.40572439661199	52
-0.0454111055683599	0.406108159138969	52
-0.0501273146083801	0.40572439661199	52
-0.04522376365631	0.406159618358576	52
-0.07049553786231	0.755751724984709	325
-0.04522376365631	0.406159618358576	325
-0.0501273146083801	0.40572439661199	325
0.00417582889533996	1.88373764559166	710
-0.07667855309503	2.09786029662336	120
-0.0681459332729899	0.757477944035012	120
-0.0805344456027799	0.755559929122587	48
-0.04522376365631	0.406159618358576	7
-0.09017843417031	1.16462737634286	7
-0.0669724935203899	0.755161927952963	9
-0.04522376365631	0.406159618358576	64
-0.0693202809442	0.7576566965492	9
-0.0454111055683599	0.406108159138969	2409
-0.0454111055683599	0.406108159138969	2409
-0.0454111055683599	0.406108159138969	717
-0.04522376365631	0.406159618358576	618
-0.0501273146083801	0.40572439661199	618
-0.0501273146083801	0.40572439661199	394
-0.04522376365631	0.406159618358576	394
-0.0454111055683599	0.406108159138969	388
-0.04522376365631	0.406159618358576	104
-0.04522376365631	0.406159618358576	104
-0.0454111055683599	0.406108159138969	965
-0.04522376365631	0.406159618358576	124
-0.0454111055683599	0.406108159138969	124
-0.06672391556845	0.755139764558434	124
-0.0501273146083801	0.40572439661199	1315
-0.0454111055683599	0.406108159138969	70
-0.06907301713506	0.753429338745028	1371
-0.04522376365631	0.406159618358576	722
-0.0454111055683599	0.406108159138969	722
-0.0454111055683599	0.406108159138969	2182
-0.04522376365631	0.406159618358576	52
-0.0454111055683599	0.406108159138969	353
-0.0454111055683599	0.406108159138969	52
-0.0454111055683599	0.406108159138969	52
-0.0454111055683599	0.406108159138969	52
-0.04522376365631	0.406159618358576	52
-0.0454111055683599	0.406108159138969	52
-0.07349417803259	0.758718061977533	325
-0.0805344456027799	0.755559929122587	325
0.0639291860967499	0.978924588533272	325
-0.09642682322121	1.17201685304555	120
-0.0501273146083801	0.40572439661199	48
-0.0669724935203899	0.755161927952963	7
-0.0501273146083801	0.40572439661199	714
-0.0693202809442	0.7576566965492	2636
-0.04522376365631	0.406159618358576	9
-0.07608962166886	0.760023550642785	1074
-0.04522376365631	0.406159618358576	717
-0.0454111055683599	0.406108159138969	618
-0.04522376365631	0.406159618358576	618
-0.0454111055683599	0.406108159138969	618
-0.0454111055683599	0.406108159138969	758
-0.0454111055683599	0.406108159138969	394
-0.0454111055683599	0.406108159138969	388
-0.0501273146083801	0.40572439661199	388
-0.04522376365631	0.406159618358576	9
-0.04522376365631	0.406159618358576	965
-0.0454111055683599	0.406108159138969	124
-0.04522376365631	0.406159618358576	124
-0.04522376365631	0.406159618358576	124
-0.0454111055683599	0.406108159138969	124
-0.0454111055683599	0.406108159138969	124
-0.0454111055683599	0.406108159138969	70
-0.04522376365631	0.406159618358576	1254
-0.04522376365631	0.406159618358576	353
-0.04522376365631	0.406159618358576	3300
-0.0454111055683599	0.406108159138969	3300
-0.04522376365631	0.406159618358576	52
-0.0501273146083801	0.40572439661199	52
-0.0454111055683599	0.406108159138969	52
-0.0454111055683599	0.406108159138969	52
-0.0881664722420199	1.65503998105538	702
-0.07491177099641	0.761062662410459	3254
-0.04522376365631	0.406159618358576	3254
0.0284967644633001	1.41781007556622	16
-0.06789801192182	0.755319680676232	325
0.0718688253178801	0.968860626085677	120
-0.0803017805483299	0.753586690030118	120
-0.0681459332729899	0.757477944035012	1041
-0.0454111055683599	0.406108159138969	7
-0.04522376365631	0.406159618358576	485
-0.04522376365631	0.406159618358576	485
-0.0454111055683599	0.406108159138969	485
-0.06672391556845	0.755139764558434	485
-0.0454111055683599	0.406108159138969	1074
-0.04522376365631	0.406159618358576	2674
-0.0454111055683599	0.406108159138969	647
-0.0454111055683599	0.406108159138969	9
-0.0454111055683599	0.406108159138969	717
-0.0501273146083801	0.40572439661199	717
-0.04522376365631	0.406159618358576	618
-0.0454111055683599	0.406108159138969	618
-0.04522376365631	0.406159618358576	388
-0.04522376365631	0.406159618358576	388
-0.0695819856169599	0.753456397420435	1863
-0.0454111055683599	0.406108159138969	124
-0.0454111055683599	0.406108159138969	124
-0.0454111055683599	0.406108159138969	124
-0.04522376365631	0.406159618358576	734
-0.07491177099641	0.761062662410459	70
-0.04522376365631	0.406159618358576	722
-0.0454111055683599	0.406108159138969	353
-0.0454111055683599	0.406108159138969	3300
-0.0454111055683599	0.406108159138969	52
-0.0454111055683599	0.406108159138969	353
-0.0501273146083801	0.40572439661199	52
-0.0501273146083801	0.40572439661199	52
-0.04522376365631	0.406159618358576	52
-0.0454111055683599	0.406108159138969	52
-0.0454111055683599	0.406108159138969	52
-0.0454111055683599	0.406108159138969	52
-0.0454111055683599	0.406108159138969	52
-0.0454111055683599	0.406108159138969	110
0.07412744200388	0.963207107410276	23
-0.04522376365631	0.406159618358576	214
-0.06555072674751	0.752836446371321	48
-0.0501273146083801	0.40572439661199	423
-0.0454111055683599	0.406108159138969	7
-0.0501273146083801	0.40572439661199	7
-0.08395168966229	1.63169773599142	7
-0.0454111055683599	0.406108159138969	714
-0.0454111055683599	0.406108159138969	9
-0.07373483340545	0.759520768730619	485
-0.04522376365631	0.406159618358576	1074
-0.0693202809442	0.7576566965492	64
-0.04522376365631	0.406159618358576	2674
-0.0454111055683599	0.406108159138969	18
-0.0501273146083801	0.40572439661199	2654
-0.04522376365631	0.406159618358576	717
-0.04522376365631	0.406159618358576	717
-0.0454111055683599	0.406108159138969	618
-0.04522376365631	0.406159618358576	618
-0.0454111055683599	0.406108159138969	618
-0.06789801192182	0.755319680676232	1567
-0.0454111055683599	0.406108159138969	394
-0.0454111055683599	0.406108159138969	394
-0.0454111055683599	0.406108159138969	394
-0.0454111055683599	0.406108159138969	394
-0.0454111055683599	0.406108159138969	394
-0.04522376365631	0.406159618358576	394
-0.0454111055683599	0.406108159138969	9
-0.0454111055683599	0.406108159138969	388
-0.04522376365631	0.406159618358576	388
-0.04522376365631	0.406159618358576	388
-0.04522376365631	0.406159618358576	9
-0.0501273146083801	0.40572439661199	1073
-0.04522376365631	0.406159618358576	124
-0.04522376365631	0.406159618358576	124
-0.0501273146083801	0.40572439661199	124
-0.04522376365631	0.406159618358576	70
-0.04522376365631	0.406159618358576	70
-0.04522376365631	0.406159618358576	1522
-0.0454111055683599	0.406108159138969	70
-0.0454111055683599	0.406108159138969	722
-0.04522376365631	0.406159618358576	353
-0.0454111055683599	0.406108159138969	2182
-0.04522376365631	0.406159618358576	2182
-0.04522376365631	0.406159618358576	2966
-0.04522376365631	0.406159618358576	3300
-0.0501273146083801	0.40572439661199	353
-0.04522376365631	0.406159618358576	52
-0.0454111055683599	0.406108159138969	52
-0.04522376365631	0.406159618358576	52
-0.04522376365631	0.406159618358576	52
-0.0454111055683599	0.406108159138969	1077
-0.0501273146083801	0.40572439661199	1077
0.0681224000908001	0.970676525221855	1077
-0.04522376365631	0.406159618358576	325
-0.0454111055683599	0.406108159138969	120
-0.0454111055683599	0.406108159138969	48
-0.04522376365631	0.406159618358576	7
-0.04522376365631	0.406159618358576	7
-0.0501273146083801	0.40572439661199	7
-0.04522376365631	0.406159618358576	1357
0.07017793672269	0.971940734338536	9
-0.04522376365631	0.406159618358576	714
-0.0454111055683599	0.406108159138969	714
0.07403826017478	0.970531835985497	485
-0.04522376365631	0.406159618358576	2674
-0.0501273146083801	0.40572439661199	18
-0.04522376365631	0.406159618358576	18
-0.04522376365631	0.406159618358576	717
-0.0501273146083801	0.40572439661199	717
-0.04522376365631	0.406159618358576	618
-0.04522376365631	0.406159618358576	618
-0.0501273146083801	0.40572439661199	618
-0.04522376365631	0.406159618358576	394
-0.04522376365631	0.406159618358576	394
-0.0454111055683599	0.406108159138969	2338
-0.04522376365631	0.406159618358576	9
-0.04522376365631	0.406159618358576	388
-0.04522376365631	0.406159618358576	388
-0.04522376365631	0.406159618358576	388
-0.04522376365631	0.406159618358576	9
-0.04522376365631	0.406159618358576	9
-0.04522376365631	0.406159618358576	9
-0.0454111055683599	0.406108159138969	1073
-0.0501273146083801	0.40572439661199	124
-0.04522376365631	0.406159618358576	124
-0.0454111055683599	0.406108159138969	1522
-0.04522376365631	0.406159618358576	1522
-0.04522376365631	0.406159618358576	1115
-0.0454111055683599	0.406108159138969	52
-0.04522376365631	0.406159618358576	52
-0.0501273146083801	0.40572439661199	353
-0.04522376365631	0.406159618358576	52
-0.04522376365631	0.406159618358576	52
-0.04522376365631	0.406159618358576	52
-0.0454111055683599	0.406108159138969	52
-0.04522376365631	0.406159618358576	52
-0.04522376365631	0.406159618358576	52
-0.0848159832134201	1.64516159259312	873
-0.04522376365631	0.406159618358576	325
-0.06789801192182	0.755319680676232	325
0.0743761193933401	0.960603618560299	48
-0.10334214369758	1.18838135316708	7
-0.08925764418712	1.16428440589755	9
-0.07049553786231	0.755751724984709	714
-0.06672391556845	0.755139764558434	18
-0.0454111055683599	0.406108159138969	18
-0.0454111055683599	0.406108159138969	18
-0.04522376365631	0.406159618358576	618
-0.0454111055683599	0.406108159138969	680
-0.0454111055683599	0.406108159138969	394
-0.0454111055683599	0.406108159138969	669
-0.04522376365631	0.406159618358576	394
-0.04522376365631	0.406159618358576	648
-0.04522376365631	0.406159618358576	388
-0.04522376365631	0.406159618358576	1073
-0.0454111055683599	0.406108159138969	124
-0.0454111055683599	0.406108159138969	124
-0.06672391556845	0.755139764558434	2436
-0.0454111055683599	0.406108159138969	70
-0.04522376365631	0.406159618358576	70
-0.07049553786231	0.755751724984709	2603
-0.0454111055683599	0.406108159138969	1522
-0.04522376365631	0.406159618358576	1522
-0.04522376365631	0.406159618358576	1115
-0.0454111055683599	0.406108159138969	2182
-0.04522376365631	0.406159618358576	2182
-0.04522376365631	0.406159618358576	2966
-0.0454111055683599	0.406108159138969	2966
-0.0454111055683599	0.406108159138969	353
-0.04522376365631	0.406159618358576	353
-0.04522376365631	0.406159618358576	52
-0.04522376365631	0.406159618358576	52
-0.0454111055683599	0.406108159138969	353
-0.0454111055683599	0.406108159138969	52
-0.08171490361416	0.755879019504499	201
-0.06437844413432	0.746436419448748	24
0.01849380228367	1.44061906438909	16
-0.07608962166886	0.760023550642785	23
-0.04522376365631	0.406159618358576	325
-0.04522376365631	0.406159618358576	1069
-0.04522376365631	0.406159618358576	48
-0.0454111055683599	0.406108159138969	423
-0.0454111055683599	0.406108159138969	7
-0.0454111055683599	0.406108159138969	7
-0.0454111055683599	0.406108159138969	1357
-0.04522376365631	0.406159618358576	383
-0.0454111055683599	0.406108159138969	9
-0.0454111055683599	0.406108159138969	9
-0.04522376365631	0.406159618358576	9
-0.0454111055683599	0.406108159138969	1074
-0.0454111055683599	0.406108159138969	18
-0.0501273146083801	0.40572439661199	717
-0.04522376365631	0.406159618358576	680
-0.04522376365631	0.406159618358576	9
-0.0454111055683599	0.406108159138969	3269
-0.04522376365631	0.406159618358576	3269
-0.0454111055683599	0.406108159138969	1073
-0.04522376365631	0.406159618358576	124
-0.04522376365631	0.406159618358576	124
-0.04522376365631	0.406159618358576	124
-0.0454111055683599	0.406108159138969	2436
-0.04522376365631	0.406159618358576	2436
-0.04522376365631	0.406159618358576	2436
-0.0501273146083801	0.40572439661199	2436
-0.0454111055683599	0.406108159138969	70
-0.0501273146083801	0.40572439661199	70
-0.0454111055683599	0.406108159138969	70
-0.0454111055683599	0.406108159138969	1115
-0.04522376365631	0.406159618358576	1115
-0.0501273146083801	0.40572439661199	1115
-0.0454111055683599	0.406108159138969	52
-0.04522376365631	0.406159618358576	52
-0.04522376365631	0.406159618358576	52
-0.0454111055683599	0.406108159138969	52
-0.0501273146083801	0.40572439661199	52
-0.0454111055683599	0.406108159138969	52
-0.0454111055683599	0.406108159138969	52
-0.0501273146083801	0.40572439661199	52
-0.0501273146083801	0.40572439661199	352
-0.0454111055683599	0.406108159138969	52
-0.0454111055683599	0.406108159138969	52
-0.0881664722420199	1.65503998105538	201
-0.0746717748247101	0.757687975137559	24
-0.0693202809442	0.7576566965492	24
-0.0501273146083801	0.40572439661199	16
-0.04522376365631	0.406159618358576	16
0.0717721318809099	0.965197303659136	16
-0.0454111055683599	0.406108159138969	1077
-0.0454111055683599	0.406108159138969	214
-0.06789801192182	0.755319680676232	7
-0.0454111055683599	0.406108159138969	1357
-0.04522376365631	0.406159618358576	383
-0.04522376365631	0.406159618358576	9
-0.04522376365631	0.406159618358576	485
0.07403826017478	0.970531835985497	64
-0.0454111055683599	0.406108159138969	1503
-0.04522376365631	0.406159618358576	1503
-0.0454111055683599	0.406108159138969	1503
-0.04522376365631	0.406159618358576	680
-0.04522376365631	0.406159618358576	394
-0.0454111055683599	0.406108159138969	394
-0.04522376365631	0.406159618358576	394
-0.0454111055683599	0.406108159138969	394
-0.0454111055683599	0.406108159138969	2735
-0.04522376365631	0.406159618358576	2735
-0.04522376365631	0.406159618358576	3269
-0.04522376365631	0.406159618358576	3269
-0.04522376365631	0.406159618358576	3571
-0.04522376365631	0.406159618358576	9
-0.04522376365631	0.406159618358576	9
-0.04522376365631	0.406159618358576	9
-0.07585028564619	0.752597954911243	1073
-0.04522376365631	0.406159618358576	1073
-0.04522376365631	0.406159618358576	1073
-0.04522376365631	0.406159618358576	124
-0.04522376365631	0.406159618358576	124
-0.0454111055683599	0.406108159138969	124
-0.04522376365631	0.406159618358576	124
-0.0454111055683599	0.406108159138969	124
-0.0501273146083801	0.40572439661199	124
-0.04522376365631	0.406159618358576	2436
-0.04522376365631	0.406159618358576	2436
-0.0454111055683599	0.406108159138969	2436
-0.04522376365631	0.406159618358576	2436
-0.0454111055683599	0.406108159138969	70
-0.04522376365631	0.406159618358576	70
-0.0454111055683599	0.406108159138969	70
-0.04522376365631	0.406159618358576	1115
-0.0501273146083801	0.40572439661199	52
-0.0454111055683599	0.406108159138969	52
-0.04522376365631	0.406159618358576	52
-0.04522376365631	0.406159618358576	352
-0.04522376365631	0.406159618358576	52
-0.0454111055683599	0.406108159138969	201
0.0116622936140101	1.4426072679082	201
-0.07585028564619	0.752597954911243	110
-0.04522376365631	0.406159618358576	110
-0.0454111055683599	0.406108159138969	201
-0.0454111055683599	0.406108159138969	169
-0.0454111055683599	0.406108159138969	16
-0.04522376365631	0.406159618358576	1320
-0.04522376365631	0.406159618358576	23
0.0655223168841199	0.975317439128556	23
-0.09701457462129	1.17421240697303	325
-0.07608962166886	0.760023550642785	1077
-0.06907301713506	0.753429338745028	325
-0.07726838676269	0.754898338581045	214
-0.0900913287160801	1.1749943903946	325
-0.07349417803259	0.758718061977533	325
-0.04522376365631	0.406159618358576	325
-0.0454111055683599	0.406108159138969	120
-0.0996714959551099	1.179905467392	120
-0.09058503146372	1.18029718433957	120
0.0605591869637201	0.980212345517434	7
-0.07608962166886	0.760023550642785	1357
-0.04522376365631	0.406159618358576	9
-0.04522376365631	0.406159618358576	9
-0.07373483340545	0.759520768730619	64
-0.0454111055683599	0.406108159138969	64
-0.0454111055683599	0.406108159138969	64
-0.06672391556845	0.755139764558434	18
-0.0454111055683599	0.406108159138969	3595
-0.04522376365631	0.406159618358576	394
-0.04522376365631	0.406159618358576	394
-0.04522376365631	0.406159618358576	394
-0.0454111055683599	0.406108159138969	394
-0.04522376365631	0.406159618358576	2735
-0.0501273146083801	0.40572439661199	2735
-0.04522376365631	0.406159618358576	3269
-0.0501273146083801	0.40572439661199	3269
-0.0454111055683599	0.406108159138969	3269
-0.0454111055683599	0.406108159138969	3269
-0.0501273146083801	0.40572439661199	3571
-0.0501273146083801	0.40572439661199	9
-0.04522376365631	0.406159618358576	70
-0.0454111055683599	0.406108159138969	70
-0.0501273146083801	0.40572439661199	70
-0.04522376365631	0.406159618358576	70
-0.04522376365631	0.406159618358576	70
-0.04522376365631	0.406159618358576	70
-0.04522376365631	0.406159618358576	70
-0.0501273146083801	0.40572439661199	1056
-0.0501273146083801	0.40572439661199	1188
-0.0454111055683599	0.406108159138969	1115
-0.0454111055683599	0.406108159138969	1115
-0.0454111055683599	0.406108159138969	52
-0.0501273146083801	0.40572439661199	52
-0.04522376365631	0.406159618358576	52
-0.0454111055683599	0.406108159138969	52
-0.04522376365631	0.406159618358576	52
-0.04522376365631	0.406159618358576	52
-0.0454111055683599	0.406108159138969	52
-0.0454111055683599	0.406108159138969	352
-0.0454111055683599	0.406108159138969	352
-0.0454111055683599	0.406108159138969	352
-0.0454111055683599	0.406108159138969	353
-0.04522376365631	0.406159618358576	1621
-0.0693202809442	0.7576566965492	201
-0.04522376365631	0.406159618358576	110
-0.04522376365631	0.406159618358576	201
-0.04522376365631	0.406159618358576	264
-0.04522376365631	0.406159618358576	169
-0.0501273146083801	0.40572439661199	169
-0.0454111055683599	0.406108159138969	169
-0.04522376365631	0.406159618358576	16
-0.0454111055683599	0.406108159138969	16
-0.04522376365631	0.406159618358576	16
-0.04522376365631	0.406159618358576	1320
-0.0681459332729899	0.757477944035012	23
-0.0850894631266299	1.16317055501255	325
-0.0454111055683599	0.406108159138969	1077
-0.0693202809442	0.7576566965492	325
-0.0915064971292301	1.18063614088228	325
-0.04522376365631	0.406159618358576	325
-0.04522376365631	0.406159618358576	1046
0.0589700371056801	0.956980938291581	120
-0.07608962166886	0.760023550642785	1318
0.07523915569762	0.961519106447186	7
-0.07231749393078	0.757183848190581	383
-0.0657999603608601	0.748722663220006	1494
-0.0454111055683599	0.406108159138969	1494
-0.06672391556845	0.755139764558434	485
-0.04522376365631	0.406159618358576	18
-0.0454111055683599	0.406108159138969	3206
0.07051689623036	0.955618951857268	680
-0.0454111055683599	0.406108159138969	394
-0.04522376365631	0.406159618358576	2735
-0.0454111055683599	0.406108159138969	9
-0.04522376365631	0.406159618358576	2199
-0.04522376365631	0.406159618358576	2436
-0.0454111055683599	0.406108159138969	2436
-0.0454111055683599	0.406108159138969	2436
-0.07231749393078	0.757183848190581	2436
-0.0454111055683599	0.406108159138969	70
-0.04522376365631	0.406159618358576	70
-0.04522376365631	0.406159618358576	70
-0.0454111055683599	0.406108159138969	70
-0.04522376365631	0.406159618358576	3458
-0.0501273146083801	0.40572439661199	70
-0.0454111055683599	0.406108159138969	70
-0.0454111055683599	0.406108159138969	79
-0.04522376365631	0.406159618358576	79
-0.04522376365631	0.406159618358576	79
-0.0454111055683599	0.406108159138969	1115
-0.04522376365631	0.406159618358576	52
-0.0454111055683599	0.406108159138969	52
-0.0454111055683599	0.406108159138969	52
-0.04522376365631	0.406159618358576	52
-0.0454111055683599	0.406108159138969	52
-0.04522376365631	0.406159618358576	52
-0.04522376365631	0.406159618358576	52
-0.0501273146083801	0.40572439661199	52
-0.04522376365631	0.406159618358576	52
-0.0454111055683599	0.406108159138969	1621
-0.04522376365631	0.406159618358576	1161
-0.0454111055683599	0.406108159138969	201
-0.0501273146083801	0.40572439661199	201
-0.04522376365631	0.406159618358576	110
-0.04522376365631	0.406159618358576	110
-0.04522376365631	0.406159618358576	24
-0.04522376365631	0.406159618358576	169
-0.04522376365631	0.406159618358576	169
-0.0454111055683599	0.406108159138969	16
-0.0501273146083801	0.40572439661199	16
-0.0454111055683599	0.406108159138969	16
-0.04522376365631	0.406159618358576	16
-0.04522376365631	0.406159618358576	16
-0.0454111055683599	0.406108159138969	16
-0.0501273146083801	0.40572439661199	16
-0.04522376365631	0.406159618358576	16
0.05524589165945	0.971099161896769	16
-0.0454111055683599	0.406108159138969	16
-0.04522376365631	0.406159618358576	16
-0.04522376365631	0.406159618358576	1320
-0.04522376365631	0.406159618358576	16
-0.0693202809442	0.7576566965492	16
-0.0695819856169599	0.753456397420435	325
0.0648941592652399	0.982457596208955	1077
-0.0681459332729899	0.757477944035012	325
-0.0805344456027799	0.755559929122587	325
-0.04522376365631	0.406159618358576	325
-0.0454111055683599	0.406108159138969	325
-0.0454111055683599	0.406108159138969	154
-0.0454111055683599	0.406108159138969	48
-0.08171490361416	0.755879019504499	7
-0.0501273146083801	0.40572439661199	7
-0.0669724935203899	0.755161927952963	1357
-0.08600794801772	1.16351220960851	1357
-0.04522376365631	0.406159618358576	7
-0.04522376365631	0.406159618358576	7
-0.0454111055683599	0.406108159138969	7
-0.04522376365631	0.406159618358576	7
-0.0454111055683599	0.406108159138969	7
-0.0454111055683599	0.406108159138969	7
-0.04522376365631	0.406159618358576	9
-0.06672391556845	0.755139764558434	9
-0.0711417211845999	0.751312028200316	1494
-0.04522376365631	0.406159618358576	485
-0.0501273146083801	0.40572439661199	485
-0.04522376365631	0.406159618358576	485
-0.0454111055683599	0.406108159138969	485
-0.0454111055683599	0.406108159138969	64
-0.07349417803259	0.758718061977533	18
-0.04522376365631	0.406159618358576	680
-0.0681459332729899	0.757477944035012	394
-0.0501273146083801	0.40572439661199	394
-0.04522376365631	0.406159618358576	394
-0.04522376365631	0.406159618358576	394
-0.04522376365631	0.406159618358576	394
-0.04522376365631	0.406159618358576	70
-0.04522376365631	0.406159618358576	70
-0.0454111055683599	0.406108159138969	124
-0.04522376365631	0.406159618358576	70
-0.0454111055683599	0.406108159138969	70
-0.04522376365631	0.406159618358576	3458
-0.0454111055683599	0.406108159138969	70
-0.0501273146083801	0.40572439661199	79
-0.0454111055683599	0.406108159138969	1115
-0.0454111055683599	0.406108159138969	1115
-0.0454111055683599	0.406108159138969	1115
-0.0454111055683599	0.406108159138969	1115
-0.0501273146083801	0.40572439661199	52
-0.0454111055683599	0.406108159138969	52
-0.0454111055683599	0.406108159138969	52
-0.0501273146083801	0.40572439661199	352
-0.0454111055683599	0.406108159138969	1621
-0.0454111055683599	0.406108159138969	1621
-0.04522376365631	0.406159618358576	1621
-0.0501273146083801	0.40572439661199	1621
-0.0746717748247101	0.757687975137559	201
-0.04522376365631	0.406159618358576	2051
-0.07255880756041	0.753613125904852	2051
-0.0454111055683599	0.406108159138969	169
-0.04522376365631	0.406159618358576	1130
-0.04522376365631	0.406159618358576	3607
-0.04522376365631	0.406159618358576	16
-0.04522376365631	0.406159618358576	2367
-0.0803017805483299	0.753586690030118	16
-0.07373483340545	0.759520768730619	16
-0.07373483340545	0.759520768730619	16
0.0989812157325001	1.64041872537424	325
-0.04522376365631	0.406159618358576	325
-0.0501273146083801	0.40572439661199	325
-0.04522376365631	0.406159618358576	154
-0.0454111055683599	0.406108159138969	120
-0.04522376365631	0.406159618358576	120
0.10186129786466	1.65189545597382	1046
-0.06633536512114	0.742638546235056	48
-0.04522376365631	0.406159618358576	7
-0.0501273146083801	0.40572439661199	7
-0.0454111055683599	0.406108159138969	485
-0.06281284079462	0.749911386602174	9
-0.0454111055683599	0.406108159138969	485
-0.0454111055683599	0.406108159138969	485
-0.0454111055683599	0.406108159138969	9
0.07051689623036	0.955618951857268	64
-0.0454111055683599	0.406108159138969	64
-0.04522376365631	0.406159618358576	394
-0.04522376365631	0.406159618358576	394
-0.04522376365631	0.406159618358576	394
-0.0454111055683599	0.406108159138969	394
-0.0454111055683599	0.406108159138969	2735
-0.0454111055683599	0.406108159138969	9
-0.04522376365631	0.406159618358576	9
-0.0454111055683599	0.406108159138969	70
-0.04522376365631	0.406159618358576	70
-0.0454111055683599	0.406108159138969	70
-0.0454111055683599	0.406108159138969	70
-0.0454111055683599	0.406108159138969	1486
-0.0454111055683599	0.406108159138969	1486
-0.04522376365631	0.406159618358576	1486
-0.04522376365631	0.406159618358576	1188
-0.0454111055683599	0.406108159138969	79
-0.0501273146083801	0.40572439661199	79
-0.04522376365631	0.406159618358576	1115
-0.04522376365631	0.406159618358576	1115
-0.0454111055683599	0.406108159138969	126
-0.04522376365631	0.406159618358576	52
-0.04522376365631	0.406159618358576	52
-0.04522376365631	0.406159618358576	52
-0.0454111055683599	0.406108159138969	52
-0.0454111055683599	0.406108159138969	52
-0.04522376365631	0.406159618358576	52
-0.04522376365631	0.406159618358576	52
-0.0454111055683599	0.406108159138969	52
-0.0454111055683599	0.406108159138969	52
-0.0454111055683599	0.406108159138969	52
-0.04522376365631	0.406159618358576	1161
-0.04522376365631	0.406159618358576	24
-0.07373483340545	0.759520768730619	1514
-0.04522376365631	0.406159618358576	1520
-0.04522376365631	0.406159618358576	24
-0.04522376365631	0.406159618358576	16
-0.0501273146083801	0.40572439661199	16
-0.04522376365631	0.406159618358576	1130
-0.04522376365631	0.406159618358576	1130
-0.04522376365631	0.406159618358576	16
-0.0454111055683599	0.406108159138969	3607
-0.04522376365631	0.406159618358576	16
-0.04522376365631	0.406159618358576	16
-0.04522376365631	0.406159618358576	2367
-0.04522376365631	0.406159618358576	16
-0.0454111055683599	0.406108159138969	16
-0.0454111055683599	0.406108159138969	16
-0.0454111055683599	0.406108159138969	16
-0.04522376365631	0.406159618358576	279
0.0106421735515401	1.86179113688221	325
-0.04522376365631	0.406159618358576	154
-0.04522376365631	0.406159618358576	120
0.0649824958334699	0.965811901868949	1046
-0.0978270151196701	1.18302894844642	1046
-0.07231749393078	0.757183848190581	48
-0.0974215164396299	1.19303792723712	48
-0.06555072674751	0.752836446371321	7
-0.0454111055683599	0.406108159138969	7
-0.04522376365631	0.406159618358576	2295
-0.07349417803259	0.758718061977533	283
-0.0454111055683599	0.406108159138969	9
-0.0501273146083801	0.40572439661199	485
-0.0454111055683599	0.406108159138969	485
-0.06437844413432	0.746436419448748	9
-0.04522376365631	0.406159618358576	64
-0.0454111055683599	0.406108159138969	64
-0.0693202809442	0.7576566965492	680
0.0668223144935201	0.983497164001226	680
-0.0501273146083801	0.40572439661199	680
-0.0454111055683599	0.406108159138969	9
-0.04522376365631	0.406159618358576	9
-0.04522376365631	0.406159618358576	394
-0.04522376365631	0.406159618358576	394
-0.04522376365631	0.406159618358576	394
-0.04522376365631	0.406159618358576	394
-0.0454111055683599	0.406108159138969	394
-0.0454111055683599	0.406108159138969	9
-0.04522376365631	0.406159618358576	9
-0.04522376365631	0.406159618358576	3571
-0.0746717748247101	0.757687975137559	9
-0.0454111055683599	0.406108159138969	2171
-0.0454111055683599	0.406108159138969	70
-0.04522376365631	0.406159618358576	70
-0.04522376365631	0.406159618358576	70
-0.0454111055683599	0.406108159138969	70
-0.04522376365631	0.406159618358576	2940
-0.04522376365631	0.406159618358576	2940
-0.04522376365631	0.406159618358576	2910
-0.0501273146083801	0.40572439661199	1434
-0.0454111055683599	0.406108159138969	1434
-0.04522376365631	0.406159618358576	2238
-0.0501273146083801	0.40572439661199	1486
-0.0454111055683599	0.406108159138969	1188
-0.0454111055683599	0.406108159138969	1188
-0.0454111055683599	0.406108159138969	1115
-0.0454111055683599	0.406108159138969	126
-0.04522376365631	0.406159618358576	126
-0.0501273146083801	0.40572439661199	52
-0.04522376365631	0.406159618358576	52
-0.04522376365631	0.406159618358576	52
-0.0454111055683599	0.406108159138969	52
-0.0454111055683599	0.406108159138969	52
-0.0454111055683599	0.406108159138969	352
-0.0454111055683599	0.406108159138969	352
-0.0501273146083801	0.40572439661199	352
-0.04522376365631	0.406159618358576	1621
-0.0454111055683599	0.406108159138969	1621
0.0273779882699201	1.39957610303928	110
-0.04522376365631	0.406159618358576	24
-0.0454111055683599	0.406108159138969	1130
-0.0454111055683599	0.406108159138969	1130
-0.0501273146083801	0.40572439661199	3607
-0.0454111055683599	0.406108159138969	16
-0.0969055845231701	1.18175312361887	16
-0.04522376365631	0.406159618358576	120
-0.0763900975245999	2.06105856254853	48
-0.04522376365631	0.406159618358576	2295
0.06359239912195	0.974321078283253	9
-0.0501273146083801	0.40572439661199	680
-0.0832541004404801	1.15746952013123	394
-0.04522376365631	0.406159618358576	394
-0.0454111055683599	0.406108159138969	9
0.0658585351733401	0.983858903403601	2171
-0.07231749393078	0.757183848190581	70
-0.10058054562758	1.18729097574597	2238
-0.0454111055683599	0.406108159138969	1056
-0.04522376365631	0.406159618358576	1056
-0.04522376365631	0.406159618358576	1056
-0.0454111055683599	0.406108159138969	52
-0.0501273146083801	0.40572439661199	352
-0.0454111055683599	0.406108159138969	352
-0.0669724935203899	0.755161927952963	16
-0.0501273146083801	0.40572439661199	3607
-0.04522376365631	0.406159618358576	16
0.08379147459077	1.66041369953165	16
-0.0707587439584601	0.752445452911296	16
-0.09557948035874	1.19234470110764	16
-0.04522376365631	0.406159618358576	16
-0.0454111055683599	0.406108159138969	16
0.0762015790927999	0.961886959014451	325
-0.0639861075511099	0.750093739397359	283
-0.07049553786231	0.755751724984709	64
-0.0693202809442	0.7576566965492	394
-0.06789801192182	0.755319680676232	9
0.0634438025863	0.966816783684408	70
-0.0454111055683599	0.406108159138969	70
-0.04522376365631	0.406159618358576	2572
-0.04522376365631	0.406159618358576	2634
-0.04522376365631	0.406159618358576	126
-0.04522376365631	0.406159618358576	353
-0.04522376365631	0.406159618358576	352
-0.04522376365631	0.406159618358576	352
0.00863054076004999	1.86754669596141	325
0.07210929455604	0.974287435452963	325
-0.0454111055683599	0.406108159138969	1797
0.02878010180112	1.41410365568387	151
0.0658585351733401	0.983858903403601	7
0.0708064794577601	0.966270157563041	383
-0.0915064971292301	1.18063614088228	162
-0.0693202809442	0.7576566965492	1103
0.0605591869637201	0.980212345517434	9
-0.0454111055683599	0.406108159138969	18
-0.06789801192182	0.755319680676232	2342
-0.0681459332729899	0.757477944035012	18
0.07244770312242	0.961306132364751	680
-0.06437844413432	0.746436419448748	394
-0.07049553786231	0.755751724984709	394
-0.06672391556845	0.755139764558434	70
-0.0454111055683599	0.406108159138969	2572
-0.0454111055683599	0.406108159138969	2572
-0.0454111055683599	0.406108159138969	2572
-0.0454111055683599	0.406108159138969	2572
-0.0681459332729899	0.757477944035012	3485
-0.0707587439584601	0.752445452911296	1056
-0.0454111055683599	0.406108159138969	1056
-0.04522376365631	0.406159618358576	126
-0.0454111055683599	0.406108159138969	126
-0.0454111055683599	0.406108159138969	52
-0.0454111055683599	0.406108159138969	352
-0.0501273146083801	0.40572439661199	352
-0.04522376365631	0.406159618358576	1621
-0.0454111055683599	0.406108159138969	1621
-0.0454111055683599	0.406108159138969	1621
-0.0454111055683599	0.406108159138969	1621
-0.06789801192182	0.755319680676232	110
-0.06281284079462	0.749911386602174	110
-0.0454111055683599	0.406108159138969	24
-0.04522376365631	0.406159618358576	24
-0.0803017805483299	0.753586690030118	16
0.000373956473789905	2.25353722548687	16
0.09707988099354	1.6761575587011	16
-0.07491177099641	0.761062662410459	325
0.0575007269818	0.95601672139206	325
-0.04522376365631	0.406159618358576	325
0.0267842749645999	1.42293197881947	120
0.0605591869637201	0.980212345517434	120
-0.0746717748247101	0.757687975137559	48
-0.0454111055683599	0.406108159138969	7
-0.0454111055683599	0.406108159138969	162
-0.06789801192182	0.755319680676232	162
-0.0454111055683599	0.406108159138969	162
-0.06281284079462	0.749911386602174	162
-0.06789801192182	0.755319680676232	18
-0.0454111055683599	0.406108159138969	18
-0.04522376365631	0.406159618358576	394
-0.0454111055683599	0.406108159138969	602
-0.0454111055683599	0.406108159138969	602
-0.04522376365631	0.406159618358576	70
-0.0454111055683599	0.406108159138969	70
-0.04522376365631	0.406159618358576	70
-0.04522376365631	0.406159618358576	2634
-0.0454111055683599	0.406108159138969	1056
-0.0501273146083801	0.40572439661199	1056
-0.0454111055683599	0.406108159138969	126
-0.0454111055683599	0.406108159138969	52
-0.04522376365631	0.406159618358576	352
-0.04522376365631	0.406159618358576	1621
0.02222573846863	1.42043295334347	3607
0.0708064794577601	0.966270157563041	325
-0.06789801192182	0.755319680676232	325
0.0727371858550601	0.962577209907809	325
0.05926112655975	0.9721554495193	325
-0.0791215786258901	0.753267407814952	120
0.0141499829920999	1.84654698975348	48
-0.04522376365631	0.406159618358576	48
-0.0681459332729899	0.757477944035012	7
-0.04522376365631	0.406159618358576	217
-0.0743798417008099	2.08628920793257	7
-0.04522376365631	0.406159618358576	18
-0.0454111055683599	0.406108159138969	18
-0.0616404802900501	0.747635014309802	18
-0.0454111055683599	0.406108159138969	18
0.0668223144935201	0.983497164001226	18
-0.04522376365631	0.406159618358576	1570
0.0259622301944	1.41654628119599	680
0.0665601477814599	0.962919224949756	791
-0.0454111055683599	0.406108159138969	394
-0.0454111055683599	0.406108159138969	602
0.0636828088963901	0.967267315062342	288
-0.04522376365631	0.406159618358576	288
-0.04522376365631	0.406159618358576	401
-0.0454111055683599	0.406108159138969	401
-0.0454111055683599	0.406108159138969	70
-0.0681459332729899	0.757477944035012	2634
-0.07349417803259	0.758718061977533	2634
-0.0695819856169599	0.753456397420435	70
-0.06672391556845	0.755139764558434	1056
-0.07349417803259	0.758718061977533	1056
-0.0454111055683599	0.406108159138969	126
-0.04522376365631	0.406159618358576	126
-0.04522376365631	0.406159618358576	126
-0.04522376365631	0.406159618358576	52
-0.0454111055683599	0.406108159138969	52
-0.0454111055683599	0.406108159138969	52
-0.0454111055683599	0.406108159138969	52
-0.0501273146083801	0.40572439661199	352
-0.04522376365631	0.406159618358576	1621
-0.04522376365631	0.406159618358576	1621
-0.0501273146083801	0.40572439661199	1621
-0.0454111055683599	0.406108159138969	325
-0.09058503146372	1.18029718433957	48
-0.06281284079462	0.749911386602174	538
0.0743761193933401	0.960603618560299	283
-0.0669724935203899	0.755161927952963	1103
-0.07349417803259	0.758718061977533	18
-0.0454111055683599	0.406108159138969	9
-0.0454111055683599	0.406108159138969	18
-0.04522376365631	0.406159618358576	1570
-0.07049553786231	0.755751724984709	288
-0.04522376365631	0.406159618358576	401
-0.0454111055683599	0.406108159138969	70
-0.0454111055683599	0.406108159138969	2572
0.0287642870039799	1.41985317760303	1056
-0.08289627991657	0.751708259222083	126
-0.04522376365631	0.406159618358576	126
-0.0501273146083801	0.40572439661199	126
-0.0501273146083801	0.40572439661199	126
-0.0454111055683599	0.406108159138969	352
-0.04522376365631	0.406159618358576	352
-0.04522376365631	0.406159618358576	1161
-0.04522376365631	0.406159618358576	3607
0.0987842473162901	1.63700268565798	325
-0.09058503146372	1.18029718433957	325
0.0700570646040299	2.07210470351109	120
0.0658585351733401	0.983858903403601	48
0.0247610568961201	1.41662820914588	7
0.0605591869637201	0.980212345517434	217
-0.06789801192182	0.755319680676232	9
0.0681224000908001	0.970676525221855	18
-0.0454111055683599	0.406108159138969	18
-0.0454111055683599	0.406108159138969	9
-0.04522376365631	0.406159618358576	680
-0.0454111055683599	0.406108159138969	89
-0.06789801192182	0.755319680676232	70
-0.04522376365631	0.406159618358576	70
-0.0501273146083801	0.40572439661199	2572
-0.0454111055683599	0.406108159138969	70
-0.04522376365631	0.406159618358576	2634
-0.0454111055683599	0.406108159138969	2180
-0.07049553786231	0.755751724984709	3204
-0.0454111055683599	0.406108159138969	126
-0.04522376365631	0.406159618358576	126
-0.04522376365631	0.406159618358576	126
-0.04522376365631	0.406159618358576	52
-0.04522376365631	0.406159618358576	422
-0.04522376365631	0.406159618358576	422
-0.04522376365631	0.406159618358576	352
-0.0454111055683599	0.406108159138969	352
-0.04522376365631	0.406159618358576	422
0.07210929455604	0.974287435452963	1553
-0.0722034736424799	1.58337861983998	201
-0.0793549045361299	0.750532898549476	24
-0.09874898540729	1.1824531325729	24
-0.06672391556845	0.755139764558434	16
0.00966807467990005	1.43037580382064	325
-0.0454111055683599	0.406108159138969	217
-0.0818376464412001	1.13973771859861	7
-0.08171490361416	0.755879019504499	9
-0.07231749393078	0.757183848190581	9
-0.0969055845231701	1.18175312361887	162
-0.04522376365631	0.406159618358576	18
-0.0693202809442	0.7576566965492	18
-0.06789801192182	0.755319680676232	18
-0.04522376365631	0.406159618358576	89
-0.04522376365631	0.406159618358576	89
-0.06840613866815	0.751938577957193	70
-0.0669724935203899	0.755161927952963	70
-0.04522376365631	0.406159618358576	70
-0.04522376365631	0.406159618358576	2180
-0.06672391556845	0.755139764558434	91
0.06022414817685	0.970792577340226	1976
-0.04522376365631	0.406159618358576	1056
-0.04522376365631	0.406159618358576	126
-0.0454111055683599	0.406108159138969	126
-0.04522376365631	0.406159618358576	126
-0.04522376365631	0.406159618358576	126
-0.0454111055683599	0.406108159138969	126
-0.04522376365631	0.406159618358576	422
-0.04522376365631	0.406159618358576	422
-0.0454111055683599	0.406108159138969	422
-0.04522376365631	0.406159618358576	422
-0.06907301713506	0.753429338745028	422
0.0270923690415401	1.42173010321915	826
-0.0695819856169599	0.753456397420435	24
0.0646425123349199	0.967861707224285	3607
0.06594130409126	0.966404331522216	16
-0.0878238682296599	1.16818898218167	16
0.10149242190338	1.64123421264915	325
-0.06840613866815	0.751938577957193	325
-0.09058503146372	1.18029718433957	120
0.0637792145309899	0.962658657538999	9
-0.04522376365631	0.406159618358576	162
0.0616600879809801	0.963017128340989	9
-0.0832541004404801	1.15746952013123	162
-0.0693202809442	0.7576566965492	18
-0.0693202809442	0.7576566965492	680
-0.0681459332729899	0.757477944035012	70
-0.0454111055683599	0.406108159138969	70
-0.04522376365631	0.406159618358576	2180
-0.04522376365631	0.406159618358576	126
-0.0454111055683599	0.406108159138969	136
-0.04522376365631	0.406159618358576	136
-0.04522376365631	0.406159618358576	422
-0.04522376365631	0.406159618358576	422
-0.04522376365631	0.406159618358576	422
-0.04522376365631	0.406159618358576	422
-0.0501273146083801	0.40572439661199	422
-0.0808595785598301	1.62812087786704	826
-0.0974215164396299	1.19303792723712	16
-0.04522376365631	0.406159618358576	16
-0.0942527621104801	1.1760323190734	325
-0.0791215786258901	0.753267407814952	120
-0.0693202809442	0.7576566965492	283
-0.06789801192182	0.755319680676232	2055
-0.0693202809442	0.7576566965492	162
-0.07491177099641	0.761062662410459	2670
-0.07373483340545	0.759520768730619	18
-0.0693202809442	0.7576566965492	18
-0.06907301713506	0.753429338745028	9
-0.0454111055683599	0.406108159138969	9
0.0668223144935201	0.983497164001226	1786
-0.04522376365631	0.406159618358576	70
-0.0454111055683599	0.406108159138969	70
-0.0501273146083801	0.40572439661199	2180
-0.0454111055683599	0.406108159138969	91
-0.0501273146083801	0.40572439661199	136
-0.04522376365631	0.406159618358576	136
-0.04522376365631	0.406159618358576	126
-0.0454111055683599	0.406108159138969	422
-0.04522376365631	0.406159618358576	422
-0.04522376365631	0.406159618358576	422
0.01677612835255	1.86896930667236	16
-0.0919117991446401	1.16993623612294	16
0.05633380028998	2.38835027571673	325
0.06895902667585	2.06101689442893	1014
0.0116622936140101	1.4426072679082	7
-0.0454111055683599	0.406108159138969	230
-0.07231749393078	0.757183848190581	230
-0.07255880756041	0.753613125904852	2055
0.07017793672269	0.971940734338536	18
-0.07049553786231	0.755751724984709	9
-0.0974215164396299	1.19303792723712	394
-0.06907301713506	0.753429338745028	394
-0.0454111055683599	0.406108159138969	820
-0.06281284079462	0.749911386602174	2180
-0.0454111055683599	0.406108159138969	2180
0.0668223144935201	0.983497164001226	115
-0.04522376365631	0.406159618358576	126
-0.0454111055683599	0.406108159138969	136
-0.0454111055683599	0.406108159138969	136
-0.0501273146083801	0.40572439661199	136
-0.04522376365631	0.406159618358576	126
-0.0454111055683599	0.406108159138969	126
-0.0454111055683599	0.406108159138969	352
-0.0454111055683599	0.406108159138969	422
-0.04522376365631	0.406159618358576	422
-0.0454111055683599	0.406108159138969	422
-0.04522376365631	0.406159618358576	422
-0.0454111055683599	0.406108159138969	422
0.10056536705614	1.6799352012656	325
0.0664863799331601	0.973221895854537	7
-0.0669724935203899	0.755161927952963	18
0.0734122097485901	0.961670107321016	288
-0.0454111055683599	0.406108159138969	820
-0.04522376365631	0.406159618358576	70
-0.04522376365631	0.406159618358576	70
-0.0681459332729899	0.757477944035012	2180
-0.0501273146083801	0.40572439661199	2180
-0.07231749393078	0.757183848190581	115
-0.0681459332729899	0.757477944035012	730
-0.0695819856169599	0.753456397420435	159
-0.04522376365631	0.406159618358576	136
-0.0454111055683599	0.406108159138969	422
-0.04522376365631	0.406159618358576	352
-0.04522376365631	0.406159618358576	422
-0.0454111055683599	0.406108159138969	422
-0.0454111055683599	0.406108159138969	422
-0.0454111055683599	0.406108159138969	422
-0.0693202809442	0.7576566965492	325
-0.0651602818841499	0.748234362154385	7
-0.0803017805483299	0.753586690030118	7
-0.0454111055683599	0.406108159138969	230
-0.04522376365631	0.406159618358576	401
-0.07491177099641	0.761062662410459	820
0.0722094015942401	0.969467161480293	70
0.0753432235488201	0.950732967861992	70
-0.07349417803259	0.758718061977533	70
-0.04522376365631	0.406159618358576	70
0.0784661770552	0.959349239693854	2180
-0.0805344456027799	0.755559929122587	91
-0.07373483340545	0.759520768730619	115
-0.0454111055683599	0.406108159138969	136
-0.0454111055683599	0.406108159138969	136
-0.0454111055683599	0.406108159138969	136
-0.04522376365631	0.406159618358576	352
-0.0454111055683599	0.406108159138969	422
-0.0454111055683599	0.406108159138969	422
-0.04522376365631	0.406159618358576	422
-0.0454111055683599	0.406108159138969	422
-0.0454111055683599	0.406108159138969	422
-0.04522376365631	0.406159618358576	422
-0.04522376365631	0.406159618358576	110
-0.04522376365631	0.406159618358576	826
-0.04522376365631	0.406159618358576	24
-0.0454111055683599	0.406108159138969	24
-0.0454111055683599	0.406108159138969	24
-0.04522376365631	0.406159618358576	16
-0.06672391556845	0.755139764558434	84
-0.0501273146083801	0.40572439661199	16
-0.0454111055683599	0.406108159138969	16
-0.0805344456027799	0.755559929122587	16
-0.0501273146083801	0.40572439661199	16
-0.0454111055683599	0.406108159138969	16
-0.0454111055683599	0.406108159138969	16
-0.04522376365631	0.406159618358576	16
-0.0454111055683599	0.406108159138969	325
-0.04522376365631	0.406159618358576	325
-0.0454111055683599	0.406108159138969	325
-0.0454111055683599	0.406108159138969	325
-0.04522376365631	0.406159618358576	325
-0.0501273146083801	0.40572439661199	325
-0.04522376365631	0.406159618358576	325
-0.04522376365631	0.406159618358576	325
-0.04522376365631	0.406159618358576	325
-0.0454111055683599	0.406108159138969	3015
-0.04522376365631	0.406159618358576	151
-0.0616404802900501	0.747635014309802	120
-0.04522376365631	0.406159618358576	120
-0.04522376365631	0.406159618358576	120
-0.04522376365631	0.406159618358576	538
-0.04522376365631	0.406159618358576	538
-0.0454111055683599	0.406108159138969	7
-0.0501273146083801	0.40572439661199	7
-0.04522376365631	0.406159618358576	7
-0.04522376365631	0.406159618358576	7
-0.04522376365631	0.406159618358576	7
-0.0501273146083801	0.40572439661199	7
-0.0454111055683599	0.406108159138969	7
-0.0454111055683599	0.406108159138969	217
-0.0454111055683599	0.406108159138969	1737
-0.0454111055683599	0.406108159138969	9
-0.0454111055683599	0.406108159138969	283
-0.04522376365631	0.406159618358576	230
-0.0454111055683599	0.406108159138969	162
-0.0454111055683599	0.406108159138969	162
-0.0454111055683599	0.406108159138969	162
-0.0454111055683599	0.406108159138969	18
-0.04522376365631	0.406159618358576	18
-0.0454111055683599	0.406108159138969	18
-0.0454111055683599	0.406108159138969	18
-0.0454111055683599	0.406108159138969	18
-0.0454111055683599	0.406108159138969	18
-0.0501273146083801	0.40572439661199	50
-0.0501273146083801	0.40572439661199	791
-0.0501273146083801	0.40572439661199	791
-0.04522376365631	0.406159618358576	401
-0.0501273146083801	0.40572439661199	401
-0.04522376365631	0.406159618358576	288
-0.04522376365631	0.406159618358576	288
-0.0454111055683599	0.406108159138969	401
-0.0501273146083801	0.40572439661199	820
-0.0454111055683599	0.406108159138969	70
-0.04522376365631	0.406159618358576	70
-0.0454111055683599	0.406108159138969	251
-0.04522376365631	0.406159618358576	70
-0.04522376365631	0.406159618358576	2180
-0.04522376365631	0.406159618358576	134
-0.0454111055683599	0.406108159138969	91
-0.04522376365631	0.406159618358576	91
-0.0454111055683599	0.406108159138969	91
-0.04522376365631	0.406159618358576	730
-0.04522376365631	0.406159618358576	115
-0.04522376365631	0.406159618358576	1826
-0.0454111055683599	0.406108159138969	126
-0.04522376365631	0.406159618358576	126
-0.04522376365631	0.406159618358576	422
-0.0454111055683599	0.406108159138969	422
-0.04522376365631	0.406159618358576	422
0.0717721318809099	0.965197303659136	16
-0.0681459332729899	0.757477944035012	151
-0.09874898540729	1.1824531325729	48
-0.0454111055683599	0.406108159138969	9
-0.0501273146083801	0.40572439661199	18
-0.04522376365631	0.406159618358576	50
-0.0454111055683599	0.406108159138969	401
-0.0454111055683599	0.406108159138969	401
-0.0454111055683599	0.406108159138969	820
-0.07585028564619	0.752597954911243	70
-0.0454111055683599	0.406108159138969	70
-0.04522376365631	0.406159618358576	70
-0.0454111055683599	0.406108159138969	91
-0.0454111055683599	0.406108159138969	136
-0.04522376365631	0.406159618358576	136
-0.0454111055683599	0.406108159138969	126
-0.04522376365631	0.406159618358576	422
-0.04522376365631	0.406159618358576	422
-0.0501273146083801	0.40572439661199	422
-0.0454111055683599	0.406108159138969	422
-0.04522376365631	0.406159618358576	353
-0.0454111055683599	0.406108159138969	422
-0.0919273348354901	1.17569265555092	16
0.0668223144935201	0.983497164001226	538
0.0681224000908001	0.970676525221855	538
-0.0693202809442	0.7576566965492	283
-0.04522376365631	0.406159618358576	767
-0.0454111055683599	0.406108159138969	767
-0.04522376365631	0.406159618358576	401
-0.07049553786231	0.755751724984709	401
-0.0454111055683599	0.406108159138969	401
-0.04522376365631	0.406159618358576	401
-0.08171490361416	0.755879019504499	820
-0.0501273146083801	0.40572439661199	70
-0.0501273146083801	0.40572439661199	70
-0.0454111055683599	0.406108159138969	1826
-0.04522376365631	0.406159618358576	136
-0.0454111055683599	0.406108159138969	136
-0.0454111055683599	0.406108159138969	422
-0.0454111055683599	0.406108159138969	3453
-0.0454111055683599	0.406108159138969	422
-0.04522376365631	0.406159618358576	422
0.07114391500377	0.973898476935828	325
-0.0883373927586599	1.16233330194489	151
0.0068215591996601	1.41953160365437	1171
-0.07608962166886	0.760023550642785	217
0.0708064794577601	0.966270157563041	217
-0.0924285027020599	1.17931803213849	230
-0.06281284079462	0.749911386602174	162
-0.0454111055683599	0.406108159138969	89
-0.0454111055683599	0.406108159138969	401
-0.0454111055683599	0.406108159138969	70
-0.0672312017801899	0.746143098074776	134
-0.06907301713506	0.753429338745028	91
-0.0669724935203899	0.755161927952963	91
0.06778549789713	0.981364424528038	730
-0.06672391556845	0.755139764558434	1070
-0.04522376365631	0.406159618358576	126
-0.04522376365631	0.406159618358576	126
-0.0454111055683599	0.406108159138969	136
-0.0454111055683599	0.406108159138969	136
-0.0454111055683599	0.406108159138969	422
-0.0454111055683599	0.406108159138969	422
-0.04522376365631	0.406159618358576	422
-0.0454111055683599	0.406108159138969	422
0.0176455213778099	1.4441592172656	151
0.0727371858550601	0.962577209907809	48
-0.07349417803259	0.758718061977533	1501
-0.07049553786231	0.755751724984709	217
-0.06789801192182	0.755319680676232	475
-0.07585028564619	0.752597954911243	7
-0.04522376365631	0.406159618358576	2639
-0.0454111055683599	0.406108159138969	18
-0.0454111055683599	0.406108159138969	767
-0.04522376365631	0.406159618358576	767
-0.04522376365631	0.406159618358576	767
-0.0454111055683599	0.406108159138969	18
-0.0454111055683599	0.406108159138969	50
-0.0454111055683599	0.406108159138969	401
-0.0454111055683599	0.406108159138969	820
-0.07193641502884	0.747430221798035	1392
-0.04522376365631	0.406159618358576	5
-0.04522376365631	0.406159618358576	91
-0.04522376365631	0.406159618358576	126
-0.04522376365631	0.406159618358576	126
-0.0454111055683599	0.406108159138969	126
-0.04522376365631	0.406159618358576	422
-0.0454111055683599	0.406108159138969	422
-0.04522376365631	0.406159618358576	422
-0.0454111055683599	0.406108159138969	422
-0.04522376365631	0.406159618358576	1864
-0.04522376365631	0.406159618358576	422
-0.04522376365631	0.406159618358576	422
-0.04522376365631	0.406159618358576	422
-0.0501273146083801	0.40572439661199	325
-0.06789801192182	0.755319680676232	1077
-0.04522376365631	0.406159618358576	142
-0.0454111055683599	0.406108159138969	217
-0.07349417803259	0.758718061977533	475
-0.08148290036555	0.749444568565044	283
-0.0454111055683599	0.406108159138969	283
-0.04522376365631	0.406159618358576	18
-0.0454111055683599	0.406108159138969	18
-0.0454111055683599	0.406108159138969	9
-0.04522376365631	0.406159618358576	50
-0.04522376365631	0.406159618358576	791
-0.0454111055683599	0.406108159138969	401
-0.04522376365631	0.406159618358576	401
-0.04522376365631	0.406159618358576	401
-0.0454111055683599	0.406108159138969	401
-0.0454111055683599	0.406108159138969	5
-0.04522376365631	0.406159618358576	5
-0.04522376365631	0.406159618358576	317
-0.06789801192182	0.755319680676232	317
-0.0657999603608601	0.748722663220006	91
-0.0454111055683599	0.406108159138969	91
-0.07373483340545	0.759520768730619	91
-0.04522376365631	0.406159618358576	136
-0.04522376365631	0.406159618358576	126
-0.04522376365631	0.406159618358576	126
-0.04522376365631	0.406159618358576	422
-0.04522376365631	0.406159618358576	422
-0.04522376365631	0.406159618358576	422
-0.04522376365631	0.406159618358576	422
-0.0811293527443	1.60731510229662	826
-0.0693202809442	0.7576566965492	816
0.0700464115570001	0.964422699882787	84
0.02117144957824	1.38549034425151	84
-0.0681459332729899	0.757477944035012	1077
-0.0454111055683599	0.406108159138969	1077
-0.07349417803259	0.758718061977533	151
-0.0693202809442	0.7576566965492	538
-0.0681459332729899	0.757477944035012	48
-0.0454111055683599	0.406108159138969	1501
-0.06789801192182	0.755319680676232	142
-0.04522376365631	0.406159618358576	217
-0.06555072674751	0.752836446371321	18
-0.0454111055683599	0.406108159138969	767
-0.04522376365631	0.406159618358576	18
-0.04522376365631	0.406159618358576	1965
-0.04522376365631	0.406159618358576	50
-0.04522376365631	0.406159618358576	1047
-0.06672391556845	0.755139764558434	401
-0.0501273146083801	0.40572439661199	401
-0.0454111055683599	0.406108159138969	401
-0.0454111055683599	0.406108159138969	1392
-0.04522376365631	0.406159618358576	5
-0.04522376365631	0.406159618358576	5
-0.0454111055683599	0.406108159138969	70
-0.0501273146083801	0.40572439661199	317
-0.04522376365631	0.406159618358576	317
-0.04522376365631	0.406159618358576	1529
-0.04522376365631	0.406159618358576	91
-0.0681459332729899	0.757477944035012	115
-0.04522376365631	0.406159618358576	2141
-0.0501273146083801	0.40572439661199	126
-0.04522376365631	0.406159618358576	136
-0.0454111055683599	0.406108159138969	136
-0.04522376365631	0.406159618358576	136
-0.04522376365631	0.406159618358576	136
-0.0454111055683599	0.406108159138969	126
-0.0454111055683599	0.406108159138969	422
-0.0454111055683599	0.406108159138969	422
-0.0454111055683599	0.406108159138969	422
-0.0454111055683599	0.406108159138969	353
-0.04522376365631	0.406159618358576	422
0.0816020836718401	0.941598619478182	201
-0.06437844413432	0.746436419448748	84
-0.0454111055683599	0.406108159138969	84
-0.0681459332729899	0.757477944035012	84
0.05654118965399	0.958829366061232	151
-0.0501273146083801	0.40572439661199	329
-0.0501273146083801	0.40572439661199	329
-0.0501273146083801	0.40572439661199	538
-0.04522376365631	0.406159618358576	538
-0.04522376365631	0.406159618358576	142
-0.06046902471553	0.74131826500725	142
-0.06672391556845	0.755139764558434	2695
-0.07491177099641	0.761062662410459	7
-0.04522376365631	0.406159618358576	217
-0.0681459332729899	0.757477944035012	7
-0.0454111055683599	0.406108159138969	217
-0.0974215164396299	1.19303792723712	162
-0.0454111055683599	0.406108159138969	18
-0.04522376365631	0.406159618358576	767
-0.0454111055683599	0.406108159138969	767
-0.04522376365631	0.406159618358576	767
-0.04522376365631	0.406159618358576	767
-0.0454111055683599	0.406108159138969	18
0.07210929455604	0.974287435452963	18
-0.04522376365631	0.406159618358576	50
-0.0454111055683599	0.406108159138969	50
-0.0454111055683599	0.406108159138969	50
-0.04522376365631	0.406159618358576	1086
-0.0501273146083801	0.40572439661199	1086
-0.0454111055683599	0.406108159138969	1729
-0.04522376365631	0.406159618358576	401
-0.0454111055683599	0.406108159138969	401
-0.0454111055683599	0.406108159138969	401
-0.0454111055683599	0.406108159138969	401
-0.0454111055683599	0.406108159138969	1392
-0.0454111055683599	0.406108159138969	1392
-0.0454111055683599	0.406108159138969	1392
-0.0454111055683599	0.406108159138969	5
-0.0454111055683599	0.406108159138969	70
-0.04522376365631	0.406159618358576	70
-0.0454111055683599	0.406108159138969	317
-0.0454111055683599	0.406108159138969	317
-0.0616404802900501	0.747635014309802	134
-0.04522376365631	0.406159618358576	91
-0.04522376365631	0.406159618358576	115
-0.04522376365631	0.406159618358576	126
-0.0454111055683599	0.406108159138969	96
-0.0454111055683599	0.406108159138969	136
-0.04522376365631	0.406159618358576	136
-0.0454111055683599	0.406108159138969	126
-0.04522376365631	0.406159618358576	126
-0.04522376365631	0.406159618358576	126
-0.04522376365631	0.406159618358576	422
-0.04522376365631	0.406159618358576	422
-0.0454111055683599	0.406108159138969	2026
-0.0501273146083801	0.40572439661199	422
0.0583652388049301	0.959489576018404	84
0.0656016250762199	0.966504976336147	16
-0.0915064971292301	1.18063614088228	329
-0.0842581325665199	1.63610491833295	2753
-0.09557948035874	1.19234470110764	151
0.0661960092799701	0.969695370012245	9
-0.04522376365631	0.406159618358576	1965
-0.0651602818841499	0.748234362154385	50
-0.0454111055683599	0.406108159138969	401
-0.0695819856169599	0.753456397420435	401
-0.04522376365631	0.406159618358576	70
-0.0669724935203899	0.755161927952963	1612
-0.07349417803259	0.758718061977533	5
-0.04522376365631	0.406159618358576	317
0.0671595024381599	0.971040289110175	1491
-0.04522376365631	0.406159618358576	91
-0.04522376365631	0.406159618358576	126
-0.04522376365631	0.406159618358576	126
-0.04522376365631	0.406159618358576	422
-0.04522376365631	0.406159618358576	422
-0.04522376365631	0.406159618358576	97
-0.04522376365631	0.406159618358576	3453
-0.04522376365631	0.406159618358576	24
-0.06672391556845	0.755139764558434	16
-0.09517282798578	1.1773002640416	151
-0.0900977146148401	1.65554637801128	2695
-0.07349417803259	0.758718061977533	283
-0.07349417803259	0.758718061977533	9
-0.0501273146083801	0.40572439661199	9
-0.0639861075511099	0.750093739397359	18
-0.07231749393078	0.757183848190581	919
-0.08641787507445	1.1649550204137	401
-0.0454111055683599	0.406108159138969	5
-0.0454111055683599	0.406108159138969	5
-0.0454111055683599	0.406108159138969	5
-0.0454111055683599	0.406108159138969	70
-0.04522376365631	0.406159618358576	70
-0.07231749393078	0.757183848190581	134
-0.04522376365631	0.406159618358576	1688
-0.04522376365631	0.406159618358576	115
-0.04522376365631	0.406159618358576	126
-0.04522376365631	0.406159618358576	97
-0.04522376365631	0.406159618358576	97
-0.04522376365631	0.406159618358576	2026
-0.0454111055683599	0.406108159138969	2026
-0.04522376365631	0.406159618358576	422
-0.04522376365631	0.406159618358576	422
-0.0501273146083801	0.40572439661199	422
-0.0805344456027799	0.755559929122587	329
-0.06672391556845	0.755139764558434	9
-0.07491177099641	0.761062662410459	50
-0.0454111055683599	0.406108159138969	50
-0.0454111055683599	0.406108159138969	401
-0.0454111055683599	0.406108159138969	401
-0.04522376365631	0.406159618358576	401
-0.07349417803259	0.758718061977533	1449
-0.06789801192182	0.755319680676232	5
-0.0454111055683599	0.406108159138969	5
-0.0454111055683599	0.406108159138969	5
-0.0454111055683599	0.406108159138969	317
-0.04522376365631	0.406159618358576	1088
-0.04522376365631	0.406159618358576	481
-0.0454111055683599	0.406108159138969	872
-0.0454111055683599	0.406108159138969	126
-0.04522376365631	0.406159618358576	126
-0.0501273146083801	0.40572439661199	126
-0.0454111055683599	0.406108159138969	97
-0.08875065754825	1.63744601875008	110
-0.04522376365631	0.406159618358576	993
-0.0740879272147099	2.07442540566971	16
-0.0681459332729899	0.757477944035012	16
-0.10144103238678	1.16009051419534	371
-0.0653660314300399	2.04832791806767	151
-0.0924285027020599	1.17931803213849	48
-0.06789801192182	0.755319680676232	48
-0.04522376365631	0.406159618358576	142
-0.0974215164396299	1.19303792723712	217
-0.09557948035874	1.19234470110764	9
-0.04522376365631	0.406159618358576	9
0.0687480860549201	0.97707160373534	9
-0.07491177099641	0.761062662410459	50
-0.0454111055683599	0.406108159138969	89
-0.06555072674751	0.752836446371321	401
-0.0454111055683599	0.406108159138969	401
-0.04522376365631	0.406159618358576	401
-0.0454111055683599	0.406108159138969	401
-0.07491177099641	0.761062662410459	401
-0.0501273146083801	0.40572439661199	70
-0.04522376365631	0.406159618358576	70
-0.0454111055683599	0.406108159138969	2880
-0.04522376365631	0.406159618358576	1088
-0.0454111055683599	0.406108159138969	1088
-0.0454111055683599	0.406108159138969	1688
-0.07373483340545	0.759520768730619	1688
-0.0454111055683599	0.406108159138969	1688
-0.04522376365631	0.406159618358576	481
-0.0454111055683599	0.406108159138969	872
-0.0454111055683599	0.406108159138969	126
-0.04522376365631	0.406159618358576	422
-0.04522376365631	0.406159618358576	422
-0.0454111055683599	0.406108159138969	97
-0.0454111055683599	0.406108159138969	422
-0.0805344456027799	0.755559929122587	992
0.03074705396936	1.39430013841662	142
-0.0454111055683599	0.406108159138969	18
-0.0693202809442	0.7576566965492	401
-0.04522376365631	0.406159618358576	1423
-0.04522376365631	0.406159618358576	401
-0.07373483340545	0.759520768730619	401
-0.0454111055683599	0.406108159138969	401
-0.0669724935203899	0.755161927952963	70
-0.07349417803259	0.758718061977533	2570
-0.0501273146083801	0.40572439661199	1088
-0.04522376365631	0.406159618358576	1088
-0.0454111055683599	0.406108159138969	1088
-0.0501273146083801	0.40572439661199	1688
-0.04522376365631	0.406159618358576	1688
-0.04522376365631	0.406159618358576	3000
-0.0501273146083801	0.40572439661199	872
-0.04522376365631	0.406159618358576	126
-0.0454111055683599	0.406108159138969	422
-0.0454111055683599	0.406108159138969	422
-0.0454111055683599	0.406108159138969	422
-0.04522376365631	0.406159618358576	126
-0.0454111055683599	0.406108159138969	422
-0.0454111055683599	0.406108159138969	422
-0.0454111055683599	0.406108159138969	422
-0.04522376365631	0.406159618358576	422
-0.0454111055683599	0.406108159138969	97
-0.0454111055683599	0.406108159138969	97
-0.04522376365631	0.406159618358576	97
-0.0454111055683599	0.406108159138969	97
-0.0454111055683599	0.406108159138969	422
-0.0454111055683599	0.406108159138969	422
-0.04522376365631	0.406159618358576	422
-0.08875065754825	1.63744601875008	826
-0.0805344456027799	0.755559929122587	110
-0.0454111055683599	0.406108159138969	24
-0.0501273146083801	0.40572439661199	24
0.0699478339375601	0.971308925372225	16
-0.04522376365631	0.406159618358576	120
0.0698402279094099	0.965899692694998	142
-0.0669724935203899	0.755161927952963	9
-0.0681459332729899	0.757477944035012	18
-0.07255880756041	0.753613125904852	5
-0.0454111055683599	0.406108159138969	1088
-0.0454111055683599	0.406108159138969	134
-0.0454111055683599	0.406108159138969	1088
-0.0454111055683599	0.406108159138969	1688
-0.0454111055683599	0.406108159138969	1688
-0.0501273146083801	0.40572439661199	1660
-0.04522376365631	0.406159618358576	481
-0.0746717748247101	0.757687975137559	422
-0.0454111055683599	0.406108159138969	422
-0.0454111055683599	0.406108159138969	422
-0.04522376365631	0.406159618358576	422
-0.0454111055683599	0.406108159138969	422
-0.04522376365631	0.406159618358576	97
-0.04522376365631	0.406159618358576	353
-0.07373483340545	0.759520768730619	16
0.0605591869637201	0.980212345517434	16
-0.0454111055683599	0.406108159138969	48
-0.04522376365631	0.406159618358576	9
-0.04522376365631	0.406159618358576	50
-0.0454111055683599	0.406108159138969	431
-0.04522376365631	0.406159618358576	1423
-0.04522376365631	0.406159618358576	1423
-0.0454111055683599	0.406108159138969	401
-0.0454111055683599	0.406108159138969	401
-0.0454111055683599	0.406108159138969	2961
-0.04522376365631	0.406159618358576	70
-0.0454111055683599	0.406108159138969	1612
-0.04522376365631	0.406159618358576	66
-0.04522376365631	0.406159618358576	5
-0.0454111055683599	0.406108159138969	5
-0.0454111055683599	0.406108159138969	5
-0.04522376365631	0.406159618358576	1088
-0.0454111055683599	0.406108159138969	1088
-0.04522376365631	0.406159618358576	1088
-0.04522376365631	0.406159618358576	1088
-0.04522376365631	0.406159618358576	1688
-0.04522376365631	0.406159618358576	481
-0.04522376365631	0.406159618358576	422
-0.0501273146083801	0.40572439661199	422
-0.04522376365631	0.406159618358576	422
-0.0454111055683599	0.406108159138969	422
-0.04522376365631	0.406159618358576	422
-0.0454111055683599	0.406108159138969	97
-0.04522376365631	0.406159618358576	422
-0.04522376365631	0.406159618358576	422
-0.0454111055683599	0.406108159138969	422
-0.09650022894982	1.19363907993218	393
-0.0681459332729899	0.757477944035012	24
0.0668223144935201	0.983497164001226	24
-0.09557948035874	1.19234470110764	24
-0.10242107278268	1.19021883908903	16
-0.09284614156796	1.17316364205454	1171
-0.07491177099641	0.761062662410459	151
-0.07608962166886	0.760023550642785	142
0.0668223144935201	0.983497164001226	434
-0.0501273146083801	0.40572439661199	50
-0.0454111055683599	0.406108159138969	1132
-0.07491177099641	0.761062662410459	401
-0.0501273146083801	0.40572439661199	5
-0.0454111055683599	0.406108159138969	1688
-0.04522376365631	0.406159618358576	1688
-0.0454111055683599	0.406108159138969	3154
-0.04522376365631	0.406159618358576	422
-0.0454111055683599	0.406108159138969	422
-0.04522376365631	0.406159618358576	422
-0.04522376365631	0.406159618358576	422
-0.0454111055683599	0.406108159138969	422
-0.04522376365631	0.406159618358576	97
-0.0454111055683599	0.406108159138969	422
-0.0501273146083801	0.40572439661199	422
-0.0454111055683599	0.406108159138969	422
-0.0454111055683599	0.406108159138969	422
-0.0454111055683599	0.406108159138969	422
-0.04522376365631	0.406159618358576	422
-0.04522376365631	0.406159618358576	422
0.07500184758954	0.965853387101135	24
-0.0850894631266299	1.16317055501255	16
0.0668223144935201	0.983497164001226	329
-0.0791215786258901	0.753267407814952	151
-0.10834724820121	1.18009135686825	120
-0.0856529636108301	1.65085575243898	538
-0.07049553786231	0.755751724984709	9
-0.0639861075511099	0.750093739397359	9
-0.07231749393078	0.757183848190581	18
-0.06672391556845	0.755139764558434	18
-0.0746717748247101	0.757687975137559	50
-0.0454111055683599	0.406108159138969	431
-0.04522376365631	0.406159618358576	1423
-0.06672391556845	0.755139764558434	401
-0.0454111055683599	0.406108159138969	70
-0.0454111055683599	0.406108159138969	66
-0.04522376365631	0.406159618358576	66
-0.0454111055683599	0.406108159138969	134
-0.04522376365631	0.406159618358576	115
-0.04522376365631	0.406159618358576	422
-0.04522376365631	0.406159618358576	422
-0.04522376365631	0.406159618358576	422
-0.04522376365631	0.406159618358576	422
-0.04522376365631	0.406159618358576	422
-0.0454111055683599	0.406108159138969	126
-0.0454111055683599	0.406108159138969	422
-0.04522376365631	0.406159618358576	422
-0.04522376365631	0.406159618358576	422
-0.0501273146083801	0.40572439661199	422
-0.0454111055683599	0.406108159138969	422
-0.04522376365631	0.406159618358576	422
-0.0914190372607	1.17679393964687	151
-0.0695819856169599	0.753456397420435	142
-0.04522376365631	0.406159618358576	142
-0.0639861075511099	0.750093739397359	1657
0.0645576568381101	0.975681262593783	9
-0.06672391556845	0.755139764558434	18
-0.0501273146083801	0.40572439661199	50
-0.06672391556845	0.755139764558434	1423
-0.04522376365631	0.406159618358576	1475
-0.04522376365631	0.406159618358576	1132
-0.0454111055683599	0.406108159138969	2404
-0.0693202809442	0.7576566965492	134
-0.04522376365631	0.406159618358576	134
-0.04522376365631	0.406159618358576	1688
-0.04522376365631	0.406159618358576	1618
-0.04522376365631	0.406159618358576	422
-0.0454111055683599	0.406108159138969	422
-0.0454111055683599	0.406108159138969	422
-0.04522376365631	0.406159618358576	422
-0.0454111055683599	0.406108159138969	422
-0.0454111055683599	0.406108159138969	422
-0.04522376365631	0.406159618358576	422
-0.0501273146083801	0.40572439661199	422
-0.06281284079462	0.749911386602174	84
-0.0651602818841499	0.748234362154385	2033
-0.0746717748247101	0.757687975137559	151
-0.07491177099641	0.761062662410459	1171
-0.0681459332729899	0.757477944035012	142
-0.04522376365631	0.406159618358576	142
-0.07638682911645	0.748421150591113	1657
-0.0454111055683599	0.406108159138969	103
-0.06789801192182	0.755319680676232	9
-0.0454111055683599	0.406108159138969	9
-0.04522376365631	0.406159618358576	18
-0.0454111055683599	0.406108159138969	18
-0.0681459332729899	0.757477944035012	50
-0.0454111055683599	0.406108159138969	50
-0.0454111055683599	0.406108159138969	401
-0.04522376365631	0.406159618358576	401
-0.0454111055683599	0.406108159138969	2404
-0.04522376365631	0.406159618358576	2404
-0.04522376365631	0.406159618358576	70
-0.0454111055683599	0.406108159138969	66
-0.04522376365631	0.406159618358576	66
-0.04522376365631	0.406159618358576	66
-0.0454111055683599	0.406108159138969	5
-0.0501273146083801	0.40572439661199	134
-0.0454111055683599	0.406108159138969	134
-0.0501273146083801	0.40572439661199	70
-0.0454111055683599	0.406108159138969	422
-0.04522376365631	0.406159618358576	422
-0.0454111055683599	0.406108159138969	422
-0.04522376365631	0.406159618358576	422
-0.04522376365631	0.406159618358576	422
-0.04522376365631	0.406159618358576	422
-0.04522376365631	0.406159618358576	422
-0.04522376365631	0.406159618358576	422
-0.0501273146083801	0.40572439661199	422
0.0193416404768301	1.43466304705369	84
-0.07638682911645	0.748421150591113	329
-0.06672391556845	0.755139764558434	1171
-0.06789801192182	0.755319680676232	142
-0.09874898540729	1.1824531325729	142
-0.0978270151196701	1.18302894844642	142
0.06778549789713	0.981364424528038	43
-0.08171490361416	0.755879019504499	434
-0.06789801192182	0.755319680676232	18
-0.0454111055683599	0.406108159138969	18
-0.0454111055683599	0.406108159138969	401
-0.0454111055683599	0.406108159138969	2404
-0.06789801192182	0.755319680676232	70
-0.0454111055683599	0.406108159138969	70
-0.0454111055683599	0.406108159138969	5
-0.0454111055683599	0.406108159138969	70
-0.0454111055683599	0.406108159138969	70
-0.0454111055683599	0.406108159138969	1688
-0.0454111055683599	0.406108159138969	2881
-0.04522376365631	0.406159618358576	422
-0.0454111055683599	0.406108159138969	422
-0.0454111055683599	0.406108159138969	422
-0.04522376365631	0.406159618358576	422
-0.0454111055683599	0.406108159138969	422
-0.04522376365631	0.406159618358576	351
-0.04522376365631	0.406159618358576	422
-0.0501273146083801	0.40572439661199	422
-0.04522376365631	0.406159618358576	895
0.10528219033408	1.66635828597318	164
0.07240364770594	2.06118083205357	120
0.0605591869637201	0.980212345517434	50
-0.04522376365631	0.406159618358576	5
-0.0454111055683599	0.406108159138969	1688
-0.04522376365631	0.406159618358576	422
-0.0454111055683599	0.406108159138969	422
-0.0454111055683599	0.406108159138969	422
-0.04522376365631	0.406159618358576	422
-0.04522376365631	0.406159618358576	422
-0.04522376365631	0.406159618358576	422
-0.04522376365631	0.406159618358576	422
-0.0669724935203899	0.755161927952963	110
-0.04522376365631	0.406159618358576	24
-0.0501273146083801	0.40572439661199	24
-0.04522376365631	0.406159618358576	24
-0.04522376365631	0.406159618358576	24
-0.06281284079462	0.749911386602174	24
-0.0454111055683599	0.406108159138969	84
-0.04522376365631	0.406159618358576	84
-0.04522376365631	0.406159618358576	16
-0.0501273146083801	0.40572439661199	16
-0.04522376365631	0.406159618358576	118
-0.04522376365631	0.406159618358576	84
-0.04522376365631	0.406159618358576	84
-0.0454111055683599	0.406108159138969	164
-0.04522376365631	0.406159618358576	84
-0.04522376365631	0.406159618358576	118
-0.0454111055683599	0.406108159138969	2033
-0.0454111055683599	0.406108159138969	329
-0.0454111055683599	0.406108159138969	329
-0.0454111055683599	0.406108159138969	151
-0.04522376365631	0.406159618358576	151
-0.0454111055683599	0.406108159138969	151
-0.04522376365631	0.406159618358576	151
-0.04522376365631	0.406159618358576	151
-0.0454111055683599	0.406108159138969	120
-0.0454111055683599	0.406108159138969	120
-0.0454111055683599	0.406108159138969	48
-0.04522376365631	0.406159618358576	48
-0.0501273146083801	0.40572439661199	538
-0.0454111055683599	0.406108159138969	48
-0.04522376365631	0.406159618358576	142
-0.04522376365631	0.406159618358576	1463
-0.04522376365631	0.406159618358576	1463
-0.0454111055683599	0.406108159138969	804
-0.06672391556845	0.755139764558434	804
-0.0501273146083801	0.40572439661199	804
-0.0454111055683599	0.406108159138969	142
-0.0454111055683599	0.406108159138969	142
-0.04522376365631	0.406159618358576	142
-0.04522376365631	0.406159618358576	142
-0.04522376365631	0.406159618358576	142
-0.0454111055683599	0.406108159138969	142
-0.0454111055683599	0.406108159138969	1657
-0.0501273146083801	0.40572439661199	103
-0.0454111055683599	0.406108159138969	103
-0.04522376365631	0.406159618358576	43
-0.04522376365631	0.406159618358576	43
-0.04522376365631	0.406159618358576	9
-0.0454111055683599	0.406108159138969	1809
-0.0454111055683599	0.406108159138969	1809
-0.04522376365631	0.406159618358576	1809
-0.04522376365631	0.406159618358576	434
-0.0454111055683599	0.406108159138969	434
-0.0454111055683599	0.406108159138969	9
-0.04522376365631	0.406159618358576	18
-0.0454111055683599	0.406108159138969	18
-0.04522376365631	0.406159618358576	18
-0.0454111055683599	0.406108159138969	50
-0.0454111055683599	0.406108159138969	50
-0.04522376365631	0.406159618358576	50
-0.04522376365631	0.406159618358576	50
-0.04522376365631	0.406159618358576	50
-0.04522376365631	0.406159618358576	50
-0.04522376365631	0.406159618358576	50
-0.0454111055683599	0.406108159138969	401
-0.0454111055683599	0.406108159138969	431
-0.04522376365631	0.406159618358576	431
-0.0454111055683599	0.406108159138969	431
-0.04522376365631	0.406159618358576	431
-0.04522376365631	0.406159618358576	401
-0.0501273146083801	0.40572439661199	1132
-0.0454111055683599	0.406108159138969	1132
-0.0454111055683599	0.406108159138969	1132
-0.0454111055683599	0.406108159138969	898
-0.0454111055683599	0.406108159138969	2404
-0.04522376365631	0.406159618358576	2404
-0.04522376365631	0.406159618358576	2404
-0.04522376365631	0.406159618358576	268
-0.04522376365631	0.406159618358576	273
-0.04522376365631	0.406159618358576	273
-0.04522376365631	0.406159618358576	273
-0.04522376365631	0.406159618358576	273
-0.0501273146083801	0.40572439661199	66
-0.0454111055683599	0.406108159138969	66
-0.0454111055683599	0.406108159138969	66
-0.0454111055683599	0.406108159138969	5
-0.0454111055683599	0.406108159138969	5
-0.04522376365631	0.406159618358576	5
-0.04522376365631	0.406159618358576	5
-0.0501273146083801	0.40572439661199	1701
-0.0454111055683599	0.406108159138969	134
-0.04522376365631	0.406159618358576	1688
-0.04522376365631	0.406159618358576	1688
-0.0454111055683599	0.406108159138969	1688
-0.0454111055683599	0.406108159138969	1688
-0.04522376365631	0.406159618358576	1688
-0.0454111055683599	0.406108159138969	1688
-0.0454111055683599	0.406108159138969	1618
-0.0501273146083801	0.40572439661199	1618
-0.04522376365631	0.406159618358576	422
-0.04522376365631	0.406159618358576	422
-0.0454111055683599	0.406108159138969	422
-0.04522376365631	0.406159618358576	422
-0.04522376365631	0.406159618358576	422
-0.0454111055683599	0.406108159138969	2815
0.07500184758954	0.965853387101135	118
0.0133639166606601	1.43950691457803	1171
0.0599330605277	0.964208778322961	1171
-0.07491177099641	0.761062662410459	1171
-0.04522376365631	0.406159618358576	142
-0.0501273146083801	0.40572439661199	1657
0.0586331390302399	0.976701674091964	103
-0.0454111055683599	0.406108159138969	43
0.01106012316751	1.86280240899644	9
-0.0454111055683599	0.406108159138969	18
-0.04522376365631	0.406159618358576	18
-0.0454111055683599	0.406108159138969	775
-0.0454111055683599	0.406108159138969	50
-0.04522376365631	0.406159618358576	50
-0.04522376365631	0.406159618358576	401
-0.04522376365631	0.406159618358576	431
-0.04522376365631	0.406159618358576	431
-0.04522376365631	0.406159618358576	2404
-0.0454111055683599	0.406108159138969	273
-0.06281284079462	0.749911386602174	66
-0.0454111055683599	0.406108159138969	66
-0.0693202809442	0.7576566965492	66
-0.0454111055683599	0.406108159138969	66
-0.0454111055683599	0.406108159138969	5
-0.0454111055683599	0.406108159138969	70
-0.0454111055683599	0.406108159138969	134
-0.0681459332729899	0.757477944035012	1618
-0.0501273146083801	0.40572439661199	1688
-0.04522376365631	0.406159618358576	1688
-0.0454111055683599	0.406108159138969	1688
-0.0454111055683599	0.406108159138969	122
-0.0454111055683599	0.406108159138969	1618
-0.04522376365631	0.406159618358576	422
-0.0454111055683599	0.406108159138969	422
-0.04522376365631	0.406159618358576	422
-0.0454111055683599	0.406108159138969	422
-0.0454111055683599	0.406108159138969	422
-0.04522376365631	0.406159618358576	422
-0.04522376365631	0.406159618358576	422
-0.04522376365631	0.406159618358576	422
-0.0501273146083801	0.40572439661199	422
-0.04522376365631	0.406159618358576	422
-0.0454111055683599	0.406108159138969	422
-0.04522376365631	0.406159618358576	422
-0.04522376365631	0.406159618358576	422
-0.04522376365631	0.406159618358576	2815
-0.0454111055683599	0.406108159138969	895
-0.04522376365631	0.406159618358576	3185
-0.0693202809442	0.7576566965492	742
-0.0501273146083801	0.40572439661199	2921
-0.0454111055683599	0.406108159138969	142
0.0241884649736299	1.39706725529754	142
-0.04522376365631	0.406159618358576	18
-0.04522376365631	0.406159618358576	50
-0.0454111055683599	0.406108159138969	50
-0.04522376365631	0.406159618358576	73
-0.04522376365631	0.406159618358576	431
-0.0454111055683599	0.406108159138969	431
-0.04522376365631	0.406159618358576	401
-0.0454111055683599	0.406108159138969	401
-0.04522376365631	0.406159618358576	1132
-0.0454111055683599	0.406108159138969	2404
-0.0454111055683599	0.406108159138969	66
-0.04522376365631	0.406159618358576	134
-0.04522376365631	0.406159618358576	5
-0.04522376365631	0.406159618358576	2212
-0.04522376365631	0.406159618358576	2212
-0.04522376365631	0.406159618358576	1688
-0.0454111055683599	0.406108159138969	422
-0.04522376365631	0.406159618358576	422
-0.0454111055683599	0.406108159138969	422
-0.0454111055683599	0.406108159138969	422
-0.04522376365631	0.406159618358576	422
-0.04522376365631	0.406159618358576	422
-0.0501273146083801	0.40572439661199	422
-0.04522376365631	0.406159618358576	422
-0.0454111055683599	0.406108159138969	422
-0.04522376365631	0.406159618358576	422
-0.04522376365631	0.406159618358576	422
-0.0454111055683599	0.406108159138969	422
-0.0501273146083801	0.40572439661199	422
-0.04522376365631	0.406159618358576	353
-0.0454111055683599	0.406108159138969	422
0.0193416404768301	1.43466304705369	826
-0.0454111055683599	0.406108159138969	2621
0.10365117991543	1.67482209456608	118
-0.07726838676269	0.754898338581045	118
0.0951197999614699	1.67990422784616	109
-0.07491177099641	0.761062662410459	742
-0.0919117991446401	1.16993623612294	1657
-0.04522376365631	0.406159618358576	9
-0.04522376365631	0.406159618358576	2382
-0.04522376365631	0.406159618358576	2382
-0.0454111055683599	0.406108159138969	50
-0.0454111055683599	0.406108159138969	50
-0.0454111055683599	0.406108159138969	50
-0.0454111055683599	0.406108159138969	50
-0.0454111055683599	0.406108159138969	401
-0.0454111055683599	0.406108159138969	898
-0.0501273146083801	0.40572439661199	268
-0.04522376365631	0.406159618358576	268
-0.04522376365631	0.406159618358576	268
-0.07491177099641	0.761062662410459	273
-0.04522376365631	0.406159618358576	273
-0.0454111055683599	0.406108159138969	2212
-0.08289627991657	0.751708259222083	2476
-0.04522376365631	0.406159618358576	134
-0.04522376365631	0.406159618358576	422
-0.04522376365631	0.406159618358576	422
-0.0454111055683599	0.406108159138969	422
-0.0454111055683599	0.406108159138969	422
-0.04522376365631	0.406159618358576	422
-0.0454111055683599	0.406108159138969	422
-0.0501273146083801	0.40572439661199	422
-0.04522376365631	0.406159618358576	422
-0.04522376365631	0.406159618358576	422
-0.04522376365631	0.406159618358576	895
-0.0454111055683599	0.406108159138969	422
-0.06555072674751	0.752836446371321	118
-0.06789801192182	0.755319680676232	109
-0.0672312017801899	0.746143098074776	1171
-0.0681459332729899	0.757477944035012	151
-0.0454111055683599	0.406108159138969	1189
-0.0803017805483299	0.753586690030118	538
-0.0501273146083801	0.40572439661199	142
-0.06281284079462	0.749911386602174	804
0.02222573846863	1.42043295334347	142
-0.0681459332729899	0.757477944035012	98
-0.06672391556845	0.755139764558434	103
-0.07231749393078	0.757183848190581	43
-0.0657999603608601	0.748722663220006	9
-0.0454111055683599	0.406108159138969	9
-0.0501273146083801	0.40572439661199	1378
-0.04522376365631	0.406159618358576	9
-0.04522376365631	0.406159618358576	775
-0.04522376365631	0.406159618358576	50
-0.0454111055683599	0.406108159138969	50
-0.04522376365631	0.406159618358576	50
-0.04522376365631	0.406159618358576	1216
-0.04522376365631	0.406159618358576	431
-0.0454111055683599	0.406108159138969	1132
-0.04522376365631	0.406159618358576	1132
-0.0454111055683599	0.406108159138969	2404
-0.04522376365631	0.406159618358576	268
-0.0639861075511099	0.750093739397359	66
-0.04522376365631	0.406159618358576	66
-0.04522376365631	0.406159618358576	1076
-0.04522376365631	0.406159618358576	134
-0.0454111055683599	0.406108159138969	2212
-0.0454111055683599	0.406108159138969	2212
-0.04522376365631	0.406159618358576	2476
-0.0454111055683599	0.406108159138969	1688
-0.0454111055683599	0.406108159138969	422
-0.04522376365631	0.406159618358576	422
-0.04522376365631	0.406159618358576	422
-0.04522376365631	0.406159618358576	422
-0.0501273146083801	0.40572439661199	422
-0.04522376365631	0.406159618358576	422
-0.04522376365631	0.406159618358576	422
-0.04522376365631	0.406159618358576	422
-0.0454111055683599	0.406108159138969	422
-0.0501273146083801	0.40572439661199	422
-0.0501273146083801	0.40572439661199	422
-0.04522376365631	0.406159618358576	422
-0.04522376365631	0.406159618358576	422
-0.04522376365631	0.406159618358576	118
-0.0454111055683599	0.406108159138969	151
-0.04522376365631	0.406159618358576	48
-0.0454111055683599	0.406108159138969	538
-0.04522376365631	0.406159618358576	142
-0.04522376365631	0.406159618358576	142
-0.0501273146083801	0.40572439661199	804
-0.04522376365631	0.406159618358576	804
-0.0454111055683599	0.406108159138969	103
-0.0454111055683599	0.406108159138969	43
-0.04522376365631	0.406159618358576	9
-0.0454111055683599	0.406108159138969	434
-0.04522376365631	0.406159618358576	1378
-0.04522376365631	0.406159618358576	1378
-0.0454111055683599	0.406108159138969	775
-0.04522376365631	0.406159618358576	775
-0.06672391556845	0.755139764558434	2584
-0.0454111055683599	0.406108159138969	1216
-0.04522376365631	0.406159618358576	431
-0.0454111055683599	0.406108159138969	268
-0.04522376365631	0.406159618358576	66
-0.0454111055683599	0.406108159138969	66
-0.04522376365631	0.406159618358576	1076
-0.0454111055683599	0.406108159138969	1076
-0.0454111055683599	0.406108159138969	1076
-0.04522376365631	0.406159618358576	1076
-0.04522376365631	0.406159618358576	134
-0.0454111055683599	0.406108159138969	422
-0.04522376365631	0.406159618358576	422
-0.0454111055683599	0.406108159138969	422
-0.0454111055683599	0.406108159138969	422
-0.0454111055683599	0.406108159138969	422
-0.04522376365631	0.406159618358576	422
-0.0454111055683599	0.406108159138969	422
-0.04522376365631	0.406159618358576	422
-0.06555072674751	0.752836446371321	24
0.0668223144935201	0.983497164001226	24
0.0602805977454901	0.956269465427265	151
0.0775052234037601	0.960415524300744	120
-0.0805344456027799	0.755559929122587	1208
-0.0454111055683599	0.406108159138969	142
-0.0693202809442	0.7576566965492	451
-0.087368015194	0.747846250547373	1843
-0.07491177099641	0.761062662410459	587
-0.04522376365631	0.406159618358576	775
-0.04522376365631	0.406159618358576	50
-0.04522376365631	0.406159618358576	1216
-0.0454111055683599	0.406108159138969	431
-0.0454111055683599	0.406108159138969	2404
-0.06907301713506	0.753429338745028	273
-0.0454111055683599	0.406108159138969	273
-0.04522376365631	0.406159618358576	66
-0.0501273146083801	0.40572439661199	66
-0.04522376365631	0.406159618358576	1076
-0.0454111055683599	0.406108159138969	1076
-0.0454111055683599	0.406108159138969	1408
-0.04522376365631	0.406159618358576	2693
-0.04522376365631	0.406159618358576	1618
-0.0454111055683599	0.406108159138969	422
-0.04522376365631	0.406159618358576	422
-0.0454111055683599	0.406108159138969	422
-0.0454111055683599	0.406108159138969	422
-0.04522376365631	0.406159618358576	422
-0.09152710079144	1.66030947009203	84
-0.0937395976086799	1.18313028974724	118
-0.06672391556845	0.755139764558434	151
0.09348306397218	1.68991350285988	120
-0.0639861075511099	0.750093739397359	142
-0.06555072674751	0.752836446371321	142
-0.07255880756041	0.753613125904852	1843
0.0708064794577601	0.966270157563041	1809
-0.0681459332729899	0.757477944035012	1378
-0.0454111055683599	0.406108159138969	50
-0.04522376365631	0.406159618358576	1216
-0.0454111055683599	0.406108159138969	431
-0.0454111055683599	0.406108159138969	273
-0.04522376365631	0.406159618358576	115
-0.04522376365631	0.406159618358576	115
-0.04522376365631	0.406159618358576	115
-0.04522376365631	0.406159618358576	422
-0.0501273146083801	0.40572439661199	422
-0.04522376365631	0.406159618358576	422
-0.04522376365631	0.406159618358576	422
-0.04522376365631	0.406159618358576	422
-0.04522376365631	0.406159618358576	422
0.0230562590565699	1.4381607349706	24
-0.0693202809442	0.7576566965492	742
0.0248100583489399	1.43129136473666	3161
0.07307407605491	0.973200620856142	2617
-0.0454111055683599	0.406108159138969	142
-0.04522376365631	0.406159618358576	2138
-0.06672391556845	0.755139764558434	18
-0.04522376365631	0.406159618358576	2159
-0.04522376365631	0.406159618358576	431
-0.0454111055683599	0.406108159138969	431
-0.0791215786258901	0.753267407814952	431
-0.04522376365631	0.406159618358576	273
-0.0832253894698301	0.737890358466825	66
-0.0454111055683599	0.406108159138969	2693
-0.04522376365631	0.406159618358576	1618
-0.0454111055683599	0.406108159138969	1618
-0.04522376365631	0.406159618358576	422
-0.0454111055683599	0.406108159138969	422
-0.04522376365631	0.406159618358576	115
-0.0454111055683599	0.406108159138969	422
-0.04522376365631	0.406159618358576	422
-0.0501273146083801	0.40572439661199	422
-0.04522376365631	0.406159618358576	422
-0.0454111055683599	0.406108159138969	422
-0.04522376365631	0.406159618358576	422
-0.0454111055683599	0.406108159138969	422
-0.04522376365631	0.406159618358576	422
-0.0454111055683599	0.406108159138969	422
-0.04522376365631	0.406159618358576	422
-0.04522376365631	0.406159618358576	422
-0.04522376365631	0.406159618358576	422
-0.07491177099641	0.761062662410459	24
0.01921589439755	1.85056333595325	118
-0.06672391556845	0.755139764558434	118
-0.0805344456027799	0.755559929122587	118
0.00912976869431992	1.40584352577857	151
-0.07943795036415	1.60342310332947	151
-0.09058503146372	1.18029718433957	120
-0.0791889947200899	1.62187122544467	804
-0.0693202809442	0.7576566965492	142
-0.04522376365631	0.406159618358576	822
-0.07349417803259	0.758718061977533	451
-0.0454111055683599	0.406108159138969	587
-0.04522376365631	0.406159618358576	73
-0.0454111055683599	0.406108159138969	2159
-0.04522376365631	0.406159618358576	273
-0.04522376365631	0.406159618358576	273
-0.04522376365631	0.406159618358576	66
-0.04522376365631	0.406159618358576	923
-0.04522376365631	0.406159618358576	66
-0.0454111055683599	0.406108159138969	66
-0.0454111055683599	0.406108159138969	2508
-0.0501273146083801	0.40572439661199	1408
-0.0454111055683599	0.406108159138969	134
-0.0681459332729899	0.757477944035012	3312
-0.0454111055683599	0.406108159138969	1618
-0.04522376365631	0.406159618358576	115
-0.04522376365631	0.406159618358576	422
-0.0454111055683599	0.406108159138969	422
-0.04522376365631	0.406159618358576	422
-0.04522376365631	0.406159618358576	422
-0.0454111055683599	0.406108159138969	422
-0.0454111055683599	0.406108159138969	422
-0.04522376365631	0.406159618358576	422
-0.04522376365631	0.406159618358576	422
-0.0501273146083801	0.40572439661199	422
-0.0693202809442	0.7576566965492	24
-0.06555072674751	0.752836446371321	24
0.05740667605447	0.957479642053909	118
-0.0657999603608601	0.748722663220006	151
0.0611865749798	0.967189766533588	3161
-0.04522376365631	0.406159618358576	142
0.07307407605491	0.973200620856142	142
-0.0681459332729899	0.757477944035012	142
-0.04522376365631	0.406159618358576	43
-0.0693202809442	0.7576566965492	1809
-0.0681459332729899	0.757477944035012	50
-0.0454111055683599	0.406108159138969	2159
-0.0501273146083801	0.40572439661199	431
-0.0454111055683599	0.406108159138969	431
-0.0501273146083801	0.40572439661199	401
-0.0454111055683599	0.406108159138969	273
-0.0454111055683599	0.406108159138969	273
-0.04522376365631	0.406159618358576	66
-0.0454111055683599	0.406108159138969	66
-0.0454111055683599	0.406108159138969	2508
-0.0454111055683599	0.406108159138969	134
-0.0454111055683599	0.406108159138969	2508
-0.04522376365631	0.406159618358576	134
-0.04522376365631	0.406159618358576	1272
-0.04522376365631	0.406159618358576	1272
-0.0454111055683599	0.406108159138969	1272
-0.0454111055683599	0.406108159138969	3312
-0.04522376365631	0.406159618358576	1618
-0.0501273146083801	0.40572439661199	422
-0.0454111055683599	0.406108159138969	115
-0.04522376365631	0.406159618358576	2888
-0.04522376365631	0.406159618358576	115
-0.0454111055683599	0.406108159138969	115
-0.04522376365631	0.406159618358576	422
-0.04522376365631	0.406159618358576	1278
-0.0501273146083801	0.40572439661199	422
-0.0454111055683599	0.406108159138969	422
-0.04522376365631	0.406159618358576	422
-0.09369901935249	1.6382390553146	24
0.00514445815153009	2.21314336951313	24
-0.0974215164396299	1.19303792723712	118
-0.07794229325279	0.748270130099481	1208
-0.0454111055683599	0.406108159138969	142
-0.08925764418712	1.16428440589755	822
-0.0454111055683599	0.406108159138969	43
-0.0454111055683599	0.406108159138969	9
-0.0681459332729899	0.757477944035012	9
-0.0454111055683599	0.406108159138969	18
-0.0454111055683599	0.406108159138969	431
-0.04522376365631	0.406159618358576	431
-0.04522376365631	0.406159618358576	431
-0.04522376365631	0.406159618358576	2508
-0.0454111055683599	0.406108159138969	2508
-0.04522376365631	0.406159618358576	1408
-0.0454111055683599	0.406108159138969	1408
-0.06555072674751	0.752836446371321	1341
-0.04522376365631	0.406159618358576	1341
-0.04522376365631	0.406159618358576	1618
-0.0501273146083801	0.40572439661199	422
-0.04522376365631	0.406159618358576	2888
-0.04522376365631	0.406159618358576	2888
-0.0454111055683599	0.406108159138969	115
-0.0454111055683599	0.406108159138969	115
-0.04522376365631	0.406159618358576	422
-0.0454111055683599	0.406108159138969	422
-0.04522376365631	0.406159618358576	422
-0.04522376365631	0.406159618358576	422
-0.0454111055683599	0.406108159138969	422
-0.04522376365631	0.406159618358576	422
-0.0454111055683599	0.406108159138969	351
-0.0454111055683599	0.406108159138969	422
-0.04522376365631	0.406159618358576	422
0.0668223144935201	0.983497164001226	118
0.0697100796360299	0.968169367754122	120
-0.0695819856169599	0.753456397420435	142
-0.0639861075511099	0.750093739397359	142
-0.0669724935203899	0.755161927952963	903
-0.06281284079462	0.749911386602174	2138
-0.07491177099641	0.761062662410459	2138
-0.04522376365631	0.406159618358576	874
-0.04522376365631	0.406159618358576	9
-0.04522376365631	0.406159618358576	18
-0.0941833878804501	1.16513821847828	431
-0.04522376365631	0.406159618358576	431
-0.0501273146083801	0.40572439661199	510
-0.0454111055683599	0.406108159138969	66
-0.04522376365631	0.406159618358576	66
-0.0501273146083801	0.40572439661199	2508
-0.0501273146083801	0.40572439661199	1341
-0.04522376365631	0.406159618358576	115
-0.04522376365631	0.406159618358576	2888
-0.0454111055683599	0.406108159138969	115
-0.04522376365631	0.406159618358576	422
-0.0454111055683599	0.406108159138969	422
-0.04522376365631	0.406159618358576	422
-0.0501273146083801	0.40572439661199	351
-0.0454111055683599	0.406108159138969	422
-0.0454111055683599	0.406108159138969	422
-0.0501273146083801	0.40572439661199	253
-0.0969342339058901	1.17311291458928	24
-0.06840613866815	0.751938577957193	118
-0.0695819856169599	0.753456397420435	368
-0.0978270151196701	1.18302894844642	118
0.01594762982822	1.44496000561544	120
-0.0501273146083801	0.40572439661199	120
-0.0454111055683599	0.406108159138969	142
-0.04522376365631	0.406159618358576	2936
-0.04522376365631	0.406159618358576	2408
-0.07491177099641	0.761062662410459	98
-0.04522376365631	0.406159618358576	451
-0.04522376365631	0.406159618358576	43
-0.0454111055683599	0.406108159138969	451
-0.10282668579318	1.17937643768039	1809
-0.0693202809442	0.7576566965492	1809
-0.0454111055683599	0.406108159138969	9
-0.04522376365631	0.406159618358576	9
-0.0454111055683599	0.406108159138969	9
-0.04522376365631	0.406159618358576	1016
-0.04522376365631	0.406159618358576	9
-0.0454111055683599	0.406108159138969	50
-0.0454111055683599	0.406108159138969	431
-0.04522376365631	0.406159618358576	510
-0.04522376365631	0.406159618358576	172
-0.0501273146083801	0.40572439661199	172
-0.0501273146083801	0.40572439661199	1521
-0.0454111055683599	0.406108159138969	66
-0.0454111055683599	0.406108159138969	923
-0.0454111055683599	0.406108159138969	2508
-0.0454111055683599	0.406108159138969	2508
-0.04522376365631	0.406159618358576	1408
-0.04522376365631	0.406159618358576	134
-0.0454111055683599	0.406108159138969	1618
-0.0501273146083801	0.40572439661199	1618
-0.0454111055683599	0.406108159138969	1618
-0.0454111055683599	0.406108159138969	1618
-0.04522376365631	0.406159618358576	2980
-0.0501273146083801	0.40572439661199	2869
-0.0454111055683599	0.406108159138969	422
-0.0501273146083801	0.40572439661199	422
-0.04522376365631	0.406159618358576	422
-0.04522376365631	0.406159618358576	422
-0.04522376365631	0.406159618358576	422
-0.04522376365631	0.406159618358576	422
-0.04522376365631	0.406159618358576	422
-0.0454111055683599	0.406108159138969	422
-0.0454111055683599	0.406108159138969	422
-0.04522376365631	0.406159618358576	422
-0.04522376365631	0.406159618358576	422
0.0790852853900399	0.953648211634204	24
-0.0681459332729899	0.757477944035012	118
-0.06907301713506	0.753429338745028	368
-0.04522376365631	0.406159618358576	151
-0.0501273146083801	0.40572439661199	118
-0.06555072674751	0.752836446371321	120
-0.07491177099641	0.761062662410459	120
-0.04522376365631	0.406159618358576	120
-0.04522376365631	0.406159618358576	3266
-0.04522376365631	0.406159618358576	1804
-0.04522376365631	0.406159618358576	142
-0.04522376365631	0.406159618358576	2936
-0.04522376365631	0.406159618358576	1366
-0.04522376365631	0.406159618358576	451
-0.0454111055683599	0.406108159138969	1545
-0.04522376365631	0.406159618358576	9
-0.0454111055683599	0.406108159138969	874
-0.0454111055683599	0.406108159138969	9
-0.0454111055683599	0.406108159138969	1137
-0.0454111055683599	0.406108159138969	1137
-0.04522376365631	0.406159618358576	1137
-0.04522376365631	0.406159618358576	50
-0.0454111055683599	0.406108159138969	431
-0.0454111055683599	0.406108159138969	510
-0.04522376365631	0.406159618358576	172
-0.0454111055683599	0.406108159138969	66
-0.0454111055683599	0.406108159138969	1521
-0.07049553786231	0.755751724984709	63
-0.04522376365631	0.406159618358576	2508
-0.04522376365631	0.406159618358576	134
-0.04522376365631	0.406159618358576	1408
-0.04522376365631	0.406159618358576	1408
-0.04522376365631	0.406159618358576	1408
-0.0454111055683599	0.406108159138969	1618
-0.04522376365631	0.406159618358576	1618
-0.04522376365631	0.406159618358576	1250
-0.04522376365631	0.406159618358576	2869
-0.0454111055683599	0.406108159138969	422
-0.04522376365631	0.406159618358576	422
-0.0454111055683599	0.406108159138969	422
-0.0454111055683599	0.406108159138969	422
0.0265039685491	1.43617215035543	24
0.0648941592652399	0.982457596208955	84
-0.07231749393078	0.757183848190581	118
-0.0501273146083801	0.40572439661199	368
-0.0454111055683599	0.406108159138969	151
-0.0501273146083801	0.40572439661199	120
-0.08148290036555	0.749444568565044	1804
-0.0454111055683599	0.406108159138969	142
-0.04522376365631	0.406159618358576	1666
-0.04522376365631	0.406159618358576	2
-0.0946592701003199	1.18902250169928	822
-0.0501273146083801	0.40572439661199	2730
-0.0454111055683599	0.406108159138969	412
-0.04522376365631	0.406159618358576	412
-0.0501273146083801	0.40572439661199	451
-0.0681459332729899	0.757477944035012	451
-0.0454111055683599	0.406108159138969	451
-0.0454111055683599	0.406108159138969	451
-0.0454111055683599	0.406108159138969	1507
0.07533943272924	0.958003669245657	9
-0.0454111055683599	0.406108159138969	1809
-0.0454111055683599	0.406108159138969	1545
-0.04522376365631	0.406159618358576	874
-0.0454111055683599	0.406108159138969	1880
-0.0454111055683599	0.406108159138969	2251
-0.0454111055683599	0.406108159138969	2251
-0.0454111055683599	0.406108159138969	2251
-0.0454111055683599	0.406108159138969	1137
-0.0454111055683599	0.406108159138969	50
-0.0501273146083801	0.40572439661199	431
-0.04522376365631	0.406159618358576	431
-0.0501273146083801	0.40572439661199	431
-0.04522376365631	0.406159618358576	431
-0.0454111055683599	0.406108159138969	431
-0.0454111055683599	0.406108159138969	431
-0.0454111055683599	0.406108159138969	510
-0.04522376365631	0.406159618358576	510
-0.0454111055683599	0.406108159138969	510
-0.04522376365631	0.406159618358576	510
-0.04522376365631	0.406159618358576	179
-0.04522376365631	0.406159618358576	63
-0.04522376365631	0.406159618358576	2508
-0.04522376365631	0.406159618358576	2508
-0.04522376365631	0.406159618358576	2508
-0.07349417803259	0.758718061977533	134
-0.04522376365631	0.406159618358576	134
-0.0454111055683599	0.406108159138969	134
-0.04522376365631	0.406159618358576	1618
-0.0454111055683599	0.406108159138969	1652
-0.04522376365631	0.406159618358576	1618
-0.04522376365631	0.406159618358576	1618
-0.04522376365631	0.406159618358576	2980
-0.0454111055683599	0.406108159138969	1250
-0.0454111055683599	0.406108159138969	1250
-0.04522376365631	0.406159618358576	422
-0.0454111055683599	0.406108159138969	422
-0.0454111055683599	0.406108159138969	422
-0.04522376365631	0.406159618358576	422
-0.0501273146083801	0.40572439661199	422
-0.04522376365631	0.406159618358576	422
-0.04522376365631	0.406159618358576	422
-0.0501273146083801	0.40572439661199	422
-0.04522376365631	0.406159618358576	422
-0.04522376365631	0.406159618358576	422
-0.10282668579318	1.17937643768039	118
-0.04522376365631	0.406159618358576	151
-0.07491177099641	0.761062662410459	120
-0.04522376365631	0.406159618358576	1804
-0.04522376365631	0.406159618358576	142
-0.0454111055683599	0.406108159138969	412
-0.0501273146083801	0.40572439661199	451
-0.0454111055683599	0.406108159138969	1507
-0.04522376365631	0.406159618358576	9
-0.04522376365631	0.406159618358576	874
-0.0454111055683599	0.406108159138969	9
-0.0454111055683599	0.406108159138969	9
-0.0454111055683599	0.406108159138969	73
-0.04522376365631	0.406159618358576	1137
-0.04522376365631	0.406159618358576	50
-0.0454111055683599	0.406108159138969	50
-0.04522376365631	0.406159618358576	431
-0.04522376365631	0.406159618358576	431
-0.04522376365631	0.406159618358576	172
-0.0454111055683599	0.406108159138969	66
-0.0454111055683599	0.406108159138969	66
-0.0454111055683599	0.406108159138969	63
-0.0454111055683599	0.406108159138969	63
-0.0454111055683599	0.406108159138969	63
-0.04522376365631	0.406159618358576	2707
-0.04522376365631	0.406159618358576	1408
-0.04522376365631	0.406159618358576	134
-0.0454111055683599	0.406108159138969	2202
-0.0454111055683599	0.406108159138969	2980
-0.06555072674751	0.752836446371321	2980
-0.0454111055683599	0.406108159138969	2980
-0.04522376365631	0.406159618358576	422
-0.0454111055683599	0.406108159138969	422
-0.0454111055683599	0.406108159138969	2870
-0.04522376365631	0.406159618358576	2680
-0.04522376365631	0.406159618358576	422
-0.0454111055683599	0.406108159138969	422
-0.04522376365631	0.406159618358576	422
-0.0454111055683599	0.406108159138969	422
-0.04522376365631	0.406159618358576	422
-0.0454111055683599	0.406108159138969	422
-0.04522376365631	0.406159618358576	422
-0.0454111055683599	0.406108159138969	422
-0.04522376365631	0.406159618358576	422
-0.0454111055683599	0.406108159138969	422
-0.0454111055683599	0.406108159138969	24
-0.07491177099641	0.761062662410459	844
-0.0501273146083801	0.40572439661199	118
-0.07349417803259	0.758718061977533	118
-0.04522376365631	0.406159618358576	118
-0.04522376365631	0.406159618358576	118
-0.04522376365631	0.406159618358576	120
-0.0454111055683599	0.406108159138969	120
-0.04522376365631	0.406159618358576	120
-0.04522376365631	0.406159618358576	142
-0.0711417211845999	0.751312028200316	3301
0.0210935270717101	1.44232300962717	2
-0.04522376365631	0.406159618358576	98
-0.0454111055683599	0.406108159138969	412
-0.04522376365631	0.406159618358576	9
-0.0454111055683599	0.406108159138969	874
-0.04522376365631	0.406159618358576	2251
-0.04522376365631	0.406159618358576	1232
-0.0454111055683599	0.406108159138969	18
-0.04522376365631	0.406159618358576	1739
-0.04522376365631	0.406159618358576	1137
-0.04522376365631	0.406159618358576	1137
-0.04522376365631	0.406159618358576	50
-0.0501273146083801	0.40572439661199	3412
-0.04522376365631	0.406159618358576	401
-0.04522376365631	0.406159618358576	179
-0.04522376365631	0.406159618358576	66
-0.0454111055683599	0.406108159138969	66
-0.04522376365631	0.406159618358576	63
-0.0454111055683599	0.406108159138969	66
-0.04522376365631	0.406159618358576	63
-0.0454111055683599	0.406108159138969	1162
-0.0501273146083801	0.40572439661199	1162
-0.0454111055683599	0.406108159138969	1162
-0.0454111055683599	0.406108159138969	1408
-0.0454111055683599	0.406108159138969	2399
-0.0454111055683599	0.406108159138969	2202
-0.04522376365631	0.406159618358576	1652
-0.04522376365631	0.406159618358576	2980
-0.0454111055683599	0.406108159138969	2870
-0.04522376365631	0.406159618358576	351
-0.0454111055683599	0.406108159138969	2680
-0.04522376365631	0.406159618358576	422
-0.0501273146083801	0.40572439661199	422
-0.04522376365631	0.406159618358576	422
-0.0454111055683599	0.406108159138969	422
-0.0681459332729899	0.757477944035012	24
-0.06672391556845	0.755139764558434	118
-0.06437844413432	0.746436419448748	118
-0.04522376365631	0.406159618358576	151
-0.04522376365631	0.406159618358576	109
-0.0501273146083801	0.40572439661199	151
-0.07349417803259	0.758718061977533	118
-0.07349417803259	0.758718061977533	118
-0.06789801192182	0.755319680676232	118
-0.04522376365631	0.406159618358576	120
-0.0454111055683599	0.406108159138969	142
-0.04522376365631	0.406159618358576	142
-0.04522376365631	0.406159618358576	1302
-0.04522376365631	0.406159618358576	1302
-0.04522376365631	0.406159618358576	412
-0.04522376365631	0.406159618358576	3614
-0.0454111055683599	0.406108159138969	1267
-0.0454111055683599	0.406108159138969	187
-0.0454111055683599	0.406108159138969	187
-0.0454111055683599	0.406108159138969	1165
-0.0501273146083801	0.40572439661199	1165
-0.04522376365631	0.406159618358576	874
-0.0454111055683599	0.406108159138969	1016
-0.04522376365631	0.406159618358576	2251
-0.0454111055683599	0.406108159138969	2251
-0.04522376365631	0.406159618358576	1232
-0.0454111055683599	0.406108159138969	1739
-0.0454111055683599	0.406108159138969	1739
-0.04522376365631	0.406159618358576	50
-0.04522376365631	0.406159618358576	50
-0.04522376365631	0.406159618358576	50
-0.0454111055683599	0.406108159138969	431
-0.04522376365631	0.406159618358576	431
-0.04522376365631	0.406159618358576	431
-0.04522376365631	0.406159618358576	431
-0.04522376365631	0.406159618358576	431
-0.0693202809442	0.7576566965492	431
-0.04522376365631	0.406159618358576	172
-0.0454111055683599	0.406108159138969	172
-0.04522376365631	0.406159618358576	1521
-0.0501273146083801	0.40572439661199	1521
-0.0501273146083801	0.40572439661199	66
-0.04522376365631	0.406159618358576	66
-0.04522376365631	0.406159618358576	63
-0.0454111055683599	0.406108159138969	63
-0.04522376365631	0.406159618358576	63
-0.04522376365631	0.406159618358576	1162
-0.0454111055683599	0.406108159138969	1408
-0.04522376365631	0.406159618358576	1408
-0.0454111055683599	0.406108159138969	1408
-0.0454111055683599	0.406108159138969	1408
-0.04522376365631	0.406159618358576	1408
-0.04522376365631	0.406159618358576	2399
-0.04522376365631	0.406159618358576	2399
-0.0454111055683599	0.406108159138969	134
-0.0501273146083801	0.40572439661199	1652
-0.04522376365631	0.406159618358576	1652
-0.04522376365631	0.406159618358576	1652
-0.04522376365631	0.406159618358576	134
-0.04522376365631	0.406159618358576	1184
-0.04522376365631	0.406159618358576	422
-0.04522376365631	0.406159618358576	422
-0.0501273146083801	0.40572439661199	422
-0.0454111055683599	0.406108159138969	422
-0.04522376365631	0.406159618358576	422
-0.04522376365631	0.406159618358576	422
-0.0501273146083801	0.40572439661199	422
-0.0454111055683599	0.406108159138969	422
-0.0454111055683599	0.406108159138969	422
-0.0454111055683599	0.406108159138969	24
-0.087368015194	0.747846250547373	24
-0.0681459332729899	0.757477944035012	151
-0.06840613866815	0.751938577957193	109
-0.04522376365631	0.406159618358576	120
0.0702889964744899	0.968480536472583	142
-0.0454111055683599	0.406108159138969	142
-0.0803017805483299	0.753586690030118	139
-0.0657999603608601	0.748722663220006	2
-0.04522376365631	0.406159618358576	98
-0.04522376365631	0.406159618358576	412
-0.06672391556845	0.755139764558434	3614
-0.0454111055683599	0.406108159138969	874
-0.07049553786231	0.755751724984709	874
-0.0454111055683599	0.406108159138969	1940
-0.0454111055683599	0.406108159138969	50
-0.04522376365631	0.406159618358576	50
-0.0501273146083801	0.40572439661199	50
-0.0454111055683599	0.406108159138969	510
-0.04522376365631	0.406159618358576	510
-0.0501273146083801	0.40572439661199	172
-0.0454111055683599	0.406108159138969	66
-0.04522376365631	0.406159618358576	66
-0.0454111055683599	0.406108159138969	441
-0.04522376365631	0.406159618358576	441
-0.04522376365631	0.406159618358576	1162
-0.04522376365631	0.406159618358576	1162
-0.0454111055683599	0.406108159138969	1162
-0.0454111055683599	0.406108159138969	1408
-0.04522376365631	0.406159618358576	1408
-0.04522376365631	0.406159618358576	2399
-0.04522376365631	0.406159618358576	134
-0.0501273146083801	0.40572439661199	1652
-0.04522376365631	0.406159618358576	1652
-0.0454111055683599	0.406108159138969	422
-0.0454111055683599	0.406108159138969	422
-0.0454111055683599	0.406108159138969	422
-0.04522376365631	0.406159618358576	422
-0.0454111055683599	0.406108159138969	422
-0.04522376365631	0.406159618358576	422
-0.04522376365631	0.406159618358576	422
-0.04522376365631	0.406159618358576	422
-0.0454111055683599	0.406108159138969	422
-0.04522376365631	0.406159618358576	422
-0.04522376365631	0.406159618358576	422
0.0624828573262901	0.975155730595229	118
-0.0752082556493501	0.748101761838019	118
-0.0695819856169599	0.753456397420435	118
-0.0454111055683599	0.406108159138969	118
-0.0616404802900501	0.747635014309802	118
-0.0501273146083801	0.40572439661199	142
0.0698402279094099	0.965899692694998	2
-0.04522376365631	0.406159618358576	412
-0.04522376365631	0.406159618358576	451
-0.07255880756041	0.753613125904852	187
-0.0454111055683599	0.406108159138969	1940
-0.04522376365631	0.406159618358576	1539
-0.0501273146083801	0.40572439661199	1232
-0.04522376365631	0.406159618358576	1739
-0.0454111055683599	0.406108159138969	50
-0.0454111055683599	0.406108159138969	431
-0.04522376365631	0.406159618358576	431
-0.0454111055683599	0.406108159138969	179
-0.04522376365631	0.406159618358576	1521
-0.0454111055683599	0.406108159138969	1521
-0.0454111055683599	0.406108159138969	1521
-0.0454111055683599	0.406108159138969	66
-0.0454111055683599	0.406108159138969	63
-0.04522376365631	0.406159618358576	441
-0.0454111055683599	0.406108159138969	63
-0.0454111055683599	0.406108159138969	743
-0.0454111055683599	0.406108159138969	1162
-0.04522376365631	0.406159618358576	1162
-0.04522376365631	0.406159618358576	1162
-0.04522376365631	0.406159618358576	1408
-0.0501273146083801	0.40572439661199	134
-0.0454111055683599	0.406108159138969	1652
-0.04522376365631	0.406159618358576	1652
-0.0454111055683599	0.406108159138969	1652
-0.0454111055683599	0.406108159138969	1652
-0.04522376365631	0.406159618358576	422
-0.0454111055683599	0.406108159138969	422
-0.0501273146083801	0.40572439661199	422
-0.0454111055683599	0.406108159138969	422
-0.04522376365631	0.406159618358576	422
-0.0454111055683599	0.406108159138969	422
-0.0454111055683599	0.406108159138969	422
-0.04522376365631	0.406159618358576	422
-0.04522376365631	0.406159618358576	422
-0.0454111055683599	0.406108159138969	422
-0.0454111055683599	0.406108159138969	422
-0.04522376365631	0.406159618358576	422
-0.04522376365631	0.406159618358576	422
-0.04522376365631	0.406159618358576	422
-0.0454111055683599	0.406108159138969	118
0.0781246432709799	0.95821144455975	151
-0.0711417211845999	0.751312028200316	120
-0.0454111055683599	0.406108159138969	3426
-0.0454111055683599	0.406108159138969	3426
-0.04522376365631	0.406159618358576	412
-0.0454111055683599	0.406108159138969	451
-0.04522376365631	0.406159618358576	451
-0.04522376365631	0.406159618358576	1539
-0.0501273146083801	0.40572439661199	1739
-0.04522376365631	0.406159618358576	1739
-0.04522376365631	0.406159618358576	73
-0.04522376365631	0.406159618358576	73
-0.04522376365631	0.406159618358576	73
-0.04522376365631	0.406159618358576	3412
-0.0454111055683599	0.406108159138969	431
-0.04522376365631	0.406159618358576	510
-0.0454111055683599	0.406108159138969	27
-0.0501273146083801	0.40572439661199	3222
-0.0454111055683599	0.406108159138969	66
-0.04522376365631	0.406159618358576	63
-0.04522376365631	0.406159618358576	63
-0.0454111055683599	0.406108159138969	63
-0.0454111055683599	0.406108159138969	63
-0.0501273146083801	0.40572439661199	2707
-0.0454111055683599	0.406108159138969	1162
-0.0454111055683599	0.406108159138969	1162
-0.0454111055683599	0.406108159138969	1408
-0.0454111055683599	0.406108159138969	134
-0.04522376365631	0.406159618358576	1652
-0.0454111055683599	0.406108159138969	134
-0.0454111055683599	0.406108159138969	422
-0.0454111055683599	0.406108159138969	422
-0.0501273146083801	0.40572439661199	422
-0.0454111055683599	0.406108159138969	422
-0.04522376365631	0.406159618358576	422
-0.0454111055683599	0.406108159138969	422
-0.0454111055683599	0.406108159138969	422
-0.04522376365631	0.406159618358576	422
-0.04522376365631	0.406159618358576	422
-0.0454111055683599	0.406108159138969	422
-0.0454111055683599	0.406108159138969	422
-0.04522376365631	0.406159618358576	422
-0.0454111055683599	0.406108159138969	422
-0.10558802806402	1.17488966568662	24
0.0718688253178801	0.968860626085677	24
-0.04522376365631	0.406159618358576	151
-0.04522376365631	0.406159618358576	151
-0.0454111055683599	0.406108159138969	868
-0.0454111055683599	0.406108159138969	118
-0.08171490361416	0.755879019504499	118
-0.09650022894982	1.19363907993218	120
-0.0746717748247101	0.757687975137559	120
-0.0501273146083801	0.40572439661199	142
-0.0454111055683599	0.406108159138969	142
-0.04522376365631	0.406159618358576	420
-0.0501273146083801	0.40572439661199	412
-0.0669724935203899	0.755161927952963	451
-0.04522376365631	0.406159618358576	187
-0.0501273146083801	0.40572439661199	187
-0.04522376365631	0.406159618358576	9
-0.04522376365631	0.406159618358576	1739
-0.0454111055683599	0.406108159138969	431
-0.04522376365631	0.406159618358576	73
-0.0454111055683599	0.406108159138969	73
-0.04522376365631	0.406159618358576	885
-0.04522376365631	0.406159618358576	431
-0.04522376365631	0.406159618358576	431
-0.04522376365631	0.406159618358576	431
-0.0454111055683599	0.406108159138969	431
-0.04522376365631	0.406159618358576	431
-0.06555072674751	0.752836446371321	431
-0.04522376365631	0.406159618358576	510
-0.04522376365631	0.406159618358576	510
-0.04522376365631	0.406159618358576	27
-0.04522376365631	0.406159618358576	3222
-0.0454111055683599	0.406108159138969	63
-0.0454111055683599	0.406108159138969	63
-0.04522376365631	0.406159618358576	63
-0.04522376365631	0.406159618358576	63
-0.0501273146083801	0.40572439661199	2707
-0.04522376365631	0.406159618358576	1162
-0.04522376365631	0.406159618358576	1162
-0.04522376365631	0.406159618358576	1408
-0.0454111055683599	0.406108159138969	1408
-0.0501273146083801	0.40572439661199	134
-0.0454111055683599	0.406108159138969	1652
-0.04522376365631	0.406159618358576	1652
-0.0454111055683599	0.406108159138969	2014
-0.04522376365631	0.406159618358576	177
-0.04522376365631	0.406159618358576	422
-0.0454111055683599	0.406108159138969	422
-0.04522376365631	0.406159618358576	422
-0.04522376365631	0.406159618358576	422
-0.04522376365631	0.406159618358576	422
-0.0454111055683599	0.406108159138969	422
-0.04522376365631	0.406159618358576	422
-0.04522376365631	0.406159618358576	422
-0.04522376365631	0.406159618358576	422
-0.04522376365631	0.406159618358576	422
-0.0501273146083801	0.40572439661199	422
-0.04522376365631	0.406159618358576	422
-0.0454111055683599	0.406108159138969	422
-0.04522376365631	0.406159618358576	253
-0.04522376365631	0.406159618358576	109
-0.07373483340545	0.759520768730619	109
-0.06672391556845	0.755139764558434	151
-0.04522376365631	0.406159618358576	120
-0.04522376365631	0.406159618358576	120
-0.0681459332729899	0.757477944035012	142
-0.04522376365631	0.406159618358576	142
-0.04522376365631	0.406159618358576	2
-0.0501273146083801	0.40572439661199	1302
-0.0454111055683599	0.406108159138969	3426
-0.04522376365631	0.406159618358576	451
-0.06907301713506	0.753429338745028	451
-0.0454111055683599	0.406108159138969	451
-0.0501273146083801	0.40572439661199	9
-0.04522376365631	0.406159618358576	874
-0.0454111055683599	0.406108159138969	547
-0.04522376365631	0.406159618358576	547
-0.04522376365631	0.406159618358576	1739
-0.04522376365631	0.406159618358576	1739
0.02419597220226	1.43566366894151	885
-0.04522376365631	0.406159618358576	3412
-0.0454111055683599	0.406108159138969	431
-0.04522376365631	0.406159618358576	431
-0.04522376365631	0.406159618358576	431
-0.04522376365631	0.406159618358576	431
-0.04522376365631	0.406159618358576	431
-0.06907301713506	0.753429338745028	431
-0.04522376365631	0.406159618358576	510
-0.0501273146083801	0.40572439661199	172
-0.0454111055683599	0.406108159138969	1896
-0.04522376365631	0.406159618358576	1521
-0.0454111055683599	0.406108159138969	3222
-0.0454111055683599	0.406108159138969	66
-0.0501273146083801	0.40572439661199	63
-0.0501273146083801	0.40572439661199	63
-0.0454111055683599	0.406108159138969	1162
-0.0454111055683599	0.406108159138969	1162
-0.0454111055683599	0.406108159138969	1408
-0.04522376365631	0.406159618358576	1408
-0.04522376365631	0.406159618358576	204
-0.04522376365631	0.406159618358576	1652
-0.0454111055683599	0.406108159138969	422
-0.04522376365631	0.406159618358576	422
-0.04522376365631	0.406159618358576	422
-0.0454111055683599	0.406108159138969	422
-0.0454111055683599	0.406108159138969	351
-0.0454111055683599	0.406108159138969	422
-0.0454111055683599	0.406108159138969	422
-0.04522376365631	0.406159618358576	422
-0.0454111055683599	0.406108159138969	351
-0.04522376365631	0.406159618358576	422
-0.0454111055683599	0.406108159138969	422
-0.0454111055683599	0.406108159138969	422
-0.0864903716660499	1.6543005269084	24
-0.04522376365631	0.406159618358576	3006
-0.04522376365631	0.406159618358576	151
-0.0693202809442	0.7576566965492	120
-0.0454111055683599	0.406108159138969	120
-0.04522376365631	0.406159618358576	120
-0.04522376365631	0.406159618358576	445
-0.04522376365631	0.406159618358576	658
-0.08171490361416	0.755879019504499	187
0.10382976444897	1.67056940224125	874
-0.04522376365631	0.406159618358576	547
-0.04522376365631	0.406159618358576	431
-0.0454111055683599	0.406108159138969	885
-0.04522376365631	0.406159618358576	885
-0.0454111055683599	0.406108159138969	431
-0.0454111055683599	0.406108159138969	431
-0.0454111055683599	0.406108159138969	431
-0.0454111055683599	0.406108159138969	510
-0.04522376365631	0.406159618358576	510
-0.0454111055683599	0.406108159138969	27
-0.0454111055683599	0.406108159138969	172
-0.0501273146083801	0.40572439661199	172
-0.0454111055683599	0.406108159138969	3222
-0.0454111055683599	0.406108159138969	66
-0.0454111055683599	0.406108159138969	1528
-0.04522376365631	0.406159618358576	2556
-0.04522376365631	0.406159618358576	1408
-0.04522376365631	0.406159618358576	204
-0.0454111055683599	0.406108159138969	204
-0.0454111055683599	0.406108159138969	1652
-0.0501273146083801	0.40572439661199	1652
-0.0454111055683599	0.406108159138969	134
-0.04522376365631	0.406159618358576	177
-0.04522376365631	0.406159618358576	177
-0.0454111055683599	0.406108159138969	422
-0.04522376365631	0.406159618358576	422
-0.0454111055683599	0.406108159138969	422
-0.0454111055683599	0.406108159138969	422
-0.04522376365631	0.406159618358576	422
-0.04522376365631	0.406159618358576	351
-0.04522376365631	0.406159618358576	351
0.00511506897151004	1.42037561839924	24
-0.07608962166886	0.760023550642785	3006
-0.06840613866815	0.751938577957193	3006
-0.0454111055683599	0.406108159138969	151
-0.0454111055683599	0.406108159138969	120
-0.0454111055683599	0.406108159138969	372
-0.04522376365631	0.406159618358576	1
-0.04522376365631	0.406159618358576	1
-0.0454111055683599	0.406108159138969	420
-0.04522376365631	0.406159618358576	451
-0.0454111055683599	0.406108159138969	187
-0.0454111055683599	0.406108159138969	1165
-0.0454111055683599	0.406108159138969	547
-0.0454111055683599	0.406108159138969	9
-0.0501273146083801	0.40572439661199	431
-0.0454111055683599	0.406108159138969	431
-0.0454111055683599	0.406108159138969	516
-0.0454111055683599	0.406108159138969	431
-0.0454111055683599	0.406108159138969	27
-0.0501273146083801	0.40572439661199	3594
-0.04522376365631	0.406159618358576	1521
-0.0454111055683599	0.406108159138969	1521
-0.04522376365631	0.406159618358576	3222
-0.04522376365631	0.406159618358576	66
-0.04522376365631	0.406159618358576	63
-0.04522376365631	0.406159618358576	1528
-0.0454111055683599	0.406108159138969	1528
-0.0454111055683599	0.406108159138969	63
-0.0454111055683599	0.406108159138969	1408
-0.07255880756041	0.753613125904852	832
-0.0791215786258901	0.753267407814952	204
-0.04522376365631	0.406159618358576	204
-0.0501273146083801	0.40572439661199	177
-0.0454111055683599	0.406108159138969	422
-0.0501273146083801	0.40572439661199	422
-0.0454111055683599	0.406108159138969	422
-0.04522376365631	0.406159618358576	422
-0.0454111055683599	0.406108159138969	422
-0.0501273146083801	0.40572439661199	1368
-0.04522376365631	0.406159618358576	422
-0.0501273146083801	0.40572439661199	761
-0.04522376365631	0.406159618358576	761
-0.10190600201428	1.17685791366758	24
-0.0454111055683599	0.406108159138969	109
-0.04522376365631	0.406159618358576	458
-0.04522376365631	0.406159618358576	547
-0.0501273146083801	0.40572439661199	547
-0.04522376365631	0.406159618358576	431
-0.0454111055683599	0.406108159138969	431
-0.04522376365631	0.406159618358576	431
-0.0454111055683599	0.406108159138969	27
-0.04522376365631	0.406159618358576	1521
-0.04522376365631	0.406159618358576	1521
-0.0454111055683599	0.406108159138969	63
-0.0454111055683599	0.406108159138969	63
-0.0454111055683599	0.406108159138969	63
-0.0454111055683599	0.406108159138969	63
-0.0669724935203899	0.755161927952963	3327
-0.04522376365631	0.406159618358576	832
-0.0454111055683599	0.406108159138969	204
-0.04522376365631	0.406159618358576	134
-0.0454111055683599	0.406108159138969	1652
-0.04522376365631	0.406159618358576	2014
-0.0501273146083801	0.40572439661199	422
-0.04522376365631	0.406159618358576	422
-0.0454111055683599	0.406108159138969	422
-0.0454111055683599	0.406108159138969	422
-0.04522376365631	0.406159618358576	1368
-0.04522376365631	0.406159618358576	422
-0.04522376365631	0.406159618358576	761
-0.0501273146083801	0.40572439661199	761
-0.04522376365631	0.406159618358576	761
-0.04522376365631	0.406159618358576	761
-0.0454111055683599	0.406108159138969	761
-0.04522376365631	0.406159618358576	761
-0.0454111055683599	0.406108159138969	422
-0.04522376365631	0.406159618358576	109
-0.0693202809442	0.7576566965492	118
0.0582975094592899	0.971557681138923	372
-0.0973444642785299	1.17452525511356	372
-0.07049553786231	0.755751724984709	120
-0.04522376365631	0.406159618358576	372
-0.0454111055683599	0.406108159138969	9
-0.04522376365631	0.406159618358576	9
-0.0501273146083801	0.40572439661199	9
-0.0501273146083801	0.40572439661199	431
-0.0454111055683599	0.406108159138969	431
-0.04522376365631	0.406159618358576	27
-0.0454111055683599	0.406108159138969	3527
-0.04522376365631	0.406159618358576	3527
-0.0454111055683599	0.406108159138969	1521
-0.04522376365631	0.406159618358576	63
-0.0693202809442	0.7576566965492	3327
-0.04522376365631	0.406159618358576	204
-0.0501273146083801	0.40572439661199	204
-0.04522376365631	0.406159618358576	177
-0.0454111055683599	0.406108159138969	422
-0.04522376365631	0.406159618358576	422
-0.0454111055683599	0.406108159138969	422
-0.0454111055683599	0.406108159138969	422
-0.0501273146083801	0.40572439661199	422
-0.0454111055683599	0.406108159138969	422
-0.0501273146083801	0.40572439661199	422
-0.04522376365631	0.406159618358576	761
-0.04522376365631	0.406159618358576	422
-0.04522376365631	0.406159618358576	157
-0.0454111055683599	0.406108159138969	351
0.0718688253178801	0.968860626085677	24
0.07412744200388	0.963207107410276	118
-0.0912154187054399	1.65346255640003	118
-0.07491177099641	0.761062662410459	120
-0.0501273146083801	0.40572439661199	1
-0.04522376365631	0.406159618358576	447
-0.04522376365631	0.406159618358576	451
-0.0454111055683599	0.406108159138969	451
-0.04522376365631	0.406159618358576	9
-0.0454111055683599	0.406108159138969	2874
-0.0454111055683599	0.406108159138969	431
-0.04522376365631	0.406159618358576	431
-0.0501273146083801	0.40572439661199	431
-0.0454111055683599	0.406108159138969	431
-0.0454111055683599	0.406108159138969	3527
-0.04522376365631	0.406159618358576	3527
-0.04522376365631	0.406159618358576	3527
-0.04522376365631	0.406159618358576	66
-0.04522376365631	0.406159618358576	66
-0.04522376365631	0.406159618358576	63
-0.04522376365631	0.406159618358576	63
-0.0672312017801899	0.746143098074776	204
-0.0454111055683599	0.406108159138969	204
-0.0693202809442	0.7576566965492	204
-0.04522376365631	0.406159618358576	204
-0.04522376365631	0.406159618358576	134
-0.0454111055683599	0.406108159138969	134
-0.0454111055683599	0.406108159138969	422
-0.04522376365631	0.406159618358576	422
-0.0501273146083801	0.40572439661199	422
-0.0454111055683599	0.406108159138969	2564
-0.0454111055683599	0.406108159138969	2564
-0.04522376365631	0.406159618358576	2564
-0.04522376365631	0.406159618358576	761
-0.0501273146083801	0.40572439661199	761
-0.0454111055683599	0.406108159138969	157
-0.04522376365631	0.406159618358576	157
-0.0454111055683599	0.406108159138969	157
0.05959646052741	0.979591025341428	24
0.03016193588317	1.39200305487627	24
-0.06555072674751	0.752836446371321	24
0.0268075146632101	1.41862239568748	24
-0.07491177099641	0.761062662410459	372
-0.0639861075511099	0.750093739397359	1437
-0.0942527621104801	1.1760323190734	372
0.05959646052741	0.979591025341428	139
-0.07167170535838	0.750034484854258	1584
-0.0454111055683599	0.406108159138969	431
-0.0454111055683599	0.406108159138969	431
-0.0454111055683599	0.406108159138969	431
-0.0501273146083801	0.40572439661199	431
-0.0501273146083801	0.40572439661199	3393
-0.04522376365631	0.406159618358576	63
-0.0454111055683599	0.406108159138969	3327
-0.04522376365631	0.406159618358576	134
-0.0501273146083801	0.40572439661199	204
-0.0454111055683599	0.406108159138969	204
-0.0454111055683599	0.406108159138969	996
-0.04522376365631	0.406159618358576	996
-0.0454111055683599	0.406108159138969	422
-0.0501273146083801	0.40572439661199	351
-0.0454111055683599	0.406108159138969	1524
-0.04522376365631	0.406159618358576	422
-0.04522376365631	0.406159618358576	761
-0.04522376365631	0.406159618358576	761
-0.0669724935203899	0.755161927952963	253
0.0262478440979099	1.42295257334124	372
-0.0681459332729899	0.757477944035012	139
-0.0702489325383799	0.747751043646639	187
0.07307407605491	0.973200620856142	9
-0.04522376365631	0.406159618358576	431
-0.04522376365631	0.406159618358576	431
-0.0669724935203899	0.755161927952963	431
-0.04522376365631	0.406159618358576	27
-0.0454111055683599	0.406108159138969	66
-0.0454111055683599	0.406108159138969	66
-0.0501273146083801	0.40572439661199	66
-0.04522376365631	0.406159618358576	2126
-0.04522376365631	0.406159618358576	3393
-0.0454111055683599	0.406108159138969	63
-0.04522376365631	0.406159618358576	63
-0.0454111055683599	0.406108159138969	1677
-0.04522376365631	0.406159618358576	1677
-0.04522376365631	0.406159618358576	3327
-0.04522376365631	0.406159618358576	134
-0.0454111055683599	0.406108159138969	204
-0.04522376365631	0.406159618358576	204
-0.0454111055683599	0.406108159138969	204
-0.0454111055683599	0.406108159138969	204
-0.04522376365631	0.406159618358576	204
-0.04522376365631	0.406159618358576	442
-0.04522376365631	0.406159618358576	996
-0.0454111055683599	0.406108159138969	177
-0.0454111055683599	0.406108159138969	422
-0.0454111055683599	0.406108159138969	422
-0.0454111055683599	0.406108159138969	422
-0.0501273146083801	0.40572439661199	1524
-0.04522376365631	0.406159618358576	1524
-0.0501273146083801	0.40572439661199	761
-0.04522376365631	0.406159618358576	351
-0.07373483340545	0.759520768730619	24
0.06377891899189	0.93971283720139	118
-0.0454111055683599	0.406108159138969	447
-0.0454111055683599	0.406108159138969	447
-0.0791215786258901	0.753267407814952	451
-0.07255880756041	0.753613125904852	187
-0.0639861075511099	0.750093739397359	1052
-0.06789801192182	0.755319680676232	1584
-0.07608962166886	0.760023550642785	9
-0.0681459332729899	0.757477944035012	431
-0.0711417211845999	0.751312028200316	431
-0.0693202809442	0.7576566965492	431
-0.0501273146083801	0.40572439661199	431
-0.04522376365631	0.406159618358576	431
-0.0693202809442	0.7576566965492	431
-0.0501273146083801	0.40572439661199	431
-0.0454111055683599	0.406108159138969	3393
-0.04522376365631	0.406159618358576	3393
-0.0454111055683599	0.406108159138969	63
-0.04522376365631	0.406159618358576	3327
-0.04522376365631	0.406159618358576	204
-0.04522376365631	0.406159618358576	204
-0.0454111055683599	0.406108159138969	204
-0.0454111055683599	0.406108159138969	442
-0.0454111055683599	0.406108159138969	996
-0.04522376365631	0.406159618358576	996
-0.04522376365631	0.406159618358576	177
-0.0454111055683599	0.406108159138969	422
-0.0501273146083801	0.40572439661199	422
-0.04522376365631	0.406159618358576	422
-0.04522376365631	0.406159618358576	761
-0.04522376365631	0.406159618358576	118
-0.04522376365631	0.406159618358576	109
-0.04522376365631	0.406159618358576	120
0.0284967644633001	1.41781007556622	372
-0.0693202809442	0.7576566965492	447
0.0681224000908001	0.970676525221855	420
-0.07349417803259	0.758718061977533	211
-0.0693202809442	0.7576566965492	9
-0.0454111055683599	0.406108159138969	431
-0.0454111055683599	0.406108159138969	431
-0.04522376365631	0.406159618358576	431
-0.0681459332729899	0.757477944035012	431
-0.0454111055683599	0.406108159138969	431
-0.04522376365631	0.406159618358576	431
-0.0693202809442	0.7576566965492	27
-0.04522376365631	0.406159618358576	66
-0.04522376365631	0.406159618358576	63
-0.04522376365631	0.406159618358576	134
-0.0454111055683599	0.406108159138969	204
-0.0454111055683599	0.406108159138969	996
-0.04522376365631	0.406159618358576	177
-0.0454111055683599	0.406108159138969	177
-0.0454111055683599	0.406108159138969	121
-0.04522376365631	0.406159618358576	121
-0.0454111055683599	0.406108159138969	121
-0.0454111055683599	0.406108159138969	422
-0.0454111055683599	0.406108159138969	422
-0.0454111055683599	0.406108159138969	761
-0.0454111055683599	0.406108159138969	157
-0.0942527621104801	1.1760323190734	24
-0.04522376365631	0.406159618358576	253
-0.07049553786231	0.755751724984709	1499
-0.0693202809442	0.7576566965492	1499
-0.0693202809442	0.7576566965492	420
0.0708064794577601	0.966270157563041	420
-0.09506434013445	1.17272847015989	420
-0.07491177099641	0.761062662410459	420
-0.04522376365631	0.406159618358576	451
-0.04522376365631	0.406159618358576	357
-0.0454111055683599	0.406108159138969	431
-0.0454111055683599	0.406108159138969	431
-0.04522376365631	0.406159618358576	431
-0.0454111055683599	0.406108159138969	431
-0.0693202809442	0.7576566965492	431
-0.0681459332729899	0.757477944035012	66
-0.04522376365631	0.406159618358576	66
-0.07373483340545	0.759520768730619	66
-0.04522376365631	0.406159618358576	66
0.06908470290744	0.968596470429859	683
-0.0454111055683599	0.406108159138969	134
-0.04522376365631	0.406159618358576	2118
-0.04522376365631	0.406159618358576	2118
-0.04522376365631	0.406159618358576	2118
-0.04522376365631	0.406159618358576	204
-0.04522376365631	0.406159618358576	134
-0.0454111055683599	0.406108159138969	442
-0.04522376365631	0.406159618358576	83
-0.04522376365631	0.406159618358576	83
-0.0501273146083801	0.40572439661199	207
-0.0454111055683599	0.406108159138969	121
-0.0454111055683599	0.406108159138969	121
-0.0454111055683599	0.406108159138969	157
-0.04522376365631	0.406159618358576	157
-0.0454111055683599	0.406108159138969	24
-0.07231749393078	0.757183848190581	229
0.10592098547567	1.6497252125129	151
-0.08171490361416	0.755879019504499	1499
0.0896326944755499	1.67822888479063	1
-0.0996714959551099	1.179905467392	1
-0.04522376365631	0.406159618358576	451
-0.09325641497882	1.17749225134467	73
-0.04522376365631	0.406159618358576	66
-0.04522376365631	0.406159618358576	204
-0.04522376365631	0.406159618358576	442
-0.0454111055683599	0.406108159138969	83
-0.0454111055683599	0.406108159138969	177
-0.0501273146083801	0.40572439661199	177
-0.04522376365631	0.406159618358576	351
-0.0454111055683599	0.406108159138969	2679
-0.04522376365631	0.406159618358576	121
-0.04522376365631	0.406159618358576	422
-0.0501273146083801	0.40572439661199	761
-0.0454111055683599	0.406108159138969	157
-0.0454111055683599	0.406108159138969	157
-0.0454111055683599	0.406108159138969	157
-0.0454111055683599	0.406108159138969	253
-0.04522376365631	0.406159618358576	1147
0.0681224000908001	0.970676525221855	118
-0.04522376365631	0.406159618358576	118
-0.0805344456027799	0.755559929122587	229
0.07378745031951	0.955998962016087	229
-0.0900691376518701	1.16419888450019	118
-0.0454111055683599	0.406108159138969	112
-0.0919117991446401	1.16993623612294	120
-0.04522376365631	0.406159618358576	447
0.07533943272924	0.958003669245657	447
-0.06672391556845	0.755139764558434	9
-0.0746717748247101	0.757687975137559	9
-0.04522376365631	0.406159618358576	431
-0.04522376365631	0.406159618358576	431
-0.0501273146083801	0.40572439661199	431
-0.0454111055683599	0.406108159138969	431
-0.0454111055683599	0.406108159138969	66
-0.0454111055683599	0.406108159138969	66
-0.04522376365631	0.406159618358576	66
-0.0501273146083801	0.40572439661199	66
-0.04522376365631	0.406159618358576	683
-0.0501273146083801	0.40572439661199	1221
-0.04522376365631	0.406159618358576	134
-0.0454111055683599	0.406108159138969	204
-0.0501273146083801	0.40572439661199	134
-0.04522376365631	0.406159618358576	442
-0.0454111055683599	0.406108159138969	83
-0.04522376365631	0.406159618358576	177
-0.04522376365631	0.406159618358576	177
-0.0501273146083801	0.40572439661199	207
-0.0454111055683599	0.406108159138969	351
-0.04522376365631	0.406159618358576	2679
-0.0454111055683599	0.406108159138969	121
-0.0454111055683599	0.406108159138969	121
-0.04522376365631	0.406159618358576	121
-0.04522376365631	0.406159618358576	121
-0.0454111055683599	0.406108159138969	121
-0.04522376365631	0.406159618358576	351
-0.04522376365631	0.406159618358576	118
0.0664863799331601	0.973221895854537	118
-0.04522376365631	0.406159618358576	372
-0.0454111055683599	0.406108159138969	1
-0.04522376365631	0.406159618358576	447
-0.0746717748247101	0.757687975137559	187
-0.09058503146372	1.18029718433957	9
0.07017793672269	0.971940734338536	357
-0.0454111055683599	0.406108159138969	431
-0.04522376365631	0.406159618358576	431
0.0652319199456199	0.966283912646895	431
0.0784661770552	0.959349239693854	27
-0.04522376365631	0.406159618358576	683
-0.0454111055683599	0.406108159138969	1221
-0.0454111055683599	0.406108159138969	1221
-0.0501273146083801	0.40572439661199	442
-0.0501273146083801	0.40572439661199	83
-0.0454111055683599	0.406108159138969	1247
-0.0454111055683599	0.406108159138969	207
-0.04522376365631	0.406159618358576	351
-0.0454111055683599	0.406108159138969	121
-0.0454111055683599	0.406108159138969	121
-0.0454111055683599	0.406108159138969	121
-0.0501273146083801	0.40572439661199	157
-0.0454111055683599	0.406108159138969	157
-0.0454111055683599	0.406108159138969	157
0.06473311560911	0.939314346063984	575
-0.04522376365631	0.406159618358576	24
-0.0454111055683599	0.406108159138969	118
0.02334968701424	1.43790885395293	118
0.0674498466578	0.969013878554601	118
0.00881531596919993	1.43204514251675	1
-0.04522376365631	0.406159618358576	447
-0.04522376365631	0.406159618358576	451
0.07114391500377	0.973898476935828	187
-0.06555072674751	0.752836446371321	431
0.07244770312242	0.961306132364751	431
-0.0454111055683599	0.406108159138969	431
-0.04522376365631	0.406159618358576	431
-0.0454111055683599	0.406108159138969	66
-0.0454111055683599	0.406108159138969	66
-0.0454111055683599	0.406108159138969	66
-0.0681459332729899	0.757477944035012	66
-0.0454111055683599	0.406108159138969	2335
-0.0454111055683599	0.406108159138969	134
-0.0454111055683599	0.406108159138969	207
-0.0454111055683599	0.406108159138969	121
-0.04522376365631	0.406159618358576	121
-0.0454111055683599	0.406108159138969	121
-0.0454111055683599	0.406108159138969	121
-0.04522376365631	0.406159618358576	558
-0.0454111055683599	0.406108159138969	558
-0.0454111055683599	0.406108159138969	157
-0.0501273146083801	0.40572439661199	157
0.07403826017478	0.970531835985497	407
0.0645576568381101	0.975681262593783	112
0.0784661770552	0.959349239693854	372
-0.0454111055683599	0.406108159138969	357
-0.0793549045361299	0.750532898549476	431
-0.0454111055683599	0.406108159138969	27
-0.07349417803259	0.758718061977533	66
-0.0454111055683599	0.406108159138969	66
-0.04522376365631	0.406159618358576	134
-0.0616404802900501	0.747635014309802	83
-0.0454111055683599	0.406108159138969	2696
-0.0454111055683599	0.406108159138969	2696
-0.0454111055683599	0.406108159138969	1247
-0.0454111055683599	0.406108159138969	207
-0.04522376365631	0.406159618358576	121
-0.0454111055683599	0.406108159138969	121
-0.04522376365631	0.406159618358576	121
-0.04522376365631	0.406159618358576	121
-0.0454111055683599	0.406108159138969	121
-0.0454111055683599	0.406108159138969	558
-0.04522376365631	0.406159618358576	558
-0.04522376365631	0.406159618358576	157
-0.0850894631266299	1.16317055501255	372
-0.04522376365631	0.406159618358576	1
-0.07049553786231	0.755751724984709	435
-0.0746717748247101	0.757687975137559	187
-0.0693202809442	0.7576566965492	357
-0.0454111055683599	0.406108159138969	357
-0.0501273146083801	0.40572439661199	357
-0.04522376365631	0.406159618358576	431
-0.0454111055683599	0.406108159138969	431
-0.04522376365631	0.406159618358576	431
-0.0454111055683599	0.406108159138969	2074
-0.0454111055683599	0.406108159138969	676
-0.0454111055683599	0.406108159138969	2512
-0.04522376365631	0.406159618358576	66
-0.04522376365631	0.406159618358576	66
-0.0501273146083801	0.40572439661199	66
-0.04522376365631	0.406159618358576	66
-0.04522376365631	0.406159618358576	66
-0.0454111055683599	0.406108159138969	134
-0.04522376365631	0.406159618358576	2696
-0.0454111055683599	0.406108159138969	121
-0.04522376365631	0.406159618358576	121
-0.0501273146083801	0.40572439661199	121
-0.04522376365631	0.406159618358576	121
-0.04522376365631	0.406159618358576	558
-0.0454111055683599	0.406108159138969	157
-0.0454111055683599	0.406108159138969	157
-0.0454111055683599	0.406108159138969	157
-0.04522376365631	0.406159618358576	28
0.0717721318809099	0.965197303659136	118
-0.0746717748247101	0.757687975137559	346
-0.09598469305047	1.17849635203208	435
0.0648941592652399	0.982457596208955	451
-0.0501273146083801	0.40572439661199	451
-0.0669724935203899	0.755161927952963	451
-0.04522376365631	0.406159618358576	1006
-0.06789801192182	0.755319680676232	187
-0.06555072674751	0.752836446371321	187
-0.0454111055683599	0.406108159138969	357
-0.04522376365631	0.406159618358576	431
-0.0454111055683599	0.406108159138969	431
-0.04522376365631	0.406159618358576	431
-0.04522376365631	0.406159618358576	2058
-0.04522376365631	0.406159618358576	27
-0.0501273146083801	0.40572439661199	676
-0.0454111055683599	0.406108159138969	66
-0.0454111055683599	0.406108159138969	819
-0.0454111055683599	0.406108159138969	66
-0.0454111055683599	0.406108159138969	66
-0.04522376365631	0.406159618358576	66
-0.04522376365631	0.406159618358576	615
-0.0454111055683599	0.406108159138969	615
-0.04522376365631	0.406159618358576	204
-0.04522376365631	0.406159618358576	83
-0.04522376365631	0.406159618358576	1247
-0.04522376365631	0.406159618358576	121
-0.04522376365631	0.406159618358576	121
-0.0501273146083801	0.40572439661199	121
-0.0454111055683599	0.406108159138969	121
-0.0454111055683599	0.406108159138969	558
-0.0454111055683599	0.406108159138969	253
-0.07349417803259	0.758718061977533	28
0.0708064794577601	0.966270157563041	118
-0.06672391556845	0.755139764558434	112
-0.06555072674751	0.752836446371321	19
-0.0775663187317599	0.744339774477909	2012
-0.0454111055683599	0.406108159138969	2012
-0.0454111055683599	0.406108159138969	357
-0.04522376365631	0.406159618358576	357
-0.0454111055683599	0.406108159138969	500
-0.0454111055683599	0.406108159138969	431
-0.04522376365631	0.406159618358576	431
-0.04522376365631	0.406159618358576	2725
-0.0454111055683599	0.406108159138969	27
-0.0454111055683599	0.406108159138969	66
-0.04522376365631	0.406159618358576	66
-0.04522376365631	0.406159618358576	66
-0.0454111055683599	0.406108159138969	615
-0.0501273146083801	0.40572439661199	615
-0.06555072674751	0.752836446371321	134
-0.07049553786231	0.755751724984709	134
-0.04522376365631	0.406159618358576	204
-0.0454111055683599	0.406108159138969	204
-0.04522376365631	0.406159618358576	204
-0.0454111055683599	0.406108159138969	2696
-0.04522376365631	0.406159618358576	1247
-0.0454111055683599	0.406108159138969	207
-0.0501273146083801	0.40572439661199	558
-0.04522376365631	0.406159618358576	157
-0.04522376365631	0.406159618358576	157
-0.0712009495288499	2.08948960112536	118
0.0717721318809099	0.965197303659136	1
-0.0814435319326301	1.63054665974028	435
-0.0974215164396299	1.19303792723712	187
-0.09058503146372	1.18029718433957	374
-0.06672391556845	0.755139764558434	1079
-0.09557948035874	1.19234470110764	431
-0.0454111055683599	0.406108159138969	2725
-0.0454111055683599	0.406108159138969	2725
-0.04522376365631	0.406159618358576	442
-0.04522376365631	0.406159618358576	83
-0.0454111055683599	0.406108159138969	1247
-0.04522376365631	0.406159618358576	207
-0.0501273146083801	0.40572439661199	121
-0.04522376365631	0.406159618358576	121
-0.0501273146083801	0.40572439661199	121
-0.0454111055683599	0.406108159138969	121
-0.04522376365631	0.406159618358576	157
-0.04522376365631	0.406159618358576	2145
-0.0681459332729899	0.757477944035012	112
0.0722094015942401	0.969467161480293	451
-0.0454111055683599	0.406108159138969	1006
-0.06672391556845	0.755139764558434	187
-0.07231749393078	0.757183848190581	187
-0.07608962166886	0.760023550642785	187
-0.04522376365631	0.406159618358576	357
-0.0454111055683599	0.406108159138969	27
-0.0501273146083801	0.40572439661199	66
-0.04522376365631	0.406159618358576	1466
-0.0501273146083801	0.40572439661199	66
-0.0454111055683599	0.406108159138969	83
-0.04522376365631	0.406159618358576	1247
-0.04522376365631	0.406159618358576	1247
-0.04522376365631	0.406159618358576	207
-0.04522376365631	0.406159618358576	121
-0.04522376365631	0.406159618358576	121
-0.0454111055683599	0.406108159138969	121
-0.04522376365631	0.406159618358576	121
-0.04522376365631	0.406159618358576	121
-0.0454111055683599	0.406108159138969	558
-0.0501273146083801	0.40572439661199	558
-0.0454111055683599	0.406108159138969	558
-0.0454111055683599	0.406108159138969	2145
-0.0454111055683599	0.406108159138969	2145
-0.0454111055683599	0.406108159138969	2145
0.0225029606057301	1.4383064409583	118
-0.0501273146083801	0.40572439661199	118
-0.0454111055683599	0.406108159138969	1021
-0.0454111055683599	0.406108159138969	1
-0.0501273146083801	0.40572439661199	1
-0.04522376365631	0.406159618358576	1
-0.0501273146083801	0.40572439661199	2381
-0.04522376365631	0.406159618358576	1
-0.0454111055683599	0.406108159138969	1
-0.0454111055683599	0.406108159138969	451
-0.0454111055683599	0.406108159138969	211
-0.0454111055683599	0.406108159138969	187
-0.0454111055683599	0.406108159138969	357
-0.04522376365631	0.406159618358576	357
-0.0454111055683599	0.406108159138969	357
-0.04522376365631	0.406159618358576	357
-0.04522376365631	0.406159618358576	357
-0.0454111055683599	0.406108159138969	500
-0.04522376365631	0.406159618358576	500
-0.0454111055683599	0.406108159138969	500
-0.0501273146083801	0.40572439661199	500
-0.0454111055683599	0.406108159138969	3433
-0.0454111055683599	0.406108159138969	431
-0.0501273146083801	0.40572439661199	431
-0.0454111055683599	0.406108159138969	431
-0.0454111055683599	0.406108159138969	431
-0.04522376365631	0.406159618358576	2024
-0.04522376365631	0.406159618358576	2024
-0.0454111055683599	0.406108159138969	27
-0.04522376365631	0.406159618358576	66
-0.0454111055683599	0.406108159138969	1466
-0.0501273146083801	0.40572439661199	1466
-0.04522376365631	0.406159618358576	1466
-0.04522376365631	0.406159618358576	204
-0.04522376365631	0.406159618358576	204
-0.0501273146083801	0.40572439661199	134
-0.0454111055683599	0.406108159138969	121
-0.04522376365631	0.406159618358576	121
-0.0454111055683599	0.406108159138969	121
-0.0454111055683599	0.406108159138969	121
-0.0454111055683599	0.406108159138969	2145
0.05926112655975	0.9721554495193	49
-0.07491177099641	0.761062662410459	2751
-0.04522376365631	0.406159618358576	118
-0.04522376365631	0.406159618358576	118
-0.04522376365631	0.406159618358576	118
-0.0454111055683599	0.406108159138969	118
-0.06907301713506	0.753429338745028	112
-0.04522376365631	0.406159618358576	112
-0.0707587439584601	0.752445452911296	451
-0.04522376365631	0.406159618358576	357
-0.04522376365631	0.406159618358576	357
-0.0454111055683599	0.406108159138969	357
-0.04522376365631	0.406159618358576	500
-0.04522376365631	0.406159618358576	500
-0.0501273146083801	0.40572439661199	431
-0.0454111055683599	0.406108159138969	431
-0.0454111055683599	0.406108159138969	431
-0.04522376365631	0.406159618358576	431
-0.07794229325279	0.748270130099481	241
-0.04522376365631	0.406159618358576	2512
-0.0454111055683599	0.406108159138969	2512
-0.0501273146083801	0.40572439661199	2512
-0.0454111055683599	0.406108159138969	66
-0.0454111055683599	0.406108159138969	1037
-0.0454111055683599	0.406108159138969	1466
-0.04522376365631	0.406159618358576	1466
-0.0454111055683599	0.406108159138969	1466
-0.04522376365631	0.406159618358576	66
-0.0501273146083801	0.40572439661199	66
-0.04522376365631	0.406159618358576	66
0.0709086257571501	0.970946310477819	134
-0.0454111055683599	0.406108159138969	615
-0.04522376365631	0.406159618358576	204
-0.0501273146083801	0.40572439661199	592
-0.0454111055683599	0.406108159138969	376
-0.04522376365631	0.406159618358576	1343
-0.0454111055683599	0.406108159138969	1343
-0.0501273146083801	0.40572439661199	121
-0.0454111055683599	0.406108159138969	121
-0.04522376365631	0.406159618358576	558
-0.04522376365631	0.406159618358576	558
-0.0454111055683599	0.406108159138969	2145
-0.0454111055683599	0.406108159138969	2145
0.0281961140179701	1.43352884212032	118
-0.10282668579318	1.17937643768039	2751
-0.06672391556845	0.755139764558434	118
0.0628185656498099	0.966232932996444	118
-0.0693202809442	0.7576566965492	780
-0.0775663187317599	0.744339774477909	1
-0.07491177099641	0.761062662410459	1118
-0.04522376365631	0.406159618358576	211
-0.04522376365631	0.406159618358576	357
-0.04522376365631	0.406159618358576	357
-0.04522376365631	0.406159618358576	500
-0.06789801192182	0.755319680676232	431
-0.0454111055683599	0.406108159138969	431
-0.04522376365631	0.406159618358576	431
-0.0454111055683599	0.406108159138969	27
-0.04522376365631	0.406159618358576	2024
-0.0454111055683599	0.406108159138969	578
-0.0454111055683599	0.406108159138969	66
0.0708064794577601	0.966270157563041	1037
-0.04522376365631	0.406159618358576	1466
-0.04522376365631	0.406159618358576	1466
-0.04522376365631	0.406159618358576	1038
-0.04522376365631	0.406159618358576	1038
-0.0681459332729899	0.757477944035012	204
-0.0454111055683599	0.406108159138969	376
-0.0501273146083801	0.40572439661199	121
-0.0454111055683599	0.406108159138969	121
-0.04522376365631	0.406159618358576	1405
-0.04522376365631	0.406159618358576	1405
-0.04522376365631	0.406159618358576	121
-0.04522376365631	0.406159618358576	121
-0.0454111055683599	0.406108159138969	121
-0.04522376365631	0.406159618358576	2145
-0.04522376365631	0.406159618358576	2145
-0.04522376365631	0.406159618358576	2145
-0.04522376365631	0.406159618358576	2145
-0.0501273146083801	0.40572439661199	2145
-0.0681459332729899	0.757477944035012	49
-0.07373483340545	0.759520768730619	28
-0.0869782165891	2.096936328718	118
-0.0900913287160801	1.1749943903946	112
-0.0454111055683599	0.406108159138969	112
0.0173539439274	1.42319915969204	1
0.0214623932792	1.39613735832156	1118
-0.09701457462129	1.17421240697303	435
0.0655223168841199	0.975317439128556	187
-0.08917697701574	1.16096946131897	431
-0.07231749393078	0.757183848190581	431
-0.0454111055683599	0.406108159138969	27
-0.04522376365631	0.406159618358576	578
-0.0454111055683599	0.406108159138969	578
-0.0669724935203899	0.755161927952963	794
-0.0454111055683599	0.406108159138969	1466
-0.07608962166886	0.760023550642785	1279
-0.04522376365631	0.406159618358576	204
-0.06555072674751	0.752836446371321	1343
-0.0454111055683599	0.406108159138969	1078
-0.04522376365631	0.406159618358576	121
-0.04522376365631	0.406159618358576	121
-0.04522376365631	0.406159618358576	545
-0.0454111055683599	0.406108159138969	2145
-0.04522376365631	0.406159618358576	2145
-0.0454111055683599	0.406108159138969	157
-0.04522376365631	0.406159618358576	2145
-0.04522376365631	0.406159618358576	2145
-0.04522376365631	0.406159618358576	2145
0.0142479626241601	1.43706206118465	267
-0.04522376365631	0.406159618358576	1
0.0668223144935201	0.983497164001226	411
-0.0501273146083801	0.40572439661199	1736
-0.06672391556845	0.755139764558434	211
-0.09874898540729	1.1824531325729	211
0.07210929455604	0.974287435452963	3519
-0.0454111055683599	0.406108159138969	500
-0.04522376365631	0.406159618358576	1469
-0.07373483340545	0.759520768730619	27
-0.04522376365631	0.406159618358576	27
-0.04522376365631	0.406159618358576	27
-0.07608962166886	0.760023550642785	2512
-0.0454111055683599	0.406108159138969	1466
-0.06789801192182	0.755319680676232	1279
-0.04522376365631	0.406159618358576	1279
-0.0974215164396299	1.19303792723712	134
-0.0693202809442	0.7576566965492	134
-0.04522376365631	0.406159618358576	1343
-0.0501273146083801	0.40572439661199	1078
-0.04522376365631	0.406159618358576	1078
-0.04522376365631	0.406159618358576	121
-0.0454111055683599	0.406108159138969	2635
-0.0454111055683599	0.406108159138969	121
-0.0454111055683599	0.406108159138969	121
-0.04522376365631	0.406159618358576	22
-0.0454111055683599	0.406108159138969	558
-0.0454111055683599	0.406108159138969	558
-0.0454111055683599	0.406108159138969	2145
-0.0501273146083801	0.40572439661199	2145
-0.0454111055683599	0.406108159138969	2145
0.02419597220226	1.43566366894151	118
-0.04522376365631	0.406159618358576	1416
0.05926112655975	0.9721554495193	118
0.10237881605783	1.65550841162832	112
-0.04522376365631	0.406159618358576	1736
0.0708064794577601	0.966270157563041	9
-0.04522376365631	0.406159618358576	500
-0.0454111055683599	0.406108159138969	1469
-0.04522376365631	0.406159618358576	66
-0.07255880756041	0.753613125904852	1466
-0.0454111055683599	0.406108159138969	1466
-0.0454111055683599	0.406108159138969	1279
-0.0454111055683599	0.406108159138969	1279
-0.0454111055683599	0.406108159138969	1038
-0.06907301713506	0.753429338745028	376
-0.04522376365631	0.406159618358576	376
-0.04522376365631	0.406159618358576	1283
-0.0454111055683599	0.406108159138969	121
-0.0454111055683599	0.406108159138969	558
-0.04522376365631	0.406159618358576	558
-0.04522376365631	0.406159618358576	2145
-0.0454111055683599	0.406108159138969	2145
-0.04522376365631	0.406159618358576	2145
-0.06789801192182	0.755319680676232	821
-0.0454111055683599	0.406108159138969	28
-0.0501273146083801	0.40572439661199	28
-0.0454111055683599	0.406108159138969	28
-0.04522376365631	0.406159618358576	28
-0.05825546574485	2.40875603036536	151
-0.04522376365631	0.406159618358576	118
-0.0454111055683599	0.406108159138969	118
-0.0454111055683599	0.406108159138969	112
-0.0454111055683599	0.406108159138969	112
-0.0887437175816701	1.17444839021317	19
-0.04522376365631	0.406159618358576	1736
-0.06789801192182	0.755319680676232	187
-0.07049553786231	0.755751724984709	187
-0.0501273146083801	0.40572439661199	431
-0.04522376365631	0.406159618358576	1469
-0.0681459332729899	0.757477944035012	578
-0.0454111055683599	0.406108159138969	66
-0.0454111055683599	0.406108159138969	794
-0.0501273146083801	0.40572439661199	1466
-0.0501273146083801	0.40572439661199	1466
-0.0454111055683599	0.406108159138969	1774
-0.0454111055683599	0.406108159138969	1774
-0.0454111055683599	0.406108159138969	1774
-0.0454111055683599	0.406108159138969	134
-0.04522376365631	0.406159618358576	204
-0.04522376365631	0.406159618358576	204
-0.0501273146083801	0.40572439661199	204
-0.0454111055683599	0.406108159138969	376
-0.0454111055683599	0.406108159138969	376
-0.04522376365631	0.406159618358576	376
-0.04522376365631	0.406159618358576	376
-0.0454111055683599	0.406108159138969	376
-0.04522376365631	0.406159618358576	1078
-0.0454111055683599	0.406108159138969	1078
-0.04522376365631	0.406159618358576	121
-0.04522376365631	0.406159618358576	121
-0.04522376365631	0.406159618358576	121
-0.0454111055683599	0.406108159138969	2135
-0.0454111055683599	0.406108159138969	558
-0.04522376365631	0.406159618358576	558
-0.0454111055683599	0.406108159138969	2145
-0.0501273146083801	0.40572439661199	2145
-0.0616404802900501	0.747635014309802	28
-0.04522376365631	0.406159618358576	28
-0.04522376365631	0.406159618358576	28
-0.07373483340545	0.759520768730619	118
0.0529887295812499	0.963679881583377	118
-0.08595929786627	0.745622609241336	151
-0.0695819856169599	0.753456397420435	151
0.02220810396219	1.4395768024613	118
-0.08595929786627	0.745622609241336	372
-0.0746717748247101	0.757687975137559	1
-0.0501273146083801	0.40572439661199	435
-0.0681459332729899	0.757477944035012	411
-0.06281284079462	0.749911386602174	187
-0.0501273146083801	0.40572439661199	187
-0.04522376365631	0.406159618358576	187
-0.0454111055683599	0.406108159138969	187
-0.0501273146083801	0.40572439661199	431
-0.0454111055683599	0.406108159138969	431
-0.0454111055683599	0.406108159138969	431
-0.0454111055683599	0.406108159138969	1469
-0.0454111055683599	0.406108159138969	3003
-0.06555072674751	0.752836446371321	578
-0.0454111055683599	0.406108159138969	66
-0.04522376365631	0.406159618358576	66
-0.04522376365631	0.406159618358576	794
-0.0501273146083801	0.40572439661199	794
-0.0454111055683599	0.406108159138969	2071
-0.04522376365631	0.406159618358576	1563
-0.04522376365631	0.406159618358576	134
-0.04522376365631	0.406159618358576	1774
-0.04522376365631	0.406159618358576	376
-0.04522376365631	0.406159618358576	376
-0.0501273146083801	0.40572439661199	376
-0.0454111055683599	0.406108159138969	376
-0.0454111055683599	0.406108159138969	121
-0.04522376365631	0.406159618358576	558
-0.0454111055683599	0.406108159138969	558
-0.0454111055683599	0.406108159138969	2145
-0.04522376365631	0.406159618358576	2145
-0.04522376365631	0.406159618358576	2145
-0.07491177099641	0.761062662410459	112
0.0658585351733401	0.983858903403601	1
0.0658585351733401	0.983858903403601	1704
-0.07255880756041	0.753613125904852	435
0.0668223144935201	0.983497164001226	211
-0.06672391556845	0.755139764558434	431
-0.0454111055683599	0.406108159138969	1713
-0.0454111055683599	0.406108159138969	3003
-0.0454111055683599	0.406108159138969	66
-0.0454111055683599	0.406108159138969	66
-0.04522376365631	0.406159618358576	2071
-0.04522376365631	0.406159618358576	2071
-0.0501273146083801	0.40572439661199	1563
-0.04522376365631	0.406159618358576	1563
-0.0501273146083801	0.40572439661199	134
-0.0454111055683599	0.406108159138969	134
-0.04522376365631	0.406159618358576	204
-0.04522376365631	0.406159618358576	237
-0.04522376365631	0.406159618358576	376
-0.04522376365631	0.406159618358576	3320
-0.0454111055683599	0.406108159138969	121
-0.04522376365631	0.406159618358576	121
-0.0454111055683599	0.406108159138969	121
-0.0454111055683599	0.406108159138969	558
-0.04522376365631	0.406159618358576	558
-0.04522376365631	0.406159618358576	558
-0.04522376365631	0.406159618358576	558
-0.04522376365631	0.406159618358576	558
-0.0454111055683599	0.406108159138969	2145
0.0656867290343901	0.936602890807333	821
0.0991136389753	1.66472257410184	118
0.0717721318809099	0.965197303659136	411
-0.0909456657155701	1.14642337734837	211
-0.06555072674751	0.752836446371321	300
-0.07373483340545	0.759520768730619	9
-0.07491177099641	0.761062662410459	431
-0.07049553786231	0.755751724984709	1713
-0.0454111055683599	0.406108159138969	27
-0.07373483340545	0.759520768730619	3023
-0.06672391556845	0.755139764558434	3023
-0.0454111055683599	0.406108159138969	2070
-0.0454111055683599	0.406108159138969	1369
-0.0454111055683599	0.406108159138969	3320
-0.04522376365631	0.406159618358576	3320
-0.0454111055683599	0.406108159138969	121
-0.0454111055683599	0.406108159138969	121
-0.0454111055683599	0.406108159138969	558
-0.04522376365631	0.406159618358576	558
-0.0454111055683599	0.406108159138969	558
-0.0454111055683599	0.406108159138969	558
-0.04522376365631	0.406159618358576	558
-0.04522376365631	0.406159618358576	2145
-0.06555072674751	0.752836446371321	49
-0.09009775364151	1.15559122670368	187
-0.0974215164396299	1.19303792723712	374
0.0658585351733401	0.983858903403601	9
-0.09058503146372	1.18029718433957	431
-0.0681459332729899	0.757477944035012	1469
-0.04522376365631	0.406159618358576	66
-0.04522376365631	0.406159618358576	794
-0.0454111055683599	0.406108159138969	794
-0.0942527621104801	1.1760323190734	1563
-0.0454111055683599	0.406108159138969	1369
-0.04522376365631	0.406159618358576	1369
-0.04522376365631	0.406159618358576	376
-0.0454111055683599	0.406108159138969	15
-0.04522376365631	0.406159618358576	15
-0.0454111055683599	0.406108159138969	376
-0.0501273146083801	0.40572439661199	121
-0.0454111055683599	0.406108159138969	121
-0.04522376365631	0.406159618358576	121
-0.0454111055683599	0.406108159138969	558
-0.0454111055683599	0.406108159138969	558
-0.0454111055683599	0.406108159138969	558
-0.0454111055683599	0.406108159138969	112
-0.0672312017801899	0.746143098074776	19
0.0162334025778099	1.42901649452399	41
-0.0978270151196701	1.18302894844642	187
-0.0501273146083801	0.40572439661199	94
-0.04522376365631	0.406159618358576	1877
-0.04522376365631	0.406159618358576	134
0.0658585351733401	0.983858903403601	376
-0.0501273146083801	0.40572439661199	376
-0.0681459332729899	0.757477944035012	376
-0.0454111055683599	0.406108159138969	376
-0.0454111055683599	0.406108159138969	558
-0.0454111055683599	0.406108159138969	558
-0.0501273146083801	0.40572439661199	558
-0.0454111055683599	0.406108159138969	558
-0.0454111055683599	0.406108159138969	22
0.0649824958334699	0.965811901868949	118
0.05959646052741	0.979591025341428	118
0.0784661770552	0.959349239693854	1
0.07403826017478	0.970531835985497	1
-0.0906874917843601	1.65770658261988	1
-0.0707587439584601	0.752445452911296	41
-0.04522376365631	0.406159618358576	1199
-0.0501273146083801	0.40572439661199	1199
0.0762015790927999	0.961886959014451	211
-0.06907301713506	0.753429338745028	630
-0.06555072674751	0.752836446371321	630
0.0762015790927999	0.961886959014451	9
0.0728284332843201	0.964673056895441	431
-0.06907301713506	0.753429338745028	94
-0.07491177099641	0.761062662410459	94
-0.0501273146083801	0.40572439661199	27
-0.08595929786627	0.745622609241336	3023
-0.0501273146083801	0.40572439661199	134
-0.0454111055683599	0.406108159138969	204
-0.0501273146083801	0.40572439661199	376
-0.06555072674751	0.752836446371321	2789
-0.0454111055683599	0.406108159138969	15
-0.0454111055683599	0.406108159138969	2789
-0.04522376365631	0.406159618358576	2789
-0.04522376365631	0.406159618358576	121
-0.0454111055683599	0.406108159138969	558
-0.0454111055683599	0.406108159138969	558
-0.0501273146083801	0.40572439661199	558
-0.0454111055683599	0.406108159138969	558
-0.0454111055683599	0.406108159138969	558
-0.04522376365631	0.406159618358576	558
-0.0501273146083801	0.40572439661199	118
-0.0454111055683599	0.406108159138969	41
0.07370164205592	0.957991199340762	630
-0.0454111055683599	0.406108159138969	9
-0.0501273146083801	0.40572439661199	204
-0.0501273146083801	0.40572439661199	2789
-0.04522376365631	0.406159618358576	2789
-0.0454111055683599	0.406108159138969	2789
-0.04522376365631	0.406159618358576	2789
-0.04522376365631	0.406159618358576	558
-0.04522376365631	0.406159618358576	558
-0.0454111055683599	0.406108159138969	558
-0.0454111055683599	0.406108159138969	558
-0.0501273146083801	0.40572439661199	558
-0.0454111055683599	0.406108159138969	558
-0.04522376365631	0.406159618358576	558
-0.0454111055683599	0.406108159138969	558
-0.04522376365631	0.406159618358576	558
-0.06281284079462	0.749911386602174	49
-0.04522376365631	0.406159618358576	28
-0.0501273146083801	0.40572439661199	28
-0.08641787507445	1.1649550204137	2602
-0.04522376365631	0.406159618358576	229
-0.06789801192182	0.755319680676232	118
-0.07255880756041	0.753613125904852	118
-0.0752082556493501	0.748101761838019	372
-0.0616404802900501	0.747635014309802	1
-0.06281284079462	0.749911386602174	1706
0.07210929455604	0.974287435452963	19
0.06185732413273	0.96758690827548	451
-0.0454111055683599	0.406108159138969	3323
-0.0681459332729899	0.757477944035012	41
-0.06672391556845	0.755139764558434	9
-0.0454111055683599	0.406108159138969	94
-0.04522376365631	0.406159618358576	1469
-0.0501273146083801	0.40572439661199	1469
-0.04522376365631	0.406159618358576	27
-0.04522376365631	0.406159618358576	27
-0.0501273146083801	0.40572439661199	134
-0.04522376365631	0.406159618358576	794
-0.0454111055683599	0.406108159138969	849
-0.0454111055683599	0.406108159138969	134
-0.04522376365631	0.406159618358576	1842
-0.0454111055683599	0.406108159138969	376
-0.0454111055683599	0.406108159138969	376
-0.0454111055683599	0.406108159138969	2789
-0.04522376365631	0.406159618358576	15
-0.04522376365631	0.406159618358576	2789
-0.0454111055683599	0.406108159138969	121
-0.04522376365631	0.406159618358576	121
-0.04522376365631	0.406159618358576	121
-0.0454111055683599	0.406108159138969	558
-0.0454111055683599	0.406108159138969	558
-0.04522376365631	0.406159618358576	558
-0.04522376365631	0.406159618358576	558
-0.0454111055683599	0.406108159138969	558
-0.0501273146083801	0.40572439661199	558
-0.0454111055683599	0.406108159138969	558
-0.04522376365631	0.406159618358576	558
-0.0454111055683599	0.406108159138969	558
-0.0454111055683599	0.406108159138969	49
-0.04522376365631	0.406159618358576	49
-0.04522376365631	0.406159618358576	49
-0.0501273146083801	0.40572439661199	49
-0.04522376365631	0.406159618358576	49
-0.04522376365631	0.406159618358576	3265
-0.04522376365631	0.406159618358576	28
-0.07608962166886	0.760023550642785	118
-0.0454111055683599	0.406108159138969	118
-0.0454111055683599	0.406108159138969	2598
-0.0454111055683599	0.406108159138969	2598
-0.0693202809442	0.7576566965492	2598
-0.04522376365631	0.406159618358576	2602
-0.0501273146083801	0.40572439661199	2602
-0.04522376365631	0.406159618358576	2602
-0.0454111055683599	0.406108159138969	118
-0.0454111055683599	0.406108159138969	118
-0.04522376365631	0.406159618358576	118
-0.04522376365631	0.406159618358576	112
-0.0454111055683599	0.406108159138969	112
-0.04522376365631	0.406159618358576	112
-0.04522376365631	0.406159618358576	112
-0.0454111055683599	0.406108159138969	112
-0.04522376365631	0.406159618358576	112
-0.07349417803259	0.758718061977533	1
-0.04522376365631	0.406159618358576	1
-0.0746717748247101	0.757687975137559	1
-0.0711417211845999	0.751312028200316	372
-0.0454111055683599	0.406108159138969	19
-0.04522376365631	0.406159618358576	19
-0.0891486156672601	1.15807074295593	19
-0.0454111055683599	0.406108159138969	3563
-0.0454111055683599	0.406108159138969	451
-0.04522376365631	0.406159618358576	41
-0.04522376365631	0.406159618358576	41
-0.0454111055683599	0.406108159138969	41
-0.0454111055683599	0.406108159138969	41
-0.0501273146083801	0.40572439661199	41
-0.04522376365631	0.406159618358576	41
-0.04522376365631	0.406159618358576	41
-0.0454111055683599	0.406108159138969	3079
-0.0454111055683599	0.406108159138969	3079
-0.04522376365631	0.406159618358576	2356
-0.0501273146083801	0.40572439661199	187
-0.0454111055683599	0.406108159138969	187
-0.04522376365631	0.406159618358576	630
-0.04522376365631	0.406159618358576	630
-0.04522376365631	0.406159618358576	630
-0.0454111055683599	0.406108159138969	9
-0.0454111055683599	0.406108159138969	543
-0.0454111055683599	0.406108159138969	543
-0.04522376365631	0.406159618358576	431
-0.04522376365631	0.406159618358576	431
-0.0454111055683599	0.406108159138969	431
-0.04522376365631	0.406159618358576	431
-0.0454111055683599	0.406108159138969	431
-0.04522376365631	0.406159618358576	94
-0.04522376365631	0.406159618358576	94
-0.0454111055683599	0.406108159138969	94
-0.0454111055683599	0.406108159138969	27
-0.04522376365631	0.406159618358576	27
-0.0454111055683599	0.406108159138969	27
-0.0454111055683599	0.406108159138969	578
-0.04522376365631	0.406159618358576	794
-0.04522376365631	0.406159618358576	134
-0.0454111055683599	0.406108159138969	849
-0.0501273146083801	0.40572439661199	849
-0.0454111055683599	0.406108159138969	1842
-0.04522376365631	0.406159618358576	1842
-0.04522376365631	0.406159618358576	1842
-0.0501273146083801	0.40572439661199	1842
-0.0454111055683599	0.406108159138969	376
-0.04522376365631	0.406159618358576	376
-0.0454111055683599	0.406108159138969	15
-0.04522376365631	0.406159618358576	2789
-0.04522376365631	0.406159618358576	2789
-0.04522376365631	0.406159618358576	558
-0.0454111055683599	0.406108159138969	558
-0.04522376365631	0.406159618358576	558
-0.0454111055683599	0.406108159138969	22
-0.0454111055683599	0.406108159138969	253
-0.04522376365631	0.406159618358576	253
-0.0501273146083801	0.40572439661199	253
-0.0501273146083801	0.40572439661199	49
-0.06555072674751	0.752836446371321	49
-0.0454111055683599	0.406108159138969	3265
-0.04522376365631	0.406159618358576	3265
-0.04522376365631	0.406159618358576	3265
-0.04522376365631	0.406159618358576	3265
-0.04522376365631	0.406159618358576	28
-0.04522376365631	0.406159618358576	28
-0.0454111055683599	0.406108159138969	28
-0.0501273146083801	0.40572439661199	28
-0.0501273146083801	0.40572439661199	118
-0.0501273146083801	0.40572439661199	118
-0.04522376365631	0.406159618358576	118
-0.04522376365631	0.406159618358576	118
-0.04522376365631	0.406159618358576	118
-0.04522376365631	0.406159618358576	2598
-0.04522376365631	0.406159618358576	2598
-0.0454111055683599	0.406108159138969	2598
-0.04522376365631	0.406159618358576	118
-0.0501273146083801	0.40572439661199	695
-0.04522376365631	0.406159618358576	695
-0.0501273146083801	0.40572439661199	112
-0.0454111055683599	0.406108159138969	112
-0.0454111055683599	0.406108159138969	112
-0.04522376365631	0.406159618358576	112
-0.0454111055683599	0.406108159138969	1
-0.04522376365631	0.406159618358576	1
-0.0454111055683599	0.406108159138969	1
-0.04522376365631	0.406159618358576	372
-0.04522376365631	0.406159618358576	372
-0.0501273146083801	0.40572439661199	2882
-0.04522376365631	0.406159618358576	1655
-0.0454111055683599	0.406108159138969	41
-0.04522376365631	0.406159618358576	3079
-0.04522376365631	0.406159618358576	187
-0.04522376365631	0.406159618358576	187
-0.0454111055683599	0.406108159138969	630
-0.0501273146083801	0.40572439661199	630
-0.04522376365631	0.406159618358576	3430
-0.0454111055683599	0.406108159138969	360
-0.04522376365631	0.406159618358576	9
-0.0501273146083801	0.40572439661199	543
-0.0501273146083801	0.40572439661199	431
-0.04522376365631	0.406159618358576	431
-0.0454111055683599	0.406108159138969	431
-0.04522376365631	0.406159618358576	94
-0.04522376365631	0.406159618358576	94
-0.0454111055683599	0.406108159138969	94
-0.0501273146083801	0.40572439661199	94
-0.04522376365631	0.406159618358576	27
-0.0454111055683599	0.406108159138969	27
-0.04522376365631	0.406159618358576	1082
-0.0454111055683599	0.406108159138969	1082
-0.04522376365631	0.406159618358576	578
-0.04522376365631	0.406159618358576	578
-0.04522376365631	0.406159618358576	380
-0.0454111055683599	0.406108159138969	380
-0.0454111055683599	0.406108159138969	794
-0.04522376365631	0.406159618358576	849
-0.04522376365631	0.406159618358576	849
-0.04522376365631	0.406159618358576	849
-0.0454111055683599	0.406108159138969	134
-0.0454111055683599	0.406108159138969	1842
-0.04522376365631	0.406159618358576	1842
-0.04522376365631	0.406159618358576	1842
-0.0454111055683599	0.406108159138969	134
-0.04522376365631	0.406159618358576	204
-0.0454111055683599	0.406108159138969	376
-0.0501273146083801	0.40572439661199	376
-0.0454111055683599	0.406108159138969	376
-0.04522376365631	0.406159618358576	2789
-0.04522376365631	0.406159618358576	2789
-0.0454111055683599	0.406108159138969	2789
-0.04522376365631	0.406159618358576	121
-0.0454111055683599	0.406108159138969	558
-0.04522376365631	0.406159618358576	558
-0.0454111055683599	0.406108159138969	558
-0.0454111055683599	0.406108159138969	558
-0.0501273146083801	0.40572439661199	558
-0.04522376365631	0.406159618358576	558
-0.0454111055683599	0.406108159138969	558
0.07210929455604	0.974287435452963	49
-0.09058503146372	1.18029718433957	118
-0.0501273146083801	0.40572439661199	1
-0.04522376365631	0.406159618358576	1
-0.10059454733229	1.17486861360297	372
-0.07491177099641	0.761062662410459	360
-0.07491177099641	0.761062662410459	47
-0.0693202809442	0.7576566965492	431
-0.0791215786258901	0.753267407814952	431
-0.04522376365631	0.406159618358576	94
-0.04522376365631	0.406159618358576	794
-0.0454111055683599	0.406108159138969	794
-0.0454111055683599	0.406108159138969	794
-0.04522376365631	0.406159618358576	849
-0.0501273146083801	0.40572439661199	849
-0.04522376365631	0.406159618358576	2072
-0.0454111055683599	0.406108159138969	204
-0.0746717748247101	0.757687975137559	1562
-0.04522376365631	0.406159618358576	2789
-0.04522376365631	0.406159618358576	2789
-0.04522376365631	0.406159618358576	2789
-0.0501273146083801	0.40572439661199	2789
-0.0454111055683599	0.406108159138969	2789
-0.04522376365631	0.406159618358576	2789
-0.04522376365631	0.406159618358576	121
-0.0454111055683599	0.406108159138969	558
-0.0454111055683599	0.406108159138969	558
-0.04522376365631	0.406159618358576	558
-0.0454111055683599	0.406108159138969	558
-0.0454111055683599	0.406108159138969	558
-0.0454111055683599	0.406108159138969	558
-0.04522376365631	0.406159618358576	558
-0.0454111055683599	0.406108159138969	558
-0.04522376365631	0.406159618358576	558
-0.04522376365631	0.406159618358576	49
0.0692113590363499	0.96800568976264	118
-0.07167170535838	0.750034484854258	118
-0.00261380218855001	1.87270526752332	118
0.0945765696754901	1.68327666055807	695
0.00750611751238006	1.84646470571367	1
-0.08787057947068	1.6528449390207	19
-0.06907301713506	0.753429338745028	2356
-0.0454111055683599	0.406108159138969	94
-0.0639861075511099	0.750093739397359	1402
-0.04522376365631	0.406159618358576	794
-0.04522376365631	0.406159618358576	134
-0.0454111055683599	0.406108159138969	204
-0.0501273146083801	0.40572439661199	15
-0.0454111055683599	0.406108159138969	376
-0.0501273146083801	0.40572439661199	15
-0.0454111055683599	0.406108159138969	1562
-0.0454111055683599	0.406108159138969	2789
-0.0501273146083801	0.40572439661199	2789
-0.0454111055683599	0.406108159138969	2789
-0.0454111055683599	0.406108159138969	2789
-0.0454111055683599	0.406108159138969	121
-0.0454111055683599	0.406108159138969	121
-0.0454111055683599	0.406108159138969	558
-0.0454111055683599	0.406108159138969	558
-0.0454111055683599	0.406108159138969	558
-0.0454111055683599	0.406108159138969	558
-0.0454111055683599	0.406108159138969	558
-0.04522376365631	0.406159618358576	558
-0.0681459332729899	0.757477944035012	118
-0.07049553786231	0.755751724984709	1
-0.08733703829764	1.16529667180575	1
-0.06555072674751	0.752836446371321	1655
-0.0896641051370799	1.17829735828949	211
0.05959646052741	0.979591025341428	187
-0.0501273146083801	0.40572439661199	360
-0.04522376365631	0.406159618358576	436
-0.04522376365631	0.406159618358576	1402
-0.0454111055683599	0.406108159138969	794
-0.0454111055683599	0.406108159138969	849
-0.0454111055683599	0.406108159138969	134
-0.0454111055683599	0.406108159138969	2072
-0.0454111055683599	0.406108159138969	15
-0.04522376365631	0.406159618358576	15
-0.04522376365631	0.406159618358576	2789
-0.04522376365631	0.406159618358576	2789
-0.0454111055683599	0.406108159138969	121
-0.0454111055683599	0.406108159138969	121
-0.0454111055683599	0.406108159138969	558
-0.04522376365631	0.406159618358576	558
-0.0454111055683599	0.406108159138969	558
-0.04522376365631	0.406159618358576	558
-0.0454111055683599	0.406108159138969	558
-0.0454111055683599	0.406108159138969	558
-0.0454111055683599	0.406108159138969	558
0.0717721318809099	0.965197303659136	118
-0.07373483340545	0.759520768730619	118
-0.0746717748247101	0.757687975137559	112
0.0991136389753	1.66472257410184	1
-0.04522376365631	0.406159618358576	1
0.06778549789713	0.981364424528038	372
-0.0616404802900501	0.747635014309802	211
-0.06789801192182	0.755319680676232	1685
-0.09598469305047	1.17849635203208	41
-0.0616404802900501	0.747635014309802	3554
-0.04522376365631	0.406159618358576	41
0.0664863799331601	0.973221895854537	187
0.0668223144935201	0.983497164001226	187
-0.04522376365631	0.406159618358576	360
-0.08478859603521	1.62838103664793	436
0.07307407605491	0.973200620856142	47
-0.04522376365631	0.406159618358576	2433
0.0699478339375601	0.971308925372225	431
-0.0454111055683599	0.406108159138969	1402
-0.0454111055683599	0.406108159138969	134
-0.04522376365631	0.406159618358576	849
0.08064350910102	0.941265977422	2789
-0.04522376365631	0.406159618358576	2789
-0.04522376365631	0.406159618358576	2789
-0.04522376365631	0.406159618358576	2789
-0.0454111055683599	0.406108159138969	15
-0.04522376365631	0.406159618358576	2789
-0.04522376365631	0.406159618358576	2789
-0.0454111055683599	0.406108159138969	2789
-0.04522376365631	0.406159618358576	121
-0.04522376365631	0.406159618358576	121
-0.04522376365631	0.406159618358576	121
-0.0454111055683599	0.406108159138969	558
-0.0501273146083801	0.40572439661199	558
-0.04522376365631	0.406159618358576	558
-0.0501273146083801	0.40572439661199	558
-0.0454111055683599	0.406108159138969	558
-0.0454111055683599	0.406108159138969	558
-0.0693202809442	0.7576566965492	118
-0.0681459332729899	0.757477944035012	118
-0.06672391556845	0.755139764558434	112
-0.0501273146083801	0.40572439661199	56
0.0668223144935201	0.983497164001226	56
-0.0669724935203899	0.755161927952963	1561
-0.06789801192182	0.755319680676232	1639
-0.04522376365631	0.406159618358576	41
-0.0454111055683599	0.406108159138969	9
0.0203904429395401	1.84028808496888	436
0.07244770312242	0.961306132364751	431
-0.04522376365631	0.406159618358576	1469
-0.04522376365631	0.406159618358576	1402
0.0763001261629599	0.950368775523994	794
-0.0454111055683599	0.406108159138969	134
-0.04522376365631	0.406159618358576	2856
-0.06281284079462	0.749911386602174	204
-0.09325641497882	1.17749225134467	15
-0.0454111055683599	0.406108159138969	2789
-0.0454111055683599	0.406108159138969	558
-0.0454111055683599	0.406108159138969	558
-0.0454111055683599	0.406108159138969	558
-0.04522376365631	0.406159618358576	558
-0.04522376365631	0.406159618358576	558
-0.0454111055683599	0.406108159138969	558
-0.0454111055683599	0.406108159138969	558
-0.07608962166886	0.760023550642785	118
-0.04522376365631	0.406159618358576	118
-0.04522376365631	0.406159618358576	112
-0.0454111055683599	0.406108159138969	1
-0.0454111055683599	0.406108159138969	1
-0.04522376365631	0.406159618358576	3466
-0.0681459332729899	0.757477944035012	1561
-0.0746717748247101	0.757687975137559	1561
-0.04522376365631	0.406159618358576	1198
-0.0666562745913499	2.05233080309157	1287
0.00901847904806008	2.24893729915678	187
-0.0454111055683599	0.406108159138969	360
-0.0454111055683599	0.406108159138969	360
-0.07491177099641	0.761062662410459	370
-0.04522376365631	0.406159618358576	431
-0.04522376365631	0.406159618358576	1469
-0.0454111055683599	0.406108159138969	691
-0.04522376365631	0.406159618358576	1402
-0.0454111055683599	0.406108159138969	3020
-0.0454111055683599	0.406108159138969	3020
-0.04522376365631	0.406159618358576	134
-0.04522376365631	0.406159618358576	794
-0.04522376365631	0.406159618358576	2240
-0.04522376365631	0.406159618358576	2856
-0.0454111055683599	0.406108159138969	1143
-0.0850894631266299	1.16317055501255	134
-0.04522376365631	0.406159618358576	204
-0.04522376365631	0.406159618358576	204
-0.04522376365631	0.406159618358576	2004
0.0611865749798	0.967189766533588	15
-0.0454111055683599	0.406108159138969	2789
-0.0501273146083801	0.40572439661199	2789
-0.0454111055683599	0.406108159138969	2789
-0.0501273146083801	0.40572439661199	558
-0.06281284079462	0.749911386602174	558
-0.0501273146083801	0.40572439661199	558
-0.0454111055683599	0.406108159138969	558
-0.0454111055683599	0.406108159138969	558
-0.04522376365631	0.406159618358576	558
-0.04522376365631	0.406159618358576	558
-0.04522376365631	0.406159618358576	558
-0.04522376365631	0.406159618358576	558
-0.0501273146083801	0.40572439661199	558
-0.04522376365631	0.406159618358576	112
-0.04522376365631	0.406159618358576	1
-0.0454111055683599	0.406108159138969	56
-0.04522376365631	0.406159618358576	56
-0.0693202809442	0.7576566965492	211
-0.0454111055683599	0.406108159138969	41
-0.0454111055683599	0.406108159138969	631
-0.0454111055683599	0.406108159138969	360
-0.0454111055683599	0.406108159138969	47
-0.04522376365631	0.406159618358576	27
-0.0501273146083801	0.40572439661199	2240
-0.04522376365631	0.406159618358576	2240
-0.04522376365631	0.406159618358576	1143
-0.0454111055683599	0.406108159138969	204
-0.0454111055683599	0.406108159138969	2789
-0.0454111055683599	0.406108159138969	15
-0.0454111055683599	0.406108159138969	121
-0.0501273146083801	0.40572439661199	697
-0.04522376365631	0.406159618358576	558
-0.0454111055683599	0.406108159138969	558
-0.04522376365631	0.406159618358576	558
-0.04522376365631	0.406159618358576	558
-0.0454111055683599	0.406108159138969	558
-0.0454111055683599	0.406108159138969	558
-0.0454111055683599	0.406108159138969	558
-0.04522376365631	0.406159618358576	558
0.02194037612153	1.44192626267643	49
-0.0914190372607	1.17679393964687	112
-0.07231749393078	0.757183848190581	1
-0.0454111055683599	0.406108159138969	3466
-0.06555072674751	0.752836446371321	631
-0.0454111055683599	0.406108159138969	210
-0.0791215786258901	0.753267407814952	360
-0.0454111055683599	0.406108159138969	360
-0.0501273146083801	0.40572439661199	370
-0.04522376365631	0.406159618358576	27
-0.0501273146083801	0.40572439661199	27
-0.0454111055683599	0.406108159138969	3020
-0.07726838676269	0.754898338581045	460
-0.0454111055683599	0.406108159138969	134
-0.0501273146083801	0.40572439661199	134
-0.0454111055683599	0.406108159138969	2240
-0.0454111055683599	0.406108159138969	2856
-0.0454111055683599	0.406108159138969	3529
-0.0454111055683599	0.406108159138969	2789
-0.04522376365631	0.406159618358576	15
-0.0454111055683599	0.406108159138969	558
-0.0454111055683599	0.406108159138969	558
-0.0454111055683599	0.406108159138969	558
-0.0501273146083801	0.40572439661199	558
-0.0454111055683599	0.406108159138969	558
-0.0454111055683599	0.406108159138969	22
-0.0501273146083801	0.40572439661199	558
-0.04522376365631	0.406159618358576	558
-0.04522376365631	0.406159618358576	558
-0.04522376365631	0.406159618358576	118
-0.0693202809442	0.7576566965492	41
-0.0693202809442	0.7576566965492	187
-0.0746717748247101	0.757687975137559	210
0.11064489017667	1.61512976913433	47
0.0605591869637201	0.980212345517434	1469
-0.0657999603608601	0.748722663220006	880
-0.0454111055683599	0.406108159138969	27
-0.04522376365631	0.406159618358576	27
-0.04522376365631	0.406159618358576	2240
-0.0454111055683599	0.406108159138969	134
-0.07608962166886	0.760023550642785	204
-0.06555072674751	0.752836446371321	1830
-0.0454111055683599	0.406108159138969	2393
-0.0501273146083801	0.40572439661199	2393
-0.04522376365631	0.406159618358576	2789
-0.04522376365631	0.406159618358576	558
-0.0454111055683599	0.406108159138969	558
-0.0454111055683599	0.406108159138969	558
-0.0454111055683599	0.406108159138969	697
-0.0454111055683599	0.406108159138969	558
-0.04522376365631	0.406159618358576	558
-0.0454111055683599	0.406108159138969	558
-0.04522376365631	0.406159618358576	558
-0.0454111055683599	0.406108159138969	558
-0.06672391556845	0.755139764558434	49
-0.04522376365631	0.406159618358576	118
-0.0501273146083801	0.40572439661199	118
-0.04522376365631	0.406159618358576	118
-0.0501273146083801	0.40572439661199	118
-0.0454111055683599	0.406108159138969	308
-0.0669724935203899	0.755161927952963	112
-0.0454111055683599	0.406108159138969	112
-0.0454111055683599	0.406108159138969	1
-0.04522376365631	0.406159618358576	206
-0.04522376365631	0.406159618358576	2861
-0.04522376365631	0.406159618358576	2861
-0.04522376365631	0.406159618358576	372
-0.0454111055683599	0.406108159138969	19
-0.0501273146083801	0.40572439661199	211
-0.04522376365631	0.406159618358576	239
0.0658585351733401	0.983858903403601	41
-0.0454111055683599	0.406108159138969	211
-0.0454111055683599	0.406108159138969	210
-0.0454111055683599	0.406108159138969	630
-0.0693202809442	0.7576566965492	630
-0.04522376365631	0.406159618358576	360
-0.0454111055683599	0.406108159138969	360
-0.04522376365631	0.406159618358576	3447
-0.0454111055683599	0.406108159138969	370
-0.04522376365631	0.406159618358576	752
-0.04522376365631	0.406159618358576	47
-0.0454111055683599	0.406108159138969	27
-0.0454111055683599	0.406108159138969	27
-0.04522376365631	0.406159618358576	3020
-0.0501273146083801	0.40572439661199	3020
-0.0681459332729899	0.757477944035012	1887
-0.04522376365631	0.406159618358576	2240
-0.04522376365631	0.406159618358576	2240
-0.0454111055683599	0.406108159138969	1092
-0.04522376365631	0.406159618358576	134
-0.0454111055683599	0.406108159138969	204
-0.0454111055683599	0.406108159138969	204
-0.0501273146083801	0.40572439661199	15
-0.04522376365631	0.406159618358576	2393
-0.04522376365631	0.406159618358576	2393
-0.0454111055683599	0.406108159138969	15
-0.04522376365631	0.406159618358576	558
-0.04522376365631	0.406159618358576	558
-0.0501273146083801	0.40572439661199	558
-0.0454111055683599	0.406108159138969	558
-0.04522376365631	0.406159618358576	558
-0.04522376365631	0.406159618358576	558
-0.0454111055683599	0.406108159138969	558
-0.04522376365631	0.406159618358576	558
-0.04522376365631	0.406159618358576	49
-0.04522376365631	0.406159618358576	118
-0.04522376365631	0.406159618358576	118
-0.04522376365631	0.406159618358576	308
-0.04522376365631	0.406159618358576	112
-0.04522376365631	0.406159618358576	112
-0.04522376365631	0.406159618358576	112
-0.04522376365631	0.406159618358576	206
-0.04522376365631	0.406159618358576	206
-0.04522376365631	0.406159618358576	206
-0.0454111055683599	0.406108159138969	56
-0.04522376365631	0.406159618358576	56
-0.04522376365631	0.406159618358576	2861
-0.0501273146083801	0.40572439661199	2861
-0.0501273146083801	0.40572439661199	239
-0.04522376365631	0.406159618358576	239
-0.07373483340545	0.759520768730619	211
-0.0454111055683599	0.406108159138969	210
-0.04522376365631	0.406159618358576	210
-0.04522376365631	0.406159618358576	360
-0.04522376365631	0.406159618358576	370
-0.0454111055683599	0.406108159138969	370
-0.04522376365631	0.406159618358576	370
-0.04522376365631	0.406159618358576	436
-0.04522376365631	0.406159618358576	752
-0.0454111055683599	0.406108159138969	431
-0.0454111055683599	0.406108159138969	1469
-0.04522376365631	0.406159618358576	880
-0.0454111055683599	0.406108159138969	691
-0.04522376365631	0.406159618358576	2294
-0.04522376365631	0.406159618358576	2294
-0.04522376365631	0.406159618358576	3020
-0.0454111055683599	0.406108159138969	3020
0.0139325929569101	1.43822296182516	460
-0.0454111055683599	0.406108159138969	700
-0.0454111055683599	0.406108159138969	134
-0.04522376365631	0.406159618358576	2240
-0.04522376365631	0.406159618358576	1092
-0.0454111055683599	0.406108159138969	1092
-0.0454111055683599	0.406108159138969	1847
-0.04522376365631	0.406159618358576	1847
-0.04522376365631	0.406159618358576	134
-0.0501273146083801	0.40572439661199	204
-0.0501273146083801	0.40572439661199	2887
-0.04522376365631	0.406159618358576	2887
-0.0454111055683599	0.406108159138969	1830
-0.0695819856169599	0.753456397420435	1830
-0.04522376365631	0.406159618358576	3529
-0.0454111055683599	0.406108159138969	15
-0.0454111055683599	0.406108159138969	15
-0.04522376365631	0.406159618358576	558
-0.0501273146083801	0.40572439661199	558
-0.04522376365631	0.406159618358576	558
-0.04522376365631	0.406159618358576	558
-0.0454111055683599	0.406108159138969	558
-0.04522376365631	0.406159618358576	558
-0.04522376365631	0.406159618358576	558
-0.0501273146083801	0.40572439661199	558
-0.04522376365631	0.406159618358576	558
-0.0454111055683599	0.406108159138969	1818
-0.0501273146083801	0.40572439661199	88
0.0702889964744899	0.968480536472583	112
-0.06672391556845	0.755139764558434	112
-0.04522376365631	0.406159618358576	206
-0.04522376365631	0.406159618358576	2861
-0.04522376365631	0.406159618358576	959
-0.06789801192182	0.755319680676232	630
-0.0501273146083801	0.40572439661199	360
-0.0454111055683599	0.406108159138969	360
-0.04522376365631	0.406159618358576	348
-0.04522376365631	0.406159618358576	752
-0.0454111055683599	0.406108159138969	47
-0.04522376365631	0.406159618358576	880
-0.04522376365631	0.406159618358576	691
-0.04522376365631	0.406159618358576	3020
-0.04522376365631	0.406159618358576	2240
-0.04522376365631	0.406159618358576	1092
-0.04522376365631	0.406159618358576	1847
-0.0454111055683599	0.406108159138969	1847
-0.04522376365631	0.406159618358576	2500
-0.04522376365631	0.406159618358576	3380
-0.0454111055683599	0.406108159138969	558
-0.0454111055683599	0.406108159138969	558
-0.0454111055683599	0.406108159138969	558
-0.04522376365631	0.406159618358576	121
-0.04522376365631	0.406159618358576	558
-0.0454111055683599	0.406108159138969	558
-0.0501273146083801	0.40572439661199	558
-0.0454111055683599	0.406108159138969	558
-0.0501273146083801	0.40572439661199	558
-0.04522376365631	0.406159618358576	49
-0.0454111055683599	0.406108159138969	102
-0.04522376365631	0.406159618358576	102
-0.0501273146083801	0.40572439661199	2253
-0.04522376365631	0.406159618358576	2253
-0.04522376365631	0.406159618358576	1818
-0.04522376365631	0.406159618358576	88
-0.04522376365631	0.406159618358576	112
-0.0454111055683599	0.406108159138969	206
-0.04522376365631	0.406159618358576	206
-0.0501273146083801	0.40572439661199	206
-0.0454111055683599	0.406108159138969	282
-0.0454111055683599	0.406108159138969	959
-0.04522376365631	0.406159618358576	41
-0.0454111055683599	0.406108159138969	2657
-0.0454111055683599	0.406108159138969	3086
-0.04522376365631	0.406159618358576	210
-0.0454111055683599	0.406108159138969	360
-0.0791215786258901	0.753267407814952	360
-0.04522376365631	0.406159618358576	47
-0.04522376365631	0.406159618358576	691
-0.04522376365631	0.406159618358576	2642
-0.0454111055683599	0.406108159138969	3065
-0.0454111055683599	0.406108159138969	3065
-0.04522376365631	0.406159618358576	2240
-0.0454111055683599	0.406108159138969	1092
-0.04522376365631	0.406159618358576	1847
-0.0681459332729899	0.757477944035012	1847
-0.04522376365631	0.406159618358576	204
-0.04522376365631	0.406159618358576	204
-0.0454111055683599	0.406108159138969	204
-0.0657999603608601	0.748722663220006	15
-0.0454111055683599	0.406108159138969	15
-0.0501273146083801	0.40572439661199	1283
-0.04522376365631	0.406159618358576	2789
-0.0501273146083801	0.40572439661199	558
-0.0454111055683599	0.406108159138969	558
-0.0501273146083801	0.40572439661199	558
-0.0454111055683599	0.406108159138969	558
-0.04522376365631	0.406159618358576	558
-0.0454111055683599	0.406108159138969	558
-0.0454111055683599	0.406108159138969	49
-0.0501273146083801	0.40572439661199	102
-0.04522376365631	0.406159618358576	102
-0.04522376365631	0.406159618358576	2253
-0.04522376365631	0.406159618358576	2253
-0.04522376365631	0.406159618358576	118
-0.04522376365631	0.406159618358576	118
-0.0454111055683599	0.406108159138969	118
-0.0454111055683599	0.406108159138969	2759
-0.04522376365631	0.406159618358576	2759
-0.04522376365631	0.406159618358576	2759
-0.04522376365631	0.406159618358576	225
-0.0454111055683599	0.406108159138969	1682
-0.04522376365631	0.406159618358576	1682
-0.04522376365631	0.406159618358576	206
-0.04522376365631	0.406159618358576	206
-0.04522376365631	0.406159618358576	206
-0.04522376365631	0.406159618358576	206
-0.04522376365631	0.406159618358576	206
-0.04522376365631	0.406159618358576	206
-0.04522376365631	0.406159618358576	206
-0.0454111055683599	0.406108159138969	19
-0.04522376365631	0.406159618358576	19
-0.04522376365631	0.406159618358576	19
-0.04522376365631	0.406159618358576	504
-0.0454111055683599	0.406108159138969	2524
-0.0501273146083801	0.40572439661199	211
-0.0501273146083801	0.40572439661199	959
-0.0454111055683599	0.406108159138969	41
-0.04522376365631	0.406159618358576	901
-0.04522376365631	0.406159618358576	211
-0.04522376365631	0.406159618358576	765
-0.0454111055683599	0.406108159138969	187
-0.04522376365631	0.406159618358576	3086
-0.04522376365631	0.406159618358576	210
-0.04522376365631	0.406159618358576	210
-0.0454111055683599	0.406108159138969	360
-0.04522376365631	0.406159618358576	360
-0.0454111055683599	0.406108159138969	360
-0.04522376365631	0.406159618358576	360
-0.04522376365631	0.406159618358576	1915
-0.04522376365631	0.406159618358576	1915
-0.0501273146083801	0.40572439661199	752
-0.0454111055683599	0.406108159138969	752
-0.0454111055683599	0.406108159138969	1024
-0.0454111055683599	0.406108159138969	47
-0.04522376365631	0.406159618358576	47
-0.04522376365631	0.406159618358576	3452
-0.04522376365631	0.406159618358576	1469
-0.04522376365631	0.406159618358576	691
-0.04522376365631	0.406159618358576	880
-0.04522376365631	0.406159618358576	27
-0.04522376365631	0.406159618358576	2642
-0.0454111055683599	0.406108159138969	3020
-0.0639861075511099	0.750093739397359	460
-0.0454111055683599	0.406108159138969	700
-0.04522376365631	0.406159618358576	700
-0.04522376365631	0.406159618358576	2240
-0.04522376365631	0.406159618358576	1092
-0.04522376365631	0.406159618358576	116
-0.0454111055683599	0.406108159138969	134
-0.0454111055683599	0.406108159138969	204
-0.0501273146083801	0.40572439661199	1796
-0.04522376365631	0.406159618358576	1796
-0.0454111055683599	0.406108159138969	558
-0.04522376365631	0.406159618358576	558
-0.0454111055683599	0.406108159138969	558
-0.0454111055683599	0.406108159138969	558
-0.0501273146083801	0.40572439661199	558
-0.04522376365631	0.406159618358576	558
-0.04522376365631	0.406159618358576	558
-0.04522376365631	0.406159618358576	558
-0.04522376365631	0.406159618358576	558
-0.0454111055683599	0.406108159138969	558
-0.04522376365631	0.406159618358576	558
-0.04522376365631	0.406159618358576	102
-0.04522376365631	0.406159618358576	2253
-0.04522376365631	0.406159618358576	118
-0.04522376365631	0.406159618358576	1818
-0.0454111055683599	0.406108159138969	2759
-0.04522376365631	0.406159618358576	2759
-0.04522376365631	0.406159618358576	88
-0.04522376365631	0.406159618358576	88
-0.0454111055683599	0.406108159138969	112
-0.04522376365631	0.406159618358576	112
-0.0454111055683599	0.406108159138969	1276
-0.0454111055683599	0.406108159138969	112
-0.0454111055683599	0.406108159138969	112
-0.04522376365631	0.406159618358576	1682
-0.0454111055683599	0.406108159138969	1682
-0.0501273146083801	0.40572439661199	206
-0.0454111055683599	0.406108159138969	206
-0.04522376365631	0.406159618358576	206
-0.04522376365631	0.406159618358576	56
-0.04522376365631	0.406159618358576	2861
-0.04522376365631	0.406159618358576	504
-0.0454111055683599	0.406108159138969	959
-0.0454111055683599	0.406108159138969	211
-0.04522376365631	0.406159618358576	901
-0.0454111055683599	0.406108159138969	765
-0.04522376365631	0.406159618358576	765
-0.0693202809442	0.7576566965492	1287
0.0699478339375601	0.971308925372225	1287
-0.0454111055683599	0.406108159138969	1291
-0.0454111055683599	0.406108159138969	360
-0.04522376365631	0.406159618358576	360
-0.04522376365631	0.406159618358576	1915
-0.0501273146083801	0.40572439661199	1915
-0.0454111055683599	0.406108159138969	752
-0.04522376365631	0.406159618358576	1024
-0.04522376365631	0.406159618358576	3452
-0.04522376365631	0.406159618358576	3452
-0.04522376365631	0.406159618358576	1764
-0.04522376365631	0.406159618358576	3020
-0.04522376365631	0.406159618358576	134
-0.0454111055683599	0.406108159138969	134
-0.0454111055683599	0.406108159138969	134
-0.04522376365631	0.406159618358576	2240
-0.0454111055683599	0.406108159138969	2240
-0.04522376365631	0.406159618358576	2240
-0.0454111055683599	0.406108159138969	2240
-0.0454111055683599	0.406108159138969	1092
-0.04522376365631	0.406159618358576	405
-0.0454111055683599	0.406108159138969	204
-0.0454111055683599	0.406108159138969	204
-0.0454111055683599	0.406108159138969	204
-0.0793549045361299	0.750532898549476	2371
-0.04522376365631	0.406159618358576	2797
-0.04522376365631	0.406159618358576	2500
-0.04522376365631	0.406159618358576	2500
-0.0454111055683599	0.406108159138969	2500
-0.04522376365631	0.406159618358576	2500
-0.04522376365631	0.406159618358576	558
-0.0501273146083801	0.40572439661199	558
-0.0454111055683599	0.406108159138969	558
-0.04522376365631	0.406159618358576	558
-0.0501273146083801	0.40572439661199	102
-0.04522376365631	0.406159618358576	1932
-0.0454111055683599	0.406108159138969	1818
-0.0454111055683599	0.406108159138969	2759
-0.07255880756041	0.753613125904852	225
-0.04522376365631	0.406159618358576	88
-0.0454111055683599	0.406108159138969	112
-0.0501273146083801	0.40572439661199	1276
-0.04522376365631	0.406159618358576	112
-0.04522376365631	0.406159618358576	1682
-0.04522376365631	0.406159618358576	1682
-0.0501273146083801	0.40572439661199	1682
-0.0501273146083801	0.40572439661199	206
-0.0454111055683599	0.406108159138969	206
-0.04522376365631	0.406159618358576	206
-0.04522376365631	0.406159618358576	2861
-0.04522376365631	0.406159618358576	2804
-0.04522376365631	0.406159618358576	2062
-0.04522376365631	0.406159618358576	19
-0.0454111055683599	0.406108159138969	504
-0.0454111055683599	0.406108159138969	504
-0.04522376365631	0.406159618358576	504
-0.04522376365631	0.406159618358576	2524
-0.0501273146083801	0.40572439661199	2524
-0.0454111055683599	0.406108159138969	1234
-0.04522376365631	0.406159618358576	959
-0.0454111055683599	0.406108159138969	959
-0.0454111055683599	0.406108159138969	959
-0.0501273146083801	0.40572439661199	959
-0.04522376365631	0.406159618358576	2657
-0.04522376365631	0.406159618358576	765
-0.0454111055683599	0.406108159138969	1291
-0.04522376365631	0.406159618358576	210
-0.04522376365631	0.406159618358576	210
-0.0501273146083801	0.40572439661199	3142
-0.04522376365631	0.406159618358576	210
-0.04522376365631	0.406159618358576	210
-0.04522376365631	0.406159618358576	360
-0.0454111055683599	0.406108159138969	360
-0.04522376365631	0.406159618358576	1890
-0.0454111055683599	0.406108159138969	1764
-0.04522376365631	0.406159618358576	1764
-0.0501273146083801	0.40572439661199	1764
-0.04522376365631	0.406159618358576	1764
-0.04522376365631	0.406159618358576	134
-0.0454111055683599	0.406108159138969	1887
0.07500184758954	0.965853387101135	608
-0.0454111055683599	0.406108159138969	2240
-0.04522376365631	0.406159618358576	3592
-0.06555072674751	0.752836446371321	134
-0.0501273146083801	0.40572439661199	204
-0.04522376365631	0.406159618358576	15
-0.04522376365631	0.406159618358576	15
-0.0501273146083801	0.40572439661199	558
-0.04522376365631	0.406159618358576	558
-0.0454111055683599	0.406108159138969	558
-0.0501273146083801	0.40572439661199	558
-0.0501273146083801	0.40572439661199	697
-0.0454111055683599	0.406108159138969	697
-0.04522376365631	0.406159618358576	558
-0.04522376365631	0.406159618358576	558
-0.04522376365631	0.406159618358576	558
-0.0501273146083801	0.40572439661199	558
-0.0454111055683599	0.406108159138969	558
-0.04522376365631	0.406159618358576	558
-0.0501273146083801	0.40572439661199	2253
-0.04522376365631	0.406159618358576	1932
-0.04522376365631	0.406159618358576	1932
-0.04522376365631	0.406159618358576	1448
-0.06789801192182	0.755319680676232	88
-0.04522376365631	0.406159618358576	112
-0.0715176104267601	2.43700237252375	112
-0.04522376365631	0.406159618358576	1276
-0.0501273146083801	0.40572439661199	1682
-0.04522376365631	0.406159618358576	372
-0.04522376365631	0.406159618358576	56
-0.0454111055683599	0.406108159138969	2861
-0.04522376365631	0.406159618358576	2062
-0.0454111055683599	0.406108159138969	19
0.02419597220226	1.43566366894151	280
0.10027546502848	1.64825293509051	19
-0.0454111055683599	0.406108159138969	504
-0.0454111055683599	0.406108159138969	2524
-0.06789801192182	0.755319680676232	901
-0.04522376365631	0.406159618358576	901
-0.04522376365631	0.406159618358576	2657
-0.04522376365631	0.406159618358576	210
-0.0454111055683599	0.406108159138969	1291
-0.0501273146083801	0.40572439661199	210
-0.04522376365631	0.406159618358576	210
-0.04522376365631	0.406159618358576	360
-0.04522376365631	0.406159618358576	197
-0.0454111055683599	0.406108159138969	2594
-0.0454111055683599	0.406108159138969	1024
-0.0454111055683599	0.406108159138969	1024
0.0634438025863	0.966816783684408	47
-0.04522376365631	0.406159618358576	691
-0.04522376365631	0.406159618358576	1890
-0.0454111055683599	0.406108159138969	1764
-0.0454111055683599	0.406108159138969	1764
-0.0454111055683599	0.406108159138969	700
-0.04522376365631	0.406159618358576	700
-0.0827543500861101	1.13854888884499	608
-0.04522376365631	0.406159618358576	405
-0.0454111055683599	0.406108159138969	588
-0.0454111055683599	0.406108159138969	15
-0.0454111055683599	0.406108159138969	204
-0.0501273146083801	0.40572439661199	2371
-0.04522376365631	0.406159618358576	15
-0.0454111055683599	0.406108159138969	15
-0.04522376365631	0.406159618358576	15
-0.04522376365631	0.406159618358576	558
-0.04522376365631	0.406159618358576	558
-0.04522376365631	0.406159618358576	558
-0.04522376365631	0.406159618358576	558
-0.04522376365631	0.406159618358576	558
-0.0454111055683599	0.406108159138969	118
-0.0454111055683599	0.406108159138969	102
-0.04522376365631	0.406159618358576	102
-0.0454111055683599	0.406108159138969	307
-0.0501273146083801	0.40572439661199	118
-0.0454111055683599	0.406108159138969	225
-0.04522376365631	0.406159618358576	112
-0.04522376365631	0.406159618358576	1276
-0.04522376365631	0.406159618358576	112
-0.0454111055683599	0.406108159138969	2289
-0.04522376365631	0.406159618358576	2289
-0.04522376365631	0.406159618358576	206
-0.04522376365631	0.406159618358576	206
-0.0454111055683599	0.406108159138969	1763
-0.04522376365631	0.406159618358576	2861
-0.0454111055683599	0.406108159138969	2861
-0.0501273146083801	0.40572439661199	504
-0.0501273146083801	0.40572439661199	282
-0.04522376365631	0.406159618358576	1234
-0.0454111055683599	0.406108159138969	1234
-0.0501273146083801	0.40572439661199	901
-0.04522376365631	0.406159618358576	2657
-0.0454111055683599	0.406108159138969	210
-0.0454111055683599	0.406108159138969	210
-0.0454111055683599	0.406108159138969	210
-0.0454111055683599	0.406108159138969	3142
-0.04522376365631	0.406159618358576	360
-0.04522376365631	0.406159618358576	579
-0.0454111055683599	0.406108159138969	1024
-0.04522376365631	0.406159618358576	1024
-0.0501273146083801	0.40572439661199	47
-0.0454111055683599	0.406108159138969	691
-0.04522376365631	0.406159618358576	691
-0.04522376365631	0.406159618358576	1764
-0.04522376365631	0.406159618358576	1764
-0.0501273146083801	0.40572439661199	1884
-0.04522376365631	0.406159618358576	1884
-0.04522376365631	0.406159618358576	134
-0.0454111055683599	0.406108159138969	608
-0.0454111055683599	0.406108159138969	405
-0.04522376365631	0.406159618358576	405
-0.0501273146083801	0.40572439661199	405
-0.0454111055683599	0.406108159138969	204
-0.04522376365631	0.406159618358576	390
-0.0454111055683599	0.406108159138969	390
-0.04522376365631	0.406159618358576	390
-0.04522376365631	0.406159618358576	390
-0.0454111055683599	0.406108159138969	558
-0.04522376365631	0.406159618358576	558
-0.04522376365631	0.406159618358576	558
-0.04522376365631	0.406159618358576	558
-0.04522376365631	0.406159618358576	558
-0.04522376365631	0.406159618358576	558
-0.0501273146083801	0.40572439661199	558
-0.04522376365631	0.406159618358576	558
-0.0501273146083801	0.40572439661199	558
-0.04522376365631	0.406159618358576	558
-0.04522376365631	0.406159618358576	49
-0.0454111055683599	0.406108159138969	102
-0.0454111055683599	0.406108159138969	2188
-0.0454111055683599	0.406108159138969	1932
-0.04522376365631	0.406159618358576	3621
-0.0454111055683599	0.406108159138969	308
-0.04522376365631	0.406159618358576	225
-0.0454111055683599	0.406108159138969	1448
-0.0501273146083801	0.40572439661199	1448
-0.04522376365631	0.406159618358576	1448
-0.04522376365631	0.406159618358576	1448
-0.04522376365631	0.406159618358576	2289
-0.04522376365631	0.406159618358576	1726
-0.0454111055683599	0.406108159138969	56
-0.04522376365631	0.406159618358576	56
-0.04522376365631	0.406159618358576	56
-0.0501273146083801	0.40572439661199	2861
-0.0501273146083801	0.40572439661199	946
-0.0454111055683599	0.406108159138969	280
-0.0454111055683599	0.406108159138969	280
-0.0454111055683599	0.406108159138969	280
-0.04522376365631	0.406159618358576	280
-0.0501273146083801	0.40572439661199	504
-0.0454111055683599	0.406108159138969	211
0.06594130409126	0.966404331522216	210
0.06778549789713	0.981364424528038	210
-0.04522376365631	0.406159618358576	3142
-0.0454111055683599	0.406108159138969	3142
-0.04522376365631	0.406159618358576	3142
-0.04522376365631	0.406159618358576	579
-0.04522376365631	0.406159618358576	579
-0.0454111055683599	0.406108159138969	360
-0.04522376365631	0.406159618358576	360
-0.04522376365631	0.406159618358576	197
-0.04522376365631	0.406159618358576	197
-0.0454111055683599	0.406108159138969	1024
0.0794265380191801	0.956747217048929	1469
-0.04522376365631	0.406159618358576	1469
-0.0501273146083801	0.40572439661199	949
-0.0454111055683599	0.406108159138969	700
-0.04522376365631	0.406159618358576	700
-0.04522376365631	0.406159618358576	942
-0.0501273146083801	0.40572439661199	2442
-0.04522376365631	0.406159618358576	405
-0.0454111055683599	0.406108159138969	405
-0.04522376365631	0.406159618358576	204
-0.04522376365631	0.406159618358576	204
-0.0454111055683599	0.406108159138969	15
-0.0501273146083801	0.40572439661199	390
-0.0454111055683599	0.406108159138969	558
-0.0454111055683599	0.406108159138969	558
-0.0454111055683599	0.406108159138969	558
-0.04522376365631	0.406159618358576	558
-0.0501273146083801	0.40572439661199	102
-0.04522376365631	0.406159618358576	102
-0.0454111055683599	0.406108159138969	502
-0.04522376365631	0.406159618358576	118
-0.04522376365631	0.406159618358576	118
-0.0454111055683599	0.406108159138969	3621
-0.04522376365631	0.406159618358576	1448
-0.04522376365631	0.406159618358576	1448
-0.04522376365631	0.406159618358576	1448
-0.04522376365631	0.406159618358576	88
-0.0454111055683599	0.406108159138969	946
-0.0454111055683599	0.406108159138969	946
-0.04522376365631	0.406159618358576	1234
-0.0454111055683599	0.406108159138969	125
-0.0454111055683599	0.406108159138969	2340
0.05926112655975	0.9721554495193	210
-0.0454111055683599	0.406108159138969	210
-0.0454111055683599	0.406108159138969	210
-0.04522376365631	0.406159618358576	3142
-0.04522376365631	0.406159618358576	210
-0.0454111055683599	0.406108159138969	210
-0.04522376365631	0.406159618358576	579
-0.04522376365631	0.406159618358576	197
-0.04522376365631	0.406159618358576	1160
-0.0454111055683599	0.406108159138969	1160
-0.04522376365631	0.406159618358576	1160
-0.0501273146083801	0.40572439661199	1024
-0.04522376365631	0.406159618358576	1024
-0.0681459332729899	0.757477944035012	700
-0.04522376365631	0.406159618358576	608
-0.04522376365631	0.406159618358576	942
-0.04522376365631	0.406159618358576	2442
-0.04522376365631	0.406159618358576	405
-0.0454111055683599	0.406108159138969	405
-0.04522376365631	0.406159618358576	405
-0.0454111055683599	0.406108159138969	15
-0.04522376365631	0.406159618358576	390
-0.04522376365631	0.406159618358576	390
-0.04522376365631	0.406159618358576	390
-0.0501273146083801	0.40572439661199	390
-0.04522376365631	0.406159618358576	390
-0.04522376365631	0.406159618358576	558
-0.04522376365631	0.406159618358576	1283
-0.0454111055683599	0.406108159138969	1283
-0.04522376365631	0.406159618358576	558
-0.04522376365631	0.406159618358576	558
-0.04522376365631	0.406159618358576	558
-0.04522376365631	0.406159618358576	102
-0.07231749393078	0.757183848190581	1932
-0.04522376365631	0.406159618358576	1932
-0.04522376365631	0.406159618358576	118
-0.0454111055683599	0.406108159138969	3621
-0.0454111055683599	0.406108159138969	3621
-0.04522376365631	0.406159618358576	3621
-0.04522376365631	0.406159618358576	225
-0.04522376365631	0.406159618358576	1448
-0.04522376365631	0.406159618358576	1448
-0.04522376365631	0.406159618358576	1448
-0.04522376365631	0.406159618358576	225
-0.04522376365631	0.406159618358576	112
-0.0454111055683599	0.406108159138969	112
-0.04522376365631	0.406159618358576	112
-0.04522376365631	0.406159618358576	112
-0.0454111055683599	0.406108159138969	2289
-0.0805344456027799	0.755559929122587	372
-0.0454111055683599	0.406108159138969	1726
-0.04522376365631	0.406159618358576	1726
-0.0454111055683599	0.406108159138969	1726
-0.04522376365631	0.406159618358576	56
-0.04522376365631	0.406159618358576	1763
-0.04522376365631	0.406159618358576	946
-0.0454111055683599	0.406108159138969	946
-0.0454111055683599	0.406108159138969	946
-0.04522376365631	0.406159618358576	280
-0.04522376365631	0.406159618358576	504
-0.04522376365631	0.406159618358576	504
-0.04522376365631	0.406159618358576	1234
-0.04522376365631	0.406159618358576	959
-0.04522376365631	0.406159618358576	959
-0.0501273146083801	0.40572439661199	765
-0.04522376365631	0.406159618358576	2340
-0.0454111055683599	0.406108159138969	210
-0.04522376365631	0.406159618358576	210
-0.04522376365631	0.406159618358576	210
-0.04522376365631	0.406159618358576	210
-0.04522376365631	0.406159618358576	210
-0.04522376365631	0.406159618358576	197
-0.04522376365631	0.406159618358576	197
-0.04522376365631	0.406159618358576	1160
-0.04522376365631	0.406159618358576	1160
-0.04522376365631	0.406159618358576	1024
-0.04522376365631	0.406159618358576	1024
-0.0454111055683599	0.406108159138969	1024
-0.04522376365631	0.406159618358576	3438
-0.0454111055683599	0.406108159138969	845
-0.0501273146083801	0.40572439661199	47
-0.04522376365631	0.406159618358576	691
-0.04522376365631	0.406159618358576	2088
-0.0454111055683599	0.406108159138969	134
-0.04522376365631	0.406159618358576	700
-0.0501273146083801	0.40572439661199	942
-0.0454111055683599	0.406108159138969	942
-0.0454111055683599	0.406108159138969	3592
-0.04522376365631	0.406159618358576	3592
-0.04522376365631	0.406159618358576	405
-0.04522376365631	0.406159618358576	204
-0.0454111055683599	0.406108159138969	390
-0.0454111055683599	0.406108159138969	390
-0.0454111055683599	0.406108159138969	15
-0.04522376365631	0.406159618358576	558
-0.04522376365631	0.406159618358576	558
-0.0454111055683599	0.406108159138969	118
-0.04522376365631	0.406159618358576	118
-0.04522376365631	0.406159618358576	118
-0.04522376365631	0.406159618358576	1726
-0.0501273146083801	0.40572439661199	56
-0.0454111055683599	0.406108159138969	56
-0.0454111055683599	0.406108159138969	946
-0.04522376365631	0.406159618358576	280
-0.0454111055683599	0.406108159138969	1196
-0.0454111055683599	0.406108159138969	1196
-0.04522376365631	0.406159618358576	1593
-0.0501273146083801	0.40572439661199	210
-0.04522376365631	0.406159618358576	210
-0.0501273146083801	0.40572439661199	210
-0.04522376365631	0.406159618358576	579
-0.04522376365631	0.406159618358576	1024
-0.04522376365631	0.406159618358576	691
-0.0501273146083801	0.40572439661199	949
-0.04522376365631	0.406159618358576	691
-0.0454111055683599	0.406108159138969	1764
-0.0454111055683599	0.406108159138969	134
-0.0454111055683599	0.406108159138969	601
-0.0454111055683599	0.406108159138969	3592
-0.04522376365631	0.406159618358576	3592
-0.0711417211845999	0.751312028200316	134
-0.04522376365631	0.406159618358576	204
-0.0454111055683599	0.406108159138969	15
-0.04522376365631	0.406159618358576	15
-0.0454111055683599	0.406108159138969	558
-0.04522376365631	0.406159618358576	558
-0.04522376365631	0.406159618358576	1283
-0.0501273146083801	0.40572439661199	558
-0.0454111055683599	0.406108159138969	558
-0.04522376365631	0.406159618358576	558
-0.0454111055683599	0.406108159138969	558
-0.04522376365631	0.406159618358576	102
-0.0501273146083801	0.40572439661199	1726
-0.04522376365631	0.406159618358576	946
-0.04522376365631	0.406159618358576	280
-0.04522376365631	0.406159618358576	280
-0.04522376365631	0.406159618358576	1196
-0.04522376365631	0.406159618358576	1593
-0.0693202809442	0.7576566965492	765
-0.04522376365631	0.406159618358576	210
-0.0454111055683599	0.406108159138969	210
-0.0454111055683599	0.406108159138969	579
-0.04522376365631	0.406159618358576	827
-0.04522376365631	0.406159618358576	197
-0.0454111055683599	0.406108159138969	1160
-0.0693202809442	0.7576566965492	845
-0.04522376365631	0.406159618358576	3091
-0.0454111055683599	0.406108159138969	134
-0.04522376365631	0.406159618358576	3592
-0.04522376365631	0.406159618358576	558
-0.04522376365631	0.406159618358576	558
-0.0501273146083801	0.40572439661199	558
-0.04522376365631	0.406159618358576	1283
-0.0454111055683599	0.406108159138969	558
-0.04522376365631	0.406159618358576	558
-0.04522376365631	0.406159618358576	3025
-0.0454111055683599	0.406108159138969	118
-0.07373483340545	0.759520768730619	118
0.0133639166606601	1.43950691457803	112
-0.0681459332729899	0.757477944035012	56
-0.0681459332729899	0.757477944035012	946
-0.0454111055683599	0.406108159138969	1005
-0.04522376365631	0.406159618358576	579
-0.07491177099641	0.761062662410459	1059
-0.0454111055683599	0.406108159138969	1574
-0.04522376365631	0.406159618358576	1574
-0.0454111055683599	0.406108159138969	558
-0.0454111055683599	0.406108159138969	558
-0.0501273146083801	0.40572439661199	558
-0.0454111055683599	0.406108159138969	558
-0.04522376365631	0.406159618358576	558
-0.0501273146083801	0.40572439661199	558
-0.0454111055683599	0.406108159138969	558
-0.04522376365631	0.406159618358576	558
-0.0669724935203899	0.755161927952963	118
-0.04522376365631	0.406159618358576	118
-0.0454111055683599	0.406108159138969	56
-0.04522376365631	0.406159618358576	56
-0.0454111055683599	0.406108159138969	1005
-0.04522376365631	0.406159618358576	1005
-0.0693202809442	0.7576566965492	1672
-0.04522376365631	0.406159618358576	765
-0.04522376365631	0.406159618358576	765
-0.07349417803259	0.758718061977533	765
-0.0501273146083801	0.40572439661199	210
-0.04522376365631	0.406159618358576	210
-0.04522376365631	0.406159618358576	210
-0.04522376365631	0.406159618358576	348
-0.0501273146083801	0.40572439661199	579
-0.0501273146083801	0.40572439661199	402
-0.07049553786231	0.755751724984709	402
-0.0454111055683599	0.406108159138969	601
-0.04522376365631	0.406159618358576	601
-0.04522376365631	0.406159618358576	2343
-0.04522376365631	0.406159618358576	764
0.02447516367697	1.42224986987671	755
-0.08600794801772	1.16351220960851	134
-0.0454111055683599	0.406108159138969	204
-0.0454111055683599	0.406108159138969	1574
-0.0454111055683599	0.406108159138969	1574
-0.04522376365631	0.406159618358576	1689
-0.0454111055683599	0.406108159138969	558
-0.04522376365631	0.406159618358576	558
-0.0501273146083801	0.40572439661199	3025
-0.0805344456027799	0.755559929122587	118
-0.04522376365631	0.406159618358576	118
-0.0501273146083801	0.40572439661199	56
-0.0454111055683599	0.406108159138969	600
-0.07231749393078	0.757183848190581	1546
-0.06046902471553	0.74131826500725	1005
-0.04522376365631	0.406159618358576	765
-0.06555072674751	0.752836446371321	765
-0.0501273146083801	0.40572439661199	210
-0.04522376365631	0.406159618358576	579
-0.0454111055683599	0.406108159138969	579
0.0668223144935201	0.983497164001226	1160
-0.0639861075511099	0.750093739397359	845
-0.04522376365631	0.406159618358576	1643
-0.04522376365631	0.406159618358576	900
-0.0639861075511099	0.750093739397359	134
-0.04522376365631	0.406159618358576	134
-0.04522376365631	0.406159618358576	134
-0.04522376365631	0.406159618358576	134
-0.0454111055683599	0.406108159138969	1574
-0.04522376365631	0.406159618358576	1574
-0.0501273146083801	0.40572439661199	1574
-0.0454111055683599	0.406108159138969	1574
-0.04522376365631	0.406159618358576	1574
-0.04522376365631	0.406159618358576	1574
-0.0454111055683599	0.406108159138969	15
-0.0501273146083801	0.40572439661199	558
-0.0501273146083801	0.40572439661199	558
-0.04522376365631	0.406159618358576	558
-0.0454111055683599	0.406108159138969	558
-0.0501273146083801	0.40572439661199	558
-0.04522376365631	0.406159618358576	558
-0.04522376365631	0.406159618358576	22
-0.07255880756041	0.753613125904852	118
-0.04522376365631	0.406159618358576	118
-0.0501273146083801	0.40572439661199	118
-0.0454111055683599	0.406108159138969	225
-0.0454111055683599	0.406108159138969	539
-0.04522376365631	0.406159618358576	1987
-0.0454111055683599	0.406108159138969	112
0.0656867290343901	0.936602890807333	112
-0.04522376365631	0.406159618358576	1726
-0.0454111055683599	0.406108159138969	3628
-0.04522376365631	0.406159618358576	56
0.0230187230472401	1.40088395754395	56
-0.04522376365631	0.406159618358576	56
-0.04522376365631	0.406159618358576	473
-0.0669724935203899	0.755161927952963	799
-0.04522376365631	0.406159618358576	504
-0.07231749393078	0.757183848190581	211
-0.06555072674751	0.752836446371321	1005
-0.06907301713506	0.753429338745028	210
-0.0501273146083801	0.40572439661199	579
-0.04522376365631	0.406159618358576	579
-0.04522376365631	0.406159618358576	197
-0.04522376365631	0.406159618358576	197
-0.04522376365631	0.406159618358576	1024
-0.04522376365631	0.406159618358576	47
-0.0501273146083801	0.40572439661199	1643
-0.0454111055683599	0.406108159138969	601
-0.0454111055683599	0.406108159138969	601
-0.04522376365631	0.406159618358576	134
-0.04522376365631	0.406159618358576	134
-0.0454111055683599	0.406108159138969	134
-0.0454111055683599	0.406108159138969	134
-0.04522376365631	0.406159618358576	134
-0.04522376365631	0.406159618358576	134
-0.0454111055683599	0.406108159138969	204
-0.0454111055683599	0.406108159138969	204
-0.0454111055683599	0.406108159138969	219
-0.0454111055683599	0.406108159138969	1574
-0.0501273146083801	0.40572439661199	558
-0.0454111055683599	0.406108159138969	558
-0.0501273146083801	0.40572439661199	558
-0.04522376365631	0.406159618358576	558
-0.04522376365631	0.406159618358576	558
-0.04522376365631	0.406159618358576	118
-0.04522376365631	0.406159618358576	118
-0.0501273146083801	0.40572439661199	102
-0.0791215786258901	0.753267407814952	118
-0.07255880756041	0.753613125904852	118
-0.04522376365631	0.406159618358576	118
-0.04522376365631	0.406159618358576	118
-0.0454111055683599	0.406108159138969	118
-0.04522376365631	0.406159618358576	1987
-0.0454111055683599	0.406108159138969	1987
-0.04522376365631	0.406159618358576	112
-0.04522376365631	0.406159618358576	112
-0.04522376365631	0.406159618358576	3628
-0.04522376365631	0.406159618358576	605
-0.0454111055683599	0.406108159138969	914
-0.04522376365631	0.406159618358576	56
-0.0454111055683599	0.406108159138969	1937
-0.04522376365631	0.406159618358576	799
-0.0454111055683599	0.406108159138969	504
-0.04522376365631	0.406159618358576	1241
-0.04522376365631	0.406159618358576	211
-0.04522376365631	0.406159618358576	2619
-0.04522376365631	0.406159618358576	2619
-0.0454111055683599	0.406108159138969	210
-0.04522376365631	0.406159618358576	210
-0.04522376365631	0.406159618358576	210
-0.0501273146083801	0.40572439661199	210
-0.04522376365631	0.406159618358576	210
-0.04522376365631	0.406159618358576	197
-0.04522376365631	0.406159618358576	197
-0.0454111055683599	0.406108159138969	1160
-0.0501273146083801	0.40572439661199	1024
-0.0454111055683599	0.406108159138969	1024
-0.04522376365631	0.406159618358576	1643
-0.0454111055683599	0.406108159138969	134
-0.04522376365631	0.406159618358576	601
-0.04522376365631	0.406159618358576	134
-0.04522376365631	0.406159618358576	134
-0.0501273146083801	0.40572439661199	134
-0.04522376365631	0.406159618358576	134
-0.04522376365631	0.406159618358576	204
-0.06672391556845	0.755139764558434	2503
-0.0681459332729899	0.757477944035012	1059
-0.04522376365631	0.406159618358576	1574
-0.0501273146083801	0.40572439661199	1574
-0.04522376365631	0.406159618358576	1574
-0.04522376365631	0.406159618358576	1574
-0.04522376365631	0.406159618358576	558
-0.0454111055683599	0.406108159138969	558
-0.0501273146083801	0.40572439661199	558
-0.0501273146083801	0.40572439661199	558
-0.04522376365631	0.406159618358576	558
-0.04522376365631	0.406159618358576	558
-0.04522376365631	0.406159618358576	558
-0.04522376365631	0.406159618358576	558
-0.04522376365631	0.406159618358576	558
-0.0454111055683599	0.406108159138969	558
-0.04522376365631	0.406159618358576	558
-0.04522376365631	0.406159618358576	558
-0.06672391556845	0.755139764558434	49
-0.04522376365631	0.406159618358576	118
-0.04522376365631	0.406159618358576	118
-0.0501273146083801	0.40572439661199	118
-0.07373483340545	0.759520768730619	118
-0.0454111055683599	0.406108159138969	3019
-0.04522376365631	0.406159618358576	308
-0.0454111055683599	0.406108159138969	118
-0.04522376365631	0.406159618358576	118
-0.04522376365631	0.406159618358576	225
-0.04522376365631	0.406159618358576	225
-0.04522376365631	0.406159618358576	225
-0.0454111055683599	0.406108159138969	1987
-0.04522376365631	0.406159618358576	1987
-0.0746717748247101	0.757687975137559	1987
-0.04522376365631	0.406159618358576	112
-0.04522376365631	0.406159618358576	549
-0.0501273146083801	0.40572439661199	112
-0.04522376365631	0.406159618358576	914
-0.0501273146083801	0.40572439661199	914
-0.04522376365631	0.406159618358576	56
-0.0454111055683599	0.406108159138969	600
-0.04522376365631	0.406159618358576	600
-0.0501273146083801	0.40572439661199	473
-0.0501273146083801	0.40572439661199	1937
-0.0454111055683599	0.406108159138969	799
-0.0454111055683599	0.406108159138969	2619
-0.0454111055683599	0.406108159138969	2619
-0.0454111055683599	0.406108159138969	210
-0.0454111055683599	0.406108159138969	210
-0.04522376365631	0.406159618358576	579
-0.0501273146083801	0.40572439661199	579
-0.0454111055683599	0.406108159138969	579
-0.04522376365631	0.406159618358576	1160
-0.0454111055683599	0.406108159138969	1160
-0.04522376365631	0.406159618358576	1024
-0.04522376365631	0.406159618358576	1024
-0.0454111055683599	0.406108159138969	402
-0.0454111055683599	0.406108159138969	47
-0.04522376365631	0.406159618358576	1643
-0.0454111055683599	0.406108159138969	601
-0.0454111055683599	0.406108159138969	3021
-0.06840613866815	0.751938577957193	755
-0.0454111055683599	0.406108159138969	1511
-0.0501273146083801	0.40572439661199	134
-0.04522376365631	0.406159618358576	1282
-0.0454111055683599	0.406108159138969	111
-0.0501273146083801	0.40572439661199	219
-0.04522376365631	0.406159618358576	219
0.0658585351733401	0.983858903403601	1059
-0.0454111055683599	0.406108159138969	1574
-0.0454111055683599	0.406108159138969	558
-0.0501273146083801	0.40572439661199	558
-0.04522376365631	0.406159618358576	558
-0.0454111055683599	0.406108159138969	558
-0.0454111055683599	0.406108159138969	49
-0.04522376365631	0.406159618358576	118
-0.0454111055683599	0.406108159138969	118
-0.0454111055683599	0.406108159138969	3019
-0.0454111055683599	0.406108159138969	3019
-0.04522376365631	0.406159618358576	3019
-0.04522376365631	0.406159618358576	3019
-0.04522376365631	0.406159618358576	118
-0.04522376365631	0.406159618358576	118
-0.04522376365631	0.406159618358576	118
-0.04522376365631	0.406159618358576	225
-0.0454111055683599	0.406108159138969	225
-0.04522376365631	0.406159618358576	112
-0.0154071885511899	2.27180115406268	112
-0.04522376365631	0.406159618358576	1987
-0.04522376365631	0.406159618358576	1987
-0.04522376365631	0.406159618358576	372
-0.04522376365631	0.406159618358576	372
-0.0454111055683599	0.406108159138969	2941
-0.04522376365631	0.406159618358576	3382
-0.0454111055683599	0.406108159138969	372
-0.04522376365631	0.406159618358576	372
-0.04522376365631	0.406159618358576	914
-0.0454111055683599	0.406108159138969	914
-0.04522376365631	0.406159618358576	600
-0.0454111055683599	0.406108159138969	600
-0.04522376365631	0.406159618358576	600
-0.04522376365631	0.406159618358576	600
-0.04522376365631	0.406159618358576	600
-0.04522376365631	0.406159618358576	1937
-0.04522376365631	0.406159618358576	1937
-0.0454111055683599	0.406108159138969	1241
-0.04522376365631	0.406159618358576	1201
-0.0454111055683599	0.406108159138969	989
-0.04522376365631	0.406159618358576	772
-0.04522376365631	0.406159618358576	2619
-0.04522376365631	0.406159618358576	2619
-0.04522376365631	0.406159618358576	2619
-0.04522376365631	0.406159618358576	3290
-0.0501273146083801	0.40572439661199	210
-0.04522376365631	0.406159618358576	579
-0.04522376365631	0.406159618358576	579
-0.04522376365631	0.406159618358576	197
-0.04522376365631	0.406159618358576	1643
-0.04522376365631	0.406159618358576	1643
-0.0454111055683599	0.406108159138969	1643
-0.0454111055683599	0.406108159138969	2361
-0.0454111055683599	0.406108159138969	2361
-0.04522376365631	0.406159618358576	601
-0.0454111055683599	0.406108159138969	601
-0.04522376365631	0.406159618358576	3021
-0.0454111055683599	0.406108159138969	1511
-0.0454111055683599	0.406108159138969	1282
-0.0501273146083801	0.40572439661199	111
-0.04522376365631	0.406159618358576	111
-0.04522376365631	0.406159618358576	335
-0.0501273146083801	0.40572439661199	204
-0.0501273146083801	0.40572439661199	15
-0.04522376365631	0.406159618358576	15
-0.0454111055683599	0.406108159138969	1574
-0.04522376365631	0.406159618358576	1574
-0.0501273146083801	0.40572439661199	1574
-0.0454111055683599	0.406108159138969	1689
-0.04522376365631	0.406159618358576	558
-0.0454111055683599	0.406108159138969	558
-0.04522376365631	0.406159618358576	558
-0.0501273146083801	0.40572439661199	558
-0.0454111055683599	0.406108159138969	558
-0.04522376365631	0.406159618358576	558
-0.04522376365631	0.406159618358576	558
-0.04522376365631	0.406159618358576	558
-0.0454111055683599	0.406108159138969	118
-0.0501273146083801	0.40572439661199	118
-0.04522376365631	0.406159618358576	3019
-0.0501273146083801	0.40572439661199	118
-0.0454111055683599	0.406108159138969	3382
-0.04522376365631	0.406159618358576	372
-0.0501273146083801	0.40572439661199	914
-0.04522376365631	0.406159618358576	914
-0.04522376365631	0.406159618358576	914
-0.04522376365631	0.406159618358576	600
-0.0501273146083801	0.40572439661199	1937
-0.04522376365631	0.406159618358576	1937
-0.07349417803259	0.758718061977533	19
-0.04522376365631	0.406159618358576	799
-0.0501273146083801	0.40572439661199	799
-0.0454111055683599	0.406108159138969	1241
-0.04522376365631	0.406159618358576	1241
-0.0454111055683599	0.406108159138969	1241
-0.04522376365631	0.406159618358576	1201
-0.04522376365631	0.406159618358576	1005
-0.04522376365631	0.406159618358576	1005
-0.04522376365631	0.406159618358576	2619
-0.0454111055683599	0.406108159138969	194
-0.04522376365631	0.406159618358576	194
0.10120167084314	1.67333187729739	194
-0.04522376365631	0.406159618358576	210
-0.04522376365631	0.406159618358576	579
-0.0454111055683599	0.406108159138969	579
-0.0454111055683599	0.406108159138969	579
-0.04522376365631	0.406159618358576	1824
-0.04522376365631	0.406159618358576	1824
0.0643273360526999	2.06491633070094	47
-0.04522376365631	0.406159618358576	1653
0.0628185656498099	0.966232932996444	12
-0.0454111055683599	0.406108159138969	12
-0.06672391556845	0.755139764558434	47
-0.04522376365631	0.406159618358576	1643
-0.04522376365631	0.406159618358576	1643
-0.0454111055683599	0.406108159138969	2361
-0.0454111055683599	0.406108159138969	601
-0.04522376365631	0.406159618358576	134
-0.04522376365631	0.406159618358576	764
-0.04522376365631	0.406159618358576	764
-0.0454111055683599	0.406108159138969	1511
-0.04522376365631	0.406159618358576	1511
-0.07373483340545	0.759520768730619	1511
-0.04522376365631	0.406159618358576	1282
-0.04522376365631	0.406159618358576	1282
-0.04522376365631	0.406159618358576	1282
-0.04522376365631	0.406159618358576	1282
-0.0454111055683599	0.406108159138969	134
-0.04522376365631	0.406159618358576	111
-0.0454111055683599	0.406108159138969	335
-0.04522376365631	0.406159618358576	219
-0.04522376365631	0.406159618358576	219
-0.04522376365631	0.406159618358576	1574
-0.04522376365631	0.406159618358576	1283
-0.04522376365631	0.406159618358576	1689
-0.04522376365631	0.406159618358576	558
-0.04522376365631	0.406159618358576	558
-0.0454111055683599	0.406108159138969	118
-0.04522376365631	0.406159618358576	1987
-0.04522376365631	0.406159618358576	112
-0.0669724935203899	0.755161927952963	112
-0.04522376365631	0.406159618358576	1937
-0.04522376365631	0.406159618358576	772
0.06908470290744	0.968596470429859	210
-0.04522376365631	0.406159618358576	210
-0.0454111055683599	0.406108159138969	1824
-0.0454111055683599	0.406108159138969	1160
-0.04522376365631	0.406159618358576	402
-0.04522376365631	0.406159618358576	402
-0.04522376365631	0.406159618358576	12
-0.0454111055683599	0.406108159138969	2994
-0.0657999603608601	0.748722663220006	47
-0.04522376365631	0.406159618358576	601
-0.04522376365631	0.406159618358576	601
-0.04522376365631	0.406159618358576	1511
-0.04522376365631	0.406159618358576	111
-0.04522376365631	0.406159618358576	111
-0.04522376365631	0.406159618358576	219
-0.09100906407231	1.17626309687335	219
-0.0707587439584601	0.752445452911296	219
-0.07231749393078	0.757183848190581	219
-0.0501273146083801	0.40572439661199	1689
-0.0454111055683599	0.406108159138969	1689
-0.0501273146083801	0.40572439661199	558
-0.04522376365631	0.406159618358576	558
-0.04522376365631	0.406159618358576	118
-0.0454111055683599	0.406108159138969	118
-0.0669724935203899	0.755161927952963	225
-0.06046902471553	0.74131826500725	225
-0.04522376365631	0.406159618358576	1987
-0.04522376365631	0.406159618358576	372
-0.0669724935203899	0.755161927952963	3382
-0.0681459332729899	0.757477944035012	3382
-0.04522376365631	0.406159618358576	56
-0.04522376365631	0.406159618358576	278
-0.04522376365631	0.406159618358576	278
-0.04522376365631	0.406159618358576	211
-0.0501273146083801	0.40572439661199	772
-0.04522376365631	0.406159618358576	772
-0.04522376365631	0.406159618358576	194
-0.04522376365631	0.406159618358576	1850
-0.0454111055683599	0.406108159138969	1824
-0.0454111055683599	0.406108159138969	3358
-0.0501273146083801	0.40572439661199	2992
-0.04522376365631	0.406159618358576	47
-0.0454111055683599	0.406108159138969	601
-0.04522376365631	0.406159618358576	134
-0.04522376365631	0.406159618358576	134
-0.10926806325687	1.17642647701082	598
-0.04522376365631	0.406159618358576	1282
-0.0454111055683599	0.406108159138969	1282
-0.04522376365631	0.406159618358576	111
-0.0454111055683599	0.406108159138969	111
-0.0681459332729899	0.757477944035012	219
-0.0793549045361299	0.750532898549476	219
-0.06672391556845	0.755139764558434	219
-0.0454111055683599	0.406108159138969	219
-0.04522376365631	0.406159618358576	1574
-0.04522376365631	0.406159618358576	1574
-0.04522376365631	0.406159618358576	1574
-0.04522376365631	0.406159618358576	1689
-0.04522376365631	0.406159618358576	1689
-0.0454111055683599	0.406108159138969	1689
-0.0454111055683599	0.406108159138969	558
-0.0454111055683599	0.406108159138969	558
-0.04522376365631	0.406159618358576	558
-0.04522376365631	0.406159618358576	558
-0.0501273146083801	0.40572439661199	558
-0.0454111055683599	0.406108159138969	558
-0.0793549045361299	0.750532898549476	118
-0.04522376365631	0.406159618358576	118
-0.0454111055683599	0.406108159138969	118
-0.04522376365631	0.406159618358576	118
-0.04522376365631	0.406159618358576	225
-0.04522376365631	0.406159618358576	1987
-0.04522376365631	0.406159618358576	867
-0.04522376365631	0.406159618358576	867
-0.04522376365631	0.406159618358576	867
-0.04522376365631	0.406159618358576	56
-0.0501273146083801	0.40572439661199	56
-0.0693202809442	0.7576566965492	278
-0.06281284079462	0.749911386602174	278
-0.04522376365631	0.406159618358576	3275
-0.04522376365631	0.406159618358576	3275
-0.04522376365631	0.406159618358576	772
-0.0454111055683599	0.406108159138969	772
-0.0454111055683599	0.406108159138969	210
-0.0501273146083801	0.40572439661199	194
-0.0454111055683599	0.406108159138969	1850
-0.0454111055683599	0.406108159138969	1850
-0.04522376365631	0.406159618358576	210
-0.04522376365631	0.406159618358576	2076
-0.0501273146083801	0.40572439661199	2076
-0.04522376365631	0.406159618358576	87
-0.0454111055683599	0.406108159138969	1824
-0.04522376365631	0.406159618358576	3358
-0.06555072674751	0.752836446371321	12
-0.0501273146083801	0.40572439661199	47
-0.07586329993354	1.60197550192568	598
-0.04522376365631	0.406159618358576	3021
-0.0501273146083801	0.40572439661199	111
-0.04522376365631	0.406159618358576	111
-0.0454111055683599	0.406108159138969	111
-0.04522376365631	0.406159618358576	219
-0.0454111055683599	0.406108159138969	1574
-0.0454111055683599	0.406108159138969	1574
-0.0454111055683599	0.406108159138969	1689
-0.04522376365631	0.406159618358576	1689
-0.04522376365631	0.406159618358576	1689
-0.0454111055683599	0.406108159138969	558
-0.04522376365631	0.406159618358576	558
-0.0501273146083801	0.40572439661199	558
-0.04522376365631	0.406159618358576	118
-0.04522376365631	0.406159618358576	118
-0.04522376365631	0.406159618358576	118
-0.04522376365631	0.406159618358576	1855
-0.0501273146083801	0.40572439661199	1855
-0.0454111055683599	0.406108159138969	225
-0.04522376365631	0.406159618358576	112
-0.0454111055683599	0.406108159138969	112
-0.0501273146083801	0.40572439661199	867
-0.0501273146083801	0.40572439661199	867
-0.04522376365631	0.406159618358576	278
-0.04522376365631	0.406159618358576	278
-0.06940799127672	2.44788836701859	19
-0.0454111055683599	0.406108159138969	211
-0.04522376365631	0.406159618358576	194
-0.0454111055683599	0.406108159138969	210
-0.04522376365631	0.406159618358576	2076
-0.04522376365631	0.406159618358576	2076
-0.04522376365631	0.406159618358576	2076
-0.04522376365631	0.406159618358576	47
-0.0501273146083801	0.40572439661199	134
-0.04522376365631	0.406159618358576	598
-0.04522376365631	0.406159618358576	111
-0.04522376365631	0.406159618358576	111
-0.04522376365631	0.406159618358576	111
-0.0657999603608601	0.748722663220006	219
-0.04522376365631	0.406159618358576	219
-0.0454111055683599	0.406108159138969	1574
-0.0501273146083801	0.40572439661199	1574
-0.0454111055683599	0.406108159138969	1689
-0.04522376365631	0.406159618358576	1689
-0.0501273146083801	0.40572439661199	1689
-0.0501273146083801	0.40572439661199	1689
-0.0454111055683599	0.406108159138969	558
-0.0454111055683599	0.406108159138969	558
-0.04522376365631	0.406159618358576	558
-0.0454111055683599	0.406108159138969	558
-0.04522376365631	0.406159618358576	22
-0.04522376365631	0.406159618358576	49
-0.0501273146083801	0.40572439661199	118
-0.04522376365631	0.406159618358576	118
-0.04522376365631	0.406159618358576	118
-0.04522376365631	0.406159618358576	225
0.07533943272924	0.958003669245657	225
-0.06672391556845	0.755139764558434	225
-0.04522376365631	0.406159618358576	112
-0.04522376365631	0.406159618358576	372
-0.04522376365631	0.406159618358576	56
-0.0454111055683599	0.406108159138969	56
-0.04522376365631	0.406159618358576	56
-0.0501273146083801	0.40572439661199	278
-0.04522376365631	0.406159618358576	278
-0.04522376365631	0.406159618358576	278
-0.04522376365631	0.406159618358576	278
-0.0454111055683599	0.406108159138969	278
-0.07231749393078	0.757183848190581	19
-0.0454111055683599	0.406108159138969	19
-0.0803017805483299	0.753586690030118	772
-0.0746717748247101	0.757687975137559	194
-0.0501273146083801	0.40572439661199	210
-0.04522376365631	0.406159618358576	1850
-0.04522376365631	0.406159618358576	579
-0.0454111055683599	0.406108159138969	87
-0.0454111055683599	0.406108159138969	197
-0.04522376365631	0.406159618358576	197
-0.04522376365631	0.406159618358576	1160
-0.04522376365631	0.406159618358576	3285
-0.0454111055683599	0.406108159138969	47
-0.04522376365631	0.406159618358576	47
-0.04522376365631	0.406159618358576	47
-0.04522376365631	0.406159618358576	1693
-0.04522376365631	0.406159618358576	134
-0.04522376365631	0.406159618358576	2233
-0.04522376365631	0.406159618358576	1282
-0.04522376365631	0.406159618358576	111
-0.0454111055683599	0.406108159138969	335
-0.04522376365631	0.406159618358576	219
-0.04522376365631	0.406159618358576	219
-0.0454111055683599	0.406108159138969	1574
-0.04522376365631	0.406159618358576	1574
-0.0454111055683599	0.406108159138969	558
-0.04522376365631	0.406159618358576	558
-0.0454111055683599	0.406108159138969	558
-0.04522376365631	0.406159618358576	558
-0.04522376365631	0.406159618358576	118
-0.0454111055683599	0.406108159138969	118
-0.06907301713506	0.753429338745028	118
-0.04522376365631	0.406159618358576	112
-0.04522376365631	0.406159618358576	112
-0.0501273146083801	0.40572439661199	867
-0.0454111055683599	0.406108159138969	56
-0.04522376365631	0.406159618358576	278
-0.04522376365631	0.406159618358576	19
0.07210929455604	0.974287435452963	211
-0.04522376365631	0.406159618358576	211
-0.0681459332729899	0.757477944035012	772
-0.0681459332729899	0.757477944035012	194
-0.0454111055683599	0.406108159138969	1850
-0.0454111055683599	0.406108159138969	210
-0.0454111055683599	0.406108159138969	579
-0.06281284079462	0.749911386602174	87
-0.06840613866815	0.751938577957193	197
-0.0501273146083801	0.40572439661199	1160
0.0281961140179701	1.43352884212032	1160
-0.04522376365631	0.406159618358576	3215
-0.0501273146083801	0.40572439661199	689
-0.04522376365631	0.406159618358576	598
-0.08641787507445	1.1649550204137	598
-0.04522376365631	0.406159618358576	2233
-0.04522376365631	0.406159618358576	1282
0.0708064794577601	0.966270157563041	116
-0.04522376365631	0.406159618358576	1574
-0.04522376365631	0.406159618358576	1689
-0.0501273146083801	0.40572439661199	1689
-0.0454111055683599	0.406108159138969	1689
-0.0454111055683599	0.406108159138969	1689
-0.04522376365631	0.406159618358576	3136
-0.04522376365631	0.406159618358576	558
-0.0501273146083801	0.40572439661199	558
-0.04522376365631	0.406159618358576	2860
-0.0454111055683599	0.406108159138969	558
-0.04522376365631	0.406159618358576	558
-0.07349417803259	0.758718061977533	118
-0.04522376365631	0.406159618358576	118
-0.04522376365631	0.406159618358576	225
-0.04522376365631	0.406159618358576	225
-0.0454111055683599	0.406108159138969	867
-0.04522376365631	0.406159618358576	2047
-0.04522376365631	0.406159618358576	2047
-0.04522376365631	0.406159618358576	278
-0.04522376365631	0.406159618358576	278
-0.04522376365631	0.406159618358576	278
-0.04522376365631	0.406159618358576	278
-0.04522376365631	0.406159618358576	19
-0.0454111055683599	0.406108159138969	19
-0.0501273146083801	0.40572439661199	772
-0.0454111055683599	0.406108159138969	772
-0.0454111055683599	0.406108159138969	772
-0.04522376365631	0.406159618358576	772
-0.04522376365631	0.406159618358576	194
-0.04522376365631	0.406159618358576	210
-0.0501273146083801	0.40572439661199	210
-0.0454111055683599	0.406108159138969	210
-0.04522376365631	0.406159618358576	210
-0.06281284079462	0.749911386602174	210
-0.04522376365631	0.406159618358576	197
-0.04522376365631	0.406159618358576	1160
-0.0693202809442	0.7576566965492	12
-0.0878238682296599	1.16818898218167	47
-0.0454111055683599	0.406108159138969	1693
-0.0454111055683599	0.406108159138969	1693
-0.0454111055683599	0.406108159138969	1693
-0.04522376365631	0.406159618358576	2233
-0.0454111055683599	0.406108159138969	1282
-0.0454111055683599	0.406108159138969	1282
-0.0454111055683599	0.406108159138969	2216
-0.0681459332729899	0.757477944035012	2216
-0.0454111055683599	0.406108159138969	2216
-0.06672391556845	0.755139764558434	1757
-0.04522376365631	0.406159618358576	1574
-0.04522376365631	0.406159618358576	185
-0.04522376365631	0.406159618358576	1689
-0.04522376365631	0.406159618358576	558
-0.0454111055683599	0.406108159138969	825
-0.0501273146083801	0.40572439661199	825
-0.04522376365631	0.406159618358576	825
-0.04522376365631	0.406159618358576	558
-0.04522376365631	0.406159618358576	558
-0.0501273146083801	0.40572439661199	558
-0.04522376365631	0.406159618358576	118
-0.04522376365631	0.406159618358576	118
-0.0501273146083801	0.40572439661199	118
-0.0669724935203899	0.755161927952963	112
-0.0454111055683599	0.406108159138969	112
-0.04522376365631	0.406159618358576	112
-0.04522376365631	0.406159618358576	112
-0.0501273146083801	0.40572439661199	867
-0.0454111055683599	0.406108159138969	56
-0.04522376365631	0.406159618358576	56
-0.04522376365631	0.406159618358576	278
-0.04522376365631	0.406159618358576	278
-0.0501273146083801	0.40572439661199	19
-0.04522376365631	0.406159618358576	211
-0.0501273146083801	0.40572439661199	772
-0.04522376365631	0.406159618358576	210
-0.04522376365631	0.406159618358576	210
-0.04522376365631	0.406159618358576	2076
-0.04522376365631	0.406159618358576	3590
-0.04522376365631	0.406159618358576	1160
-0.04522376365631	0.406159618358576	1160
0.0126385296725999	1.84553512983922	47
-0.0501273146083801	0.40572439661199	1711
-0.04522376365631	0.406159618358576	689
-0.0454111055683599	0.406108159138969	689
-0.04522376365631	0.406159618358576	1693
-0.0501273146083801	0.40572439661199	598
-0.04522376365631	0.406159618358576	188
-0.04522376365631	0.406159618358576	134
-0.0454111055683599	0.406108159138969	1282
-0.0454111055683599	0.406108159138969	2216
-0.04522376365631	0.406159618358576	2216
-0.04522376365631	0.406159618358576	2216
0.01478305350559	1.43554149764138	219
-0.04522376365631	0.406159618358576	219
-0.0454111055683599	0.406108159138969	219
-0.0454111055683599	0.406108159138969	1689
-0.0501273146083801	0.40572439661199	3136
-0.04522376365631	0.406159618358576	825
-0.0454111055683599	0.406108159138969	825
-0.0454111055683599	0.406108159138969	2860
-0.04522376365631	0.406159618358576	2860
-0.06281284079462	0.749911386602174	49
0.000178484525600098	2.24257199501718	118
-0.04522376365631	0.406159618358576	118
-0.04522376365631	0.406159618358576	1299
-0.07255880756041	0.753613125904852	118
-0.04522376365631	0.406159618358576	118
-0.0454111055683599	0.406108159138969	112
-0.04522376365631	0.406159618358576	112
-0.0501273146083801	0.40572439661199	112
-0.04522376365631	0.406159618358576	278
0.00995888786154997	1.43631763198693	19
-0.0454111055683599	0.406108159138969	404
-0.0454111055683599	0.406108159138969	404
-0.06672391556845	0.755139764558434	210
-0.0651602818841499	0.748234362154385	210
-0.06555072674751	0.752836446371321	194
-0.04522376365631	0.406159618358576	210
-0.04522376365631	0.406159618358576	3590
-0.0454111055683599	0.406108159138969	3590
-0.0454111055683599	0.406108159138969	3590
-0.04522376365631	0.406159618358576	1160
-0.0454111055683599	0.406108159138969	3215
-0.04522376365631	0.406159618358576	1711
-0.0454111055683599	0.406108159138969	689
-0.0454111055683599	0.406108159138969	1693
-0.0454111055683599	0.406108159138969	1693
-0.04522376365631	0.406159618358576	1693
0.07331252294861	0.955805366565778	598
-0.04522376365631	0.406159618358576	598
-0.0454111055683599	0.406108159138969	598
-0.0454111055683599	0.406108159138969	1282
-0.0501273146083801	0.40572439661199	1282
-0.07891920609989	2.10225544182141	116
-0.04522376365631	0.406159618358576	1689
-0.04522376365631	0.406159618358576	3136
-0.0454111055683599	0.406108159138969	3136
-0.04522376365631	0.406159618358576	3136
-0.04522376365631	0.406159618358576	825
-0.0454111055683599	0.406108159138969	1598
-0.04522376365631	0.406159618358576	1598
-0.04522376365631	0.406159618358576	1598
-0.0751556376287701	2.0546875127144	118
0.05332324090383	0.9694247674076	278
-0.0915064971292301	1.18063614088228	19
0.00938876840068992	1.41049763553615	1160
0.0151894617477599	1.84804851480994	1113
-0.0454111055683599	0.406108159138969	1689
-0.0454111055683599	0.406108159138969	825
-0.0454111055683599	0.406108159138969	1598
-0.04522376365631	0.406159618358576	2860
-0.0454111055683599	0.406108159138969	2860
-0.0454111055683599	0.406108159138969	1598
0.0287642870039799	1.41985317760303	49
-0.0825829115500301	1.63535418290893	118
0.02645294113477	1.41034492906008	47
-0.04522376365631	0.406159618358576	598
-0.07255880756041	0.753613125904852	116
-0.0501273146083801	0.40572439661199	116
-0.07193641502884	0.747430221798035	1689
-0.04522376365631	0.406159618358576	825
-0.06789801192182	0.755319680676232	2860
-0.0454111055683599	0.406108159138969	1598
-0.0914190372607	1.17679393964687	49
-0.04522376365631	0.406159618358576	1299
-0.00942741007659009	2.23010504215258	112
-0.09650022894982	1.19363907993218	19
0.11086901864097	1.63305434158408	1160
-0.06907301713506	0.753429338745028	47
-0.0454111055683599	0.406108159138969	1689
-0.06907301713506	0.753429338745028	1689
-0.0454111055683599	0.406108159138969	825
-0.04522376365631	0.406159618358576	760
-0.0831152104355299	1.63312254514096	2213
0.0645576568381101	0.975681262593783	112
-0.09320760925529	1.6588172403192	278
0.0687480860549201	0.97707160373534	210
-0.0746717748247101	0.757687975137559	964
-0.0960167510946901	1.17274930256723	210
-0.06555072674751	0.752836446371321	598
0.0658585351733401	0.983858903403601	116
-0.0454111055683599	0.406108159138969	1689
-0.04522376365631	0.406159618358576	1689
-0.04522376365631	0.406159618358576	54
-0.0454111055683599	0.406108159138969	54
-0.0454111055683599	0.406108159138969	54
-0.0454111055683599	0.406108159138969	54
-0.0454111055683599	0.406108159138969	760
-0.0501273146083801	0.40572439661199	760
-0.04522376365631	0.406159618358576	54
-0.0454111055683599	0.406108159138969	54
-0.0501273146083801	0.40572439661199	1598
-0.04522376365631	0.406159618358576	118
-0.0501273146083801	0.40572439661199	118
-0.04522376365631	0.406159618358576	118
-0.04522376365631	0.406159618358576	118
-0.0454111055683599	0.406108159138969	118
-0.0501273146083801	0.40572439661199	118
-0.04522376365631	0.406159618358576	118
-0.0454111055683599	0.406108159138969	118
-0.04522376365631	0.406159618358576	225
-0.0454111055683599	0.406108159138969	112
-0.04522376365631	0.406159618358576	867
-0.04522376365631	0.406159618358576	867
-0.0454111055683599	0.406108159138969	867
-0.04522376365631	0.406159618358576	867
-0.04522376365631	0.406159618358576	278
-0.04522376365631	0.406159618358576	278
-0.04522376365631	0.406159618358576	278
-0.0454111055683599	0.406108159138969	3428
-0.0454111055683599	0.406108159138969	3428
-0.04522376365631	0.406159618358576	19
0.0734122097485901	0.961670107321016	772
-0.0501273146083801	0.40572439661199	194
-0.0454111055683599	0.406108159138969	33
-0.0501273146083801	0.40572439661199	964
-0.0454111055683599	0.406108159138969	210
-0.0501273146083801	0.40572439661199	210
-0.0454111055683599	0.406108159138969	1589
-0.0454111055683599	0.406108159138969	12
-0.04522376365631	0.406159618358576	47
-0.0501273146083801	0.40572439661199	47
-0.0454111055683599	0.406108159138969	47
-0.04522376365631	0.406159618358576	598
-0.07491177099641	0.761062662410459	598
-0.04522376365631	0.406159618358576	188
-0.0501273146083801	0.40572439661199	1282
-0.04522376365631	0.406159618358576	1282
-0.04522376365631	0.406159618358576	1282
-0.0681459332729899	0.757477944035012	116
-0.0454111055683599	0.406108159138969	1757
-0.0978270151196701	1.18302894844642	219
-0.0454111055683599	0.406108159138969	219
-0.0454111055683599	0.406108159138969	185
-0.0454111055683599	0.406108159138969	54
-0.04522376365631	0.406159618358576	1689
-0.0454111055683599	0.406108159138969	54
-0.0454111055683599	0.406108159138969	54
-0.04522376365631	0.406159618358576	54
-0.0501273146083801	0.40572439661199	54
-0.04522376365631	0.406159618358576	1598
-0.0454111055683599	0.406108159138969	1299
-0.0454111055683599	0.406108159138969	118
-0.04522376365631	0.406159618358576	118
0.0784661770552	0.959349239693854	225
0.06778549789713	0.981364424528038	112
-0.04522376365631	0.406159618358576	867
-0.0454111055683599	0.406108159138969	19
0.02194037612153	1.44192626267643	19
-0.06555072674751	0.752836446371321	3428
-0.09650022894982	1.19363907993218	194
-0.0454111055683599	0.406108159138969	33
-0.0454111055683599	0.406108159138969	964
-0.0669724935203899	0.755161927952963	210
-0.04522376365631	0.406159618358576	210
-0.07726838676269	0.754898338581045	12
-0.0695819856169599	0.753456397420435	47
-0.04522376365631	0.406159618358576	1924
-0.0454111055683599	0.406108159138969	2302
-0.0454111055683599	0.406108159138969	598
-0.04522376365631	0.406159618358576	598
0.0162334025778099	1.42901649452399	598
-0.06789801192182	0.755319680676232	598
-0.06907301713506	0.753429338745028	188
-0.04522376365631	0.406159618358576	188
-0.04522376365631	0.406159618358576	2896
-0.0454111055683599	0.406108159138969	54
-0.0454111055683599	0.406108159138969	54
-0.0454111055683599	0.406108159138969	54
-0.0454111055683599	0.406108159138969	54
-0.0454111055683599	0.406108159138969	54
-0.0454111055683599	0.406108159138969	54
-0.0454111055683599	0.406108159138969	825
-0.06907301713506	0.753429338745028	276
-0.04522376365631	0.406159618358576	1515
-0.0501273146083801	0.40572439661199	1299
-0.0454111055683599	0.406108159138969	1299
-0.04522376365631	0.406159618358576	118
-0.0501273146083801	0.40572439661199	118
-0.04522376365631	0.406159618358576	118
-0.0454111055683599	0.406108159138969	118
-0.04522376365631	0.406159618358576	118
-0.0454111055683599	0.406108159138969	225
-0.04522376365631	0.406159618358576	225
-0.04522376365631	0.406159618358576	867
-0.0454111055683599	0.406108159138969	867
-0.04522376365631	0.406159618358576	867
-0.0501273146083801	0.40572439661199	19
-0.0501273146083801	0.40572439661199	278
-0.04522376365631	0.406159618358576	404
-0.0454111055683599	0.406108159138969	404
-0.0454111055683599	0.406108159138969	210
-0.0454111055683599	0.406108159138969	210
-0.04522376365631	0.406159618358576	194
-0.0454111055683599	0.406108159138969	964
-0.0454111055683599	0.406108159138969	964
-0.04522376365631	0.406159618358576	964
-0.04522376365631	0.406159618358576	2566
-0.04522376365631	0.406159618358576	210
-0.0454111055683599	0.406108159138969	210
-0.0454111055683599	0.406108159138969	210
-0.04522376365631	0.406159618358576	210
-0.04522376365631	0.406159618358576	210
-0.04522376365631	0.406159618358576	210
-0.0454111055683599	0.406108159138969	704
-0.04522376365631	0.406159618358576	1589
-0.0454111055683599	0.406108159138969	12
-0.0454111055683599	0.406108159138969	47
-0.04522376365631	0.406159618358576	47
-0.0454111055683599	0.406108159138969	47
-0.0501273146083801	0.40572439661199	47
-0.04522376365631	0.406159618358576	598
-0.04522376365631	0.406159618358576	598
-0.04522376365631	0.406159618358576	1575
-0.0454111055683599	0.406108159138969	1575
-0.04522376365631	0.406159618358576	2896
-0.07373483340545	0.759520768730619	54
-0.04522376365631	0.406159618358576	54
-0.0501273146083801	0.40572439661199	54
-0.04522376365631	0.406159618358576	54
-0.0454111055683599	0.406108159138969	54
-0.0454111055683599	0.406108159138969	54
-0.04522376365631	0.406159618358576	1598
-0.07349417803259	0.758718061977533	276
-0.0454111055683599	0.406108159138969	118
-0.0501273146083801	0.40572439661199	118
-0.04522376365631	0.406159618358576	1299
-0.0693202809442	0.7576566965492	1299
-0.04522376365631	0.406159618358576	225
-0.04522376365631	0.406159618358576	112
-0.0501273146083801	0.40572439661199	112
-0.0454111055683599	0.406108159138969	867
-0.04522376365631	0.406159618358576	211
-0.0501273146083801	0.40572439661199	194
-0.06907301713506	0.753429338745028	194
-0.06672391556845	0.755139764558434	194
-0.0845893609297399	1.13055377837126	194
-0.0454111055683599	0.406108159138969	33
-0.0454111055683599	0.406108159138969	964
-0.0454111055683599	0.406108159138969	964
-0.04522376365631	0.406159618358576	210
-0.04522376365631	0.406159618358576	2604
-0.0454111055683599	0.406108159138969	210
-0.0454111055683599	0.406108159138969	1589
-0.0454111055683599	0.406108159138969	1589
-0.0669724935203899	0.755161927952963	12
-0.04522376365631	0.406159618358576	12
-0.04522376365631	0.406159618358576	12
-0.04522376365631	0.406159618358576	1924
-0.04522376365631	0.406159618358576	47
-0.0454111055683599	0.406108159138969	2302
-0.0454111055683599	0.406108159138969	598
-0.06555072674751	0.752836446371321	598
-0.04522376365631	0.406159618358576	598
-0.04522376365631	0.406159618358576	598
-0.04522376365631	0.406159618358576	1755
-0.0681459332729899	0.757477944035012	1757
-0.0941759087024501	1.17495653327602	219
-0.0454111055683599	0.406108159138969	54
-0.04522376365631	0.406159618358576	54
-0.04522376365631	0.406159618358576	54
-0.04522376365631	0.406159618358576	54
-0.04522376365631	0.406159618358576	54
-0.04522376365631	0.406159618358576	54
-0.0501273146083801	0.40572439661199	54
-0.04522376365631	0.406159618358576	54
-0.0454111055683599	0.406108159138969	54
-0.0454111055683599	0.406108159138969	54
-0.07373483340545	0.759520768730619	118
-0.0501273146083801	0.40572439661199	59
-0.0695819856169599	0.753456397420435	118
-0.04522376365631	0.406159618358576	118
-0.0791215786258901	0.753267407814952	112
-0.0454111055683599	0.406108159138969	867
-0.0847778306767799	0.741920875333796	1300
-0.04522376365631	0.406159618358576	278
-0.0454111055683599	0.406108159138969	404
-0.06672391556845	0.755139764558434	772
-0.07049553786231	0.755751724984709	194
-0.04522376365631	0.406159618358576	2566
-0.0454111055683599	0.406108159138969	2092
-0.0454111055683599	0.406108159138969	210
-0.06437844413432	0.746436419448748	210
0.07654367639842	0.960049189452765	47
-0.04522376365631	0.406159618358576	1924
-0.04522376365631	0.406159618358576	972
-0.0454111055683599	0.406108159138969	53
-0.04522376365631	0.406159618358576	47
-0.0454111055683599	0.406108159138969	101
0.05959646052741	0.979591025341428	219
-0.04522376365631	0.406159618358576	185
-0.0501273146083801	0.40572439661199	2896
-0.0501273146083801	0.40572439661199	54
-0.04522376365631	0.406159618358576	54
-0.04522376365631	0.406159618358576	54
-0.04522376365631	0.406159618358576	54
-0.04522376365631	0.406159618358576	825
-0.0454111055683599	0.406108159138969	54
-0.04522376365631	0.406159618358576	54
-0.04522376365631	0.406159618358576	118
-0.0669724935203899	0.755161927952963	112
-0.04522376365631	0.406159618358576	867
-0.0454111055683599	0.406108159138969	1300
-0.04522376365631	0.406159618358576	278
-0.09650022894982	1.19363907993218	19
-0.04522376365631	0.406159618358576	404
-0.0501273146083801	0.40572439661199	3227
-0.06907301713506	0.753429338745028	194
-0.0454111055683599	0.406108159138969	210
-0.07231749393078	0.757183848190581	2092
-0.0454111055683599	0.406108159138969	210
-0.07491177099641	0.761062662410459	298
0.06272251409847	0.964465069757185	12
-0.0454111055683599	0.406108159138969	47
-0.0501273146083801	0.40572439661199	47
-0.0454111055683599	0.406108159138969	47
-0.0639861075511099	0.750093739397359	47
0.0698402279094099	0.965899692694998	599
-0.0454111055683599	0.406108159138969	47
-0.0454111055683599	0.406108159138969	1755
-0.0454111055683599	0.406108159138969	1755
-0.09650022894982	1.19363907993218	1755
-0.07231749393078	0.757183848190581	698
-0.04522376365631	0.406159618358576	185
-0.0454111055683599	0.406108159138969	54
-0.0454111055683599	0.406108159138969	54
-0.04522376365631	0.406159618358576	54
-0.0454111055683599	0.406108159138969	54
-0.04522376365631	0.406159618358576	54
-0.0454111055683599	0.406108159138969	54
-0.04522376365631	0.406159618358576	54
-0.0454111055683599	0.406108159138969	54
-0.0454111055683599	0.406108159138969	22
-0.04522376365631	0.406159618358576	54
-0.0454111055683599	0.406108159138969	22
0.0771634080611701	0.960818859253144	1646
-0.0501273146083801	0.40572439661199	118
-0.04522376365631	0.406159618358576	118
-0.04522376365631	0.406159618358576	112
-0.0501273146083801	0.40572439661199	112
-0.0454111055683599	0.406108159138969	867
-0.0501273146083801	0.40572439661199	867
-0.04522376365631	0.406159618358576	867
-0.04522376365631	0.406159618358576	867
-0.0454111055683599	0.406108159138969	867
-0.0454111055683599	0.406108159138969	1300
-0.04522376365631	0.406159618358576	1300
-0.0501273146083801	0.40572439661199	278
-0.04522376365631	0.406159618358576	211
-0.0454111055683599	0.406108159138969	404
-0.04522376365631	0.406159618358576	404
-0.04522376365631	0.406159618358576	194
-0.04522376365631	0.406159618358576	194
-0.04522376365631	0.406159618358576	33
-0.0454111055683599	0.406108159138969	2092
-0.04522376365631	0.406159618358576	333
-0.0501273146083801	0.40572439661199	333
-0.0454111055683599	0.406108159138969	3315
-0.0454111055683599	0.406108159138969	298
-0.07349417803259	0.758718061977533	12
-0.04522376365631	0.406159618358576	972
-0.0454111055683599	0.406108159138969	972
-0.04522376365631	0.406159618358576	47
-0.0454111055683599	0.406108159138969	47
0.0655223168841199	0.975317439128556	47
-0.04522376365631	0.406159618358576	599
-0.04522376365631	0.406159618358576	188
-0.04522376365631	0.406159618358576	188
-0.04522376365631	0.406159618358576	188
-0.0454111055683599	0.406108159138969	47
0.07114391500377	0.973898476935828	2372
-0.0454111055683599	0.406108159138969	698
-0.06672391556845	0.755139764558434	219
-0.04522376365631	0.406159618358576	54
-0.0454111055683599	0.406108159138969	54
-0.04522376365631	0.406159618358576	54
-0.04522376365631	0.406159618358576	54
-0.04522376365631	0.406159618358576	22
-0.0454111055683599	0.406108159138969	54
-0.0454111055683599	0.406108159138969	54
-0.0454111055683599	0.406108159138969	54
-0.04522376365631	0.406159618358576	54
-0.04522376365631	0.406159618358576	54
-0.0454111055683599	0.406108159138969	54
-0.04522376365631	0.406159618358576	118
-0.04522376365631	0.406159618358576	118
-0.0454111055683599	0.406108159138969	118
-0.07255880756041	0.753613125904852	118
-0.04522376365631	0.406159618358576	118
-0.04522376365631	0.406159618358576	118
-0.04522376365631	0.406159618358576	2949
-0.0454111055683599	0.406108159138969	1328
-0.0501273146083801	0.40572439661199	2167
-0.04522376365631	0.406159618358576	112
-0.0454111055683599	0.406108159138969	112
-0.04522376365631	0.406159618358576	112
-0.0501273146083801	0.40572439661199	867
-0.04522376365631	0.406159618358576	19
-0.04522376365631	0.406159618358576	1300
-0.04522376365631	0.406159618358576	1300
-0.04522376365631	0.406159618358576	1300
-0.0454111055683599	0.406108159138969	1300
-0.0454111055683599	0.406108159138969	1659
-0.04522376365631	0.406159618358576	1659
-0.04522376365631	0.406159618358576	1659
-0.04522376365631	0.406159618358576	3344
-0.04522376365631	0.406159618358576	404
-0.0454111055683599	0.406108159138969	404
-0.0454111055683599	0.406108159138969	404
-0.0454111055683599	0.406108159138969	404
-0.04522376365631	0.406159618358576	404
-0.04522376365631	0.406159618358576	3227
-0.04522376365631	0.406159618358576	194
-0.04522376365631	0.406159618358576	194
-0.0454111055683599	0.406108159138969	194
-0.04522376365631	0.406159618358576	2129
-0.04522376365631	0.406159618358576	2129
-0.0454111055683599	0.406108159138969	964
-0.04522376365631	0.406159618358576	33
-0.04522376365631	0.406159618358576	33
-0.0454111055683599	0.406108159138969	210
-0.04522376365631	0.406159618358576	2164
-0.04522376365631	0.406159618358576	333
-0.04522376365631	0.406159618358576	333
-0.0454111055683599	0.406108159138969	3315
-0.04522376365631	0.406159618358576	3315
-0.04522376365631	0.406159618358576	298
-0.04522376365631	0.406159618358576	12
-0.0454111055683599	0.406108159138969	3276
-0.04522376365631	0.406159618358576	3276
-0.0454111055683599	0.406108159138969	47
-0.0454111055683599	0.406108159138969	188
-0.0501273146083801	0.40572439661199	188
-0.04522376365631	0.406159618358576	188
-0.0454111055683599	0.406108159138969	188
-0.04522376365631	0.406159618358576	1755
-0.04522376365631	0.406159618358576	1755
-0.0454111055683599	0.406108159138969	2722
-0.0501273146083801	0.40572439661199	698
-0.0681459332729899	0.757477944035012	698
-0.06281284079462	0.749911386602174	185
-0.0746717748247101	0.757687975137559	185
-0.0454111055683599	0.406108159138969	54
-0.04522376365631	0.406159618358576	54
-0.0454111055683599	0.406108159138969	54
-0.04522376365631	0.406159618358576	54
-0.04522376365631	0.406159618358576	54
-0.04522376365631	0.406159618358576	54
-0.04522376365631	0.406159618358576	54
-0.04522376365631	0.406159618358576	54
-0.04522376365631	0.406159618358576	118
-0.04522376365631	0.406159618358576	59
-0.0454111055683599	0.406108159138969	118
-0.0454111055683599	0.406108159138969	118
-0.04522376365631	0.406159618358576	118
-0.0454111055683599	0.406108159138969	2167
-0.04522376365631	0.406159618358576	2167
-0.0454111055683599	0.406108159138969	2167
-0.04522376365631	0.406159618358576	112
-0.04522376365631	0.406159618358576	112
-0.04522376365631	0.406159618358576	867
-0.0454111055683599	0.406108159138969	1300
-0.04522376365631	0.406159618358576	1300
-0.0501273146083801	0.40572439661199	19
-0.0501273146083801	0.40572439661199	19
-0.04522376365631	0.406159618358576	3344
-0.0454111055683599	0.406108159138969	404
-0.0501273146083801	0.40572439661199	191
-0.08289627991657	0.751708259222083	194
-0.04522376365631	0.406159618358576	1973
-0.04522376365631	0.406159618358576	33
-0.0693202809442	0.7576566965492	210
-0.0501273146083801	0.40572439661199	333
-0.0454111055683599	0.406108159138969	333
-0.0454111055683599	0.406108159138969	333
-0.04522376365631	0.406159618358576	333
-0.0454111055683599	0.406108159138969	333
-0.0454111055683599	0.406108159138969	333
-0.07049553786231	0.755751724984709	47
-0.0454111055683599	0.406108159138969	3315
0.0655223168841199	0.975317439128556	12
-0.04522376365631	0.406159618358576	3276
-0.04522376365631	0.406159618358576	208
-0.0454111055683599	0.406108159138969	208
-0.04522376365631	0.406159618358576	208
-0.04522376365631	0.406159618358576	47
-0.04522376365631	0.406159618358576	188
-0.04522376365631	0.406159618358576	1755
-0.06672391556845	0.755139764558434	1755
-0.0746717748247101	0.757687975137559	116
-0.0454111055683599	0.406108159138969	101
-0.0501273146083801	0.40572439661199	54
-0.0454111055683599	0.406108159138969	54
-0.04522376365631	0.406159618358576	54
-0.04522376365631	0.406159618358576	54
-0.04522376365631	0.406159618358576	54
-0.04522376365631	0.406159618358576	54
-0.0454111055683599	0.406108159138969	54
-0.04522376365631	0.406159618358576	54
-0.04522376365631	0.406159618358576	54
-0.0501273146083801	0.40572439661199	54
-0.04522376365631	0.406159618358576	54
-0.0454111055683599	0.406108159138969	59
-0.07373483340545	0.759520768730619	144
-0.04522376365631	0.406159618358576	118
-0.0501273146083801	0.40572439661199	118
-0.04522376365631	0.406159618358576	1328
0.0179297717912299	1.4197426966317	1183
-0.04522376365631	0.406159618358576	252
-0.04522376365631	0.406159618358576	112
-0.04522376365631	0.406159618358576	112
-0.0454111055683599	0.406108159138969	867
-0.0454111055683599	0.406108159138969	1300
-0.04522376365631	0.406159618358576	19
-0.04522376365631	0.406159618358576	433
-0.0454111055683599	0.406108159138969	433
-0.04522376365631	0.406159618358576	404
-0.04522376365631	0.406159618358576	404
-0.0454111055683599	0.406108159138969	404
-0.0454111055683599	0.406108159138969	1284
-0.0501273146083801	0.40572439661199	191
-0.0454111055683599	0.406108159138969	194
-0.0454111055683599	0.406108159138969	194
-0.0693202809442	0.7576566965492	194
-0.0454111055683599	0.406108159138969	33
-0.04522376365631	0.406159618358576	1973
-0.04522376365631	0.406159618358576	2164
-0.0454111055683599	0.406108159138969	2164
-0.04522376365631	0.406159618358576	333
-0.04522376365631	0.406159618358576	333
-0.04522376365631	0.406159618358576	333
-0.04522376365631	0.406159618358576	333
-0.0501273146083801	0.40572439661199	333
-0.0454111055683599	0.406108159138969	333
0.08256006852068	0.940561565298224	1113
-0.0454111055683599	0.406108159138969	47
-0.0501273146083801	0.40572439661199	652
-0.0454111055683599	0.406108159138969	3276
-0.0501273146083801	0.40572439661199	208
-0.04522376365631	0.406159618358576	188
-0.0454111055683599	0.406108159138969	188
-0.0454111055683599	0.406108159138969	116
-0.04522376365631	0.406159618358576	185
-0.04522376365631	0.406159618358576	54
-0.0454111055683599	0.406108159138969	54
-0.04522376365631	0.406159618358576	22
-0.04522376365631	0.406159618358576	54
-0.0454111055683599	0.406108159138969	54
-0.04522376365631	0.406159618358576	54
-0.04522376365631	0.406159618358576	54
-0.04522376365631	0.406159618358576	54
-0.04522376365631	0.406159618358576	54
-0.0454111055683599	0.406108159138969	54
-0.0454111055683599	0.406108159138969	54
-0.0501273146083801	0.40572439661199	54
-0.04522376365631	0.406159618358576	54
-0.0693202809442	0.7576566965492	276
-0.04522376365631	0.406159618358576	118
-0.0454111055683599	0.406108159138969	118
-0.0501273146083801	0.40572439661199	144
-0.0454111055683599	0.406108159138969	1328
-0.0454111055683599	0.406108159138969	1328
-0.04522376365631	0.406159618358576	238
-0.04522376365631	0.406159618358576	2996
-0.04522376365631	0.406159618358576	1300
-0.04522376365631	0.406159618358576	1300
-0.0454111055683599	0.406108159138969	1300
-0.0454111055683599	0.406108159138969	433
-0.04522376365631	0.406159618358576	211
-0.04522376365631	0.406159618358576	404
-0.0746717748247101	0.757687975137559	404
-0.0454111055683599	0.406108159138969	1284
-0.04522376365631	0.406159618358576	194
-0.0454111055683599	0.406108159138969	33
-0.0454111055683599	0.406108159138969	2050
-0.04522376365631	0.406159618358576	2050
-0.04522376365631	0.406159618358576	2050
-0.04522376365631	0.406159618358576	333
-0.04522376365631	0.406159618358576	333
-0.04522376365631	0.406159618358576	210
-0.0454111055683599	0.406108159138969	3315
-0.0681459332729899	0.757477944035012	652
-0.04522376365631	0.406159618358576	208
-0.0454111055683599	0.406108159138969	208
-0.04522376365631	0.406159618358576	188
-0.04522376365631	0.406159618358576	188
-0.04522376365631	0.406159618358576	1755
0.0636828088963901	0.967267315062342	113
0.02075557414226	1.43069420068671	113
-0.04522376365631	0.406159618358576	219
-0.04522376365631	0.406159618358576	185
-0.04522376365631	0.406159618358576	54
-0.04522376365631	0.406159618358576	54
-0.0501273146083801	0.40572439661199	54
-0.0454111055683599	0.406108159138969	54
-0.04522376365631	0.406159618358576	54
-0.04522376365631	0.406159618358576	54
-0.0454111055683599	0.406108159138969	2134
-0.0454111055683599	0.406108159138969	276
-0.07638682911645	0.748421150591113	276
-0.04522376365631	0.406159618358576	118
-0.0454111055683599	0.406108159138969	118
-0.0454111055683599	0.406108159138969	118
-0.0454111055683599	0.406108159138969	144
-0.0501273146083801	0.40572439661199	144
-0.0454111055683599	0.406108159138969	144
-0.04522376365631	0.406159618358576	144
-0.04522376365631	0.406159618358576	847
-0.04522376365631	0.406159618358576	1328
-0.0501273146083801	0.40572439661199	2307
-0.04522376365631	0.406159618358576	472
-0.04522376365631	0.406159618358576	112
-0.04522376365631	0.406159618358576	112
-0.04522376365631	0.406159618358576	112
-0.0454111055683599	0.406108159138969	112
-0.04522376365631	0.406159618358576	2996
-0.04522376365631	0.406159618358576	867
-0.04522376365631	0.406159618358576	19
-0.0454111055683599	0.406108159138969	1300
-0.04522376365631	0.406159618358576	1869
-0.04522376365631	0.406159618358576	1869
-0.04522376365631	0.406159618358576	1659
-0.0454111055683599	0.406108159138969	433
-0.0454111055683599	0.406108159138969	211
-0.04522376365631	0.406159618358576	404
-0.04522376365631	0.406159618358576	404
-0.06840613866815	0.751938577957193	194
-0.04522376365631	0.406159618358576	2050
-0.0501273146083801	0.40572439661199	215
-0.04522376365631	0.406159618358576	210
-0.0454111055683599	0.406108159138969	215
-0.04522376365631	0.406159618358576	333
-0.0454111055683599	0.406108159138969	333
-0.0454111055683599	0.406108159138969	333
-0.04522376365631	0.406159618358576	333
-0.04522376365631	0.406159618358576	333
-0.0501273146083801	0.40572439661199	333
-0.04522376365631	0.406159618358576	47
-0.04522376365631	0.406159618358576	652
-0.04522376365631	0.406159618358576	3276
-0.04522376365631	0.406159618358576	208
-0.0501273146083801	0.40572439661199	208
-0.04522376365631	0.406159618358576	86
0.0717721318809099	0.965197303659136	47
-0.04522376365631	0.406159618358576	599
-0.0454111055683599	0.406108159138969	188
-0.04522376365631	0.406159618358576	188
-0.0454111055683599	0.406108159138969	1755
-0.04522376365631	0.406159618358576	931
-0.0669724935203899	0.755161927952963	185
-0.0454111055683599	0.406108159138969	54
-0.0454111055683599	0.406108159138969	54
-0.04522376365631	0.406159618358576	54
-0.0454111055683599	0.406108159138969	54
-0.04522376365631	0.406159618358576	22
-0.0454111055683599	0.406108159138969	54
-0.04522376365631	0.406159618358576	54
-0.04522376365631	0.406159618358576	3133
-0.04522376365631	0.406159618358576	3133
-0.04522376365631	0.406159618358576	22
-0.0454111055683599	0.406108159138969	118
-0.04522376365631	0.406159618358576	144
-0.04522376365631	0.406159618358576	144
-0.0454111055683599	0.406108159138969	847
-0.04522376365631	0.406159618358576	1328
-0.0454111055683599	0.406108159138969	238
-0.04522376365631	0.406159618358576	112
-0.04522376365631	0.406159618358576	112
-0.04522376365631	0.406159618358576	589
-0.04522376365631	0.406159618358576	3499
0.10779207668595	1.65066488693721	19
-0.04522376365631	0.406159618358576	1869
-0.04522376365631	0.406159618358576	1869
-0.0501273146083801	0.40572439661199	433
-0.04522376365631	0.406159618358576	404
-0.0454111055683599	0.406108159138969	404
-0.04522376365631	0.406159618358576	404
-0.04522376365631	0.406159618358576	1284
-0.0454111055683599	0.406108159138969	1284
-0.04522376365631	0.406159618358576	33
-0.04522376365631	0.406159618358576	146
-0.04522376365631	0.406159618358576	146
-0.04522376365631	0.406159618358576	1973
-0.0501273146083801	0.40572439661199	2050
-0.04522376365631	0.406159618358576	215
-0.0454111055683599	0.406108159138969	215
-0.04522376365631	0.406159618358576	215
-0.0454111055683599	0.406108159138969	215
-0.0454111055683599	0.406108159138969	215
-0.04522376365631	0.406159618358576	333
-0.04522376365631	0.406159618358576	652
-0.0454111055683599	0.406108159138969	652
-0.0454111055683599	0.406108159138969	12
-0.04522376365631	0.406159618358576	208
-0.0454111055683599	0.406108159138969	208
-0.04522376365631	0.406159618358576	208
-0.0501273146083801	0.40572439661199	208
-0.0454111055683599	0.406108159138969	726
-0.0454111055683599	0.406108159138969	726
-0.0454111055683599	0.406108159138969	188
-0.0454111055683599	0.406108159138969	188
-0.04522376365631	0.406159618358576	188
-0.0454111055683599	0.406108159138969	188
-0.04522376365631	0.406159618358576	188
-0.04522376365631	0.406159618358576	1755
-0.07373483340545	0.759520768730619	113
-0.06789801192182	0.755319680676232	116
-0.10696681406378	1.15129129624851	931
-0.04522376365631	0.406159618358576	931
-0.0454111055683599	0.406108159138969	219
0.0668995227437601	0.965050075018036	219
-0.0454111055683599	0.406108159138969	54
-0.04522376365631	0.406159618358576	3026
-0.04522376365631	0.406159618358576	3026
-0.0501273146083801	0.40572439661199	54
-0.0454111055683599	0.406108159138969	54
-0.0454111055683599	0.406108159138969	54
-0.04522376365631	0.406159618358576	833
-0.0454111055683599	0.406108159138969	833
-0.06281284079462	0.749911386602174	49
-0.0454111055683599	0.406108159138969	1766
-0.0454111055683599	0.406108159138969	1766
-0.04522376365631	0.406159618358576	1766
-0.04522376365631	0.406159618358576	118
-0.04522376365631	0.406159618358576	118
-0.04522376365631	0.406159618358576	118
-0.04522376365631	0.406159618358576	144
-0.0501273146083801	0.40572439661199	243
-0.0454111055683599	0.406108159138969	243
-0.0454111055683599	0.406108159138969	1328
-0.04522376365631	0.406159618358576	1328
-0.0454111055683599	0.406108159138969	1328
-0.04522376365631	0.406159618358576	1183
-0.0454111055683599	0.406108159138969	238
-0.04522376365631	0.406159618358576	112
-0.04522376365631	0.406159618358576	3153
-0.0454111055683599	0.406108159138969	112
-0.0454111055683599	0.406108159138969	112
-0.0454111055683599	0.406108159138969	3374
-0.0454111055683599	0.406108159138969	3374
-0.04522376365631	0.406159618358576	3499
-0.0501273146083801	0.40572439661199	1869
-0.04522376365631	0.406159618358576	404
-0.04522376365631	0.406159618358576	404
-0.0454111055683599	0.406108159138969	404
-0.0793549045361299	0.750532898549476	194
-0.04522376365631	0.406159618358576	33
-0.04522376365631	0.406159618358576	2050
-0.0501273146083801	0.40572439661199	2050
-0.04522376365631	0.406159618358576	2050
-0.04522376365631	0.406159618358576	210
-0.04522376365631	0.406159618358576	2633
-0.0454111055683599	0.406108159138969	444
-0.0454111055683599	0.406108159138969	333
-0.04522376365631	0.406159618358576	333
-0.0454111055683599	0.406108159138969	333
-0.0454111055683599	0.406108159138969	333
-0.04522376365631	0.406159618358576	1190
-0.0454111055683599	0.406108159138969	652
-0.0501273146083801	0.40572439661199	47
-0.0501273146083801	0.40572439661199	652
-0.06789801192182	0.755319680676232	652
-0.04522376365631	0.406159618358576	652
-0.04522376365631	0.406159618358576	652
-0.04522376365631	0.406159618358576	12
-0.04522376365631	0.406159618358576	208
-0.0454111055683599	0.406108159138969	188
-0.0454111055683599	0.406108159138969	188
-0.0681459332729899	0.757477944035012	188
-0.04522376365631	0.406159618358576	188
-0.04522376365631	0.406159618358576	47
-0.0454111055683599	0.406108159138969	1755
0.0718688253178801	0.968860626085677	116
-0.0454111055683599	0.406108159138969	931
-0.04522376365631	0.406159618358576	931
-0.04522376365631	0.406159618358576	2587
-0.0454111055683599	0.406108159138969	54
-0.04522376365631	0.406159618358576	54
-0.04522376365631	0.406159618358576	54
-0.04522376365631	0.406159618358576	22
-0.04522376365631	0.406159618358576	54
-0.04522376365631	0.406159618358576	54
-0.0454111055683599	0.406108159138969	276
-0.04522376365631	0.406159618358576	118
-0.0454111055683599	0.406108159138969	118
-0.04522376365631	0.406159618358576	118
-0.0501273146083801	0.40572439661199	1504
-0.0454111055683599	0.406108159138969	144
-0.04522376365631	0.406159618358576	144
-0.0454111055683599	0.406108159138969	144
-0.04522376365631	0.406159618358576	144
-0.0501273146083801	0.40572439661199	144
-0.04522376365631	0.406159618358576	847
-0.04522376365631	0.406159618358576	1328
-0.04522376365631	0.406159618358576	1328
-0.0657999603608601	0.748722663220006	1328
-0.0454111055683599	0.406108159138969	1183
-0.0693202809442	0.7576566965492	1183
-0.04522376365631	0.406159618358576	2227
-0.04522376365631	0.406159618358576	238
-0.0501273146083801	0.40572439661199	238
-0.0454111055683599	0.406108159138969	238
-0.04522376365631	0.406159618358576	112
-0.04522376365631	0.406159618358576	39
-0.04522376365631	0.406159618358576	3374
-0.04522376365631	0.406159618358576	3374
-0.04522376365631	0.406159618358576	19
-0.07231749393078	0.757183848190581	1971
-0.04522376365631	0.406159618358576	1971
-0.04522376365631	0.406159618358576	1971
-0.0501273146083801	0.40572439661199	1869
-0.04522376365631	0.406159618358576	1869
-0.04522376365631	0.406159618358576	1659
-0.0501273146083801	0.40572439661199	404
-0.0454111055683599	0.406108159138969	404
-0.04522376365631	0.406159618358576	1284
-0.04522376365631	0.406159618358576	200
-0.0454111055683599	0.406108159138969	644
-0.0454111055683599	0.406108159138969	146
-0.0454111055683599	0.406108159138969	146
-0.0454111055683599	0.406108159138969	33
-0.04522376365631	0.406159618358576	1973
-0.0454111055683599	0.406108159138969	215
-0.04522376365631	0.406159618358576	1619
-0.04522376365631	0.406159618358576	3602
-0.04522376365631	0.406159618358576	333
-0.0454111055683599	0.406108159138969	333
-0.04522376365631	0.406159618358576	652
-0.04522376365631	0.406159618358576	652
-0.04522376365631	0.406159618358576	652
-0.04522376365631	0.406159618358576	208
-0.0454111055683599	0.406108159138969	47
-0.0501273146083801	0.40572439661199	188
-0.0454111055683599	0.406108159138969	188
-0.04522376365631	0.406159618358576	1755
-0.0923374580194201	1.17806482383112	113
-0.0454111055683599	0.406108159138969	931
-0.0454111055683599	0.406108159138969	931
-0.04522376365631	0.406159618358576	219
-0.06672391556845	0.755139764558434	219
-0.0501273146083801	0.40572439661199	54
-0.0454111055683599	0.406108159138969	54
-0.0501273146083801	0.40572439661199	54
-0.04522376365631	0.406159618358576	54
-0.04522376365631	0.406159618358576	833
-0.0454111055683599	0.406108159138969	833
-0.0454111055683599	0.406108159138969	833
-0.0454111055683599	0.406108159138969	118
-0.04522376365631	0.406159618358576	144
-0.04522376365631	0.406159618358576	77
-0.04522376365631	0.406159618358576	847
-0.04522376365631	0.406159618358576	847
-0.0454111055683599	0.406108159138969	243
-0.04522376365631	0.406159618358576	238
-0.04522376365631	0.406159618358576	238
-0.04522376365631	0.406159618358576	238
-0.0454111055683599	0.406108159138969	472
-0.04522376365631	0.406159618358576	39
-0.04522376365631	0.406159618358576	3374
-0.04522376365631	0.406159618358576	3374
-0.0454111055683599	0.406108159138969	19
-0.0454111055683599	0.406108159138969	1971
-0.04522376365631	0.406159618358576	1971
-0.04522376365631	0.406159618358576	1869
-0.04522376365631	0.406159618358576	1869
-0.04522376365631	0.406159618358576	1869
-0.04522376365631	0.406159618358576	1869
-0.0454111055683599	0.406108159138969	1659
-0.0454111055683599	0.406108159138969	1659
-0.04522376365631	0.406159618358576	1659
-0.0454111055683599	0.406108159138969	58
-0.0501273146083801	0.40572439661199	404
-0.04522376365631	0.406159618358576	2081
-0.0454111055683599	0.406108159138969	1284
-0.04522376365631	0.406159618358576	200
-0.07349417803259	0.758718061977533	200
-0.0501273146083801	0.40572439661199	200
-0.0454111055683599	0.406108159138969	200
-0.0501273146083801	0.40572439661199	200
-0.0501273146083801	0.40572439661199	33
-0.04522376365631	0.406159618358576	33
-0.0501273146083801	0.40572439661199	33
-0.04522376365631	0.406159618358576	215
-0.0501273146083801	0.40572439661199	215
-0.0501273146083801	0.40572439661199	215
-0.0454111055683599	0.406108159138969	1619
-0.04522376365631	0.406159618358576	1619
-0.04522376365631	0.406159618358576	3602
-0.04522376365631	0.406159618358576	444
-0.04522376365631	0.406159618358576	652
-0.04522376365631	0.406159618358576	208
-0.0454111055683599	0.406108159138969	208
-0.04522376365631	0.406159618358576	726
-0.04522376365631	0.406159618358576	726
-0.0501273146083801	0.40572439661199	3538
-0.04522376365631	0.406159618358576	188
-0.04522376365631	0.406159618358576	188
-0.0454111055683599	0.406108159138969	1755
-0.04522376365631	0.406159618358576	931
-0.04522376365631	0.406159618358576	931
-0.04522376365631	0.406159618358576	219
-0.04522376365631	0.406159618358576	2587
-0.04522376365631	0.406159618358576	54
-0.04522376365631	0.406159618358576	54
-0.04522376365631	0.406159618358576	54
-0.0454111055683599	0.406108159138969	54
-0.04522376365631	0.406159618358576	54
-0.04522376365631	0.406159618358576	54
-0.04522376365631	0.406159618358576	54
-0.0454111055683599	0.406108159138969	54
-0.0454111055683599	0.406108159138969	54
-0.04522376365631	0.406159618358576	54
-0.04522376365631	0.406159618358576	22
-0.0501273146083801	0.40572439661199	833
0.10616298096171	1.65665708162482	49
-0.04522376365631	0.406159618358576	1504
-0.04522376365631	0.406159618358576	144
-0.0454111055683599	0.406108159138969	144
-0.0454111055683599	0.406108159138969	77
-0.0454111055683599	0.406108159138969	77
-0.04522376365631	0.406159618358576	847
-0.04522376365631	0.406159618358576	243
0.0779464153012801	2.07006884093401	1183
-0.04522376365631	0.406159618358576	2227
-0.0454111055683599	0.406108159138969	2227
-0.0454111055683599	0.406108159138969	238
-0.0501273146083801	0.40572439661199	238
-0.0454111055683599	0.406108159138969	112
-0.04522376365631	0.406159618358576	112
-0.0454111055683599	0.406108159138969	112
-0.0501273146083801	0.40572439661199	3374
-0.0454111055683599	0.406108159138969	3374
-0.04522376365631	0.406159618358576	3374
-0.0501273146083801	0.40572439661199	3374
-0.0746717748247101	0.757687975137559	19
-0.04522376365631	0.406159618358576	1971
-0.04522376365631	0.406159618358576	1971
-0.04522376365631	0.406159618358576	19
-0.0454111055683599	0.406108159138969	1869
-0.04522376365631	0.406159618358576	1869
-0.0454111055683599	0.406108159138969	1659
-0.0454111055683599	0.406108159138969	1659
-0.04522376365631	0.406159618358576	404
-0.04522376365631	0.406159618358576	404
-0.04522376365631	0.406159618358576	404
-0.04522376365631	0.406159618358576	2081
-0.0501273146083801	0.40572439661199	200
-0.10006624813739	1.16099682439671	33
-0.04522376365631	0.406159618358576	644
-0.0454111055683599	0.406108159138969	1684
-0.04522376365631	0.406159618358576	33
-0.0454111055683599	0.406108159138969	1973
-0.04522376365631	0.406159618358576	215
-0.0454111055683599	0.406108159138969	215
-0.04522376365631	0.406159618358576	215
-0.0501273146083801	0.40572439661199	215
-0.0454111055683599	0.406108159138969	1301
-0.0454111055683599	0.406108159138969	1619
-0.04522376365631	0.406159618358576	1619
-0.04522376365631	0.406159618358576	3602
-0.04522376365631	0.406159618358576	1190
-0.0454111055683599	0.406108159138969	652
-0.0454111055683599	0.406108159138969	652
-0.0501273146083801	0.40572439661199	652
-0.04522376365631	0.406159618358576	208
-0.04522376365631	0.406159618358576	86
-0.04522376365631	0.406159618358576	3538
-0.0454111055683599	0.406108159138969	3538
-0.04522376365631	0.406159618358576	188
-0.04522376365631	0.406159618358576	188
-0.0501273146083801	0.40572439661199	47
-0.0454111055683599	0.406108159138969	188
-0.0454111055683599	0.406108159138969	729
-0.04522376365631	0.406159618358576	116
-0.04522376365631	0.406159618358576	219
-0.0454111055683599	0.406108159138969	219
-0.04522376365631	0.406159618358576	54
-0.04522376365631	0.406159618358576	54
-0.04522376365631	0.406159618358576	54
-0.04522376365631	0.406159618358576	54
-0.0454111055683599	0.406108159138969	54
-0.0454111055683599	0.406108159138969	118
-0.04522376365631	0.406159618358576	118
-0.04522376365631	0.406159618358576	118
-0.0501273146083801	0.40572439661199	118
-0.04522376365631	0.406159618358576	77
-0.0454111055683599	0.406108159138969	243
-0.04522376365631	0.406159618358576	1183
-0.0454111055683599	0.406108159138969	1183
-0.04522376365631	0.406159618358576	2227
-0.04522376365631	0.406159618358576	2671
-0.0454111055683599	0.406108159138969	238
-0.04522376365631	0.406159618358576	238
-0.04522376365631	0.406159618358576	238
-0.04522376365631	0.406159618358576	39
-0.04522376365631	0.406159618358576	3374
-0.04522376365631	0.406159618358576	19
-0.04522376365631	0.406159618358576	19
-0.0454111055683599	0.406108159138969	58
-0.04522376365631	0.406159618358576	404
-0.0501273146083801	0.40572439661199	404
-0.0454111055683599	0.406108159138969	404
-0.04522376365631	0.406159618358576	200
-0.0454111055683599	0.406108159138969	200
-0.0454111055683599	0.406108159138969	200
-0.04522376365631	0.406159618358576	33
-0.0454111055683599	0.406108159138969	644
-0.04522376365631	0.406159618358576	713
-0.0454111055683599	0.406108159138969	1684
-0.0501273146083801	0.40572439661199	215
-0.0454111055683599	0.406108159138969	1619
-0.04522376365631	0.406159618358576	1619
-0.04522376365631	0.406159618358576	3602
-0.0454111055683599	0.406108159138969	3602
-0.04522376365631	0.406159618358576	3602
-0.04522376365631	0.406159618358576	3602
-0.04522376365631	0.406159618358576	652
-0.0454111055683599	0.406108159138969	652
-0.0501273146083801	0.40572439661199	256
-0.04522376365631	0.406159618358576	256
-0.06840613866815	0.751938577957193	12
-0.0454111055683599	0.406108159138969	208
-0.04522376365631	0.406159618358576	208
-0.04522376365631	0.406159618358576	208
-0.0454111055683599	0.406108159138969	47
-0.04522376365631	0.406159618358576	47
-0.04522376365631	0.406159618358576	729
-0.04522376365631	0.406159618358576	729
-0.0454111055683599	0.406108159138969	729
-0.0501273146083801	0.40572439661199	931
-0.07349417803259	0.758718061977533	2587
-0.0454111055683599	0.406108159138969	2587
-0.04522376365631	0.406159618358576	54
-0.0454111055683599	0.406108159138969	54
-0.0454111055683599	0.406108159138969	54
-0.0454111055683599	0.406108159138969	54
-0.0454111055683599	0.406108159138969	54
-0.04522376365631	0.406159618358576	54
-0.04522376365631	0.406159618358576	833
-0.04522376365631	0.406159618358576	118
-0.04522376365631	0.406159618358576	118
-0.04522376365631	0.406159618358576	118
-0.04522376365631	0.406159618358576	118
-0.04522376365631	0.406159618358576	129
-0.0746717748247101	0.757687975137559	77
-0.04522376365631	0.406159618358576	847
-0.04522376365631	0.406159618358576	847
-0.0454111055683599	0.406108159138969	847
-0.04522376365631	0.406159618358576	243
-0.04522376365631	0.406159618358576	1183
-0.0454111055683599	0.406108159138969	472
-0.04522376365631	0.406159618358576	472
-0.0501273146083801	0.40572439661199	472
-0.07373483340545	0.759520768730619	39
-0.04522376365631	0.406159618358576	39
-0.04522376365631	0.406159618358576	1971
-0.0454111055683599	0.406108159138969	19
-0.04522376365631	0.406159618358576	19
-0.04522376365631	0.406159618358576	58
-0.0454111055683599	0.406108159138969	58
-0.0454111055683599	0.406108159138969	404
-0.08148290036555	0.749444568565044	404
-0.04522376365631	0.406159618358576	200
-0.07909073590128	1.13390897186416	194
-0.0454111055683599	0.406108159138969	33
-0.04522376365631	0.406159618358576	33
-0.04522376365631	0.406159618358576	33
-0.0501273146083801	0.40572439661199	215
-0.04522376365631	0.406159618358576	215
-0.04522376365631	0.406159618358576	215
-0.0454111055683599	0.406108159138969	1619
-0.04522376365631	0.406159618358576	65
-0.0454111055683599	0.406108159138969	3602
-0.04522376365631	0.406159618358576	444
-0.04522376365631	0.406159618358576	210
-0.0501273146083801	0.40572439661199	652
-0.04522376365631	0.406159618358576	652
-0.04522376365631	0.406159618358576	652
0.0931246021136301	1.68287619725622	12
-0.04522376365631	0.406159618358576	12
-0.0501273146083801	0.40572439661199	12
-0.04522376365631	0.406159618358576	208
-0.04522376365631	0.406159618358576	208
-0.0501273146083801	0.40572439661199	208
-0.04522376365631	0.406159618358576	86
-0.04522376365631	0.406159618358576	3538
-0.0501273146083801	0.40572439661199	188
-0.04522376365631	0.406159618358576	188
-0.04522376365631	0.406159618358576	188
-0.0454111055683599	0.406108159138969	47
-0.04522376365631	0.406159618358576	47
-0.04522376365631	0.406159618358576	729
-0.0454111055683599	0.406108159138969	113
-0.0454111055683599	0.406108159138969	931
-0.04522376365631	0.406159618358576	931
-0.04522376365631	0.406159618358576	931
-0.0693202809442	0.7576566965492	2587
-0.04522376365631	0.406159618358576	2587
-0.0454111055683599	0.406108159138969	2587
-0.04522376365631	0.406159618358576	2587
-0.0454111055683599	0.406108159138969	54
-0.04522376365631	0.406159618358576	54
-0.0454111055683599	0.406108159138969	54
-0.04522376365631	0.406159618358576	54
-0.0454111055683599	0.406108159138969	54
-0.04522376365631	0.406159618358576	54
-0.04522376365631	0.406159618358576	54
-0.04522376365631	0.406159618358576	54
-0.04522376365631	0.406159618358576	833
-0.0501273146083801	0.40572439661199	833
-0.04522376365631	0.406159618358576	833
-0.04522376365631	0.406159618358576	833
-0.04522376365631	0.406159618358576	833
-0.0501273146083801	0.40572439661199	118
-0.04522376365631	0.406159618358576	118
-0.04522376365631	0.406159618358576	118
-0.07255880756041	0.753613125904852	118
-0.0454111055683599	0.406108159138969	1541
-0.0454111055683599	0.406108159138969	77
-0.0501273146083801	0.40572439661199	847
-0.0454111055683599	0.406108159138969	847
-0.04522376365631	0.406159618358576	1183
-0.04522376365631	0.406159618358576	2671
-0.04522376365631	0.406159618358576	2671
-0.04522376365631	0.406159618358576	2671
-0.04522376365631	0.406159618358576	3152
-0.04522376365631	0.406159618358576	39
-0.0501273146083801	0.40572439661199	1971
-0.04522376365631	0.406159618358576	19
0.1146945037827	2.23197270891777	2105
-0.04522376365631	0.406159618358576	58
-0.0454111055683599	0.406108159138969	58
-0.04522376365631	0.406159618358576	1905
-0.0454111055683599	0.406108159138969	404
-0.04522376365631	0.406159618358576	2081
-0.0454111055683599	0.406108159138969	200
-0.04522376365631	0.406159618358576	200
-0.0454111055683599	0.406108159138969	146
-0.04522376365631	0.406159618358576	1684
-0.04522376365631	0.406159618358576	33
-0.04522376365631	0.406159618358576	215
-0.0454111055683599	0.406108159138969	65
-0.04522376365631	0.406159618358576	3602
-0.0454111055683599	0.406108159138969	3602
-0.04522376365631	0.406159618358576	3602
-0.0454111055683599	0.406108159138969	3602
-0.04522376365631	0.406159618358576	652
-0.0454111055683599	0.406108159138969	256
-0.0454111055683599	0.406108159138969	256
-0.0454111055683599	0.406108159138969	12
-0.04522376365631	0.406159618358576	208
-0.0501273146083801	0.40572439661199	208
-0.0454111055683599	0.406108159138969	729
-0.04522376365631	0.406159618358576	931
-0.06281284079462	0.749911386602174	2587
-0.04522376365631	0.406159618358576	2587
-0.0454111055683599	0.406108159138969	2587
-0.04522376365631	0.406159618358576	54
-0.04522376365631	0.406159618358576	54
-0.04522376365631	0.406159618358576	54
-0.04522376365631	0.406159618358576	54
-0.04522376365631	0.406159618358576	54
-0.04522376365631	0.406159618358576	22
-0.04522376365631	0.406159618358576	54
-0.04522376365631	0.406159618358576	54
-0.0454111055683599	0.406108159138969	54
-0.04522376365631	0.406159618358576	833
-0.0501273146083801	0.40572439661199	833
-0.0501273146083801	0.40572439661199	129
-0.04522376365631	0.406159618358576	1541
-0.04522376365631	0.406159618358576	77
-0.04522376365631	0.406159618358576	472
-0.04522376365631	0.406159618358576	39
-0.04522376365631	0.406159618358576	39
-0.04522376365631	0.406159618358576	1971
-0.0501273146083801	0.40572439661199	1971
-0.04522376365631	0.406159618358576	1971
-0.0454111055683599	0.406108159138969	2105
-0.07491177099641	0.761062662410459	58
-0.04522376365631	0.406159618358576	58
-0.0501273146083801	0.40572439661199	1905
-0.04522376365631	0.406159618358576	2081
-0.0501273146083801	0.40572439661199	404
-0.0454111055683599	0.406108159138969	200
-0.04522376365631	0.406159618358576	644
-0.04522376365631	0.406159618358576	146
-0.0501273146083801	0.40572439661199	146
-0.0454111055683599	0.406108159138969	146
-0.0454111055683599	0.406108159138969	146
-0.0454111055683599	0.406108159138969	33
-0.0454111055683599	0.406108159138969	215
-0.0501273146083801	0.40572439661199	215
-0.0454111055683599	0.406108159138969	215
-0.04522376365631	0.406159618358576	457
-0.04522376365631	0.406159618358576	457
-0.0454111055683599	0.406108159138969	65
-0.04522376365631	0.406159618358576	210
-0.04522376365631	0.406159618358576	652
-0.04522376365631	0.406159618358576	652
-0.0454111055683599	0.406108159138969	256
0.07210929455604	0.974287435452963	12
-0.04522376365631	0.406159618358576	208
-0.04522376365631	0.406159618358576	208
-0.0454111055683599	0.406108159138969	208
-0.04522376365631	0.406159618358576	86
-0.0454111055683599	0.406108159138969	324
-0.0454111055683599	0.406108159138969	324
-0.0454111055683599	0.406108159138969	3538
-0.0454111055683599	0.406108159138969	3538
-0.0454111055683599	0.406108159138969	188
-0.0454111055683599	0.406108159138969	188
-0.0501273146083801	0.40572439661199	47
-0.0454111055683599	0.406108159138969	3657
-0.04522376365631	0.406159618358576	729
-0.04522376365631	0.406159618358576	2913
-0.04522376365631	0.406159618358576	2913
-0.0454111055683599	0.406108159138969	931
-0.07049553786231	0.755751724984709	185
-0.0454111055683599	0.406108159138969	54
-0.0454111055683599	0.406108159138969	54
-0.0454111055683599	0.406108159138969	54
-0.0501273146083801	0.40572439661199	54
-0.0501273146083801	0.40572439661199	54
-0.0501273146083801	0.40572439661199	54
-0.04522376365631	0.406159618358576	1541
-0.04522376365631	0.406159618358576	77
-0.04522376365631	0.406159618358576	77
-0.0454111055683599	0.406108159138969	472
-0.0454111055683599	0.406108159138969	472
-0.04522376365631	0.406159618358576	3151
-0.0501273146083801	0.40572439661199	39
-0.07373483340545	0.759520768730619	19
-0.0501273146083801	0.40572439661199	1971
-0.04522376365631	0.406159618358576	58
-0.04522376365631	0.406159618358576	58
-0.04522376365631	0.406159618358576	215
-0.04522376365631	0.406159618358576	215
-0.04522376365631	0.406159618358576	457
-0.0501273146083801	0.40572439661199	65
-0.04522376365631	0.406159618358576	3602
-0.04522376365631	0.406159618358576	652
-0.0501273146083801	0.40572439661199	652
-0.0454111055683599	0.406108159138969	12
-0.04522376365631	0.406159618358576	208
-0.04522376365631	0.406159618358576	208
-0.04522376365631	0.406159618358576	86
-0.04522376365631	0.406159618358576	3657
-0.06281284079462	0.749911386602174	113
-0.09550971672705	1.16689816159635	116
-0.04522376365631	0.406159618358576	931
-0.0454111055683599	0.406108159138969	2587
-0.0501273146083801	0.40572439661199	2587
-0.04522376365631	0.406159618358576	2587
-0.04522376365631	0.406159618358576	2587
-0.0454111055683599	0.406108159138969	54
-0.04522376365631	0.406159618358576	54
-0.0454111055683599	0.406108159138969	54
-0.04522376365631	0.406159618358576	833
-0.04522376365631	0.406159618358576	118
-0.04522376365631	0.406159618358576	1541
-0.04522376365631	0.406159618358576	77
-0.04522376365631	0.406159618358576	39
-0.0501273146083801	0.40572439661199	19
-0.0454111055683599	0.406108159138969	19
-0.04522376365631	0.406159618358576	213
-0.0693202809442	0.7576566965492	19
-0.0454111055683599	0.406108159138969	19
-0.06672391556845	0.755139764558434	2622
-0.0454111055683599	0.406108159138969	2622
-0.04522376365631	0.406159618358576	200
-0.0454111055683599	0.406108159138969	215
-0.0681459332729899	0.757477944035012	457
-0.0805344456027799	0.755559929122587	12
-0.0454111055683599	0.406108159138969	208
-0.0454111055683599	0.406108159138969	208
-0.0454111055683599	0.406108159138969	208
-0.04522376365631	0.406159618358576	324
-0.0711417211845999	0.751312028200316	188
-0.04522376365631	0.406159618358576	786
-0.0501273146083801	0.40572439661199	3657
-0.0454111055683599	0.406108159138969	47
-0.0454111055683599	0.406108159138969	113
0.0267724936753999	1.40182395581984	2587
-0.0454111055683599	0.406108159138969	2587
-0.0454111055683599	0.406108159138969	2587
-0.0454111055683599	0.406108159138969	54
-0.0454111055683599	0.406108159138969	54
-0.0454111055683599	0.406108159138969	54
-0.0454111055683599	0.406108159138969	54
-0.04522376365631	0.406159618358576	833
-0.04522376365631	0.406159618358576	833
-0.0454111055683599	0.406108159138969	833
-0.04522376365631	0.406159618358576	833
-0.04522376365631	0.406159618358576	833
-0.0454111055683599	0.406108159138969	2655
-0.0454111055683599	0.406108159138969	1573
-0.04522376365631	0.406159618358576	213
-0.07794229325279	0.748270130099481	19
-0.0454111055683599	0.406108159138969	261
-0.07049553786231	0.755751724984709	2114
-0.0639861075511099	0.750093739397359	33
-0.04522376365631	0.406159618358576	33
-0.0805344456027799	0.755559929122587	1195
-0.0454111055683599	0.406108159138969	65
-0.0915064971292301	1.18063614088228	210
-0.0681459332729899	0.757477944035012	256
-0.07608962166886	0.760023550642785	652
-0.07373483340545	0.759520768730619	12
-0.07608962166886	0.760023550642785	208
0.0605591869637201	0.980212345517434	47
-0.04522376365631	0.406159618358576	786
-0.06789801192182	0.755319680676232	113
-0.0854992485225501	1.16299796141271	116
-0.04522376365631	0.406159618358576	2587
-0.0454111055683599	0.406108159138969	2587
-0.04522376365631	0.406159618358576	54
-0.0454111055683599	0.406108159138969	54
-0.04522376365631	0.406159618358576	54
-0.0454111055683599	0.406108159138969	54
-0.0454111055683599	0.406108159138969	54
-0.0454111055683599	0.406108159138969	833
-0.04522376365631	0.406159618358576	833
-0.04522376365631	0.406159618358576	833
-0.0454111055683599	0.406108159138969	833
-0.0501273146083801	0.40572439661199	833
-0.0501273146083801	0.40572439661199	833
-0.0501273146083801	0.40572439661199	1551
-0.04522376365631	0.406159618358576	2561
-0.04522376365631	0.406159618358576	1573
-0.04522376365631	0.406159618358576	1573
-0.0501273146083801	0.40572439661199	847
-0.04522376365631	0.406159618358576	847
-0.0454111055683599	0.406108159138969	269
-0.04522376365631	0.406159618358576	39
-0.0454111055683599	0.406108159138969	19
-0.04522376365631	0.406159618358576	261
0.07244770312242	0.961306132364751	404
-0.04522376365631	0.406159618358576	200
-0.10194746382176	1.16427476575087	3369
-0.0454111055683599	0.406108159138969	1195
-0.0454111055683599	0.406108159138969	33
-0.0454111055683599	0.406108159138969	33
-0.0501273146083801	0.40572439661199	1756
-0.04522376365631	0.406159618358576	65
-0.04522376365631	0.406159618358576	210
-0.04522376365631	0.406159618358576	256
-0.0454111055683599	0.406108159138969	652
-0.04522376365631	0.406159618358576	652
-0.09877080473525	1.16698396253288	652
-0.0454111055683599	0.406108159138969	12
-0.0454111055683599	0.406108159138969	324
-0.04522376365631	0.406159618358576	324
-0.04522376365631	0.406159618358576	324
-0.0501273146083801	0.40572439661199	47
-0.0454111055683599	0.406108159138969	302
-0.04522376365631	0.406159618358576	302
-0.0454111055683599	0.406108159138969	185
-0.0501273146083801	0.40572439661199	2587
-0.04522376365631	0.406159618358576	2587
-0.04522376365631	0.406159618358576	54
-0.04522376365631	0.406159618358576	54
-0.04522376365631	0.406159618358576	54
-0.04522376365631	0.406159618358576	54
-0.0501273146083801	0.40572439661199	833
-0.0454111055683599	0.406108159138969	833
-0.0501273146083801	0.40572439661199	77
-0.0501273146083801	0.40572439661199	77
-0.04522376365631	0.406159618358576	269
-0.0454111055683599	0.406108159138969	39
-0.0501273146083801	0.40572439661199	39
-0.04522376365631	0.406159618358576	19
-0.04522376365631	0.406159618358576	1483
-0.0501273146083801	0.40572439661199	213
-0.0501273146083801	0.40572439661199	1251
-0.04522376365631	0.406159618358576	213
0.05775774482526	2.08003459866091	261
-0.0454111055683599	0.406108159138969	2327
-0.04522376365631	0.406159618358576	404
-0.0454111055683599	0.406108159138969	200
-0.0454111055683599	0.406108159138969	417
-0.06789801192182	0.755319680676232	33
-0.0501273146083801	0.40572439661199	611
-0.04522376365631	0.406159618358576	1756
-0.04522376365631	0.406159618358576	1756
-0.04522376365631	0.406159618358576	1756
-0.0454111055683599	0.406108159138969	1756
-0.0454111055683599	0.406108159138969	457
-0.04522376365631	0.406159618358576	668
-0.06672391556845	0.755139764558434	652
-0.04522376365631	0.406159618358576	12
-0.0454111055683599	0.406108159138969	208
-0.0454111055683599	0.406108159138969	12
-0.0454111055683599	0.406108159138969	324
-0.04522376365631	0.406159618358576	86
-0.0454111055683599	0.406108159138969	86
-0.0454111055683599	0.406108159138969	3657
-0.04522376365631	0.406159618358576	302
-0.04522376365631	0.406159618358576	302
-0.0454111055683599	0.406108159138969	116
-0.0501273146083801	0.40572439661199	116
-0.0693202809442	0.7576566965492	11
0.03391017184481	1.40007996270609	11
-0.0454111055683599	0.406108159138969	54
-0.04522376365631	0.406159618358576	54
-0.0454111055683599	0.406108159138969	54
-0.04522376365631	0.406159618358576	54
-0.04522376365631	0.406159618358576	54
-0.0454111055683599	0.406108159138969	54
-0.0501273146083801	0.40572439661199	833
-0.04522376365631	0.406159618358576	833
-0.0501273146083801	0.40572439661199	833
-0.0454111055683599	0.406108159138969	833
-0.04522376365631	0.406159618358576	833
-0.04522376365631	0.406159618358576	2561
-0.0693202809442	0.7576566965492	472
-0.04522376365631	0.406159618358576	213
-0.04522376365631	0.406159618358576	213
0.0648941592652399	0.982457596208955	65
-0.04522376365631	0.406159618358576	65
-0.04522376365631	0.406159618358576	1756
-0.04522376365631	0.406159618358576	457
-0.04522376365631	0.406159618358576	457
0.12413866358394	1.22441554657176	210
-0.0820447533931301	0.740586672463666	2374
-0.04522376365631	0.406159618358576	324
-0.0501273146083801	0.40572439661199	47
-0.0454111055683599	0.406108159138969	185
-0.0454111055683599	0.406108159138969	54
-0.0454111055683599	0.406108159138969	54
-0.0454111055683599	0.406108159138969	54
-0.04522376365631	0.406159618358576	54
-0.0454111055683599	0.406108159138969	54
-0.0454111055683599	0.406108159138969	2535
-0.04522376365631	0.406159618358576	2535
-0.0454111055683599	0.406108159138969	833
-0.04522376365631	0.406159618358576	833
-0.0693202809442	0.7576566965492	77
-0.0592752705342301	2.4222301907971	77
0.10430576782428	1.63465440056499	472
-0.06555072674751	0.752836446371321	2434
-0.07231749393078	0.757183848190581	47
0.0259382993316	1.42514621188819	11
-0.0501273146083801	0.40572439661199	185
-0.0454111055683599	0.406108159138969	1205
-0.04522376365631	0.406159618358576	54
-0.04522376365631	0.406159618358576	54
-0.04522376365631	0.406159618358576	54
-0.04522376365631	0.406159618358576	54
-0.0454111055683599	0.406108159138969	833
-0.0501273146083801	0.40572439661199	833
-0.0454111055683599	0.406108159138969	833
-0.04522376365631	0.406159618358576	833
-0.04522376365631	0.406159618358576	833
-0.0454111055683599	0.406108159138969	833
-0.0454111055683599	0.406108159138969	833
-0.06789801192182	0.755319680676232	58
0.07210929455604	0.974287435452963	404
-0.0501273146083801	0.40572439661199	76
-0.0501273146083801	0.40572439661199	801
-0.0454111055683599	0.406108159138969	54
-0.0454111055683599	0.406108159138969	54
-0.0454111055683599	0.406108159138969	400
-0.0454111055683599	0.406108159138969	833
-0.04522376365631	0.406159618358576	833
-0.04522376365631	0.406159618358576	721
0.0147695952384199	1.84343767610282	213
-0.0454111055683599	0.406108159138969	213
0.10717383658768	2.23101655944063	417
-0.08289627991657	0.751708259222083	185
-0.0454111055683599	0.406108159138969	833
0.07412744200388	0.963207107410276	1790
-0.0883373927586599	1.16233330194489	116
-0.04522376365631	0.406159618358576	833
-0.0454111055683599	0.406108159138969	1299
-0.06789801192182	0.755319680676232	3169
-0.04522376365631	0.406159618358576	1299
0.0296526069399801	1.39893626435727	200
0.01343654673297	1.84394947061274	47
0.07210929455604	0.974287435452963	3169
-0.0693202809442	0.7576566965492	400
0.0771634080611701	0.960818859253144	400
0.0182111070120401	1.44156339289607	205
-0.04522376365631	0.406159618358576	1099
0.08839755436166	1.66256783558997	269
0.00632934237709004	2.22158094027199	213
-0.06840613866815	0.751938577957193	205
0.111264435058	2.23903175186539	12
-0.07491177099641	0.761062662410459	12
-0.0454111055683599	0.406108159138969	12
-0.0454111055683599	0.406108159138969	47
-0.0454111055683599	0.406108159138969	11
-0.06789801192182	0.755319680676232	400
-0.0946798437307399	1.1659299787002	77
0.10365117991543	1.67482209456608	213
0.0734122097485901	0.961670107321016	200
-0.0732839191337	2.446949743317	210
-0.04522376365631	0.406159618358576	12
-0.0454111055683599	0.406108159138969	108
-0.04522376365631	0.406159618358576	108
0.0639291860967499	0.978924588533272	786
-0.0501273146083801	0.40572439661199	185
-0.06672391556845	0.755139764558434	76
-0.07255880756041	0.753613125904852	400
-0.0454111055683599	0.406108159138969	77
-0.0454111055683599	0.406108159138969	77
0.00766447987435992	1.87449244395524	269
-0.04522376365631	0.406159618358576	1651
-0.07796645859577	2.05082859938108	210
-0.04522376365631	0.406159618358576	12
-0.0454111055683599	0.406108159138969	35
-0.0454111055683599	0.406108159138969	35
-0.0867418433246101	1.65029852048508	86
-0.0702489325383799	0.747751043646639	108
-0.04522376365631	0.406159618358576	786
-0.0681459332729899	0.757477944035012	687
-0.04522376365631	0.406159618358576	687
-0.0454111055683599	0.406108159138969	11
-0.06555072674751	0.752836446371321	76
-0.04522376365631	0.406159618358576	801
-0.04522376365631	0.406159618358576	400
-0.07255880756041	0.753613125904852	326
-0.0651602818841499	0.748234362154385	326
-0.0454111055683599	0.406108159138969	261
-0.07752011304338	1.60710709825282	58
-0.0454111055683599	0.406108159138969	12
-0.09100906407231	1.17626309687335	108
-0.0454111055683599	0.406108159138969	47
-0.08227915798304	1.63273884315985	344
-0.0454111055683599	0.406108159138969	11
-0.0681459332729899	0.757477944035012	76
-0.0454111055683599	0.406108159138969	474
-0.0454111055683599	0.406108159138969	400
-0.08171490361416	0.755879019504499	326
-0.0639861075511099	0.750093739397359	12
-0.00112207180326007	1.88281505168835	12
-0.04522376365631	0.406159618358576	12
0.0743761193933401	0.960603618560299	3005
-0.09017843417031	1.16462737634286	108
-0.0923374580194201	1.17806482383112	687
0.0645576568381101	0.975681262593783	11
-0.0501273146083801	0.40572439661199	2835
-0.07049553786231	0.755751724984709	2835
-0.04522376365631	0.406159618358576	400
-0.07349417803259	0.758718061977533	58
0.0775052234037601	0.960415524300744	1651
-0.04522376365631	0.406159618358576	65
-0.06281284079462	0.749911386602174	210
-0.07349417803259	0.758718061977533	47
-0.0681459332729899	0.757477944035012	108
-0.04522376365631	0.406159618358576	1354
-0.04522376365631	0.406159618358576	76
-0.04522376365631	0.406159618358576	76
-0.0454111055683599	0.406108159138969	474
-0.0454111055683599	0.406108159138969	76
-0.0454111055683599	0.406108159138969	2835
-0.0454111055683599	0.406108159138969	2835
-0.0454111055683599	0.406108159138969	1810
0.0571661738473299	0.960615032477069	1299
-0.06281284079462	0.749911386602174	1299
-0.06789801192182	0.755319680676232	1299
-0.0616404802900501	0.747635014309802	77
-0.08171490361416	0.755879019504499	77
-0.07373483340545	0.759520768730619	213
-0.04522376365631	0.406159618358576	72
-0.0693202809442	0.7576566965492	189
0.0708064794577601	0.966270157563041	33
-0.04522376365631	0.406159618358576	12
0.0605591869637201	0.980212345517434	12
-0.0501273146083801	0.40572439661199	108
-0.06281284079462	0.749911386602174	1119
-0.06672391556845	0.755139764558434	108
-0.04522376365631	0.406159618358576	76
-0.0501273146083801	0.40572439661199	1354
-0.04522376365631	0.406159618358576	76
-0.04522376365631	0.406159618358576	76
-0.0454111055683599	0.406108159138969	76
-0.0454111055683599	0.406108159138969	76
-0.0454111055683599	0.406108159138969	76
-0.04522376365631	0.406159618358576	801
-0.0454111055683599	0.406108159138969	2252
-0.0454111055683599	0.406108159138969	474
-0.0454111055683599	0.406108159138969	474
-0.0454111055683599	0.406108159138969	400
-0.0454111055683599	0.406108159138969	2835
-0.0454111055683599	0.406108159138969	400
-0.0454111055683599	0.406108159138969	1810
-0.04522376365631	0.406159618358576	1810
-0.04522376365631	0.406159618358576	1810
-0.0454111055683599	0.406108159138969	1810
-0.07491177099641	0.761062662410459	649
0.07307407605491	0.973200620856142	19
-0.04522376365631	0.406159618358576	72
0.07768632680685	2.02117658851955	189
0.0679059247271701	0.960155324898402	58
-0.04522376365631	0.406159618358576	76
-0.04522376365631	0.406159618358576	76
-0.0454111055683599	0.406108159138969	801
-0.0454111055683599	0.406108159138969	474
-0.0501273146083801	0.40572439661199	76
-0.04522376365631	0.406159618358576	1810
-0.04522376365631	0.406159618358576	1810
-0.0454111055683599	0.406108159138969	1810
-0.04522376365631	0.406159618358576	1810
-0.04522376365631	0.406159618358576	269
-0.0639861075511099	0.750093739397359	2543
-0.07608962166886	0.760023550642785	189
-0.07049553786231	0.755751724984709	1651
-0.07491177099641	0.761062662410459	1372
-0.04522376365631	0.406159618358576	108
-0.07491177099641	0.761062662410459	1119
-0.0454111055683599	0.406108159138969	108
0.10237881605783	1.65550841162832	344
-0.04522376365631	0.406159618358576	1354
-0.04522376365631	0.406159618358576	76
-0.0454111055683599	0.406108159138969	76
-0.04522376365631	0.406159618358576	76
-0.04522376365631	0.406159618358576	76
-0.04522376365631	0.406159618358576	76
-0.0454111055683599	0.406108159138969	76
-0.0454111055683599	0.406108159138969	76
-0.0454111055683599	0.406108159138969	76
-0.0454111055683599	0.406108159138969	76
-0.04522376365631	0.406159618358576	1810
-0.0501273146083801	0.40572439661199	1810
-0.07167170535838	0.750034484854258	77
-0.0454111055683599	0.406108159138969	45
-0.07373483340545	0.759520768730619	45
-0.06046902471553	0.74131826500725	2741
-0.08171490361416	0.755879019504499	2406
-0.06907301713506	0.753429338745028	213
-0.06672391556845	0.755139764558434	261
0.0652319199456199	0.966283912646895	1651
-0.04522376365631	0.406159618358576	1651
-0.0681459332729899	0.757477944035012	200
-0.04522376365631	0.406159618358576	108
-0.0454111055683599	0.406108159138969	966
-0.0454111055683599	0.406108159138969	966
0.07017793672269	0.971940734338536	108
-0.0454111055683599	0.406108159138969	76
-0.04522376365631	0.406159618358576	76
-0.04522376365631	0.406159618358576	76
-0.0454111055683599	0.406108159138969	76
-0.0454111055683599	0.406108159138969	76
-0.0454111055683599	0.406108159138969	76
-0.0454111055683599	0.406108159138969	1810
-0.04522376365631	0.406159618358576	1810
-0.07231749393078	0.757183848190581	1299
-0.04522376365631	0.406159618358576	45
-0.0454111055683599	0.406108159138969	269
0.0624828573262901	0.975155730595229	784
-0.0805344456027799	0.755559929122587	236
-0.0501273146083801	0.40572439661199	72
-0.0454111055683599	0.406108159138969	1651
-0.0746717748247101	0.757687975137559	1651
-0.0454111055683599	0.406108159138969	35
-0.0454111055683599	0.406108159138969	2013
-0.0454111055683599	0.406108159138969	35
-0.04522376365631	0.406159618358576	871
-0.0454111055683599	0.406108159138969	12
-0.0974215164396299	1.19303792723712	12
-0.0669724935203899	0.755161927952963	12
-0.0454111055683599	0.406108159138969	966
-0.0454111055683599	0.406108159138969	2600
-0.0454111055683599	0.406108159138969	86
-0.04522376365631	0.406159618358576	284
-0.0681459332729899	0.757477944035012	108
-0.0454111055683599	0.406108159138969	108
-0.04522376365631	0.406159618358576	47
-0.0454111055683599	0.406108159138969	47
-0.0681459332729899	0.757477944035012	1565
-0.0887437175816701	1.17444839021317	3440
-0.0501273146083801	0.40572439661199	1354
-0.0501273146083801	0.40572439661199	76
-0.0454111055683599	0.406108159138969	76
-0.04522376365631	0.406159618358576	76
-0.04522376365631	0.406159618358576	2096
-0.04522376365631	0.406159618358576	76
-0.0454111055683599	0.406108159138969	76
-0.04522376365631	0.406159618358576	76
-0.0454111055683599	0.406108159138969	76
-0.04522376365631	0.406159618358576	1299
-0.07049553786231	0.755751724984709	77
-0.04522376365631	0.406159618358576	45
-0.04522376365631	0.406159618358576	269
-0.0454111055683599	0.406108159138969	19
-0.04522376365631	0.406159618358576	236
-0.04522376365631	0.406159618358576	969
-0.0501273146083801	0.40572439661199	2406
-0.0501273146083801	0.40572439661199	213
-0.0454111055683599	0.406108159138969	261
-0.04522376365631	0.406159618358576	665
-0.04522376365631	0.406159618358576	189
-0.04522376365631	0.406159618358576	417
-0.04522376365631	0.406159618358576	200
-0.04522376365631	0.406159618358576	2013
-0.0501273146083801	0.40572439661199	35
-0.04522376365631	0.406159618358576	871
-0.04522376365631	0.406159618358576	871
-0.0454111055683599	0.406108159138969	871
-0.04522376365631	0.406159618358576	871
-0.04522376365631	0.406159618358576	12
-0.04522376365631	0.406159618358576	12
-0.04522376365631	0.406159618358576	108
-0.04522376365631	0.406159618358576	108
-0.04522376365631	0.406159618358576	3201
-0.0501273146083801	0.40572439661199	2600
-0.04522376365631	0.406159618358576	284
-0.06907301713506	0.753429338745028	284
-0.04522376365631	0.406159618358576	108
-0.0501273146083801	0.40572439661199	108
-0.04522376365631	0.406159618358576	108
-0.04522376365631	0.406159618358576	108
-0.04522376365631	0.406159618358576	47
-0.0454111055683599	0.406108159138969	809
0.02051046455945	1.43623328609096	199
-0.0681459332729899	0.757477944035012	11
-0.04522376365631	0.406159618358576	1354
-0.0454111055683599	0.406108159138969	2096
-0.04522376365631	0.406159618358576	76
-0.0454111055683599	0.406108159138969	76
-0.0501273146083801	0.40572439661199	76
-0.0454111055683599	0.406108159138969	76
-0.04522376365631	0.406159618358576	76
-0.0454111055683599	0.406108159138969	326
-0.0454111055683599	0.406108159138969	1299
-0.04522376365631	0.406159618358576	1299
-0.04522376365631	0.406159618358576	45
-0.0454111055683599	0.406108159138969	45
-0.06555072674751	0.752836446371321	77
-0.04522376365631	0.406159618358576	649
-0.04522376365631	0.406159618358576	236
-0.04522376365631	0.406159618358576	969
-0.0454111055683599	0.406108159138969	1055
-0.04522376365631	0.406159618358576	2406
-0.04522376365631	0.406159618358576	1651
-0.04522376365631	0.406159618358576	200
-0.07491177099641	0.761062662410459	200
-0.04522376365631	0.406159618358576	200
-0.0454111055683599	0.406108159138969	35
-0.04522376365631	0.406159618358576	35
-0.0501273146083801	0.40572439661199	555
-0.04522376365631	0.406159618358576	871
-0.04522376365631	0.406159618358576	871
-0.0454111055683599	0.406108159138969	871
-0.04522376365631	0.406159618358576	12
-0.04522376365631	0.406159618358576	12
-0.04522376365631	0.406159618358576	108
-0.04522376365631	0.406159618358576	2600
-0.0501273146083801	0.40572439661199	2600
-0.04522376365631	0.406159618358576	86
-0.04522376365631	0.406159618358576	108
-0.04522376365631	0.406159618358576	47
-0.04522376365631	0.406159618358576	809
-0.04522376365631	0.406159618358576	11
-0.04522376365631	0.406159618358576	1354
-0.0501273146083801	0.40572439661199	76
-0.04522376365631	0.406159618358576	76
-0.0454111055683599	0.406108159138969	76
-0.04522376365631	0.406159618358576	1810
-0.0454111055683599	0.406108159138969	1810
-0.0501273146083801	0.40572439661199	1810
-0.0501273146083801	0.40572439661199	2741
-0.0501273146083801	0.40572439661199	2741
-0.0454111055683599	0.406108159138969	269
-0.04522376365631	0.406159618358576	269
-0.04522376365631	0.406159618358576	269
-0.0669724935203899	0.755161927952963	1055
-0.04522376365631	0.406159618358576	1055
-0.04522376365631	0.406159618358576	72
-0.04522376365631	0.406159618358576	72
-0.04522376365631	0.406159618358576	1651
-0.04522376365631	0.406159618358576	1651
-0.08703068864154	1.65470143969782	200
-0.04522376365631	0.406159618358576	200
-0.04522376365631	0.406159618358576	310
-0.0454111055683599	0.406108159138969	310
-0.0454111055683599	0.406108159138969	35
-0.0501273146083801	0.40572439661199	35
-0.04522376365631	0.406159618358576	35
-0.0501273146083801	0.40572439661199	108
-0.0454111055683599	0.406108159138969	284
-0.06281284079462	0.749911386602174	284
-0.04522376365631	0.406159618358576	47
-0.0501273146083801	0.40572439661199	47
-0.0818376464412001	1.13973771859861	47
-0.04522376365631	0.406159618358576	47
-0.04522376365631	0.406159618358576	1354
-0.0501273146083801	0.40572439661199	1354
-0.0501273146083801	0.40572439661199	1354
-0.04522376365631	0.406159618358576	1354
-0.04522376365631	0.406159618358576	76
-0.04522376365631	0.406159618358576	2096
-0.04522376365631	0.406159618358576	2096
-0.04522376365631	0.406159618358576	2096
-0.0501273146083801	0.40572439661199	76
-0.04522376365631	0.406159618358576	76
-0.0454111055683599	0.406108159138969	76
-0.04522376365631	0.406159618358576	76
-0.04522376365631	0.406159618358576	76
-0.04522376365631	0.406159618358576	76
-0.0454111055683599	0.406108159138969	76
-0.0454111055683599	0.406108159138969	1810
-0.0501273146083801	0.40572439661199	1810
-0.04522376365631	0.406159618358576	1810
-0.04522376365631	0.406159618358576	1810
-0.0454111055683599	0.406108159138969	400
-0.0616404802900501	0.747635014309802	1299
-0.04522376365631	0.406159618358576	1055
-0.0693202809442	0.7576566965492	213
-0.04522376365631	0.406159618358576	11
-0.0454111055683599	0.406108159138969	2812
-0.04522376365631	0.406159618358576	2812
-0.0454111055683599	0.406108159138969	76
-0.0454111055683599	0.406108159138969	532
-0.04522376365631	0.406159618358576	76
-0.0454111055683599	0.406108159138969	1810
-0.0454111055683599	0.406108159138969	1810
-0.04522376365631	0.406159618358576	1810
-0.04522376365631	0.406159618358576	1299
-0.08641787507445	1.1649550204137	77
-0.07608962166886	0.760023550642785	269
0.0681224000908001	0.970676525221855	1055
-0.04522376365631	0.406159618358576	1055
0.0668223144935201	0.983497164001226	189
-0.04522376365631	0.406159618358576	200
0.0709086257571501	0.970946310477819	108
-0.07349417803259	0.758718061977533	108
-0.0946798437307399	1.1659299787002	108
-0.07491177099641	0.761062662410459	47
0.0664863799331601	0.973221895854537	47
-0.0454111055683599	0.406108159138969	76
-0.0454111055683599	0.406108159138969	76
-0.0454111055683599	0.406108159138969	76
-0.04522376365631	0.406159618358576	76
-0.04522376365631	0.406159618358576	737
-0.07491177099641	0.761062662410459	269
-0.0769454973394299	1.62665215538612	19
-0.09650022894982	1.19363907993218	555
-0.0693202809442	0.7576566965492	108
0.0727371858550601	0.962577209907809	1751
0.0775052234037601	0.960415524300744	344
0.0671595024381599	0.971040289110175	344
-0.08171490361416	0.755879019504499	344
-0.0805344456027799	0.755559929122587	344
-0.0454111055683599	0.406108159138969	11
-0.0454111055683599	0.406108159138969	11
-0.0454111055683599	0.406108159138969	76
-0.0501273146083801	0.40572439661199	1810
-0.0454111055683599	0.406108159138969	1810
-0.04522376365631	0.406159618358576	737
0.0727371858550601	0.962577209907809	269
-0.04522376365631	0.406159618358576	200
-0.10742697102619	1.18094849104142	200
-0.07608962166886	0.760023550642785	108
-0.0915064971292301	1.18063614088228	108
0.0755815353717	0.958159725009576	108
-0.0736444611695499	2.06373567547768	809
-0.09058503146372	1.18029718433957	11
-0.04522376365631	0.406159618358576	11
-0.04522376365631	0.406159618358576	76
-0.0836636031787099	1.15314125435926	269
-0.07255880756041	0.753613125904852	58
-0.06840613866815	0.751938577957193	108
-0.04522376365631	0.406159618358576	108
-0.0811559995939	1.64817084410275	344
-0.0711441155024699	2.44933094619614	344
-0.0454111055683599	0.406108159138969	76
-0.04522376365631	0.406159618358576	182
-0.04522376365631	0.406159618358576	182
-0.0454111055683599	0.406108159138969	737
-0.0501273146083801	0.40572439661199	737
-0.10017378548457	1.17372844020283	1299
-0.07349417803259	0.758718061977533	269
0.01962748700549	1.42027059366265	205
-0.0501273146083801	0.40572439661199	200
-0.07193641502884	0.747430221798035	35
-0.07349417803259	0.758718061977533	1419
-0.0454111055683599	0.406108159138969	356
-0.0957112370028601	1.65764422283966	3119
0.10634372975668	1.63598668475858	809
-0.04522376365631	0.406159618358576	11
-0.0501273146083801	0.40572439661199	11
-0.04522376365631	0.406159618358576	76
-0.0454111055683599	0.406108159138969	76
-0.04522376365631	0.406159618358576	400
-0.07049553786231	0.755751724984709	684
-0.0501273146083801	0.40572439661199	1299
-0.0651602818841499	0.748234362154385	77
-0.0805344456027799	0.755559929122587	969
-0.07608962166886	0.760023550642785	205
-0.0454111055683599	0.406108159138969	205
0.0755815353717	0.958159725009576	1128
-0.0454111055683599	0.406108159138969	1050
-0.07231749393078	0.757183848190581	200
-0.08171490361416	0.755879019504499	3242
-0.0639861075511099	0.750093739397359	555
-0.0454111055683599	0.406108159138969	35
-0.06789801192182	0.755319680676232	35
-0.0711417211845999	0.751312028200316	349
-0.09650022894982	1.19363907993218	218
-0.0454111055683599	0.406108159138969	108
-0.0651602818841499	0.748234362154385	809
-0.0454111055683599	0.406108159138969	76
-0.04522376365631	0.406159618358576	76
-0.04522376365631	0.406159618358576	76
-0.04522376365631	0.406159618358576	76
-0.04522376365631	0.406159618358576	76
-0.0454111055683599	0.406108159138969	76
-0.04522376365631	0.406159618358576	400
-0.0454111055683599	0.406108159138969	182
-0.07049553786231	0.755751724984709	269
-0.0805344456027799	0.755559929122587	72
0.09576078642146	1.60943701503002	200
-0.07373483340545	0.759520768730619	35
0.0655223168841199	0.975317439128556	108
-0.0800058399071999	1.13750683565601	962
-0.08620649497849	1.61084758187211	108
-0.10242107278268	1.19021883908903	47
-0.04522376365631	0.406159618358576	11
-0.0454111055683599	0.406108159138969	76
-0.04522376365631	0.406159618358576	182
-0.0454111055683599	0.406108159138969	182
-0.0454111055683599	0.406108159138969	1299
-0.0454111055683599	0.406108159138969	77
0.0645576568381101	0.975681262593783	77
0.0717721318809099	0.965197303659136	1345
-0.0900316148187199	1.1415264554992	269
-0.04522376365631	0.406159618358576	269
-0.0616404802900501	0.747635014309802	846
-0.06555072674751	0.752836446371321	1050
-0.07349417803259	0.758718061977533	35
-0.04522376365631	0.406159618358576	35
-0.0900913287160801	1.1749943903946	35
-0.07231749393078	0.757183848190581	108
-0.0657999603608601	0.748722663220006	108
0.05926112655975	0.9721554495193	108
-0.08595929786627	0.745622609241336	108
-0.04522376365631	0.406159618358576	1751
-0.0681459332729899	0.757477944035012	3119
-0.0746717748247101	0.757687975137559	2630
-0.06789801192182	0.755319680676232	2630
-0.0454111055683599	0.406108159138969	199
-0.0501273146083801	0.40572439661199	801
-0.04522376365631	0.406159618358576	76
-0.0454111055683599	0.406108159138969	76
-0.04522376365631	0.406159618358576	76
-0.0501273146083801	0.40572439661199	182
-0.0454111055683599	0.406108159138969	182
-0.0501273146083801	0.40572439661199	737
-0.0454111055683599	0.406108159138969	737
-0.04522376365631	0.406159618358576	737
0.0639291860967499	0.978924588533272	1299
-0.04522376365631	0.406159618358576	45
-0.04522376365631	0.406159618358576	2407
-0.0454111055683599	0.406108159138969	213
-0.0454111055683599	0.406108159138969	1050
-0.0501273146083801	0.40572439661199	58
-0.0454111055683599	0.406108159138969	2878
-0.04522376365631	0.406159618358576	35
-0.0454111055683599	0.406108159138969	1431
0.0727371858550601	0.962577209907809	35
-0.0501273146083801	0.40572439661199	108
-0.0681459332729899	0.757477944035012	3119
-0.04522376365631	0.406159618358576	76
-0.04522376365631	0.406159618358576	76
-0.0454111055683599	0.406108159138969	76
-0.04522376365631	0.406159618358576	76
-0.04522376365631	0.406159618358576	182
-0.04522376365631	0.406159618358576	182
-0.04522376365631	0.406159618358576	182
-0.04522376365631	0.406159618358576	737
-0.0501273146083801	0.40572439661199	737
-0.0454111055683599	0.406108159138969	737
0.0639291860967499	0.978924588533272	77
-0.04522376365631	0.406159618358576	269
-0.0711417211845999	0.751312028200316	72
-0.04522376365631	0.406159618358576	213
-0.06789801192182	0.755319680676232	1128
-0.07373483340545	0.759520768730619	58
-0.0454111055683599	0.406108159138969	1050
-0.09557948035874	1.19234470110764	35
-0.07585028564619	0.752597954911243	108
-0.04522376365631	0.406159618358576	356
-0.0501273146083801	0.40572439661199	76
-0.04522376365631	0.406159618358576	76
-0.0454111055683599	0.406108159138969	76
-0.04522376365631	0.406159618358576	76
-0.0454111055683599	0.406108159138969	76
-0.0454111055683599	0.406108159138969	76
-0.0454111055683599	0.406108159138969	182
-0.0454111055683599	0.406108159138969	182
-0.0454111055683599	0.406108159138969	182
-0.04522376365631	0.406159618358576	182
-0.04522376365631	0.406159618358576	182
-0.0454111055683599	0.406108159138969	182
0.10736114707732	2.48650690973579	77
-0.04522376365631	0.406159618358576	58
-0.0681459332729899	0.757477944035012	2878
-0.0805344456027799	0.755559929122587	1431
-0.09642682322121	1.17201685304555	108
0.07210929455604	0.974287435452963	108
0.0698402279094099	0.965899692694998	108
-0.0924285027020599	1.17931803213849	344
-0.0454111055683599	0.406108159138969	76
-0.0454111055683599	0.406108159138969	76
-0.04522376365631	0.406159618358576	182
-0.04522376365631	0.406159618358576	182
-0.0454111055683599	0.406108159138969	182
-0.0501273146083801	0.40572439661199	400
-0.0454111055683599	0.406108159138969	400
-0.04522376365631	0.406159618358576	737
0.0921209360224899	1.68457985505782	2023
-0.06789801192182	0.755319680676232	45
-0.04522376365631	0.406159618358576	1333
0.0664863799331601	0.973221895854537	793
-0.06281284079462	0.749911386602174	269
-0.0681459332729899	0.757477944035012	213
-0.0501273146083801	0.40572439661199	205
-0.04522376365631	0.406159618358576	2360
-0.04522376365631	0.406159618358576	2174
0.0571661738473299	0.960615032477069	2272
0.0655223168841199	0.975317439128556	108
-0.0454111055683599	0.406108159138969	108
-0.0454111055683599	0.406108159138969	344
-0.04522376365631	0.406159618358576	76
-0.0501273146083801	0.40572439661199	76
-0.04522376365631	0.406159618358576	76
-0.04522376365631	0.406159618358576	76
-0.0454111055683599	0.406108159138969	182
-0.04522376365631	0.406159618358576	182
-0.04522376365631	0.406159618358576	182
-0.0454111055683599	0.406108159138969	737
-0.04522376365631	0.406159618358576	737
-0.04522376365631	0.406159618358576	737
-0.04522376365631	0.406159618358576	2975
-0.0454111055683599	0.406108159138969	77
-0.0501273146083801	0.40572439661199	269
-0.04522376365631	0.406159618358576	269
-0.0454111055683599	0.406108159138969	269
-0.04522376365631	0.406159618358576	1415
-0.04522376365631	0.406159618358576	72
-0.04522376365631	0.406159618358576	1258
-0.0454111055683599	0.406108159138969	705
-0.0454111055683599	0.406108159138969	846
-0.0681459332729899	0.757477944035012	58
-0.0454111055683599	0.406108159138969	58
-0.0454111055683599	0.406108159138969	986
-0.0454111055683599	0.406108159138969	986
-0.0501273146083801	0.40572439661199	35
-0.04522376365631	0.406159618358576	2878
-0.04522376365631	0.406159618358576	2878
-0.04522376365631	0.406159618358576	2878
-0.04522376365631	0.406159618358576	35
-0.0501273146083801	0.40572439661199	35
-0.0454111055683599	0.406108159138969	2360
-0.0454111055683599	0.406108159138969	2174
-0.04522376365631	0.406159618358576	1431
-0.04522376365631	0.406159618358576	1431
-0.0501273146083801	0.40572439661199	2272
-0.0501273146083801	0.40572439661199	2272
-0.04522376365631	0.406159618358576	1456
-0.04522376365631	0.406159618358576	1456
-0.04522376365631	0.406159618358576	108
-0.0915064971292301	1.18063614088228	912
-0.0454111055683599	0.406108159138969	47
-0.0501273146083801	0.40572439661199	76
-0.0454111055683599	0.406108159138969	76
-0.0454111055683599	0.406108159138969	76
-0.04522376365631	0.406159618358576	182
-0.04522376365631	0.406159618358576	182
-0.04522376365631	0.406159618358576	182
-0.04522376365631	0.406159618358576	182
-0.04522376365631	0.406159618358576	182
-0.0454111055683599	0.406108159138969	182
-0.0454111055683599	0.406108159138969	182
-0.0454111055683599	0.406108159138969	182
-0.0454111055683599	0.406108159138969	182
-0.04522376365631	0.406159618358576	737
0.0668223144935201	0.983497164001226	2083
-0.07491177099641	0.761062662410459	77
-0.0454111055683599	0.406108159138969	1333
0.0718688253178801	0.968860626085677	269
-0.0454111055683599	0.406108159138969	497
-0.08171490361416	0.755879019504499	236
-0.04522376365631	0.406159618358576	1258
-0.0454111055683599	0.406108159138969	200
-0.0695819856169599	0.753456397420435	986
-0.04522376365631	0.406159618358576	8
-0.0639861075511099	0.750093739397359	35
-0.04522376365631	0.406159618358576	35
-0.04522376365631	0.406159618358576	35
-0.07491177099641	0.761062662410459	312
-0.0454111055683599	0.406108159138969	312
-0.0454111055683599	0.406108159138969	108
-0.04522376365631	0.406159618358576	47
-0.04522376365631	0.406159618358576	76
-0.0454111055683599	0.406108159138969	76
-0.0501273146083801	0.40572439661199	76
-0.04522376365631	0.406159618358576	76
-0.0454111055683599	0.406108159138969	182
-0.04522376365631	0.406159618358576	182
-0.0454111055683599	0.406108159138969	182
-0.04522376365631	0.406159618358576	182
-0.0454111055683599	0.406108159138969	182
-0.0454111055683599	0.406108159138969	182
-0.04522376365631	0.406159618358576	737
-0.0454111055683599	0.406108159138969	1337
-0.04522376365631	0.406159618358576	645
-0.04522376365631	0.406159618358576	645
-0.04522376365631	0.406159618358576	77
-0.04522376365631	0.406159618358576	2959
-0.04522376365631	0.406159618358576	269
-0.04522376365631	0.406159618358576	269
-0.04522376365631	0.406159618358576	269
-0.04522376365631	0.406159618358576	494
-0.0454111055683599	0.406108159138969	236
-0.0501273146083801	0.40572439661199	236
-0.04522376365631	0.406159618358576	236
-0.04522376365631	0.406159618358576	1258
-0.09598469305047	1.17849635203208	213
-0.0501273146083801	0.40572439661199	205
-0.04522376365631	0.406159618358576	846
-0.0454111055683599	0.406108159138969	2099
-0.04522376365631	0.406159618358576	2099
-0.0501273146083801	0.40572439661199	200
-0.0501273146083801	0.40572439661199	2878
-0.04522376365631	0.406159618358576	1720
-0.0501273146083801	0.40572439661199	1720
-0.0454111055683599	0.406108159138969	35
-0.0669724935203899	0.755161927952963	2272
-0.04522376365631	0.406159618358576	2272
-0.0454111055683599	0.406108159138969	312
-0.04522376365631	0.406159618358576	35
-0.0501273146083801	0.40572439661199	312
-0.0672312017801899	0.746143098074776	108
-0.04522376365631	0.406159618358576	108
-0.0501273146083801	0.40572439661199	108
-0.04522376365631	0.406159618358576	108
-0.04522376365631	0.406159618358576	108
-0.07373483340545	0.759520768730619	108
0.10679823337844	1.6529569831528	108
-0.0454111055683599	0.406108159138969	108
-0.04522376365631	0.406159618358576	108
-0.04522376365631	0.406159618358576	1390
-0.0454111055683599	0.406108159138969	468
-0.0454111055683599	0.406108159138969	76
-0.0454111055683599	0.406108159138969	76
-0.04522376365631	0.406159618358576	76
-0.04522376365631	0.406159618358576	182
-0.0454111055683599	0.406108159138969	182
-0.04522376365631	0.406159618358576	182
-0.04522376365631	0.406159618358576	182
-0.0454111055683599	0.406108159138969	182
-0.04522376365631	0.406159618358576	182
-0.04522376365631	0.406159618358576	737
-0.0454111055683599	0.406108159138969	1032
-0.04522376365631	0.406159618358576	645
-0.04522376365631	0.406159618358576	129
-0.04522376365631	0.406159618358576	269
-0.0454111055683599	0.406108159138969	1415
-0.0454111055683599	0.406108159138969	1415
-0.04522376365631	0.406159618358576	205
-0.0639861075511099	0.750093739397359	1154
-0.0616404802900501	0.747635014309802	369
-0.07491177099641	0.761062662410459	200
-0.04522376365631	0.406159618358576	35
-0.0454111055683599	0.406108159138969	35
-0.0454111055683599	0.406108159138969	2272
-0.04522376365631	0.406159618358576	312
-0.0454111055683599	0.406108159138969	409
-0.0454111055683599	0.406108159138969	2057
-0.0454111055683599	0.406108159138969	108
-0.04522376365631	0.406159618358576	76
-0.04522376365631	0.406159618358576	76
-0.06672391556845	0.755139764558434	182
-0.04522376365631	0.406159618358576	182
-0.0501273146083801	0.40572439661199	182
-0.04522376365631	0.406159618358576	182
-0.04522376365631	0.406159618358576	182
-0.04522376365631	0.406159618358576	182
-0.0501273146083801	0.40572439661199	182
-0.04522376365631	0.406159618358576	182
-0.0501273146083801	0.40572439661199	905
-0.0454111055683599	0.406108159138969	737
-0.04522376365631	0.406159618358576	793
-0.04522376365631	0.406159618358576	2959
-0.04522376365631	0.406159618358576	77
-0.0791215786258901	0.753267407814952	77
-0.0501273146083801	0.40572439661199	269
-0.04522376365631	0.406159618358576	269
-0.04522376365631	0.406159618358576	36
-0.0454111055683599	0.406108159138969	236
-0.0616404802900501	0.747635014309802	236
-0.0501273146083801	0.40572439661199	1415
-0.0669724935203899	0.755161927952963	369
-0.04522376365631	0.406159618358576	200
-0.0501273146083801	0.40572439661199	1963
-0.0454111055683599	0.406108159138969	1720
-0.0501273146083801	0.40572439661199	1064
-0.06555072674751	0.752836446371321	312
-0.0501273146083801	0.40572439661199	409
-0.0454111055683599	0.406108159138969	108
-0.0454111055683599	0.406108159138969	108
-0.04522376365631	0.406159618358576	2057
0.06272251409847	0.964465069757185	47
-0.0454111055683599	0.406108159138969	76
-0.0501273146083801	0.40572439661199	76
-0.04522376365631	0.406159618358576	76
-0.04522376365631	0.406159618358576	76
-0.04522376365631	0.406159618358576	76
-0.04522376365631	0.406159618358576	76
-0.0454111055683599	0.406108159138969	76
-0.0454111055683599	0.406108159138969	76
-0.04522376365631	0.406159618358576	182
-0.04522376365631	0.406159618358576	182
-0.04522376365631	0.406159618358576	182
-0.0501273146083801	0.40572439661199	182
-0.0501273146083801	0.40572439661199	182
-0.04522376365631	0.406159618358576	182
-0.04522376365631	0.406159618358576	182
-0.04522376365631	0.406159618358576	182
-0.04522376365631	0.406159618358576	182
-0.04522376365631	0.406159618358576	905
-0.04522376365631	0.406159618358576	1337
-0.0454111055683599	0.406108159138969	793
-0.04522376365631	0.406159618358576	236
-0.0454111055683599	0.406108159138969	236
-0.0454111055683599	0.406108159138969	213
-0.0454111055683599	0.406108159138969	705
-0.04522376365631	0.406159618358576	35
-0.0454111055683599	0.406108159138969	35
-0.04522376365631	0.406159618358576	1963
-0.0501273146083801	0.40572439661199	1963
-0.04522376365631	0.406159618358576	1963
-0.04522376365631	0.406159618358576	8
-0.0454111055683599	0.406108159138969	8
-0.0501273146083801	0.40572439661199	1720
-0.04522376365631	0.406159618358576	1064
-0.04522376365631	0.406159618358576	1064
-0.04522376365631	0.406159618358576	35
-0.04522376365631	0.406159618358576	35
-0.0454111055683599	0.406108159138969	312
-0.0454111055683599	0.406108159138969	312
-0.06555072674751	0.752836446371321	409
-0.04522376365631	0.406159618358576	108
-0.0454111055683599	0.406108159138969	2057
-0.04522376365631	0.406159618358576	108
-0.04522376365631	0.406159618358576	108
-0.0501273146083801	0.40572439661199	108
-0.07373483340545	0.759520768730619	47
-0.0988584782151401	1.15882676341485	344
-0.04522376365631	0.406159618358576	76
-0.04522376365631	0.406159618358576	76
-0.0454111055683599	0.406108159138969	76
-0.04522376365631	0.406159618358576	76
-0.04522376365631	0.406159618358576	182
-0.04522376365631	0.406159618358576	182
-0.0454111055683599	0.406108159138969	182
-0.07049553786231	0.755751724984709	129
-0.07373483340545	0.759520768730619	1193
-0.09517282798578	1.1773002640416	205
-0.09058503146372	1.18029718433957	200
-0.0454111055683599	0.406108159138969	409
0.0722094015942401	0.969467161480293	108
-0.0693202809442	0.7576566965492	199
-0.04522376365631	0.406159618358576	76
-0.04522376365631	0.406159618358576	76
-0.04522376365631	0.406159618358576	76
-0.0501273146083801	0.40572439661199	182
-0.0454111055683599	0.406108159138969	182
-0.04522376365631	0.406159618358576	182
-0.04522376365631	0.406159618358576	182
-0.0501273146083801	0.40572439661199	182
-0.0501273146083801	0.40572439661199	182
-0.0454111055683599	0.406108159138969	905
-0.0454111055683599	0.406108159138969	182
-0.09557948035874	1.19234470110764	1193
-0.07608962166886	0.760023550642785	1193
-0.06672391556845	0.755139764558434	77
-0.07373483340545	0.759520768730619	236
-0.07349417803259	0.758718061977533	369
-0.0454111055683599	0.406108159138969	369
-0.06672391556845	0.755139764558434	1540
0.07210929455604	0.974287435452963	35
-0.06672391556845	0.755139764558434	3587
-0.04522376365631	0.406159618358576	312
-0.06555072674751	0.752836446371321	108
-0.0454111055683599	0.406108159138969	182
-0.04522376365631	0.406159618358576	182
-0.04522376365631	0.406159618358576	182
-0.04522376365631	0.406159618358576	182
-0.04522376365631	0.406159618358576	182
-0.0454111055683599	0.406108159138969	182
-0.04522376365631	0.406159618358576	182
-0.04522376365631	0.406159618358576	182
-0.04522376365631	0.406159618358576	182
-0.0864903716660499	1.6543005269084	8
0.0668223144935201	0.983497164001226	35
-0.04522376365631	0.406159618358576	8
-0.0914190372607	1.17679393964687	3587
-0.0616404802900501	0.747635014309802	312
-0.06672391556845	0.755139764558434	312
-0.06555072674751	0.752836446371321	312
0.0800780433614401	1.67911975082577	312
-0.04522376365631	0.406159618358576	35
0.07403826017478	0.970531835985497	409
-0.04522376365631	0.406159618358576	409
-0.07608962166886	0.760023550642785	409
-0.08145318791219	1.609590495669	108
0.0207911471641999	1.42892751484744	1910
0.0270923690415401	1.42173010321915	809
-0.04522376365631	0.406159618358576	76
-0.0454111055683599	0.406108159138969	76
-0.04522376365631	0.406159618358576	182
-0.0454111055683599	0.406108159138969	905
-0.04522376365631	0.406159618358576	905
-0.0454111055683599	0.406108159138969	905
-0.06437844413432	0.746436419448748	129
-0.0454111055683599	0.406108159138969	793
-0.04522376365631	0.406159618358576	236
-0.0454111055683599	0.406108159138969	236
-0.04522376365631	0.406159618358576	236
-0.0501273146083801	0.40572439661199	1235
-0.04522376365631	0.406159618358576	1235
-0.0746717748247101	0.757687975137559	369
-0.04522376365631	0.406159618358576	1658
-0.04522376365631	0.406159618358576	2877
-0.07403059698877	0.743168419721827	312
-0.0454111055683599	0.406108159138969	1028
-0.0501273146083801	0.40572439661199	108
-0.04522376365631	0.406159618358576	108
-0.04522376365631	0.406159618358576	47
-0.04522376365631	0.406159618358576	47
-0.04522376365631	0.406159618358576	468
-0.04522376365631	0.406159618358576	76
-0.0454111055683599	0.406108159138969	76
-0.0454111055683599	0.406108159138969	76
-0.0454111055683599	0.406108159138969	76
-0.04522376365631	0.406159618358576	76
-0.04522376365631	0.406159618358576	76
-0.04522376365631	0.406159618358576	182
-0.04522376365631	0.406159618358576	182
-0.0454111055683599	0.406108159138969	182
-0.0501273146083801	0.40572439661199	182
-0.04522376365631	0.406159618358576	182
-0.04522376365631	0.406159618358576	905
-0.0454111055683599	0.406108159138969	129
-0.0501273146083801	0.40572439661199	1853
0.0771634080611701	0.960818859253144	236
-0.0501273146083801	0.40572439661199	236
-0.0672312017801899	0.746143098074776	1679
-0.04522376365631	0.406159618358576	1235
-0.04522376365631	0.406159618358576	369
-0.08649850330015	1.15251491383137	443
0.0699478339375601	0.971308925372225	8
0.0668223144935201	0.983497164001226	35
-0.04522376365631	0.406159618358576	312
-0.04522376365631	0.406159618358576	939
-0.0454111055683599	0.406108159138969	3127
-0.0501273146083801	0.40572439661199	108
-0.07373483340545	0.759520768730619	108
-0.06789801192182	0.755319680676232	468
-0.0454111055683599	0.406108159138969	76
-0.0454111055683599	0.406108159138969	76
-0.04522376365631	0.406159618358576	76
-0.04522376365631	0.406159618358576	76
-0.04522376365631	0.406159618358576	76
-0.0454111055683599	0.406108159138969	76
-0.0501273146083801	0.40572439661199	182
-0.04522376365631	0.406159618358576	182
-0.0454111055683599	0.406108159138969	182
-0.04522376365631	0.406159618358576	182
-0.04522376365631	0.406159618358576	905
-0.04522376365631	0.406159618358576	182
-0.04522376365631	0.406159618358576	182
-0.0454111055683599	0.406108159138969	182
-0.0454111055683599	0.406108159138969	905
-0.0454111055683599	0.406108159138969	905
-0.0501273146083801	0.40572439661199	1853
-0.0900691376518701	1.16419888450019	793
-0.07373483340545	0.759520768730619	269
-0.04522376365631	0.406159618358576	1204
-0.0711417211845999	0.751312028200316	369
-0.0454111055683599	0.406108159138969	369
-0.0681459332729899	0.757477944035012	369
-0.09058503146372	1.18029718433957	200
0.00274374628336993	1.88820422967959	8
-0.04522376365631	0.406159618358576	2647
-0.0746717748247101	0.757687975137559	2647
-0.0454111055683599	0.406108159138969	2877
-0.04522376365631	0.406159618358576	312
-0.10282668579318	1.17937643768039	1028
-0.0982626404592699	1.17488894261958	1028
-0.0501273146083801	0.40572439661199	108
-0.0454111055683599	0.406108159138969	108
-0.0454111055683599	0.406108159138969	76
-0.0501273146083801	0.40572439661199	2841
-0.0454111055683599	0.406108159138969	76
-0.0454111055683599	0.406108159138969	76
-0.0454111055683599	0.406108159138969	76
-0.0454111055683599	0.406108159138969	76
-0.0454111055683599	0.406108159138969	182
-0.0454111055683599	0.406108159138969	905
-0.0454111055683599	0.406108159138969	182
-0.0454111055683599	0.406108159138969	905
-0.0454111055683599	0.406108159138969	1654
-0.04522376365631	0.406159618358576	90
-0.0501273146083801	0.40572439661199	793
-0.0501273146083801	0.40572439661199	793
-0.04522376365631	0.406159618358576	1853
-0.04522376365631	0.406159618358576	793
0.0661960092799701	0.969695370012245	793
-0.0454111055683599	0.406108159138969	269
-0.0501273146083801	0.40572439661199	269
-0.0669724935203899	0.755161927952963	269
-0.0454111055683599	0.406108159138969	236
-0.04522376365631	0.406159618358576	236
-0.0454111055683599	0.406108159138969	236
-0.04522376365631	0.406159618358576	236
-0.0501273146083801	0.40572439661199	1687
-0.0454111055683599	0.406108159138969	4
-0.04522376365631	0.406159618358576	1235
-0.04522376365631	0.406159618358576	1235
-0.07349417803259	0.758718061977533	58
-0.0501273146083801	0.40572439661199	369
-0.0933332337764601	1.1728013749917	200
-0.0454111055683599	0.406108159138969	2585
-0.04522376365631	0.406159618358576	8
-0.0501273146083801	0.40572439661199	1508
-0.07231749393078	0.757183848190581	3547
-0.04522376365631	0.406159618358576	35
-0.04522376365631	0.406159618358576	1120
-0.0454111055683599	0.406108159138969	312
-0.04522376365631	0.406159618358576	35
-0.04522376365631	0.406159618358576	3127
-0.0681459332729899	0.757477944035012	108
-0.04522376365631	0.406159618358576	108
-0.04522376365631	0.406159618358576	2082
-0.04522376365631	0.406159618358576	2082
-0.0746717748247101	0.757687975137559	893
-0.04522376365631	0.406159618358576	2841
-0.04522376365631	0.406159618358576	76
-0.04522376365631	0.406159618358576	76
-0.04522376365631	0.406159618358576	76
-0.0454111055683599	0.406108159138969	76
-0.0501273146083801	0.40572439661199	76
-0.04522376365631	0.406159618358576	76
-0.04522376365631	0.406159618358576	76
-0.04522376365631	0.406159618358576	3525
-0.0454111055683599	0.406108159138969	182
-0.0454111055683599	0.406108159138969	182
-0.0501273146083801	0.40572439661199	182
-0.04522376365631	0.406159618358576	182
-0.04522376365631	0.406159618358576	795
-0.04522376365631	0.406159618358576	90
-0.04522376365631	0.406159618358576	793
-0.0711417211845999	0.751312028200316	1853
-0.0454111055683599	0.406108159138969	1853
-0.04522376365631	0.406159618358576	1484
-0.04522376365631	0.406159618358576	793
-0.0501273146083801	0.40572439661199	793
-0.04522376365631	0.406159618358576	793
-0.0454111055683599	0.406108159138969	269
-0.0501273146083801	0.40572439661199	236
-0.04522376365631	0.406159618358576	1687
-0.04522376365631	0.406159618358576	1687
-0.04522376365631	0.406159618358576	4
-0.0454111055683599	0.406108159138969	4
-0.0454111055683599	0.406108159138969	4
-0.04522376365631	0.406159618358576	1235
-0.04522376365631	0.406159618358576	369
-0.0501273146083801	0.40572439661199	369
-0.0501273146083801	0.40572439661199	369
-0.04522376365631	0.406159618358576	2585
-0.04522376365631	0.406159618358576	1658
-0.04522376365631	0.406159618358576	1658
-0.0501273146083801	0.40572439661199	8
-0.0454111055683599	0.406108159138969	8
-0.04522376365631	0.406159618358576	8
-0.0454111055683599	0.406108159138969	8
-0.0454111055683599	0.406108159138969	2647
-0.0501273146083801	0.40572439661199	8
-0.0501273146083801	0.40572439661199	8
-0.04522376365631	0.406159618358576	8
-0.04522376365631	0.406159618358576	8
-0.04522376365631	0.406159618358576	1120
-0.04522376365631	0.406159618358576	35
-0.0454111055683599	0.406108159138969	35
-0.04522376365631	0.406159618358576	3127
-0.0454111055683599	0.406108159138969	3127
-0.0454111055683599	0.406108159138969	108
-0.04522376365631	0.406159618358576	108
-0.04522376365631	0.406159618358576	2082
-0.0454111055683599	0.406108159138969	108
-0.0501273146083801	0.40572439661199	108
-0.04522376365631	0.406159618358576	454
-0.0501273146083801	0.40572439661199	76
-0.04522376365631	0.406159618358576	76
-0.0501273146083801	0.40572439661199	76
-0.04522376365631	0.406159618358576	76
-0.0501273146083801	0.40572439661199	76
-0.0454111055683599	0.406108159138969	76
-0.0454111055683599	0.406108159138969	76
-0.04522376365631	0.406159618358576	76
-0.04522376365631	0.406159618358576	3525
-0.0454111055683599	0.406108159138969	67
-0.0695819856169599	0.753456397420435	1654
-0.0501273146083801	0.40572439661199	795
-0.04522376365631	0.406159618358576	795
-0.04522376365631	0.406159618358576	129
-0.0454111055683599	0.406108159138969	90
-0.0669724935203899	0.755161927952963	793
-0.04522376365631	0.406159618358576	793
-0.04522376365631	0.406159618358576	793
-0.04522376365631	0.406159618358576	793
-0.04522376365631	0.406159618358576	793
-0.04522376365631	0.406159618358576	793
-0.04522376365631	0.406159618358576	793
-0.04522376365631	0.406159618358576	793
-0.0454111055683599	0.406108159138969	269
-0.04522376365631	0.406159618358576	269
-0.04522376365631	0.406159618358576	269
-0.0454111055683599	0.406108159138969	236
-0.0454111055683599	0.406108159138969	1687
-0.04522376365631	0.406159618358576	4
-0.04522376365631	0.406159618358576	4
-0.04522376365631	0.406159618358576	1934
-0.04522376365631	0.406159618358576	1934
-0.04522376365631	0.406159618358576	369
-0.04522376365631	0.406159618358576	369
-0.07231749393078	0.757183848190581	35
-0.04522376365631	0.406159618358576	443
-0.0454111055683599	0.406108159138969	443
-0.0454111055683599	0.406108159138969	443
-0.0454111055683599	0.406108159138969	158
-0.04522376365631	0.406159618358576	1508
-0.04522376365631	0.406159618358576	8
-0.04522376365631	0.406159618358576	8
-0.04522376365631	0.406159618358576	724
-0.04522376365631	0.406159618358576	503
-0.0501273146083801	0.40572439661199	3241
-0.04522376365631	0.406159618358576	3127
-0.0501273146083801	0.40572439661199	3127
-0.04522376365631	0.406159618358576	2082
-0.0454111055683599	0.406108159138969	108
-0.04522376365631	0.406159618358576	108
-0.04522376365631	0.406159618358576	108
-0.04522376365631	0.406159618358576	454
0.0762015790927999	0.961886959014451	454
-0.04522376365631	0.406159618358576	76
-0.0454111055683599	0.406108159138969	76
-0.0454111055683599	0.406108159138969	448
-0.0454111055683599	0.406108159138969	76
-0.04522376365631	0.406159618358576	76
-0.04522376365631	0.406159618358576	76
-0.04522376365631	0.406159618358576	76
-0.04522376365631	0.406159618358576	76
-0.04522376365631	0.406159618358576	76
-0.04522376365631	0.406159618358576	76
-0.0454111055683599	0.406108159138969	3525
-0.0454111055683599	0.406108159138969	175
-0.04522376365631	0.406159618358576	182
-0.04522376365631	0.406159618358576	795
-0.04522376365631	0.406159618358576	795
-0.0669724935203899	0.755161927952963	2685
-0.04522376365631	0.406159618358576	793
-0.06672391556845	0.755139764558434	793
-0.04522376365631	0.406159618358576	269
-0.0454111055683599	0.406108159138969	36
-0.04522376365631	0.406159618358576	1203
-0.04522376365631	0.406159618358576	236
-0.0501273146083801	0.40572439661199	1687
0.07017793672269	0.971940734338536	4
-0.04522376365631	0.406159618358576	4
-0.04522376365631	0.406159618358576	4
-0.04522376365631	0.406159618358576	369
-0.04522376365631	0.406159618358576	369
-0.0669724935203899	0.755161927952963	8
-0.0454111055683599	0.406108159138969	158
-0.04522376365631	0.406159618358576	1508
-0.0454111055683599	0.406108159138969	8
-0.0937945870856001	1.64241835339103	8
-0.0501273146083801	0.40572439661199	1120
-0.04522376365631	0.406159618358576	503
-0.04522376365631	0.406159618358576	503
-0.0454111055683599	0.406108159138969	35
-0.0657999603608601	0.748722663220006	3241
-0.04522376365631	0.406159618358576	35
-0.04522376365631	0.406159618358576	35
-0.0501273146083801	0.40572439661199	108
-0.04522376365631	0.406159618358576	3127
-0.04522376365631	0.406159618358576	108
-0.0501273146083801	0.40572439661199	108
-0.04522376365631	0.406159618358576	108
-0.0454111055683599	0.406108159138969	108
-0.04522376365631	0.406159618358576	108
-0.0454111055683599	0.406108159138969	76
-0.04522376365631	0.406159618358576	76
-0.04522376365631	0.406159618358576	76
-0.04522376365631	0.406159618358576	76
-0.04522376365631	0.406159618358576	76
-0.0454111055683599	0.406108159138969	76
-0.0454111055683599	0.406108159138969	3525
-0.0454111055683599	0.406108159138969	182
-0.04522376365631	0.406159618358576	182
-0.04522376365631	0.406159618358576	182
-0.0454111055683599	0.406108159138969	2046
-0.0987421676073099	1.17108367145589	795
-0.04522376365631	0.406159618358576	1299
0.0743761193933401	0.960603618560299	269
-0.0669724935203899	0.755161927952963	1120
-0.0672312017801899	0.746143098074776	35
-0.07231749393078	0.757183848190581	108
0.02765235928753	1.41902917282452	108
0.06022414817685	0.970792577340226	108
-0.04522376365631	0.406159618358576	76
-0.0454111055683599	0.406108159138969	76
-0.0454111055683599	0.406108159138969	76
-0.0454111055683599	0.406108159138969	1487
-0.0501273146083801	0.40572439661199	182
-0.06555072674751	0.752836446371321	902
-0.10334214369758	1.18838135316708	793
-0.0793549045361299	0.750532898549476	269
0.0717721318809099	0.965197303659136	236
-0.06907301713506	0.753429338745028	4
-0.0933332337764601	1.1728013749917	8
-0.10419310504668	1.16518826477373	8
-0.0681459332729899	0.757477944035012	1485
-0.0915064971292301	1.18063614088228	8
-0.0681459332729899	0.757477944035012	196
0.0671595024381599	0.971040289110175	108
-0.08925764418712	1.16428440589755	108
-0.09202163207059	1.16032524164504	108
0.0762015790927999	0.961886959014451	108
-0.0805344456027799	0.755559929122587	108
-0.04522376365631	0.406159618358576	76
-0.0454111055683599	0.406108159138969	76
-0.04522376365631	0.406159618358576	175
-0.04522376365631	0.406159618358576	175
-0.04522376365631	0.406159618358576	1487
-0.10742697102619	1.18094849104142	129
0.0658585351733401	0.983858903403601	793
-0.0791215786258901	0.753267407814952	269
-0.06281284079462	0.749911386602174	236
-0.10072350075969	1.65298209674231	8
-0.0681459332729899	0.757477944035012	8
-0.06907301713506	0.753429338745028	1485
-0.06789801192182	0.755319680676232	35
0.0668223144935201	0.983497164001226	35
-0.0681459332729899	0.757477944035012	108
-0.0746717748247101	0.757687975137559	108
-0.00805549957719998	2.2502753474005	893
0.09375842634967	1.68572354490936	47
-0.0501273146083801	0.40572439661199	76
-0.04522376365631	0.406159618358576	1487
-0.0681459332729899	0.757477944035012	793
-0.07491177099641	0.761062662410459	793
0.0708064794577601	0.966270157563041	269
-0.0681459332729899	0.757477944035012	4
-0.07349417803259	0.758718061977533	8
-0.07049553786231	0.755751724984709	35
-0.04522376365631	0.406159618358576	196
-0.09650022894982	1.19363907993218	454
-0.08641787507445	1.1649550204137	454
0.02455747510328	1.42045148680275	809
0.0717721318809099	0.965197303659136	809
-0.04522376365631	0.406159618358576	76
-0.0454111055683599	0.406108159138969	76
-0.0454111055683599	0.406108159138969	76
-0.0454111055683599	0.406108159138969	175
-0.0454111055683599	0.406108159138969	175
-0.04522376365631	0.406159618358576	1487
-0.0454111055683599	0.406108159138969	1487
-0.0501273146083801	0.40572439661199	1487
-0.04522376365631	0.406159618358576	1487
-0.0454111055683599	0.406108159138969	67
-0.0454111055683599	0.406108159138969	67
0.0656016250762199	0.966504976336147	129
-0.0501273146083801	0.40572439661199	793
-0.0681459332729899	0.757477944035012	793
-0.04522376365631	0.406159618358576	36
-0.0501273146083801	0.40572439661199	236
-0.04522376365631	0.406159618358576	236
-0.04522376365631	0.406159618358576	4
-0.0501273146083801	0.40572439661199	8
-0.06907301713506	0.753429338745028	158
-0.0454111055683599	0.406108159138969	158
-0.0454111055683599	0.406108159138969	8
-0.0501273146083801	0.40572439661199	35
-0.04522376365631	0.406159618358576	196
-0.0669724935203899	0.755161927952963	196
-0.0454111055683599	0.406108159138969	108
-0.06555072674751	0.752836446371321	47
-0.0454111055683599	0.406108159138969	622
-0.04522376365631	0.406159618358576	199
-0.04522376365631	0.406159618358576	199
-0.04522376365631	0.406159618358576	199
-0.0501273146083801	0.40572439661199	76
-0.0454111055683599	0.406108159138969	76
-0.04522376365631	0.406159618358576	482
-0.04522376365631	0.406159618358576	67
-0.0454111055683599	0.406108159138969	1487
-0.0454111055683599	0.406108159138969	1487
-0.04522376365631	0.406159618358576	67
-0.0454111055683599	0.406108159138969	67
-0.04522376365631	0.406159618358576	1605
-0.0501273146083801	0.40572439661199	90
-0.04522376365631	0.406159618358576	90
-0.04522376365631	0.406159618358576	77
-0.04522376365631	0.406159618358576	269
-0.04522376365631	0.406159618358576	36
-0.04522376365631	0.406159618358576	2827
-0.04522376365631	0.406159618358576	1970
-0.0501273146083801	0.40572439661199	236
-0.04522376365631	0.406159618358576	236
-0.04522376365631	0.406159618358576	236
-0.04522376365631	0.406159618358576	4
-0.0454111055683599	0.406108159138969	4
-0.0454111055683599	0.406108159138969	4
-0.07049553786231	0.755751724984709	1459
-0.04522376365631	0.406159618358576	1459
-0.0501273146083801	0.40572439661199	4
-0.06281284079462	0.749911386602174	8
-0.0454111055683599	0.406108159138969	8
-0.04522376365631	0.406159618358576	8
-0.04522376365631	0.406159618358576	158
-0.0454111055683599	0.406108159138969	158
-0.0501273146083801	0.40572439661199	1262
-0.0454111055683599	0.406108159138969	1262
-0.04522376365631	0.406159618358576	8
-0.04522376365631	0.406159618358576	8
-0.04522376365631	0.406159618358576	8
-0.04522376365631	0.406159618358576	8
-0.0501273146083801	0.40572439661199	8
-0.0454111055683599	0.406108159138969	1365
-0.04522376365631	0.406159618358576	1060
-0.04522376365631	0.406159618358576	1060
-0.0454111055683599	0.406108159138969	35
-0.0501273146083801	0.40572439661199	196
-0.04522376365631	0.406159618358576	108
-0.04522376365631	0.406159618358576	108
-0.0454111055683599	0.406108159138969	108
-0.0454111055683599	0.406108159138969	108
-0.0501273146083801	0.40572439661199	108
-0.04522376365631	0.406159618358576	47
-0.04522376365631	0.406159618358576	47
-0.04522376365631	0.406159618358576	893
-0.08171490361416	0.755879019504499	454
0.06359239912195	0.974321078283253	454
-0.0681459332729899	0.757477944035012	809
-0.0501273146083801	0.40572439661199	76
-0.0454111055683599	0.406108159138969	76
-0.0454111055683599	0.406108159138969	175
-0.0454111055683599	0.406108159138969	482
-0.0454111055683599	0.406108159138969	482
-0.04522376365631	0.406159618358576	482
-0.04522376365631	0.406159618358576	1487
-0.0501273146083801	0.40572439661199	1487
-0.04522376365631	0.406159618358576	1487
-0.0454111055683599	0.406108159138969	1487
-0.04522376365631	0.406159618358576	1487
-0.0454111055683599	0.406108159138969	67
-0.0454111055683599	0.406108159138969	67
-0.08289627991657	0.751708259222083	90
-0.04522376365631	0.406159618358576	36
-0.04522376365631	0.406159618358576	2827
-0.04522376365631	0.406159618358576	1970
-0.0501273146083801	0.40572439661199	1970
-0.0501273146083801	0.40572439661199	236
-0.04522376365631	0.406159618358576	4
-0.04522376365631	0.406159618358576	4
-0.06281284079462	0.749911386602174	8
-0.04522376365631	0.406159618358576	1262
-0.04522376365631	0.406159618358576	8
-0.0501273146083801	0.40572439661199	8
-0.04522376365631	0.406159618358576	8
-0.04522376365631	0.406159618358576	8
-0.0454111055683599	0.406108159138969	8
-0.04522376365631	0.406159618358576	8
-0.04522376365631	0.406159618358576	1060
-0.04522376365631	0.406159618358576	196
-0.0454111055683599	0.406108159138969	196
-0.0454111055683599	0.406108159138969	108
-0.0501273146083801	0.40572439661199	108
-0.07794229325279	0.748270130099481	108
-0.04522376365631	0.406159618358576	108
-0.04522376365631	0.406159618358576	108
-0.0454111055683599	0.406108159138969	108
-0.04522376365631	0.406159618358576	47
-0.0454111055683599	0.406108159138969	47
-0.0454111055683599	0.406108159138969	1716
-0.0454111055683599	0.406108159138969	1716
-0.04522376365631	0.406159618358576	454
-0.04522376365631	0.406159618358576	199
-0.04522376365631	0.406159618358576	76
-0.0454111055683599	0.406108159138969	76
-0.04522376365631	0.406159618358576	76
-0.04522376365631	0.406159618358576	76
-0.04522376365631	0.406159618358576	482
-0.0454111055683599	0.406108159138969	482
-0.04522376365631	0.406159618358576	1487
-0.0501273146083801	0.40572439661199	1487
-0.04522376365631	0.406159618358576	1487
-0.0454111055683599	0.406108159138969	1487
-0.0454111055683599	0.406108159138969	1487
-0.07255880756041	0.753613125904852	902
-0.0454111055683599	0.406108159138969	1970
-0.0681459332729899	0.757477944035012	4
-0.0454111055683599	0.406108159138969	158
-0.0501273146083801	0.40572439661199	8
-0.0501273146083801	0.40572439661199	8
-0.0639861075511099	0.750093739397359	503
-0.04522376365631	0.406159618358576	196
-0.08171490361416	0.755879019504499	108
-0.0454111055683599	0.406108159138969	47
0.0628185656498099	0.966232932996444	893
-0.0501273146083801	0.40572439661199	199
-0.0501273146083801	0.40572439661199	1750
-0.0454111055683599	0.406108159138969	76
-0.0501273146083801	0.40572439661199	76
-0.0454111055683599	0.406108159138969	482
-0.04522376365631	0.406159618358576	1487
-0.04522376365631	0.406159618358576	1487
-0.0756993121499701	2.4552109774541	35
-0.00344721712793006	2.26017078270676	35
0.0658585351733401	0.983858903403601	108
0.0655223168841199	0.975317439128556	108
-0.06281284079462	0.749911386602174	108
-0.07491177099641	0.761062662410459	199
-0.0454111055683599	0.406108159138969	1750
-0.06907301713506	0.753429338745028	76
-0.04522376365631	0.406159618358576	482
-0.06789801192182	0.755319680676232	67
0.0931246021136301	1.68287619725622	90
-0.0850659909735201	1.64955644055704	793
0.02447516367697	1.42224986987671	793
-0.06625641303702	2.42863865823436	269
0.06262654306135	0.97087596167855	36
-0.07608962166886	0.760023550642785	8
-0.10466966986077	1.17795698850746	35
-0.07491177099641	0.761062662410459	196
-0.0752082556493501	0.748101761838019	108
-0.09009775364151	1.15559122670368	893
-0.0454111055683599	0.406108159138969	199
-0.04522376365631	0.406159618358576	67
-0.0501273146083801	0.40572439661199	67
-0.04522376365631	0.406159618358576	67
-0.07349417803259	0.758718061977533	47
-0.0863765995682799	2.06893749775924	893
-0.0973444642785299	1.17452525511356	47
-0.0833686523645301	1.62379512579212	809
-0.0454111055683599	0.406108159138969	1750
-0.04522376365631	0.406159618358576	175
-0.04522376365631	0.406159618358576	67
0.01089926379815	1.87436624364691	8
-0.04522376365631	0.406159618358576	8
-0.08035626057349	1.59442881760468	8
0.09952237663	1.66247276841346	108
-0.06046902471553	0.74131826500725	47
0.0039454897501201	1.88652952193781	454
0.0771634080611701	0.960818859253144	199
-0.06789801192182	0.755319680676232	67
-0.04522376365631	0.406159618358576	67
-0.07349417803259	0.758718061977533	67
-0.04522376365631	0.406159618358576	77
-0.0739174643077301	2.45086771249907	236
-0.0797147252447099	2.0988747214856	8
-0.0803017805483299	0.753586690030118	8
0.0605591869637201	0.980212345517434	4
0.0681224000908001	0.970676525221855	8
-0.0704071554641901	2.08449660894286	8
-0.09557948035874	1.19234470110764	8
-0.07719251140894	1.60720125026833	47
0.09834596983411	1.66768210422694	1604
0.0652319199456199	0.966283912646895	893
0.01020724848862	1.83720742795237	454
-0.0454111055683599	0.406108159138969	67
0.0316570863176699	1.41678788285571	8
-0.10511153209555	1.16163169046852	199
-0.0501273146083801	0.40572439661199	175
0.0639291860967499	0.978924588533272	67
0.0227867838260201	1.4396724288992	236
-0.0905011521407899	1.17355087998643	8
-0.0454111055683599	0.406108159138969	1604
-0.0905011521407899	1.17355087998643	1604
0.0649824958334699	0.965811901868949	809
-0.0669724935203899	0.755161927952963	175
-0.0681459332729899	0.757477944035012	67
0.0704468225091901	2.06244147153066	77
-0.0882567387563999	1.1640265360532	8
0.00850197355510995	2.23541822918673	8
-0.09701457462129	1.17421240697303	8
0.0668223144935201	0.983497164001226	8
-0.04522376365631	0.406159618358576	199
-0.0454111055683599	0.406108159138969	1480
-0.06672391556845	0.755139764558434	67
-0.10194746382176	1.16427476575087	90
-0.0946592701003199	1.18902250169928	793
-0.087368015194	0.747846250547373	269
0.0378121617606799	2.41778161098379	8
-0.07491177099641	0.761062662410459	570
0.0834272099425799	1.66739636063681	209
0.01594762982822	1.44496000561544	47
-0.04522376365631	0.406159618358576	51
-0.0454111055683599	0.406108159138969	51
-0.06789801192182	0.755319680676232	51
-0.07349417803259	0.758718061977533	1480
-0.04522376365631	0.406159618358576	67
-0.04522376365631	0.406159618358576	67
-0.0454111055683599	0.406108159138969	67
-0.0805344456027799	0.755559929122587	8
-0.07349417803259	0.758718061977533	8
-0.0681459332729899	0.757477944035012	8
-0.07231749393078	0.757183848190581	108
-0.0810030047994099	2.08418327623024	47
-0.0693202809442	0.7576566965492	37
-0.04522376365631	0.406159618358576	51
-0.06907301713506	0.753429338745028	51
-0.0501273146083801	0.40572439661199	1518
-0.0454111055683599	0.406108159138969	1299
-0.0879126976120099	1.63608933712934	77
0.0718688253178801	0.968860626085677	8
-0.10150054028111	1.18985713872001	570
-0.06789801192182	0.755319680676232	51
-0.0454111055683599	0.406108159138969	51
-0.04522376365631	0.406159618358576	1299
-0.0454111055683599	0.406108159138969	1299
-0.07491177099641	0.761062662410459	77
0.0708064794577601	0.966270157563041	4
-0.0761104223584399	1.62446540900156	8
-0.08787057947068	1.6528449390207	209
-0.0454111055683599	0.406108159138969	37
-0.0933510487514699	1.17616312258403	199
-0.06555072674751	0.752836446371321	67
-0.06281284079462	0.749911386602174	2482
-0.04522376365631	0.406159618358576	77
-0.07608962166886	0.760023550642785	4
0.0664863799331601	0.973221895854537	51
-0.0941759087024501	1.17495653327602	175
-0.06555072674751	0.752836446371321	498
-0.0454111055683599	0.406108159138969	90
-0.0501273146083801	0.40572439661199	77
0.07213992842548	2.0635544154505	4
-0.0854992485225501	1.16299796141271	8
-0.07349417803259	0.758718061977533	175
-0.04522376365631	0.406159618358576	175
0.0655223168841199	0.975317439128556	67
-0.07726838676269	0.754898338581045	498
0.05959646052741	0.979591025341428	498
0.0664863799331601	0.973221895854537	8
-0.04522376365631	0.406159618358576	354
0.0723483122531701	0.947770611601867	51
-0.06437844413432	0.746436419448748	498
-0.0681459332729899	0.757477944035012	498
-0.04522376365631	0.406159618358576	415
-0.0454111055683599	0.406108159138969	77
-0.04522376365631	0.406159618358576	1414
0.0687480860549201	0.97707160373534	8
-0.0695819856169599	0.753456397420435	8
-0.06672391556845	0.755139764558434	37
-0.0923671398232599	1.66067977628029	37
-0.0501273146083801	0.40572439661199	809
-0.10327521311839	1.16601127874981	498
-0.0941759087024501	1.17495653327602	498
-0.06907301713506	0.753429338745028	236
0.0668223144935201	0.983497164001226	8
-0.0454111055683599	0.406108159138969	8
-0.07491177099641	0.761062662410459	8
-0.0681459332729899	0.757477944035012	209
-0.07049553786231	0.755751724984709	2288
-0.0454111055683599	0.406108159138969	1517
-0.06789801192182	0.755319680676232	175
-0.04522376365631	0.406159618358576	1882
-0.04522376365631	0.406159618358576	1222
0.09987810747522	1.67442914001126	269
0.0539506581956799	0.963279280130795	354
-0.0639861075511099	0.750093739397359	8
-0.04522376365631	0.406159618358576	8
-0.0454111055683599	0.406108159138969	8
-0.09320760925529	1.6588172403192	47
0.05524589165945	0.971099161896769	51
-0.0887437175816701	1.17444839021317	498
-0.0454111055683599	0.406108159138969	132
0.07148259884122	0.959421301413727	37
-0.0616404802900501	0.747635014309802	51
-0.07491177099641	0.761062662410459	51
0.0268075146632101	1.41862239568748	132
-0.0501273146083801	0.40572439661199	1299
0.00653754507959992	1.43512227052214	269
0.0805844175230701	2.04292758147078	524
0.0987842473162901	1.63700268565798	8
0.0196861480162001	1.42718292241969	37
0.0734122097485901	0.961670107321016	51
-0.10374790821983	1.1797411060444	498
0.0648941592652399	0.982457596208955	132
0.01315855518192	1.85892870356456	90
-0.0021966819141499	1.86918893813382	8
-0.0693202809442	0.7576566965492	809
-0.06672391556845	0.755139764558434	51
0.07114391500377	0.973898476935828	498
-0.0501273146083801	0.40572439661199	269
-0.06672391556845	0.755139764558434	8
-0.07373483340545	0.759520768730619	108
-0.0501273146083801	0.40572439661199	209
-0.0681459332729899	0.757477944035012	199
-0.07491177099641	0.761062662410459	1012
0.0708064794577601	0.966270157563041	51
-0.0877615844912601	1.15151481230382	175
0.07533943272924	0.958003669245657	269
0.08064350910102	0.941265977422	269
-0.0663681099793601	2.06693482271087	6
-0.0805344456027799	0.755559929122587	2452
0.06778549789713	0.981364424528038	8
-0.0859037030087599	1.65092939708894	8
0.00298584119184997	1.87917228721833	108
-0.07491177099641	0.761062662410459	37
0.0717721318809099	0.965197303659136	37
0.0248453722205	1.4082370080113	498
-0.0454111055683599	0.406108159138969	90
-0.06652414984966	1.99712891655651	36
0.0205331195043399	1.42678097496863	8
-0.0651602818841499	0.748234362154385	2452
-0.07373483340545	0.759520768730619	8
-0.0501273146083801	0.40572439661199	35
-0.0454111055683599	0.406108159138969	209
-0.0501273146083801	0.40572439661199	209
-0.0983433433959999	1.19041843101205	1229
-0.10156748817197	1.65336555675553	1229
-0.04522376365631	0.406159618358576	269
0.01251332777414	1.44219914234341	269
0.02447827678973	1.42889504009934	108
0.0794265380191801	0.956747217048929	51
0.0687480860549201	0.97707160373534	90
-0.0746717748247101	0.757687975137559	269
-0.07373483340545	0.759520768730619	934
0.0668223144935201	0.983497164001226	209
-0.0942527621104801	1.1760323190734	37
-0.0693202809442	0.7576566965492	910
-0.0454111055683599	0.406108159138969	90
-0.07349417803259	0.758718061977533	269
-0.0454111055683599	0.406108159138969	36
-0.04522376365631	0.406159618358576	36
-0.07415389678771	2.06776290697782	8
0.0784661770552	0.959349239693854	8
-0.0501273146083801	0.40572439661199	6
0.0677101044911601	2.05840788885396	8
0.0179297717912299	1.4197426966317	108
-0.06840613866815	0.751938577957193	209
-0.08171490361416	0.755879019504499	582
-0.06672391556845	0.755139764558434	1594
-0.08733703829764	1.16529667180575	1229
-0.04522376365631	0.406159618358576	36
-0.06672391556845	0.755139764558434	6
-0.0820447533931301	0.740586672463666	8
-0.01546435408601	2.25346125668638	108
-0.04522376365631	0.406159618358576	209
-0.0501273146083801	0.40572439661199	209
-0.07373483340545	0.759520768730619	6
-0.06437844413432	0.746436419448748	6
0.0912720649757599	1.67735413206066	8
-0.04522376365631	0.406159618358576	47
0.0227867838260201	1.4396724288992	2417
0.0624828573262901	0.975155730595229	199
-0.04522376365631	0.406159618358576	38
-0.0974215164396299	1.19303792723712	155
-0.0454111055683599	0.406108159138969	8
-0.06672391556845	0.755139764558434	47
-0.04522376365631	0.406159618358576	209
-0.04522376365631	0.406159618358576	809
-0.08289627991657	0.751708259222083	175
-0.06672391556845	0.755139764558434	450
-0.07638682911645	0.748421150591113	1594
-0.09557948035874	1.19234470110764	6
0.0039454897501201	1.88652952193781	8
-0.0693202809442	0.7576566965492	38
-0.10286465430068	1.163454322332	175
-0.04522376365631	0.406159618358576	155
-0.0501273146083801	0.40572439661199	36
-0.04522376365631	0.406159618358576	30
-0.04522376365631	0.406159618358576	3641
-0.04522376365631	0.406159618358576	209
-0.0681459332729899	0.757477944035012	141
-0.0454111055683599	0.406108159138969	38
-0.0454111055683599	0.406108159138969	38
-0.0669724935203899	0.755161927952963	2862
-0.06907301713506	0.753429338745028	155
0.02220810396219	1.4395768024613	8
-0.0707587439584601	0.752445452911296	6
-0.0454111055683599	0.406108159138969	3641
-0.09100906407231	1.17626309687335	2417
-0.0454111055683599	0.406108159138969	38
-0.0501273146083801	0.40572439661199	38
-0.0695819856169599	0.753456397420435	2351
-0.0751556376287701	2.0546875127144	8
0.0743761193933401	0.960603618560299	108
-0.0454111055683599	0.406108159138969	108
-0.0681459332729899	0.757477944035012	108
-0.06281284079462	0.749911386602174	8
-0.0454111055683599	0.406108159138969	209
-0.04522376365631	0.406159618358576	38
-0.07049553786231	0.755751724984709	450
-0.06672391556845	0.755139764558434	1950
-0.0996610882575699	1.18204217377115	8
-0.0501273146083801	0.40572439661199	108
-0.0454111055683599	0.406108159138969	108
-0.0454111055683599	0.406108159138969	1156
-0.06555072674751	0.752836446371321	2417
-0.04522376365631	0.406159618358576	2489
-0.0454111055683599	0.406108159138969	209
0.0645576568381101	0.975681262593783	2351
-0.0969055845231701	1.18175312361887	38
-0.0914190372607	1.17679393964687	209
0.0648941592652399	0.982457596208955	450
-0.0681459332729899	0.757477944035012	175
-0.04522376365631	0.406159618358576	90
-0.0454111055683599	0.406108159138969	1950
-0.04522376365631	0.406159618358576	8
-0.0793549045361299	0.750532898549476	8
-0.0454111055683599	0.406108159138969	108
-0.0616404802900501	0.747635014309802	108
0.0658585351733401	0.983858903403601	8
-0.0501273146083801	0.40572439661199	108
-0.04522376365631	0.406159618358576	47
-0.04522376365631	0.406159618358576	209
-0.0454111055683599	0.406108159138969	209
-0.0501273146083801	0.40572439661199	209
-0.0454111055683599	0.406108159138969	209
-0.0681459332729899	0.757477944035012	38
-0.04522376365631	0.406159618358576	2351
-0.0501273146083801	0.40572439661199	175
-0.0454111055683599	0.406108159138969	1945
-0.04522376365631	0.406159618358576	1945
-0.0501273146083801	0.40572439661199	1945
-0.0454111055683599	0.406108159138969	1945
-0.0454111055683599	0.406108159138969	1945
-0.0454111055683599	0.406108159138969	90
-0.04522376365631	0.406159618358576	90
-0.04522376365631	0.406159618358576	90
-0.04522376365631	0.406159618358576	155
-0.04522376365631	0.406159618358576	36
-0.04522376365631	0.406159618358576	8
-0.0454111055683599	0.406108159138969	8
-0.04522376365631	0.406159618358576	8
-0.0501273146083801	0.40572439661199	8
-0.0454111055683599	0.406108159138969	8
-0.04522376365631	0.406159618358576	8
-0.0454111055683599	0.406108159138969	3102
-0.0454111055683599	0.406108159138969	3102
-0.04522376365631	0.406159618358576	3102
-0.04522376365631	0.406159618358576	3102
-0.04522376365631	0.406159618358576	3102
-0.04522376365631	0.406159618358576	3102
-0.0454111055683599	0.406108159138969	3102
-0.04522376365631	0.406159618358576	3102
-0.0454111055683599	0.406108159138969	2417
-0.04522376365631	0.406159618358576	2417
-0.0501273146083801	0.40572439661199	2417
-0.0454111055683599	0.406108159138969	2417
-0.0501273146083801	0.40572439661199	38
-0.04522376365631	0.406159618358576	1945
-0.04522376365631	0.406159618358576	294
-0.0454111055683599	0.406108159138969	90
-0.0454111055683599	0.406108159138969	364
-0.04522376365631	0.406159618358576	364
-0.04522376365631	0.406159618358576	364
-0.0454111055683599	0.406108159138969	364
-0.04522376365631	0.406159618358576	364
-0.0454111055683599	0.406108159138969	364
-0.0454111055683599	0.406108159138969	364
-0.04522376365631	0.406159618358576	364
-0.04522376365631	0.406159618358576	364
-0.0454111055683599	0.406108159138969	155
-0.0454111055683599	0.406108159138969	36
-0.04522376365631	0.406159618358576	36
-0.04522376365631	0.406159618358576	8
-0.04522376365631	0.406159618358576	8
-0.04522376365631	0.406159618358576	8
-0.0454111055683599	0.406108159138969	8
-0.0454111055683599	0.406108159138969	8
-0.0501273146083801	0.40572439661199	8
-0.04522376365631	0.406159618358576	8
-0.0454111055683599	0.406108159138969	8
-0.04522376365631	0.406159618358576	8
-0.0454111055683599	0.406108159138969	8
-0.04522376365631	0.406159618358576	8
-0.04522376365631	0.406159618358576	6
-0.04522376365631	0.406159618358576	8
-0.0454111055683599	0.406108159138969	8
-0.0454111055683599	0.406108159138969	8
-0.0454111055683599	0.406108159138969	3102
-0.04522376365631	0.406159618358576	3102
-0.0501273146083801	0.40572439661199	3102
-0.04522376365631	0.406159618358576	108
-0.0501273146083801	0.40572439661199	108
-0.0501273146083801	0.40572439661199	30
-0.04522376365631	0.406159618358576	108
-0.0454111055683599	0.406108159138969	108
-0.0454111055683599	0.406108159138969	2417
-0.04522376365631	0.406159618358576	38
-0.0454111055683599	0.406108159138969	450
-0.04522376365631	0.406159618358576	450
-0.04522376365631	0.406159618358576	450
-0.0501273146083801	0.40572439661199	450
-0.09058503146372	1.18029718433957	8
-0.06907301713506	0.753429338745028	8
-0.04522376365631	0.406159618358576	38
-0.0651602818841499	0.748234362154385	2351
-0.04522376365631	0.406159618358576	1342
-0.04522376365631	0.406159618358576	450
-0.0746717748247101	0.757687975137559	38
-0.0454111055683599	0.406108159138969	38
-0.06651273441867	2.07569680515987	8
0.09714738644647	1.64953755149365	8
0.0722094015942401	0.969467161480293	30
0.0717721318809099	0.965197303659136	209
-0.0951185627336599	1.65450450967794	269
-0.0915064971292301	1.18063614088228	8
0.06778549789713	0.981364424528038	30
-0.0454111055683599	0.406108159138969	209
-0.04522376365631	0.406159618358576	209
-0.04522376365631	0.406159618358576	38
0.01962748700549	1.42027059366265	140
-0.06437844413432	0.746436419448748	47
-0.07373483340545	0.759520768730619	209
-0.0669724935203899	0.755161927952963	38
-0.04522376365631	0.406159618358576	175
0.01849380228367	1.44061906438909	155
-0.09557948035874	1.19234470110764	8
0.07017793672269	0.971940734338536	773
0.0655223168841199	0.975317439128556	6
0.0281961140179701	1.43352884212032	47
-0.06789801192182	0.755319680676232	47
-0.0454111055683599	0.406108159138969	3180
-0.0454111055683599	0.406108159138969	450
-0.04522376365631	0.406159618358576	38
-0.0454111055683599	0.406108159138969	38
-0.10650723116783	1.17932975032016	8
-0.07491177099641	0.761062662410459	8
0.07124949495474	0.969829586643215	8
-0.10742697102619	1.18094849104142	773
0.0475362849699299	2.43328860807313	108
-0.09642682322121	1.17201685304555	47
-0.0681459332729899	0.757477944035012	209
-0.04522376365631	0.406159618358576	209
0.06022414817685	0.970792577340226	38
-0.06555072674751	0.752836446371321	209
0.0278938387874399	1.39899432149594	209
-0.04522376365631	0.406159618358576	38
-0.04522376365631	0.406159618358576	38
-0.04522376365631	0.406159618358576	38
0.02419597220226	1.43566366894151	155
-0.10559197128334	1.17356927559327	8
0.07124949495474	0.969829586643215	108
-0.0693202809442	0.7576566965492	596
-0.07491177099641	0.761062662410459	209
-0.0681459332729899	0.757477944035012	209
-0.04522376365631	0.406159618358576	2853
-0.0454111055683599	0.406108159138969	1878
-0.0454111055683599	0.406108159138969	38
-0.0454111055683599	0.406108159138969	38
-0.09650022894982	1.19363907993218	8
0.0763001261629599	0.950368775523994	8
0.07307407605491	0.973200620856142	8
-0.06281284079462	0.749911386602174	6
-0.0454111055683599	0.406108159138969	140
0.07307407605491	0.973200620856142	140
0.06908470290744	0.968596470429859	108
0.03219017804758	1.39771712515777	108
0.0775052234037601	0.960415524300744	8
0.0702889964744899	0.968480536472583	108
-0.06672391556845	0.755139764558434	2853
-0.04522376365631	0.406159618358576	2586
-0.04522376365631	0.406159618358576	175
0.0648941592652399	0.982457596208955	175
-0.10150054028111	1.18985713872001	155
-0.0616404802900501	0.747635014309802	140
0.06594130409126	0.966404331522216	108
-0.0803017805483299	0.753586690030118	47
0.0727371858550601	0.962577209907809	209
-0.07373483340545	0.759520768730619	209
-0.0681459332729899	0.757477944035012	3287
-0.07608962166886	0.760023550642785	38
-0.04522376365631	0.406159618358576	2586
-0.0454111055683599	0.406108159138969	175
0.06778549789713	0.981364424528038	155
0.0182111070120401	1.44156339289607	108
-0.0681459332729899	0.757477944035012	108
-0.0862380618280201	1.62716743447014	30
-0.04522376365631	0.406159618358576	209
-0.0501273146083801	0.40572439661199	209
-0.0454111055683599	0.406108159138969	209
-0.06789801192182	0.755319680676232	38
-0.06555072674751	0.752836446371321	2413
-0.04522376365631	0.406159618358576	21
-0.06281284079462	0.749911386602174	155
-0.0639861075511099	0.750093739397359	155
-0.0793549045361299	0.750532898549476	36
-0.04522376365631	0.406159618358576	36
0.0330351546530001	1.39369699721714	108
-0.04522376365631	0.406159618358576	47
-0.04522376365631	0.406159618358576	1244
-0.04522376365631	0.406159618358576	108
-0.0454111055683599	0.406108159138969	2042
-0.04522376365631	0.406159618358576	2042
-0.0639861075511099	0.750093739397359	3451
-0.07608962166886	0.760023550642785	47
-0.04522376365631	0.406159618358576	209
-0.0501273146083801	0.40572439661199	209
-0.04522376365631	0.406159618358576	3287
-0.09099019862131	1.16797103544758	155
-0.09100906407231	1.17626309687335	212
0.0227867838260201	1.4396724288992	212
-0.0856529636108301	1.65085575243898	212
-0.0669724935203899	0.755161927952963	596
-0.09109976327547	1.16336580432799	38
-0.06789801192182	0.755319680676232	38
-0.0454111055683599	0.406108159138969	21
-0.0454111055683599	0.406108159138969	8
-0.0454111055683599	0.406108159138969	2021
-0.04522376365631	0.406159618358576	47
0.12024854282936	2.20449593517618	47
-0.0501273146083801	0.40572439661199	209
-0.0850659909735201	1.64955644055704	209
-0.10926806325687	1.17642647701082	209
-0.06840613866815	0.751938577957193	554
-0.09557948035874	1.19234470110764	38
-0.0915064971292301	1.18063614088228	38
0.0579535561806901	2.07971013380155	364
-0.0454111055683599	0.406108159138969	1340
0.0985291845320599	1.67654753519513	212
-0.04522376365631	0.406159618358576	2042
0.0883608162401699	1.68673580014167	108
-0.0454111055683599	0.406108159138969	501
-0.07373483340545	0.759520768730619	209
-0.04522376365631	0.406159618358576	1542
0.06778549789713	0.981364424528038	38
-0.04522376365631	0.406159618358576	3289
0.00758255947874997	2.20764959549014	36
-0.0454111055683599	0.406108159138969	1340
-0.0454111055683599	0.406108159138969	36
-0.0454111055683599	0.406108159138969	501
-0.08733703829764	1.16529667180575	209
-0.0501273146083801	0.40572439661199	1542
-0.08171490361416	0.755879019504499	175
-0.08171490361416	0.755879019504499	38
-0.0454111055683599	0.406108159138969	1091
-0.06840613866815	0.751938577957193	155
-0.0669724935203899	0.755161927952963	8
-0.0639861075511099	0.750093739397359	212
-0.04522376365631	0.406159618358576	501
-0.06789801192182	0.755319680676232	501
-0.0454111055683599	0.406108159138969	209
-0.06555072674751	0.752836446371321	1542
0.0000693502508799515	1.88974145195461	8
-0.06672391556845	0.755139764558434	212
-0.04522376365631	0.406159618358576	108
-0.04522376365631	0.406159618358576	140
-0.06140338655151	2.03056507261974	108
-0.06555072674751	0.752836446371321	596
-0.0501273146083801	0.40572439661199	501
-0.07231749393078	0.757183848190581	551
-0.04522376365631	0.406159618358576	1542
-0.0454111055683599	0.406108159138969	696
0.0679059247271701	0.960155324898402	38
0.0658585351733401	0.983858903403601	38
0.01994242274977	1.42833571598433	1803
-0.0501273146083801	0.40572439661199	537
-0.04522376365631	0.406159618358576	1340
-0.04522376365631	0.406159618358576	8
0.0775052234037601	0.960415524300744	108
-0.0454111055683599	0.406108159138969	30
-0.0639861075511099	0.750093739397359	696
-0.0915064971292301	1.18063614088228	1803
-0.0501273146083801	0.40572439661199	1091
-0.0454111055683599	0.406108159138969	8
-0.0805344456027799	0.755559929122587	36
-0.04522376365631	0.406159618358576	30
-0.04522376365631	0.406159618358576	501
-0.07349417803259	0.758718061977533	696
0.07114391500377	0.973898476935828	696
-0.0454111055683599	0.406108159138969	696
-0.06281284079462	0.749911386602174	38
0.07124949495474	0.969829586643215	38
0.03081266503109	1.41637976924893	38
-0.0873282077519999	1.65567750210104	155
-0.0681459332729899	0.757477944035012	108
0.03134476149132	1.39987108824497	108
-0.0847572415215801	1.63527749785717	1269
-0.0501273146083801	0.40572439661199	21
-0.07231749393078	0.757183848190581	8
-0.0809214765678301	1.13939147323963	8
0.00604818602876001	1.87530347804793	8
-0.0454111055683599	0.406108159138969	108
0.0946271214958001	1.67469265578023	711
0.0931246021136301	1.68287619725622	551
-0.09650022894982	1.19363907993218	696
-0.0695819856169599	0.753456397420435	21
-0.04522376365631	0.406159618358576	8
-0.07491177099641	0.761062662410459	8
-0.09100906407231	1.17626309687335	596
-0.04522376365631	0.406159618358576	596
-0.00155065251946995	1.888227157214	1269
-0.0454111055683599	0.406108159138969	703
-0.0454111055683599	0.406108159138969	209
-0.07608962166886	0.760023550642785	696
-0.07349417803259	0.758718061977533	38
-0.10150054028111	1.18985713872001	8
0.0270923690415401	1.42173010321915	8
-0.07231749393078	0.757183848190581	36
0.06246897835315	2.39251631922721	8
0.01849380228367	1.44061906438909	1269
-0.0639861075511099	0.750093739397359	1599
0.10069434813675	1.66472714426603	8
-0.0454111055683599	0.406108159138969	8
-0.0681459332729899	0.757477944035012	596
-0.0454111055683599	0.406108159138969	711
-0.0639861075511099	0.750093739397359	1599
-0.09099019862131	1.16797103544758	696
0.0781246432709799	0.95821144455975	327
-0.0454111055683599	0.406108159138969	327
0.02565723423935	1.43471935058847	108
-0.04522376365631	0.406159618358576	108
0.0210935270717101	1.44232300962717	47
-0.07349417803259	0.758718061977533	703
-0.0454111055683599	0.406108159138969	209
-0.0775663187317599	0.744339774477909	551
0.06022414817685	0.970792577340226	331
-0.10427652110379	1.64017549141568	596
-0.0793549045361299	0.750532898549476	709
-0.0681459332729899	0.757477944035012	1647
-0.07049553786231	0.755751724984709	8
-0.0454111055683599	0.406108159138969	8
-0.08714168552395	0.74288557519556	8
-0.0752082556493501	0.748101761838019	108
-0.07231749393078	0.757183848190581	108
-0.0454111055683599	0.406108159138969	596
-0.04522376365631	0.406159618358576	696
-0.0454111055683599	0.406108159138969	696
-0.0454111055683599	0.406108159138969	696
0.0762015790927999	0.961886959014451	38
-0.04522376365631	0.406159618358576	709
-0.07491177099641	0.761062662410459	26
-0.04522376365631	0.406159618358576	108
-0.0657999603608601	0.748722663220006	108
-0.06672391556845	0.755139764558434	596
-0.0639861075511099	0.750093739397359	209
-0.0878465277110001	1.15919670869521	1599
-0.0693202809442	0.7576566965492	38
-0.0707587439584601	0.752445452911296	8
-0.10875318952824	1.17072121614545	108
-0.04522376365631	0.406159618358576	108
-0.0695819856169599	0.753456397420435	2106
0.0606191255625299	0.957667227608509	331
-0.0454111055683599	0.406108159138969	327
-0.0805641713609699	1.63053945583368	90
-0.07373483340545	0.759520768730619	8
-0.0454111055683599	0.406108159138969	8
-0.0501273146083801	0.40572439661199	108
-0.04522376365631	0.406159618358576	108
-0.0937654848321099	1.16816215842798	108
0.0750372643823201	2.06659386568999	108
-0.04522376365631	0.406159618358576	2106
-0.0803017805483299	0.753586690030118	2106
-0.04522376365631	0.406159618358576	703
-0.0454111055683599	0.406108159138969	950
-0.07608962166886	0.760023550642785	950
0.0689864491939201	0.969956110658622	80
-0.0919273348354901	1.17569265555092	327
0.05926112655975	0.9721554495193	703
0.0529887295812499	0.963679881583377	8
0.07307407605491	0.973200620856142	8
-0.07231749393078	0.757183848190581	8
0.0671595024381599	0.971040289110175	711
0.0239144533322999	1.41703194644931	42
-0.09642682322121	1.17201685304555	155
-0.06789801192182	0.755319680676232	108
0.0258872205068701	1.42493546704879	108
-0.07231749393078	0.757183848190581	551
0.07307407605491	0.973200620856142	327
-0.04522376365631	0.406159618358576	8
-0.07491177099641	0.761062662410459	8
0.04393418138616	2.41555482549288	8
-0.0978270151196701	1.18302894844642	108
0.07403826017478	0.970531835985497	108
-0.08733703829764	1.16529667180575	2778
-0.04522376365631	0.406159618358576	3475
0.0668223144935201	0.983497164001226	80
0.08545218899526	1.6818870437244	90
-0.04522376365631	0.406159618358576	108
-0.0693202809442	0.7576566965492	47
-0.0996714959551099	1.179905467392	327
-0.0454111055683599	0.406108159138969	90
-0.0501273146083801	0.40572439661199	108
-0.0501273146083801	0.40572439661199	696
-0.04522376365631	0.406159618358576	915
-0.0454111055683599	0.406108159138969	8
-0.06672391556845	0.755139764558434	108
-0.0454111055683599	0.406108159138969	108
-0.07373483340545	0.759520768730619	108
-0.0873282077519999	1.65567750210104	711
-0.04522376365631	0.406159618358576	711
-0.0454111055683599	0.406108159138969	209
0.06785715245032	0.961471870314476	26
-0.0681459332729899	0.757477944035012	90
-0.04522376365631	0.406159618358576	960
-0.0838907060596801	2.0958596286934	8
0.08506366634805	1.68680851068305	108
0.0167967973594201	1.4455791488042	108
-0.04522376365631	0.406159618358576	108
-0.0501273146083801	0.40572439661199	108
-0.04522376365631	0.406159618358576	108
-0.0657999603608601	0.748722663220006	1112
-0.10150054028111	1.18985713872001	1112
-0.06555072674751	0.752836446371321	1112
0.0137095726458301	1.88054893068977	8
0.08064350910102	0.941265977422	108
-0.08641787507445	1.1649550204137	47
0.01849380228367	1.44061906438909	47
-0.0653772032336	2.45795519808856	108
-0.06672391556845	0.755139764558434	108
-0.04522376365631	0.406159618358576	1112
-0.07608962166886	0.760023550642785	696
0.02265296902822	1.81582487074541	8
-0.04522376365631	0.406159618358576	1331
-0.04522376365631	0.406159618358576	711
-0.0681459332729899	0.757477944035012	696
-0.0681459332729899	0.757477944035012	327
0.00395721127455007	2.25021349693095	8
-0.0669724935203899	0.755161927952963	47
-0.04522376365631	0.406159618358576	140
0.0182111070120401	1.44156339289607	703
-0.07349417803259	0.758718061977533	80
0.07500184758954	0.965853387101135	90
0.06778549789713	0.981364424528038	140
-0.04522376365631	0.406159618358576	711
-0.0669724935203899	0.755161927952963	703
-0.07608962166886	0.760023550642785	80
0.0225029606057301	1.4383064409583	1725
-0.09557948035874	1.19234470110764	209
-0.06672391556845	0.755139764558434	80
0.0648941592652399	0.982457596208955	80
-0.0707587439584601	0.752445452911296	90
-0.0681459332729899	0.757477944035012	3168
-0.0454111055683599	0.406108159138969	1104
-0.04522376365631	0.406159618358576	3168
-0.0681459332729899	0.757477944035012	8
-0.0896641051370799	1.17829735828949	47
-0.0669724935203899	0.755161927952963	852
-0.04522376365631	0.406159618358576	792
-0.04522376365631	0.406159618358576	1582
0.05620632849263	0.968212568709938	8
0.0860873327955101	1.67014269124815	108
-0.09100906407231	1.17626309687335	108
0.09974826888581	1.67755862598865	1236
-0.0657999603608601	0.748722663220006	852
-0.07167170535838	0.750034484854258	655
0.1084277404749	1.65038110138576	47
-0.07349417803259	0.758718061977533	108
-0.0657999603608601	0.748722663220006	1236
-0.0693202809442	0.7576566965492	711
-0.0761104223584399	1.62446540900156	424
0.0718688253178801	0.968860626085677	1104
-0.07255880756041	0.753613125904852	711
-0.06437844413432	0.746436419448748	32
-0.04522376365631	0.406159618358576	32
-0.07726838676269	0.754898338581045	32
-0.04522376365631	0.406159618358576	8
-0.0454111055683599	0.406108159138969	47
0.06908470290744	0.968596470429859	424
-0.04522376365631	0.406159618358576	591
-0.0454111055683599	0.406108159138969	224
-0.0454111055683599	0.406108159138969	224
0.0230562590565699	1.4381607349706	224
-0.04522376365631	0.406159618358576	90
-0.04522376365631	0.406159618358576	301
-0.04522376365631	0.406159618358576	1753
-0.06907301713506	0.753429338745028	222
-0.04522376365631	0.406159618358576	8
-0.0501273146083801	0.40572439661199	560
-0.04522376365631	0.406159618358576	560
-0.0454111055683599	0.406108159138969	108
-0.0454111055683599	0.406108159138969	108
-0.0454111055683599	0.406108159138969	47
-0.0501273146083801	0.40572439661199	47
-0.04522376365631	0.406159618358576	47
-0.0454111055683599	0.406108159138969	1212
-0.04522376365631	0.406159618358576	1635
-0.10466936114981	1.16471777054594	1601
-0.0501273146083801	0.40572439661199	32
-0.0454111055683599	0.406108159138969	792
-0.0501273146083801	0.40572439661199	792
-0.04522376365631	0.406159618358576	80
-0.04522376365631	0.406159618358576	2124
-0.04522376365631	0.406159618358576	224
-0.04522376365631	0.406159618358576	224
-0.09100906407231	1.17626309687335	224
-0.0454111055683599	0.406108159138969	301
-0.04522376365631	0.406159618358576	1753
-0.04522376365631	0.406159618358576	140
-0.04522376365631	0.406159618358576	108
-0.0454111055683599	0.406108159138969	108
-0.04522376365631	0.406159618358576	108
-0.04522376365631	0.406159618358576	47
-0.04522376365631	0.406159618358576	47
-0.04522376365631	0.406159618358576	1212
-0.04522376365631	0.406159618358576	1212
-0.0808650350692699	0.736930649109914	1635
-0.0454111055683599	0.406108159138969	32
-0.0454111055683599	0.406108159138969	591
-0.04522376365631	0.406159618358576	80
-0.0501273146083801	0.40572439661199	80
-0.04522376365631	0.406159618358576	80
-0.0454111055683599	0.406108159138969	224
-0.0454111055683599	0.406108159138969	224
-0.07349417803259	0.758718061977533	8
-0.04522376365631	0.406159618358576	47
-0.04522376365631	0.406159618358576	424
-0.04522376365631	0.406159618358576	80
-0.04522376365631	0.406159618358576	224
-0.06555072674751	0.752836446371321	1753
-0.04522376365631	0.406159618358576	108
-0.06840613866815	0.751938577957193	1116
0.0645576568381101	0.975681262593783	781
-0.0454111055683599	0.406108159138969	47
-0.08171490361416	0.755879019504499	1635
-0.0454111055683599	0.406108159138969	32
-0.04522376365631	0.406159618358576	32
-0.04522376365631	0.406159618358576	591
-0.0454111055683599	0.406108159138969	1881
-0.04522376365631	0.406159618358576	80
-0.0454111055683599	0.406108159138969	224
-0.04522376365631	0.406159618358576	655
-0.04522376365631	0.406159618358576	178
-0.0501273146083801	0.40572439661199	817
-0.0454111055683599	0.406108159138969	3149
-0.04522376365631	0.406159618358576	2457
-0.0454111055683599	0.406108159138969	1961
-0.0454111055683599	0.406108159138969	47
-0.04522376365631	0.406159618358576	1212
0.02793645481117	1.41882993710569	1635
-0.04522376365631	0.406159618358576	167
-0.04522376365631	0.406159618358576	32
-0.0454111055683599	0.406108159138969	792
-0.0454111055683599	0.406108159138969	80
-0.0454111055683599	0.406108159138969	80
-0.04522376365631	0.406159618358576	224
-0.0454111055683599	0.406108159138969	224
-0.04522376365631	0.406159618358576	301
-0.04522376365631	0.406159618358576	26
-0.04522376365631	0.406159618358576	108
-0.0454111055683599	0.406108159138969	108
-0.04522376365631	0.406159618358576	108
-0.04522376365631	0.406159618358576	108
-0.0454111055683599	0.406108159138969	781
-0.04522376365631	0.406159618358576	47
-0.04522376365631	0.406159618358576	138
-0.04522376365631	0.406159618358576	47
-0.0681459332729899	0.757477944035012	47
-0.0501273146083801	0.40572439661199	47
-0.04522376365631	0.406159618358576	1635
0.0700288953505499	0.947578168971637	1635
-0.0454111055683599	0.406108159138969	167
-0.0454111055683599	0.406108159138969	167
-0.04522376365631	0.406159618358576	32
-0.0454111055683599	0.406108159138969	32
-0.04522376365631	0.406159618358576	778
-0.04522376365631	0.406159618358576	1881
-0.0454111055683599	0.406108159138969	682
-0.04522376365631	0.406159618358576	224
-0.0454111055683599	0.406108159138969	224
-0.0454111055683599	0.406108159138969	224
-0.0681459332729899	0.757477944035012	90
-0.04522376365631	0.406159618358576	2334
-0.04522376365631	0.406159618358576	2334
-0.04522376365631	0.406159618358576	1462
-0.0454111055683599	0.406108159138969	655
-0.0454111055683599	0.406108159138969	655
-0.0501273146083801	0.40572439661199	26
-0.04522376365631	0.406159618358576	178
-0.0454111055683599	0.406108159138969	222
-0.0454111055683599	0.406108159138969	8
-0.0454111055683599	0.406108159138969	8
-0.04522376365631	0.406159618358576	8
-0.0454111055683599	0.406108159138969	8
-0.0454111055683599	0.406108159138969	108
-0.0501273146083801	0.40572439661199	108
-0.0454111055683599	0.406108159138969	817
-0.0454111055683599	0.406108159138969	108
-0.04522376365631	0.406159618358576	781
-0.04522376365631	0.406159618358576	1961
-0.0501273146083801	0.40572439661199	138
-0.0454111055683599	0.406108159138969	1668
0.0775052234037601	0.960415524300744	47
-0.0454111055683599	0.406108159138969	2871
-0.04522376365631	0.406159618358576	47
-0.04522376365631	0.406159618358576	47
-0.04522376365631	0.406159618358576	47
-0.0454111055683599	0.406108159138969	1212
-0.04522376365631	0.406159618358576	1212
-0.04522376365631	0.406159618358576	167
-0.0454111055683599	0.406108159138969	167
-0.04522376365631	0.406159618358576	32
-0.04522376365631	0.406159618358576	32
-0.04522376365631	0.406159618358576	32
-0.0454111055683599	0.406108159138969	3120
-0.04522376365631	0.406159618358576	3120
-0.04522376365631	0.406159618358576	792
-0.0501273146083801	0.40572439661199	1881
-0.0454111055683599	0.406108159138969	224
-0.04522376365631	0.406159618358576	224
-0.04522376365631	0.406159618358576	224
-0.04522376365631	0.406159618358576	224
-0.0681459332729899	0.757477944035012	108
-0.04522376365631	0.406159618358576	108
-0.06281284079462	0.749911386602174	781
-0.04522376365631	0.406159618358576	47
-0.0454111055683599	0.406108159138969	2871
-0.04522376365631	0.406159618358576	47
-0.04522376365631	0.406159618358576	32
-0.0454111055683599	0.406108159138969	32
-0.04522376365631	0.406159618358576	3120
-0.0454111055683599	0.406108159138969	224
-0.0501273146083801	0.40572439661199	224
-0.0454111055683599	0.406108159138969	224
-0.07349417803259	0.758718061977533	655
-0.04522376365631	0.406159618358576	655
-0.08171490361416	0.755879019504499	2267
-0.07491177099641	0.761062662410459	108
-0.0711417211845999	0.751312028200316	108
-0.04522376365631	0.406159618358576	47
-0.0501273146083801	0.40572439661199	167
-0.07349417803259	0.758718061977533	778
-0.0454111055683599	0.406108159138969	224
-0.04522376365631	0.406159618358576	224
-0.06672391556845	0.755139764558434	2713
-0.0454111055683599	0.406108159138969	108
-0.04522376365631	0.406159618358576	108
-0.04522376365631	0.406159618358576	759
-0.0454111055683599	0.406108159138969	263
-0.0501273146083801	0.40572439661199	32
-0.04522376365631	0.406159618358576	224
-0.0454111055683599	0.406108159138969	224
0.05524589165945	0.971099161896769	90
-0.04522376365631	0.406159618358576	2267
-0.04522376365631	0.406159618358576	8
-0.06555072674751	0.752836446371321	108
-0.04522376365631	0.406159618358576	108
-0.04522376365631	0.406159618358576	47
-0.0501273146083801	0.40572439661199	47
-0.04522376365631	0.406159618358576	2112
-0.04522376365631	0.406159618358576	47
-0.04522376365631	0.406159618358576	47
-0.04522376365631	0.406159618358576	183
-0.0501273146083801	0.40572439661199	32
-0.0454111055683599	0.406108159138969	32
-0.0454111055683599	0.406108159138969	224
-0.0501273146083801	0.40572439661199	301
-0.04522376365631	0.406159618358576	26
-0.04522376365631	0.406159618358576	1444
-0.0501273146083801	0.40572439661199	108
-0.04522376365631	0.406159618358576	108
-0.0454111055683599	0.406108159138969	108
-0.0454111055683599	0.406108159138969	108
-0.0454111055683599	0.406108159138969	108
-0.04522376365631	0.406159618358576	47
-0.0454111055683599	0.406108159138969	47
-0.0454111055683599	0.406108159138969	47
-0.0501273146083801	0.40572439661199	1902
-0.0454111055683599	0.406108159138969	47
-0.04522376365631	0.406159618358576	183
-0.0639861075511099	0.750093739397359	577
-0.0919117991446401	1.16993623612294	3664
-0.0454111055683599	0.406108159138969	408
-0.04522376365631	0.406159618358576	408
-0.0454111055683599	0.406108159138969	32
-0.0454111055683599	0.406108159138969	224
-0.04522376365631	0.406159618358576	224
-0.04522376365631	0.406159618358576	224
-0.0454111055683599	0.406108159138969	224
-0.0454111055683599	0.406108159138969	224
-0.0454111055683599	0.406108159138969	224
-0.04522376365631	0.406159618358576	224
-0.0454111055683599	0.406108159138969	3198
-0.07608962166886	0.760023550642785	3198
-0.04522376365631	0.406159618358576	301
-0.04522376365631	0.406159618358576	26
-0.04522376365631	0.406159618358576	2267
-0.0501273146083801	0.40572439661199	2267
-0.09650022894982	1.19363907993218	1444
-0.04522376365631	0.406159618358576	108
-0.0501273146083801	0.40572439661199	108
-0.0454111055683599	0.406108159138969	108
-0.06555072674751	0.752836446371321	108
-0.04522376365631	0.406159618358576	2763
-0.04522376365631	0.406159618358576	1613
-0.04522376365631	0.406159618358576	47
-0.04522376365631	0.406159618358576	183
-0.0887437175816701	1.17444839021317	183
-0.0454111055683599	0.406108159138969	47
-0.04522376365631	0.406159618358576	577
-0.07491177099641	0.761062662410459	577
0.0646425123349199	0.967861707224285	577
-0.04522376365631	0.406159618358576	355
0.07017793672269	0.971940734338536	3664
-0.0501273146083801	0.40572439661199	408
-0.0454111055683599	0.406108159138969	408
-0.04522376365631	0.406159618358576	408
-0.0454111055683599	0.406108159138969	32
-0.0454111055683599	0.406108159138969	32
-0.0501273146083801	0.40572439661199	32
-0.0454111055683599	0.406108159138969	224
-0.04522376365631	0.406159618358576	224
-0.0454111055683599	0.406108159138969	224
-0.0501273146083801	0.40572439661199	224
-0.04522376365631	0.406159618358576	224
-0.04522376365631	0.406159618358576	224
-0.04522376365631	0.406159618358576	655
-0.04522376365631	0.406159618358576	26
-0.0454111055683599	0.406108159138969	178
-0.07491177099641	0.761062662410459	455
-0.0454111055683599	0.406108159138969	8
-0.04522376365631	0.406159618358576	108
-0.04522376365631	0.406159618358576	108
-0.0501273146083801	0.40572439661199	2763
-0.0501273146083801	0.40572439661199	1904
-0.04522376365631	0.406159618358576	1902
-0.04522376365631	0.406159618358576	1003
-0.04522376365631	0.406159618358576	47
-0.0501273146083801	0.40572439661199	577
-0.0454111055683599	0.406108159138969	47
-0.04522376365631	0.406159618358576	408
-0.04522376365631	0.406159618358576	32
-0.04522376365631	0.406159618358576	32
-0.0501273146083801	0.40572439661199	32
-0.0501273146083801	0.40572439661199	32
-0.0454111055683599	0.406108159138969	224
-0.04522376365631	0.406159618358576	224
-0.04522376365631	0.406159618358576	224
-0.04522376365631	0.406159618358576	224
-0.0883373927586599	1.16233330194489	8
-0.07373483340545	0.759520768730619	8
-0.0681459332729899	0.757477944035012	47
-0.04522376365631	0.406159618358576	1904
-0.04522376365631	0.406159618358576	1902
-0.04522376365631	0.406159618358576	1003
-0.0454111055683599	0.406108159138969	577
-0.06672391556845	0.755139764558434	424
-0.0454111055683599	0.406108159138969	424
-0.0454111055683599	0.406108159138969	263
-0.04522376365631	0.406159618358576	32
-0.0454111055683599	0.406108159138969	224
-0.04522376365631	0.406159618358576	224
-0.04522376365631	0.406159618358576	2925
-0.04522376365631	0.406159618358576	2925
-0.0454111055683599	0.406108159138969	613
-0.0695819856169599	0.753456397420435	8
-0.09325641497882	1.17749225134467	455
-0.07231749393078	0.757183848190581	108
-0.0669724935203899	0.755161927952963	2301
-0.0454111055683599	0.406108159138969	424
-0.09100906407231	1.17626309687335	8
-0.04522376365631	0.406159618358576	32
-0.0454111055683599	0.406108159138969	32
-0.04522376365631	0.406159618358576	32
-0.0501273146083801	0.40572439661199	224
-0.04522376365631	0.406159618358576	224
-0.06281284079462	0.749911386602174	1125
-0.04522376365631	0.406159618358576	26
0.0762015790927999	0.961886959014451	455
-0.0501273146083801	0.40572439661199	108
-0.0786711857703	2.03741558557877	14
-0.0928339397907201	1.17027862577894	3664
0.0225029606057301	1.4383064409583	424
-0.04522376365631	0.406159618358576	408
-0.04522376365631	0.406159618358576	32
-0.04522376365631	0.406159618358576	2892
-0.04522376365631	0.406159618358576	2854
-0.04522376365631	0.406159618358576	8
0.0649824958334699	0.965811901868949	8
-0.0454111055683599	0.406108159138969	108
-0.07794229325279	0.748270130099481	830
0.06887337655863	0.963994768385246	138
0.0668223144935201	0.983497164001226	3664
-0.04522376365631	0.406159618358576	32
-0.04522376365631	0.406159618358576	32
-0.04522376365631	0.406159618358576	32
-0.0454111055683599	0.406108159138969	32
-0.0454111055683599	0.406108159138969	2892
-0.04522376365631	0.406159618358576	224
-0.0454111055683599	0.406108159138969	26
-0.04522376365631	0.406159618358576	178
-0.07491177099641	0.761062662410459	455
-0.0454111055683599	0.406108159138969	108
-0.04522376365631	0.406159618358576	108
-0.0454111055683599	0.406108159138969	830
-0.04522376365631	0.406159618358576	14
-0.04522376365631	0.406159618358576	47
-0.04522376365631	0.406159618358576	47
-0.04522376365631	0.406159618358576	1003
-0.04522376365631	0.406159618358576	1003
-0.04522376365631	0.406159618358576	776
-0.04522376365631	0.406159618358576	577
-0.06555072674751	0.752836446371321	424
-0.06672391556845	0.755139764558434	424
-0.04522376365631	0.406159618358576	408
-0.04522376365631	0.406159618358576	2208
-0.04522376365631	0.406159618358576	2208
-0.04522376365631	0.406159618358576	32
-0.04522376365631	0.406159618358576	32
-0.0454111055683599	0.406108159138969	32
-0.04522376365631	0.406159618358576	32
-0.0454111055683599	0.406108159138969	224
-0.04522376365631	0.406159618358576	224
-0.0501273146083801	0.40572439661199	224
-0.04522376365631	0.406159618358576	613
-0.0501273146083801	0.40572439661199	8
-0.04522376365631	0.406159618358576	8
-0.04522376365631	0.406159618358576	108
-0.04522376365631	0.406159618358576	108
-0.04522376365631	0.406159618358576	830
-0.04522376365631	0.406159618358576	47
-0.04522376365631	0.406159618358576	47
-0.0454111055683599	0.406108159138969	47
0.06262654306135	0.97087596167855	183
-0.0454111055683599	0.406108159138969	93
-0.0793549045361299	0.750532898549476	3664
-0.0501273146083801	0.40572439661199	408
-0.04522376365631	0.406159618358576	408
-0.04522376365631	0.406159618358576	408
-0.0501273146083801	0.40572439661199	263
-0.04522376365631	0.406159618358576	2208
-0.04522376365631	0.406159618358576	2208
-0.0454111055683599	0.406108159138969	32
-0.04522376365631	0.406159618358576	32
-0.0454111055683599	0.406108159138969	32
-0.0501273146083801	0.40572439661199	32
-0.0454111055683599	0.406108159138969	32
-0.04522376365631	0.406159618358576	2892
-0.0454111055683599	0.406108159138969	2892
-0.0454111055683599	0.406108159138969	2854
-0.04522376365631	0.406159618358576	224
0.0661960092799701	0.969695370012245	8
-0.0454111055683599	0.406108159138969	108
-0.0501273146083801	0.40572439661199	108
-0.04522376365631	0.406159618358576	2208
-0.04522376365631	0.406159618358576	2892
-0.04522376365631	0.406159618358576	224
-0.0501273146083801	0.40572439661199	613
-0.0454111055683599	0.406108159138969	26
0.0658585351733401	0.983858903403601	108
0.06185732413273	0.96758690827548	183
0.12162198184149	1.19945051193463	424
-0.0454111055683599	0.406108159138969	408
-0.04522376365631	0.406159618358576	263
-0.0454111055683599	0.406108159138969	263
-0.0454111055683599	0.406108159138969	2207
-0.0454111055683599	0.406108159138969	32
-0.0693202809442	0.7576566965492	32
-0.0454111055683599	0.406108159138969	32
-0.04522376365631	0.406159618358576	275
-0.04522376365631	0.406159618358576	224
-0.0454111055683599	0.406108159138969	224
-0.0454111055683599	0.406108159138969	224
-0.0681459332729899	0.757477944035012	8
0.00556178952013009	1.88142835064244	8
0.0727371858550601	0.962577209907809	108
0.05580806572214	2.41541574662433	14
-0.08283097084014	1.64891046264518	577
-0.0454111055683599	0.406108159138969	32
-0.07231749393078	0.757183848190581	1310
-0.0501273146083801	0.40572439661199	224
-0.0669724935203899	0.755161927952963	26
-0.0996610882575699	1.18204217377115	8
-0.08035626057349	1.59442881760468	455
0.02447827678973	1.42889504009934	8
0.0681224000908001	0.970676525221855	108
0.0656016250762199	0.966504976336147	108
0.07756549860477	2.03912505735032	830
0.0233390455351199	1.39963481065913	14
-0.07491177099641	0.761062662410459	183
-0.0969055845231701	1.18175312361887	577
-0.0454111055683599	0.406108159138969	224
-0.04522376365631	0.406159618358576	224
0.10448512300499	2.4768814030404	1293
-0.0896641051370799	1.17829735828949	108
0.0167967973594201	1.4455791488042	108
0.0931246021136301	1.68287619725622	14
0.07210929455604	0.974287435452963	424
0.06359239912195	0.974321078283253	32
-0.0454111055683599	0.406108159138969	32
-0.09109976327547	1.16336580432799	224
0.0628185656498099	0.966232932996444	8
0.0236327505829701	1.43543574566114	8
0.0687480860549201	0.97707160373534	8
0.0167967973594201	1.4455791488042	178
0.07210929455604	0.974287435452963	8
-0.06555072674751	0.752836446371321	8
0.0336236945894901	1.39105353253371	8
-0.0973952736499	1.65839545267244	8
-0.04522376365631	0.406159618358576	47
-0.11335844775073	1.16781465097655	183
-0.0669724935203899	0.755161927952963	408
-0.06281284079462	0.749911386602174	8
-0.09100906407231	1.17626309687335	108
-0.07373483340545	0.759520768730619	108
-0.10875318952824	1.17072121614545	830
-0.0693202809442	0.7576566965492	14
-0.0501273146083801	0.40572439661199	14
-0.04522376365631	0.406159618358576	408
-0.0501273146083801	0.40572439661199	408
-0.04522376365631	0.406159618358576	224
-0.0454111055683599	0.406108159138969	2845
-0.07049553786231	0.755751724984709	8
-0.0669724935203899	0.755161927952963	108
-0.10374790821983	1.1797411060444	108
-0.06907301713506	0.753429338745028	47
-0.07491177099641	0.761062662410459	47
0.0658585351733401	0.983858903403601	183
-0.0695819856169599	0.753456397420435	183
0.07124949495474	0.969829586643215	577
-0.11059567848266	1.16632298227612	32
-0.04522376365631	0.406159618358576	224
-0.08171490361416	0.755879019504499	224
0.0184113780820501	1.8537098083564	108
-0.09650022894982	1.19363907993218	47
-0.0797147252447099	2.0988747214856	183
-0.0923671398232599	1.66067977628029	424
-0.0752082556493501	0.748101761838019	424
-0.09877080473525	1.16698396253288	8
0.01186786467211	2.19382599494935	8
-0.07491177099641	0.761062662410459	424
0.0645576568381101	0.975681262593783	424
0.07124949495474	0.969829586643215	1310
-0.10201400681115	1.17232884544355	1310
-0.0454111055683599	0.406108159138969	108
-0.0873282077519999	1.65567750210104	183
0.0698402279094099	0.965899692694998	47
-0.0746717748247101	0.757687975137559	1310
0.0262478440979099	1.42295257334124	455
-0.0854992485225501	1.16299796141271	108
-0.0501273146083801	0.40572439661199	14
-0.07373483340545	0.759520768730619	577
-0.0746717748247101	0.757687975137559	1828
-0.0978270151196701	1.18302894844642	424
-0.0894126342789401	2.09379476429121	108
-0.06555072674751	0.752836446371321	47
0.02565723423935	1.43471935058847	408
-0.09017843417031	1.16462737634286	114
-0.04522376365631	0.406159618358576	8
-0.0454111055683599	0.406108159138969	183
-0.0681459332729899	0.757477944035012	1828
-0.04522376365631	0.406159618358576	424
-0.0454111055683599	0.406108159138969	26
-0.04522376365631	0.406159618358576	183
-0.04522376365631	0.406159618358576	183
-0.04522376365631	0.406159618358576	183
-0.07349417803259	0.758718061977533	183
-0.04522376365631	0.406159618358576	3359
-0.06437844413432	0.746436419448748	1828
-0.09650022894982	1.19363907993218	424
-0.06555072674751	0.752836446371321	275
-0.0693202809442	0.7576566965492	8
-0.0832541004404801	1.15746952013123	8
-0.0681459332729899	0.757477944035012	183
-0.07638682911645	0.748421150591113	3359
0.01736206506575	1.44095024275061	870
0.0652319199456199	0.966283912646895	1298
-0.04522376365631	0.406159618358576	1828
-0.07349417803259	0.758718061977533	275
-0.04522376365631	0.406159618358576	379
0.12024398599423	2.21114330529887	14
-0.07491177099641	0.761062662410459	424
-0.08588157274918	1.59929004682768	424
-0.0681459332729899	0.757477944035012	408
-0.06555072674751	0.752836446371321	275
-0.0693202809442	0.7576566965492	275
-0.0978270151196701	1.18302894844642	577
-0.04522376365631	0.406159618358576	1013
0.0574538676073599	2.37379527469298	1298
-0.0454111055683599	0.406108159138969	424
0.01563306931391	1.43033916268032	114
-0.0803017805483299	0.753586690030118	26
-0.04522376365631	0.406159618358576	26
0.09399689082166	1.65907062820511	8
-0.10921095627053	1.15337862952508	108
-0.07373483340545	0.759520768730619	413
-0.04522376365631	0.406159618358576	1013
-0.04522376365631	0.406159618358576	275
-0.04522376365631	0.406159618358576	275
-0.04522376365631	0.406159618358576	26
-0.0501273146083801	0.40572439661199	8
-0.04522376365631	0.406159618358576	57
-0.06789801192182	0.755319680676232	14
-0.0454111055683599	0.406108159138969	1013
-0.04522376365631	0.406159618358576	1013
-0.0693202809442	0.7576566965492	190
0.0689864491939201	0.969956110658622	275
0.10667988774744	1.63554657079555	1293
-0.04522376365631	0.406159618358576	47
0.00596853786844998	1.42117789280398	47
-0.09844055890991	1.64521863153381	190
-0.04522376365631	0.406159618358576	26
-0.04522376365631	0.406159618358576	26
0.07370164205592	0.957991199340762	108
-0.04522376365631	0.406159618358576	14
-0.0454111055683599	0.406108159138969	183
-0.0501273146083801	0.40572439661199	47
-0.04522376365631	0.406159618358576	1013
-0.07349417803259	0.758718061977533	275
-0.06789801192182	0.755319680676232	2953
-0.0693202809442	0.7576566965492	667
0.0193985033427599	1.43741903889187	2820
-0.09650022894982	1.19363907993218	14
0.12176448712802	2.22938219819715	183
-0.0886930788228799	1.6407722769002	183
0.0267842749645999	1.42293197881947	577
0.0656016250762199	0.966504976336147	275
0.0655223168841199	0.975317439128556	47
-0.0761064977200801	2.07634991397582	413
-0.04522376365631	0.406159618358576	275
0.0722094015942401	0.969467161480293	1298
0.0656016250762199	0.966504976336147	108
0.02400028801455	1.40785166995381	1166
0.0259622301944	1.41654628119599	114
0.07210929455604	0.974287435452963	114
-0.04522376365631	0.406159618358576	108
-0.04522376365631	0.406159618358576	1013
-0.0454111055683599	0.406108159138969	413
-0.0808595785598301	1.62812087786704	190
-0.0454111055683599	0.406108159138969	190
-0.07608962166886	0.760023550642785	899
-0.10559197128334	1.17356927559327	1166
-0.0809214765678301	1.13939147323963	114
0.08057154904846	2.013155656044	1633
0.0719391108143499	2.08295787185428	14
-0.10558802806402	1.17488966568662	413
0.09671037371742	1.66109288787245	413
-0.0616404802900501	0.747635014309802	413
0.11046879227342	1.62754835478541	275
0.07124949495474	0.969829586643215	275
-0.08787057947068	1.6528449390207	413
-0.07349417803259	0.758718061977533	190
-0.07231749393078	0.757183848190581	190
0.05524589165945	0.971099161896769	47
0.09824442741366	1.68592938826396	275
0.07307407605491	0.973200620856142	190
-0.0454111055683599	0.406108159138969	506
-0.0501273146083801	0.40572439661199	506
-0.0992544806754401	1.17122885907183	413
-0.0695819856169599	0.753456397420435	2957
-0.06555072674751	0.752836446371321	114
-0.0969342339058901	1.17311291458928	127
-0.0693202809442	0.7576566965492	190
-0.04522376365631	0.406159618358576	1166
-0.04522376365631	0.406159618358576	275
0.07814635415037	2.05201674328132	1633
0.0113780995739201	1.41998482044589	190
-0.06789801192182	0.755319680676232	47
0.07210929455604	0.974287435452963	413
-0.07373483340545	0.759520768730619	1413
0.08424245206223	1.68724485916816	190
-0.09557948035874	1.19234470110764	1166
-0.0861912276421499	1.65433121913898	1293
0.0227867838260201	1.4396724288992	14
0.086593454835	2.01069094498126	275
0.0605591869637201	0.980212345517434	190
-0.0746717748247101	0.757687975137559	114
-0.04522376365631	0.406159618358576	413
0.06908470290744	0.968596470429859	275
-0.04522376365631	0.406159618358576	114
-0.04522376365631	0.406159618358576	108
0.0722094015942401	0.969467161480293	108
-0.0639861075511099	0.750093739397359	108
0.06359239912195	0.974321078283253	14
-0.08733703829764	1.16529667180575	275
0.0681224000908001	0.970676525221855	275
-0.0864903716660499	1.6543005269084	14
-0.0454111055683599	0.406108159138969	47
-0.04522376365631	0.406159618358576	413
-0.06789801192182	0.755319680676232	1413
-0.08595929786627	0.745622609241336	340
0.0550329013659201	0.939917483886233	1166
0.07114391500377	0.973898476935828	275
-0.0501273146083801	0.40572439661199	26
-0.0616404802900501	0.747635014309802	14
-0.0501273146083801	0.40572439661199	14
-0.0693202809442	0.7576566965492	14
-0.0752082556493501	0.748101761838019	1166
-0.04522376365631	0.406159618358576	127
-0.07491177099641	0.761062662410459	108
-0.0841715141216199	1.16121727856494	14
0.0656016250762199	0.966504976336147	14
-0.10058054562758	1.18729097574597	275
-0.0785584913211901	2.09037878036655	2819
-0.04522376365631	0.406159618358576	127
-0.07231749393078	0.757183848190581	14
-0.06555072674751	0.752836446371321	14
-0.04522376365631	0.406159618358576	746
-0.10334214369758	1.18838135316708	340
-0.10017378548457	1.17372844020283	340
-0.04522376365631	0.406159618358576	1166
-0.04522376365631	0.406159618358576	114
-0.0923374580194201	1.17806482383112	26
-0.04522376365631	0.406159618358576	26
-0.0775663187317599	0.744339774477909	108
-0.0454111055683599	0.406108159138969	127
-0.0501273146083801	0.40572439661199	275
-0.04522376365631	0.406159618358576	275
-0.0805344456027799	0.755559929122587	746
-0.04522376365631	0.406159618358576	340
-0.04522376365631	0.406159618358576	127
-0.10426375359187	1.18387977838789	275
-0.0454111055683599	0.406108159138969	26
-0.0501273146083801	0.40572439661199	47
0.00306302406898995	2.26523363499526	275
-0.06672391556845	0.755139764558434	413
0.0167967973594201	1.4455791488042	275
-0.0501273146083801	0.40572439661199	1762
-0.0454111055683599	0.406108159138969	14
-0.0681459332729899	0.757477944035012	47
-0.0711417211845999	0.751312028200316	14
0.0173539439274	1.42319915969204	275
-0.0793549045361299	0.750532898549476	746
-0.04522376365631	0.406159618358576	47
0.07210929455604	0.974287435452963	161
0.05926112655975	0.9721554495193	1166
-0.04522376365631	0.406159618358576	1202
0.0891802981503	1.68298671098005	127
-0.0454111055683599	0.406108159138969	2750
-0.0501273146083801	0.40572439661199	746
-0.0669724935203899	0.755161927952963	746
-0.0693202809442	0.7576566965492	275
-0.0639861075511099	0.750093739397359	275
-0.0928339397907201	1.17027862577894	114
-0.04522376365631	0.406159618358576	565
-0.09598469305047	1.17849635203208	1166
-0.09325641497882	1.17749225134467	127
-0.0454111055683599	0.406108159138969	47
-0.04522376365631	0.406159618358576	1762
-0.10875318952824	1.17072121614545	1166
0.02194037612153	1.44192626267643	127
-0.04522376365631	0.406159618358576	127
-0.0454111055683599	0.406108159138969	127
-0.0454111055683599	0.406108159138969	127
-0.0669724935203899	0.755161927952963	127
-0.04522376365631	0.406159618358576	1435
0.0708064794577601	0.966270157563041	161
0.0656016250762199	0.966504976336147	161
0.0655223168841199	0.975317439128556	161
0.0708064794577601	0.966270157563041	1166
0.0225029606057301	1.4383064409583	114
0.0208237738113899	1.83840287234987	127
-0.06555072674751	0.752836446371321	57
0.0674498466578	0.969013878554601	14
-0.0791215786258901	0.753267407814952	161
-0.0974215164396299	1.19303792723712	114
-0.0854992485225501	1.16299796141271	127
-0.0454111055683599	0.406108159138969	637
-0.0669724935203899	0.755161927952963	746
0.0502527507244701	0.948111225952628	275
-0.07608962166886	0.760023550642785	161
0.05491199356885	0.960445178580078	275
0.0236271350463799	1.4236450010771	114
0.0270923690415401	1.42173010321915	14
-0.0681459332729899	0.757477944035012	14
0.0179908790360299	1.4224417819327	47
-0.10201400681115	1.17232884544355	275
-0.0693202809442	0.7576566965492	161
0.07114391500377	0.973898476935828	275
0.07210929455604	0.974287435452963	114
-0.09284614156796	1.17316364205454	108
-0.0454111055683599	0.406108159138969	14
-0.0942527621104801	1.1760323190734	465
0.0586331390302399	0.976701674091964	161
0.07124949495474	0.969829586643215	114
-0.0912154187054399	1.65346255640003	127
-0.0864787148923501	1.61003332259078	573
0.0771634080611701	0.960818859253144	127
-0.09615622353194	1.61441557423856	127
-0.06672391556845	0.755139764558434	542
-0.07373483340545	0.759520768730619	14
-0.0669724935203899	0.755161927952963	14
-0.06555072674751	0.752836446371321	14
-0.0781240591124499	2.10313213102717	14
0.0687480860549201	0.97707160373534	2201
-0.0454111055683599	0.406108159138969	114
-0.06672391556845	0.755139764558434	114
0.0668223144935201	0.983497164001226	127
0.0699478339375601	0.971308925372225	127
0.0655223168841199	0.975317439128556	127
-0.0746717748247101	0.757687975137559	161
0.06778549789713	0.981364424528038	275
-0.0711417211845999	0.751312028200316	275
0.0637792145309899	0.962658657538999	114
-0.0657999603608601	0.748722663220006	535
-0.1010203853559	1.15887705215029	275
-0.0695819856169599	0.753456397420435	961
-0.06555072674751	0.752836446371321	127
0.0538233891492499	2.07741640583735	127
0.0287642870039799	1.41985317760303	57
-0.07794229325279	0.748270130099481	57
-0.09557948035874	1.19234470110764	47
-0.0454111055683599	0.406108159138969	14
-0.04522376365631	0.406159618358576	2241
-0.0454111055683599	0.406108159138969	2241
-0.0454111055683599	0.406108159138969	3062
-0.0746717748247101	0.757687975137559	127
-0.07794229325279	0.748270130099481	127
-0.0693202809442	0.7576566965492	127
-0.04522376365631	0.406159618358576	108
-0.0454111055683599	0.406108159138969	108
-0.04522376365631	0.406159618358576	108
-0.06789801192182	0.755319680676232	506
-0.04522376365631	0.406159618358576	127
-0.04522376365631	0.406159618358576	127
-0.0805344456027799	0.755559929122587	127
-0.0454111055683599	0.406108159138969	127
-0.04522376365631	0.406159618358576	57
-0.06789801192182	0.755319680676232	57
-0.04522376365631	0.406159618358576	14
-0.0501273146083801	0.40572439661199	14
-0.0454111055683599	0.406108159138969	47
-0.0693202809442	0.7576566965492	14
-0.04522376365631	0.406159618358576	14
-0.04522376365631	0.406159618358576	14
-0.0501273146083801	0.40572439661199	14
-0.0501273146083801	0.40572439661199	882
-0.0681459332729899	0.757477944035012	14
-0.0454111055683599	0.406108159138969	14
-0.04522376365631	0.406159618358576	275
-0.0454111055683599	0.406108159138969	275
-0.04522376365631	0.406159618358576	161
-0.04522376365631	0.406159618358576	161
-0.04522376365631	0.406159618358576	161
-0.04522376365631	0.406159618358576	3062
-0.0454111055683599	0.406108159138969	275
-0.0454111055683599	0.406108159138969	275
-0.04522376365631	0.406159618358576	275
-0.0454111055683599	0.406108159138969	275
-0.04522376365631	0.406159618358576	275
-0.0501273146083801	0.40572439661199	114
-0.04522376365631	0.406159618358576	127
0.09934577647061	1.67331970854207	1214
0.0254028795838599	1.42254091992518	161
-0.07491177099641	0.761062662410459	161
0.0717721318809099	0.965197303659136	114
-0.0887437175816701	1.17444839021317	127
-0.06672391556845	0.755139764558434	14
-0.08593506696427	1.62864746723371	14
-0.0454111055683599	0.406108159138969	14
-0.00541665667166003	1.88898470714708	127
0.11302329769901	2.23122742492243	57
-0.04522376365631	0.406159618358576	14
-0.04522376365631	0.406159618358576	14
0.0248453722205	1.4082370080113	127
-0.0915064971292301	1.18063614088228	127
-0.0454111055683599	0.406108159138969	929
-0.0501273146083801	0.40572439661199	57
-0.0996610882575699	1.18204217377115	57
-0.07373483340545	0.759520768730619	14
-0.04522376365631	0.406159618358576	957
-0.07349417803259	0.758718061977533	161
-0.06672391556845	0.755139764558434	161
-0.07608962166886	0.760023550642785	14
0.08589995587223	1.6847259612834	14
-0.0883373927586599	1.16233330194489	161
-0.0501273146083801	0.40572439661199	2928
-0.0669724935203899	0.755161927952963	2928
0.01594762982822	1.44496000561544	14
-0.06789801192182	0.755319680676232	961
-0.0454111055683599	0.406108159138969	57
-0.0454111055683599	0.406108159138969	1421
-0.0775663187317599	0.744339774477909	161
-0.0805344456027799	0.755559929122587	127
0.02165579257867	1.43685636477624	127
0.0699478339375601	0.971308925372225	161
-0.04522376365631	0.406159618358576	195
-0.08171490361416	0.755879019504499	127
-0.0672312017801899	0.746143098074776	1421
-0.07945327892773	1.62231116930056	14
-0.04522376365631	0.406159618358576	14
-0.07231749393078	0.757183848190581	161
-0.0915064971292301	1.18063614088228	57
-0.04522376365631	0.406159618358576	57
-0.07491177099641	0.761062662410459	14
-0.06672391556845	0.755139764558434	14
-0.06672391556845	0.755139764558434	161
0.0242840551990999	1.81777783724434	542
-0.04522376365631	0.406159618358576	14
0.0230674082751301	1.41565061010119	14
0.09293988190723	1.68615806491539	14
-0.0968032036356401	1.65031851394339	161
-0.0854992485225501	1.16299796141271	195
0.07114391500377	0.973898476935828	127
0.0889960139161601	1.68866430162254	127
-0.08289627991657	0.751708259222083	14
-0.0454111055683599	0.406108159138969	882
0.06778549789713	0.981364424528038	14
0.06022414817685	0.970792577340226	275
-0.0454111055683599	0.406108159138969	161
0.07210929455604	0.974287435452963	161
-0.0454111055683599	0.406108159138969	127
0.0668223144935201	0.983497164001226	127
-0.04522376365631	0.406159618358576	14
-0.0924285027020599	1.17931803213849	161
-0.07491177099641	0.761062662410459	161
0.11506855662237	2.22712014783592	127
-0.07373483340545	0.759520768730619	14
-0.0669724935203899	0.755161927952963	161
-0.07608962166886	0.760023550642785	161
0.0259382993316	1.42514621188819	161
-0.076259413424	2.06474832972878	127
-0.07193641502884	0.747430221798035	161
-0.0746717748247101	0.757687975137559	195
0.05926112655975	0.9721554495193	195
0.0956320514356099	1.65817716223857	14
-0.0862380618280201	1.62716743447014	14
-0.07049553786231	0.755751724984709	161
0.0668223144935201	0.983497164001226	161
-0.06555072674751	0.752836446371321	127
-0.0693202809442	0.7576566965492	127
-0.07231749393078	0.757183848190581	14
-0.0454111055683599	0.406108159138969	161
0.07307407605491	0.973200620856142	161
-0.0454111055683599	0.406108159138969	161
0.0615213190075601	0.97882904730854	127
-0.0746717748247101	0.757687975137559	14
-0.04522376365631	0.406159618358576	161
-0.0454111055683599	0.406108159138969	2903
-0.07193641502884	0.747430221798035	161
-0.04522376365631	0.406159618358576	57
-0.04522376365631	0.406159618358576	14
-0.07349417803259	0.758718061977533	14
0.0790852853900399	0.953648211634204	161
-0.04522376365631	0.406159618358576	161
-0.04522376365631	0.406159618358576	161
-0.0501273146083801	0.40572439661199	161
-0.0454111055683599	0.406108159138969	195
-0.0669724935203899	0.755161927952963	14
-0.0454111055683599	0.406108159138969	1552
-0.0501273146083801	0.40572439661199	1186
-0.04522376365631	0.406159618358576	161
-0.06789801192182	0.755319680676232	161
-0.04522376365631	0.406159618358576	161
-0.04522376365631	0.406159618358576	754
-0.04522376365631	0.406159618358576	754
-0.04522376365631	0.406159618358576	754
-0.04522376365631	0.406159618358576	195
-0.0454111055683599	0.406108159138969	195
-0.04522376365631	0.406159618358576	3497
-0.04522376365631	0.406159618358576	707
-0.04522376365631	0.406159618358576	57
-0.0454111055683599	0.406108159138969	57
-0.04522376365631	0.406159618358576	57
-0.0616404802900501	0.747635014309802	57
-0.0454111055683599	0.406108159138969	14
-0.0454111055683599	0.406108159138969	1186
-0.04522376365631	0.406159618358576	1186
-0.0454111055683599	0.406108159138969	1186
-0.0501273146083801	0.40572439661199	789
-0.0454111055683599	0.406108159138969	161
-0.04522376365631	0.406159618358576	3
-0.04522376365631	0.406159618358576	3
-0.04522376365631	0.406159618358576	161
-0.04522376365631	0.406159618358576	161
-0.0454111055683599	0.406108159138969	161
-0.04522376365631	0.406159618358576	195
-0.0707587439584601	0.752445452911296	127
-0.04522376365631	0.406159618358576	707
-0.07373483340545	0.759520768730619	57
-0.0501273146083801	0.40572439661199	14
-0.04522376365631	0.406159618358576	57
-0.04522376365631	0.406159618358576	1186
-0.0454111055683599	0.406108159138969	789
-0.04522376365631	0.406159618358576	1477
-0.0454111055683599	0.406108159138969	3417
-0.04522376365631	0.406159618358576	161
-0.0501273146083801	0.40572439661199	161
-0.04522376365631	0.406159618358576	161
-0.0454111055683599	0.406108159138969	195
-0.04522376365631	0.406159618358576	3497
-0.0681459332729899	0.757477944035012	3497
-0.04522376365631	0.406159618358576	3497
0.0668223144935201	0.983497164001226	57
-0.04522376365631	0.406159618358576	57
-0.0454111055683599	0.406108159138969	14
-0.0454111055683599	0.406108159138969	14
-0.0501273146083801	0.40572439661199	161
-0.04522376365631	0.406159618358576	161
-0.04522376365631	0.406159618358576	3417
-0.04522376365631	0.406159618358576	161
-0.0454111055683599	0.406108159138969	127
-0.07608962166886	0.760023550642785	127
-0.0454111055683599	0.406108159138969	3497
-0.0501273146083801	0.40572439661199	3653
-0.04522376365631	0.406159618358576	334
-0.0454111055683599	0.406108159138969	246
-0.04522376365631	0.406159618358576	246
-0.0501273146083801	0.40572439661199	14
-0.0454111055683599	0.406108159138969	14
-0.0454111055683599	0.406108159138969	1186
-0.10466966986077	1.17795698850746	1186
-0.04522376365631	0.406159618358576	789
-0.0454111055683599	0.406108159138969	161
-0.04522376365631	0.406159618358576	161
-0.0454111055683599	0.406108159138969	3
-0.04522376365631	0.406159618358576	195
-0.04522376365631	0.406159618358576	195
-0.04522376365631	0.406159618358576	195
-0.04522376365631	0.406159618358576	195
-0.0454111055683599	0.406108159138969	195
-0.04522376365631	0.406159618358576	127
-0.07373483340545	0.759520768730619	127
-0.04522376365631	0.406159618358576	57
-0.0454111055683599	0.406108159138969	334
-0.04522376365631	0.406159618358576	14
-0.0454111055683599	0.406108159138969	57
0.0628185656498099	0.966232932996444	14
-0.06555072674751	0.752836446371321	1445
-0.04522376365631	0.406159618358576	161
-0.04522376365631	0.406159618358576	3
-0.04522376365631	0.406159618358576	161
-0.04522376365631	0.406159618358576	161
-0.04522376365631	0.406159618358576	195
-0.0454111055683599	0.406108159138969	195
-0.0501273146083801	0.40572439661199	195
-0.04522376365631	0.406159618358576	195
-0.06789801192182	0.755319680676232	127
-0.0454111055683599	0.406108159138969	987
-0.04522376365631	0.406159618358576	127
-0.0454111055683599	0.406108159138969	1943
-0.07349417803259	0.758718061977533	1186
-0.0501273146083801	0.40572439661199	14
-0.04522376365631	0.406159618358576	161
-0.0501273146083801	0.40572439661199	161
-0.04522376365631	0.406159618358576	161
-0.0454111055683599	0.406108159138969	195
-0.0454111055683599	0.406108159138969	2297
-0.0681459332729899	0.757477944035012	127
-0.04522376365631	0.406159618358576	57
-0.0811559995939	1.64817084410275	57
-0.0454111055683599	0.406108159138969	57
0.07244770312242	0.961306132364751	57
0.0599330605277	0.964208778322961	14
-0.0454111055683599	0.406108159138969	3
-0.0454111055683599	0.406108159138969	161
-0.0454111055683599	0.406108159138969	195
-0.0454111055683599	0.406108159138969	2297
-0.07373483340545	0.759520768730619	920
-0.09701457462129	1.17421240697303	127
-0.04522376365631	0.406159618358576	127
-0.0454111055683599	0.406108159138969	57
-0.06789801192182	0.755319680676232	57
-0.04522376365631	0.406159618358576	246
-0.0454111055683599	0.406108159138969	938
-0.04522376365631	0.406159618358576	14
-0.04522376365631	0.406159618358576	14
-0.0454111055683599	0.406108159138969	789
-0.0454111055683599	0.406108159138969	3
-0.04522376365631	0.406159618358576	3
-0.04522376365631	0.406159618358576	3177
-0.04522376365631	0.406159618358576	161
-0.0454111055683599	0.406108159138969	161
-0.04522376365631	0.406159618358576	2297
-0.0454111055683599	0.406108159138969	195
-0.07049553786231	0.755751724984709	824
-0.0501273146083801	0.40572439661199	57
-0.0746717748247101	0.757687975137559	127
0.07124949495474	0.969829586643215	334
-0.04522376365631	0.406159618358576	334
-0.04522376365631	0.406159618358576	938
-0.07349417803259	0.758718061977533	14
-0.07491177099641	0.761062662410459	161
-0.0454111055683599	0.406108159138969	161
-0.04522376365631	0.406159618358576	3177
-0.04522376365631	0.406159618358576	3177
-0.0501273146083801	0.40572439661199	3177
-0.04522376365631	0.406159618358576	1947
0.0586331390302399	0.976701674091964	824
-0.0501273146083801	0.40572439661199	127
-0.06907301713506	0.753429338745028	127
-0.0454111055683599	0.406108159138969	334
-0.04522376365631	0.406159618358576	334
-0.04522376365631	0.406159618358576	334
-0.0501273146083801	0.40572439661199	1776
-0.07231749393078	0.757183848190581	14
0.0648941592652399	0.982457596208955	161
-0.0454111055683599	0.406108159138969	161
-0.0454111055683599	0.406108159138969	195
-0.04522376365631	0.406159618358576	1947
-0.0501273146083801	0.40572439661199	2297
-0.0454111055683599	0.406108159138969	1516
-0.04522376365631	0.406159618358576	920
0.0762015790927999	0.961886959014451	195
-0.0978270151196701	1.18302894844642	57
0.0699478339375601	0.971308925372225	57
-0.07255880756041	0.753613125904852	14
-0.07231749393078	0.757183848190581	14
-0.06907301713506	0.753429338745028	14
0.0656016250762199	0.966504976336147	14
-0.04522376365631	0.406159618358576	3
-0.0681459332729899	0.757477944035012	195
-0.10150054028111	1.18985713872001	127
-0.0501273146083801	0.40572439661199	3177
-0.07231749393078	0.757183848190581	3177
0.0636828088963901	0.967267315062342	1947
-0.07403059698877	0.743168419721827	1947
-0.09642682322121	1.17201685304555	195
-0.09918135232443	1.17311294993891	920
0.0230713867402601	1.41405120395671	57
0.00992939060475995	1.84212367054725	1776
-0.06810097205237	2.080658558909	14
-0.08227915798304	1.63273884315985	195
0.000878768389289908	1.8870244574906	377
0.06837024201589	2.04773306113213	14
0.0120890313555	1.88117933373612	14
-0.0746717748247101	0.757687975137559	3
-0.0805344456027799	0.755559929122587	14
0.0109197709814299	2.22682365254045	137
0.0116622936140101	1.4426072679082	3
0.07307407605491	0.973200620856142	57
-0.0501273146083801	0.40572439661199	57
-0.0909376266516	1.65591796064951	14
0.0605591869637201	0.980212345517434	137
-0.04522376365631	0.406159618358576	2007
0.0664863799331601	0.973221895854537	195
-0.0870439503312701	1.60560556611556	195
0.12473346545408	2.17424883702669	127
-0.0454111055683599	0.406108159138969	2073
0.0645576568381101	0.975681262593783	14
-0.04522376365631	0.406159618358576	2007
-0.0454111055683599	0.406108159138969	14
-0.04522376365631	0.406159618358576	14
-0.04522376365631	0.406159618358576	14
0.0284967644633001	1.41781007556622	195
0.0722094015942401	0.969467161480293	195
-0.09375662112926	1.16900185402548	137
-0.09557948035874	1.19234470110764	137
-0.0711417211845999	0.751312028200316	1921
-0.0657999603608601	0.748722663220006	14
-0.0816955097171299	1.6285057291499	3
0.03994448712486	2.44235134719738	427
-0.07491177099641	0.761062662410459	1043
-0.0639861075511099	0.750093739397359	137
-0.00413023119397993	2.23513121163897	2018
-0.04522376365631	0.406159618358576	2588
-0.06281284079462	0.749911386602174	137
-0.06672391556845	0.755139764558434	127
0.06908470290744	0.968596470429859	2588
-0.07231749393078	0.757183848190581	2588
0.0699478339375601	0.971308925372225	3
0.0717721318809099	0.965197303659136	57
-0.07349417803259	0.758718061977533	2588
0.0684127177290199	0.960296674359816	137
-0.0501273146083801	0.40572439661199	57
-0.0454111055683599	0.406108159138969	57
0.0250918827878299	1.42554686395087	14
-0.0946592701003199	1.18902250169928	259
0.0698402279094099	0.965899692694998	137
0.0718688253178801	0.968860626085677	8
-0.04522376365631	0.406159618358576	14
0.07869565651713	2.06869886728564	14
0.06778549789713	0.981364424528038	627
0.0602805977454901	0.956269465427265	568
0.0753432235488201	0.950732967861992	432
0.0284967644633001	1.41781007556622	2119
-0.0669724935203899	0.755161927952963	3489
-0.07255880756041	0.753613125904852	123
-0.0864903716660499	1.6543005269084	14
-0.09874898540729	1.1824531325729	137
0.0698402279094099	0.965899692694998	137
0.0698402279094099	0.965899692694998	137
0.00373478775223002	2.26952877481938	432
-0.10334214369758	1.18838135316708	14
0.0136855234539599	1.42717664686975	137
0.01047491385755	1.88630462018165	3252
-0.0693202809442	0.7576566965492	432
-0.06672391556845	0.755139764558434	427
0.0755815353717	0.958159725009576	14
-0.10017378548457	1.17372844020283	137
-0.07167170535838	0.750034484854258	568
-0.0905011521407899	1.17355087998643	137
0.01251332777414	1.44219914234341	195
-0.0852342281043601	2.09572083300033	3252
-0.04522376365631	0.406159618358576	259
0.0624828573262901	0.975155730595229	137
0.0664799236317599	2.07763201831893	427
-0.0711417211845999	0.751312028200316	14
-0.0681459332729899	0.757477944035012	14
0.09293988190723	1.68615806491539	3252
0.07210929455604	0.974287435452963	14
-0.10599349062576	1.15482214678377	127
-0.07491177099641	0.761062662410459	427
-0.06587659161374	2.43379812692237	259
0.0248453722205	1.4082370080113	14
-0.04522376365631	0.406159618358576	14
-0.0942527621104801	1.1760323190734	14
-0.10327521311839	1.16601127874981	391
0.01736206506575	1.44095024275061	137
0.0689864491939201	0.969956110658622	57
0.0711898574304199	2.08134839583341	14
-0.0669724935203899	0.755161927952963	259
-0.04522376365631	0.406159618358576	259
0.06778549789713	0.981364424528038	14
0.0751595512093799	2.03320339358103	432
0.01849380228367	1.44061906438909	57
-0.08422870684568	1.64612662789379	259
-0.0639861075511099	0.750093739397359	259
-0.0681459332729899	0.757477944035012	14
-0.0454111055683599	0.406108159138969	259
-0.0454111055683599	0.406108159138969	14
0.0982963454149199	1.66241779004001	137
0.03250106858034	1.4155687171471	137
-0.0693202809442	0.7576566965492	57
-0.07726838676269	0.754898338581045	137
0.0129031990427799	1.88095243044893	427
-0.09874898540729	1.1824531325729	259
-0.0832541004404801	1.15746952013123	259
0.0655223168841199	0.975317439128556	14
0.01274522624534	1.87099435502365	137
0.01849380228367	1.44061906438909	137
0.0898156981679401	1.68714158527139	432
-0.09099019862131	1.16797103544758	259
-0.0746717748247101	0.757687975137559	527
0.0941273177790201	1.64429903344947	427
0.0333446122148	1.41267888760548	14
-0.0887437175816701	1.17444839021317	2466
-0.09598469305047	1.17849635203208	137
-0.07231749393078	0.757183848190581	137
0.01962748700549	1.42027059366265	3
0.05959646052741	0.979591025341428	228
0.06778549789713	0.981364424528038	137
-0.07386776355249	2.07991841834988	2504
0.0247610568961201	1.41662820914588	123
0.06022414817685	0.970792577340226	14
-0.10282668579318	1.17937643768039	14
-0.0454111055683599	0.406108159138969	8
0.0717721318809099	0.965197303659136	803
-0.0791889947200899	1.62187122544467	123
-0.0978270151196701	1.18302894844642	137
-0.07491177099641	0.761062662410459	3
-0.06281284079462	0.749911386602174	228
0.0782121695047899	0.94434920569622	152
-0.08171490361416	0.755879019504499	137
-0.0454111055683599	0.406108159138969	8
0.02163942851187	1.42752744501713	228
0.1086060279375	1.64494516682482	228
0.0273779882699201	1.39957610303928	314
-0.0704071554641901	2.08449660894286	14
0.0784661770552	0.959349239693854	14
-0.0454111055683599	0.406108159138969	8
-0.10098585631735	1.17171795076928	57
-0.0845811580785201	1.15924221054677	1362
-0.06789801192182	0.755319680676232	57
-0.04522376365631	0.406159618358576	427
-0.0681459332729899	0.757477944035012	427
-0.07349417803259	0.758718061977533	119
-0.07491177099641	0.761062662410459	14
-0.08148290036555	0.749444568565044	14
-0.0454111055683599	0.406108159138969	137
-0.04522376365631	0.406159618358576	2258
-0.0896641051370799	1.17829735828949	193
-0.0454111055683599	0.406108159138969	427
-0.0669724935203899	0.755161927952963	803
-0.0501273146083801	0.40572439661199	803
-0.04522376365631	0.406159618358576	119
-0.04522376365631	0.406159618358576	1614
-0.04522376365631	0.406159618358576	1362
-0.0454111055683599	0.406108159138969	57
-0.04522376365631	0.406159618358576	1020
-0.0454111055683599	0.406108159138969	163
-0.04522376365631	0.406159618358576	163
-0.04522376365631	0.406159618358576	163
-0.04522376365631	0.406159618358576	8
-0.04522376365631	0.406159618358576	314
-0.07349417803259	0.758718061977533	1261
-0.07491177099641	0.761062662410459	57
-0.07491177099641	0.761062662410459	14
0.0709086257571501	0.970946310477819	163
-0.0501273146083801	0.40572439661199	163
-0.0693202809442	0.7576566965492	163
0.0615213190075601	0.97882904730854	228
0.0648941592652399	0.982457596208955	123
-0.10610014802669	1.16520444018086	14
-0.0978522515992399	1.17134176069934	57
0.0968475634205599	1.66898192960411	427
-0.08925764418712	1.16428440589755	137
-0.0651602818841499	0.748234362154385	427
0.0611865749798	0.967189766533588	427
-0.10058054562758	1.18729097574597	427
0.0658585351733401	0.983858903403601	137
-0.07349417803259	0.758718061977533	85
-0.0864903716660499	1.6543005269084	163
-0.04522376365631	0.406159618358576	427
-0.0805344456027799	0.755559929122587	427
-0.0693202809442	0.7576566965492	1174
-0.0883373927586599	1.16233330194489	14
-0.07255880756041	0.753613125904852	427
-0.06708707422783	2.03745756203769	427
0.0227867838260201	1.4396724288992	427
-0.0681459332729899	0.757477944035012	1174
-0.0883373927586599	1.16233330194489	226
-0.07349417803259	0.758718061977533	85
-0.07167170535838	0.750034484854258	226
0.1074349495643	1.63043350580532	163
-0.10286465430068	1.163454322332	163
-0.07373483340545	0.759520768730619	228
-0.08692696935791	1.16224584779921	226
0.0713940713437999	2.06077345687725	119
-0.08536946726484	1.61405673500434	57
0.06022414817685	0.970792577340226	14
0.05926112655975	0.9721554495193	137
-0.0693202809442	0.7576566965492	137
-0.0974215164396299	1.19303792723712	163
-0.07373483340545	0.759520768730619	163
-0.09099019862131	1.16797103544758	163
0.0615213190075601	0.97882904730854	228
-0.0681459332729899	0.757477944035012	427
-0.0681459332729899	0.757477944035012	163
-0.0693202809442	0.7576566965492	228
-0.0896641051370799	1.17829735828949	228
0.0726761186901099	2.04718176997504	14
-0.0681459332729899	0.757477944035012	137
-0.04522376365631	0.406159618358576	137
-0.0681459332729899	0.757477944035012	137
-0.06555072674751	0.752836446371321	137
-0.08855093151988	0.745090112671707	226
-0.0669724935203899	0.755161927952963	137
-0.0695819856169599	0.753456397420435	1373
0.03250106858034	1.4155687171471	228
0.07244770312242	0.961306132364751	427
-0.0896641051370799	1.17829735828949	137
-0.06281284079462	0.749911386602174	137
-0.0454111055683599	0.406108159138969	163
-0.10282668579318	1.17937643768039	57
-0.0937395976086799	1.18313028974724	137
0.01707526424142	1.4368017611509	228
-0.0693202809442	0.7576566965492	57
0.0120890313555	1.88117933373612	427
-0.07943795036415	1.60342310332947	119
-0.0746717748247101	0.757687975137559	137
-0.0454111055683599	0.406108159138969	137
0.00116947724407002	2.24241361507316	692
-0.07608962166886	0.760023550642785	85
0.0734122097485901	0.961670107321016	57
-0.0693202809442	0.7576566965492	137
0.06022414817685	0.970792577340226	692
0.06778549789713	0.981364424528038	137
-0.0791215786258901	0.753267407814952	137
-0.0941833878804501	1.16513821847828	163
-0.0501273146083801	0.40572439661199	427
-0.06555072674751	0.752836446371321	2821
-0.0651602818841499	0.748234362154385	2304
-0.0874176793185399	1.15859154830067	163
-0.07491177099641	0.761062662410459	163
-0.0973444642785299	1.17452525511356	427
-0.04522376365631	0.406159618358576	137
0.0968475634205599	1.66898192960411	228
-0.0608286047181801	2.44071792488834	57
0.07114391500377	0.973898476935828	505
-0.08422870684568	1.64612662789379	590
0.06778549789713	0.981364424528038	137
-0.0791215786258901	0.753267407814952	137
-0.0850894631266299	1.16317055501255	163
-0.07349417803259	0.758718061977533	163
-0.10058054562758	1.18729097574597	57
0.0605591869637201	0.980212345517434	226
-0.0454111055683599	0.406108159138969	137
-0.0693202809442	0.7576566965492	137
0.0110961394800799	1.42718127552955	228
0.0734122097485901	0.961670107321016	57
0.0931246021136301	1.68287619725622	1394
-0.0941759087024501	1.17495653327602	228
0.0912720649757599	1.67735413206066	137
-0.0825829115500301	1.63535418290893	137
0.0827843954337899	1.68684247002068	137
-0.09557948035874	1.19234470110764	137
-0.09100906407231	1.17626309687335	427
0.0116622936140101	1.4426072679082	133
-0.06555072674751	0.752836446371321	14
-0.10282668579318	1.17937643768039	137
0.0668223144935201	0.983497164001226	137
-0.0946798437307399	1.1659299787002	57
0.02221992132623	1.41236255599749	228
-0.07373483340545	0.759520768730619	1577
-0.07491177099641	0.761062662410459	133
-0.07328174960275	1.58306319183923	133
0.07210929455604	0.974287435452963	1394
-0.0639861075511099	0.750093739397359	427
-0.0923374580194201	1.17806482383112	427
-0.0974215164396299	1.19303792723712	1394
-0.0669724935203899	0.755161927952963	505
0.0167967973594201	1.4455791488042	137
-0.09505428355932	1.12575195813796	137
-0.0791215786258901	0.753267407814952	14
-0.06471262943865	2.02516178190134	133
-0.0764164707157999	1.60269047546899	57
0.0698402279094099	0.965899692694998	137
-0.0959606670542901	1.65367070715623	505
0.0187772925372001	1.41081471519503	590
0.10186129786466	1.65189545597382	14
-0.10650723116783	1.17932975032016	57
-0.06281284079462	0.749911386602174	137
-0.0874176793185399	1.15859154830067	449
-0.0681459332729899	0.757477944035012	1427
-0.0454111055683599	0.406108159138969	137
-0.04522376365631	0.406159618358576	2873
0.07124949495474	0.969829586643215	107
-0.0454111055683599	0.406108159138969	1427
-0.04522376365631	0.406159618358576	1427
-0.06840613866815	0.751938577957193	137
-0.07349417803259	0.758718061977533	2312
-0.07255880756041	0.753613125904852	14
-0.0501273146083801	0.40572439661199	1140
-0.0454111055683599	0.406108159138969	1591
-0.0973952736499	1.65839545267244	449
-0.04522376365631	0.406159618358576	1140
-0.0454111055683599	0.406108159138969	137
-0.09320760925529	1.6588172403192	449
-0.0021966819141499	1.86918893813382	133
-0.0887437175816701	1.17444839021317	505
-0.07491177099641	0.761062662410459	763
-0.0909376266516	1.65591796064951	14
0.0193985033427599	1.43741903889187	1394
-0.08150090136092	2.09109179933595	2312
-0.04522376365631	0.406159618358576	763
-0.0800058399071999	1.13750683565601	763
0.08442682631899	1.68358421618446	1394
0.0165038081234501	1.42584284697449	1394
0.06949909064573	2.09100700606096	345
-0.06281284079462	0.749911386602174	1376
-0.0669724935203899	0.755161927952963	505
0.10173334764699	1.65855178478194	1394
0.0162334025778099	1.42901649452399	137
-0.04522376365631	0.406159618358576	57
-0.07608962166886	0.760023550642785	1376
-0.0454111055683599	0.406108159138969	505
-0.04522376365631	0.406159618358576	505
-0.06907301713506	0.753429338745028	763
0.00824377277225996	1.43428729654127	1394
-0.0064703847271701	1.3946242176712	812
-0.0454111055683599	0.406108159138969	57
-0.0693202809442	0.7576566965492	14
-0.0831152104355299	1.63312254514096	1394
0.07672133328429	2.04009408537087	133
-0.07794229325279	0.748270130099481	3166
-0.04522376365631	0.406159618358576	3166
-0.0693202809442	0.7576566965492	1376
-0.0875804122945501	1.64761051987243	505
-0.0501273146083801	0.40572439661199	345
-0.0990368264019701	1.64376532166045	1376
-0.08171490361416	0.755879019504499	1394
-0.07231749393078	0.757183848190581	505
-0.0746717748247101	0.757687975137559	763
-0.07373483340545	0.759520768730619	14
-0.0734395005827	2.09740135003847	14
-0.0454111055683599	0.406108159138969	14
0.0732535639301399	2.05319472840543	505
-0.04522376365631	0.406159618358576	1821
0.09375842634967	1.68572354490936	14
-0.0454111055683599	0.406108159138969	345
-0.0501273146083801	0.40572439661199	345
-0.04522376365631	0.406159618358576	812
-0.04522376365631	0.406159618358576	14
-0.09325641497882	1.17749225134467	345
-0.04522376365631	0.406159618358576	345
0.0664863799331601	0.973221895854537	14
-0.07167170535838	0.750034484854258	57
0.00653754507959992	1.43512227052214	906
0.05926112655975	0.9721554495193	14
-0.0841715141216199	1.16121727856494	14
0.0648941592652399	0.982457596208955	14
0.0671595024381599	0.971040289110175	1084
0.0664863799331601	0.973221895854537	274
-0.0832253894698301	0.737890358466825	137
-0.0850659909735201	1.64955644055704	812
-0.0746717748247101	0.757687975137559	57
-0.07608962166886	0.760023550642785	14
-0.0992544806754401	1.17122885907183	137
-0.04522376365631	0.406159618358576	137
-0.0854992485225501	1.16299796141271	274
0.0771634080611701	0.960818859253144	3247
-0.0454111055683599	0.406108159138969	14
-0.04522376365631	0.406159618358576	1394
-0.0501273146083801	0.40572439661199	14
-0.06672391556845	0.755139764558434	107
-0.0454111055683599	0.406108159138969	14
0.0985291845320599	1.67654753519513	14
0.0661960092799701	0.969695370012245	674
-0.07491177099641	0.761062662410459	1800
-0.07632585974539	2.04760529804073	57
0.0611865749798	0.967189766533588	14
-0.0669724935203899	0.755161927952963	14
-0.0769654241167701	2.0919215237288	107
0.0699478339375601	0.971308925372225	14
0.05402629796456	2.42642363769913	57
0.0753432235488201	0.950732967861992	274
-0.10058054562758	1.18729097574597	1800
-0.06555072674751	0.752836446371321	57
-0.0861860201546401	0.744123340429801	14
-0.07608962166886	0.760023550642785	274
-0.0693202809442	0.7576566965492	274
-0.0681459332729899	0.757477944035012	274
-0.09650022894982	1.19363907993218	107
0.0586331390302399	0.976701674091964	14
-0.06672391556845	0.755139764558434	14
0.0658585351733401	0.983858903403601	57
-0.0639861075511099	0.750093739397359	14
-0.0501273146083801	0.40572439661199	14
-0.0501273146083801	0.40572439661199	14
0.12123187505041	2.2176650030629	14
-0.04522376365631	0.406159618358576	107
-0.07049553786231	0.755751724984709	14
-0.0501273146083801	0.40572439661199	14
0.02503744072192	1.39211332119657	274
0.00719023061341995	1.85540188811957	14
0.0664863799331601	0.973221895854537	57
-0.0501273146083801	0.40572439661199	14
-0.08090940093114	1.62639687803942	274
-0.0454111055683599	0.406108159138969	17
0.0728284332843201	0.964673056895441	323
0.0182036353166299	1.4180792994065	14
-0.0454111055683599	0.406108159138969	14
0.0671595024381599	0.971040289110175	14
-0.0973952736499	1.65839545267244	674
0.02051046455945	1.43623328609096	274
0.0583652388049301	0.959489576018404	14
0.0931246021136301	1.68287619725622	57
-0.07794229325279	0.748270130099481	14
-0.09017843417031	1.16462737634286	274
-0.06046902471553	0.74131826500725	14
-0.0711417211845999	0.751312028200316	1308
0.0718688253178801	0.968860626085677	1308
0.0648941592652399	0.982457596208955	274
-0.06672391556845	0.755139764558434	274
-0.0850894631266299	1.16317055501255	274
-0.0883373927586599	1.16233330194489	1296
-0.0616404802900501	0.747635014309802	14
-0.10150054028111	1.18985713872001	14
-0.0746717748247101	0.757687975137559	107
-0.04522376365631	0.406159618358576	674
-0.0454111055683599	0.406108159138969	674
-0.04522376365631	0.406159618358576	274
-0.04522376365631	0.406159618358576	1308
-0.0501273146083801	0.40572439661199	274
-0.0454111055683599	0.406108159138969	536
-0.04522376365631	0.406159618358576	17
0.0664863799331601	0.973221895854537	17
-0.04522376365631	0.406159618358576	107
-0.04522376365631	0.406159618358576	1296
-0.04522376365631	0.406159618358576	14
-0.04522376365631	0.406159618358576	14
-0.06281284079462	0.749911386602174	14
0.07210929455604	0.974287435452963	14
-0.09100906407231	1.17626309687335	17
-0.04522376365631	0.406159618358576	674
-0.0454111055683599	0.406108159138969	1308
-0.04522376365631	0.406159618358576	274
-0.04522376365631	0.406159618358576	274
-0.0454111055683599	0.406108159138969	274
-0.04522376365631	0.406159618358576	17
-0.04522376365631	0.406159618358576	17
-0.06840613866815	0.751938577957193	1296
-0.0454111055683599	0.406108159138969	14
-0.0639861075511099	0.750093739397359	1045
-0.0657999603608601	0.748722663220006	107
-0.07373483340545	0.759520768730619	14
-0.0454111055683599	0.406108159138969	674
-0.0681459332729899	0.757477944035012	274
-0.0454111055683599	0.406108159138969	274
-0.0454111055683599	0.406108159138969	17
-0.04522376365631	0.406159618358576	17
0.0707134266173399	2.06890588439922	17
-0.0978270151196701	1.18302894844642	107
-0.0946592701003199	1.18902250169928	17
-0.07349417803259	0.758718061977533	274
-0.0752082556493501	0.748101761838019	1045
-0.09369901935249	1.6382390553146	14
0.0980650193223001	1.68455961335767	17
-0.04522376365631	0.406159618358576	14
0.00716507816015	1.85558838600075	323
-0.1010936273418	1.17409343805695	674
0.01736206506575	1.44095024275061	17
-0.0803017805483299	0.753586690030118	17
0.0709086257571501	0.970946310477819	107
-0.0707587439584601	0.752445452911296	323
0.02021200306766	1.39965280319406	17
-0.09017843417031	1.16462737634286	17
0.06908470290744	0.968596470429859	17
-0.0830798631243399	1.62787049817512	14
0.0645576568381101	0.975681262593783	323
-0.0669724935203899	0.755161927952963	107
-0.04522376365631	0.406159618358576	633
-0.0454111055683599	0.406108159138969	14
0.10575169271458	1.63497083375126	17
-0.07231749393078	0.757183848190581	17
-0.0501273146083801	0.40572439661199	17
-0.10282668579318	1.17937643768039	17
-0.04522376365631	0.406159618358576	17
-0.0639861075511099	0.750093739397359	17
0.06908470290744	0.968596470429859	2385
0.0681224000908001	0.970676525221855	14
-0.07403059698877	0.743168419721827	323
-0.07349417803259	0.758718061977533	17
-0.04522376365631	0.406159618358576	17
-0.0777990394244701	1.56279843231324	14
-0.0893027474218799	1.64002223620441	203
0.0681224000908001	0.970676525221855	107
-0.07608962166886	0.760023550642785	203
0.06778549789713	0.981364424528038	1297
0.0204759599014599	1.41888334341536	323
-0.0836636031787099	1.15314125435926	107
0.05926112655975	0.9721554495193	10
0.0674498466578	0.969013878554601	17
0.0708064794577601	0.966270157563041	203
-0.07349417803259	0.758718061977533	203
-0.0998799469626801	1.64988051812012	107
-0.0501273146083801	0.40572439661199	203
-0.0454111055683599	0.406108159138969	203
-0.04522376365631	0.406159618358576	250
-0.0454111055683599	0.406108159138969	250
-0.0454111055683599	0.406108159138969	1217
-0.06840613866815	0.751938577957193	1217
0.0781246432709799	0.95821144455975	107
0.0664863799331601	0.973221895854537	107
0.0265039685491	1.43617215035543	203
-0.07638682911645	0.748421150591113	323
-0.0501273146083801	0.40572439661199	17
-0.0454111055683599	0.406108159138969	1217
-0.04522376365631	0.406159618358576	1217
-0.0454111055683599	0.406108159138969	3328
-0.04522376365631	0.406159618358576	17
-0.04522376365631	0.406159618358576	250
-0.04522376365631	0.406159618358576	250
-0.0454111055683599	0.406108159138969	1217
-0.04522376365631	0.406159618358576	486
-0.07349417803259	0.758718061977533	203
-0.04522376365631	0.406159618358576	1274
-0.0681459332729899	0.757477944035012	287
-0.04522376365631	0.406159618358576	287
-0.04522376365631	0.406159618358576	17
-0.04522376365631	0.406159618358576	17
-0.04522376365631	0.406159618358576	1404
-0.0454111055683599	0.406108159138969	1274
-0.0454111055683599	0.406108159138969	1274
-0.0454111055683599	0.406108159138969	452
-0.06840613866815	0.751938577957193	1297
-0.0454111055683599	0.406108159138969	3328
-0.0501273146083801	0.40572439661199	3328
-0.0501273146083801	0.40572439661199	1404
-0.0454111055683599	0.406108159138969	1404
-0.04522376365631	0.406159618358576	452
-0.04522376365631	0.406159618358576	452
-0.0695819856169599	0.753456397420435	10
0.0664863799331601	0.973221895854537	203
-0.0791215786258901	0.753267407814952	287
-0.04522376365631	0.406159618358576	3328
-0.04522376365631	0.406159618358576	452
-0.07231749393078	0.757183848190581	552
0.0270923690415401	1.42173010321915	250
-0.08171490361416	0.755879019504499	250
-0.0693202809442	0.7576566965492	250
-0.08060833191409	1.62646280894695	203
-0.07349417803259	0.758718061977533	963
0.07210929455604	0.974287435452963	963
0.0771634080611701	0.960818859253144	250
-0.0669724935203899	0.755161927952963	203
-0.0746717748247101	0.757687975137559	2115
0.00767413337299994	1.41527466102325	963
0.0636828088963901	0.967267315062342	963
0.0636828088963901	0.967267315062342	203
-0.0974215164396299	1.19303792723712	250
0.0176455213778099	1.4441592172656	963
-0.0700799086589201	2.44254057035609	10
-0.07491177099641	0.761062662410459	203
0.09974826888581	1.67755862598865	250
-0.04522376365631	0.406159618358576	323
-0.0744795620104399	2.47265756005933	10
-0.04522376365631	0.406159618358576	131
-0.09517282798578	1.1773002640416	10
-0.10374790821983	1.1797411060444	131
-0.10242107278268	1.19021883908903	203
-0.0501273146083801	0.40572439661199	10
-0.06437844413432	0.746436419448748	203
-0.0639861075511099	0.750093739397359	10
-0.0454111055683599	0.406108159138969	203
0.07654367639842	0.960049189452765	287
-0.04522376365631	0.406159618358576	10
0.0655223168841199	0.975317439128556	203
-0.07373483340545	0.759520768730619	10
0.0120964391949101	1.87936441073315	1664
-0.09099019862131	1.16797103544758	396
0.0655223168841199	0.975317439128556	203
-0.0669724935203899	0.755161927952963	287
-0.11111278493989	1.15217757574558	287
-0.06840613866815	0.751938577957193	486
-0.10691285307577	1.16477722109906	203
-0.04522376365631	0.406159618358576	10
0.0967904329187299	1.67061198432835	131
-0.0924285027020599	1.17931803213849	287
-0.0681459332729899	0.757477944035012	203
-0.0454111055683599	0.406108159138969	203
-0.0681459332729899	0.757477944035012	203
0.11291039731863	1.62126498766742	842
0.00995888786154997	1.43631763198693	287
-0.01008258969517	1.88389974555123	10
-0.10058054562758	1.18729097574597	10
-0.0454111055683599	0.406108159138969	10
-0.0978270151196701	1.18302894844642	287
0.06157560770781	0.954851902801374	203
0.0681224000908001	0.970676525221855	373
0.06185732413273	0.96758690827548	842
-0.0681459332729899	0.757477944035012	373
-0.04522376365631	0.406159618358576	203
-0.04522376365631	0.406159618358576	203
-0.04522376365631	0.406159618358576	486
0.0621484076368	0.959022095442088	486
-0.0996714959551099	1.179905467392	107
0.05407687771638	0.946449020237264	203
-0.0454111055683599	0.406108159138969	287
-0.0454111055683599	0.406108159138969	2423
-0.04522376365631	0.406159618358576	287
-0.0814017457581999	1.6299377457518	203
-0.0746717748247101	0.757687975137559	203
-0.07373483340545	0.759520768730619	203
-0.0833686523645301	1.62379512579212	203
-0.09918135232443	1.17311294993891	287
0.0698402279094099	0.965899692694998	373
0.0734122097485901	0.961670107321016	287
0.05926112655975	0.9721554495193	203
-0.08925764418712	1.16428440589755	203
-0.07231749393078	0.757183848190581	203
-0.07491177099641	0.761062662410459	75
-0.04522376365631	0.406159618358576	203
-0.04522376365631	0.406159618358576	203
-0.04522376365631	0.406159618358576	203
-0.06672391556845	0.755139764558434	75
-0.04522376365631	0.406159618358576	75
-0.0454111055683599	0.406108159138969	287
-0.06555072674751	0.752836446371321	287
-0.04522376365631	0.406159618358576	75
-0.0803017805483299	0.753586690030118	75
-0.0681459332729899	0.757477944035012	75
0.0671595024381599	0.971040289110175	203
-0.0681459332729899	0.757477944035012	203
-0.08171490361416	0.755879019504499	75
0.06185732413273	0.96758690827548	75
0.0655223168841199	0.975317439128556	75
0.01109100386253	1.83080378243484	203
-0.09325641497882	1.17749225134467	75
0.0674498466578	0.969013878554601	203
-0.0501273146083801	0.40572439661199	203
-0.0501273146083801	0.40572439661199	287
-0.0454111055683599	0.406108159138969	75
-0.06789801192182	0.755319680676232	203
-0.09642682322121	1.17201685304555	203
0.09824442741366	1.68592938826396	60
0.0207911471641999	1.42892751484744	203
-0.0693202809442	0.7576566965492	60
-0.0878269029976599	1.62755399596218	203
0.06778549789713	0.981364424528038	60
-0.09099019862131	1.16797103544758	203
0.0658585351733401	0.983858903403601	60
0.0281961140179701	1.43352884212032	203
0.0127971284994499	1.41944240311315	60
0.0119468564908001	1.42454503023709	203
-0.07861692525272	1.62561660513301	60
0.0727371858550601	0.962577209907809	60
0.0668223144935201	0.983497164001226	60
0.0664863799331601	0.973221895854537	60
0.1074349495643	1.63043350580532	75
0.0290589224800599	1.3983082005638	75
0.0193416404768301	1.43466304705369	1026
-0.06555072674751	0.752836446371321	60
-0.07491177099641	0.761062662410459	60
-0.04522376365631	0.406159618358576	60
-0.0693202809442	0.7576566965492	60
-0.0805344456027799	0.755559929122587	60
-0.06555072674751	0.752836446371321	60
-0.04522376365631	0.406159618358576	60
-0.04522376365631	0.406159618358576	203
-0.06555072674751	0.752836446371321	60
-0.06281284079462	0.749911386602174	60
-0.04522376365631	0.406159618358576	60
-0.0454111055683599	0.406108159138969	732
-0.04522376365631	0.406159618358576	60
-0.0454111055683599	0.406108159138969	60
-0.0454111055683599	0.406108159138969	60
-0.04522376365631	0.406159618358576	1759
-0.0669724935203899	0.755161927952963	60
-0.0501273146083801	0.40572439661199	60
-0.0454111055683599	0.406108159138969	60
-0.04522376365631	0.406159618358576	60
-0.0501273146083801	0.40572439661199	60
-0.04522376365631	0.406159618358576	732
-0.0454111055683599	0.406108159138969	60
-0.0454111055683599	0.406108159138969	60
-0.0501273146083801	0.40572439661199	203
-0.0454111055683599	0.406108159138969	60
-0.04522376365631	0.406159618358576	60
-0.0454111055683599	0.406108159138969	60
-0.04522376365631	0.406159618358576	60
-0.0454111055683599	0.406108159138969	60
-0.0454111055683599	0.406108159138969	1759
-0.04522376365631	0.406159618358576	60
-0.0454111055683599	0.406108159138969	60
-0.04522376365631	0.406159618358576	60
-0.07373483340545	0.759520768730619	60
-0.04522376365631	0.406159618358576	60
-0.0501273146083801	0.40572439661199	732
-0.0454111055683599	0.406108159138969	3645
-0.06672391556845	0.755139764558434	732
0.0717721318809099	0.965197303659136	60
-0.06672391556845	0.755139764558434	60
-0.10190600201428	1.17685791366758	60
0.06778549789713	0.981364424528038	75
-0.0702489325383799	0.747751043646639	60
-0.0501273146083801	0.40572439661199	60
-0.0616404802900501	0.747635014309802	60
-0.0693202809442	0.7576566965492	933
0.0316570863176699	1.41678788285571	75
-0.04522376365631	0.406159618358576	60
0.0699478339375601	0.971308925372225	60
0.0302499143781401	1.40646939364426	60
0.10301426374648	1.67581603689211	75
-0.10282668579318	1.17937643768039	933
-0.0791215786258901	0.753267407814952	60
0.0391187058709801	0.371651023335995	75
-0.0454111055683599	0.406108159138969	60
0.0794265380191801	0.956747217048929	60
-0.06907301713506	0.753429338745028	60
-0.0693202809442	0.7576566965492	3037
-0.0746717748247101	0.757687975137559	75
-0.07049553786231	0.755751724984709	60
-0.04522376365631	0.406159618358576	60
-0.04522376365631	0.406159618358576	60
-0.04522376365631	0.406159618358576	60
-0.0501273146083801	0.40572439661199	60
-0.07373483340545	0.759520768730619	75
-0.06789801192182	0.755319680676232	1637
0.01990786115041	1.43662284210975	1637
-0.07373483340545	0.759520768730619	1637
-0.0978270151196701	1.18302894844642	60
-0.07491177099641	0.761062662410459	1637
-0.0867418433246101	1.65029852048508	60
0.07244770312242	0.961306132364751	60
-0.07231749393078	0.757183848190581	1295
0.0742761372063201	0.959624596193531	606
-0.07608962166886	0.760023550642785	60
-0.0695819856169599	0.753456397420435	60
-0.07373483340545	0.759520768730619	60
-0.07049553786231	0.755751724984709	60
-0.06672391556845	0.755139764558434	60
0.0698402279094099	0.965899692694998	60
-0.0841715141216199	1.16121727856494	60
0.0668223144935201	0.983497164001226	60
-0.07349417803259	0.758718061977533	60
-0.09069518390488	2.08707968139349	60
0.0664863799331601	0.973221895854537	75
0.10051674594495	1.67710944831106	60
0.0671595024381599	0.971040289110175	75
-0.0616404802900501	0.747635014309802	1277
-0.09375662112926	1.16900185402548	1277
