x	y
-0.524131265471028	0.202505065683573
-0.543365382714785	0.340848038420295
-0.343542423818443	0.10090975164114
-0.664193841082472	0.389941634391734
-0.0190624526233632	0.00918580519587709
-0.0995695005424182	0.0402661500676422
-0.546394730183943	0.345205054578605
-2.07327573029027	0.960013796873541
0.148199727259441	0.0778166112669022
-0.144350320657109	0.0526636904572003
-0.731525616406812	0.255525096859232
-1.13453748317733	0.348386420481102
0.301106445901242	0.191286243507997
1.02386959692986	0.951421649212679
0.896983020648218	0.490109375401987
0.246277496636946	0.216569059971626
0.366025516829746	0.317632357229303
-0.150361021719811	0.0848713343452024
-1.03842078216378	0.416310979105108
-0.947528390469133	0.5804335942412
-0.105933421045036	0.042435205371231
0.13893772707921	0.0536327837072386
1.62553735253979	1.13428181678409
-0.0640016105086632	0.0400792081886571
0.692624848064212	0.600322972790566
0.15487756849464	0.0813305842162213
-1.50358435836552	0.772528439040345
1.27242372353935	0.718360154360699
-1.03728141216788	0.413545334283265
-0.466777834743768	0.387100425970968
-1.8286711857703	2.03741558557877
-0.591730376087703	0.570396398665159
-0.213783532106563	0.177654867178526
-0.524401134131976	0.203663422455522
-0.530673275274085	0.203234087062797
-0.609038730559404	0.296464007567755
-0.195297793026328	0.129821765451598
-0.995984514973928	0.875920624726964
0.547215688495676	0.45259058346604
-0.532276703088154	0.205902875815849
-1.5154277743567	0.550652304944458
-0.772809967855799	0.345229262622284
-0.400654696391932	0.168821276784865
-1.28080112612113	0.591547382113805
-0.65487057265935	0.632152239260935
0.806617687547301	0.85726836705645
-0.0826423532127327	0.0724956450579173
-0.250775978722365	0.185142476136757
-0.292941120581747	0.212191589542118
-3.08471213635442	0.965314084973475
-0.621807691000738	0.298764393735542
-1.03667947354179	0.419936403849192
-1.28794056048294	0.584273368716747
-0.571986375729199	0.631478479624521
-1.01101994766113	1.20281547642481
-0.56821558378521	0.402726606327385
-0.618737201948444	0.150559036504414
-1.79522376365631	0.406159618358576
1.45986014199587	0.492707629107706
0.950654218295308	0.25253240285929
-0.729903352754239	0.254204229928182
0.531682297555532	0.189110083407772
-0.273524257828052	0.340992658537564
0.205832819760084	0.207686404519084
0.00790366980771857	0.00544295550362616
-0.278907554130676	0.30776209746807
-0.153324961474254	0.055783542657361
0.0317759076124918	0.0183246958665522
-0.522432077756179	0.199861677133102
0.142932199282946	0.0493789142388318
0.247245123923931	0.250018856546388
0.361787725410476	0.332661575321258
-0.24436538083494	0.12162646282134
0.162739952695401	0.0483676895791549
0.162378104800928	0.0310834456145106
-1.51309151623221	0.544844714826084
0.95292022183415	0.255029382628136
-3.75448747115041	1.51208464914552
1.82361765344649	0.72436350636832
0.159003857627083	0.0480265128738231
0.668257563820224	0.216585127844403
-0.719753340323342	1.02678509304631
-0.619597932593977	0.846784081951402
-0.880255914265386	0.871097792489145
-0.378619238655759	0.479153722510898
-0.428957024543605	0.506549889247168
0.0584308732284199	0.0470314994917553
-0.445371051009913	0.441380044684105
-1.02336983348326	1.37899663010266
-0.389034110309731	0.304734233898088
0.157631418222578	0.0304971390385879
-0.478460461549007	0.24415234785487
0.000844087973339938	0.000321059611705392
-0.556723719317764	0.581676941311424
-0.157978929650492	0.132818852361505
0.431977138930646	0.422672288354605
0.376626702002873	0.16955262922808
-4.22235580116143	2.03754838318153
-1.14089293159455	0.348055152990233
-0.524484670459514	0.202274347007164
1.03395964520782	0.397385011005584
0.165273197569164	0.0419033482397814
1.06657477351152	0.529726543963701
-0.330143951676019	0.192783447205497
-0.208909302874673	0.228626300157374
-0.157433202137927	0.155372111583372
0.00208945055641867	0.00151940353294112
-0.931818382152618	1.37117939264385
-0.965631239103865	1.519614552473
-0.625264786322467	0.68989203743355
0.474214368434957	0.526152783672929
-0.77555298953051	0.86981304551027
0.916004634750177	1.00724961706858
-0.617596525121288	0.29977294715541
-0.405683115545739	0.172940087791917
-0.640627572196445	0.372281567539021
-0.154080721580194	0.0564960500422514
-0.793944040086815	0.595640922844698
-0.354471817681815	0.251829412046939
-0.453663917187536	0.349340853291606
0.290743659735097	0.206917656610464
-0.111567521384236	0.0898120456064564
-0.231839319761203	0.1508160447826
0.513589227047592	0.523123621036278
-0.244294230838379	0.122784005473751
-1.0159285436224	0.90654611340352
0.525131259349727	0.192999914873943
0.524938478553276	0.192889918548823
0.548560841181719	0.314659265900099
0.15090279556095	0.0583363245614719
0.439104823354277	0.180243926411834
-0.392462385889913	0.269856478063095
-1.48283249952226	1.02855934745362
-1.19002537217097	1.21483132003115
-0.86410137400919	0.923032140364036
-0.0907129625182761	0.0551821874095287
-0.315457160701161	0.255568335085521
-0.498546937036892	0.42091664053636
-0.501121823994824	0.263472691000315
-1.01026339887527	0.904973793762143
-0.0717515243824015	0.0313343826139485
-0.342584374854479	0.203526377858998
-0.613182099453346	0.493061977121083
0.536430575444722	0.304676160426842
-0.584117489052958	0.414585090217435
-0.642864132414142	0.374902340464677
0.0642943154623365	0.0429352560441927
-0.589033400441135	0.568336243420037
-0.0181308105790885	0.011772112060738
-1.47886454326692	2.03680904156603
-2.11372128644196	1.60261094682645
-0.693811804028686	0.549062481578697
-0.250690208747839	0.125108764254837
-0.538855471291213	0.331983769341772
-0.986565344067153	0.498554663170617
-2.11681456666805	1.61503069273773
-1.35452261958552	1.10721859536008
-0.802584091892499	0.75054350725857
-0.986195038923512	0.489443546759902
-1.69419193427786	2.41541574662433
-0.798809412400821	0.439693662791632
-0.985662644063491	0.495341806816539
-0.0722549476272832	0.0313166433444051
0.0143999721363635	0.00780327824682179
0.450650510535042	0.183903200013904
0.794880307707421	0.475867042014781
-0.884680984378454	0.879227682902445
0.319700269754129	0.204385682035286
-2.02960752554861	2.07009832988243
-1.08033668103772	1.0965466377133
-0.781267082802249	0.496690725427287
1.8741750976954	2.0158287396178
-0.199962781484079	0.10631847351465
-1.09754955227475	0.751484807320945
-1.72666095446488	1.39963481065913
-0.55450073214995	0.346666268526478
-0.770428912026201	0.342532344758329
-0.946769869316501	0.988916521295284
-0.863563890071606	0.842453103371199
-0.336754085428744	0.200444828720137
0.160920535015628	0.0842668760654197
-0.113747200945364	0.0455039431059434
0.851455224150375	0.61074425275229
-0.402719659826315	0.225205451900058
-0.401657252060005	0.225811982843018
-1.65687539788637	1.68287619725622
-1.03875451855388	1.15448208653641
0.757343907473856	0.821349092171294
-0.450020685617901	0.345827972255005
-0.343743944558978	0.274212782037636
-1.10061695537996	0.751014780026854
-0.795763659569312	0.526279246046185
0.275300282210911	0.219253141192074
-0.474738905254009	0.399764296576135
0.0405954324211089	0.0232800715499314
-0.800324327663714	0.679959702572563
-0.30795150008651	0.142162870142646
-0.667588359758929	0.457641371523732
-0.0585881260780501	0.0257772170695736
-0.0749677727777193	0.0323839828201315
-0.488908264359259	0.256537926538476
1.07117205773468	0.520186146974489
-0.156198982403436	0.0569367340019145
-0.672965955381181	0.461805765040517
-0.144350320657109	0.0526636904572003
-2.92771472136649	2.16742990826834
-0.606357140574144	0.29471428256071
0.436309397023698	0.177951427165859
-1.09250156407212	1.03798624490814
0.0189287331186589	0.0101407393025296
-0.0893508436848663	0.0541782837822684
0.167036309880687	0.107765654186477
0.531564441345663	0.299428011691646
-0.358031292614805	0.315713663320647
-0.414438386971758	0.233318965902396
-0.0254010547433414	0.0119089141240148
-0.652742550444794	0.386986862175698
-1.04982123394955	0.82700898883514
-0.35866095596671	0.451216655703078
-0.463531719721927	0.714097334040898
-0.911206566761175	1.2001013079827
-0.329793153267679	0.15075005890149
-1.8193202809442	0.7576566965492
-4.22997659741771	2.02144025111487
0.661593536121753	0.212650522521367
3.26595066981528	1.12514815365216
0.954295652698446	0.253211023347385
0.157631418222578	0.0304971390385879
0.170541995167361	0.0433725109405701
0.161791665747346	0.0309826798878848
-0.395022882227856	0.168315057184819
-1.10149642579134	1.29179186854855
-0.766066401836195	0.339460746888884
1.24335415130654	1.02533582983918
-0.315604765553178	0.324106183613167
-0.604825249770763	0.704750586927595
0.275634940880847	0.211743561209155
-0.98126007376761	0.493856900338242
-0.530940356451135	0.204656524383696
1.03912222698575	0.39971781200683
-2.0793795553579	0.956763192902618
-1.80012731460838	0.40572439661199
-0.787210550508635	1.3553114715203
-0.34700155631028	0.326213642323451
-0.309137730006065	0.484446995785526
-0.24847422950051	0.33286652138521
0.316692015173337	0.355061875188995
-0.237592151059946	0.118272792498676
-0.216233327172033	0.0712426822696432
-0.105389714352962	0.0424193779052806
-0.533969695800457	0.204933606321304
-1.02878915212886	0.416662754474551
-0.155379670574677	0.0565938569368348
-0.343542423818443	0.10090975164114
-1.10125717141554	0.751475720255083
-0.776879219916836	0.347397010506723
-1.17420796844917	0.671948679234328
-0.59392322968699	0.472920026312963
0.0228818054501897	0.0163311434954786
-0.274796139081644	0.325040479235341
-0.164662016722364	0.174256555355268
-0.300669521580698	0.288009121357236
-0.912105902530209	0.757147594068331
-0.190817269475141	0.101559042095361
-0.30795150008651	0.142162870142646
-0.659885726913883	0.390696561483946
1.61754122815959	1.1216429926167
-0.100485453987378	0.0583493515996805
0.58018929063254	0.55354705890584
-0.375266663703472	0.347938500124403
-0.0647450012844994	0.0468033215015803
-0.437966961923767	0.336713342256382
-0.792721446374089	0.789175119235364
0.304653774826895	0.217821955998135
-0.247669718203282	0.181830126461182
-0.189297176917985	0.0999231139294808
0.296547938893892	0.211320574209678
-0.535447166120722	0.444542469621266
-0.963024080216068	0.589455598204704
-0.0748326608448779	0.0548006831324501
0.0917106703797707	0.0659528018916606
-0.671182997350736	0.463560010170608
-0.206571815486232	0.170840377085219
1.05507365639719	1.10147475688588
0.190975215030251	0.17250963314397
-0.332134617285768	0.259141790416731
-0.291076296327171	0.238903422258786
-0.350189116585073	0.279524430248595
-1.18604680586645	1.1958740356857
-0.922829420456847	0.663293429568498
-3.45442672204145	1.24810798046793
-0.724489220764226	0.25507339261849
0.661593536121753	0.212650522521367
-1.27930512577485	0.595095920645693
-0.793986723861812	0.596762760114154
-0.947205394427228	0.995803932957034
-0.464520574722185	0.485488053953719
-0.540260726118255	0.553605311189106
-0.178273445208552	0.161819493049897
0.0522652141387925	0.0343589331195553
-0.404599152077044	0.317956084425227
-0.127347180774818	0.0883112479126965
-0.717143667805177	0.709134022004679
-0.907924219855025	1.13316880499685
-0.706472791592813	0.613670889372229
-1.35541648252077	1.73414610107737
-0.347742166088608	0.303722089648211
0.141848058772579	0.0489994167913964
0.156818897387364	0.0823186581571219
-0.429007763244453	0.362705290397071
-0.674974405917392	0.731982419234513
-0.158434802060993	0.124352585743685
-0.391340063139202	0.308135797309838
-1.35309764331261	1.10124943845156
-0.420939995627734	0.356562665585977
-0.168358753039191	0.11512455056188
-0.618880681541994	0.545416560841734
-0.308299997853827	0.143070950496121
0.139263887816188	0.0542111153871456
-0.724489220764226	0.25507339261849
-0.220719282235606	0.0721977307033811
1.8219271179281	0.726018448121517
-0.14537069997032	0.0533503794450636
0.434765734153405	0.177993138783725
-0.421687340190824	0.355692091825186
-0.134884128711112	0.107509693296058
0.269302808656418	0.253939170381988
-0.222044131543956	0.165139310245472
-0.656020228854363	0.710487906034444
0.0158164368377143	0.0124591715624693
0.524459814831194	0.517139146280018
0.26835053479402	0.234527035279453
-1.17972040664687	1.45201390159464
-0.309503979690969	0.2476731273978
-0.451407109626257	0.437800841697487
-0.187897241624941	0.0987398449182361
0.294173609065576	0.20805193882387
0.436207412614385	0.441115894966476
-0.688849476572423	0.836347095750687
-0.63112766694712	0.740783873805125
-0.629796234800182	0.561874076041381
-0.702989464220092	0.970097042325116
-1.28865054019104	1.56397086024722
-0.86399908170708	0.970283959813063
1.00124792295061	0.885659656080377
-0.393819212728621	0.310845684902186
-1.5205822622307	0.550689829164133
-1.80012731460838	0.40572439661199
-0.346167140140093	0.100935083264355
-1.51279643757503	0.547771213649107
-0.628526209932241	0.561259018826219
-0.0402245194774451	0.0301494642158057
-0.971664677793398	1.46994042348704
0.0367021605164795	0.034145945598661
-0.448245186810885	0.493703913415377
0.0411235594287986	0.0353673398892152
-0.51447048044176	0.620034944584558
0.174894402174292	0.133121110146411
-0.407328406414903	0.459160091586231
0.556515124257548	0.631285002129506
-0.437147959334961	0.373872636816203
-0.615420812864024	0.500822888973997
-0.256818935502069	0.19029256562787
-0.510589202190927	0.385700628122476
-0.784646857032786	0.348858181333033
-0.143488492230803	0.0809033330481333
-0.353666499919695	0.333744240853881
0.413996754823772	0.413212311874016
-0.3796030984532	0.405347648810521
-0.544787595193596	0.631574636893052
-0.800473642686005	1.00307203555614
0.480339582890612	0.436814202472274
0.581444679209015	0.554035386197021
-1.00926090278275	1.18929893477364
-1.9352431762645	1.84528217639695
-0.622314221648084	0.151717296808394
-0.13536347468977	0.127506444619594
0.388762073354175	0.414419251108964
0.270425860277818	0.24280046759851
0.197190066221676	0.20426220908886
-0.455625847262378	0.45505922062716
-0.158932202785487	0.122323493183989
-0.617920308529269	0.816915447001474
-0.615189057325041	0.676169010308805
-0.691782758156718	0.840860018036485
0.0786777415709856	0.0530055026609026
0.294182485377719	0.217770996741441
-0.708687481974827	0.620047600341833
-3.75565007208521	1.51176851969756
-0.511849724459717	0.381225099221044
-0.707464909617403	0.618455808099481
-0.409311526517317	0.436069014744894
-0.154602214362997	0.121683093001536
-0.616125451658049	0.811140953205173
-0.308266477794508	0.24976932582425
-0.349676492374947	0.305007513954812
-0.181328437242482	0.139433437026918
-1.2145753207313	1.37712266903851
0.641931808706273	0.576162680540366
0.110681852893092	0.0859402361190573
-1.46912595756411	1.28467314414887
-2.63413134108571	1.63146565662386
-0.113172998115907	0.0997412790132952
-0.333646948385802	0.362805618530049
-0.73701743034957	0.96365394378123
-0.135067180813434	0.11689681193062
-1.36178983258107	1.90328860560633
-0.841563276729386	1.09418990013482
-0.102948749590869	0.0823526362157628
-0.448635680050931	0.346808387639257
-0.528212202664511	0.513058845929684
-2.4739426742201	1.41121114687648
0.993443759547946	1.36724931126717
-0.0402627264024203	0.0302877954961481
-0.521185754489961	0.541655900997575
-0.308288964936321	0.249063756459829
-1.1624605202915	1.42374797831334
-0.643680002940065	0.613548479419192
-0.332451181325434	0.197232737187073
-0.419599952721565	0.354895576829755
-2.57450915234243	0.686119713628322
-0.155632044447629	0.0566138894894388
0.0727511316747632	0.0489451090071246
-0.904924929932117	1.19092554719505
0.0329164275952913	0.0279576511362548
-0.0224773799165212	0.0170783068172626
0.0935937546045334	0.0696134830895176
-0.229738874754406	0.206963388997025
-0.61543979261559	0.53666642766306
-0.72270569517627	0.776656054936927
-0.870504401849269	0.925333527093793
-0.39992823316486	0.375351993716939
-0.800992450508543	0.960895256203739
-0.64562941196034	0.623226069576111
-0.336889054806533	0.198422944739648
-0.724716701361779	0.253084880212333
-0.193207083876767	0.127797058447643
-0.305806019774597	0.245317678558225
-0.382569783526427	0.40963513737937
-0.12311725572026	0.107495489803088
-0.164060786420837	0.127119733210149
-0.714421331687894	0.762089987306809
-0.231817740099153	0.20875809222072
-0.0493606568541113	0.0369997746912564
-0.630793010736399	0.727896044500027
-0.839012284503522	1.15282814539555
-0.540288785151292	0.441890161622596
-0.460200383130768	0.304138532593064
-0.638223790044436	0.568612352662072
-0.226102630924071	0.171073067227936
-0.509802809036376	0.567050566903711
-0.25406566781632	0.227250586377893
-0.793638930947609	0.743645783239967
-0.861457952099601	0.980361970863505
0.402381949834137	0.313127832146244
-2.07355228642512	0.96496503568204
-1.01290981521741	1.35543576099281
-0.299828434377269	0.305271423683413
0.556173304169214	0.534465268695381
0.0903793020430661	0.0654058804904015
0.0910289332819933	0.069477644330807
-1.62975601400577	2.21114330529887
0.124802696380441	0.105182176519204
-0.390569030992274	0.33737729578251
-0.653744018647988	0.664815702932071
-0.539037377812758	0.446878928979608
-0.944348463236157	1.06738212132585
0.148448238167646	0.0513076201238473
0.0021735414706114	0.00152957684243813
-0.132040266724872	0.104832013650906
-0.572100412761642	0.63192510043805
-0.673872465286153	0.74019970023853
-0.511078682066947	0.658979753595214
-0.587913331053607	0.77614893473188
-0.508064971152727	0.463940217649537
-0.187522663046479	0.124231398736362
0.42879669853787	0.324044078271263
0.721724001827875	0.588092717053662
-0.0796882690694346	0.0480211008392342
0.460385921517022	0.305208907440466
-0.333346838461519	0.234242333397927
-0.545509153898642	0.532334379492217
0.756003695999747	0.903888970823735
-0.660014091231713	0.669720235253615
-0.241991116107094	0.231762757902279
-0.615154618664846	0.667144894607543
-0.483413375115326	0.409881830326334
-0.245496622571733	0.158129959488727
0.180167820394873	0.155536880872742
-0.375551973662306	0.374628871049693
-0.172427492981819	0.147251879394505
-0.371914669277393	0.37115514995134
-0.376918736118937	0.322668450512604
-0.605494596218858	0.492385821877048
-0.71007206872037	0.675860174566098
0.71063679275478	0.850076865955043
0.113248537938677	0.0901370091484372
-0.0959876139140194	0.0687093757222158
0.604436370477465	0.446586996955702
-1.46128055932112	1.2881481542233
-0.438621798409708	0.493764637901337
-0.181608761968417	0.152005753412852
-0.583953763691043	0.6737603164828
-0.793024191513799	0.799788423682859
-0.305936632753322	0.328711525371645
-0.381421963597156	0.296692318009095
-0.35806911618257	0.316006955449217
0.679867547869397	0.699092144019391
-0.399818173586222	0.314450491423871
0.378442617070294	0.318611413045976
-0.104966324124862	0.0424807019377
-1.17638733836416	0.66423855229565
-1.31831577754371	2.20528674930799
-0.367195448835665	0.37172612038161
-0.642401489300328	0.780946931840996
0.11496669512207	0.0919106267864331
-0.332482066756658	0.338489236842464
-0.232614242358517	0.151157974658038
-0.962261387798025	1.31858482623942
-0.410158213341209	0.486733910187615
-0.328749076645947	0.332773372626915
-0.362598462832972	0.345308535448627
0.881686649856705	1.16811668871355
-0.45601478983176	0.417678785232766
-0.201068602495859	0.106851053157344
-0.604403191300057	0.490990392610076
-2.06252689078584	0.946230789436306
-0.838292829963355	1.1519186008944
0.0133806435145484	0.0107898818109767
-0.514469493950571	0.601048230607915
-2.57507908676252	0.680490038595289
-2.57450915234243	0.686119713628322
-0.615540251356388	0.538908146528857
-0.294378749717432	0.214443582365364
-0.93862549786497	1.0606533204077
0.158378791844165	0.090489456068272
-0.584821189351168	0.425057001355186
-0.548092729365568	0.346688796084829
0.814529019904677	0.348904506135372
-0.462270247359529	0.307044198014117
-0.151555626196097	0.085250782736696
-0.899122449147245	1.1749915633835
-0.119561653180405	0.0940968822565433
-0.569454634589574	0.516056452549763
-0.276339739290615	0.227204130747404
-1.13707413454834	0.346951163921623
-1.81789801192182	0.755319680676232
-0.625469527156518	0.152450282737538
-1.09456470547197	0.739941419769634
-0.786980229725481	0.847501646718502
-0.871450751198517	0.922922437412993
0.492584893809984	0.428547917855147
0.604355837575661	0.448623036649239
0.317285129095607	0.188906171113546
0.333654819241882	0.18122742652153
-0.779482358873567	0.346278490161475
-1.50892094831171	0.544038324980869
0.138828784295158	0.0603129016123432
-0.551685264816758	0.34674687072131
-0.104796358973501	0.074203235457727
0.112643060944551	0.0933596208157723
-0.961835936788718	1.51982056263501
-0.337072005126724	0.201745920484642
-0.0504607224253397	0.0220350170940409
-0.0496833928710365	0.0309341091105379
-0.674342578802532	0.73913012694627
-0.67835410756063	0.785130632773611
-0.296658125654889	0.283461074742784
-0.484058200228486	0.529206515111563
-0.406485711659245	0.229870040723728
0.718551848124268	0.467801833905628
-0.335779229796708	0.199578003291653
1.26655242969638	0.704011443710313
0.95292022183415	0.255029382628136
-0.0393843267062519	0.0184029303398287
-0.153747179626388	0.106547900339103
0.641335541792762	0.657701432829285
0.0227962680476773	0.017259338423945
0.587817319841227	0.648378934368321
-0.537812453132459	0.524264733170484
-0.190618196280164	0.127190005954386
-1.79522376365631	0.406159618358576
-0.228358576380837	0.0754206022353645
-0.795984680762764	0.519405976028545
-1.1898701049305	1.20438907170447
-0.447603344875564	0.44175906559423
-0.615335904261239	0.636484641942347
-1.00141295821029	1.18041689827807
-0.780188954561327	0.931709032496488
-0.166873134969493	0.113708746925777
-0.111108010119257	0.0652453470823433
-1.22166659342282	0.909396786410786
0.140482148403838	0.048228407633646
-1.13238101744968	0.345367402292769
-0.611371308748672	0.298911636167104
-1.15929067029294	0.986697460209649
-2.11458999262381	2.91483492194639
-0.115835274255658	0.0907929351747372
-0.213377936848518	0.177648470741211
0.175901665515987	0.107380279450846
-0.108907137656202	0.063800665890391
-0.520024315525337	0.201968241826799
0.620753176865968	0.462469584887669
-0.865770259907337	0.923135243287701
-0.361098295326614	0.340701518214156
-0.102634538437417	0.0952197424165616
-0.783355815501283	1.11583542435721
-0.326891086983103	0.355274020713824
-0.642276289407984	0.771042609074103
-0.69278616381092	0.875990960062953
-0.293072121605	0.262302340055325
-0.921202948749659	0.662836262435013
-0.0433271129993559	0.0276235227574473
-0.6185907116653	0.504565814028337
-1.84650022894982	1.19363907993218
0.157819500886876	0.0479964018015095
-0.552828547424203	0.347345125405712
0.621888392077431	0.572785388304927
-0.110594019256958	0.0782985392617404
0.0638643794267538	0.0409668933284867
-0.364017880750567	0.343780094235261
-0.39052684741975	0.368460231030822
-0.691768118729321	0.592274643083912
0.1588995276689	0.0306480879354901
-0.723310015883846	0.254344357266946
-0.683500846751321	0.473464434458207
-0.10964191299643	0.0878687821898042
-0.345747478416807	0.275242321701243
-0.574251435326196	0.667278706602789
-0.32112336921551	0.304104530184396
-0.541655280477479	0.530098976459387
-0.487942950139026	0.481956159598112
-0.359352484977687	0.314777862619519
-1.19855561572338	1.61291652493756
0.712285571228012	0.462107072460716
0.507710123487086	0.317988625111294
-0.466019746420319	0.307474869785137
0.148637143683965	0.0647084348912117
-0.224047591747806	0.0740771018889209
-0.409415252514099	0.173082594925053
-0.444577782807996	0.44017403799595
-0.50163432967299	0.454978145493532
-1.52322194584126	0.549040618837191
0.145808811157977	0.0627000277414022
-0.405818249317531	0.227199486041177
0.357561241202884	0.318122794281106
-0.132012769154466	0.0921748691638021
-0.311961974019906	0.294157866591202
-0.36603174126928	0.34520139146796
-0.459869263960054	0.42442092786835
-0.347825654072449	0.304267171127211
-0.400946265291456	0.421414464197484
0.0118056760831175	0.00800613333414217
-0.379814099713184	0.355319896634689
0.36125818229432	0.182603969313043
0.283206480758449	0.200348671716642
-0.158654440958655	0.0891460277061377
2.11241021373514	0.965493651705752
0.445559696059655	0.183481849511998
-1.56199425538098	1.46510880662794
0.790787219614223	0.47026641365773
-1.26832284278682	1.36536592999026
-0.393067294452272	0.34238182788096
-0.510424057930298	0.192084149983782
0.639809179389687	0.563724337057483
0.439819393061566	0.443732194250096
-0.0303627197981166	0.0230568203617569
0.537848097646543	0.540448274923757
0.268975603453446	0.222004246422421
-0.308322209034265	0.271169298971454
0.0281339660850859	0.0234657149836014
0.0762006610167965	0.0539485240404402
-0.484125803080462	0.47566641650661
0.64739793486821	0.576448513240468
0.1891066800955	0.144924294476611
0.298267614485215	0.189236956698266
0.836480721229182	0.750521234545424
-0.669720114276009	0.456072467302454
0.135879545068767	0.0527837992472243
-1.50892094831171	0.544038324980869
0.150056620761467	0.0582853017514104
-0.153412681292534	0.104531245228658
0.708130619342173	0.701681065371424
-0.157309633141104	0.123334979710423
-0.344718928168882	0.101170101330633
-0.987601928963572	0.496957392444327
0.466186532149638	0.423450052098542
-0.0842608655639428	0.0686551111890395
-0.35281222568633	0.333575512111636
0.126400238622852	0.104243679083149
-0.295841372070717	0.215357802447649
-0.266124835844137	0.197360494377179
-0.111955161313477	0.0797727735838095
-0.390361197289888	0.304562240570398
-0.045992917872329	0.0294384601238987
-0.305041702012065	0.246571827345204
0.545848306203232	0.314844987177751
1.02185711545753	0.951649566556434
0.129197009496442	0.0551910876297855
-0.3190112852976	0.148400163014118
-0.217602968474122	0.072079936429114
-0.237616072126937	0.116839304383097
-0.392187222615105	0.304103561864613
-0.645596993746304	0.623109917495536
0.108291213363035	0.0811154383178811
-0.207120537140373	0.176324869864994
-0.400062396642448	0.170601933136714
0.154087820759657	0.0870680738077542
-0.542369260521848	0.446784050019522
-0.349276071593731	0.279240367986782
-0.605025346680985	0.623230496546947
0.480476673830984	0.436180677896673
-0.0254588234585321	0.0193272976814736
-0.0793107325245693	0.0583490617561976
-0.249582395583632	0.221645895311495
-0.169186892607578	0.131648417977071
0.284881908927906	0.229634767394155
-0.213599520697948	0.16407702992627
-0.244078655037688	0.222644505049223
0.343049054590369	0.331120333750535
0.489626070485703	0.532250863942476
0.419951530725689	0.313792406166687
0.0103832021908826	0.00574079057861575
-0.109099198836894	0.0440391059160999
-1.03827294843571	1.16288785146164
-1.67806088918565	2.08295787185428
0.176934157085609	0.146427768026353
-0.156488528119727	0.106520709255836
0.00664239965674939	0.0045830851956622
-0.105229101697824	0.0813359447927122
-0.0112178767513125	0.00735009483009285
-0.0786060504945346	0.0573879999314662
-0.892617198691424	0.820703411806678
-1.01696399388161	1.10668515009833
-0.316769502251675	0.147367554895356
-0.3842611848399	0.259773153099969
-0.0417878778222924	0.019476314181135
0.438918428712331	0.179782791488228
1.24736421513817	1.19091147671762
-0.147689713388894	0.054302242157111
0.0188095825277118	0.0127662491304693
-0.11510664781279	0.0996212802968411
0.0543541002439959	0.0332530507502735
-1.29499346868634	1.5672709340972
-0.322916739340695	0.284893414597225
0.714434687672129	0.79377557946907
0.510067182838039	0.562765336578537
0.297332902206752	0.221845072486982
0.021664343592354	0.0116898093787468
-0.728413653429759	0.695017854991426
-0.463054731469361	0.451409134301144
-0.194143670101753	0.186433149421196
-0.152310400321018	0.0850368808688597
-0.0960261688415901	0.0385972992694118
-1.0271278658152	0.415065471794964
-0.410134615359017	0.231548350647145
-0.403119456014377	0.171530084158811
-1.33469936920743	0.843118199533361
0.153097882989452	0.0799169312662403
0.141192906646216	0.0548578024293243
-0.463981095209162	0.303636981458563
-0.0363154846643777	0.0233760481815721
-0.302376056849829	0.243376934626975
0.194349636234243	0.163000372259042
-0.970798074717968	0.586712457295218
-0.484560631981683	0.40865618718513
-0.348871841594566	0.350703712483141
0.0334936190528252	0.0177021496257915
-0.796123025084511	0.433210956305114
0.151192104824609	0.0457157821928599
0.819489970195626	0.351814134476307
-0.804797643950344	0.438462249820088
-0.0526387001901577	0.0228813670121828
-0.591308812301405	0.430388618817411
0.867382168384205	0.626345295631578
-1.60809973684596	1.22931900942296
0.191779792936069	0.180799965885622
0.303309759839739	0.331515469473037
-0.156488528119727	0.106520709255836
-0.40665431902092	0.173716593263974
-0.344991553778112	0.100675971877677
-0.154080721580194	0.0564960500422514
1.78412864402638	1.02069343630795
0.814613867033518	0.34793580638276
-0.215317487973681	0.0708338962407764
0.657163923929257	0.588193275679257
0.317493845325726	0.203628414286409
0.328685865259138	0.196956884898794
-0.184544110158779	0.140335363195802
-0.0145191117146633	0.0134991143868761
-1.09453895228901	1.26077972688321
-0.604555939372952	0.738531336650314
-0.849575808531933	1.21901514922384
-0.138919388216519	0.0778569510075498
0.705169135867992	0.454972866975357
-0.791308406014089	0.669527691687337
-1.3364344688169	0.851629353982717
-0.399703103734003	0.31493513036746
0.57757652795279	0.548896365656679
-0.585968239184271	0.568687126019215
0.0482344487615954	0.0294859154465814
-0.199531473097651	0.169352883794775
-1.06632828936564	1.10679328367441
-0.778919093445955	0.349025831228475
-0.609281674963525	0.496645752379055
-0.334487399775365	0.199369572874532
-0.136979622407924	0.0957426869536148
0.0109848954325539	0.00600415320011659
-0.784764267881674	0.589555167626789
-0.502132516988481	0.261788607090197
-0.450712788342673	0.346705070667396
-0.953213430247372	1.00855173959921
-0.396443363016032	0.30944463824547
-0.152108853416331	0.119951812564032
0.162854220649862	0.0854019544029651
-0.720155016177458	0.628165801561313
0.639807659778198	0.573002866197743
0.000423313696233936	0.000180299741086124
-0.193064831611067	0.144312321365272
0.172133864528969	0.116945129512031
-0.167775246890149	0.11500003780221
-0.242922005605956	0.12168661601121
-1.45949340018256	1.28445547789604
-0.486745559859761	0.476210164455195
-0.416156502146674	0.172643237047287
0.822157638974394	0.35584875469151
-0.80299890797548	0.441857489374154
-0.0925661878751146	0.0563786798389407
-0.00620828560981589	0.0030670069936433
-0.495173501756541	0.259543099857254
-0.498019796189259	0.262950547997077
-0.602442455484043	0.485676114943931
-0.34721202562328	0.245531896524989
-1.23304031593789	1.58508914382392
0.174703004504401	0.118801866588122
0.837087031076796	0.865409581164564
-0.685205870063028	0.537253944256865
-0.127830863352286	0.088893689461927
-0.483179148958003	0.408738554992653
-0.54861561019456	0.344597807561796
-0.0818281546568349	0.0498369289902835
-0.194564027734565	0.101914884671688
-0.643108714512033	0.61868952855138
1.46698655541955	2.04713225458613
-0.481185481908937	0.406683751844834
0.298614328151663	0.189438408050032
-0.153412681292534	0.104531245228658
-0.307003344929067	0.249085130587586
-0.58644252873381	0.423488716936013
-0.695051166557652	0.473879391119499
-0.489398878339951	0.25504616450126
-0.00942005023177686	0.00455106991297135
-0.196325603814536	0.131233414800724
-1.72721321617398	1.4396724288992
-0.233640331803912	0.15197356798044
-1.23511114615608	0.926207390456206
-0.676789025004234	0.470882316673197
-0.553916428852186	0.347077160912321
-0.343727870977079	0.202897749006788
-1.23816336458	1.59852384484743
-0.194875371484675	0.130470385955748
-0.461433964616896	0.305935535605741
-0.159241502559596	0.0894431022902287
-0.458680247594445	0.422452981940679
-0.399362247813206	0.344553004956791
-0.439159725420358	0.37768651617387
-1.43482695700995	1.71648409082444
-0.0885871846769138	0.0713684258731049
-0.0642264158788471	0.0403874327513935
-0.779482358873567	0.346278490161475
0.0871716269296261	0.0627815194383671
-0.450343969386597	0.345065624753989
-0.271564546803291	0.200329413638227
-0.431331003393254	0.370752229064088
0.345887275642214	0.172350737000871
-0.197711683566034	0.105482313450744
-0.0628576056424118	0.0395098680143239
-0.972056435358634	0.92720555187265
-0.623595684563995	0.55113535221564
-0.623695063230009	0.152227657420805
-0.61034981008363	0.296851575272232
-0.154080721580194	0.0564960500422514
-1.13453748317733	0.348386420481102
-0.340869162586215	0.0994476453021484
0.526172970540526	0.191693034792967
-1.51396593073936	0.54893460092185
-1.48660990868677	0.767646824114273
1.44520026969309	0.906630850943866
0.165803697590273	0.0949513100276901
-0.586209387970824	0.424662840946495
-0.144592762858226	0.0809949659015641
0.281186209550784	0.234181866191096
-0.788747407390562	0.667749213301174
-0.00154412423813655	0.000826998604331341
-0.786859227045003	0.592375424734019
0.0890897442277497	0.0646332319040306
0.143124970655759	0.0619917154393719
-0.286630813738621	0.178108689063602
0.151556975622098	0.0728613656085322
-0.690518018682159	0.539990884725196
-0.927081692422616	0.675003681807597
-0.54817535864661	0.455067199125502
-1.43660630997074	1.49481311837157
-1.42733262870367	1.47785004136895
-0.788280748542201	0.847391175228668
-0.322532325557138	0.305963334115394
-0.119122122340267	0.0961790782701396
-0.597017657438058	0.612716714765566
-0.836725899509393	0.978682752808833
-0.168012932745807	0.115433946713469
-0.62406660459646	0.546265555288641
0.0697514089064122	0.0449498734315616
0.157636637504693	0.0951778577225102
0.953903779625344	0.924272868605956
-0.2994163472243	0.217699945507759
-1.50774935680936	0.539484760175277
1.77467264194215	1.01468614197277
-0.467922900724408	0.311022084405133
-0.11637184449994	0.0828197135618651
-0.226635371827826	0.171403502548177
-0.193509206928072	0.102932096359063
0.957871568697817	0.254705443855955
-2.57994643475892	0.682934722662173
-0.62409333671727	0.15194082521988
-0.222695068591131	0.0735779431251597
-0.630732478411191	0.153857382309032
1.82723433620716	0.72976386465442
-0.521103486689622	0.201846081379412
-0.246595811826246	0.122640207606208
1.45606145484126	0.491057209685398
0.147362692598526	0.0508433865470601
-0.103842708252769	0.0606722950172614
-0.105389714352962	0.0424193779052806
-0.111897681931897	0.0447486010238093
-0.0526970440930397	0.023132358212482
0.0230954917280373	0.0123154686089311
0.168702574128194	0.108515524647503
0.310957302115731	0.212470131607937
-0.236353145148055	0.153224157857043
-0.0678176594906396	0.0423177958525332
-1.68640760087805	0.974321078283253
-0.608111176085134	0.295007246803624
-0.623203514518812	0.152886975065438
-1.48350176313111	1.03509918307085
-1.83649037166605	1.6543005269084
-0.252301854078206	0.18557458921253
-1.02772801007959	1.21092345549562
-0.0810322697379823	0.0649237659364306
1.22938277051873	1.33221981406296
-0.602732976368648	0.647113073448988
0.434510078955923	0.325666705977768
-0.00805861761662878	0.00395549521662717
-0.0106880359793092	0.00518985234418372
-1.49741086406014	0.763675536541518
0.819489970195626	0.351814134476307
-0.221549116887011	0.0733586886722837
-1.16137765437125	1.26612724888937
-0.113579816160861	0.0670128043770852
-0.626353320606661	0.688739028439636
-1.61786792034116	1.89742039299145
-0.474019102930161	0.398975965003732
-0.0757701387560703	0.0459971602143951
-0.414438386971758	0.233318965902396
0.156634201293332	0.0476265114655575
1.45606145484126	0.491057209685398
-2.57450915234243	0.686119713628322
-3.45947707291401	1.2418726498034
1.9613717712777	0.470903909509444
-0.624582031923329	0.153403426322781
-1.51968686804079	0.548134504172194
2.76088021610819	0.795949787637318
-0.719426085672194	0.251004789565613
-2.57393942994101	0.680804613621979
-0.247903017866678	0.124303107106591
-0.526418386848564	0.204314992368531
0.14683318271584	0.0638699225975704
-1.095827746794	0.749453290237538
0.471817460564252	0.318550349454947
0.0457035552445615	0.0262611450858625
-0.459114371581896	0.302108224317106
0.0613571611304667	0.0392842959365076
-0.49328116963344	0.4169927812704
-0.534936749653476	0.441017719508827
-0.394409907860886	0.307672290411154
-0.778180638460061	0.348430300008537
-0.50647872316303	0.381438748476356
-0.62409333671727	0.15194082521988
-1.139798321011	0.349782272227464
-0.351639245332709	0.102368245698131
-2.35700731014177	2.09472105556688
-0.786404574297466	0.506271209546395
-0.143974148424142	0.112253416275233
-0.500092011578207	0.519407365777072
0.0804335269596716	0.0561249468126948
0.178078886736984	0.131334026090715
-0.0879088297556269	0.0535150999100753
-0.116055432985161	0.0681024437346808
-0.473095857517213	0.311870543197557
-0.785339281784378	0.430131275907653
1.82459505180038	0.722360648575796
0.914938848989558	0.780301584619586
-1.28097654446055	1.539618172767
0.651285524221883	0.587538373094401
-0.912376822234492	0.748867497606138
1.87975245447076	1.99334414303507
-0.231083598423268	0.189655929928365
0.161221929444182	0.101407209907964
-0.119677509635237	0.0697865318763773
1.0855298088832	0.664477952631385
-1.81164048029005	0.747635014309802
-1.14765955682404	0.348346437303257
-1.80012731460838	0.40572439661199
-1.8193202809442	0.7576566965492
-1.03782363632548	0.417551479372291
-1.139798321011	0.349782272227464
0.16183898726961	0.0410563761793581
-0.608983903361108	0.295074062472894
0.0158196360873266	0.00853205507291485
-0.79389130291017	0.598747275530885
0.141595248893409	0.0490443609015525
-0.790582922035847	0.672564589122651
-1.29074398484833	1.38933065963586
-0.869757279969215	0.980682209211051
-0.207694480456031	0.138469638685163
-1.03435504448597	1.15320611476191
-0.296596505890107	0.213693933156624
-2.19665746331586	2.50763308768984
-2.28683175471851	1.18188716542546
0.157056474373317	0.0303984095560313
-0.343816891455429	0.0996962776646578
-0.186813586778307	0.0994381966171893
-0.31025622990507	0.273193575030477
-0.680511789501609	0.474752508878162
0.851640653431902	0.615072210480086
0.501346503972651	0.314455559642465
2.56256496060665	1.4536846358058
0.954295652698446	0.253211023347385
0.545370079599184	0.315156043724055
-0.0531854650158733	0.0380844110626219
0.379214549573741	0.320226298345489
-0.0572324578710333	0.0356606197415706
-0.337970312254245	0.267025306999803
0.382287126566087	0.308114160455357
-0.206466206512332	0.170612331567612
0.663389077231027	0.463110093565143
0.169691487208195	0.102128794734814
-0.343816891455429	0.0996962776646578
-0.636023364439912	0.153505134692002
-0.53335946692924	0.205976990726238
-0.349006134070706	0.101786523630064
-0.619634069394611	0.151716324023864
-1.13599688789171	0.349486711323194
0.166760634916841	0.0427859605507963
1.28276910609479	0.714057573532966
-1.28356786747033	0.591912012640858
-1.33083058651285	0.841087357838455
-0.395338960838242	0.167001956833253
-0.781244282576763	0.349626790433742
-0.311591586476853	0.144202523155851
-0.795843431961411	0.604618426168946
-0.169224276546772	0.115654474115451
-0.11637184449994	0.0828197135618651
-0.547907701345302	0.569970576396311
0.527431899623247	0.192654585358379
-1.62224616350522	1.20477199804768
-1.83417151412162	1.16121727856494
0.818093284035194	0.352795702508465
-0.339689629328073	0.0991873938654728
-1.68439837492378	0.966504976336147
-0.127410932472457	0.0903275183551664
-0.374968170042327	0.285954864386936
-0.798756516023543	0.611677495622837
-0.241193660305825	0.120474605714752
-0.800292543880771	0.526702712270773
0.532892707741901	0.302390286095544
0.139148108538827	0.0478150043583743
-0.788900474027075	0.514011164337877
-0.236530797488568	0.153755328308547
0.953095925426809	0.921548818717716
0.269035374636359	0.227819613760535
0.192662489135221	0.135825954430587
-0.0380059778201648	0.0240176791172987
-0.546682349191467	0.345375563517078
-0.0599736137601478	0.0263087379336249
-0.155449628193251	0.056785772204396
-0.725896158891892	0.253805951910148
-1.13710196565356	0.345665576379782
0.951547874681655	0.253003737941398
-0.722131735316544	0.252143474448172
-2.57936018855439	0.682903044011602
-0.551978417851225	0.347296108175297
-0.309655156155017	0.143053453323478
-0.337943411259878	0.197690265195473
-0.543024800466479	0.340348890466582
-1.82231749393078	0.757183848190581
0.667073956986921	0.214335437648368
-0.650598698409506	0.379517575882038
-0.659885726913883	0.390696561483946
0.895443901675948	0.48741654733456
-1.0355361730809	0.42023520166911
-1.15261901339138	0.995552954765788
0.023215946484987	0.0134590942354124
-0.361899734217248	0.317513620126139
-0.708632595099371	0.673939830678123
-0.549275513206305	0.343946228500684
0.447091708948965	0.320020533697921
-0.262698232764043	0.194290963019138
-1.98721187838391	1.38903363682581
-0.340869162586215	0.0994476453021484
0.866519273859155	0.622759601598683
-0.290044807670723	0.209563050688294
-1.27737907848625	1.36343319361689
-0.501758164109772	0.376499950821413
-0.438224822957991	0.332890522793031
0.0561672381006141	0.0341977463559424
-1.13492041310201	0.349384486959602
0.166394015894957	0.0421995715384941
-1.51425919312654	0.549483381615373
0.172003388254653	0.043682446671818
-0.227212618004882	0.0750820913651819
-1.81555072674751	0.752836446371321
-0.653546362305312	0.38337994205931
-0.189608365501642	0.100707519619337
-0.0197290542076788	0.0128857411953724
-0.511663400659149	0.382579756067339
-0.2007489032659	0.154378888924121
-0.484319440433507	0.252419211807259
-1.13492041310201	0.349384486959602
0.16183898726961	0.0410563761793581
-0.669660590087031	0.392162788575095
-0.803712406739836	0.527190624962135
-1.28599957284154	0.599485299783715
-0.407603096863977	0.172970472346394
-0.621242997744594	0.551688494268029
-0.109779034590572	0.0643130609168805
-0.690542883734265	0.54666411854195
-0.578258369830725	0.418027509186314
-0.453283773157884	0.413079046715398
-0.5667581845539	0.62008010152354
0.885882855807508	0.892374122753598
0.316080255417651	0.202573747899255
-0.328835278415275	0.19517391898448
-1.27422440586755	0.586727712642546
0.144015556605956	0.0494784687972138
0.137924384639589	0.059899749683941
-0.163381317737943	0.12626550722317
0.00989059812765867	0.00678327108468612
-0.579203863049224	0.521866247100849
-0.00468466683257661	0.00314743478885015
-0.315913192227212	0.276360132667526
-1.04115769482839	0.418592116600537
3.64031826737114	1.45820478057553
0.163094953310193	0.0494223382636678
-0.343542423818443	0.10090975164114
-2.3430400103628	2.05431386539394
-1.48559632365318	0.765978183563281
-0.550691264829539	0.342528040117172
-0.300782211160486	0.218437400018806
-0.557071680840408	0.497770258617427
-0.568309664126199	0.623580293022628
-0.627653536849355	0.555483152197674
-0.0243528934340562	0.0159739567092279
-0.439159725420358	0.37768651617387
-0.156925643471908	0.0574850760468255
-1.13384470910725	0.346451671342812
-0.661233355824687	0.388822196928523
-1.2917167072466	0.591506213044629
0.409853433895366	0.320300924329114
-0.510187580474435	0.383343945564975
-0.718669406520048	0.676803844791645
-1.20670791382669	1.75354556596988
-0.510823255016008	0.467749911024363
-0.188916231029896	0.12531721197269
-0.337469824455229	0.200310920628959
-0.27809290306397	0.172025083808278
-1.27930512577485	0.595095920645693
-0.208628701737253	0.108862835506884
0.179765302259962	0.115810466444986
-0.352947099186837	0.309993038254519
0.00839542167195946	0.0060488492201959
-0.108638947736799	0.0771601511615116
0.0589996381310326	0.0391626417875981
-1.51670973775231	0.546933867089778
0.166760634916841	0.0427859605507963
0.166394015894957	0.0421995715384941
-0.622314221648084	0.151717296808394
-0.594123993839772	0.429294696057612
-0.868077020346724	0.920246701493399
0.708353694723021	0.462294378506647
-1.60738285382442	1.2271799402461
-0.780358865064961	0.645983758408752
-0.601408908265814	0.487987082129989
-0.533437822557052	0.442238718639982
-0.800567071512456	0.806592301265589
-0.3522363513514	0.278690829514364
-0.514090671693193	0.385725803034407
-0.974559448334723	1.27879024801944
-0.434056736311685	0.407378259424373
-0.664481604770094	0.680796892431878
-0.279263486262803	0.175189219774252
-1.19409218458744	1.2224928547125
0.154863985111538	0.046749770246217
-0.229722716539759	0.0759270068257283
0.166760634916841	0.0427859605507963
-0.447819405729942	0.380682079479702
-0.563472389901791	0.508462734885042
-2.35381902700729	2.97494822973229
-0.396832616986259	0.345880989566413
-0.41420136086892	0.384592362444341
-0.224718868136042	0.169720973450257
-0.0707028680991143	0.0438694846349289
-0.789409570347543	0.795420577774799
-0.240849408936765	0.215810573961496
0.168437027288138	0.122311061057385
0.00905557695408488	0.00499639518157578
-2.24929764485335	1.84424386699625
-0.0011255940845797	0.000605176374086923
-1.93621388138564	1.84805115487279
-0.406492576180718	0.228827209833299
-0.186547921804172	0.121862215765705
-0.350376532668537	0.280533390885594
-0.343542423818443	0.10090975164114
-0.523507339122089	0.199038530378592
-0.628447709775194	0.153171179772782
-0.395022882227856	0.168315057184819
-0.386552479293911	0.160227347266629
0.140823560384182	0.067412783434401
-0.805438822981216	0.525408610418829
-1.12633111436056	1.45161175782324
-0.216233051644597	0.162095405401322
-0.277567966274678	0.173581433113376
-0.151365795849254	0.105632826973263
-0.231229142965904	0.17512297144631
0.470123447728226	0.315171596337923
-0.537307679666373	0.447009031928691
-0.216290475844245	0.162360043968089
-0.00864388317641887	0.00568524085769177
-0.61314626150486	0.496242270629564
-0.228820348492128	0.192803870908334
-0.0617712127069063	0.038266646758784
0.0115544313942086	0.00634355565162915
0.158321872008447	0.03054890339565
-0.787920005679998	0.596289507401321
-0.311683837020092	0.145357040015086
-0.417866479717879	0.232815711616641
-0.677378772921876	0.465903021059531
-1.14903840337045	0.968865988415223
0.782841993879937	0.724295418872352
-0.195486557403896	0.130599602212643
-1.04681590916652	0.818144166504214
0.0402202866333042	0.024496299869487
-0.38228137309727	0.29596197845233
-0.508799643490304	0.460717684223267
-0.794359175415964	0.730410980323318
-0.301769016792373	0.219837470399107
-0.341847179269424	0.203323544966469
-0.104456645162201	0.0420315616456337
0.468427937679397	0.311374398013833
-0.476592561659686	0.402149460296941
0.150987968499307	0.0459422956002911
-1.51009345022257	0.545190528961888
-1.79541110556836	0.406108159138969
-0.781244282576763	0.349626790433742
0.166760634916841	0.0427859605507963
-0.611278604782799	0.297732049068926
-1.98494111313843	1.37534839157013
-0.485716766611121	0.252899330631609
-0.111897681931897	0.0447486010238093
-0.335648834470662	0.201349922140037
-0.538442059632818	0.439306910220017
-0.589618537091337	0.428811889414208
-0.901728004604694	0.74540997952819
-0.186813586778307	0.0994381966171893
-0.060509626758234	0.0379204784963798
0.302319661884938	0.224946619900946
-0.0400834255845054	0.0256996758075627
-0.798619250142927	0.686601417795259
-0.0304726881377705	0.0195038623857089
0.313455669854023	0.200531455876766
0.0557933139324027	0.0356960866300128
-0.560368119586153	0.350310945053962
0.131864858154076	0.0568264368934897
-0.190410372933996	0.14545527204759
-1.25680277332208	1.1592837526791
-0.614430362216458	0.297486553808162
-0.619634069394611	0.151716324023864
-1.8211417211846	0.751312028200316
-0.585983468974531	0.422791987483292
-0.672715279678645	0.390529494688971
-0.501583958439578	0.264196031342086
-0.452189027589758	0.347809799175209
-0.231229142965904	0.17512297144631
-1.17697265213908	0.661452154166764
-0.677378772921876	0.465903021059531
-3.753325756616	1.50774999821741
-0.624582031923329	0.153403426322781
-1.02734963908132	0.419609489752489
0.519478061083296	0.190484525868409
-0.14537069997032	0.0533503794450636
-1.29144079091075	0.59686921137829
-0.616852278726524	0.498847004418642
-0.44047587341328	0.338462311512245
1.12061839172977	0.979905567858008
-0.652682151028491	0.383399298348835
-0.314527763921968	0.145707404519845
-1.0446117452596	0.811523424187409
-0.684344123938514	0.474009275524191
-0.43231105472934	0.420261392408122
-0.238015218466192	0.154097942167027
-0.880846144295924	0.872339531630359
0.000290963321958187	0.000315801394417323
0.563858734352319	0.444875887759906
0.184066431712965	0.130606670515226
0.156556824027107	0.0945180120839293
0.167654178316087	0.113286377838546
-1.35010131274272	1.70182521004322
0.784028487072733	0.727107114130296
0.876409938561299	1.09052802137306
0.536622590234714	0.532697100220655
-0.539084632908915	0.444112192220761
-0.310140296224431	0.250053902398599
-0.502174760656348	0.375444084302052
-0.490623049861235	0.257850926129287
-0.275627295015257	0.171974667547366
-1.12965913036419	0.345874034206289
-0.693101889813327	0.542081588419484
-0.805245739830333	0.609407933048169
-0.516757144961921	0.471509732697578
-0.243549810771356	0.15751370028926
-2.57393942994101	0.680804613621979
-0.220109901011941	0.0723811542078152
-0.219259833165648	0.0720995324237527
0.135203879879896	0.0525829815589903
0.358606017701481	0.180339473111905
0.158039652608884	0.0828274160938892
0.521018920917093	0.445887943304117
-0.188254839071857	0.0997329540485251
-0.462270247359529	0.307044198014117
-0.526398453134181	0.428830803525148
-0.902550739666155	0.748283686910214
-0.33325768282532	0.197302431126257
-0.688487128775815	0.544338387238688
-0.295594105750217	0.214639158613242
0.0624336522753152	0.0399893423866
0.997339444135876	1.16087035554598
-0.618260567476773	0.542789784941187
0.194012124872258	0.17123253545859
-0.540187468568445	0.449456775778911
0.781163353166726	0.825310428023072
-0.509774275791561	0.528234891442376
1.14107981652323	1.38452008808427
-0.444112566545693	0.439744058128461
-0.448543939461396	0.443381026912605
0.618102703550542	0.46165467670551
-1.20783283509196	1.38710101860945
-3.45656556517559	1.24745399482219
-1.46281147790193	1.27815821080818
-0.788967736625826	0.597153563445473
-0.0162406821823138	0.0106925399705829
-0.804181665522681	0.61174057988153
-0.28920275830124	0.238984822450756
-0.475222270230454	0.438844818736406
-0.503251134300168	0.377278784083414
-1.13492041310201	0.349384486959602
-0.989347254003255	0.503518651055263
-0.318571105571369	0.147620578713523
0.140458685837752	0.0724708675553247
1.52100342228085	1.26611595164556
0.31046148286112	0.199382298584971
-1.49874044389978	0.778455311524854
-0.352890043734585	0.281720716497173
-0.40993164947319	0.231862736456309
0.431297995256939	0.323941973412116
-0.250130685638429	0.222859714545769
0.424774377883071	0.320464226002708
0.0434249257507991	0.0249970427435635
0.271680063639766	0.231993154415575
-0.228986378975636	0.148554298772356
0.786225058977569	0.825997822822582
-0.445321937759231	0.341139568409523
-0.307049112593188	0.248283614174069
-0.459130870961111	0.302433299299212
0.503070474590563	0.425064009527951
-0.12709475448057	0.088098551812737
-0.535143557964921	0.443610046628878
-0.497777987728482	0.420029659846031
-0.343255097309753	0.240907087079943
-0.565477533711488	0.504436657524961
-0.7072958487834	0.693097057998682
-1.51425919312654	0.549483381615373
-2.57450915234243	0.686119713628322
-0.194911998099514	0.103950683036213
0.154653348668092	0.0878537165599915
-0.449064815020512	0.343911458262382
-0.691558474711583	0.546022126825807
-1.28688628993795	1.56845936261364
-0.245664653826177	0.123583049318942
-0.121974584211458	0.0715065555542994
-0.0635463920535368	0.0277975053684857
-0.961652805426225	0.586175281144782
-0.988444331657725	0.490538331010182
0.141246809977989	0.0675310493123094
0.92163440845949	0.788624902973974
0.478649981128569	0.323734452346171
1.11370739502621	0.834068930902886
-0.0750261739864598	0.0325950920742941
-0.284072134597254	0.233973813064033
-0.687340874269565	0.540410730180963
-0.340495387563831	0.241811162566956
-0.0879088297556269	0.0535150999100753
0.78887322102921	0.824296006421692
0.843150746608408	0.980611780399568
-0.292119889500816	0.210752111174846
0.186462862674095	0.126330923392956
0.413130152545815	0.324054596807667
0.0961295835340897	0.0720280968308251
-0.433595117512104	0.328100609020319
-0.625485105934479	0.723254061616634
0.0694957115341618	0.0463145353542259
-0.256312204884114	0.22728072328578
0.0166545459492075	0.00896129881815785
-0.508166274564935	0.382531522028991
-0.298744497020588	0.217350516243822
-1.0085332203853	0.897190892114633
-0.795614234682307	0.608911861740459
-1.1778142171217	1.44807700322351
-0.791820461764227	0.74163696223187
-0.413577878923189	0.23247151420118
-0.216721090826893	0.070460370724949
-2.57936018855439	0.682903044011602
-0.65541915092983	0.384744583701235
-1.24865861477207	1.14635586944894
0.141207809048545	0.054994308517659
-0.312582498230068	0.145883025775912
0.142787768424453	0.0556070724421697
-0.661723135258231	0.631299561988832
-0.0328203688696256	0.0153680916225703
0.730880943966654	0.600015672926518
-1.23651876957419	0.92630131569816
-0.0316862876203881	0.0201736341857336
0.188519746427136	0.13902490269996
1.04648808451179	1.0874676592267
-0.172085274305013	0.117649986528038
-0.27751044885538	0.172613351432539
1.76212109421305	1.36988608287543
0.164528213881785	0.100411372076571
-0.447997105020017	0.342271659849667
-0.189629394306281	0.101531577134304
-0.196687808322914	0.131782350135639
-0.221549116887011	0.0733586886722837
-0.344548848987315	0.245515976623853
-0.792850089210041	0.518986509287251
0.126233663076664	0.0537502968044369
-0.610895513519982	0.297752930337381
-0.796561825573636	0.43763088616596
0.597806200245749	0.313287900912832
-0.102933970437381	0.0597945117900314
0.0301069089314533	0.0160057941644926
-0.154578448878367	0.0860054659342877
-0.103105617218383	0.0599438458127089
0.049324165534136	0.0282002351833486
0.180004115057679	0.116718660900866
-0.120235938157868	0.0704779940302653
-0.14757487046001	0.103407658136755
-1.6825501533422	0.969013878554601
0.153953297746541	0.0803562347748931
-0.133975482501726	0.0928081265413052
-0.188557796421662	0.125501989585407
-0.056838235631777	0.035579345433719
-0.343696379135393	0.274680526094552
-0.299101272070372	0.236973025469042
-0.086390167125798	0.0615850527963582
-0.0935432338852962	0.0568082290226863
-0.487473077471656	0.475269134378053
-2.4719126415015	1.41080523693164
-0.393737570292483	0.167638796641671
-1.16491959003456	0.998255228779424
-0.986307707209315	0.500533328307261
0.141817300323063	0.0551396791983983
-0.704947674434599	0.612151679579002
-0.555888742789877	0.348406896733399
-0.245163588001078	0.123018937064667
0.47549113086691	0.319174179052816
-0.924821274255943	0.673600793192863
0.603222453068306	0.452583759036741
-0.544421003873959	0.342556708307297
-0.660303904610795	0.715370093506209
-0.111332839346847	0.0656375005961581
-0.0870191329222558	0.0530399577618669
-0.106518829958705	0.0614360606685542
0.178238808042985	0.130098104206024
-0.311132532800748	0.22662004547069
-0.720077843736312	0.732469826322654
-0.314028162432687	0.144276790556903
-1.51425919312654	0.549483381615373
-0.191375000869344	0.101958203700098
-0.332283668832779	0.1962698018
-0.192781368827581	0.128987800274321
-0.241636993636036	0.120640478137815
-1.47080390819675	1.29216404703261
-0.436509586992197	0.374977401109474
-0.443083775520615	0.340535621842914
-0.483487939451421	0.406569407210356
-0.782656789733702	0.659955550189817
-0.224366804519632	0.0741231334290571
-3.46056115971004	1.25132587477871
-0.658154629082641	0.388579463609216
-0.52402013054653	0.203694200281952
-0.395991800617787	0.168840395606477
-0.217602968474122	0.072079936429114
-0.69750867552593	0.552826358561636
0.910054483383619	0.774216372003142
0.271555259297577	0.224598184319088
0.182038822058537	0.117354693211796
0.843786449563031	0.601686952986088
1.04115747740291	1.08537391649677
-0.193631864394499	0.147928506373446
-0.686330603294186	0.541413072044256
0.268367489211613	0.23546180682362
-0.032654141346875	0.0154581395438371
-0.283493458033272	0.176695384999405
0.166071484909317	0.0944252277095369
-0.63718824702278	0.564873727276487
-0.505475237281061	0.37994455088946
0.158713281422671	0.075922215352071
-0.471644842247527	0.312356044325416
-0.79319411808844	0.438986447672598
-0.428511797611312	0.323719666683166
-1.72290763095846	1.42173010321915
-0.199965162950647	0.153063450820529
-0.58591869609626	0.427418051916123
0.0234331055613009	0.0125280627494014
-1.13345886337206	0.34828321496857
-1.0209005117101	0.412125725713164
0.153249906491727	0.0663919191221858
-1.81814593327299	0.757477944035012
-0.380876167364016	0.326386856960983
-0.605665703723395	0.493283556888313
-0.354902748600111	0.311713523421628
-0.36117093506151	0.253753485079359
0.149069581142614	0.0649019495188531
-1.28408896783253	0.588311969856826
0.150987968499307	0.0459422956002911
-1.27930512577485	0.595095920645693
-1.05886978018171	1.10465030461061
-0.785425816263738	0.787599565373877
-0.144949652683535	0.0817111573912485
-0.675117038993165	0.463797464319105
-0.56759150401298	0.514246959812848
-0.273503099707748	0.203013018450814
-1.34869310877216	1.3278852416097
0.160708241683499	0.0974353526351791
0.192512879729442	0.141681915364351
-0.957901559636827	1.0022807575579
-0.802856752641783	0.528221088368916
-0.150086933275501	0.0848542463811099
-1.15158238740324	0.988704424281076
0.679002480392121	0.577017500733613
-0.608654506166266	0.295801754807353
-0.255026897583106	0.127088714089559
-0.248829068599719	0.124639701897521
-0.188455770471422	0.12510953621969
-1.10333066457115	1.05515329897716
-0.915819755404771	0.752358335960933
-0.258358209913775	0.191926496420409
-0.868135585451295	0.855209604855759
-1.49069799174085	0.76902486725607
-0.922019356348055	0.664420510153054
-0.168145951085902	0.115354771998459
0.0583560009625269	0.037289311222455
-0.187906245897422	0.0997119069553705
-0.954038515795531	1.00949336066435
-0.352545247813816	0.280486910749218
-0.154154862490974	0.0566375929839067
-2.57450915234243	0.686119713628322
-0.0721301330282453	0.0436988249383682
-1.3286284175677	0.837008661576981
-0.39867649217506	0.313554843061255
0.149069581142614	0.0649019495188531
-0.594954657819776	0.430482441440651
-0.699454215553173	0.548860050303811
-2.1176281636532	2.31194530842144
-0.603580181793657	0.293492660009994
-0.583389341552321	0.425091600103984
-0.396562550829273	0.312733900757794
-0.0507559267797223	0.0317677523447133
-0.280646991356693	0.175016093714009
0.664395046950912	0.671843757976501
0.570446165909568	0.440903323412359
-0.582561785458921	0.424517955902115
-0.221549116887011	0.0733586886722837
-0.532016506554939	0.205038476954774
-0.14121178309017	0.0794794416613955
-1.79541110556836	0.406108159138969
-0.700485473763307	0.553116828237112
-0.268304258174265	0.166489043558877
-1.55197800159128	1.47805084167585
-0.535447166120722	0.444542469621266
-1.1618058273333	0.999567938582462
-1.35204900942076	1.09799770760402
-0.633892594799109	0.605338239342573
-0.529215266239228	0.393543403289524
0.282805107810092	0.219522184399152
-0.319912743689129	0.148379626511564
-0.243058908144267	0.121715056368332
0.015447528748751	0.0125134328936915
-0.555329179300601	0.348799298198894
-0.790602706285443	0.517688486068579
-0.350191590281639	0.102610881125832
-0.220404038835599	0.0729168656391525
-0.395674248652604	0.168391716204085
0.155486414338603	0.0672256620856001
-0.731086783026683	0.253036444032461
-1.28384654567062	0.597216174366731
-0.0935725183995886	0.0376428264079742
-0.142036713204004	0.0793727409364774
-0.0608021948587106	0.0267041273360175
-0.0967814521612491	0.0391025954476972
-0.69933335804477	0.554908942015442
-1.16544384714718	0.65786891195934
-1.28624234459102	0.594941965574939
-0.410134615359017	0.231548350647145
-0.784243201692135	1.10965001630931
0.0909620653725884	0.0849625418461166
-0.645300968779689	0.81888824380207
1.57484731367242	1.66060072338353
-2.03653738688951	2.10619937181471
-0.959766836942154	0.591270633165935
-0.155100066330331	0.0560017485945854
1.44638353314654	0.908376591071996
-0.154620476741282	0.122056229785483
-0.224127875112959	0.169436285431523
-0.499208162185503	0.553418413181953
-0.377511068904911	0.476015350260818
0.321411602218902	0.317908728006675
-0.577195512679562	0.640058453155083
-0.221069521248374	0.258455844001713
-0.649922899547539	0.38241772628338
-0.489280766854271	0.257343067415587
-0.720724982768529	0.249295208299825
-1.03978903438032	0.421120383022407
-1.02354677386196	1.38147853557157
-0.493927005233093	0.261742626134863
0.446849742346894	0.183685662671941
-0.731306141239577	0.257130066262645
-0.134920389807554	0.0750346399054743
0.28389211977022	0.211976608604487
-0.394920724027363	0.45924154289639
0.48826386253471	0.520705833835313
-0.867342277762034	0.979581667364303
-1.18652475692189	1.80581589121677
0.169736922735282	0.128286782896776
-0.433848506796112	0.452210423056696
-0.86162077100166	0.969321842254605
-0.631039036968209	0.723037938389435
-2.44833624226489	2.35529544922587
-0.189422802842882	0.100933130652687
0.155527670757333	0.0745668071060878
0.144722032390523	0.0561741813106704
-0.0233513691223781	0.0110704649593925
-0.522938609184387	0.203337039703685
-0.142363023274141	0.149482498521281
0.500394271590788	0.441395469245302
-0.573546658251606	0.633172735282768
-0.891583922623817	0.815263071816123
-0.451836597705879	0.480196508489804
-0.120917886728877	0.114566325304287
-0.337462253932158	0.344348651757829
-2.54747569811463	2.62158820700149
-0.105951718032754	0.0425412033264212
-0.237592151059946	0.118272792498676
-0.30459939240262	0.315562128244801
-0.147701622504949	0.0538081871738937
-1.13183121902567	0.343499645696538
0.147142932159236	0.0509873558125847
1.03616406217909	0.39883276251369
2.12041844499872	0.96077521211255
-0.396961333937204	0.169069226575145
-1.51009345022257	0.545190528961888
0.522443105176507	0.19046942739914
-0.654555042454692	0.38427460241691
-0.221549116887011	0.0733586886722837
-0.347343651948862	0.100521829573696
-0.727076542516005	0.253677508869169
-0.812851332474309	0.530254974088482
-1.82373483340545	0.759520768730619
-1.13453748317733	0.348386420481102
-1.7084177252942	5.1096302700273
-0.29780454549782	0.28477043097056
-0.695890099070406	0.846496919445277
-0.274971387281651	0.351119426252955
-0.336893264379974	0.419206094673807
-0.377409714512105	0.425071320544157
-1.47921987386616	1.02297830538568
-1.81697249352039	0.755161927952963
-3.07968455989498	0.963635125148535
-0.155250915086232	0.0872540462631921
0.0019368575725208	0.000873549212702923
-0.119405474980033	0.0700093872310721
-0.0396211825730188	0.0359636601367331
-0.171265618101226	0.209158439639961
-0.096129033050629	0.0983772462825348
-0.345199843295916	0.346195718956749
-0.0588718423402831	0.0579090526531023
-0.720469129666537	0.76518025146987
-0.52402013054653	0.203694200281952
0.691672786692739	0.328121208658672
-0.149706642409505	0.0545689613720988
-1.81555072674751	0.752836446371321
0.160400851667561	0.0483731984970343
0.163094953310193	0.0494223382636678
-1.14235343443303	0.349148050508889
-1.139798321011	0.349782272227464
-1.5208643075246	0.552186247107342
-1.10160190607598	0.753314991414968
-0.347547267427298	0.327423396418801
-1.32951897473987	0.838074516242191
-1.0234029277996	0.414343036193287
-1.82812405911245	2.10313213102717
-0.110121863918311	0.106086793727504
0.110642594428356	0.08537379887966
-0.86848381647298	0.930852215624236
-0.255061279272229	0.228935982623309
-0.0342038018563629	0.0288993526593859
-0.0322935415892348	0.0297231051853279
-0.186666983264438	0.203982312583389
-0.768614199670221	0.845247681692997
-0.245664653826177	0.123583049318942
-0.0233568181143959	0.0154067860552483
-0.456979427304672	0.705934733160561
0.0620843334762233	0.0543340719518004
-0.108167508037916	0.0435912033011045
-0.495173501756541	0.259543099857254
1.23070946188351	0.998316998936077
-1.03530796870446	0.422510492431002
1.03654154158417	0.402707767551167
-0.520024315525337	0.201968241826799
-0.214580022946317	0.210797194093869
-0.445867447507612	0.33963083975962
0.254529215275831	0.226341629608804
-0.959865530031117	0.586835150761383
-1.49814933855466	0.775420196438435
-0.701365527282199	0.615099382168992
0.652825316134594	0.587028435257572
-0.63533212288832	0.602618353119262
-0.463187730659203	0.428004068588194
-0.458514965942298	0.300658250486782
-0.250628188117349	0.125268922601508
-0.0573777898484942	0.0360051375113589
-1.15028283902971	1.6059015966419
-0.0215968424549792	0.0103120255135093
0.0166136355383485	0.00902247211008958
-0.0590119867289962	0.0259644800775804
-0.357142611095537	0.102706874250364
0.706509656459127	0.456664193761403
0.308415942800228	0.195690334662161
-0.499824983929094	0.263738487248852
-0.410695148189784	0.174087275578746
-0.105559646066601	0.0424148224102089
-1.60187647048277	1.19933087030919
-2.47292732715865	1.41210091807372
-0.958087234658424	0.582297170394242
-0.148718663488667	0.05422206968055
-0.976921427395553	0.957213256104762
-1.07243500845514	1.11388690552215
-0.382517095797726	0.257070849095296
-0.419552493966042	0.352688557478
-0.874152380063389	0.930398909815179
-0.606380588609751	0.485612797398364
0.850289017082962	0.871944039279333
-0.129961537559318	0.0907102109745868
0.445723621545626	0.411086162161023
0.348251071115589	0.31825600552191
-1.49150365612714	2.06202141985607
-0.201797460576734	0.135014219254943
-0.0292010187335644	0.0137065947376052
-0.783572331370353	0.34553217732444
0.710601788336046	0.464945765437162
0.444825545550006	0.178971106913869
0.151147710779537	0.0523193888171726
-0.0972961177030373	0.0391005996667685
-0.684891883308931	0.539531215042994
1.03535032731158	0.398385212491039
-0.406342549193427	0.173701308354649
-0.0617848660619328	0.0269427683128565
0.344418239592355	0.169985822929186
-1.10380286205895	0.749700175494938
0.0922919753282115	0.0665440326257749
-0.338874343712922	0.203026609582424
-0.801262463196196	0.612135373493344
-0.400984984597986	0.225171265492116
-0.621030288594269	0.295844016479564
-1.02568204260639	0.413936713360555
-0.955393619484786	0.586346532687928
-0.727420399689634	0.25376364736154
-0.0357657178596647	0.0168197635741593
-0.335198293609505	0.236631299150602
-0.351262301307046	0.331935280781974
-0.687767914641723	0.54157528441334
0.17034797386489	0.103463779935709
-0.694881548726339	0.599284476695826
0.163177076567477	0.0920052447929307
-2.36888027025303	3.00772715287948
-2.47058470880207	1.40668429027229
-0.335166905855829	0.199898543441236
-0.142082766079863	0.0793733556630222
-0.608720979637501	0.488130230842275
-0.716909090940445	0.732800106204404
-0.401975592905748	0.226902567618339
0.294839298308855	0.210615638015828
0.0583257989595599	0.0355911202465011
-0.128157170660731	0.0911877429797027
-0.793289514227465	0.679717508501998
-0.890184282796782	0.812507658628244
-0.406694831851438	0.228542576857013
-1.50387762896899	0.781760630908673
0.553454403106201	0.318161624424138
0.0269679701964148	0.0143637008481955
-1.46780315474677	1.29324847870407
-0.717234224113172	0.684306412113594
0.298892180737851	0.203665316431873
-0.380733552920187	0.328929170429068
-0.464582947287403	0.305540814552491
-2.57393942994101	0.680804613621979
0.152489836004519	0.052740500279662
-2.297073988767	1.18389011045287
-1.48339044733273	1.0262843669743
-0.466817082428957	0.309340562052442
0.0683928194733395	0.0441061785299863
-0.67620953830784	0.463252851822568
0.663945289305261	0.465131428333246
-1.34025172944422	0.848298716130678
-0.609582492901003	0.296208939108801
-0.784341870528225	0.66442955339148
-0.342271930757364	0.242909169442637
-0.452536391274268	0.349483045202052
-0.399333883367041	0.275699106193794
-0.334020449989478	0.23511340268709
-0.19773739865541	0.131551996321597
-0.402612091802	0.314006815305214
-0.430641888710624	0.369833463505414
-0.78960581558608	0.725736562841356
0.166865383220153	0.100657444429984
-0.40734510967046	0.229401267826804
-0.228358576380837	0.0754206022353645
-0.481081500444442	0.245915866545474
-0.0753817097324117	0.0547760288689382
0.421193198040498	0.331679977331035
-0.784221007033423	0.72405524371997
0.349531066699291	0.192202107522462
0.157819500886876	0.0479964018015095
-0.413915999591002	0.175262696105096
-0.195241119223703	0.104473496326592
-0.0622121886426164	0.0271906046643111
-0.813710955390616	0.529826371963782
-0.406342549193427	0.173701308354649
-0.962477284671907	1.01177700331721
0.154987443767022	0.0818803769819398
-0.192943236459038	0.10208146931675
0.339726117165447	0.18762243616706
-0.150967044729298	0.0847649651109328
-0.402697807327056	0.225820347234228
1.33752509333875	1.38319617522467
0.0188681611546797	0.0102064698317892
0.643766298419175	0.445997891428986
-0.261388876421935	0.194191713409316
2.11121372988457	0.963126869077612
0.384459356664555	0.173850814872103
-0.199446695147456	0.153133687830725
-0.298737664472707	0.215739661156608
-0.0866557653929889	0.0524662529063394
-0.360133773046653	0.254395422240138
-1.02389938323518	0.896272636909614
-0.0304201426345707	0.0143317311419175
-0.404132283339538	0.276748252258897
-0.247881263394141	0.12398636562424
0.163537371267931	0.0991372242200066
0.0726439153894186	0.048792136438664
0.0448046502749475	0.0272154460413634
1.2360544792304	1.02515944313678
-0.00283418744277084	0.00145971249014061
-1.17322545466162	0.664172846602787
0.161910749638676	0.0490513039831909
1.03634162491416	0.3991693364154
-0.154080721580194	0.0564960500422514
-0.220197117282581	0.0723617793176304
-3.45947707291401	1.2418726498034
-0.344991553778112	0.100675971877677
-0.798287574681749	0.435427520337246
0.157056474373317	0.0303984095560313
-0.0618667059355226	0.0272089423776807
-0.433906674482185	0.330654262991065
-0.684586904135278	0.535847726242748
-0.339689629328073	0.0991873938654728
-1.09136729518134	0.739937911113331
0.141595248893409	0.0490443609015525
0.170091149892076	0.104105841681417
-0.142141313951184	0.0796379922145801
1.02092844854982	0.950407298699861
0.301485619585338	0.215568227316112
0.776204988308677	0.71547617963744
0.322238434477351	0.192132527532671
-0.340069550276449	0.241193526525593
-0.798809412400821	0.439693662791632
-0.518104588854245	0.198465389927385
0.391377590712201	0.178942731741699
0.521613531324259	0.447134185735324
-1.0457408761697	0.831563440618515
-0.105951718032754	0.0425412033264212
-0.806834799971961	0.68791042108297
-3.753325756616	1.50774999821741
-0.78857252807252	0.667292761379166
-0.0080505989427898	0.00394599652204061
-0.33867560254613	0.23678648210367
-0.0581336475896234	0.0255165118530657
0.17290205922029	0.110954036972552
1.60541169278347	1.11911141476561
0.505731027895913	0.318173962599254
-0.783819483362835	0.655052938868588
-0.341000902881813	0.201994123559919
-0.579178856056529	0.41883963135257
0.291006893795088	0.215652285545038
0.390498272917616	0.311056713931066
0.142669766762828	0.0681350922654211
-0.987636458957793	0.961143593571293
-0.545888016034778	0.451804995537352
-2.57450915234243	0.686119713628322
-0.552298943052451	0.34899537529032
-0.239459379862608	0.119640792706068
-0.630732478411191	0.153857382309032
-0.569039491810728	0.403915422524243
0.00154432421543681	0.000643466928676828
1.5189516365676	1.78437915327263
-1.17367846540392	0.67169729017599
0.673553513601153	0.218109822226041
-0.742670947234365	0.255010943967333
1.32009994350343	0.587255735938407
-0.721783751651319	0.251597360149973
-0.155379670574677	0.0565938569368348
-1.17045130525639	0.664973729630441
1.38627569507704	1.03957567373515
0.945615480297834	0.62886563569113
-0.681458686706421	0.473184790873721
0.174265054912358	0.118480400995568
0.995025850972372	0.798442566625206
0.611670589758601	0.457517943320457
0.340701332761958	0.187246284926934
-0.334223726069218	0.200466845138691
0.656488970355633	0.461068664209943
0.166296086758096	0.0788845275202146
1.24177193089828	1.03094265533648
-0.912105902530209	0.757147594068331
0.864947248724748	0.630880568014777
0.716307565102603	0.467360155398402
-0.620532430720798	0.300930790537835
0.184396626351221	0.129976353467747
-0.0118546250937409	0.00581107379471292
0.143979486995189	0.0690574325201522
-0.546394730183943	0.345205054578605
0.0548941330096299	0.0351751937035897
-0.469129473317608	0.309904961034326
-0.6879632531074	0.542609378853689
0.174369788208373	0.117082061360999
-1.33464962756842	0.848045274979162
-0.614590528908263	0.300181664200839
-0.724716701361779	0.253084880212333
-1.79541110556836	0.406108159138969
0.157056474373317	0.0303984095560313
-0.624582031923329	0.153403426322781
-0.19274170888865	0.103091715912288
-0.622732283331691	0.299603465733923
2.75734920342264	0.799800653832186
0.167211965822622	0.0499310747495658
0.148738227464701	0.0511351524576854
0.869309680738113	0.632646256043935
0.837593783923463	0.74850356622024
-0.341192392638002	0.2006562116905
0.0281568814058859	0.0162475313448427
-0.889196481252248	0.88778657712332
-0.482974870360455	0.251508702470864
-0.445117456680579	0.338161201479545
-0.803070467013187	0.436959263102009
1.53771198635405	1.30102669911587
0.499805182196224	0.30853577806937
0.343679476548339	0.189512310064616
-0.343268806146835	0.0999183449449793
-0.65318763207629	0.384203188558656
-0.35137798744179	0.102393082124341
-0.220610815050773	0.0725929304678882
0.166760634916841	0.0427859605507963
0.166760634916841	0.0427859605507963
0.173098035606419	0.0436660682371104
0.165310764697054	0.0422104497686673
-3.07792320695436	0.955710221735997
1.45606145484126	0.491057209685398
-1.1412609968196	0.35088828313214
-1.14655172561439	0.347944063488547
0.167125285140998	0.0422176691573725
1.03376095681478	0.39809706574288
-0.223002041835152	0.073276211453375
-0.979636149757612	0.492241841705023
-0.628447709775194	0.153171179772782
-1.79522376365631	0.406159618358576
-2.57450915234243	0.686119713628322
-1.80012731460838	0.40572439661199
-2.57393942994101	0.680804613621979
-1.8193202809442	0.7576566965492
-3.45442672204145	1.24810798046793
-1.79522376365631	0.406159618358576
0.166760634916841	0.0427859605507963
-0.619634069394611	0.151716324023864
0.95292022183415	0.255029382628136
0.158321872008447	0.03054890339565
-2.57936018855439	0.682903044011602
-3.08471213635442	0.965314084973475
-3.75448747115041	1.51208464914552
0.157631418222578	0.0304971390385879
-0.62409333671727	0.15194082521988
1.45875777005853	0.49161470941807
1.96025897070573	0.471212877436839
-3.08976598879865	0.953303162204477
0.164164509697856	0.0416462564743448
-0.343542423818443	0.10090975164114
1.82604050116992	0.728003309996437
-0.628447709775194	0.153171179772782
-1.79522376365631	0.406159618358576
-3.08381588002162	0.95918852957187
0.672365927723615	0.21584689717513
1.96025897070573	0.471212877436839
-0.619634069394611	0.151716324023864
-0.623695063230009	0.152227657420805
-2.57393942994101	0.680804613621979
3.26315080491707	1.11564490325583
-1.1412609968196	0.35088828313214
1.45461172869713	0.491065821848087
1.44824908922374	0.485976898894524
-1.13492041310201	0.349384486959602
-1.80012731460838	0.40572439661199
-2.57450915234243	0.686119713628322
0.1588995276689	0.0306480879354901
-0.623695063230009	0.152227657420805
0.165310764697054	0.0422104497686673
0.957871568697817	0.254705443855955
-0.229505410798325	0.0753532432921718
-1.81814593327299	0.757477944035012
-2.57450915234243	0.686119713628322
-0.623203514518812	0.152886975065438
0.956487790679547	0.25443416057231
-1.79541110556836	0.406108159138969
-2.57393942994101	0.680804613621979
-0.623203514518812	0.152886975065438
3.26595066981528	1.12514815365216
-3.45442672204145	1.24810798046793
-1.49975801698483	0.77960100677852
-0.300481634476441	0.219454023863491
0.172679272697553	0.111643168943784
-0.478729331822689	0.40491971326935
-1.3444587158069	1.08693564421702
0.383684087295883	0.323809354017108
0.149944228846506	0.0784243819216425
-0.250001572030851	0.160894731686555
-0.129251008733277	0.0901776612817599
0.296788395674717	0.213336269979471
0.589881815664884	0.642063789963606
0.0422181288903079	0.0242461713540942
-0.726387863186297	0.828809042426752
-0.255599315787502	0.188170286402994
-0.444034284432408	0.342648018045769
-0.556490163493285	0.349760959294169
-0.159513824343925	0.0584877561943233
-0.0167772003785861	0.00808567992457908
-0.615467532168442	0.299126559419087
-0.156608173978623	0.088157234346005
-0.696560196743685	0.549642548818377
-0.895132439244285	0.729856427510503
-0.308756221926987	0.143133676726078
-0.543927554574615	0.338493019146434
-0.727076542516005	0.253677508869169
-0.623203514518812	0.152886975065438
-0.356890995770702	0.103287401814614
-0.399090488436148	0.170073668796408
-0.0304042572919432	0.01441158253198
-0.676199312693974	0.472228972942301
-0.918976307186256	0.742247705287645
0.144317752651947	0.068536570334086
-0.24082163155039	0.119611851312575
0.724714916713394	0.597671119735598
-0.198612015032018	0.132545841028522
-0.248751805615027	0.124517765118238
-0.114732947186125	0.0675104048648235
-0.79835349567003	0.438526988737475
1.52323306577449	1.27557184823483
0.168680517883557	0.0962625957041226
-0.406087076150079	0.280042231975439
0.532061602754827	0.436997180384294
-0.118216214047616	0.0689242019824768
-0.606675651836585	0.48645399610065
0.018346626405718	0.00983885858567727
1.08024908197437	0.666118922519403
0.445559696059655	0.183481849511998
-0.962643272983593	0.592509714617709
-0.337220932747287	0.239279130990398
1.75294983633159	1.33718043224186
-1.34364329493222	1.31853505275612
-0.438579686123246	0.337677096886794
0.18332096392989	0.130260018520824
-0.909077355931783	0.74652251722506
-2.57507908676252	0.680490038595289
-1.13561687794397	0.345868911390132
-0.725896158891892	0.253805951910148
-0.724716701361779	0.253084880212333
0.160510100025773	0.0484285557089307
1.04576120249791	0.507317009440991
-0.927927275277118	0.675094857269372
-1.4693480065579	1.28507809163281
-0.613071741574674	0.298382997573759
0.677522478838106	0.579625166469356
-0.53931785632297	0.449112604371459
0.983491157036802	1.05914783178339
-0.618143878869207	0.302268120309292
0.171783110908855	0.111063438504161
-0.400375131161567	0.170476605274052
-1.52870746992591	0.547176991062459
2.9099798114691	1.98461340712129
-0.954441196854951	0.581217201591731
-0.661077666890147	0.388632729897191
-3.07968455989498	0.963635125148535
-0.629137157113952	0.506420317059122
0.434954081411547	0.326795995706341
0.498609217341807	0.309274907648866
0.337486345270719	0.186271903157627
-0.190782967015007	0.101043203336349
-0.153238647140562	0.0860783450487068
-0.156925643471908	0.0574850760468255
-0.0815682892561639	0.0496925548488018
-0.14386396487949	0.0806932105628533
-0.345313416473277	0.27328317317356
0.0111515669625882	0.00765587245517011
-0.463944119288154	0.308121099722247
-0.709165636725368	0.61689057993925
-0.906508188043366	0.75152101926766
-0.199384170714918	0.133217012450768
-0.337444657684139	0.202141395506107
0.909085182896137	0.768773422645518
0.139084388887112	0.0662324489888597
-1.35225369088727	1.10151800615971
-0.281523965680014	0.175603922152631
-1.35628521834695	1.35088803476747
0.194899884745078	0.148450903449667
0.0534368389582339	0.0324855293267531
0.0214300982618598	0.0114816213377636
0.386311910035253	0.175824599283655
-0.46166763270241	0.304143940326671
-1.81672391556845	0.755139764558434
0.162378104800928	0.0310834456145106
-0.624582031923329	0.153403426322781
-0.771731103251104	0.34418423749677
-1.83593506696427	1.62864746723371
-0.449960563599223	0.291339044224937
-0.688584233859603	0.542472072695448
0.129197009496442	0.0551910876297855
0.530022335096334	0.192519095657112
-0.732708626851589	0.255851771606928
-0.394926556522254	0.271752506828854
0.0456553528511895	0.027902845745184
0.33799839313257	0.186721622093663
0.311777126950257	0.223134102402874
-0.190406581055531	0.145644270209975
0.15885213379279	0.0829053281311742
0.650866580155802	0.68177181932361
0.147142932159236	0.0509873558125847
0.459928442219748	0.32154692344327
-0.654116041769824	0.384964232699997
-0.143733957078174	0.0805702697675866
0.391212456678204	0.174532882265669
-0.132927206721259	0.0737814352111896
-0.332664225267391	0.195983376493668
-0.699048750070672	0.551164734903975
-0.411966824647497	0.229962705858316
-0.175410162031614	0.0919856845222069
-0.073990024510337	0.0445926160579459
0.572404141714143	0.448411140315443
-0.590463329792965	0.417263465158641
-0.767372534252304	0.342433422022686
0.823243467793322	0.353586596514582
-1.52605933154948	0.547724824134213
-3.07792320695436	0.955710221735997
1.3230464333918	0.587737669083066
-0.334475011898024	0.199542526115625
-0.295311174213233	0.182811557154582
-1.44601491453107	1.7030279159528
0.539357456366231	0.443332933412962
0.410572663295646	0.32108354506422
-0.0204646935295177	0.0134039638097131
0.408464850564055	0.32218358790827
-0.958016093429607	0.592182976881472
-0.932063519826736	0.672072376874737
-0.62935300969794	0.153342878403685
-0.224144725632482	0.0732219083557978
0.706297803695645	0.459692418019603
-0.670938851059057	0.464903713131515
-1.51009345022257	0.545190528961888
-1.79541110556836	0.406108159138969
-0.526825150261652	0.203779750205465
-1.13599688789171	0.349486711323194
-0.999072473883935	0.887330551061211
-1.09943443865091	1.05156302841853
-0.18130538079194	0.137365374530579
-0.0139994655958729	0.00920027779240297
0.334902306367476	0.18361434921985
0.317436169843052	0.203631165142052
-0.403196887484221	0.381399571231985
-0.718916406216564	0.735277212539295
0.649353541380842	0.57934110088873
-0.253300534745519	0.126370467661506
0.15997306202575	0.115353590913138
-0.224492730131375	0.144292991545335
-0.549867625420372	0.488108267037488
-0.324903898241615	0.191791339281746
0.758446633951589	0.911043275216956
-0.696890279126477	0.553770630885664
-0.199664997614676	0.10617243499286
-1.79522376365631	0.406159618358576
-1.51396593073936	0.54893460092185
0.18746615134113	0.127115381154263
-0.0954270672675942	0.0383398929334079
0.186082166119465	0.119788069136514
-0.134566340276339	0.0940706209127837
0.691134837306651	0.594534932366142
0.151121339053745	0.0792351947458473
-0.498118433266159	0.370099919681454
-0.104966324124862	0.0424807019377
0.1588995276689	0.0306480879354901
-0.514811727267921	0.193729154590563
-0.929019324042064	0.675672747285006
-1.47972918576498	1.03382915883547
-0.320788257419621	0.148088024428178
0.863564628749898	0.62941832683998
0.89359241544491	0.489399291828786
-0.104037002538712	0.0420367866695518
0.950720865857992	0.919192475260625
-0.586209387970824	0.424662840946495
1.38994528824273	1.05767412384341
0.28473015538361	0.221745471120232
-1.34163372914122	1.09467535385363
0.841375459500429	0.746162148937335
1.12167479631308	0.993600261337865
0.783439997207815	0.603163699367809
-1.10119332513087	1.28525532227009
0.58957763315222	0.463129354001805
1.44303958899009	1.60848148216035
-1.45555735138006	1.28165392181273
0.655939743353705	0.459034891289064
0.554746018055129	0.318533525354874
-0.393229364655416	0.308427826958453
0.166544071255496	0.101494153404433
0.181385685779342	0.133889264692086
-0.711061949294779	0.618109553209572
-0.643212911510618	0.375156557234346
-0.801458682892539	0.526592988809855
-0.629637526694318	0.553428726774606
-1.15430382119318	0.993389093274713
-0.520260957272751	0.201061026298512
1.45351865984672	0.48998410568291
1.96463092715103	0.470372342687103
-3.46056115971004	1.25132587477871
0.143445720753174	0.0557160838352611
-0.881179395726698	0.875714017700719
-1.22137182232925	0.898570653725201
0.304451640364519	0.208590917845696
-0.590478876540917	0.42919224819902
-0.27783748462937	0.174383799253214
0.59782830023918	0.436158300061792
0.650008887195924	0.458068820726458
-1.27798020801158	0.587966405772343
0.132122641871418	0.0510098996472799
0.599131605180105	0.313941200527733
-0.990313845390926	0.504416663574523
-1.79522376365631	0.406159618358576
-0.630732478411191	0.153857382309032
-1.13599688789171	0.349486711323194
-0.623695063230009	0.152227657420805
-0.469389585736941	0.308930568932831
-0.618143878869207	0.302268120309292
-1.61268513299289	1.23076884014577
-0.62656537781208	0.5596388457928
-0.155174840799316	0.0872605448709381
-0.788914634655921	0.431868894322753
-0.496622975241515	0.261177654045431
-0.241645575565602	0.156734488248303
-0.603612418084628	0.490377580132801
-0.0716959465743343	0.044667058356772
-0.0941485856736031	0.0676398098900348
-0.232828445142239	0.151607492638455
-1.26588395369312	1.33080644864237
-0.900544068729997	0.741706515868926
0.0349649820016651	0.0202035266818675
0.0191806132996709	0.01028421307341
0.38167513602217	0.322190440775864
-0.167114240158829	0.113896499680482
1.07247413862156	0.523783319173854
-1.27930512577485	0.595095920645693
-1.52204266633328	0.552410388888373
-1.13707413454834	0.346951163921623
-0.15387456759466	0.0564152538997517
0.148443114711005	0.0717088744345876
-0.196004934110164	0.10431096670266
-0.262720469841734	0.128756701485721
1.02001212791168	0.937226688543313
0.69391760199383	0.330522549102325
-0.414763916307175	0.232493309229962
0.148514209672914	0.0644720607058337
-0.493927005233093	0.261742626134863
1.45351865984672	0.48998410568291
-0.622314221648084	0.151717296808394
-1.51552740493151	0.546707354167397
-1.48464544823676	0.996723296090071
-1.82373483340545	0.759520768730619
2.35732460876509	1.21266231514885
0.44143459765327	0.180989319262382
-0.260792469162336	0.192495095360398
0.147481071584176	0.0636726114705245
2.75606918885066	0.793508670212093
-0.342366844950387	0.0999187527730966
-0.0986395859872944	0.0399460838583499
-0.575957113898123	0.407971618575849
0.300440651522903	0.202722774762389
-1.15864168828388	0.646039249693039
-0.060854096324639	0.02669716665766
0.739578353166577	0.611187866081429
0.538180848710626	0.309939853317166
0.548253910762388	0.442483544992463
-0.347729058771058	0.277908939433631
-0.714959272639393	0.617841381655869
-0.397182078347425	0.273528150273257
-0.987484883668887	0.490121817446227
-0.098262373419946	0.0396767302918698
-0.105896210867058	0.0428361430019344
-0.652583787144627	0.386818251736528
0.286756757813864	0.19160226976438
-0.28290279118287	0.1766098295944
-0.180131826146941	0.0950707611583569
1.22846696357058	1.17331720937422
-0.633285758286922	0.563598435002091
-0.444445102155392	0.379220620160376
-0.789826186369324	0.512021678809983
-0.726238487506654	0.253437335397984
-1.52204266633328	0.552410388888373
-0.604638307958868	0.483255017190366
-0.404432170831532	0.226404703877805
0.637677793790958	0.568886808548464
-0.676329657510827	0.465016432773039
-0.487956693976623	0.250993717944851
-0.478495887279204	0.400068718015738
1.82361765344649	0.72436350636832
0.954295652698446	0.253211023347385
0.345314066464917	0.171439612247014
0.143074866879088	0.0553218038304213
-0.286871560907232	0.179148940172531
0.158933943506847	0.0404964559262667
-2.57936018855439	0.682903044011602
-0.344953397804581	0.244945439779803
-0.391582561491493	0.306720204564368
-0.518430392866743	0.539630464543329
-0.460831073380633	0.305351536799379
0.0241481594803728	0.0172332478489808
0.580128534334443	0.552270203239381
1.5249406857249	1.81235958050783
-0.38528886414697	0.333423428769771
-1.01641388227663	1.44521944250149
0.943433131926072	1.11557722666864
-0.24318793351381	0.201474485585346
-0.669393457064032	0.455438300686042
1.37285314952506	1.79999126311323
0.379214549573741	0.320226298345489
-1.60771169671954	1.23178213645114
-0.221549116887011	0.0733586886722837
-1.82608962166886	0.760023550642785
-0.980865183153849	0.490425625794087
-1.22597507399058	0.921706250579514
-1.66410004412777	1.6847259612834
0.913162926678735	1.00636913935641
-0.145828513578001	0.0815587252035445
0.79200680776044	0.617909715502701
0.154987443767022	0.0818803769819398
0.29426911332339	0.209723471732996
-0.768390647702962	0.343134946307021
-0.342091382580869	0.0996589886024872
-1.12857426265837	0.342992598242117
-3.45442672204145	1.24810798046793
2.13062336943846	1.50065866260227
-0.336243374672095	0.19914628656773
0.43209299920654	0.324533215807083
-0.6226750353319	0.504979027738353
-0.24485985467002	0.121807838096152
0.653247180837987	0.459432820153272
-1.04323644211977	0.816687641893224
-0.139386883725001	0.0970410498208007
-1.34343321435196	1.50228055969126
0.279091745204027	0.224314044420356
0.165718721218434	0.111832260787799
-0.0849550292587215	0.0509608841762526
-0.307003344929067	0.249085130587586
-0.208504031402614	0.154033590660139
-0.450757643805286	0.28895788177857
-0.219404313157973	0.164226045350253
0.156098209452233	0.0743550234220717
-0.101715407323919	0.0590615624776963
-0.399636182406236	0.274134129482907
-0.0763759707434995	0.0464684250483547
0.044878656639316	0.0350911389805786
-0.494421845076926	0.367253438817218
-0.276342123343076	0.227251927806437
-0.486913660234195	0.409282722950838
-0.810037539084722	0.528802587943572
-0.623203514518812	0.152886975065438
0.172003388254653	0.043682446671818
-1.29116395030512	0.589304624751637
-0.0407901714998162	0.0261660291009447
-0.243063596345178	0.177545559813779
-1.34139009443596	1.31519373568112
1.23247760835303	1.33216339163971
-0.345150316372877	0.100068376294618
0.661345980122341	0.211138174827968
-0.440402503104812	0.338833538556937
0.0132278745082866	0.00724054963287807
-1.05977699220103	1.08553540729051
-0.330141748507645	0.196166781862289
-0.159097652518027	0.107281314335147
-0.786686084752088	0.43131714149169
0.169448715067567	0.0428107247727095
-1.02878915212886	0.416662754474551
-1.13599688789171	0.349486711323194
-0.790011379103191	0.588636653078381
0.00253275057175288	0.00111586491700823
-0.281454440606786	0.23169958607686
-0.418021075049665	0.383711426177047
0.182724812816582	0.132694186526806
0.184100087768674	0.135662043344698
-0.863860406262514	0.919388180589517
-0.387256532694907	0.364148343981579
-0.744842464262686	0.900570362691593
-0.186447231696113	0.15613549843933
-0.16748381459674	0.114255659454486
-0.241890650642266	0.219815453990566
-0.546625804307689	0.562744443696739
-0.141187518932093	0.0989185267164319
-0.388880879664106	0.265027920888522
-1.9096289469082	2.28380776152929
-0.767372534252304	0.342433422022686
-0.485310494310291	0.254106921907458
-1.24335911042275	1.59466370097247
0.394770011008714	0.323395578876083
0.175961929083468	0.11421184014821
0.954234913616552	0.931430314477172
-0.802490994143448	0.814909924973253
-0.308016412677682	0.141477794203251
-0.67349646301479	0.510980889906888
-1.33554179555461	0.850542805747234
-1.02226465361416	0.412946639757745
0.146206583568132	0.0704909777204752
1.40015047834163	1.06595774365233
0.29413154893678	0.19836793968394
-0.945701329720385	0.57412126446168
-0.155379670574677	0.0565938569368348
-0.190181635187669	0.101967004818941
0.158664879349394	0.0822829502032199
0.512623079919648	0.438805103973385
-0.351145587271142	0.281360715871507
-0.780585552669283	0.872289033456889
-0.49178486802112	0.417568166949052
0.687011806677154	0.77958529364406
0.682431773822326	0.589764064921314
-0.0467452808973424	0.0299137827192649
-0.94874672004714	0.992907347733336
-0.486185583165224	0.255078709037315
-0.343816891455429	0.0996962776646578
-1.1412609968196	0.35088828313214
-0.343542423818443	0.10090975164114
-0.350191590281639	0.102610881125832
-0.490609795649499	0.485347516062305
0.286704083549684	0.214315268070269
-0.963901386302123	1.02162629284633
-0.571249791647918	0.51204005920373
0.673553513601153	0.218109822226041
-0.0340403362543702	0.0160600568123722
-0.238846255147538	0.154124043845175
0.5712657533221	0.447869612008803
-0.502370276834993	0.377267216202551
-0.0653293305664958	0.0284527750233243
-0.340869162586215	0.0994476453021484
-3.08471213635442	0.965314084973475
-0.341002762168823	0.0982461131229737
-1.03016432810562	0.417494436414598
-1.33139673618822	0.825862222549181
0.0552800881158473	0.0314490066631691
-0.139636405376471	0.097104218158823
-0.0394737661087769	0.0253763615844906
-0.113874885801064	0.0810182449014385
-0.799288409416637	0.804463127754844
0.0890972163158241	0.0645662985564142
-0.303587186771632	0.292512473546856
-0.0708767933499585	0.0428168858565114
-0.45273655998129	0.386963752663196
-0.129820473125309	0.11860740429504
-0.448105743002066	0.44242474604714
-0.187778525317346	0.142573432521478
0.0655366775702216	0.0422045610040622
-0.0486702674833427	0.0358436141820038
-0.0304812220807739	0.019469384188906
-0.0912682148403093	0.0733257616355971
-0.24208451239495	0.212515248679363
-0.216799363204818	0.165810826967817
-0.224287037603307	0.189202566169564
0.0460007900565082	0.0364907015385073
0.674270260013907	0.778391328907946
0.0625944567522906	0.0401048136594059
-0.584855861839299	0.416329837102075
-1.28599957284154	0.599485299783715
-0.109099198836894	0.0440391059160999
0.1465405233427	0.0566450450736671
0.0746918127291962	0.0502116436066086
0.416872318504775	0.325779217424609
0.370381670809191	0.323947489397453
0.710903149420887	0.704632407696327
0.830904178444525	1.05608959276884
-0.218287025885247	0.139645132190285
0.553586799227278	0.537776941797036
-1.51940297937032	0.550464997835271
0.33419299540419	0.199620880998187
0.045833004535694	0.0279432497007437
-0.0628750935963578	0.0454991731049056
-0.43325012629017	0.372756597859011
-0.128340623778548	0.0750652409601345
-0.487118629245869	0.254557715778005
-0.370308439439236	0.325293006858571
-0.716433549521668	0.725734133723769
0.00566854805089505	0.00360468807182085
-0.24136591755571	0.200242905027966
0.874894828735293	1.15061225487279
0.288603236779198	0.224555580458439
-0.0677557489019474	0.04950231691022
0.088129531342729	0.0616355302132462
-0.389119253241709	0.306333719948297
-0.623226373244856	0.552967645967094
-0.0447512899719721	0.033509630818407
-0.10927753006474	0.0773741867479705
-0.0988422895920969	0.0574703151827429
-0.781856171350737	0.724691558688556
-0.657409824298252	0.706554115720055
-0.796617831465599	0.526786121352253
-0.31249067846186	0.144812647504751
-2.92213728649606	2.14461983884224
1.57714819353063	0.802960629731615
-2.57450915234243	0.686119713628322
-1.29144079091075	0.59686921137829
-0.165939446474345	0.127862771075254
-0.290278189688092	0.257552351678621
-0.349061626189341	0.277599286596098
-1.19886085024132	1.21857211685713
1.95621481367189	1.25554810318072
-0.15305394996009	0.0561503783181607
0.178155563388141	0.11537097605841
-0.16901057278841	0.115780065554938
-0.0268717720546805	0.0201064348328577
0.537272689395349	0.5289611192369
-0.266429637326976	0.220594372540707
-0.575922203273728	0.350159029123642
-0.344882985175325	0.100433634159356
-0.106489946990683	0.0428574781008668
-0.154154862490974	0.0566375929839067
-0.778919093445955	0.349025831228475
1.32125481417367	0.588079391101958
-1.73405237017178	1.44496000561544
-0.406161692391755	0.229999916729647
-0.226474796111279	0.145866976886705
-0.402488091604475	0.275941050494622
-0.647769154515354	0.382132764682343
-0.352936942992817	0.310479297324646
-0.702469531389483	0.614311979712575
-0.151515303173171	0.0854360998536758
0.0169617056744795	0.0125239831270908
-1.06471888174021	1.10945644566502
-0.437197855187835	0.375746669301627
-0.392708210254099	0.308724420954395
-0.478629081284491	0.465823972075812
-0.681355118686366	0.474624230485377
-1.96609267530326	2.44984945607676
-0.0697149398467631	0.0508046305228045
-0.113874885801064	0.0810182449014385
0.538360420756822	0.444346222000502
-0.784079802936177	0.659928056460359
0.384786854749982	0.311660335248892
0.709616410352918	0.462718332209981
-0.730343536032476	0.253594480814791
0.144360057617073	0.0496936999572725
-0.184261848756765	0.0977621226259614
0.354537298752309	0.177603257316678
0.16145945465959	0.0848135522881563
0.157056474373317	0.0303984095560313
-1.50774935680936	0.539484760175277
-0.132640537675985	0.0926099654496889
0.0574609675222607	0.0378903689891289
0.53093161797436	0.432625579823771
-0.552607843743128	0.344824801648721
0.0849618029854641	0.059505656718253
0.843716643591442	0.748441615926977
0.153584151403162	0.080383831130382
-0.169747803365236	0.0606503073915057
-0.342366844950387	0.0999187527730966
-1.49304660651175	0.774458699239627
-0.221755533699252	0.0734151122801483
-1.34293348730356	0.849610624937348
-0.787125934345823	0.432261706433072
-0.185345943150321	0.12237044683134
0.298892180737851	0.203665316431873
-0.622228177450647	0.302438150335973
1.45717691380574	0.92208865263228
0.135581080076472	0.0520490539509364
-0.864516685132183	0.985068815541647
0.0714570277489248	0.0478794280679891
0.546822750064501	0.537081920337369
-0.0590590622944895	0.0369215665781992
-1.44077125342434	1.50919909768451
-0.787228601163016	0.732848973085303
-0.170502517792206	0.117182144254763
-0.111655880900867	0.0656754311391977
-0.438925199549409	0.33656055488534
0.150402736933215	0.0842303744915378
-0.189586763997954	0.126549352648614
0.165842449959665	0.10048025167504
-0.929396532792161	1.09287718551622
-1.16159324472394	0.993386323730529
1.07290249275731	0.655223878764917
0.942409164740732	0.622295580561364
-0.773774748297677	0.346345835072774
-1.13870450738851	0.347544729295153
-2.57393942994101	0.680804613621979
-0.515408330825249	0.472805163248755
0.184882742062871	0.125922389013185
0.19560784281165	0.149605154978391
-1.27837268797253	0.588645605754428
0.132628080482899	0.0454532308791836
-0.0699647145598626	0.0306147841918201
-0.399403759828908	0.223940699779999
0.306257326661911	0.195339585147117
-0.468859627367287	0.433199978821905
-0.589843434779568	0.427653843496167
0.287379858897179	0.204622745926522
-1.04657838713258	0.831069773220114
-0.346167140140093	0.100935083264355
0.668515656075028	0.214587613419762
-0.343268806146835	0.0999183449449793
-0.241193660305825	0.120474605714752
-0.47056261598976	0.310665411775673
0.788320456722111	0.618004230498351
-0.93375761800952	0.676190318608814
-0.24314464724179	0.20116822527121
-0.878920602492283	0.868048230946481
-0.401375838507566	0.277181035567192
-0.070968982171467	0.0513385732951326
0.172797684329606	0.126355931271247
0.270100565263008	0.197015201561813
0.0434249257507991	0.0249970427435635
-0.0569991265623195	0.0357891988704741
-0.0149832115057868	0.00993624844056996
-0.45152422172426	0.406965931441125
-0.883888736959251	0.886348287327492
-0.231880069556104	0.149428142174219
1.32829710944202	1.53319557065785
-0.15440940893561	0.0867892806587769
0.519478061083296	0.190484525868409
1.32923257913525	0.588251918944765
-0.108907137656202	0.063800665890391
0.142572669479194	0.0619955023066334
0.00557965592354279	0.00323608813216606
-0.252991826836787	0.187663117332842
0.168347852424922	0.106537958802731
0.27007138072387	0.215014626452095
0.529086245411457	0.194521335925232
1.8673601903588	2.01302673316818
-0.335648834470662	0.201349922140037
0.355799697159941	0.177836404481596
-0.0504607224253397	0.0220350170940409
0.142470070524425	0.0554450529408985
-0.469966077070577	0.311699675964739
-1.46912595756411	1.28467314414887
-0.31988706325948	0.14756490562368
-0.0295380718846312	0.0138559102497816
-0.430418887360714	0.326477315486351
0.137446821760041	0.05308051375371
0.354881822185351	0.179600223604765
-0.798681862328483	0.737818330551483
-0.246444049257011	0.158675169249773
0.0303421486739389	0.0161681673051176
-0.0700159695805705	0.0437501195605341
0.454689333820618	0.425431442625485
-0.0823394113961253	0.0498165316277294
-0.000574172573319317	0.000373852207407837
0.845740003478604	0.764896029741744
0.293428959276198	0.210393576463419
-0.254149425751383	0.210709693928551
-0.396783352644756	0.34487700427888
0.733866658442505	0.602716278955053
-0.677378772921876	0.465903021059531
-1.52999204103249	1.70861341220227
-0.653961489643565	0.388801601271304
0.67210466855713	0.216488954078171
1.57280368997465	0.801127382429996
-1.51425919312654	0.549483381615373
-0.513075658344844	0.386705588475061
-0.591195562355024	0.604174689378465
-0.313477883505779	0.276814454333317
-0.435636378272192	0.333941399628249
0.901447135080804	1.10770322338747
-0.616831406135845	0.301885163522066
0.381680096071123	0.172840895938013
3.29545112601915	2.87559933706955
0.708548243254273	0.461710397858898
-0.32328946580503	0.149067792224834
0.0112196732536386	0.00617549204743258
-0.506475062853903	0.380553258541809
-0.0474745841028616	0.0218791477676575
0.450650510535042	0.183903200013904
-0.224047591747806	0.0740771018889209
-0.784275775649472	0.423682832029935
-0.768390647702962	0.343134946307021
-0.346935929933073	0.246359345146057
-0.695569221373479	0.546839152439826
1.1397412498948	1.14510140313973
-1.82945327892773	1.62231116930056
-0.10552008315132	0.0426262885060725
0.15993574587836	0.0843806246502952
-0.0665798564134414	0.0416144912879798
-0.0754912644773929	0.045676162970035
0.920231052569017	0.787540006524536
0.538710702601391	0.442612149504673
-0.322408840589924	0.286850615835113
-0.609092106533114	0.525917646752594
-0.343490274986337	0.244173756273745
-0.29372708502405	0.280123386833179
0.0602551439130317	0.0386872854306036
-0.0260684451477282	0.0169389188014832
-0.575535980485046	0.412583162287354
-0.344718928168882	0.101170101330633
0.330047050044152	0.181835951538008
1.68720218075426	1.91628893928097
0.336268737975967	0.18452417374568
-0.0343709303450805	0.0161377843155024
0.531808783502716	0.194187277674226
0.147142932159236	0.0509873558125847
0.135685318455483	0.058758685116319
0.301493920941477	0.215484547823115
0.0309595998186815	0.0178472585654311
-0.0373739728611261	0.0239548695113795
-0.472270859867571	0.312241601122352
0.404943022506398	0.317375999610743
-0.344337705822782	0.244317136029226
1.4257005770324	1.74397107271204
0.394366871737763	0.179212170021935
-0.347555636251828	0.100540132112443
0.147612941108336	0.0640562152874897
0.373824051456752	0.165149001387296
-0.653607015693663	0.38835109898306
0.549382699566751	0.316849614505424
-0.221342553774888	0.0725818506925159
-0.693016107347618	0.475558613619022
-0.0819733723147494	0.0497536339271048
-0.108688418245542	0.0633223964745624
0.0073360424150921	0.00412981416147553
0.3312919632632	0.181020513181994
0.78767812419087	0.472977753985954
-0.140078504362062	0.0777249233331871
-0.598345598244982	0.477080249595806
-0.0988422895920969	0.0574703151827429
-0.350403299470363	0.278761697863002
1.22073662776608	1.423115104411
-0.269622534239942	0.166825157301541
0.301098239320158	0.215667084074218
-0.0864153756466822	0.0623373210379773
-0.315427385149135	0.146230401837304
-0.615357904294054	0.30010746089109
-0.299924378087141	0.241697602961515
-0.162798272596879	0.111605142674079
-0.398511133576354	0.274122941343663
2.55558942506863	1.45018195523895
-2.57450915234243	0.686119713628322
-0.148411100858139	0.0539914448574737
0.157056474373317	0.0303984095560313
-1.02317688891156	0.41384083840968
-0.634619384179209	0.600316109235433
-0.123628756715642	0.0726664049110973
0.310815852482742	0.210003204518686
0.17592425692459	0.106742125604098
1.82748782049169	0.728181584217454
0.160400851667561	0.0483731984970343
0.145938508337756	0.0762671527057133
-0.904648493480163	0.739534223875929
-0.345814209036708	0.205989545982322
0.479797383110316	0.508950478406063
-0.271838681501628	0.223197322462166
-0.0866967530165059	0.0529252422707684
-0.564957125278441	0.512147824480238
-0.489746206499983	0.257591707109567
-0.540525370909183	0.205299671360809
-1.79522376365631	0.406159618358576
0.152059452718086	0.029590171141199
-0.60127982030195	0.289627794262615
0.0653971535945576	0.0419267984087854
-0.395086107561664	0.220559309872293
-0.220363241288198	0.0719345715341655
-0.306959920146569	0.142560346188974
-0.538806148451206	0.448849809458613
-0.549501118772978	0.34696461573263
-0.230607313526609	0.150081962261068
-0.401884518343917	0.275828912559637
-0.44350199267757	0.37830908866923
-0.446196170382572	0.341382619039205
-0.694922300995208	0.548442913150653
-0.290309963390049	0.178926986260129
-1.22400830060405	0.909953585129405
-2.57507908676252	0.680490038595289
1.57340497680744	0.792812846293566
-0.810586421664431	0.529902254438805
0.990392968998723	0.786414261221251
0.530234735136755	0.195115554796289
-0.73248982751734	0.255921070717602
0.15921674927226	0.0483450021306231
0.182806127630341	0.13446407190166
-1.05480237107052	0.827753018888506
0.44250593437282	0.313932070889677
-0.264163521814495	0.196413181012759
1.03389994493522	0.954318749643657
1.47862646247278	1.46093908530227
-0.897761083177281	0.735678282519866
1.45940029241927	0.925343333700157
-1.13492041310201	0.349384486959602
-1.49099625807477	0.776999131898863
0.143260656919519	0.0745730639185074
0.683259807896165	0.326416063249585
-0.614974912875044	0.301052141709719
-0.728720853151402	0.253878074388838
-0.14898797790818	0.0544634098656251
1.07499958089821	0.664047648165114
1.32679425698045	1.53735122362686
-0.413577878923189	0.23247151420118
1.09764721797355	0.817639017186391
0.142612257030227	0.0683611655469312
-0.0148133372162533	0.00721989528519534
-0.000150556578413908	0.000165775935824358
-0.901476414757505	0.823776435790561
0.304286453728536	0.205311307113086
-0.49750737444659	0.257286266428195
-0.36398586920405	0.256086850091064
-0.0827434180473634	0.0497455767904272
0.00628389600403644	0.00398384270951656
-0.798917399691287	0.601532287489938
-1.04606222870047	1.16459256609584
-0.403575682910099	0.225942596731596
-1.26614838806591	1.16899822781149
-1.17851019240493	1.16515964280538
-0.399851157480438	0.273373261210142
1.95621481367189	1.25554810318072
1.02126178755119	0.384268622063733
-0.344991553778112	0.100675971877677
-2.06990059047782	0.965937293744288
0.95292022183415	0.255029382628136
1.46132136209316	0.489990587090443
-3.45335843018676	1.237143568277
-0.876548107501038	0.873941098174842
0.524817754511886	0.192422842039039
0.493150361399511	0.30710471785868
-1.82491177099641	0.761062662410459
0.178589737946735	0.120736589533113
-1.10432446083102	0.751182345207433
0.065618829504369	0.0418832453216381
-0.185199966915311	0.140892195975033
-0.0990145071362686	0.0600379132829704
0.534034124398968	0.532273014879325
-0.234522326680874	0.152793030679674
0.914829501025831	0.78599896138654
-1.81672391556845	0.755139764558434
-0.52402013054653	0.203694200281952
0.522012323116954	0.187246234152396
-1.24024610551285	0.925135871498559
1.95621481367189	1.25554810318072
-0.104271073368606	0.0414618064379273
-0.0264440495183586	0.0125535207986387
-0.92986613868835	0.677199828181204
0.172912505092194	0.0982819869220955
-0.335020225219231	0.237271489147481
-0.12878713292841	0.089138868444719
0.130859138269077	0.0499030301315308
0.143747269175704	0.0559041635309843
0.166892324024208	0.107619710506515
0.14474970923973	0.0500449668198986
0.157446713573225	0.0474765777179273
-2.06479152489255	0.957958721248144
-0.676199312693974	0.472228972942301
-0.390369771361506	0.339980485323583
1.25002708574251	0.864772562550908
0.0476672538390122	0.0291262729541609
0.459565030725023	0.305792915257574
0.165803697590273	0.0949513100276901
1.0950720427359	0.813362692990474
-0.0566909598401337	0.024728742096577
0.816796075513508	0.352385300037275
-1.79522376365631	0.406159618358576
-0.40665431902092	0.173716593263974
0.14953299838415	0.0516176458431704
0.392675529463565	0.179936093229491
-0.615855234074898	0.298922989452473
-2.57393942994101	0.680804613621979
0.783966562507124	0.470513419818828
-0.00465946912269817	0.00234130710990599
-0.336494188281781	0.201588858402914
-1.72693259172487	1.41565061010119
-0.776596766990149	0.34470048142242
-0.774843523169183	0.346849078323959
0.29069489707847	0.207728375877635
0.305482163149192	0.207175212723193
-0.0229846121113859	0.0109450068203022
0.460304989794426	0.413911386199411
-0.882437862987657	0.868226342211217
-0.609966842831359	0.297344613909476
0.1332648385251	0.0628269923698828
-1.65706011809277	1.68615806491539
-0.794932130564228	0.74278639235779
-0.00492483101794518	0.00244052703421013
-0.411039608973321	0.171340566001859
0.167846042512584	0.0427707788849589
0.137371251960733	0.0594828076235281
1.46515025425329	0.487505243218888
0.158321872008447	0.03054890339565
-0.802542634233548	0.527771089568801
-0.573839054393686	0.411559458559392
-1.09800433069836	0.741850902778701
-1.02327508065724	0.900540991466704
-0.229544084913697	0.148590048435938
-0.788269133484097	0.790968441227951
1.44391693445175	0.906709774192598
1.82604050116992	0.728003309996437
0.145070841204389	0.0626704227786916
0.336957913309071	0.184770917425866
0.137805886818994	0.0595503902395953
-2.24173856290398	1.87079702941084
-0.796870328480418	0.748927818693564
-0.224467524408261	0.14441305055561
0.560129453486187	0.436650577206529
0.987483532241304	0.794686264497823
1.7562909440693	1.33639057266884
-1.51009345022257	0.545190528961888
-3.07880362658843	0.963967696821091
-0.623203514518812	0.152886975065438
0.15921674927226	0.0483450021306231
0.157446713573225	0.0474765777179273
-0.397239214323214	0.167334511467005
-0.0876763029321987	0.0532219009390972
-1.03864870587511	0.418283951060013
-1.52751919802195	0.5494166055303
-0.237592151059946	0.118272792498676
0.014943129727181	0.0081280433641511
-0.680990194874708	0.531099042738227
-0.659856111078674	0.387543080264467
-0.160537396018358	0.109437137825475
0.35365163462073	0.177212252977986
-0.0295380718846312	0.0138559102497816
-0.786859227045003	0.592375424734019
-0.89457958687431	0.812796830051348
0.150987968499307	0.0459422956002911
-0.394705602565663	0.168162718287586
0.598085574619398	0.312385849614459
0.536735803605555	0.194401525839549
-0.167281567248765	0.0603637193004898
-1.13238101744968	0.345367402292769
-0.609038730559404	0.296464007567755
-0.401034923550571	0.170830593731264
-0.936871614356852	0.678271840208159
0.14662089980405	0.0767348644000511
0.0378482125692673	0.0217512922400102
-1.33462109255624	1.05825818089703
0.667018371571766	0.68026605220573
-1.17414606039495	0.66677618776431
-0.239827304956825	0.119687115823833
-1.02620966872653	0.41818337996543
-3.07968455989498	0.963635125148535
0.164226724221899	0.0416602681945232
0.601402052112101	0.315756741673348
0.672329204234225	0.214414311899322
0.144455913259947	0.0625950346418914
-0.727076542516005	0.253677508869169
0.523979603602765	0.191000633185462
-0.414971495271288	0.232701074299857
-0.34031726534445	0.202845959138843
0.911589185491977	0.764988298687954
-1.83289627991657	0.751708259222083
-0.773774748297677	0.346345835072774
-0.887339663624255	0.816477740528831
-4.00541288526862	1.77035259368299
-0.615902880476494	0.30174608006186
0.915515124427096	0.777748498036136
-0.289161192539471	0.17883865448243
-1.33732764787023	0.851395983703194
-0.227395301000968	0.146958008378503
-0.104966324124862	0.0424807019377
1.06136795371827	0.628234855784979
1.45461172869713	0.491065821848087
-0.624582031923329	0.153403426322781
0.157056474373317	0.0303984095560313
0.525131259349727	0.192999914873943
-0.723310015883846	0.254344357266946
-2.07014244905779	0.967632690775644
-0.779482358873567	0.346278490161475
0.157056474373317	0.0303984095560313
-0.616392228419713	0.299546117097915
0.447874482759599	0.18392431172934
-0.517606566264528	0.199808951479653
-0.972202177808716	1.02544536663429
-0.804790762301603	0.612767962503729
-0.609421573996344	0.295395205195079
-0.300979756846426	0.137887906118855
0.149271671672469	0.0712974353556596
1.56519910944153	0.791620042971659
1.26837404567975	0.710043097801996
-1.68221450210287	0.981364424528038
-0.615973413826862	0.291446833686759
0.47580066830511	0.321213178067687
0.496517174622747	0.414647467690281
0.0558529547800516	0.0357394764445087
0.684383684154409	0.59363414132702
0.185876356874347	0.131706261533153
-0.0269496268599257	0.0127864842179966
1.31855942573268	0.585809961693757
-0.625469527156518	0.152450282737538
0.668257563820224	0.216585127844403
0.161694559716164	0.0487970170518378
-0.62935300969794	0.153342878403685
-1.27955202404874	0.590042630501065
-0.801479313605108	0.608626128291131
-1.1046126910812	1.05688438373373
-0.40054584093905	0.275236881731765
-0.27468961638094	0.170635457888048
-0.0567953515640857	0.0249611544161382
0.170678311066781	0.103364899900477
-0.331367679448613	0.197417565949155
0.15046216373443	0.0791005984976363
0.014943129727181	0.0081280433641511
-0.0695347745751546	0.0304385311438849
-0.50978116049823	0.385108539155396
-0.802520178674704	0.689800305693347
-0.314527763921968	0.145707404519845
-0.341996322736254	0.204415605699793
0.983714039670133	0.783839741508074
-0.363238298034045	0.288200405574028
-1.21245371262827	1.40076851207481
-1.1664097246775	1.43399523100266
-1.04982123394955	0.82700898883514
-1.09548806194578	0.737465941630989
1.05867489725025	0.524260431275118
-0.648632244554511	0.382603490805123
-0.0383535814918185	0.0179432845961069
0.854144194228189	0.615046972133829
-0.532019147491516	0.206951811605764
-0.766355098817268	0.340994356194198
-0.146975034101167	0.0818387456647378
-0.146383663648377	0.0827368110598924
0.653553211858513	0.576429359206022
-0.0256273633409941	0.0164375507271059
-0.524941253601406	0.423110544252672
-0.783639778723215	0.660650718556463
-0.569655081083265	0.512152696414838
-0.0681045989115816	0.0298139538658013
-0.117985593116759	0.069187284364389
-0.805754799674589	0.52888146896395
0.667998554448181	0.213489165347249
0.161694559716164	0.0487970170518378
0.540404793761133	0.307827833151225
-1.03530796870446	0.422510492431002
0.988030629813619	0.790688076132711
1.3295084984824	0.599202056182031
-1.03439373371663	0.41922059845391
0.908132573561833	0.907224688710694
-0.796310196237544	0.525521745763407
0.150680546181696	0.0726780546979328
1.26332069912637	0.705055989846178
0.288323612742463	0.205171518097095
-0.135788984668231	0.0949819128114641
0.395873373879013	0.180097577416342
-0.413360732071171	0.232090151899475
0.0231463980359166	0.0123139771650551
-0.224074477066671	0.167381562919888
-0.0316004681312622	0.0149254790005442
-1.4709872720697	1.01377344095213
-1.48475933054057	1.03631448122044
0.146596818100924	0.0764429957254333
0.287273253050558	0.223372734712004
-0.703399453375995	0.553647584493008
-0.0991477607297478	0.0398826250552177
-1.17105893930933	0.660755961861957
-0.960141883403758	0.576473352739235
1.82336730645351	0.727498434871424
-1.79522376365631	0.406159618358576
1.45986014199587	0.492707629107706
-0.624582031923329	0.153403426322781
-1.14016935299318	0.348638213237076
-1.10211868304183	0.753024129296489
-0.234213426152454	0.0764831664456841
-0.548651765289857	0.346454666725883
0.445559696059655	0.183481849511998
1.62068085322113	1.14294837629123
0.0109681462411139	0.00605016373935735
-0.879316123531751	0.881449366784147
-0.801108700100599	0.748597915775198
-1.34878835313087	1.32013656274675
-1.05913484501026	0.834845995175081
0.703543937584059	0.457952001030258
-0.233041763493365	0.151169080300111
-1.60995470397804	1.23637356354612
-0.148712408233657	0.0546464053678112
0.0589956246138645	0.0393035266571615
-0.508904340983156	0.382588802713675
-0.140968646901886	0.0792184978696569
-0.128664161951326	0.0893915740099565
0.781790888760654	0.610004816147244
-0.242929868358917	0.120615496874944
0.362932821413727	0.333117992284187
-1.14930159410965	0.969122599939043
0.442527379761808	0.181395623041047
-1.28063049074862	0.590967255795044
-0.16053966425378	0.058758984593026
-0.156925643471908	0.0574850760468255
0.669700188276656	0.216836591054402
-0.609520921070317	0.298082193005535
-0.793729237205611	0.42902906580977
0.145618402952985	0.050071266673943
-0.773489905113118	0.345369609584891
-0.0504008250647743	0.0218703650322651
-0.503773154617523	0.371374031063656
-0.634484900231997	0.568520492878969
-0.518948229814245	0.389208999584369
1.11820819582707	0.994977773736317
-0.192718485877696	0.127475709541827
-0.918242179009715	0.755145821248787
-1.0071913979001	0.899885462867342
1.90444787220783	1.60473355944216
0.137719057403847	0.0656047176490115
-0.798809412400821	0.439693662791632
-0.0699647145598626	0.0306147841918201
-1.09628358927294	0.742772689638447
-0.625116414738815	0.506412698023598
-0.0421237508402688	0.0195545531938698
0.0113083035130037	0.00531739050819718
-0.337203704734667	0.201021500229223
-0.31078569786682	0.14454210181006
-0.692113072023146	0.591879554006934
0.779503612508784	0.464571276602165
-0.96428473521351	0.585688405560377
0.0352059912363199	0.0202239926166355
-1.24168124790931	0.913270878829002
-0.624583129741469	0.298284274594146
-0.266824954339395	0.198940140844295
-0.0477884982585651	0.0297195440711404
-0.108300861003623	0.0634349752619553
-0.958891222107647	0.592201865106131
-0.523171029238127	0.20323286573159
0.640728306418012	0.57210724060219
-0.294775791458207	0.182362481049516
0.183872716008126	0.148699815001755
-0.457679715443014	0.300449979209858
0.618102703550542	0.46165467670551
-0.797031052748563	0.672253976887281
-0.976613945306802	0.94092587791174
-0.0425902014757116	0.027208921906546
-1.15335782104412	1.2657373262663
-0.218713948127854	0.140120343484141
1.05867489725025	0.524260431275118
-0.140129584110025	0.0784223462370755
0.421131724099392	0.329942258464248
0.169143962650551	0.109198761217199
0.312720878576845	0.199977511958348
1.10604197913984	0.820054188428123
-0.596624995140007	0.427862134608464
-0.645060748420897	0.576149643451254
0.0762178580094946	0.050948595133801
0.853367551844129	0.617196547959305
-0.599964440369674	0.287384396730509
-0.686596148619646	0.476641267328623
-0.246595811826246	0.122640207606208
-0.284660844181609	0.178156831012102
-0.071300483055964	0.0311792331292313
0.151448376459612	0.0653181458500972
-0.553150450973694	0.349248410112167
-1.29932399782093	0.587565439661859
1.01066017909167	0.803708997451878
-1.98543698954522	1.39040565253083
-1.09910021973296	1.03463560568703
-0.400260571753732	0.225320480038116
-0.19209116980818	0.101758924088
-0.192655984747433	0.102422799961095
-0.500704223426342	0.264177648854507
-1.55740300967201	1.47457223186421
-1.28624234459102	0.594941965574939
-0.154351967317599	0.0562498012417216
1.57038684410817	0.807034365925312
1.04550556956238	0.397727052017986
-1.82373483340545	0.759520768730619
-0.52295692833312	0.420643669468828
0.350324992286081	0.175618011569053
0.490533797224743	0.299560960153179
-1.34933781181834	1.51495282791631
0.817885978478625	0.350163723082963
-0.0639979674498003	0.0279513084160638
0.630359031863956	0.653354966375007
-1.00818846211488	0.90410221536946
-0.294261346153877	0.212037755842251
1.53379586714286	1.3012786747185
-0.884558063162056	0.80078661775267
-0.587303111336132	0.423681073747487
-1.55905859883428	1.49134642304334
-1.09569963464508	1.0358826082136
-0.510580353525934	0.381332925390625
-0.389074105667709	0.265127610932215
-0.665677570767868	0.454881868252807
-0.651818413058748	0.382929360871796
-0.241193660305825	0.120474605714752
-0.313827862864578	0.145183489419901
-0.625926072930971	0.558469696697024
-0.00283418744277084	0.00145971249014061
-0.587577067531082	0.427448252610109
-1.01097833613349	0.898313396414317
0.038477332364319	0.0220446054542094
-0.483224614091517	0.408771596721585
-0.621300252480904	0.301316444955959
3.63496088118677	1.451939681774
-1.03978903438032	0.421120383022407
0.147807964842846	0.0576339568271193
-0.0658668159454164	0.0289900268360377
-0.657550950657294	0.38992822581305
-0.291878482711832	0.212258331182963
-0.624100255008698	0.555397076454645
0.186618394404234	0.136920936846935
-0.240114684127284	0.154303378639843
0.131217831480291	0.111039592776228
-1.01838074284211	0.906308711454429
-0.443420211380159	0.341118515550751
-0.259313033808079	0.192148624420786
-0.243791171155307	0.121922839697177
0.479497289177886	0.323963770314599
0.501023902654862	0.309931311526475
-0.404018753280313	0.225882664342517
-0.222695068591131	0.0735779431251597
1.45751263669544	0.916020606865666
0.444269307982615	0.182724882347965
0.651295204342281	0.456404634923909
-3.75448747115041	1.51208464914552
-0.391980786203289	0.218030665195915
-0.140714059606597	0.078762061458335
-0.103153826661577	0.0597873665151132
0.707378767874265	0.459286277991738
-0.165371755420049	0.112779528836574
-0.190058619365208	0.176933845606797
0.710029449547487	0.70992691415282
0.196667665331912	0.192345612947949
-0.192022599198025	0.127263076844143
0.0884812072310996	0.0639495687419042
-0.46093102798054	0.41838256368621
0.015548625860059	0.0105394660912181
0.253433768430164	0.202896183145181
0.455418262760204	0.501103572823647
0.0439452361363481	0.0252029519943106
0.612150988621079	0.566214225472364
-0.0394737661087769	0.0253763615844906
0.306823098213533	0.192972131869296
-0.654315278893409	0.385250359153797
0.0588962712993344	0.0474111248978574
-0.346553641901187	0.373665211873422
-0.511163184880315	0.50007053440121
-0.0260580716142312	0.022178508254965
-1.03477372790004	1.39492784866598
0.587219163874599	0.557397624609611
-0.158432874249192	0.136103106573938
0.07802829025065	0.0663667693269303
-0.209408174908637	0.189645413648648
0.0364476666734656	0.0277071117493163
-0.913762538685408	1.14401378610122
-0.642455123134564	0.618571222294036
0.7949892145589	0.942218281667394
-0.801321078856114	0.684777791216297
0.803976154684594	0.623251126904987
-0.779496548536767	1.022216616805
-0.400375131161567	0.170476605274052
-0.386552479293911	0.160227347266629
-0.493834318256103	0.259306282665875
0.347662366485492	0.173862722133382
-0.0429904600593995	0.0199464115369369
0.165803697590273	0.0949513100276901
-0.771446747272178	0.344605745740912
-0.398213059328711	0.272556434709104
-0.472726597238343	0.313018949510193
0.0818113985521852	0.0570357593299684
0.00533773177850022	0.00369847419782597
0.0743171015423336	0.0531337601800226
0.16197896011743	0.103812780195815
0.29716258217624	0.199657253569786
-0.166732755228151	0.113741417603514
-0.703391434076986	0.610890152359314
-0.119343346595826	0.0700724953692915
-0.978973184440316	0.953866279523374
0.1465405233427	0.0566450450736671
0.0849996103442351	0.0594338242439416
-0.271975420733494	0.246408125773743
-0.148284092224549	0.103800203003451
-0.951542726256534	1.06582449925203
-0.497043224687026	0.493131412914334
-0.399188978890979	0.310876172133158
-0.325691048725867	0.289711378821031
0.290194694846824	0.241177630807842
0.27163851887451	0.232568937254452
-0.564308990049865	0.510739565374516
0.150905778477725	0.0905119270203797
-0.801221924436641	0.52551550480754
-0.0695347745751546	0.0304385311438849
1.11883063322871	0.988454955532031
0.610264270273009	0.455832147358585
-1.15927720694725	0.993766642336815
-0.65210199697517	0.660888014761056
-0.933341056977271	1.11756939374801
-0.903460600367228	0.731099575865827
-0.322503344083167	0.188833515590044
0.0999646198200305	0.0739406977678913
-0.0500805745628244	0.0371413289705124
-0.510730218717698	0.467105181167161
0.0753272977232187	0.0505988803905144
0.173976231240329	0.123212270121778
-0.178217884228643	0.138222950769916
-0.60760133854868	0.629799206594088
-0.466904537243173	0.498189496110933
-0.32477140826428	0.18874531909771
0.0303745116290445	0.0175313672531971
-0.185962548525998	0.0989975942187014
-0.486036469616538	0.478151360327882
-0.70963683374577	0.618534640894095
-0.624546820035183	0.555244265321921
1.0568187352029	1.10003464215141
1.02035880303925	0.948262885055882
-0.956666218475379	0.589212254250842
0.137446821760041	0.05308051375371
1.10800051488349	0.83138996566494
-0.396961333937204	0.169069226575145
-0.408488341273627	0.375499700024417
-0.479586905377402	0.313914185455187
-0.331107744679791	0.197929905983757
-0.643726099403591	0.375845672048357
-0.50256485821491	0.376476130881451
-0.807840987281308	0.690586718883593
0.53775446498032	0.308094508992569
0.469841483146529	0.312730786834197
-0.0579239138208342	0.0362099267452275
0.56962770144139	0.555776926335225
-0.488032176867218	0.255695919201852
-0.00198739949502789	0.00105322104451296
0.51893012522934	0.444880486258906
0.20045941203532	0.163766653535423
-0.669370863867664	0.732129169570161
-0.252412657993453	0.125463339377012
-0.252128188938808	0.186264349579356
0.270041342938868	0.241408724052476
1.57999206573831	2.16839408914221
-0.384051255703743	0.300185751392081
-0.709165636725368	0.61689057993925
-0.999538270823555	0.877784101351172
-0.951946186094443	1.00580730005176
-0.0975563328417511	0.0771869835004247
-0.493795955757599	0.489036664963681
-0.222554780088522	0.218986076443057
-0.109028779508428	0.0866862692823026
-0.796678349641377	0.604790296541029
-0.384748946065606	0.329597199173832
-0.797830868992904	0.750695322414883
1.65704526869105	1.52545534715543
-0.866134114165035	1.02996925887099
0.165218688698612	0.0946188016490159
-0.636602012717679	0.570749163815715
-0.199111804372369	0.178551126931336
-0.059742590356945	0.0374972729214075
-0.281239475219502	0.175179263538675
0.137924384639589	0.059899749683941
-0.18980569795113	0.144711166603096
-0.89236094980026	0.7234554384919
-0.920608876405749	0.663979787514938
-1.04224769887584	0.819848921555647
0.329543623229992	0.197306406837286
-0.113016010826656	0.0657222145689113
-0.581691224416877	0.417926441519794
-0.806921984380937	0.612659244690149
0.45396900938747	0.326097278257176
-0.676789025004234	0.470882316673197
1.24222284609177	1.03117544301671
-1.09188512049469	0.733131833692457
-0.6126852371388	0.299833360906138
0.143661499693885	0.0493477826084473
0.525131259349727	0.192999914873943
1.24953822613911	0.859752392601776
1.612998902361	1.13131963473883
-0.118678639685941	0.0694901575350816
-0.319576705122223	0.339793012672135
0.446485490229665	0.42550065801279
-0.343109678225349	0.273602159648347
-1.65436794856439	1.65817716223857
-0.459190315180583	0.423451191250729
0.36101273000893	0.330380256016723
-1.10176500539466	1.04797696037591
0.0921174012671135	0.0646717010830205
0.874636089409683	0.861120752767817
-0.110592911015718	0.0644428734305797
-0.234945733125282	0.150688930901509
-0.0563935040443072	0.0353990645259156
-0.113845871268426	0.0802380136455319
-1.008813176286	0.898563204608328
0.141669767450459	0.0617166337329967
-1.5208643075246	0.552186247107342
-1.83623806182802	1.62716743447014
-0.10906832385349	0.0637427541173698
0.181967560896143	0.139095203850724
-0.596126565280093	0.615902610890905
-0.456709984987352	0.508084590343637
0.191967668217967	0.173417866042964
-0.275191622824911	0.266255549794129
-0.229722716539759	0.0759270068257283
0.190604755372219	0.192287781960084
-0.913673947668736	0.638030672276332
-0.0641040223256365	0.0282490171992017
-1.03302388557896	0.421793611703792
-0.338232313416877	0.0987458905293902
-0.724716701361779	0.253084880212333
-0.551447889935616	0.348221843819822
-2.57507908676252	0.680490038595289
0.148228629004075	0.0512983752502419
-0.623695063230009	0.152227657420805
-0.351839820025063	0.101228897149323
-0.404088877477541	0.172300735136295
0.331964633461667	0.182430440387226
-1.17420796844917	0.671948679234328
-0.245727592083181	0.122301479496361
0.638461183140863	0.441527075226394
0.00928896154703696	0.00634565768443453
-0.121539761140236	0.113311526973322
-0.450122452407268	0.584058544589566
0.181996215897364	0.129586595556285
-0.266819881826886	0.255241333790333
-0.614036479449249	0.959197302976359
0.107367942398456	0.100346683698894
0.363546782990913	0.181062119404094
-0.92619564544141	0.663440482757261
-0.15103593342636	0.055030887592407
-0.992896728286836	0.502125138939554
-0.306636260555512	0.220795141165781
-0.107476784330195	0.0629609414263496
-0.196091884500769	0.104177452110446
-1.00403145237056	1.63717934583486
-0.191136123269488	0.209113589518296
-0.458434320472825	0.615400807244952
0.528834112214271	0.542780054985664
-0.206355437168107	0.255654908724335
-0.257876658642441	0.214739162697614
0.0826118408825591	0.0891805293171139
-0.696145682839911	1.06663012747754
-0.0786190324063942	0.0468357566133378
-0.394599054952939	0.268510667071542
-0.662100140263865	0.390771711885417
-0.460711435588404	0.590710486212211
-0.489398878339951	0.25504616450126
-1.82231749393078	0.757183848190581
-0.0986395859872944	0.0399460838583499
-0.685447787566937	0.987290950881904
0.241461309502026	0.239205338147027
-1.02205996671835	1.674035038038
-0.0639167153621018	0.0570977403563467
0.474811441153228	0.669324327401108
-0.189196852175641	0.174209008623428
-0.304971651265653	0.327710910364053
0.86902079397891	1.08024606921144
-0.168868617637733	0.143489463054153
0.887790740985811	1.18113104322785
-0.990313845390926	0.504416663574523
-0.144152139625414	0.0802836621975593
-0.423399347161638	0.519925671276136
-0.335693988191533	0.45713080700356
-0.456590542559801	0.566209741664529
0.436706551108697	0.416333158258854
-0.239090839586942	0.118609803354759
1.24075226360569	1.02695170472261
-0.60587388909715	0.2908171158254
0.684821910780234	0.3260197762899
-0.0655261204356533	0.0285911404741637
-0.395674248652604	0.168391716204085
0.381113197983168	0.171443422891191
-0.796831098028848	0.602853308233677
-0.105903859469212	0.0842396288223256
-0.270052962637804	0.290413508714781
-0.337781402232491	0.201366139926052
0.315613077185396	0.21530855833091
0.200816852494453	0.172540208848889
-0.0980437587390448	0.10042160341942
0.519217244679982	0.689067496623304
-0.178057821918232	0.178174138280335
-0.419373638762427	0.46263359855542
-0.155696164490013	0.134329881432014
-0.0698011726919884	0.0584094017286959
-1.36192653191625	2.048601555497
-0.464793590042699	0.671456493284325
-0.439132295948659	0.604390284513922
-0.154617927423085	0.170435625330384
-0.0477141916346035	0.0435853693715883
-0.191949528907456	0.196124178544133
0.134576530377319	0.130692071364605
0.0501467975830156	0.0452736819537461
-0.228575803073719	0.0755878378969254
-0.30750325369539	0.314464179041938
0.14940650680902	0.0783716928574245
-0.624582031923329	0.153403426322781
-0.721903010717535	0.251442136891875
-0.522938609184387	0.203337039703685
0.668515656075028	0.214587613419762
-0.10872641036116	0.0438528865909718
0.145837129647114	0.050508335078259
-0.229722716539759	0.0759270068257283
0.157631418222578	0.0304971390385879
-0.275030114236461	0.171863320158975
0.0998933390137823	0.104116082105054
0.0135592026503108	0.0135238908889577
-0.0105107588007957	0.006959734079645
-0.084950998688097	0.0856405744393658
0.202123157897292	0.241345178766643
0.136836308371276	0.13308305582093
-0.0635463920535368	0.0277975053684857
-0.137220484283073	0.0766355350679935
0.152182018060155	0.0588064306288629
-0.618293083314381	0.297175368287797
0.151239636842737	0.0852617009302351
-0.0562999436918735	0.0405149880115302
-0.0445425340068048	0.0553760406967381
-0.623006860209618	1.02345781871942
0.325591607022281	0.331371650627966
-0.732484082300273	1.50179070512174
0.063640373098729	0.0513977794856041
-0.0626541416885216	0.064992924486444
0.0565243515182609	0.0532760524690365
-0.772467984691118	0.345310968145738
-0.232691779932841	0.150103293014425
-0.276148561385651	0.267385177938612
-0.556220469683228	0.582343213606728
-0.398952964519268	0.466999957015892
-0.325739617721893	0.37984914061991
-0.11506034190964	0.119635750010309
-0.444978517598238	0.707240870742215
-0.54459288424889	0.868736719505185
-0.155702297042022	0.159507396722207
0.0469757908435387	0.0358104271408183
0.0132257936727148	0.0116275971668786
0.619199510378341	0.664092223154571
-0.297369824943653	0.21667636441282
-0.184634635256259	0.230496464844226
0.256695103960339	0.278178885491317
-0.272997916437822	0.240561714855691
0.14683318271584	0.0638699225975704
-1.13492041310201	0.349384486959602
-0.111335955364491	0.0448322141937914
0.161694559716164	0.0487970170518378
-0.308299997853827	0.143070950496121
-1.82467177482471	0.757687975137559
-0.0469480885053356	0.0216518289196354
-0.149829052178127	0.141601471191321
-0.424435078628048	0.496895459970348
-0.433699680414988	0.329447265655969
0.257195592282403	0.260276365731423
0.32771938172052	0.433049241370918
0.582453494936948	0.929702666843498
-0.387316075947756	0.438068649922628
-1.06586375231912	1.92945063002555
-0.388083758162247	0.439283608034452
-0.476649151051277	0.578198981024565
-1.22794641728115	1.57191366920173
-0.291427020389892	0.277268079795888
0.0722425230568029	0.0687821037262725
-0.127185314917657	0.143621558671466
-0.123140214750187	0.116400308922661
0.198542995559741	0.175803449858961
-0.0281555573053292	0.0213500891043211
-0.16173572097879	0.127755866424251
-0.545413976097705	0.452114608913176
0.428641150981671	0.170985334750714
-1.13345886337206	0.34828321496857
-1.79522376365631	0.406159618358576
0.1588995276689	0.0306480879354901
-0.536390170568121	0.207178133529191
-0.472726597238343	0.313018949510193
-0.486652869450981	0.255498420997553
-0.198711832625705	0.195280041088462
0.353089267547029	0.395856072657328
0.341542648165182	0.329224830668389
0.148228629004075	0.0512983752502419
0.151147710779537	0.0523193888171726
-2.57450915234243	0.686119713628322
0.151147710779537	0.0523193888171726
0.0721027586301721	0.0806347492257634
0.430688710510267	0.501519212975272
0.175437332404663	0.129118424978435
-0.820553157495392	1.50187393634707
0.467556269224648	0.42377229385257
0.271109805334219	0.330989683118792
-0.19035978254955	0.125278995762515
-0.326057630362608	0.192542707184454
0.0492726121861316	0.0391730614887017
0.309767801092658	0.297081496147688
-0.330756163707538	0.372637889353235
-0.353991683740443	0.546560125311576
-0.0935175688613636	0.0748550519831882
-0.800203624587288	0.611567916693134
0.169827104062087	0.192440036893087
0.187555738237251	0.167504488027479
1.05756443758008	0.524759187496267
0.819182245652777	0.350572714862597
-1.82349417803259	0.758718061977533
-0.721903010717535	0.251442136891875
-0.0944995115994302	0.0380218356643968
-0.460616278029775	0.423034677915155
0.00665386138542418	0.00458996524105813
-0.669855392475166	0.462232173135426
0.0551977775307132	0.044291190261979
-0.373668916262362	0.419249760715661
-0.639681793415099	0.772666003018192
-0.00200989683730193	0.0015881200125709
-0.445871985896874	0.468559484287961
-0.0289603675658794	0.0243848554653801
-0.161510674655696	0.135643669683094
0.079049925083553	0.0657971018890965
-0.152113499394113	0.055539912158326
-0.624582031923329	0.153403426322781
0.166760634916841	0.0427859605507963
-1.81697249352039	0.755161927952963
-0.528510789511083	0.205441902241372
-0.489219770520051	0.572407982181914
-0.275635715858169	0.169110472313609
0.0661091669858969	0.0547419774003948
-0.768390647702962	0.343134946307021
0.14653019519208	0.0570865605628647
-0.230460148446634	0.174046231724537
-0.365357910035062	0.532364543453948
0.312885832886873	0.352062680382271
-0.126367387610566	0.110183252642151
-0.0469711895058002	0.0463992190874696
0.0123920212900006	0.00848077013194119
0.0584291016755582	0.0493860857387525
-0.623695063230009	0.152227657420805
0.177212386465778	0.114908630969524
-0.121595890984803	0.0962531371802678
-0.407660254231305	0.544820987829644
-0.371358749432851	0.44098622974683
-0.0164633056813229	0.012620692070432
-0.0328171649936323	0.0310671439060303
0.367807916101137	0.402545910027081
0.720797311454522	0.466005465264833
-0.221755533699252	0.0734151122801483
-0.491086856857974	0.256560758009971
-0.343268806146835	0.0999183449449793
-0.720604456465959	0.251721589615544
0.153568454289862	0.0464103165581933
0.1600975993857	0.107320079828245
-0.375524330758077	0.37290827247864
-1.16458394123624	2.01153757037252
0.174982833532744	0.151407941171622
-3.75448747115041	1.51208464914552
0.527625536835698	0.193638734585991
-0.333169540211983	0.0956424985419645
0.1588995276689	0.0306480879354901
-2.57393942994101	0.680804613621979
-1.79541110556836	0.406108159138969
0.157631418222578	0.0304971390385879
-1.51659726126421	0.549787550108874
0.165674434882817	0.0422257308822068
0.1588995276689	0.0306480879354901
-1.14235343443303	0.349148050508889
-0.155108190251964	0.056718694500787
0.15921674927226	0.0483450021306231
-1.50892094831171	0.544038324980869
-0.186574697988101	0.252428557007814
-0.126376552765866	0.129104744913966
-0.016607709737405	0.00796173277283789
-0.160096620648371	0.148352703848012
-0.172110503952579	0.139890811009526
-0.222813274801092	0.143715249576539
0.158321872008447	0.03054890339565
-0.165328894048983	0.1396760095583
-0.672743205448879	0.771204592556924
-0.365676262911027	0.548743198538869
-0.261386143849015	0.247931203529468
-0.536127695906329	0.206804527707773
-1.13345886337206	0.34828321496857
0.0125886572841189	0.00930197094490241
-0.962154079426347	0.585254545010034
1.45461172869713	0.491065821848087
0.672365927723615	0.21584689717513
-0.337052788373784	0.0977805881937846
-0.468435293366106	0.523111604435706
-0.380136972231777	0.32804794221297
-0.340869162586215	0.0994476453021484
-0.622314221648084	0.151717296808394
-1.80012731460838	0.40572439661199
-0.622314221648084	0.151717296808394
0.952024225447137	0.254550165942042
3.27333105802293	1.11217115249484
0.157056474373317	0.0303984095560313
-0.62935300969794	0.153342878403685
-2.57994643475892	0.682934722662173
-1.01242185000539	0.902289971206355
-0.772467984691118	0.345310968145738
0.67210466855713	0.216488954078171
0.139613228069273	0.0603666778478548
-2.57450915234243	0.686119713628322
-0.724716701361779	0.253084880212333
-0.722131735316544	0.252143474448172
0.153330488140151	0.0297415921897382
-1.27822758284302	0.594160090070886
-0.291116974857344	0.211505908063533
-0.272478308543067	0.223993700970888
-0.0982252211180594	0.0690702645612782
0.149436181424439	0.149119618752321
-0.272388907045376	0.261528471929185
-0.00239169455654851	0.0012387233900673
-0.398543966634002	0.22424383797517
-0.617489686611846	0.66765899292729
0.0674880094297972	0.0567886040694371
-0.608493895900923	0.292706871467766
-0.229939398443748	0.0755200119244061
-0.622314221648084	0.151717296808394
-0.250500485444649	0.222789780174329
-0.418187988730902	0.417183194143822
-0.144231229561501	0.100825848548998
-1.03842078216378	0.416310979105108
-1.79541110556836	0.406108159138969
-0.624582031923329	0.153403426322781
3.27104261465895	1.12081379847629
-0.62935300969794	0.153342878403685
-1.13345886337206	0.34828321496857
-0.348742022466301	0.10134765260469
-1.79541110556836	0.406108159138969
-2.57450915234243	0.686119713628322
-2.57393942994101	0.680804613621979
-1.51279643757503	0.547771213649107
-0.52716563789531	0.2031226388227
0.15921674927226	0.0483450021306231
0.157631418222578	0.0304971390385879
-0.238596247964261	0.22748595597721
-0.0635472631516393	0.0398145166780344
-0.765049896808446	0.33804490529315
-0.307054075675235	0.141889807779027
2.75863284516271	0.79267969100207
-0.340869162586215	0.0994476453021484
-0.50628142628717	0.380981509925589
-0.734391005157332	0.252604327159911
-1.14016935299318	0.348638213237076
-0.62409333671727	0.15194082521988
3.63883921155901	1.44661355339588
0.157631418222578	0.0304971390385879
0.152059452718086	0.029590171141199
-0.503587192673197	0.375497145710768
-0.293092019263713	0.213047073617702
-0.318998877597648	0.402232386989232
-0.452182120266028	0.449488854985205
0.0811541541295431	0.0563367119983433
-1.17275460279799	0.668667087442433
-0.498019796189259	0.262950547997077
0.0102577158794028	0.00657389436068836
-0.724716701361779	0.253084880212333
-0.277018015141272	0.244254834574639
-0.343542423818443	0.10090975164114
-2.57507908676252	0.680490038595289
-1.80012731460838	0.40572439661199
0.159003857627083	0.0480265128738231
-1.79541110556836	0.406108159138969
0.157631418222578	0.0304971390385879
-0.344991553778112	0.100675971877677
-0.623695063230009	0.152227657420805
-2.57450915234243	0.686119713628322
-1.13870450738851	0.347544729295153
-2.57393942994101	0.680804613621979
-0.343816891455429	0.0996962776646578
-0.649554959865327	0.662332741908165
-0.61034981008363	0.296851575272232
-0.286358973249814	0.178703758732546
-0.180634768533932	0.139695407922227
1.45351865984672	0.48998410568291
2.89938030546221	1.99597408927619
-0.339689629328073	0.0991873938654728
-2.57393942994101	0.680804613621979
-0.195549089123116	0.190872390056776
-0.0697053000438887	0.0435879779989314
0.0302379538695756	0.0258484874514393
0.346667846827276	0.171825709017954
0.160400851667561	0.0483731984970343
-2.57450915234243	0.686119713628322
-3.45549576669823	1.25034460620717
0.157631418222578	0.0304971390385879
1.0404202529805	0.404466019128978
0.95292022183415	0.255029382628136
0.162378104800928	0.0310834456145106
-1.32181102188809	2.07218503833205
-0.131476099995187	0.102973006734701
-0.0973197934238262	0.0987610131799201
-0.0623432343013353	0.0272566025077435
-0.790433983093676	0.432770530923929
-0.31720471044012	0.298670385334686
-1.79522376365631	0.406159618358576
-0.618737201948444	0.150559036504414
-3.08471213635442	0.965314084973475
-0.622314221648084	0.151717296808394
-0.400375131161567	0.170476605274052
-1.51513633099547	0.548077569901583
-0.163360049441566	0.0592738806217109
-0.314026566812514	0.335260057009669
-0.935463493267116	0.664560945383904
-1.68718143435019	0.966232932996444
0.452799476746634	0.422455560069991
-0.150312603476306	0.131704114578908
0.0881727186911906	0.0798882485212576
0.0668752876304989	0.0457275222997212
1.05867489725025	0.524260431275118
-0.229722716539759	0.0759270068257283
-0.724832779293065	0.252803415831091
-1.01976360336146	0.408668891743866
-0.615376263787337	0.636163204717126
-0.157949595715112	0.0577565264493089
-0.229939398443748	0.0755200119244061
-0.79088470709578	0.433553123835375
-0.342049627515181	0.0990466327294158
-0.349006134070706	0.101786523630064
1.32420347578211	0.594323880877371
0.170541995167361	0.0433725109405701
0.673553513601153	0.218109822226041
0.526282024246712	0.193593170961761
-0.148712408233657	0.0546464053678112
-0.377427685451716	0.324453242414596
-0.794399960148247	1.28966649502333
-0.320607967117456	0.365931097920417
-0.0266412350111659	0.0289125204923464
-0.613137872499033	0.298078623231947
-2.34585877483458	2.06556911319097
-0.62436815379388	0.822104811555543
-0.58344221993473	0.560170685228265
-0.398536512213939	0.396643340386887
-0.621515252860999	0.68158819611287
-2.57393942994101	0.680804613621979
-0.630732478411191	0.153857382309032
-0.620531475305306	0.150785249491411
-1.1412609968196	0.35088828313214
-0.274687515031248	0.256650463128418
-0.201399861124277	0.106516159105049
0.367571210113224	0.184743634105315
-0.972865782353154	1.26456899166173
0.0273032530263272	0.0232204088565135
-0.16264449530264	0.151694072411159
-0.313564134605556	0.277024545139479
-0.623203514518812	0.152886975065438
0.148448238167646	0.0513076201238473
-0.212577699372807	0.193783443191415
-0.169493066461854	0.18852246866609
-0.0549328842726612	0.0499376202511919
-0.467522416409086	0.432200000101656
-0.686125241932195	0.789583629232804
-0.435084688992205	0.371185439541648
-0.220610815050773	0.0725929304678882
-1.2849226802386	0.599119703841267
-1.13384470910725	0.346451671342812
-1.13453748317733	0.348386420481102
0.150783671583358	0.045388108777533
1.03634162491416	0.3991693364154
0.166760634916841	0.0427859605507963
-1.5154277743567	0.550652304944458
-1.80012731460838	0.40572439661199
0.166760634916841	0.0427859605507963
-0.343816891455429	0.0996962776646578
-0.169885161223221	0.116669671498325
-1.04775589776894	1.36410261070115
-1.12647640365483	1.65312433135341
0.0411441497194153	0.0386730284351222
-0.0797242715812968	0.0865688737041924
-0.362003164989632	0.390567864945842
-0.510389915417726	0.384907314244631
-0.632465887986638	0.763004438917507
-1.02923258220045	1.63002871166038
-0.515411684590609	0.539184969060412
-0.114567650451259	0.0918150863898426
-0.782459939577877	0.57666930463319
0.156051095201577	0.046868937559824
-0.11318910939588	0.0450290932089252
-0.884916185081463	1.24868305482462
-0.173339910912815	0.179351663355909
-0.395540086419216	0.271739621781406
-0.404712529018636	0.171417545574876
0.954461539476658	0.637814541604532
-0.242083230660155	0.198913080153987
-0.259375526575552	0.265792879563294
-0.735804666313544	0.783604340682496
-1.16828233204575	0.664354418938644
-0.99160532010116	0.505778587229041
-0.625469527156518	0.152450282737538
-0.45792198824125	0.302457376029647
0.00708389988329299	0.0045122486143082
0.0414161451923591	0.0410153843534211
-0.130590208878196	0.0911794860543047
-0.284421755743794	0.294888480387703
0.980262036539813	1.05868069152637
0.318041087262786	0.339429660916949
-0.400787503832601	0.345789682059181
-0.615902880476494	0.30174608006186
1.05764041463911	0.523204233297642
-1.03439373371663	0.41922059845391
-0.287006078855872	0.206968300100795
0.153330488140151	0.0297415921897382
2.75606918885066	0.793508670212093
0.15921674927226	0.0483450021306231
-0.342366844950387	0.0999187527730966
-2.07464715349459	0.962880954569526
0.670883773275737	0.21573252817249
-0.0977102367405741	0.0395608971079152
-0.196767404490254	0.150138676794506
0.0287406715245083	0.0165625092985735
-0.279629937478333	0.229379378487284
-0.85042737672503	1.10983938477758
-0.0425756376945305	0.0351010488204243
-0.20498047046429	0.212313778408638
0.0533559731649668	0.0406698438971599
-0.519750134733524	0.683390201607875
-0.17900525618211	0.148505998273202
-0.249560790980218	0.206318444430122
-0.312029426458483	0.14370168700991
-0.369201871728715	0.388763190037325
-0.228009148728556	0.14617927855757
-0.491616593462786	0.257713399966371
-1.16831717230612	1.65229454183482
-0.14240026198346	0.0992926380385852
-0.401307165700661	0.171557584514759
-1.6900669394723	0.964208778322961
-0.726238487506654	0.253437335397984
1.03902671883926	0.401278580186936
-0.79749448456263	0.5178956566437
-0.0643964678540378	0.05911837722314
0.359037881017391	0.42721384667598
-1.35483474846501	1.09304692970876
1.95993956827799	1.23474854540568
-2.11840592202818	2.92510490043295
0.146013929311276	0.147910665240584
-0.496819966371803	0.561393462162516
0.103663056344002	0.0822849777387659
0.146923762007403	0.0508196417525894
0.156422543419747	0.0472980918883861
-0.619634069394611	0.151716324023864
-0.397152930524167	0.270007386607794
-1.15866207309514	0.994841787173513
-0.074915564380647	0.0713736655543951
-0.0232661049638381	0.0258152947285307
-0.634914466835565	0.909082800947306
-0.520649286750172	0.543559286287056
0.292414184020074	0.335308814114105
-0.910371279124129	0.750157364363748
0.216919254292168	0.214356849054195
0.0666539696588385	0.0572348315180911
-0.528983260725292	0.202992306874347
0.308830375209031	0.195930956906959
1.03674127319984	0.397936005636489
-1.79522376365631	0.406159618358576
0.0387688971395878	0.023556755812744
0.169301214921532	0.0427592743769238
0.530234735136755	0.195115554796289
0.523670606978157	0.190861849447837
1.45840207343894	0.489337286075825
0.157056474373317	0.0303984095560313
-1.79522376365631	0.406159618358576
-3.07968455989498	0.963635125148535
-0.14537069997032	0.0533503794450636
-1.13492041310201	0.349384486959602
-0.630732478411191	0.153857382309032
-1.13492041310201	0.349384486959602
-0.350191590281639	0.102610881125832
-0.523402837035901	0.20049878740023
-0.342601878751927	0.273730205802588
-0.257864888623047	0.275273126327604
-0.634097568499349	1.276327723845
-0.15065093156928	0.150445428784327
-0.104420729646581	0.115417341225571
0.326730923422392	0.324155050095232
-0.335675844259556	0.290407859341697
-0.065354570472267	0.0547056312687239
0.32000148426456	0.204867504766517
-1.28516527704006	0.593068953266583
0.200282346908649	0.206472392565971
-0.403843472831368	0.278333604063232
-0.345368967595633	0.490010611785055
-0.888843528697887	1.24630947755056
-1.14765955682404	0.348346437303257
0.166190998428618	0.10129062721117
-0.623156660287684	0.302859659037306
-0.391182201335566	0.458828251386219
-0.497785064407241	0.48882578825123
-0.326866961900408	0.330028432949298
-0.119638432036595	0.0701300542777004
-0.786324570390548	0.422111268314748
-2.12178798289923	1.63829093857373
-0.609520921070317	0.298082193005535
-0.0840849382831207	0.0820550313435751
0.0230423828073321	0.0205067714525094
0.700592207338863	0.442425379208099
0.347662366485492	0.173862722133382
0.308160168965913	0.209894991636271
-0.51414012835215	0.558695621693109
0.134233117327273	0.123692438602355
-0.999136250626851	1.24509684318624
0.164226724221899	0.0416602681945232
-0.602594638367397	0.288931961080016
0.152059452718086	0.029590171141199
0.171634472420616	0.0433572706368662
-0.784882517527906	0.661515188510005
-1.16913118745149	0.668649743957299
-0.289324369451617	0.257843658313283
-0.272241413482241	0.418171206479399
-0.0618353872969807	0.0564501354319415
-1.04881298093651	1.36398793611396
0.277575504885004	0.38547101068842
0.288847352906475	0.216030258977557
0.114408733812099	0.131032108571065
-0.0491873313893173	0.0406405035544428
-0.730123386031477	0.256802322226565
-2.48472400690217	1.41602833512481
-0.155902383431885	0.0570607367530945
0.818390357722202	0.347814859780962
-0.0431479317500554	0.0279472491155124
0.445559696059655	0.183481849511998
0.157819500886876	0.0479964018015095
-0.342366844950387	0.0999187527730966
3.27475268127972	1.11306798677358
-0.339689629328073	0.0991873938654728
-1.51552740493151	0.546707354167397
-1.13453748317733	0.348386420481102
-1.82349417803259	0.758718061977533
-1.51126686389698	0.544349597683157
-0.624582031923329	0.153403426322781
1.96025897070573	0.471212877436839
0.795875526507114	0.473034391843941
-0.164020782585116	0.141657914478103
-0.392449770033318	0.309307103317868
0.113060609123955	0.0876655234491504
-0.405790787989041	0.513383874836484
-0.207233449026267	0.218089540275219
0.195887640956535	0.20029238041228
0.00522049589892866	0.00531214335232629
-0.0402914486075928	0.033749519407331
0.59209464870676	1.0884991667257
-0.580377086181791	0.630987626706483
-0.538748447185883	0.598059277819959
0.0949040542106671	0.0710660144433849
0.507180647534491	0.317351826758915
0.526088870322886	0.19195857798614
-1.14706747108652	2.15739599346813
0.761804657213215	0.825797994360759
-0.704319323923984	1.52948981606832
-0.36053844414571	0.453837917714465
-1.02620966872653	0.41818337996543
-0.762998333827973	0.335246064240186
-1.05800000553277	1.09961933342266
-0.343542423818443	0.10090975164114
-0.271510127043464	0.294075357778051
-0.030136696974375	0.0228916645514365
-0.226907637528357	0.189785612762466
-0.169100296517915	0.115699425714423
0.64494621503215	1.11579841620598
-0.130092066394319	0.138332397922906
-1.09671680297645	1.0335351529433
-0.650854193556986	0.385866944924582
-0.0485506619599846	0.0302310104592499
-0.155095109331765	0.139410250373297
-0.131778715315362	0.123673243888185
0.395290892057158	0.383167320396384
-1.82231749393078	0.757183848190581
0.359356520271338	0.180900193422789
0.157631418222578	0.0304971390385879
0.166760634916841	0.0427859605507963
-0.623203514518812	0.152886975065438
-1.35567820778457	1.09584295620053
-1.10200395649588	0.75287559278722
-0.493834318256103	0.259306282665875
-0.625246344186379	0.744620008579287
0.280717218306314	0.376608669144219
-0.192214557115934	0.191300413742329
-0.0184836212707832	0.0121634417099156
0.036463965379686	0.033141321251149
-0.661199510468062	0.681721268736142
-0.740835174201912	1.12768186234693
-0.549827696038864	0.571848034776971
0.820823944260337	0.354804427519032
-0.785115264509033	0.781547539841827
0.148115698391849	0.0509157943010484
0.166394015894957	0.0421995715384941
-0.296948325135077	0.266129615824967
0.145310647208621	0.0438088258448526
-3.45549576669823	1.25034460620717
0.14653019519208	0.0570865605628647
0.144616061493927	0.0500253520513714
-1.14016935299318	0.348638213237076
-0.530937280824717	0.206881451169038
-0.62982953293132	0.153685936034785
-3.08471213635442	0.965314084973475
-0.329034530328115	0.195234965348256
0.165674434882817	0.0422257308822068
-0.220404038835599	0.0729168656391525
-1.51776765519345	0.545744093373483
-1.0271278658152	0.415065471794964
0.785036718441275	0.468799474952908
-0.479458561461119	0.464270679283848
-0.264754926512586	0.214966809531938
-1.06126770541073	1.47336648088386
-0.0621905486094338	0.0517233382485841
-0.449813063774282	0.556433038770969
-0.231391386838088	0.206399176421959
-0.41600060427782	0.721377433449176
0.130485757324923	0.115182925469901
0.323758574140038	0.399127421741388
0.628279569348241	0.754435748149513
0.277209095204021	0.256005149404611
-0.0352719300099218	0.029692731125874
-0.148718663488667	0.05422206968055
0.359046179069308	0.181390062430688
-0.392348755154301	0.465538341837892
0.0629653388477235	0.0402491990759797
-0.448775896910068	0.722146157151653
-1.51659726126421	0.549787550108874
-1.139798321011	0.349782272227464
-3.753325756616	1.50774999821741
-0.629486666843778	0.300355329663736
0.597240389691418	0.315201476963506
-0.336908695623645	0.291122794155198
-0.0611160655866246	0.0508594755836712
0.508980378456569	0.312333082603166
-0.787303134524481	0.595303980101247
-1.13345886337206	0.34828321496857
-0.159782311103711	0.0581470514010481
-0.779940052077409	0.348591494839591
-0.232282177847349	0.213884131488965
-0.338993369070121	0.335145652422045
-0.384168653105766	0.386243130328457
-0.914443227130344	1.19634889604798
-3.45335843018676	1.237143568277
0.0533907780140838	0.0325772054017672
-0.293887609090594	0.383769522545298
-0.240885299919613	0.308004382694794
-0.663476886094621	0.720869103626956
0.143552854949838	0.0622321518539146
-0.668044528849688	0.762030996671506
-0.285273163720985	0.321538619178879
-0.359924404270526	0.427488002932544
-0.182517899400126	0.194282106282669
-0.0977102367405741	0.0395608971079152
-0.708822335027576	0.62123179346917
1.04160966012263	0.401916952457565
0.143747269175704	0.0559041635309843
0.666887977767422	0.21415635270207
0.489274488814147	0.297952251047229
0.890431902146518	1.19042804962008
-0.466856853115366	0.308194509271589
0.542504991354539	0.683103883489295
-0.649481128441674	1.37107669717598
0.0858499016469791	0.088107930801742
0.277373900332633	0.238007586252939
0.243347038567225	0.3374804563762
0.11697970894756	0.0957092540862688
-0.0288336885413637	0.0306736881730295
-0.0234929754842262	0.0197795410299275
-0.33151132923845	0.195681598898981
-1.052804398571	0.834179561824609
0.445295933976001	0.18296521501244
-0.316769502251675	0.147367554895356
0.056899769266858	0.0446204122888636
0.526172970540526	0.191693034792967
-1.13600022882357	0.347365132523473
-0.344718928168882	0.101170101330633
-0.222550647016499	0.187292538831182
-1.47834864725832	1.02336087826358
-0.600356511665323	0.289225155580189
-1.82255880756041	0.753613125904852
-1.82231749393078	0.757183848190581
0.657522392462702	0.208634368284639
0.526088870322886	0.19195857798614
0.00182176352227429	0.000774430123382674
0.124499889680181	0.109636622642293
-0.0149653553529661	0.00992050626436602
-0.196549568661119	0.204710969452432
-0.34477581208689	0.374009439627368
-0.488641752156296	0.675421712073178
-0.678093727220914	0.9716545960549
0.566103002926293	1.06452933426157
0.654421542593838	0.985361673112759
-0.166422157484499	0.189405318069809
0.894400996536805	1.34306935159138
0.00527978692148602	0.0039455285522763
-0.121005921435223	0.105245138833577
-0.0241519786239639	0.0155071391338572
-0.512673965036331	0.383793625268315
-0.232979776024274	0.3052511193996
0.250521974769177	0.250619715732494
-0.375682687261821	0.540772165965705
-1.49844534830237	0.78562406308863
-1.81907301713506	0.753429338745028
0.945615480297834	0.62886563569113
-1.68439837492378	0.966504976336147
-0.239900682129594	0.119622767152677
0.382371198629845	0.323405465279207
-0.135759718462292	0.136562418986563
-0.631414507884211	0.974482429812285
-0.470800527983944	0.431326287061475
0.262538483363861	0.228848354640123
-2.63394517364126	2.82939594901814
-0.00396825517923523	0.00199423061620459
-0.390934072687159	0.266867546618702
-0.552828547424203	0.347345125405712
-0.588702443404575	1.03054516207605
-0.261183595582323	0.286729835224629
-0.909068889532448	1.18201259992679
-0.336013019869336	0.200839625837974
0.321384723118723	0.192104427906139
-0.299869634804094	0.219111750790038
-0.450902892975496	0.44661421998882
0.0694237669087941	0.0479248194841182
-0.264066132747037	0.162333560584875
-0.92619564544141	0.663440482757261
0.275394633128786	0.228820559782329
0.198248540058919	0.166232025376674
0.283461491991047	0.20017453279283
0.151241786312554	0.0907585713193892
-0.0290197768366654	0.01858751778171
0.101479789397339	0.0837643024201883
0.659542563747006	0.843664833586572
-0.981721116438546	0.966744045580666
0.292659019367941	0.183225152187515
-0.345678681538067	0.276039082749137
-0.187849247769921	0.124059288580306
-0.286157507484555	0.255935063113426
0.740577730889742	0.717137769888642
0.416490868823223	0.418268368800663
0.771409667405103	0.842899056696308
-0.958016093429607	0.592182976881472
-0.194795470293335	0.12965010163634
0.0118178292653397	0.00810647924268707
-0.194804866210765	0.14848086440851
-0.650955147929288	0.38197053639189
-1.07323793782126	1.11847723901087
-0.253783383528106	0.202389947163557
-0.0636964959797233	0.0521092320174423
0.0517292868969207	0.0329587321285394
-0.545963992889076	0.449781718309523
0.0889646553949216	0.0621632371103549
-0.674895654622307	0.466295199132217
-0.235869446194684	0.17710203441934
-0.117811156240991	0.0688725770908956
-0.623857484321467	0.506350931705678
0.678332297668043	0.580305433681293
0.40318050926591	0.316006733634848
-0.347037139992151	0.277339404816461
-0.477616422494386	0.403172674043016
0.161789017493264	0.0986310129162727
-0.0887061926263186	0.0539293928539783
-0.143818143515234	0.0807287760421451
-2.07441122030804	0.967874205840337
0.130551755301361	0.0501217252232096
-0.395338960838242	0.167001956833253
-0.196649166282627	0.105229046498434
0.389540160291969	0.176120471754269
-0.198130575506828	0.104533314894993
0.604064029629197	0.317915346882869
0.0588092772823533	0.035843728454379
-0.420117104120101	0.418427566882669
-0.320223445940902	0.347395155035067
-0.225445595938381	0.189804058611386
-0.872455519196366	0.933077311726771
-0.852452032934297	0.963813338878688
-0.110187891804903	0.0796003881945743
-0.397548754868008	0.34504709613334
-0.327681514232314	0.312067338428543
0.187146162660823	0.131296847570721
-0.85291262494802	0.945962034856752
-0.728766571496417	0.740765980600706
-0.40821132662516	0.230541410102905
-1.03672756723561	1.15770702705454
0.477851032533111	0.436949981538667
0.0858879165644896	0.0620111530621376
0.516223596188548	0.524520479528213
-0.652887859717767	0.671504388845088
-0.573498969751619	0.517489783364139
-1.3364344688169	0.851629353982717
-0.653000892023039	0.382909030471496
-0.171114121643908	0.133111883221954
-0.241527092025094	0.155523104493705
-0.311572894288181	0.274746242088483
-0.562939688462775	0.502840757769505
0.0114800362937135	0.00825109691228529
0.0443073462938342	0.0335947973681487
0.874304172562679	0.993883876105851
-0.264754690047594	0.19530018976791
0.149376250967796	0.0782220232679665
0.494253208704779	0.510613454392948
-0.238332741823226	0.215608411176222
-0.468847955878001	0.433091628732302
0.0999479480156405	0.0700533764693753
2.23645700271318	3.06690997386462
-0.0531692156235157	0.0394425021494634
-0.41991646949995	0.421645372036912
-0.543014300296376	0.600377435663284
-0.657362580300707	0.63595146987413
0.215079180345993	0.195167348456435
-0.0967074794973785	0.0694325646688258
-0.661986129694288	0.717504400588475
0.523947008014274	0.636989101431205
-0.10965116002981	0.0973178397404086
-0.0979015034237241	0.0702608707657275
-0.398003698170107	0.273918432619112
-0.138644026590447	0.07697418306397
-0.944348463236157	1.06738212132585
-0.927165195845671	1.01851841035008
0.121452594981576	0.0965927119282976
-0.616780762206318	0.63659736459044
-0.429953054726912	0.36858183799736
-0.511864877595728	0.383204426595051
-1.48777123518841	2.05129166425463
-0.182557745662321	0.120501832496944
-0.177531588555345	0.116092209398522
0.189846852490774	0.140107867953849
0.0910713206049643	0.0653611868078872
0.0596641431076547	0.0487478554350483
0.683270754270136	0.864962689381701
0.513729783228172	0.523793552694362
0.366669677501304	0.319079411224824
0.859175087115983	0.62081294949553
-0.342882262924504	0.202408111468832
0.136364755510639	0.0574031822269809
0.136745630238291	0.0647813548284289
1.33106452284384	0.593312216872763
-1.49772354141653	0.775533736869565
-1.50774935680936	0.539484760175277
-0.188477224753255	0.100477423520521
0.197517520317984	0.189925975852461
-0.0503957697028142	0.0414466996143941
-0.903373888539237	0.750193104104862
-0.456727735846178	0.420068571172647
-0.18532944347016	0.172509149305995
-0.562331776765368	0.508104957846883
-1.13201307005924	1.46668839721508
-0.112729434851914	0.0992736499863625
-0.129837620568644	0.0900926321985253
0.164959196841003	0.0943429767716428
-0.260843666393599	0.234186916049508
0.531566388575743	0.61959929528508
-0.315712836280419	0.324103537470206
-0.438602783989068	0.490548009811765
0.278467548846156	0.244307825447632
-1.02836484336377	1.39939221701357
-0.169174701382149	0.145660871667364
0.0899059447374301	0.0682805381227074
0.269677039022081	0.228720530149155
-0.105389714352962	0.0424193779052806
-0.491616593462786	0.257713399966371
-0.472001741488117	0.396548681961481
-0.591261195305403	0.576361507972841
-0.582364236420742	0.524338709806305
-0.242556966300628	0.121754749361805
-0.462867054159387	0.302588968614991
-0.114595065005255	0.0816140972808779
0.496866150108276	0.518793149483193
0.582753353185797	0.458677500273314
-2.4739426742201	1.41121114687648
-0.655410236860908	0.387229117215291
0.544447993256726	0.448527247428342
0.0797131258654109	0.0555343077502367
-0.426735364992621	0.363726542958229
0.308693321327754	0.198106757761668
0.454121067418983	0.433432283511183
-0.859432826646866	0.978546867227898
-0.141265484422343	0.112876449790766
1.72673951861254	2.82445418776153
0.337943652596997	0.325061139195393
-0.344329423548412	0.242118567900688
0.143445720753174	0.0557160838352611
-0.0257542684637933	0.0121090331975974
-0.561171065787533	0.504509225804953
0.260642633585283	0.213418840761324
-0.346429467360247	0.276469518905063
-0.504862303681443	0.379823881604627
0.298635504333132	0.200795414518708
0.300313267635096	0.215645126157593
0.513632301402629	0.524907508939057
-0.159322994091063	0.108933680748759
-0.695430082468132	0.916469589421232
1.64025940501055	2.33007735937341
-0.296681851733186	0.237230408494719
1.40056337822515	1.07337601909298
-0.403703651971208	0.226686516081246
1.26987183816124	0.711993183004934
0.821071015660031	0.355024826276381
-0.599964440369674	0.287384396730509
1.325541173279	0.596317804415036
0.672329204234225	0.214414311899322
-0.410695148189784	0.174087275578746
-0.170536898139908	0.132085385210463
-0.386132133491342	0.362942864094932
-0.540534922843255	0.450911252859323
-0.375781259978694	0.375087446768803
-0.443346106714594	0.337250418130077
-0.721582823050069	0.777715740372327
-0.523544478872179	0.546790356082981
0.103263872414334	0.0793889053950925
0.716092755515925	0.790120978512032
0.166544071255496	0.101494153404433
-0.499824983929094	0.263738487248852
-0.447038410244296	0.402777779455222
0.715056589649173	0.795422169360022
1.13340546478716	1.14143838650589
0.286895664062741	0.213774148524033
1.23456628048151	1.4688437125129
-1.81810097205237	2.080658558909
-0.293294096838163	0.259812983626741
0.827096682331119	0.949926722222165
-0.0846918430645603	0.0513685431206665
0.165310764697054	0.0422104497686673
-0.688291584014909	0.543206413538028
-0.216459792863705	0.0716410349070388
0.351003465604989	0.173937265847659
-0.514494540349579	0.388323945175166
-0.805667457605889	0.872920407439895
-1.98208309071546	1.37670925670946
0.669700188276656	0.216836591054402
0.145930404532712	0.06327423851676
0.655970448038421	0.591040080171312
1.89789013755051	1.59779033580035
-0.66913061756267	0.458866389773626
-0.0368017271520266	0.0235826999211763
-0.471449888146425	0.392996888112496
-0.136535291331479	0.0951625985710844
-0.797680674448435	0.800991597813391
0.74113225995921	0.71158827151979
-0.413254844011543	0.173818583346877
-0.992896728286836	0.502125138939554
-0.159826871925986	0.0894501747320657
-0.444577430858185	0.340724877966619
-1.44520532920292	1.52543844033977
-0.394006850479953	0.270722289073956
-0.557591575040422	0.35049794854934
-0.795585658258321	0.684013554030841
-0.547761953926154	0.341314387526117
1.35792687212597	1.2332630487563
0.380355543614871	0.17273060845917
-1.60761157111896	1.21928655343871
1.29981792275221	1.75899477712206
-0.391974542774484	0.309089623891632
-0.555923119015628	0.348968604111649
0.913274123637587	0.776119909658303
0.138828784295158	0.0603129016123432
-0.720373042249908	0.25096406524236
0.682284658274595	0.325724958712449
-0.623203514518812	0.152886975065438
-0.724832779293065	0.252803415831091
-1.295826789961	0.587380126943098
-0.731525616406812	0.255525096859232
0.170541995167361	0.0433725109405701
-0.731525616406812	0.255525096859232
-0.222695068591131	0.0735779431251597
-0.0762929345079172	0.045672003807745
-0.0266137021105169	0.0126071410165388
-0.558265268779381	0.502565811162552
-0.878910327240731	0.875503899878239
1.35015832580648	1.40050944011792
-1.68162975798411	2.04773306113213
-1.7379109686445	1.88117933373612
1.06898893017036	1.22806147706122
-0.14951887458702	0.0842277468102522
-0.148662522385017	0.0833824025503233
0.494378519224649	0.308073500474338
0.140595592258167	0.0607787821997478
-0.396935365910938	0.269040984799646
-0.0282895412761175	0.018126204495479
-0.887729043450637	0.812834190235325
-0.306430461294772	0.247890788410588
0.0844760722038801	0.0568521098630909
-0.0690819994238062	0.0302690152513791
0.784050200532731	0.464582262626004
-1.03302388557896	0.421793611703792
-0.147965038499512	0.0540019765178754
1.24914136488343	0.860709628969354
0.340739836628855	0.188384169675947
0.451502993363427	0.322558333935316
-0.93432807150409	0.67667569408316
-1.03978903438032	0.421120383022407
0.609709290214408	0.321042966967339
-0.505731094274854	0.376163362402801
-0.0522766955854544	0.0326202613552245
0.180540071404641	0.142446749388683
-0.0800715796531077	0.0585942345534978
-0.636616646231605	0.769018248000731
-0.585310112431821	0.425577882297086
0.17217903025791	0.117095433707123
-1.01744504499986	1.38123486037311
-0.926478570365558	0.663404170925814
-0.401347921029755	0.171005116484755
-1.21747008163088	0.891097838382898
-0.21040492271861	0.161939043837649
-0.797888698626642	0.805061889004143
-0.552534614542228	0.347715795248888
-0.548446396533728	0.451873624776034
0.0831186674149042	0.0555060395425366
-0.407334789282377	0.319311807715942
-0.189629394306281	0.101531577134304
-0.200120463504452	0.152366073780107
0.184025507463842	0.136121338561589
-0.803063661853337	0.867611242412464
-0.807077914070634	0.752522614313906
0.939755223756088	0.897638894971253
-0.544500058330234	0.340310545195658
-1.46963222664921	1.02035063200973
-0.31078569786682	0.14454210181006
0.69580758463642	0.321038146911234
-1.83053444560278	0.755559929122587
1.46515025425329	0.487505243218888
0.140516880773455	0.0545297949412117
-0.619634069394611	0.151716324023864
0.67210466855713	0.216488954078171
0.395272984711162	0.180640745979256
-0.574714420038761	0.520714545450378
-0.453970078741354	0.41415554964312
-0.312281745950136	0.252601957364694
-0.243636426516081	0.221728765338137
0.176715607077953	0.138809350653
-0.291043498813539	0.208262061291524
-0.500241982166145	0.263967423109451
-0.250126366059475	0.125316823984756
0.743769329047083	0.610634290324048
-1.26814130593062	1.3612365645889
0.529294649343726	0.299708498451704
-0.00356167514546994	0.00226297622135391
0.279202352748645	0.244318611921543
0.532606063054127	0.529721537531651
0.172462275387835	0.109897060791273
-0.229722716539759	0.0759270068257283
0.148228629004075	0.0512983752502419
0.308964444069817	0.21014694679051
-0.00862477042718244	0.00425370532472489
-0.935175472395001	0.678195184946991
0.3807473404019	0.172329620532746
-0.184904530147069	0.098610960593906
-0.331367679448613	0.197417565949155
-0.00664691917549477	0.00452407817769661
0.695278089730699	0.599164626661906
0.693732752385957	0.685531700236487
-0.551871700811203	0.489997969807256
-0.111056254029398	0.0891955605386892
-1.35534638724616	1.53865174115835
-0.392664531235242	0.265720846678561
0.283191914185922	0.219069550209691
1.24520386850801	1.33876491358514
0.0196901238545133	0.0138594559048343
-0.0576440416423336	0.0417244566099449
0.298892180737851	0.203665316431873
0.460692910700393	0.308093517527453
-1.48841664993422	1.03141529903369
-0.0312659805546344	0.0148236950355585
0.146835585674207	0.0572347599611663
0.161486408205213	0.0413117168731846
-0.343816891455429	0.0996962776646578
-1.1412609968196	0.35088828313214
-1.03439373371663	0.41922059845391
-0.220197117282581	0.0723617793176304
-0.776147375635039	0.345454615999858
-0.697184169143827	0.549561619989358
-1.22621235809882	0.90937399697894
0.0909776253403285	0.0654294042159925
1.09812943245297	1.45858977312631
-0.0357565078272702	0.0167826133625674
-0.103152862860473	0.0415929454699209
0.520832738473921	0.190542776372981
0.536208395091574	0.442601428773028
-0.114772274339044	0.0673064632546072
0.0326986417050925	0.0198500630366058
-0.396025459793895	0.269344931477559
-0.919145760272043	0.758505520906193
0.158031704426094	0.0479750742787413
0.165310764697054	0.0422104497686673
-0.390823486638691	0.267835356980963
-1.27199655576093	1.17037980473725
-0.402844310905012	0.22585250176697
1.82217654089451	0.725748167802471
0.140510148384066	0.048664068301297
-1.8409376266516	1.65591796064951
0.158743737487395	0.0945070736030784
0.619856940157604	0.576151263057156
0.0955700353605629	0.0712652262590067
0.185768537106403	0.131637023003042
-0.164133719656022	0.126034452127199
-0.430817141231534	0.363889969845155
-0.237162956858281	0.15394621949344
-0.230842120200159	0.148989053962031
-0.397277952639259	0.168380613117446
-0.480085444378067	0.406072924194644
-0.189843669955073	0.100481665358006
-0.529433736105951	0.435257120911405
-0.231112884398866	0.17379899399826
0.389023525617945	0.329030748375922
0.668084647841113	0.214613858911294
-1.17592146351295	0.667894614016805
0.146690232342077	0.0633279760349747
-3.46056115971004	1.25132587477871
0.950654218295308	0.25253240285929
0.162878077886294	0.0488236589544503
1.96025897070573	0.471212877436839
0.144049997367881	0.0558397456595895
0.157631418222578	0.0304971390385879
-0.216459792863705	0.0716410349070388
-0.565472690177018	0.512374129615982
-0.0938693030530653	0.0772155428721684
0.287804018164247	0.214687499138299
0.986941253675754	0.773129370293373
0.685997047033219	0.593874151064604
0.144359124921512	0.069031355933517
-0.512070930393773	0.468907965615722
-0.488680917774857	0.477233843413195
-0.578258369830725	0.418027509186314
0.275079160390007	0.210709861734084
0.166760634916841	0.0427859605507963
0.15504931902936	0.0669834014939066
0.360374637904446	0.182212162425847
0.966870018508021	1.03286558911248
1.10625370224238	0.828746259229412
0.670883773275737	0.21573252817249
-0.774058705220437	0.343513815661665
-0.000234394598806049	0.000483764859284982
-0.908773870980724	0.753742630935503
-0.639711473880709	0.564603130498546
-0.579383429175973	0.558510723960296
-0.218209436325572	0.164302217326825
0.0493445425127001	0.0283759439257224
0.0441318302546604	0.026964033545446
-0.134769898432608	0.0781195666215631
-0.703864669741314	0.617787697449465
-0.247255033436255	0.159197259478698
-0.789526510821236	0.515432982331578
-0.796608010559168	0.747703365141857
-0.809350244113681	0.755805414655688
-0.31097218349032	0.225347778455907
0.663004207931313	0.675193796800683
1.07464471863297	0.648446192866999
1.44827270362108	0.901994696216299
0.531595264123315	0.195527948373046
-1.1412609968196	0.35088828313214
0.952024225447137	0.254550165942042
0.161486408205213	0.0413117168731846
0.525964016980888	0.191864376850222
0.164164509697856	0.0416462564743448
-0.62409333671727	0.15194082521988
0.164278215865622	0.0494439084469955
0.145696167995687	0.0561952606009367
-0.603612418084628	0.490377580132801
-0.161672108993317	0.109587520383829
-0.70806468309077	0.555768048993427
-0.94800364400019	0.57486707756994
-0.928172954975262	0.673043687631553
-0.61723933364994	0.539559970637392
-0.935749523614706	0.677830203945148
-0.656684553564596	0.388782332667482
-0.726238487506654	0.253437335397984
0.153312144356789	0.0526631808269275
0.589099729191858	0.304701494744148
-1.68544234316189	0.975681262593783
-0.797187913467127	0.519969099104502
-0.342366844950387	0.0999187527730966
-0.945809410754505	0.676389352314803
0.171747569727369	0.125621518901527
-0.145243705028264	0.0814775727549371
-1.0408248512381	0.819025167271796
1.31843663676829	0.580080502447099
-0.802389471651853	0.517504040375337
-0.232267222228938	0.113506654903181
-1.99329103597819	1.39027020936375
-0.0805753281923069	0.0490539089197549
-0.345954849237122	0.246672232264486
-0.595559140948834	0.430064425628817
-0.518945913103219	0.201612309704566
0.143074866879088	0.0553218038304213
-0.723310015883846	0.254344357266946
0.154863985111538	0.046749770246217
-1.13710196565356	0.345665576379782
-0.62982953293132	0.153685936034785
-1.14655172561439	0.347944063488547
-0.344991553778112	0.100675971877677
-0.319137387865025	0.1860403625306
-0.79834916759767	0.5229576219482
-1.79541110556836	0.406108159138969
-1.79522376365631	0.406159618358576
-0.510589202190927	0.385700628122476
-1.14814257381889	1.25878040479933
-0.276410093451599	0.173269145362853
-0.137332978984886	0.0958827658264615
-0.679057832605112	0.466460404633086
-0.408743746175754	0.230744216989144
-0.547761953926154	0.341314387526117
0.135427792944853	0.0513759367241712
1.82480935034987	0.726106092264881
-0.150814210638223	0.0550507802852116
-0.111051840758146	0.0653252109264366
-0.297560163757209	0.213455466967342
-0.724716701361779	0.253084880212333
-0.327177328096064	0.192232188377516
-0.534552032890327	0.440579487837784
0.36088850846041	0.311366591627715
-0.0567953515640857	0.0249611544161382
-1.34495999644542	0.840987470149848
-0.228063883104922	0.171400945319012
-0.805982251426027	0.808040950027695
-0.789089822906164	0.738840234063831
-0.286526174847334	0.207009531248988
-0.55506761113634	0.49839668299094
-1.21364577841254	1.40810845447188
-0.352219197348591	0.308649065943873
-0.454094030759068	0.35108334821174
-0.52556727760428	0.203116503406994
-1.2849226802386	0.599119703841267
-3.75565007208521	1.51176851969756
-1.13453748317733	0.348386420481102
0.816589194314741	0.34883309060809
-0.344718928168882	0.101170101330633
1.8219271179281	0.726018448121517
-0.548092729365568	0.346688796084829
-0.238022085217875	0.118664767436539
-0.396598182341236	0.166521287599223
-1.79522376365631	0.406159618358576
-0.728941560495149	0.254842900527914
-0.288263856330944	0.17996497086715
-0.539227012410369	0.549802033175129
0.171488270864315	0.110737912698342
-0.31163683407446	0.251516320509653
-0.00468466683257661	0.00314743478885015
-0.242018778838396	0.200111391923394
-0.294799006730092	0.234149089497676
-0.428544510574233	0.36445450903083
-0.805088014711043	0.752437083828324
-0.405187874746535	0.347663114154591
-0.258213569797428	0.192122160043138
-0.156472290295263	0.0570570239286064
-0.798652691961811	0.525255218816425
-0.15576245729713	0.0877492630458109
0.554328080943169	0.318566975079074
-0.151483736448208	0.0554963882939861
0.149452063954369	0.051056015789228
-0.79408935775295	0.43942843029155
-0.135279977463166	0.0945335713721838
-0.526418386848564	0.204314992368531
-0.770493489632334	0.339470292518738
-0.396162905467831	0.310240864396875
0.0740145678997579	0.0512225306658623
-1.05769268889095	0.835593240222205
-1.05470013141287	0.836340778463999
-0.223794144300994	0.143900785848168
-0.950665905628859	0.998441657918332
-0.793209855577171	0.745728761886175
-1.35707008915402	1.71559150033659
-0.187832632042243	0.143026914052239
-0.0314415315633269	0.0147539454851235
-3.45442672204145	1.24810798046793
0.157656028229457	0.0474930202178279
-1.27475262645524	0.579824271575089
-1.27397293855583	0.586625042370409
-0.806233604788999	0.612112730772872
0.171275758652155	0.10480862346372
-0.773036299856524	0.342081892386786
1.87953025799039	1.51269809648347
-0.625469527156518	0.152450282737538
-0.346338838256578	0.100875906320348
-0.245352653965624	0.121551649581387
1.00552883566713	1.16398077115782
-0.437966961923767	0.336713342256382
0.776649133401272	0.706174857059491
-1.10852329972542	1.06070674404886
-0.267414208791813	0.198885830730648
-0.901001178616538	0.821614897042959
-0.685409504195256	0.473615594977009
-0.896272009001029	0.728476505842178
1.35685926009732	1.2184633533078
-0.984945535932179	0.497419304814355
-0.152113499394113	0.055539912158326
-1.81579996036086	0.748722663220006
-1.51425919312654	0.549483381615373
-0.471278999840883	0.394853662759772
-0.00233850721129063	0.00118671747206367
-0.481397053912276	0.313606711908435
-0.711845242621209	0.717136835406823
-0.122946852349776	0.0714726366694647
-0.386511484831506	0.26240303256569
-0.507359429651508	0.380441920787248
-0.680736061567002	0.470214638124937
-0.342929849998698	0.204302040850505
-0.097343923613685	0.0588983120730295
-0.61299528066248	0.496372689552454
-0.00413649241134593	0.00292696381413282
-0.440315159504898	0.338760500128553
-2.29159891664513	1.1940441333483
-1.04752662218592	0.833956726194709
-1.32901739443584	0.828563275963351
0.669440224929851	0.215480111776117
-0.223224030014746	0.0737859552848937
0.135203879879896	0.0525829815589903
0.443086710690559	0.316323482541419
-0.0250102111144034	0.0163688777652923
-0.291664131342574	0.181659362987447
-0.590682684921072	0.597927926891367
0.0754072803317526	0.0506801198607676
-0.295312461000969	0.21196852408857
0.0570555716293953	0.0466569395650591
-0.00983560217076366	0.00477604743588092
-0.183790138439555	0.0972744614675654
-0.0049557332858404	0.00246930077343625
-0.191280823833562	0.101751691964306
0.518122946273838	0.189782716405237
-0.792306760250954	0.518693123542077
-0.765251866074036	0.330760743279436
-0.486652869450981	0.255498420997553
-0.611971793664565	0.497058261257558
0.945537725675519	0.917768987513188
0.0582673736477156	0.0356783288751133
-0.793187481650752	0.515608958020412
-0.187717204004835	0.100047500456309
-0.51338710571113	0.47156706857044
-0.376382647170228	0.348791218134515
-0.234628319206131	0.176886968512952
-1.00997261624995	0.898636271359309
0.293428959276198	0.210393576463419
0.142612257030227	0.0683611655469312
-0.26713603057248	0.165305863015458
-0.287146446777734	0.207742761586526
-0.0066448679376848	0.00329039287022202
-0.0754934328301284	0.0552776666693479
-0.991536704621995	1.14059053844564
-1.93766247962231	1.87348304864384
0.361704302286457	0.182697720935242
0.167846042512584	0.0427707788849589
-3.75216492720355	1.49443923656233
-0.789205239605184	0.515117421382575
0.788344265959064	0.835734416070603
-0.304515524440402	0.246796473333903
-0.567554732556155	0.400452204700244
-0.425049806978984	0.359539649635375
-0.240158465494728	0.154721352250914
-0.875348026441009	0.789045203795201
0.746279324769289	0.812451562788664
0.889693007718313	0.481035466189168
-0.546066749919099	0.340306906966722
-0.674159315872055	0.465377032204671
0.323316807293728	0.205539834950042
0.152428204310439	0.0733166050838281
-0.623203514518812	0.152886975065438
-0.731525616406812	0.255525096859232
-0.195152251437459	0.103470815934523
-0.725896158891892	0.253805951910148
-0.0999072069438469	0.0399381145443107
-1.48564595466078	1.02205575377643
-0.787368057855386	0.73621791398301
-1.25490008037546	1.14379878923954
-0.405058914373109	0.172684284751207
-1.17638733836416	0.66423855229565
-0.0677453907749047	0.029652546523512
-0.111301878726678	0.0786476180554376
-0.301769016792373	0.219837470399107
-0.174624729220378	0.14881971485882
-0.501583958439578	0.264196031342086
0.170541995167361	0.0433725109405701
0.163094953310193	0.0494223382636678
-0.227212618004882	0.0750820913651819
0.151942039345278	0.0728152736283755
-0.0862783257669159	0.0522921816731797
-0.79389130291017	0.598747275530885
-0.349946443642455	0.24672476795928
-0.38966576760177	0.164314321058485
-0.50506304859648	0.380591603866705
0.269694701750549	0.228701005887624
0.713176536331016	0.704416840695434
-0.24812121992855	0.181552895715259
-0.452536391274268	0.349483045202052
0.159217003030509	0.0900136093384587
-1.15280124428597	0.974617540184922
-0.623203514518812	0.152886975065438
-0.230484765441531	0.174296431486931
-0.388778475532688	0.26633151814448
-1.13492041310201	0.349384486959602
-1.0271278658152	0.415065471794964
-0.925094192524583	0.671291115975645
-0.060904855548723	0.0263979118008282
0.0442364535593963	0.0255131881651118
-1.28080112612113	0.591547382113805
-0.189880006788108	0.101226171032117
-1.93455844342173	1.86065156065612
-0.485919590960436	0.409605032340111
-0.45201518975403	0.448229350467196
0.0317374215765377	0.0180344122435015
-0.14240026198346	0.0992926380385852
-0.413360732071171	0.232090151899475
-0.345896359412486	0.100748738523468
2.1098250236748	0.960200477129045
-0.11040300185585	0.0444760204878545
0.181857705683764	0.128430345704197
-0.229846213087238	0.173899928825598
-0.0334040816384653	0.0218513316266386
-0.249327444541375	0.18056271544011
0.918271427349978	0.781245376784164
-0.515078797747715	0.541683175820308
-0.0581403680560406	0.036511356882723
-0.105018196900244	0.0423002004785251
-0.511864877595728	0.383204426595051
-0.535310967996776	0.44227326666815
-0.351303937420595	0.207857781885208
0.676588194327457	0.694569728808327
0.611431560882521	0.566401548435444
-0.876755575067163	0.853481028862466
-0.152396914312903	0.085715340485243
-1.51832752480527	1.69971696873349
-0.657140581076001	0.389344556006656
0.145358439177549	0.0628338168208999
0.0345327615179824	0.0197191574522481
0.7863929207846	0.729526420839973
-0.46640876752527	0.428570595168576
-0.162049731568643	0.11109095199207
-0.314162665217674	0.144110334368737
-0.992248846678109	0.503174128588229
-0.609697819590294	0.495793981554309
-0.580777951482887	0.56229652243049
-0.191752104359369	0.127882506960683
-2.42535321462865	3.22300418633211
-1.22966985809972	0.916966588843228
-0.98715483663921	0.969069129811129
-0.239017526095772	0.18037558949208
-1.34968893546522	1.69064819305644
-0.607727077032408	0.294927096629843
1.78412864402638	1.02069343630795
-0.222901125507273	0.07385839070143
1.36817746596532	1.24201342400404
-0.00206083909324932	0.00143098781937899
0.0949076565539561	0.068906731350571
-0.464544306847678	0.308779342483599
0.602748147475317	0.55462186279579
-0.0742584265123838	0.0543367033624594
0.403214123493901	0.31637760947961
0.0120198310219063	0.0085821007272856
-0.701471754159656	0.661412107924495
0.0721384778909855	0.0483327702240724
-1.01498060122479	1.19456712420979
0.431648838981271	0.326717450947451
0.718997878934484	0.891881302038844
0.0169316552143905	0.00906856724173931
-0.291354904265945	0.210285580337977
-3.07968455989498	0.963635125148535
-1.45459061428278	1.27115822007579
-0.52556727760428	0.203116503406994
0.302023416421237	0.192307125544055
-0.529590931055547	0.206114530882042
-1.28624234459102	0.594941965574939
-0.280053150754327	0.174387629272337
0.730126833963273	0.599893252343881
0.176512450934585	0.125080966371861
-0.19547755733836	0.130745684739169
-0.224047591747806	0.0740771018889209
-0.319106321321151	0.147605929977301
-2.28065273284927	1.17513620852143
-0.417954511996771	0.232406249033365
-0.182387364019175	0.0964476197462247
-0.192712281041559	0.12894800188462
-1.11074771543081	1.29770873127111
-1.55905859883428	1.49134642304334
-1.19814737673594	1.21970744966758
-0.339573897317996	0.200909265129033
-0.99160532010116	0.505778587229041
-1.00006390530403	0.884688542074772
-0.343816891455429	0.0996962776646578
0.142470070524425	0.0554450529408985
1.23318817977988	1.02351758574277
-0.590775351540005	0.427183773658151
0.057485655904585	0.0351824997979839
-0.303252698259768	0.243629154894415
0.70919802705138	0.784898406555035
0.0888805186745258	0.0623036086949049
-0.338290347724761	0.292001041256422
-0.0349972256750219	0.0223716407479098
-0.184010970926155	0.0973752386828325
-0.0808018466856859	0.0486032900218061
0.168718278739269	0.108855340806324
1.13459273419152	1.7923406926923
-0.113839670271214	0.0662562103586348
-0.0467452808973424	0.0299137827192649
-1.98768680851509	1.39290030142692
-0.712934284376461	0.243728773993498
-2.79915195055121	1.89107127637685
-0.670693687146132	0.463294849691569
0.150680546181696	0.0726780546979328
-0.11318910939588	0.0450290932089252
-0.155379670574677	0.0565938569368348
-0.148718663488667	0.05422206968055
0.00295132024793531	0.00133375576397812
-0.535216420030668	0.525755711775085
0.69342837287184	0.600999775505038
-0.190950923726198	0.10094623302023
-1.59748440768371	1.20827856192323
-1.02591017980885	0.408868624734151
0.352645803409509	0.17777228402054
0.42061962980046	0.316230385554458
-0.235333315033055	0.153406993034928
0.00553205266974123	0.00256934455210331
-1.47885824455601	1.03256205993176
-1.72490811721217	1.42554686395087
-1.04587130576112	0.823089541232055
-1.37695369082381	1.7200757626173
-0.29232941893094	0.212086277997783
-0.442273955388598	0.335286544685598
-0.168644805438641	0.129288077239705
-0.200774629778905	0.134416539353559
-0.58869544713718	0.42487074159838
1.44824908922374	0.485976898894524
-0.398776817471561	0.169595465995923
0.156385197289853	0.0826047276913966
0.387552188440003	0.32805716957051
-0.504039036140165	0.374108458795613
0.265124522552821	0.218385633759726
-0.160447241572696	0.108642697691063
0.0490758603078519	0.0312546289591596
-1.35719354731954	1.73369078463209
-0.509440015627778	0.378607327154092
-0.509696347569334	0.376274192656997
-1.10743375610583	0.754807056483454
-0.425428580236067	0.356076187324113
0.0635711358091718	0.0408116023776294
0.957004139757083	0.930223637647594
0.169708409816398	0.123380967667836
0.172102823553621	0.105388019908351
-1.10667111948403	1.0415067575676
-0.867399671282507	0.855746895810292
0.165310764697054	0.0422104497686673
-1.79522376365631	0.406159618358576
0.875925406328477	0.631652144208595
0.574529826991672	0.455222552120386
-0.447853068581806	0.342990885611628
0.539565581008693	0.44550124735686
-0.790904037886992	0.797843727089361
-0.794901544092091	0.515544178348989
0.707904118788926	0.457290969127245
0.0806075881094808	0.0541890364299681
-0.356286216776555	0.285217359968722
-1.3411805066185	1.29360149392899
-0.480973991829389	0.400713460909304
-0.351719890955006	0.306238775373371
-3.76844644530722	1.49145764216299
-0.482496949917585	0.249341888445651
0.157786531412223	0.089256339032033
1.5012837636839	2.29095161594238
1.07434283754172	1.23305688464523
0.300228525183178	0.200895078790445
-0.555340414662048	0.345773375281901
-1.10810697381021	1.06317226703624
-0.350454717877603	0.101552906153879
-0.791494028702437	0.510930023812526
-0.504862303681443	0.379823881604627
0.178585146995143	0.126982408601519
0.381647962526157	0.305301766830942
-0.228775110581997	0.147208494377646
-1.67130434348287	2.06869886728564
-0.468836634268929	0.433792369020251
-0.72497187652908	0.689256458134626
-1.23056268295919	0.923184551945645
-1.29036537030714	0.59556127294321
1.03793223060229	0.402236165852461
0.496806985205876	0.309591911953859
0.477245039440023	0.319695298496584
-0.177666956129673	0.0933606239197746
1.35653217654199	1.23224635408289
0.442586208298541	0.314111978029461
-0.290501534909064	0.211122804073126
-0.986307707209315	0.500533328307261
-0.302483320960127	0.138497639278955
-1.27628334722654	1.16431485451768
-0.244789243263535	0.121035587144019
-0.70525903153899	0.619952811224517
0.167624748027376	0.112332440482207
0.189032908515363	0.133709246407241
0.325853326380475	0.193123513890078
0.855043265770407	1.06283287237014
-0.54343644612697	0.454054817469637
-0.348742022466301	0.10134765260469
-1.51425919312654	0.549483381615373
0.00706183848103176	0.00395479983968643
-0.652231516084271	0.387848222520974
-0.906714255316091	0.753345135103218
-0.861506599907994	1.02262298203102
-0.0866557653929889	0.0524662529063394
0.168124211060129	0.113546656114559
-0.50628142628717	0.380981509925589
0.322624979246062	0.193833849379157
0.459810499744703	0.300423385754267
0.610770778706046	0.457443012639905
-0.670693687146132	0.463294849691569
-0.406342549193427	0.173701308354649
-0.413040427688676	0.229145834428411
0.140510148384066	0.048664068301297
-0.657198070258416	0.387331275156425
0.156360468218968	0.0884566114550505
-0.393375578429947	0.219371901081908
0.149732969488263	0.0715034720923635
-0.0944995115994302	0.0380218356643968
-0.405683115545739	0.172940087791917
-0.305707516238664	0.14038578301602
-0.519182389064896	0.20022512922475
-0.153580737454751	0.0556419458421722
0.321091584043025	0.192944871403945
-0.246974948457115	0.122702805486741
-0.0608021948587106	0.0267041273360175
-2.00131433884158	1.39994710906735
-2.0250588202945	2.03673373314923
-0.0649851681725604	0.0286426741891286
0.781327777299922	0.726058030703162
-0.456249989055441	0.300650066532443
-0.3036720852447	0.219602830102105
-0.00071389264387926	0.000541740290719802
-0.331249387467402	0.197464181737034
0.149069581142614	0.0649019495188531
-0.585649367027101	0.42513575247402
-1.83649037166605	1.6543005269084
-1.22174757890861	0.882995864241153
-0.786747327253874	0.670749615010559
-0.0911189907380516	0.0546912186563802
-0.930713399325753	0.677732641701008
-0.0500267901852716	0.0320609436230128
0.178198224532434	0.121554445004088
0.295107998447248	0.199009155919529
-0.885656716843608	0.87826340071497
-0.0899151751693266	0.0547023832984314
0.43420567921136	0.307142520010392
0.0889088973009093	0.0622663331009448
0.153150475514455	0.0592025371462173
-1.35425757237108	1.10622297898573
-1.04920466618402	0.835047823919853
-0.343542423818443	0.10090975164114
0.901222756172811	0.486769355088252
0.310091074918785	0.18360184227124
-0.393072776197406	0.269380801653673
0.0371863853009455	0.022570282682615
0.0327461815051144	0.018986922132449
-0.989347254003255	0.503518651055263
1.03654154158417	0.402707767551167
-1.85334214369758	1.18838135316708
0.302812405131657	0.193479479560731
0.0141072186628466	0.00766841482127866
-0.0255832497012493	0.0121270450468336
-0.733087134115745	0.253661993205749
0.168351004697589	0.0956823179011164
-0.424554740087985	0.395999623229111
-0.15440940893561	0.0867892806587769
-1.10384310541434	0.75291797264224
-0.638429484537353	0.611446720238479
0.971516600386296	1.04377448068932
1.36817746596532	1.24201342400404
0.0575960665325333	0.035032196584743
-0.115596607939925	0.0678929844914932
0.136173897108013	0.0526941681708723
0.163311686221074	0.0491766335657994
-0.544663825082367	0.338627643083231
-0.24436538083494	0.12162646282134
-0.705582463522532	0.610791078018246
0.162636263914526	0.0976197732488076
1.23590184561734	0.847492493516917
-0.690420484135056	0.477428618228885
-1.60304869107765	1.87264149885129
-0.55088367524407	0.347680493910452
-0.190931420929014	0.100751171194503
0.481475739771439	0.324276230531719
1.05237072939708	1.09346843657046
0.014943129727181	0.0081280433641511
-1.47973436924342	1.03892625826217
1.05729629470294	0.520259000854253
0.15625990713939	0.0473604698624763
-2.3365114290575	2.04138439463883
0.302237183823459	0.2066281044017
0.161910749638676	0.0490513039831909
-1.14089293159455	0.348055152990233
-1.29144079091075	0.59686921137829
-1.03956100972855	0.416698220086428
-0.146667709227714	0.0538386221135798
1.35857254162144	1.2345013738261
-1.6744184646283	0.958159725009576
-0.452511864545366	0.295641972270584
-0.987201892148249	0.501812284307561
-0.356890995770702	0.103287401814614
1.89743326938606	1.61982960982152
1.22914898739052	1.00391318878309
0.995695410649372	0.800350609728519
0.646177039305348	0.577529551755491
1.56905957384716	0.80439629318691
-0.102406220099274	0.0411302498165056
0.604686671799328	0.448657634234359
0.0171035759758425	0.00924537141787214
-0.283233552418558	0.177742944640883
-0.0103135633591913	0.00501814917252345
-1.06379670945742	1.10401819498976
-0.408035908658714	0.279984128952416
-0.994835278644287	0.500916561975768
-0.791278671261982	0.666379951374211
0.0261245080938043	0.0139945821816302
-0.801465212313332	0.528360784952931
-0.404744557283569	0.276330264839821
-0.0274731149373824	0.0130180256919096
0.00918633270533205	0.00429791609433484
-0.0380025441328528	0.0178177023577464
-2.46988525126386	1.40054219541236
-0.785666389806822	0.349770403162494
-0.398248372242732	0.16861009496187
-0.791146702086101	0.51670481331901
-1.32858804731232	0.837315651354359
-0.25193566964561	0.125974650778885
0.00776518214571301	0.00362634184328318
-0.896731790587121	0.723464642856968
-0.772182500121502	0.341486733486944
-1.10562334854583	1.0503847968469
0.122509881674891	0.0983474676672723
0.180722432189588	0.122540170295771
0.887439267105224	0.894356541364766
-0.542016461394487	0.447813920910542
-0.680990194874708	0.531099042738227
0.961469601946137	0.252693318766749
0.152370377785437	0.0797465512390385
0.704798296368176	0.454595556987752
0.852843810652963	0.61459893353135
-0.191239563261874	0.101319330813165
-0.720373042249908	0.25096406524236
-0.231087265827975	0.0758575600853595
-0.254072129642538	0.126084847011088
0.160370693119615	0.0976513866022462
0.835509748132723	0.739012496721173
-0.144350320657109	0.0526636904572003
0.41002897012318	0.322816600958029
-0.227212618004882	0.0750820913651819
-0.581634409915686	0.416369173684604
-0.228358576380837	0.0754206022353645
-0.0247046561043451	0.0117448296993747
-0.251065266194051	0.12574294419594
-0.40791728480171	0.171874824357423
0.775847888589528	0.456767943504503
-0.797410877299874	0.8583975383326
1.58746057898219	1.68776816943488
-0.0995695005424182	0.0402661500676422
-0.330143482282628	0.196538452116402
-1.03107951359107	1.14118561989063
-0.676199312693974	0.472228972942301
-0.912393364337663	0.747210261627981
-0.139164652489445	0.09685124688403
-0.48971209856687	0.251860510849605
-0.142390674735237	0.0798492387399046
-0.927081692422616	0.675003681807597
0.836691869598399	0.750032001469038
-0.395473045100993	0.269515449939464
-0.701873576003428	0.614549235267942
0.179626022162634	0.121786567188121
-0.231418390077192	0.150606583853248
-0.0421514398328382	0.0261757281564399
-0.585649367027101	0.42513575247402
-1.33512381545225	0.837353059541071
-0.333126507478024	0.196864880417439
-0.112809308747918	0.0791907529373725
-1.44909766094342	1.52925517818365
0.680724343333227	0.322123272225481
0.5775326257535	0.547402332538344
0.160869037044438	0.0967209871204398
-1.28679813456671	0.58734344535887
-0.781525977093719	0.347893352324109
-1.17513278879012	0.671205029796001
-0.0708973852175862	0.0309250056071839
-3.45549576669823	1.25034460620717
-0.792283104244172	0.433481040829162
-1.4951022037889	0.771780606900193
-0.24968367388984	0.207807430597386
0.441421691412082	0.315216165279344
0.101826571605678	0.0761064801747065
-0.692993961673372	0.54939691788696
-1.0083450056904	0.894439768600411
0.349955610056872	0.171841740760539
0.13556203652144	0.058265186766885
-0.0915578883697424	0.0554241729368591
-0.470204534452016	0.312150947921295
0.78718759627813	0.471834842130094
1.60803771612651	1.12213549445468
0.145678183643727	0.0633925447913303
-0.280972694443757	0.176192562472811
-1.25564365369777	1.16385308330704
-0.271605153773621	0.168695267923381
0.603033559300223	0.445575097170452
-0.512817333998655	0.469391309372868
-0.730123386031477	0.256802322226565
0.168377743707287	0.095855510609638
-0.771446747272178	0.344605745740912
-0.332353018220339	0.234285324182763
-0.393350387655787	0.267512579806809
-0.541331376920545	0.338530865469787
-0.119172634898863	0.0697804703295518
1.45211903455673	0.906022528095472
-0.0121521372096469	0.0059509609208619
-1.60516420497505	1.20580663067465
-0.193174102127973	0.101900051004296
-1.8211417211846	0.751312028200316
-1.81814593327299	0.757477944035012
-0.191336313598978	0.102144642996466
-1.35752595990434	1.5598880903008
0.929937509400211	1.02311451830036
0.460667806310365	0.306368542520345
-0.238101548341207	0.152948644272504
0.332156753221718	0.181616566767775
-0.462464163845505	0.428612493877916
-0.497056159584657	0.448411755918107
0.530628852598824	0.452898817511975
-1.10080163885711	0.740489202682741
-0.154666711814804	0.0869118767321273
-0.298743008933353	0.135809342102866
-0.445082944727082	0.343680826123244
-0.397530788501739	0.3111639154752
0.844904409241055	0.605252451425732
0.356304623577393	0.178778894074059
-0.782942658067442	0.499059664849833
-1.49772354141653	0.775533736869565
-0.779201170961778	0.349669330011866
-0.402321330714336	0.171233810890718
1.24223688807367	0.860944722296734
-0.494712487865512	0.259565320453938
0.44453330997149	0.182617638074095
-0.227429765821456	0.0748191696657807
-0.322387632492138	0.148990546107498
-0.0113980657506652	0.00553810346192756
-1.34695571810641	1.07996765808044
-0.282070917864323	0.175997162350045
-0.621844828197272	0.302479580108343
-0.151756236463228	0.0557391336018927
0.89910203952549	0.903057905141678
0.153228635066287	0.0800067244852556
-1.15638509451807	0.992023949899023
1.76563893268993	1.00014696815906
0.445295933976001	0.18296521501244
0.605116504894479	0.319158142854426
-0.803002932216643	0.432938066135708
-0.119962240566521	0.0704941630232005
-0.906714255316091	0.753345135103218
0.0256372972320553	0.0148515984936121
-0.116370363154445	0.0682933557189637
0.141669767450459	0.0617166337329967
0.521804147052933	0.186377960647903
0.711491952044069	0.462977746284071
0.393973994408102	0.180500237393899
-0.22587697562647	0.145608710442157
0.169014622646848	0.114450280496087
-0.401375838507566	0.277181035567192
-0.399520446307054	0.269646741176287
-0.307526014970708	0.223022390578884
-1.16284851984215	0.990727674941482
-0.796310196237544	0.525521745763407
-2.57450915234243	0.686119713628322
-0.789809754054448	0.430526215728992
0.605539085573191	0.319706269008171
0.466943480415105	0.421473369941496
-0.342134571470459	0.241832777804437
0.904311961750716	0.758253278945216
1.23318817977988	1.02351758574277
0.17126531386737	0.109495717767794
-0.407350889433509	0.229451895792322
-0.010738524528615	0.00527168308581313
-0.149502538255766	0.0542577815557275
-0.956063790533646	0.580250485596706
-0.149566149090287	0.0833732164986154
0.849731936811341	0.603985338103589
-0.794542403831332	0.436639031594793
-1.13492041310201	0.349384486959602
-1.67789070544396	0.974287435452963
-0.532019147491516	0.206951811605764
-0.795208923817868	0.433217591109197
-0.518945913103219	0.201612309704566
-0.487118629245869	0.254557715778005
-1.49099625807477	0.776999131898863
-0.719426085672194	0.251004789565613
-0.434528981687849	0.330528261096433
-0.0889446905911588	0.0638608659485797
-0.334223726069218	0.200466845138691
-0.417022729175837	0.233515542310993
-1.13599688789171	0.349486711323194
-1.29116395030512	0.589304624751637
0.693601310894335	0.32380468284563
-0.792228543698156	0.433907255832597
-0.0653293305664958	0.0284527750233243
-0.155535023341456	0.0873756384956232
-0.190181635187669	0.101967004818941
-0.307054075675235	0.141889807779027
-0.491196521003389	0.257443628391419
-0.0121351693385031	0.00592092186203143
0.439104823354277	0.180243926411834
0.13970263705097	0.0541559295387953
0.141595248893409	0.0490443609015525
-0.956267292602776	0.589411962873134
-0.323218084590622	0.189470030836628
0.322624979246062	0.193833849379157
0.143438162521888	0.0625567083820941
-0.104356276003579	0.06080444029121
-1.33991927468465	1.06434746437792
-1.51940297937032	0.550464997835271
0.14750284038024	0.0573545610160358
1.03793223060229	0.402236165852461
0.147041195550145	0.0627199672449262
0.316562867379453	0.189714959400388
0.538929741697278	0.444960469937092
-0.225842014782721	0.145515219809473
1.1176552237096	0.994803413685221
-0.338627521679101	0.240167544961143
0.476947825598654	0.321035345973608
0.7370171945337	0.594757313092463
-0.16053966425378	0.058758984593026
-0.800751596251485	0.438787084084788
-0.245727592083181	0.122301479496361
-0.51773202132597	0.387748097097688
0.169122304978036	0.102970635060719
-1.7251546277795	1.4082370080113
-0.472156060584356	0.39481540079105
1.04021638335115	0.398783042992239
-1.79522376365631	0.406159618358576
-1.5205822622307	0.550689829164133
-1.13492041310201	0.349384486959602
-1.84425276211048	1.1760323190734
0.530234735136755	0.195115554796289
1.26809343933014	0.712064847219081
-0.0572535489213913	0.0251300499893074
-0.15305394996009	0.0561503783181607
0.0525120209712349	0.0320136211406493
-0.642949312912662	0.616313645950302
0.442693896749114	0.314113742937773
-1.06547663379696	1.08547981060213
0.17592425692459	0.106742125604098
0.0151948711373355	0.00826194642438971
-0.234421423793199	0.116035911222322
0.146402516173092	0.0636433152119488
-0.018167251074829	0.00869980243210141
-0.11635545487533	0.0464769473022142
0.1535714904589	0.0530493054972145
-0.954797929700334	0.590105134647175
-2.29159891664513	1.1940441333483
-0.0562728775241823	0.0246548092646409
0.604064029629197	0.317915346882869
-0.456692399797735	0.351351206789601
0.576384271519271	0.451612562048782
-0.337182123274633	0.20074315353975
-0.529590931055547	0.206114530882042
-1.18584087821077	1.19656073088111
-1.26759622958318	1.16750112162808
-0.222695068591131	0.0735779431251597
-1.02643160480815	0.412146784429271
0.950966732731594	0.638978116483303
0.159876355105473	0.096182349608156
0.407285496341654	0.320717116791796
-0.139490759520316	0.0779955310473147
-0.795538442648934	0.668213631473528
-0.270335328190574	0.166179509285001
0.878513127404069	0.879829798371165
-0.622271335599853	0.505125150589771
-0.109994101514757	0.0440879986691257
-0.0157086651729123	0.00754547601589761
0.607052026589632	0.318883885999737
-1.15445569349299	0.978894717468317
-1.14298600346642	1.23883271547723
0.180230359087662	0.122456478295296
1.54069886843843	1.82679506728427
0.307122717673306	0.193461121662425
-0.483444807189348	0.251822103779284
-0.401841163478302	0.225634191000355
-0.725057503672806	0.251523130664391
-0.768698320707819	0.337892572949056
-0.492493885450051	0.258319684378867
-0.107794846959169	0.0434971903953803
-0.728941560495149	0.254842900527914
0.533772058946798	0.302602221281272
-0.230390306526269	0.112968034908944
-0.343431117546534	0.203105287299359
-0.332677044305587	0.198013536934928
-1.48863907886034	0.767034783950964
0.362598201161885	0.182622714538315
-0.927866479491318	0.666440802238501
0.628461150966999	0.582984187704632
-0.00730601467849617	0.003597862923283
0.82349104975392	0.355749507161144
0.158986019197958	0.089819216682179
-0.105389714352962	0.0424193779052806
-2.07598129896443	0.949215626843473
-1.02878915212886	0.416662754474551
-0.147470438565008	0.0830956647004927
-0.285493856391898	0.178672660800797
0.42352399818419	0.319213543019251
-1.15366455554208	0.986873567324726
-0.774797596745505	0.346403427121627
-1.04908377994886	0.414831729973199
-1.67881014256958	2.08134839583341
-0.103620748229239	0.0603449856116805
-0.569039491810728	0.403915422524243
-0.719426085672194	0.251004789565613
-0.62091704381454	0.302058167826644
-0.323730940625208	0.149749050634185
0.0436974323468994	0.0264793562235922
-0.333701486359563	0.197341819888854
-0.788031604752204	0.429062454664652
0.919540694849742	1.00953870860706
-0.0964044920489523	0.0389736419230874
-0.386628736347689	0.263599962195551
-0.458783274497995	0.299693075332706
-0.0529582385711953	0.0329912151928476
-1.68221450210287	0.981364424528038
-0.97900136103569	0.495018827323948
-0.547243503484246	0.34617833363682
-0.239843604370103	0.155976698961786
-0.349206835063475	0.248662431546563
-0.105489767300733	0.0420774209332467
0.154863985111538	0.046749770246217
-0.719194001735348	0.251086827288541
-0.108167508037916	0.0435912033011045
-0.103524145131458	0.0415664859090425
-0.949955458367815	0.582772089014202
-0.404559195698458	0.224750060224244
-0.723310015883846	0.254344357266946
0.138354827932971	0.0598570560086099
-0.495425113515642	0.367814871125895
0.0106318124625175	0.00585420634544211
0.155527670757333	0.0745668071060878
-0.795639171231583	0.605113933263069
0.15273478140905	0.08065812726879
0.154987443767022	0.0818803769819398
-1.16359878827279	0.655071937491917
-0.65318763207629	0.384203188558656
-0.335272479597383	0.231369632066374
0.296229608855313	0.201689776558862
-0.525747247337843	0.203116302300938
-1.00131356312054	0.86049778681122
-1.35449207783334	1.33398892781259
-1.03161538663051	0.799027362029569
0.0390094919865244	0.0237595152714801
-0.037602525112229	0.0240187601777938
-0.406675325032305	0.227384890046454
-0.0927639565515503	0.0565648802780951
-0.230089448631866	0.146631472241431
0.0258834865878965	0.0138791032538103
-0.201376139093357	0.107227917330017
0.0678481324957468	0.0436886394534657
-0.344627611377552	0.205638600740375
0.729480757644342	0.598190535721999
0.286555014228056	0.222980944897473
0.144360057617073	0.0496936999572725
-0.678217040570873	0.46808511864884
-1.81814593327299	0.757477944035012
-0.527431417964659	0.203758571862499
-0.719194001735348	0.251086827288541
-0.411664432753084	0.174712199941108
-0.102905294644042	0.0412507792329849
-1.02651500719777	0.412458970643197
-0.223224030014746	0.0737859552848937
0.149313540235263	0.0513415421340099
-1.2265305771999	0.912580205367075
1.24681240379573	0.866205215591385
0.653550257867906	0.458083667795051
-0.119998103187313	0.0702941023631286
-0.610941604757027	0.499382559017381
0.158533514468412	0.083726416387463
-0.561082512778235	0.390104928750513
-0.142082766079863	0.0793733556630222
-0.0336808126423829	0.015764021684795
0.153273525243481	0.0810104147412146
-0.066295409527338	0.0288174519624096
0.344850670826379	0.171574256181173
-0.579694255488484	0.421254881761592
-0.133939872955812	0.0776413932594934
-0.352335888653227	0.281855221013907
-1.5596904100115	1.47689270700766
-1.16867706242406	0.665203149311039
-0.77716078702992	0.345579706563808
-0.117483132794765	0.0693173788651
-0.982226173461859	0.494254657002848
-1.05849744494293	1.09416061616299
-1.04142313349002	0.81693982294382
0.449851907963311	0.318487030958177
0.680059476631117	0.581763509285089
-0.33045278155747	0.195640290635487
1.38457048841815	1.05294149670461
-0.238093399959811	0.118854396479291
-0.525102425077991	0.203568491059548
-0.493720023487675	0.256147330667422
-1.1668897922695	0.660871457032288
-1.79541110556836	0.406108159138969
-0.225400119271266	0.0740149655022009
-0.982157954171792	0.491111760458559
-0.488869855612948	0.256984591995053
-0.520777881803033	0.200694665575379
-0.766066401836195	0.339460746888884
1.24678457069016	0.862556765543633
-0.498483784770797	0.263510307702279
-0.402719659826315	0.225205451900058
-1.05470013141287	0.836340778463999
0.449241481822914	0.322509254712687
0.140336111829871	0.0607542978297647
0.315996607757234	0.202320715168386
-0.306959920146569	0.142560346188974
-0.517530366801574	0.389323263060444
-0.540076110048603	0.449726806857006
0.459565030725023	0.305792915257574
-0.331937521874157	0.196664254078581
0.153054279995261	0.0802468310829161
-0.880790890871176	0.79635010790687
-1.03016432810562	0.417494436414598
-1.00010359058138	0.495336367494578
-0.148411100858139	0.0539914448574737
-0.541952768663425	0.340192972693721
-0.957141450422955	0.591273206756235
-1.1727746701397	0.659680870669437
0.895106216014338	0.488254417584299
-0.264163521814495	0.196413181012759
0.168070066904977	0.113882139507182
-0.195459344261416	0.104290199476172
0.149932820470441	0.0578131211407735
0.316872700604517	0.203236989985895
-1.48894161036839	0.769234362120922
1.25002708574251	0.864772562550908
-0.388319658913673	0.212643146972941
-0.78021932001386	0.346554562938578
0.39866549035156	0.179919309356219
0.147142932159236	0.0509873558125847
-0.658514062827539	0.390640002430124
-0.663999451427736	0.451442847655537
-0.54813910275449	0.340226533802399
-0.454562212313289	0.294037910526929
-0.0935725183995886	0.0376428264079742
-0.146355581131402	0.0823470536264606
-0.492079460376443	0.257718423085344
0.399372121976342	0.327742023625385
-0.798534918369689	0.606958851985727
-0.293408228863173	0.182211257543875
0.0645259515110557	0.0391782934003716
-0.690542883734265	0.54666411854195
-0.686136496964014	0.537893072010506
-0.407626140176017	0.174101555847361
-0.250569010959917	0.125293513548091
-0.152027874499813	0.0556812356537209
-0.321580112833319	0.147232333431187
-0.054053927748592	0.0237463966211068
-0.277289480585105	0.172600211586566
-0.654471954957404	0.389110990109234
0.341952635355622	0.188613003893817
-1.15661369110832	0.974810120040615
0.330584170381884	0.181808498864209
-0.0961623353330595	0.0583564769479053
2.41042855334731	2.01825836882093
-0.395022882227856	0.168315057184819
-0.0686526760679089	0.0299886418996838
0.148844176950626	0.0708805046553222
-0.609520921070317	0.298082193005535
1.09828329275333	0.816335746767654
-0.50622371203115	0.265602440040445
-0.499362635927598	0.263949831739233
1.37473227293972	1.24602827319868
-1.10039612556496	0.748741984460697
-1.35729454581681	1.3401030266963
0.0264787889629116	0.0141432477695224
-0.550570430478486	0.345573892725962
-0.791482330199197	0.428653124330413
-0.122327561908681	0.0709166691853353
0.169478109807867	0.119483555259334
-0.631146055229229	0.564308574180032
-0.318549134966768	0.147968784491397
-0.482974870360455	0.251508702470864
-0.312582498230068	0.145883025775912
-0.0745531962345436	0.0323933557077966
-0.469966077070577	0.311699675964739
-0.809960940781619	0.44058494397096
-0.395022882227856	0.168315057184819
0.0506053015669115	0.0321047569550408
-0.56992613957565	0.406080849908605
-1.23569829695082	0.921475082184065
-0.487528343543058	0.256476702305278
-1.13600022882357	0.347365132523473
-0.408884415801583	0.172491208751215
-0.989132076120872	0.49729312885727
-1.02203827315684	0.413518890635416
-1.32904827332986	0.836656752890985
-0.797307435073711	0.609720129152525
-0.605818530137428	0.295281497227371
-0.337682219912416	0.200218826523787
1.54249567367151	1.29535023956031
0.328420671959556	0.196004385347424
-0.44092845586682	0.338767236898495
-0.545275779405687	0.340941246327338
-0.948532565536823	0.574398628056733
-0.414438386971758	0.233318965902396
-0.530673275274085	0.203234087062797
-0.690435763821039	0.537808820788747
-0.794281348846737	0.515741339774197
0.994072072717206	0.794271378020161
0.340573976555877	0.187274075542665
0.717149497539014	0.582909461084357
-0.320351263210626	0.148766932654297
-1.68447768311588	0.975317439128556
-0.532276703088154	0.205902875815849
-0.947183181141175	0.571122438984689
-0.109099198836894	0.0440391059160999
-0.465381569762425	0.309131773765719
-0.446029467550532	0.344165567379002
0.851640653431902	0.615072210480086
0.304493249456496	0.195179254654227
-0.0608021948587106	0.0267041273360175
-0.447215558869391	0.340617164923878
-0.147815753727985	0.0836311319468407
-0.988247677225602	0.498671913703251
1.44766654837656	0.911219653929393
0.1595397747391	0.0904698527553228
-0.338028008773787	0.202077876656508
0.00846273770818544	0.00396015942085962
-0.616286004016235	0.30143490963561
-0.409276051496752	0.230920564942145
-0.404105493703255	0.225999011776204
-0.467057404758554	0.308613121737945
-1.34474494448808	1.31101823675622
-0.255882555037889	0.124867707725344
-0.24026444743191	0.120040726052722
-0.521340294511308	0.201416056002614
-0.500370820610519	0.26173778333504
0.160725603404171	0.0483645687036449
-0.166256452197907	0.060014789566398
-1.15772257935818	0.645170324400949
-1.7166553877852	1.41267888760548
-0.556739931422973	0.349727520402061
-0.394768383317485	0.220005072352885
-0.480823845836726	0.247046717702359
-0.787774829012911	0.508790881643988
-0.243619215141694	0.119365749724807
0.15980118900851	0.0909222772431751
1.63068346103502	1.13457682474735
0.326417016207835	0.195158078397722
-0.154080721580194	0.0564960500422514
0.147807964842846	0.0576339568271193
0.498234372156854	0.313233412738833
-0.230012458515889	0.0753532621356428
-0.802173664522593	0.436505619859639
-0.794915591289788	0.436176015756917
0.155579163778655	0.0744621715348235
1.32281810040585	1.3431035069261
0.154721481628125	0.0809333676190934
0.0227009359444486	0.0131920781325181
-0.594465197870866	0.425612097321629
0.301685767831357	0.174069217429372
1.27213959508899	0.719856330378455
1.06325619800937	0.519575792802394
-0.402166081772512	0.225288868901687
-0.324609273551246	0.148585671696531
-0.318549134966768	0.147968784491397
-0.7619842936865	0.334564840184944
-0.798809412400821	0.439693662791632
-0.924793021442695	0.658233024958121
-0.247800041350614	0.208321769046194
-0.186228702399236	0.122617996305458
-0.123390328739679	0.0720564578616921
-0.114120071215955	0.045631257644378
0.950002959652179	0.638173864955172
0.467808215214745	0.315557230048218
1.07842773045777	0.663818795280514
-0.585983468974531	0.422791987483292
-1.68977585182315	0.970792577340226
-0.604571175618578	0.489400317189194
0.143442480029693	0.0493026399445763
-1.85282668579318	1.17937643768039
-0.0264440495183586	0.0125535207986387
-0.265755192385273	0.163268216081225
-0.967639591174385	0.931306498401784
-0.945530349969407	0.666262461164991
0.650433768197346	0.454227108312173
0.146705181416091	0.0501239064150104
-0.648122182088325	0.380641714157323
0.908981645025056	0.780754319169801
0.172313257217607	0.116613732177944
-0.336226992073852	0.201251304061386
-0.403910322078643	0.228965836743657
-0.4006866669445	0.168969938115005
-0.184339773084527	0.0975421665069917
-0.192785355009921	0.102553865993487
-0.683839709312334	0.470653640459581
-0.358323678288363	0.253342220338117
-0.774759465442576	0.338651247065764
-0.144354883214461	0.0806816973404363
-0.968548296798212	0.589941966079798
-0.492493885450051	0.258319684378867
0.00452287530465837	0.0020660158934922
0.163107978875884	0.0993316826445555
-0.548989369271423	0.341512936752751
0.533747269018955	0.29300683029343
-0.0330085206219181	0.0154560610748962
-0.104085245392243	0.041980675436062
-0.104085245392243	0.041980675436062
0.141198056397986	0.0614477730429826
0.0151948711373355	0.00826194642438971
-0.395436440368392	0.219978437246542
-0.972576797652719	0.586483581954777
0.156955562785953	0.0894934609067999
-0.808328681214615	0.528904258013969
-1.16412302756656	0.661454869602404
-0.775129318553996	0.34506231765234
0.299265355994581	0.20258182157739
0.166905654771938	0.0951226058691869
-0.154666711814804	0.0869118767321273
-1.15178999052237	0.994413414059896
0.295789968742633	0.186737318231206
-0.682624649669977	0.46710699201068
-0.772752584084013	0.345638417777207
-0.910115634032335	0.750620231818735
-0.25193566964561	0.125974650778885
-0.465626426553163	0.307504999369115
-0.0495420088124161	0.0308150409978313
0.0120557048686222	0.0066012788309458
-0.0590425598127787	0.0258535546360061
1.47300678023223	1.4495560680706
-1.33941201189365	0.83597220598174
-0.156171857912243	0.0569670001911522
-0.108841902543037	0.0637083248290494
-1.60292985557516	1.21425849595832
-0.926236553961471	0.674036321984407
-0.540548261156964	0.333755363369325
-0.339471528942764	0.202607539995186
-0.221755533699252	0.0734151122801483
-1.57531585995525	1.47296904139931
-0.39092315453344	0.162127673119732
-0.277262697444564	0.171343438748421
-1.33508054922586	0.849390925504846
-0.066295409527338	0.0288174519624096
-0.953762229587317	1.00239310764226
-0.269947359085993	0.167152371620145
-1.82040715546419	2.08449660894286
-0.663982370974236	0.386579331931175
0.330750352331898	0.181940180734866
-0.04008288451458	0.0187271670382695
-1.6715338229448	0.959349239693854
0.00901047076965927	0.0049992713578938
0.457829128801752	0.303739314488247
-0.797457403683643	0.438498373003615
-0.983982841416033	0.496537102230715
-0.0753095147418207	0.0456751981353288
-0.407626140176017	0.174101555847361
0.15291602128489	0.073561307869668
-0.348289683660816	0.272217353255099
-0.263496635331357	0.159824785026818
0.294075629575425	0.210040464186254
-0.513219955603848	0.382639372057349
0.160608365059614	0.0903619202284624
0.140536104932537	0.0538949954863782
-1.03214772645731	1.13853581875146
-0.486665909642446	0.254765064005968
-0.244811092812135	0.118002542622451
-0.976922600817678	0.947404081776479
-1.16304614274965	1.00049113461216
0.427763381815275	0.322461471372881
-0.0360987266453196	0.0169067841484933
0.182837533221142	0.117707782111327
-0.392462385889913	0.269856478063095
-0.187924319957439	0.100368614401007
0.353531909964521	0.178766108014227
-1.16913118745149	0.668649743957299
-0.0691040586636264	0.0299267673919191
-3.45442672204145	1.24810798046793
-1.5154277743567	0.550652304944458
-0.773774748297677	0.346345835072774
-0.223841895221851	0.0734441381837248
-0.347343651948862	0.100521829573696
-0.220136925176034	0.071473816081726
-0.350191590281639	0.102610881125832
1.56796695689197	0.795117762229217
1.45986014199587	0.492707629107706
-1.82491177099641	0.761062662410459
-1.1412609968196	0.35088828313214
-2.57393942994101	0.680804613621979
-1.13345886337206	0.34828321496857
0.169448715067567	0.0428107247727095
-0.155902383431885	0.0570607367530945
-1.83148290036555	0.749444568565044
-1.13599688789171	0.349486711323194
-1.02317688891156	0.41384083840968
-0.159523283512501	0.058068610189777
-1.27847431781352	0.58777730457991
-1.13074478212004	0.3459795805111
-0.784646857032786	0.348858181333033
-1.52176246723526	0.547344147188305
-2.57936018855439	0.682903044011602
-0.738784746391358	0.251771619950096
0.157056474373317	0.0303984095560313
0.954295652698446	0.253211023347385
-0.731525616406812	0.255525096859232
0.165310764697054	0.0422104497686673
-1.13599688789171	0.349486711323194
-1.5208643075246	0.552186247107342
1.96025897070573	0.471212877436839
-2.57450915234243	0.686119713628322
-0.350191590281639	0.102610881125832
-1.51670973775231	0.546933867089778
-0.344991553778112	0.100675971877677
0.157631418222578	0.0304971390385879
0.157631418222578	0.0304971390385879
0.158842307684291	0.0476089524042007
-1.14016935299318	0.348638213237076
-2.57450915234243	0.686119713628322
-2.57393942994101	0.680804613621979
-1.13453748317733	0.348386420481102
-1.14235343443303	0.349148050508889
-0.624582031923329	0.153403426322781
-1.01976360336146	0.408668891743866
-0.623203514518812	0.152886975065438
0.168213647836342	0.0427717891925395
-1.13453748317733	0.348386420481102
-0.409852159172971	0.172647687869572
0.149822512433037	0.0515980643104733
-0.347343651948862	0.100521829573696
-0.0736690904258252	0.0320231644961844
-0.151756236463228	0.0557391336018927
-0.220404038835599	0.0729168656391525
-1.82491177099641	0.761062662410459
0.167125285140998	0.0422176691573725
0.157819500886876	0.0479964018015095
-0.489396615448753	0.254960253146854
-1.0305109518894	0.413705292337194
0.165273197569164	0.0419033482397814
-1.50892094831171	0.544038324980869
-0.347555636251828	0.100540132112443
-0.228575803073719	0.0755878378969254
-0.792674786753609	0.435695525874768
-0.778461573654308	0.343477561125942
0.156634201293332	0.0476265114655575
0.160033282133955	0.0407505791232416
-2.3022152507028	1.16861835802044
-0.403219372454183	0.169110578809852
-1.51396593073936	0.54893460092185
-3.08471213635442	0.965314084973475
-0.204148154439496	0.106741597373617
-0.535243782193451	0.329111830534968
0.138657809642274	0.0594721168267918
-0.484319440433507	0.252419211807259
-0.493459504246979	0.257547559202099
-0.990637842627347	0.5048777109982
-0.483444807189348	0.251822103779284
1.33584082189489	1.3788547417668
-0.787579542784088	0.432713032153028
0.530447729983482	0.194934009129475
-0.531206539969687	0.202653855337574
-1.16907038844907	0.658022908210661
0.315153881868348	0.188075765291986
-0.959865530031117	0.586835150761383
-0.0935725183995886	0.0376428264079742
0.365771424057752	0.181675748774579
-0.112783187468746	0.044913315923572
-0.527903821046242	0.20385532117537
0.791765049203565	0.474236573298571
0.336622117142675	0.185666367450366
1.1082903824885	0.824800916301548
1.44168996802299	0.897564909781328
0.652391417533402	0.460188766847255
0.139171972908913	0.0481781540681678
-0.00367604643283174	0.00182263245264396
-2.06763090792947	0.961174063939687
-0.223445396665255	0.0731100986253306
-0.229722716539759	0.0759270068257283
-0.724489220764226	0.25507339261849
-0.152509336205892	0.0557203112776917
-0.530937280824717	0.206881451169038
-2.47288040315215	1.40904572383091
-1.85610014802669	1.16520444018086
-0.257608148195845	0.156478647301345
0.321943424001411	0.192859618937136
-1.3391615681183	1.07175655016228
-0.0323729662175493	0.0207195871668801
0.683257413121736	0.588878047358726
-0.00666892176208938	0.00449967256399965
0.0627701222040126	0.0418473013589107
-1.05241225139493	0.835414773702197
-0.493440219926027	0.260326318468609
-0.292941120581747	0.212191589542118
-1.56010712111362	1.46478793066663
0.32347035335414	0.192649192828992
-0.193315575951599	0.129291610829717
0.4916072674255	0.305110264146309
0.71552475405077	0.458238956693154
-0.597539793974401	0.480194886534005
0.535999330990818	0.307480694284257
-0.398776817471561	0.169595465995923
-0.95217800452572	0.587318480958423
-0.110031457654421	0.0443954586121625
0.166592172832123	0.106002899707281
1.90276752427459	1.62287098744334
0.149271671672469	0.0712974353556596
0.153097882989452	0.0799169312662403
1.24589066458099	0.854375641872521
-0.0272849889263056	0.0128807436273512
0.149107244121348	0.0642132633651284
-0.622228177450647	0.302438150335973
-2.64515991564445	1.65920931116419
-0.0567297992446354	0.0247213488587766
-0.388366479768065	0.262196504201787
-0.025230576183358	0.0119821561401082
0.143552854949838	0.0622321518539146
-2.02026737745776	2.02503256323094
0.495767020685892	0.30892615212375
-0.724489220764226	0.25507339261849
-0.41616081163622	0.233882658594946
-1.60856925108941	1.23302721698362
-0.585649367027101	0.42513575247402
-0.387384636456113	0.304548796391468
-0.709277262157971	0.674319684332288
-0.0153805168483718	0.0074778433773626
-0.55985269133887	0.350744708272097
-0.020235492836168	0.00963684224225232
0.143598542684211	0.0685894110254315
-0.0909072677024942	0.0551412914014668
-0.240768413189051	0.119071813437464
-0.141552146370569	0.0793479812865796
0.0168640268946868	0.00911407145793303
-0.410232573753162	0.227719434144859
-0.394450034637619	0.217017137418083
-0.45961289386815	0.300927167326157
-1.09967954154982	1.05723722258973
0.144340801616269	0.0629736658109237
0.446168454169326	0.320388409986929
1.26989610529071	0.717220367964474
-0.412191011570595	0.232359154870492
-0.399942059077752	0.222166809118121
-0.319137387865025	0.1860403625306
0.0387484375456536	0.0224402440222042
-1.16452104462497	0.656980764228863
-0.617317478646652	0.299276189978051
0.543543701807649	0.312312607709199
0.70679717473696	0.457273056546654
1.1008600666005	0.827156350952851
-0.313827862864578	0.145183489419901
-0.0995281713141916	0.0400580490365602
-0.529856186543624	0.206206399241258
-1.28099329611517	1.37703055226826
-0.189843669955073	0.100481665358006
-1.22427631694228	0.915501061899508
0.504410282407973	0.311735410990312
0.167797527932788	0.0954394581674211
0.139732650133251	0.0605935074945269
-0.318110352102677	0.148129060035534
-0.324374575024738	0.190672411576849
0.59174844557989	0.309669751943942
0.392311357593412	0.179029636269886
-0.316769502251675	0.147367554895356
1.07723219910383	0.667063617476867
-0.221755533699252	0.0734151122801483
0.141511958428034	0.0552197149692542
-0.155379670574677	0.0565938569368348
0.675410240839462	0.317293743405871
0.385014629569721	0.174738679712137
-0.0622121886426164	0.0271906046643111
-1.51659726126421	0.549787550108874
-0.945308475973242	0.576867966253721
-0.0659759261195902	0.0413334296664358
-0.787245180402683	0.732117609627058
-1.20823785327094	1.3869630570013
-0.350614009864712	0.249819874796815
0.166905654771938	0.0951226058691869
-0.145496741582209	0.0814778525253745
0.327829067132246	0.179801154609563
0.036970071945384	0.0212233284162736
-0.16033089034515	0.0899596075088936
0.148988817960889	0.0978717373624368
-0.129084956376945	0.089142511152176
-0.237271648636963	0.153369406329761
0.279547455737665	0.206051200033864
-0.117709525374736	0.0693272451683373
0.150685256036471	0.0722986563958657
-0.529590931055547	0.206114530882042
-0.302324514539471	0.139005200232519
-1.0908477279837	0.739039590639021
1.3477241005643	1.20691780411252
-0.930974671386398	0.675631314249801
-0.0795695049078881	0.0341497637695741
-0.788084855104027	0.724453872636017
-0.551685264816758	0.34674687072131
-0.455994001929494	0.351809940219149
0.441759475740907	0.180320770710895
-0.0617574983131198	0.026899006453888
-0.238022085217875	0.118664767436539
1.88914003824064	2.02375902404492
0.333343494850475	0.199110454394044
0.733381799469633	0.598352690786468
-0.898002302502259	0.817897988708326
-0.588467583246583	0.426007514952598
0.780331709479234	0.604347015373816
-0.781142562771953	0.42297026351094
0.1500643212047	0.0518518782937859
-3.07880362658843	0.963967696821091
-1.51425919312654	0.549483381615373
-1.83833739275866	1.16233330194489
-0.147965038499512	0.0540019765178754
0.1371538869908	0.0533638752545688
-0.102732516759253	0.0415613264455241
-0.218965144969334	0.0721608079673242
-0.344718928168882	0.101170101330633
-1.10432446083102	0.751182345207433
-0.619989816466794	0.300936185180043
-0.414102374959756	0.231586373450463
-0.324170875214425	0.149712560842608
-0.658514062827539	0.390640002430124
-0.561221917160892	0.35082500221858
-1.27768679775484	1.37013725283557
-0.794781114125775	0.608340812596783
0.0001985245695213	0.000473278755485609
-0.795145213058047	0.437802902804621
0.175125145232387	0.118562992998548
0.0342355845247575	0.0197983567072089
1.06485535172127	1.10875440255018
1.46775983898223	1.42853393795207
0.853238490381556	0.623014853646542
-0.152983472548345	0.0860844882077666
-0.605818530137428	0.295281497227371
-0.520024315525337	0.201968241826799
-0.113246718902973	0.0659155984281026
-0.694830301837691	0.54981431204266
-0.157949595715112	0.0577565264493089
-0.623695063230009	0.152227657420805
-0.514834701041321	0.197110526569579
-0.159513824343925	0.0584877561943233
-1.97650792491327	1.3453552633274
-1.46567287324111	1.00279189294013
-0.580583247052428	0.415620107404596
0.164910720277835	0.11088577439219
-0.13761025832083	0.0762883776306177
-0.797415765559371	0.679629383544142
-0.655410236860908	0.387229117215291
-0.923413184549443	0.75636929062706
-1.46105612674586	1.29265734583222
-0.392138926490322	0.26809888098548
-0.460547095636351	0.303105361377528
-0.328192850794955	0.194155864405137
0.383762431775122	0.324703801520495
0.170266341478803	0.123518424228667
-0.407885307513508	0.23011710987072
-0.314727866377191	0.145577165796566
-0.24674480449639	0.158374523329195
0.445560224599644	0.181515824529349
0.663034678171856	0.21290337117364
2.55447826806911	1.44755573283661
-1.22481464095997	0.909259721266038
1.88551066802435	2.03164599443206
-1.49231147652868	0.771104896871233
-0.501640586963104	0.261426127472423
-0.405106367206016	0.227322693634776
-1.00232452458644	0.88962348723717
-1.33134022082076	0.84014355587348
0.173982669701994	0.110867823876629
0.164839887749638	0.106202725222231
-0.157706035185917	0.105999984379927
-0.15440940893561	0.0867892806587769
-0.2790000967478	0.174513260758482
-0.253143956160652	0.186058700525552
-0.607077849747554	0.49517340545668
-0.491202771094207	0.256267051146884
-0.0262082451965872	0.0171990186522139
0.173423329925608	0.106055986466267
-0.468980297041621	0.433346445292494
-0.0515860037492849	0.0321580000626879
0.0286914893442066	0.0166070965978249
-0.539666401213167	0.448207009092045
-0.296920122285887	0.214436170208958
0.0832566679035845	0.0561379232802974
-0.338211930418159	0.238344784622835
0.140766332730155	0.0613012641588407
-0.520024315525337	0.201968241826799
-0.406921415352556	0.277251402699637
0.306791438361079	0.196685353802559
-0.498065222341281	0.370449447172359
-2.06592509941292	0.959164483983613
-1.10505723837365	0.748737954057956
-1.44846893085909	1.26904934725343
-0.277053764386947	0.171666504235981
-0.704372503897757	0.661570648363932
-1.10432446083102	0.751182345207433
-0.0783519120241832	0.0469588584111838
-0.156096618008518	0.0873018810498718
-0.791185599433056	0.736618263673052
-0.580907939394139	0.421854349929739
-0.13922234677155	0.0972109704822002
-0.197431281753646	0.150298942373994
-0.162579957547925	0.111510767935562
-0.282351581558202	0.175194309384276
0.033632223090677	0.0194546509768135
-0.307989990809556	0.267804962254001
-2.4834030113795	1.41194756794284
-0.547243503484246	0.34617833363682
-0.392462385889913	0.269856478063095
-0.184900832090365	0.122365326661227
-0.488089585185915	0.480393216512155
0.154205191122894	0.0740610754617311
-0.217602968474122	0.072079936429114
0.598721858492804	0.444543756684813
-0.383538509328977	0.259286827639058
-0.882057522203981	0.803032788433208
-0.806300633259963	0.53040535049979
-2.54684675750987	2.57920917278226
-0.507088013136989	0.381570828009555
-0.110031457654421	0.0443954586121625
0.854621958236558	0.62487966806136
0.686539355059097	0.779593937210662
-1.17552783491124	0.673717860578835
-2.28709789373114	1.18729919341008
-0.965761279504457	0.592684911002814
-1.68977585182315	0.970792577340226
-0.621016658804414	0.546806729738524
0.158357408502069	0.0833262669651732
-0.666318485798175	0.684712494057811
-0.932064528278075	1.1144150855494
-0.795456814427791	0.523475719738073
-1.28063049074862	0.590967255795044
0.678233728913857	0.322034529176371
-0.243927007218507	0.122551172889955
-0.0647641068660818	0.0406178296617342
-0.0838478225382659	0.0511564093580644
-0.686367544034254	0.476747434743879
-0.200862783797803	0.133200816375922
0.702713858372108	0.455271945280924
0.543179753604005	0.30970470890317
0.409962184792677	0.300113284422797
0.0527925960486287	0.0322703928798469
0.0604261321345559	0.0369972836382692
-0.394617693434886	0.272029600955032
0.642504292159662	0.567103541102877
-0.364071329734578	0.288504429439378
-0.22163304623552	0.140409014259297
-0.0171016812093976	0.00822780620455029
-1.28732017148272	0.595307771520904
-0.520777881803033	0.200694665575379
0.295192810152245	0.25184120506503
-0.222826537525291	0.14271408517716
-0.799183910729659	0.437475912621127
-1.60773307982546	1.20707038454956
-0.644570200276089	0.375307218687683
-0.152027874499813	0.0556812356537209
-0.00349800171328693	0.00175216794756765
0.319963125658106	0.191252188285113
-0.419908663723691	0.233360029098676
-1.34900556851956	1.70657973513623
-0.319856814120922	0.284309800849734
-0.146757962347833	0.125629452831531
-0.222629657796527	0.186490470777256
-0.116375465872687	0.0822283784108275
0.502469198124267	0.314403571378345
0.0209837611840624	0.0149686024934866
-0.621452353367831	0.87640603262067
-0.0393262306052241	0.0250311819004968
-0.0915492370104658	0.0556230974995819
0.0301656523471501	0.01742949664874
0.0929555025014579	0.0838972986684685
-0.352603583862296	0.377171368353068
-0.19052072494417	0.101357819387652
-0.52402013054653	0.203694200281952
-2.4719126415015	1.41080523693164
-1.67732388130989	2.04718176997504
-0.111335955364491	0.0448322141937914
-0.733087134115745	0.253661993205749
1.56929519244363	0.797697255741726
-0.530937280824717	0.206881451169038
-0.037327463388435	0.0282780362552292
-0.117862585484632	0.0927394143524788
-0.49449412124737	0.419169412293828
-0.702041329867205	0.656444075748321
-1.1038870557126	1.04369473252383
-1.27930512577485	0.595095920645693
0.974152290811541	1.26258182109228
0.341291464556214	0.337784270168042
-0.581227931838065	0.418734279012927
-0.105896210867058	0.0428361430019344
0.646210488579987	0.450658597456739
-0.0762596419506975	0.0696057567790692
-0.385937091302016	0.333940551174742
-0.927597139609126	0.672308480860274
-0.886232522934748	0.80816645912373
0.1371538869908	0.0533638752545688
-0.0343709303450805	0.0161377843155024
-0.692993961673372	0.54939691788696
-0.223269088373933	0.166760877659575
-0.425118428827023	0.398110763311047
-0.799882665733654	0.862198650254499
-0.584554130174656	0.422019370750038
-0.547243503484246	0.34617833363682
0.293470252041107	0.218199867057409
0.267566877939634	0.234599871291893
-0.0605671855667477	0.0375301741884982
0.175809463933404	0.113239476446911
0.603594486369244	0.445236349477337
0.326506928753208	0.297062932698938
-0.123527477429154	0.0979183953065752
-0.562930274645154	0.389494115262417
-0.0740785271043682	0.0320708244593734
-0.195063637273142	0.129743720491362
-0.2007655442453	0.133742593110863
-0.987052894948271	0.959427835213169
-0.699472011523727	0.654855447569109
-1.06658903422672	1.11704139404376
-0.00469476948422852	0.00312553133172699
1.23232152751051	1.18181173087919
0.837528667297096	0.862895419701889
0.372910583739292	0.334784866905788
-0.11386286651318	0.0805338341181183
-0.592687429414219	0.427654414369202
0.145556924338648	0.0566880143520423
0.102591318844989	0.0743683104436711
0.448916401737672	0.433037090343411
-0.903373888539237	0.750193104104862
-3.08471213635442	0.965314084973475
-0.220610815050773	0.0725929304678882
0.140510148384066	0.048664068301297
-0.0922659535285156	0.0371210668116055
1.26359886441129	0.700572878320671
-1.47557568089381	1.00953840850556
-0.79652357104726	0.517805645237633
0.993632331023112	0.795776396937438
-0.148712408233657	0.0546464053678112
0.139562572967752	0.0599317090665374
0.788132781811593	0.471773781220891
-0.540836770304659	0.335317853356922
0.140215739707294	0.0544615577459193
-0.335960427404193	0.198661322044131
-0.433463977185902	0.327504371623922
0.533990252024145	0.432640991410022
-0.0982216589151396	0.0395320886440613
-0.372487087464692	0.28476243740908
-0.79319411808844	0.438986447672598
-0.319550758316833	0.148035877723405
0.507710123487086	0.317988625111294
-0.441090873906366	0.339902824779015
-0.437490711296616	0.333375033467816
-0.149434619660561	0.0546867535304298
0.148779719482915	0.0579010525492348
0.141246809977989	0.0675310493123094
-0.43325012629017	0.372756597859011
0.33937660386133	0.187473410645589
0.300822412792609	0.191901579466782
0.140766332730155	0.0613012641588407
0.3599301135099	0.181781951530473
-1.17032907321818	0.992979076705798
0.148406294194498	0.0446988981681097
-0.236725627042462	0.117782882143089
-0.798228057030688	0.52007612235284
0.28440784202278	0.236597882441771
0.0464556304863311	0.0267627171280565
0.148870514166198	0.0780977668051149
0.185891163752897	0.142475500802126
-0.630417498897853	0.731674777831751
-0.649697517760109	0.62692318972306
1.8778549100685	2.027211339387
0.0631501636621358	0.0382716738582961
-0.182510462801735	0.176835420913585
-0.479071827022851	0.506522119586791
0.0132278745082866	0.00724054963287807
-2.12303887551294	2.32882128701323
-2.29026519133476	1.1905219179738
-0.789445135448671	0.511304386603002
-4.56590312814347	2.55683027366912
-0.656169294574422	0.387950230219368
-0.557989994090204	0.34052103010098
-0.472235302290995	0.455150122116389
-0.155584678406773	0.143902717291164
-0.168626489883881	0.115592372054963
-0.447856268773776	0.345649429443014
-1.0560283715961	1.08007401127691
-1.17420796844917	0.671948679234328
0.0820294442081751	0.0588894141436403
-0.447202071011258	0.556375860265763
0.179912168692749	0.126881363913331
-0.698429081501577	0.542336563420972
-1.17513278879012	0.671205029796001
-0.0706739506281439	0.0616108752798613
0.856022832115193	1.24228066030205
-0.584554130174656	0.422019370750038
-0.99160532010116	0.505778587229041
-0.344991553778112	0.100675971877677
-0.467333722473085	0.308021082975734
-1.22885861266093	0.920817119678005
-0.334514433001376	0.264657141346894
-0.388518988229685	0.337798298015896
-0.182087274223373	0.136788055284013
-0.0825912617109666	0.0606713832643519
0.409879189454516	0.319693255823498
-1.19027852963561	1.19190364668183
0.442267508928748	0.180131294342851
-0.793390192516828	0.803983517675686
-0.310401469437777	0.273071824270595
-0.799369057053899	0.609743679941614
-0.0235109712145733	0.0111621213475952
0.648721324755062	0.454507373359027
0.607476875458347	0.664550471993042
-0.646769897854473	0.747644148607042
-0.661589772639412	0.390625300687041
-1.27289941916576	0.585707177565299
-0.339259872888023	0.26939001075722
-0.297262633938905	0.214934978083566
-0.245234350696491	0.121862425190944
-0.248052306730977	0.159989881677677
0.56663696710093	0.448679106251861
1.85085214807742	3.02396520748985
-1.13863467966793	0.937965667731488
-1.19492724010399	1.20938405607565
-0.0634606997378009	0.0398728989952393
0.084378709287384	0.0588681322787082
0.155178469664791	0.0815064898135078
-0.654954641503987	0.627133209428395
-0.790052876628521	0.79509564008646
0.638801624820275	0.568196070995141
-0.612747585747724	0.496593409671051
0.0422340858442587	0.0243677085665591
-0.482974870360455	0.251508702470864
-0.339455636988133	0.202475341504377
0.547632697521663	0.313964466365432
-0.559514779088503	0.349195321165292
-0.517792754200676	0.387427940810267
0.332292995021593	0.184039483290158
1.4502474346112	0.912053996829086
1.08288561076264	0.671487250499981
-2.06876532861005	0.964719982568229
-0.00550806012884872	0.00275388086346075
-0.235683708438033	0.152397287577547
0.137495444484056	0.0597099792716302
0.00901047076965927	0.0049992713578938
0.180238710468944	0.132289392208139
-0.187116463838683	0.0990308567220002
-0.143336076992984	0.0522792289562263
-0.504463571369654	0.375451802546772
-0.597198237723226	0.284754771234127
-1.05736045628909	1.10129668008588
-0.379892849111315	0.349385440339656
-0.190646026175397	0.171732843062971
-0.846420625371634	1.06188723283068
-0.292024507935675	0.2120360553109
1.23057034978622	1.59416775355395
0.358863241685007	0.320856058592854
-0.283665454891285	0.252876814223122
0.152516796673776	0.0798984822047601
-0.622084599176445	0.553060289460533
-0.651523940903315	0.657559835731637
-0.24005392197705	0.234739473613117
-0.615889714596561	0.675280432367748
-0.00000320365014655148	0.0000852692593059452
-0.108762007301014	0.0630606906571108
0.364486677422719	0.401007718843468
0.114858941984936	0.0915994370038098
0.0780531872043734	0.0525203394325024
-0.141552146370569	0.0793479812865796
0.675985829672005	0.318405531449978
-0.0331783592620326	0.0156465438826627
-0.785666389806822	0.349770403162494
1.07247413862156	0.523783319173854
0.174700492820501	0.123610390351699
-0.200826587173479	0.133912833996104
-0.341371489110819	0.240173427065282
-0.786965570635545	0.347633558616379
0.148738227464701	0.0511351524576854
0.173526282417403	0.0985697374612077
-0.795215313870587	0.524151018803305
0.315159434919701	0.213739194799413
0.420085680370974	0.315617644296855
0.184049754881405	0.129780675962938
-0.585318075066439	0.418661107548508
0.700839664385787	0.452523347474898
-1.33329648474374	0.84581992037969
0.78724506598302	0.472310378962609
1.05219658810045	0.518968738360915
0.916664929246076	0.778259491518831
1.45434865448318	0.923679325795707
0.886108445158145	0.885061196987029
-0.014491721953687	0.00704737265594533
-0.400062396642448	0.170601933136714
0.540890605766347	0.31320181352651
1.10712735976733	0.831823077227146
-0.248829068599719	0.124639701897521
-0.609038730559404	0.296464007567755
-0.439015078171417	0.33699973337809
0.0792835157348238	0.0534295367027217
-0.77971233979068	0.776343823736085
-0.110181368314442	0.0640223292420241
1.22710575275119	1.0090920981457
0.147035556764615	0.0508245783399546
-0.246091117179975	0.122533323775075
-1.51513633099547	0.548077569901583
-0.22551045023112	0.0740620347060826
-0.126377635696968	0.0739101877107034
-0.111828326393637	0.0650244573583048
-1.19146175449363	1.19423679734261
-0.723310015883846	0.254344357266946
0.69518867897601	0.330601357998973
-1.50892094831171	0.544038324980869
-0.505457313087105	0.3746626226321
-0.443102432412032	0.335686513552681
0.681013166317967	0.322464052417177
-0.0228175735382962	0.0108350406233488
0.00380872102628323	0.00173284503964625
0.157502097419348	0.0827748043764678
0.147569878806105	0.0711919659816201
-0.956267292602776	0.589411962873134
0.603637573511993	0.317378219086618
1.22601103912426	0.979448673173924
-0.0426801576755764	0.0184933593357725
-0.957901559636827	1.0022807575579
-0.182667523122511	0.142694217824584
-0.294995190411447	0.214695851525988
-0.118347590767274	0.069191882457266
-0.111213822352411	0.0786994326015313
0.0194080823947832	0.01048065912257
-1.48965466561813	0.764494104186705
-0.530405511093465	0.203003890945189
0.816796075513508	0.352385300037275
-4.40448673404724	2.29007226023369
-1.49201386817581	0.778707402834225
-0.00227117421192441	0.00117746547509184
-0.492562678621047	0.260304792103824
-0.92986613868835	0.677199828181204
-0.197706940739938	0.104902638129314
0.550738183478365	0.317935199449624
-0.792739392492329	0.43822311586467
0.606021138753384	0.317226430897292
-0.0999454745239706	0.0404223584776093
0.853120566623133	0.613870831214303
-0.723081962585608	0.252158286122281
-0.157195368460947	0.0576515802947247
-0.609038730559404	0.296464007567755
-0.0786640309281706	0.0578219305187619
-1.15449576830872	0.986147151845098
0.143486887581762	0.0686582655908644
0.16407386959389	0.0932976866181552
0.865675525678548	0.627601740372352
0.329881927678343	0.181346199953573
-0.391642729105065	0.269004016433022
-0.450195609831496	0.347998316462018
-0.472873238163984	0.397168690533836
0.168874203409558	0.0883987740938189
-0.0862196018107154	0.0525593002433045
-0.245598081460662	0.122104647974781
-0.400720722169822	0.169718791436803
3.92727374425001	1.74535892797151
-1.13599688789171	0.349486711323194
2.12113813115649	1.50704828802224
1.82336730645351	0.727498434871424
-0.0977102367405741	0.0395608971079152
-0.58560630951402	0.423594198709941
-1.991426278797	1.38970812701411
1.09739882713147	0.825032457729079
1.25225485143465	0.869047798638604
-0.343268806146835	0.0999183449449793
1.77467264194215	1.01468614197277
0.95589278857996	0.640177844349095
0.593074633977258	0.310843755488966
0.141795856861759	0.0549880463391758
0.53959827555595	0.307342171739481
-1.61970374323513	1.23388379554577
-0.150339776782556	0.0847148582304436
-0.547857757087092	0.343292400043467
0.361242698453643	0.182370921546585
0.717684672124125	0.467395605221756
-0.306959920146569	0.142560346188974
-0.919780963004425	0.656081922953561
0.172374600504864	0.111726817254999
-0.105003765063016	0.0615183251528004
-0.197109957621952	0.131695389397477
0.528873779674063	0.193445629021568
0.669700188276656	0.216836591054402
-0.347555636251828	0.100540132112443
1.26052235296608	0.705119137259856
-1.81555072674751	0.752836446371321
0.954071954572136	0.644682360209329
-0.576045914327935	0.417045659490092
-0.923664740943409	0.661860997745698
0.550258619174623	0.31664615021886
0.382951770590543	0.173831811368867
-0.315191096339099	0.145299383202046
0.0171989350671912	0.00932989254825349
0.160070534608536	0.0901506226259015
-0.406703159732463	0.226213734553487
0.387972177890193	0.175946570994379
-0.61220795871417	0.298140458409029
-1.25906758946165	1.16314371366837
-0.935248591118171	0.67156779685304
-0.410695148189784	0.174087275578746
0.143552854949838	0.0622321518539146
1.03922988577136	0.400124112296972
0.162378104800928	0.0310834456145106
-0.395551517868012	0.166298738902461
0.157056474373317	0.0303984095560313
-1.50387762896899	0.781760630908673
-4.22038896397553	2.01522294489737
-0.146628250543871	0.0825751455396138
-0.0835093032525492	0.0505461198884948
-0.779656824893048	0.342767284442923
0.14621924807773	0.0631009314039212
1.57304047546568	0.805716297602441
-0.977708077916111	0.490639214795788
-1.45843812502413	1.28867876764723
-0.997883522336041	0.504991858864889
-0.323793260678782	0.191180912788441
-0.21359911563999	0.0699173393856954
0.142932199282946	0.0493789142388318
-0.393086887328918	0.16589011333814
-0.730123386031477	0.256802322226565
-0.399090488436148	0.170073668796408
0.135875979460961	0.0583052721984399
0.858461041080418	0.628084059702253
0.161559915453057	0.103252338488393
-0.603580181793657	0.293492660009994
-1.49435960601645	0.775701166735618
1.06298049234632	0.529003721857717
0.00749572853868715	0.00349641367441536
-0.401034923550571	0.170830593731264
0.859376101776828	0.624894728128282
-0.720373042249908	0.25096406524236
-0.344966472135216	0.205637870782495
-0.984311136182428	0.498990825274186
0.160614285616072	0.0483709724331317
-0.218747016072675	0.0723005288061521
0.952024225447137	0.254550165942042
-0.523171029238127	0.20323286573159
1.0647844558073	0.642965760070816
-0.401347921029755	0.171005116484755
-0.962147832145957	0.590015499577223
0.144027886767062	0.0622317664311538
-0.10125081532618	0.0406988392127348
-1.28624234459102	0.594941965574939
-0.407626140176017	0.174101555847361
-0.306959920146569	0.142560346188974
-0.055394036515614	0.0242910438054145
1.06426358771682	0.529514790306315
-0.495797629209335	0.260776689753514
-0.991281042715763	0.504343648879804
-0.221549116887011	0.0733586886722837
1.04021638335115	0.398783042992239
1.03515111598185	0.401690296345324
0.515614158668967	0.186457333380208
-0.529590931055547	0.206114530882042
-1.32531629244553	0.825931953139159
-0.794713345070604	0.681067227056853
-0.237592151059946	0.118272792498676
0.434765734153405	0.177993138783725
0.167111912503766	0.102222637668459
0.160319432930273	0.0403505576138374
-0.774759465442576	0.338651247065764
-1.33176737369988	0.846091538844286
-1.82912157862589	0.753267407814952
0.144015556605956	0.0494784687972138
2.11121372988457	0.963126869077612
0.165310764697054	0.0422104497686673
0.901813443153306	0.491709224522929
-1.28170971891495	0.590727891544826
-0.318549134966768	0.147968784491397
-0.773774748297677	0.346345835072774
0.158031704426094	0.0479750742787413
-1.15659066757563	1.00033866313985
-0.732708626851589	0.255851771606928
-1.49946266122471	0.785203013960556
-0.400720722169822	0.169718791436803
0.524817754511886	0.192422842039039
1.44543804621143	0.897874707998366
-0.79919410490768	0.745050613450771
-0.726238487506654	0.253437335397984
-0.985013406948836	0.499181139479645
-0.805443976689482	0.529488096913971
1.23728392312011	1.00984679051699
-1.28732017148272	0.595307771520904
-0.493371670957335	0.258579071745134
-0.00408820289290722	0.00206244396152541
-0.264663003744062	0.195714839205728
-2.92457489523104	2.16390908805713
-0.901728004604694	0.74540997952819
1.45730188638128	0.488260410534648
0.438659551499804	0.178246928670204
-1.51126686389698	0.544349597683157
1.05989018252894	0.522651345178673
1.0634646312334	0.639438199539143
-0.58878915933611	0.428510727917795
-0.441866953826078	0.340674673071553
0.15295966820212	0.0869243544311315
-0.550933738396501	0.454740647983352
-1.22908110570059	0.915895215733823
-1.09368856108268	1.02208075681156
-0.167797382619406	0.114851568862066
-0.150955547123614	0.0851237767861814
-0.616780078074955	0.300039716044547
-0.547762207343764	0.45328322119169
-0.0953642505077563	0.0690108170007663
-0.541701209613939	0.555061748248439
0.00721927567826486	0.00567129563281789
-0.0209227826502122	0.0190904802887673
0.268271062231533	0.292565780908052
0.354400887723251	0.400052857815312
0.0775488545137061	0.06547226740928
-0.183521611199944	0.183759409687986
-0.583549577699088	0.643603217194514
-0.626123069254347	0.748844199960759
-0.337117788971245	0.344081330494968
-0.625348040077467	0.749412275484052
-1.64813870213534	1.65189545597382
-0.221898969591873	0.22206030286248
-0.142618664484335	0.111845785399375
-0.511582890183669	0.379900813146514
-0.247033278265651	0.124069626933752
-0.227976602307569	0.172590871014169
0.17391457259865	0.11752849816568
-0.0614114494041357	0.045429241827013
0.419374697286577	0.313017941445137
-0.169885161223221	0.116669671498325
-0.0209218913467559	0.0137169685513531
-0.715460083718373	0.682802554627159
1.01935618104087	1.19392351835022
-1.19581948900183	1.62256999405107
-0.615452622698631	0.636735150616525
-1.01656691758953	1.36129587424595
-0.0852769817670258	0.0516320605203899
-0.536070249994842	0.443519319166095
-0.137001868552906	0.0957769384537233
-0.47563058413548	0.313088490792916
-0.707428971632025	0.622078767487789
-0.417285659519258	0.418878190785641
-0.0533080797348901	0.0476186926603657
0.0779211783830296	0.0700504041674746
-0.756440663821711	1.20402697740087
0.0335294526192589	0.0281220054313498
-0.802397747264214	0.865598270153615
-0.656789101342543	0.894906912383341
0.618714538787934	0.570817870918557
0.732484498031941	0.60613873234095
-0.63784561375014	0.612568215608414
-0.799749837223668	0.604497210469919
-1.09678436390542	1.03122136885084
-0.0422674411805499	0.0425485353819086
0.236151240425076	0.279749255080754
0.131334632237313	0.113723675530637
-0.428173380849759	0.50624693008893
-0.172410580668485	0.133318111303188
-0.548502011756563	0.661249075697597
-0.195117301850042	0.128845417443856
1.33086270821398	0.600615079200926
-0.058877536665838	0.0483692728249438
-0.472822689364925	0.707701100723434
-0.774556835488086	0.34342167557291
-0.493459504246979	0.257547559202099
-0.764305964970616	0.335843765598723
0.436508473973908	0.177820923457763
0.0726990370645946	0.0504911740656893
-0.264054484977794	0.319294290472141
-0.355806759034501	0.462143405722266
0.250227295922635	0.274525333934767
-0.1909663464172	0.193056848650192
0.267276186836273	0.232657917051175
-0.986843843375678	1.49497476762505
-0.465639976854786	0.308777469347874
0.361242698453643	0.182370921546585
-0.514686542400628	0.635344260372681
-0.326518587023984	0.407747810381974
-0.715371539689245	0.680201114242921
-1.82255880756041	0.753613125904852
-0.614974912875044	0.301052141709719
0.0109681462411139	0.00605016373935735
-0.69418863932175	0.875505063793731
-0.193477333829469	0.251702488906152
0.0283844502437777	0.027518178827567
-0.156967936521192	0.163483386487417
-0.323600842191209	0.387037224840357
-0.430339364190897	0.558691007786598
0.195616918348713	0.201401485198528
-0.238278542184616	0.214147274874099
-0.336358972658613	0.200276334235056
-0.873394581207731	1.38490119173022
-0.297610560142676	0.43114663638622
-0.0561304301270082	0.0461336735717879
-0.186110165934786	0.123011518525463
-3.07968455989498	0.963635125148535
-1.03667947354179	0.419936403849192
0.105261207656629	0.0808152740401147
-0.17532269737194	0.119752739473733
-0.799898380326033	0.682523323005957
-0.354338531261543	0.283052314205739
0.739718332708543	0.599827378699064
0.133430451269149	0.109207998883784
-0.652990084891306	0.670521832208948
-0.101107760841096	0.0823061438617339
-0.0406556978730522	0.0260790720920602
-0.301924188207931	0.243246545836078
-0.333378928573116	0.199971655496701
-0.680094455961101	0.784704435596105
-0.500266511522805	0.516909207937301
-0.405106367206016	0.227322693634776
0.316080255417651	0.202573747899255
-1.32302534072313	0.82616805167341
0.136173897108013	0.0526941681708723
-0.14537069997032	0.0533503794450636
0.526282024246712	0.193593170961761
1.25091827806338	0.868224704854483
-0.545833251120716	0.344865649519863
-0.672023299650485	0.459963819880736
-0.927927275277118	0.675094857269372
-1.32951897473987	0.838074516242191
-0.722107203298062	0.248515786358393
-1.23307140424981	0.924126019419074
-0.382526377726497	0.298525638473498
0.0451229321884933	0.025700374963118
-0.713153050783376	0.620157596497507
-1.8409376266516	1.65591796064951
0.597638013693312	0.443726031195775
-0.954360367880005	1.00832266550315
-1.139798321011	0.349782272227464
-0.220404038835599	0.0729168656391525
-0.16053966425378	0.058758984593026
0.601402052112101	0.315756741673348
-0.224047591747806	0.0740771018889209
-0.272169823594937	0.169662651905326
-0.905229715070375	0.746640802068004
-0.65482718830842	0.388389345524738
-3.75968054728691	1.5137460158881
-1.17275460279799	0.668667087442433
-0.801038621351618	0.612547402476718
0.149811990745513	0.0844679717008263
-0.606744869500783	0.295688681434482
-0.111347270802665	0.0781655698449666
0.0246184513959987	0.0142950219980535
-0.237555906118835	0.154849296951662
-0.890568827098799	0.821856797712371
-1.03688949228649	0.812755196912945
0.305683899031604	0.195092863763305
-0.345087013969099	0.275520370155791
-0.597519987524216	0.61807990062203
-0.0925661878751146	0.0563786798389407
-0.611112409183352	0.498713150187204
-0.463032803822793	0.425670578449498
-0.400659953329933	0.347633995323961
1.07878808779738	1.34715977527429
-0.271137431754072	0.166592880214586
-0.0236791849811415	0.0154371367959625
-1.11148864022807	1.59539221618336
-0.209143999313779	0.159714041312303
0.726772895853303	0.590705218785886
-0.925635574905002	0.661293504079012
0.170759789455483	0.108979572035236
-1.34725171937298	1.09815786555996
0.0224980177222946	0.0121222579184554
-1.14016935299318	0.348638213237076
0.365340004650458	0.184089546308535
-0.388011529785691	0.304579335465944
-0.281478665360034	0.175627680475176
1.27311862199907	0.713976963911299
1.26989610529071	0.717220367964474
-0.417525241895768	0.386365310721438
-0.324539953652177	0.262889556168157
-1.28844399509004	1.71314638842652
-0.36887679041713	0.323123479409455
-1.92518859269579	1.81632299982253
-0.63413870997302	0.567220701911897
-0.355695524668971	0.102942167041969
0.157056474373317	0.0303984095560313
-1.5208643075246	0.552186247107342
-0.346167140140093	0.100935083264355
-1.60102118312334	1.19748489518355
1.11233355761398	0.834738852856328
-1.14655172561439	0.347944063488547
0.830636603380531	0.351563656426078
1.04300319841899	0.402259764791993
0.945141335766703	0.914393966745974
-0.24076859667372	0.120221780277804
-0.270776042404583	0.16801476274034
-1.2743260503212	1.35089280299601
-0.446514644389731	0.338681268970194
-0.151833642356274	0.0557212649548327
-0.720604456465959	0.251721589615544
-1.14508574724039	0.346861667774683
0.149595457307736	0.0452624594369959
-0.988381267853531	0.501509114486411
-0.307857810110821	0.142953961858063
0.673553513601153	0.218109822226041
-0.305618580286781	0.141598692227763
0.556105248660413	0.319321109387209
0.529562512856597	0.454466889826134
-0.164994111580716	0.111453715483403
0.168874203409558	0.0883987740938189
-0.188211953681628	0.100182955610988
-0.671320055141108	0.454232119632358
-1.03530796870446	0.422510492431002
-0.243791171155307	0.121922839697177
-0.228345767794822	0.147668287571482
-0.358113393526197	0.31548609923934
-0.234554211533543	0.208782390766364
-0.152934792566454	0.103350819990938
-1.01097833613349	0.898313396414317
-0.347555636251828	0.100540132112443
-1.13183121902567	0.343499645696538
-1.51425919312654	0.549483381615373
-0.731525616406812	0.255525096859232
-0.355442936329478	0.102041079869511
-0.0626653780540737	0.0273925685084344
1.10703317912896	0.833341589205462
-0.725896158891892	0.253805951910148
-1.50774935680936	0.539484760175277
-0.0925683114037227	0.0561089706396117
-0.499840950070283	0.263459811156576
-0.906773388029619	0.742010266395272
-0.795435465392091	0.739538701315109
-0.669378626100907	0.457707944857164
-0.394006850479953	0.270722289073956
-0.648632244554511	0.382603490805123
-0.693990517866148	0.542886092896289
0.147735428904545	0.0643443069297352
-0.160808397258197	0.0585718717595568
-1.10030743834519	1.05507938976417
-0.0662111154021193	0.0288588703047111
0.300758961669504	0.203916360151164
-0.583407149758161	0.568081627370832
0.0891159704250029	0.0645792033383333
0.540921815095723	0.448357770555821
0.378854476008463	0.304916644994179
-2.91514473906632	2.14208533827722
-1.02734963908132	0.419609489752489
-1.13384470910725	0.346451671342812
-0.105340946764016	0.0423042376026443
-0.988381267853531	0.501509114486411
-1.03530796870446	0.422510492431002
-0.00226799135248229	0.0011857486786415
0.145291483731427	0.0696735580838506
-0.625469527156518	0.152450282737538
-0.15821957159593	0.0580782796952436
0.159667863710345	0.0763822774377462
-0.109559360877963	0.0789921506940099
-0.525829107728031	0.42875435090575
-0.930713399325753	0.677732641701008
-1.3214840362232	0.815522115929702
-0.461977013069297	0.353926779798101
-0.609908405157597	0.297681507668352
-0.401117636997912	0.225153774292167
-0.710704629210086	0.625446190215513
-1.32993917788766	0.839513847318303
0.473248721433693	0.428735708382112
-0.539365236097832	0.336107866410446
-0.45857633433149	0.458287554614647
0.00476554566915085	0.00332337605983436
-0.152015003977956	0.102975347794673
-0.657140581076001	0.389344556006656
1.77848388545146	1.01741144222038
-1.13238101744968	0.345367402292769
-2.57450915234243	0.686119713628322
-1.8193202809442	0.7576566965492
-0.987529818778603	0.499440593130384
0.428320973129293	0.173534178549429
-0.22587697562647	0.145608710442157
-3.76726432791207	1.50117367179712
-0.141019351528483	0.0512616608589805
-0.245234350696491	0.121862425190944
-0.0281670730665346	0.0133498035501984
0.815705372076796	0.351565174973888
-0.529856186543624	0.206206399241258
0.151071112655376	0.0724707309918738
-0.290538010287692	0.209420218850891
-0.610875101560533	0.495192961462173
-1.15970787528578	1.00042037282901
-0.0989738367484011	0.0696908610302457
-0.228358576380837	0.0754206022353645
-1.0518506570388	0.830249419066258
-0.0836867867852088	0.0621074518421056
-0.54302484967129	0.451577187053254
-0.718248637886495	0.248855604025161
-0.0221252888469514	0.010553706243259
0.141308385835543	0.0675070363877654
-0.301244885947759	0.220124727169114
0.782613046991657	1.07236411235077
-0.856571902298593	1.07105504675554
0.411145838281773	0.334817403024629
-0.101324745522461	0.059234259219651
0.141317539295459	0.0611617340611498
-0.147413525125714	0.0541557128042683
-1.13453748317733	0.348386420481102
0.170541995167361	0.0433725109405701
0.14569794572577	0.0504060636924665
-0.105018196900244	0.0423002004785251
-0.320351263210626	0.148766932654297
-1.23681726770469	0.925810903207449
-0.278111551497073	0.173656900091175
-0.141299571448262	0.0514880255645158
-1.34868348026132	1.09122309386696
-0.398206074754857	0.223738781350565
0.669440224929851	0.215480111776117
0.444269307982615	0.182724882347965
1.44604659811656	0.905175761708426
0.307408105197861	0.194245687085461
-0.470831197013034	0.310878046996023
-0.146871826348226	0.0825371496101089
-0.104456645162201	0.0420315616456337
-0.614926017536707	0.298053643763968
-0.221755533699252	0.0734151122801483
-1.49201386817581	0.778707402834225
-0.0585601185769099	0.0253194280708242
-0.494712487865512	0.259565320453938
-1.49946266122471	0.785203013960556
-1.59983841487898	1.86943608242897
-0.148067335747108	0.083388858123472
-0.0723398129874701	0.0530747361773355
-0.14121178309017	0.0794794416613955
-0.123311434304493	0.0723451135704276
-0.628958852882043	0.556176891346789
-0.15415648924332	0.104947003391295
-1.28624598353917	1.54114839278239
-0.40251508325605	0.227926386736731
0.176071676255337	0.138224557124628
0.43498459291024	0.465359288126065
0.274557448438049	0.252443796059571
0.970293701027111	1.0423115287542
0.745359007775899	0.706341096773197
-0.106109461833395	0.0621933891424097
-3.08976598879865	0.953303162204477
0.683264803449209	0.325356660226696
2.11088246540465	0.960458127292998
-0.147413525125714	0.0541557128042683
2.35332561110829	1.20318471800451
0.146055747705862	0.0761988736548907
-0.936773322221984	0.670794048967175
-0.310711358538306	0.143334440960985
-0.105142578518046	0.042132787445184
1.57473350741888	0.794587624378978
-4.41825861662346	2.23639615540398
-0.21359911563999	0.0699173393856954
-1.16450838383446	0.998856466156627
-0.549747146388889	0.344868388454701
-0.789081416689808	0.850038779383695
-0.875810339279341	0.873301243986355
-0.0922659535285156	0.0371210668116055
-1.0939457802379	0.739951626253705
-0.0954763974352959	0.0385184353113694
-0.30450725316825	0.222480015221591
-0.148067335747108	0.083388858123472
-0.235333315033055	0.153406993034928
-0.546914126305978	0.341007146623715
-3.75968054728691	1.5137460158881
-2.29267186892371	1.19553496573115
-0.395900218977606	0.309135560282345
0.2919638077286	0.21915518458878
0.0346744402821412	0.0200888921428112
0.326278664491867	0.177690426674624
0.00788830136208305	0.00367365392895404
-0.455306567741038	0.350286970750785
-0.337416361648554	0.237785449073531
-0.87565095980545	0.782113944910863
-0.583776766644509	0.526061150946284
-0.256019897942225	0.213865168202307
-0.156742304954922	0.10713468233032
-0.352054765265998	0.247896235551144
-0.147470438565008	0.0830956647004927
-0.343816891455429	0.0996962776646578
0.166760634916841	0.0427859605507963
-0.147413525125714	0.0541557128042683
-1.49536908622829	0.772165491031509
-0.0681768336001665	0.0297956725282971
-0.62734273413955	0.546757465194903
-1.32480448552056	0.828125236516135
-0.00705669732370878	0.00348117630332481
0.946064500759086	0.628209487089894
-1.02734963908132	0.419609489752489
-0.625469527156518	0.152450282737538
-0.336624302817788	0.200069707411315
-0.493867578688665	0.359821181915612
-0.243857875022269	0.121264195772194
-3.07792320695436	0.955710221735997
-0.107794846959169	0.0434971903953803
0.294970804806739	0.199695353492057
-0.244795588949212	0.123160748609705
-0.459712066075574	0.302571385362056
-0.163647464433033	0.0595226464737321
0.143544165988088	0.0687745449583927
0.709731866243343	0.46401998359189
-0.691558474711583	0.546022126825807
-0.0579852896274019	0.0363511918697506
0.791481000872642	0.616869211726321
0.1500643212047	0.0518518782937859
-0.401983684974324	0.276297363117568
-1.82373483340545	0.759520768730619
-0.955371452455007	0.584649439850859
-0.530701613512428	0.437972986225689
-1.99482833538527	1.40407847574897
-0.90846629450557	0.749445349777195
-0.624925983180897	0.545979460532743
-0.344991553778112	0.100675971877677
1.04690223635623	0.400154019909315
0.142178834053488	0.0550545122756059
-0.142892788454656	0.0803096984450567
-2.06876532861005	0.964719982568229
0.364004829786771	0.182302955050366
-0.221549116887011	0.0733586886722837
0.165310764697054	0.0422104497686673
-1.01577629211329	0.909110742399051
-0.274431570035771	0.171147102601512
-1.8234395005827	2.09740135003847
-0.694630055152538	0.548041612349508
-1.19709033830177	1.22854470822398
-2.12729329157269	1.63796943153978
-0.221755533699252	0.0734151122801483
-0.238459156079262	0.118612689427488
0.3182540761483	0.189964649218214
-0.484319440433507	0.252419211807259
-0.472270859867571	0.312241601122352
-0.493371670957335	0.258579071745134
-1.93110546228267	1.83843201455632
-0.961767806051716	0.590998072470798
-1.79541110556836	0.406108159138969
-0.959369080068359	0.590898457309453
-0.505454294347139	0.376373572265232
-0.348309111622129	0.279065503997698
-0.481540491254632	0.407651989120381
-0.399596519605918	0.224762027392955
-2.13237500257898	1.61260858067272
-0.725669351344178	0.254938132698188
0.525131259349727	0.192999914873943
-0.335514688463847	0.199252718089063
-0.322503344083167	0.188833515590044
-0.310866769584908	0.252942931795853
-0.81238020759461	0.817757220984076
-3.08381588002162	0.95918852957187
-2.29159891664513	1.1940441333483
1.03515111598185	0.401690296345324
0.885387168127823	0.475532961208744
-0.532276703088154	0.205902875815849
0.553842657732105	0.31843739525508
-0.614590528908263	0.300181664200839
0.165678640076941	0.0495679171328434
1.35050011119311	1.21492602000177
-0.50310084924145	0.264478740847794
0.159429495883294	0.0480039803018655
-0.346167140140093	0.100935083264355
-0.884783824621007	0.879554627559437
-0.565603729376473	0.51213136449503
-0.512406514277876	0.383092409229091
-1.18653317114868	1.20415019507633
-0.587639122210416	0.425435542070413
-0.774797596745505	0.346403427121627
0.14169784841735	0.0679185776800922
-1.17143679472324	0.666916664569592
-0.146721799258105	0.0818531147014185
-1.25854224562422	1.17009646596989
-1.59833878505465	1.21173955228774
0.0863291041210506	0.060307969773128
-1.65624157365033	1.68572354490936
-0.714269414599127	0.625673195326445
0.157842081708395	0.0755331257011041
-0.274796846853353	0.171366222739998
-0.0501637980737493	0.0320881948218009
-0.52569641911451	0.507460314661139
-0.631629373160788	0.562812052334823
-0.528510789511083	0.205441902241372
-1.13238101744968	0.345367402292769
-0.0395950066454078	0.0254670355591415
-1.22823463561242	1.41620015073336
-0.338511026319061	0.0982184054411285
-0.408598579744079	0.174098316850991
-0.157437172908733	0.0568114310757206
0.149970903195637	0.065265876842915
-0.66470335382536	0.392213140290928
-0.109179448428099	0.0642249311980067
-1.32017442349341	0.81520960063133
0.163094953310193	0.0494223382636678
-0.623203514518812	0.152886975065438
0.292858661785311	0.198265434957409
0.344850670826379	0.171574256181173
0.169577227255396	0.0503177026549377
-0.978037348784816	0.492784892083756
-0.135163033417174	0.0749265727302202
-0.588774393672738	0.569843311168817
-0.915118300213416	0.749792978474606
0.402409258017538	0.314699062077159
0.314580153415911	0.212401475369234
0.177060474633682	0.114179626310372
-0.021928343919791	0.0103770731046176
-0.155902383431885	0.0570607367530945
-0.101807252243715	0.0409862275117373
-0.354878055378327	0.284688663380558
0.384276142733677	0.173559156956581
-0.559615762634224	0.350458202096466
-1.10211868304183	0.753024129296489
-2.08138274584727	0.958660141344507
-1.49102212986346	0.770422218818745
-0.413915999591002	0.175262696105096
-0.249600325072062	0.18306973679565
1.00631996618055	1.18972852547129
-1.49507374267587	0.77192939001309
-0.041535888259647	0.0267246932253616
-0.424923321502494	0.361753901465671
-0.850639612213002	1.07410279165179
-1.00206520260148	1.18060265479136
-0.287302840026592	0.235415702441238
-0.0550219482002279	0.0345110587019312
-1.13492041310201	0.349384486959602
0.384821590662758	0.174884875939072
-1.05769268889095	0.835593240222205
-0.581661733886569	0.421377405074928
-1.79522376365631	0.406159618358576
-0.397805791869607	0.169070006272473
-0.798805300571687	0.683133654884819
-0.583389341552321	0.425091600103984
-0.356777447540921	0.207849110027096
-0.40665431902092	0.173716593263974
-1.16867706242406	0.665203149311039
-0.802856752641783	0.528221088368916
-0.958489664523635	0.591538112737491
1.12995146828855	1.13505996579221
-1.17196392559525	0.663270268498073
-0.0681045989115816	0.0298139538658013
-0.104590329612916	0.0423595399149465
0.159299610193943	0.0967095525220952
0.5404116886464	0.311777322812748
-0.660751988689063	0.39089055926737
0.386350187402796	0.176347738857702
0.149822512433037	0.0515980643104733
-0.0304042572919432	0.01441158253198
-0.942548870085386	1.05646247813218
-1.09542391539232	0.741835411296731
-0.494712487865512	0.259565320453938
-1.21707581133731	1.40276205659238
-0.434090686633438	0.487837659907252
-0.718373396020054	0.623297804362164
-0.124784185081063	0.0978319100930973
-0.506229955009677	0.461173868905231
-0.413393210346737	0.412954572146614
0.186503782384358	0.137846818956844
0.163311686221074	0.0491766335657994
-0.607696872370356	0.494902946368114
-0.628447709775194	0.153171179772782
-1.51425919312654	0.549483381615373
0.160513802720551	0.102258486113658
0.0157786018823747	0.00857958378531348
-0.288363446662583	0.208919840792085
-1.33037060175874	0.839303302528819
-0.498474320171934	0.262943292912914
0.605539085573191	0.319706269008171
1.0886020565047	0.665795926879919
-0.583652992480241	0.424430343304981
-1.68351362006684	0.973221895854537
0.148114271096296	0.0576207920642664
0.789219985562983	0.612446636443692
1.77247217272393	1.35995527969784
-0.897599366186404	0.726872084685792
-1.13492041310201	0.349384486959602
0.600945199584089	0.31448054781532
-0.490272893232255	0.255795111935361
0.0101491834904663	0.00557514504679318
-0.724716701361779	0.253084880212333
-0.787144979684043	0.666525824216582
-1.35218151796504	1.07400890967124
0.0152350828262646	0.00823319324678309
-0.513488706669311	0.385007487277998
0.0450475707837883	0.0260036388859336
0.151241786312554	0.0907585713193892
-0.27010782765239	0.224551889241567
-0.889078129212928	0.814046386738805
0.181487230442038	0.133601513887179
-0.0921885326912743	0.0667362035214113
0.0993792012024902	0.0724008575831481
-0.718517588828812	0.686330758004452
0.259364381302725	0.211361578576494
-0.375041433574157	0.317415870543206
-0.221755533699252	0.0734151122801483
0.523594903770851	0.191054735130635
-1.03325215422487	0.415989175731178
-0.667107303953768	0.455866536786558
-0.0286705711761857	0.0135289367186542
0.314168884248015	0.18710408229772
-0.152669209386451	0.104024942518583
-0.23380970586895	0.149976285975889
-1.00006390530403	0.884688542074772
-0.609966842831359	0.297344613909476
-0.0635463920535368	0.0277975053684857
-0.327546547358687	0.149788680358609
-0.440292152614069	0.33648376174406
0.325456892352298	0.195867846190237
0.0290542178144038	0.016748724167913
0.169481058572328	0.0961610704983852
-0.382415297664697	0.298517340291906
-1.1412609968196	0.35088828313214
0.151914213431948	0.0657413809627806
-0.150731092427451	0.0552708638941148
-1.69073887344025	0.9721554495193
0.170907934848088	0.043117938222106
-0.129139891201663	0.0898807447553748
0.157426175550481	0.067540881916737
-1.58011427036848	1.4710469006464
-0.706859336274802	0.671435292715457
-0.336427307266361	0.23859868109224
0.119897522720206	0.0987282717691191
-0.271865080384971	0.222450202633271
-0.0941478299418499	0.0676953008241569
-0.392948751534829	0.370807288693471
0.265364472687565	0.223247823459616
-0.441789168919104	0.340117077101795
-0.459321000197026	0.423518238890457
-1.03978903438032	0.421120383022407
-0.155176577406178	0.0569095937853962
0.389481165491875	0.177172496146289
-0.0967814521612491	0.0391025954476972
-1.26660740193712	1.14979135916459
-0.798735425617466	0.441546911382241
-0.399090488436148	0.170073668796408
-0.924821274255943	0.673600793192863
0.165803697590273	0.0949513100276901
-1.47837887048341	1.03618602399731
1.26554376566769	0.708052176803747
-0.347343651948862	0.100521829573696
-0.46221845759483	0.303164312437116
-1.03578652505213	0.804065482273181
-0.0499236801159497	0.031103457409108
-0.286196579869974	0.203486092031161
0.688279292787039	0.592701046955421
-0.348086066221554	0.206302297713173
-0.330141748507645	0.196166781862289
-0.781538684678733	0.345193001112438
-0.624582031923329	0.153403426322781
0.148637143683965	0.0647084348912117
0.156634201293332	0.0476265114655575
0.521982205410082	0.18999785131124
-0.615855234074898	0.298922989452473
-1.29000041832197	1.38638254967349
-1.2859672469629	0.588393254424298
-1.83417151412162	1.16121727856494
0.159750489562787	0.0840459478517592
0.0505482976989856	0.030812158936607
-0.173027349474349	0.134509011508613
0.0746918127291962	0.0502116436066086
-0.788311985284588	0.900040983737468
0.0209742238372467	0.0149791831390885
-0.430133494586332	0.366733670450569
-3.07880362658843	0.963967696821091
-2.07014244905779	0.967632690775644
-0.0990154351992337	0.0400367073340722
-0.800059965786038	0.527883680370048
-1.68510584073476	0.982457596208955
-0.723310015883846	0.254344357266946
-1.51425919312654	0.549483381615373
-1.48563186778403	1.0341270835791
-0.329916785736149	0.229347606645881
-0.674530893993329	0.462692215373498
0.303400996691564	0.206520320900927
-0.958891222107647	0.592201865106131
0.327149341587503	0.19519031317653
-0.054053927748592	0.0237463966211068
-0.998850569584778	0.504197407027973
-0.609421573996344	0.295395205195079
0.325410135799715	0.177532871492087
0.00111782860929993	0.000436965682410582
0.135203879879896	0.0525829815589903
-0.459994899669817	0.304249164873729
-0.193291185473824	0.103612631230987
-0.922821990960222	0.659750505364054
2.75734920342264	0.799800653832186
-0.349006134070706	0.101786523630064
-0.113574120555006	0.0453192727752477
0.95292022183415	0.255029382628136
-0.0653293305664958	0.0284527750233243
-1.51940297937032	0.550464997835271
-0.898269650506044	0.825781891007307
-0.411975012951121	0.174483407827993
0.0759994965039034	0.0510648279632889
0.0695008713076033	0.0466570293756796
-0.309626594671828	0.25079702711069
-0.397663240353657	0.30926917336803
-0.0771720688968612	0.0469890446910822
0.634959190452969	0.650079162737081
0.178908414557056	0.131001834980364
-0.301396093607964	0.219779188938039
-0.221191405612695	0.186190630025479
-2.57393942994101	0.680804613621979
-0.153588102731952	0.0555286681775915
-0.413254844011543	0.173818583346877
-0.0632233778774067	0.0278042121906616
-1.34249981525217	0.842924354442454
-0.951699849526947	0.587677027841418
-2.64816244513919	1.65226526591336
2.36556078700243	1.18824213580541
1.56360986405764	0.793010187764851
0.151448376459612	0.0653181458500972
-0.694114421981278	0.475016695864707
0.0405299253280542	0.023382563033834
0.173109495003635	0.111841748784534
-0.661945496906508	0.388459236990965
0.001147276543051	0.00047118700437658
-0.223224030014746	0.0737859552848937
-1.48997931885631	0.773627456972547
-0.797164035493977	0.526758312660881
-0.247464514388541	0.122812595046995
-0.284849666502038	0.177430478879567
-0.330664984563184	0.196359447705925
1.04431701257112	0.400178346817432
0.150987968499307	0.0459422956002911
-3.09067833077447	0.953722139535711
0.527431899623247	0.192654585358379
-0.339689629328073	0.0991873938654728
-0.54212477039355	0.333791299749866
-1.56721657540012	1.46094641591899
0.49508152695474	0.43893133180105
-0.190112375331842	0.126666439063049
-1.24456173600285	1.61017554383494
-0.286916100053473	0.203919396393246
-0.33778679775382	0.26801297931695
0.888215643914379	0.89853873326562
-0.1599731344036	0.109291496754521
0.0680576551381402	0.0453448160381541
-0.15578212748442	0.106216140632006
-0.379190217285188	0.355021682057384
-0.257270279345859	0.127831726300191
-1.82608962166886	0.760023550642785
-1.02849046705274	0.419931822610547
0.158321872008447	0.03054890339565
0.669700188276656	0.216836591054402
1.82059094101477	0.721982498513414
-0.400339874419045	0.170786884464105
0.164164509697856	0.0416462564743448
-0.530937280824717	0.206881451169038
-1.33873434986115	0.839394828613471
-1.04754622609061	0.823164891896907
-0.495797629209335	0.260776689753514
-0.401659717340444	0.169831841376073
-3.753325756616	1.50774999821741
0.150068759594863	0.0513937163969403
-0.599964440369674	0.287384396730509
-0.314527763921968	0.145707404519845
-0.102651350998712	0.0598549244807401
-0.318110352102677	0.148129060035534
-0.298493653151848	0.217797409877425
-0.487061163132179	0.255682967190836
-0.557591575040422	0.35049794854934
-0.773489905113118	0.345369609584891
0.954295652698446	0.253211023347385
1.03634162491416	0.3991693364154
-0.351639245332709	0.102368245698131
1.5796917524422	0.784061478978276
0.157631418222578	0.0304971390385879
-0.524670111244902	0.201464510720097
-0.930974671386398	0.675631314249801
-0.540772541860616	0.338357966683641
0.159173380270254	0.0763659282599412
0.0314780474345731	0.0180800794253208
-0.246033429080734	0.123025880760605
-0.791890370832357	0.602459307172678
-0.858665455800982	0.910406898884491
-0.0567953515640857	0.0249611544161382
-1.16679447161985	1.00130420763504
-1.2110162801687	1.40202928477664
0.18328851394232	0.140177899087785
-0.618417224416092	0.50351145162903
0.291265065744303	0.18123689190444
-1.55446828766816	1.43887074299452
-0.790876748925313	0.428651734712439
-1.60856925108941	1.23302721698362
0.165674434882817	0.0422257308822068
2.1190890298778	0.969511778009989
-0.611219689914199	0.29639257413472
0.15921674927226	0.0483450021306231
-1.13492041310201	0.349384486959602
0.142470070524425	0.0554450529408985
1.22621736590547	1.17145729753708
0.137924384639589	0.059899749683941
0.959799459315461	0.638090852147684
-0.236505581576243	0.0771938246934028
-1.49713295825533	0.775816970206693
-0.996269649745287	0.497083945851542
-1.25551896835024	1.13102706363891
0.144278289878046	0.0558729809974475
-2.07691999930247	0.973664095812084
-0.510447653047466	0.38060824264555
-0.345882237788984	0.324188454274162
-0.084080100657796	0.0508330383963706
-0.30664569634663	0.223802527259087
-0.096734479000616	0.038659448115269
0.296748050781304	0.211331890876205
-3.07968455989498	0.963635125148535
0.661345980122341	0.211138174827968
0.143445720753174	0.0557160838352611
0.1588995276689	0.0306480879354901
0.182396715665047	0.117894333117969
-0.0227308972493621	0.0147476918268972
0.38808772422212	0.326761172759837
-0.236530797488568	0.153755328308547
0.798792784111838	0.616235668681599
-0.17813329988724	0.138888916521877
0.701024858608194	0.697922285028985
0.193649849767415	0.148403575279272
-0.320625354777738	0.282183598303979
-0.0563704194019299	0.0415274070093744
0.189948075807891	0.16345816497323
-0.204686556583781	0.169772890902856
-0.557583289866231	0.5001184871089
-0.104716887249909	0.0734679245810125
0.0368800737144723	0.0286167933798959
0.183433209661974	0.117939780095309
-0.892392166671004	0.815302787439897
-0.581323139747367	0.670790443225774
-0.614124678934893	0.634727304672684
-1.1412609968196	0.35088828313214
-1.79541110556836	0.406108159138969
0.167846042512584	0.0427707788849589
-0.720373042249908	0.25096406524236
-1.16320090675563	0.660558799872326
-1.5208643075246	0.552186247107342
0.155447957395554	0.0469498859464432
0.157056474373317	0.0303984095560313
-0.410134615359017	0.231548350647145
0.152230318137847	0.0526288187748188
-3.07880362658843	0.963967696821091
1.78979099985011	0.995931768343265
-0.622610123828604	0.299684223369688
0.450188998320742	0.420217992739942
1.14307458668668	1.28756589569557
0.961561707884066	0.929544038507597
0.598713662126471	0.313997946459841
0.1502236116069	0.0721032676604493
-0.54498460549763	0.343895396042232
-1.60589601832883	1.22177280509874
-0.798142210319348	0.610699285997183
-0.297369824943653	0.21667636441282
-0.0795456920113047	0.0482155144763152
-0.15323266514763	0.0865285379942847
-0.71458030984924	0.681692075754499
0.785310645808704	0.471282621290012
0.00550066026667365	0.00254563033185692
-0.281028305747172	0.201318663779263
-3.08381588002162	0.95918852957187
-0.733892568765604	0.254667815208945
-0.722131735316544	0.252143474448172
-0.576935618279209	0.415399586474714
0.164183583285687	0.110780775362823
0.466921856909082	0.312195608044526
-0.403910322078643	0.228965836743657
2.12208163687723	1.49241527511609
-0.577504379220844	0.410075954923926
0.100482516088695	0.0698738296067173
-0.94078226377111	0.677265147974652
0.27473580505029	0.225983949904137
0.296965220099747	0.229256262473261
-0.396786629807631	0.344189044642148
-1.28024969587419	1.52243284827579
0.0798549846193543	0.0553412877141332
0.19524262619167	0.138646552597657
-0.101324745522461	0.059234259219651
-0.303383564461455	0.221243061881848
0.0073423714786917	0.00412620269258856
-0.788645700824184	0.429166407970586
-1.03095658357986	1.13110165685235
-0.723500856948969	0.739329765053194
-0.222901125507273	0.07385839070143
-3.45947707291401	1.2418726498034
-2.57393942994101	0.680804613621979
-0.624582031923329	0.153403426322781
-1.02765165280788	0.415656971981192
-1.17328369638531	0.671526484374024
-1.99749724017507	1.40872454669417
-0.736974202582871	0.25698901940374
-0.624582031923329	0.153403426322781
1.4534970538007	0.487589009547808
1.44680138625654	0.481686443078168
0.350324992286081	0.175618011569053
-0.35424652274721	0.101699068262197
2.11260268209087	0.963178522665624
-0.493927005233093	0.261742626134863
-0.00316875539544285	0.00156021082995218
-0.193838900789729	0.103758509159984
0.314099915613809	0.185165349859266
0.150579757591757	0.0647961897730447
-0.494402435298068	0.261815549004288
-0.980931195203726	0.496641378418941
-0.551735052287455	0.347934349193834
-0.795229909495345	0.518026447743958
-0.191933132498703	0.128292905722923
-0.94802387154984	0.991032795411663
-0.152941763963407	0.0856373494097963
-0.272770190057239	0.170519268608712
-0.399052582749717	0.165648697578946
-0.0924942663552781	0.0562938173658342
-1.04298003415094	1.3535787728521
0.277856379253385	0.222114901948495
-0.391748934303433	0.341114422610551
-0.497148460589847	0.489892480743291
-0.483264236248157	0.409810948722358
0.481697664848841	0.441370775382799
-0.39040292551494	0.36608216855235
1.21254162311284	1.65093419062194
-0.485557823628098	0.408353973718921
-1.42218864512218	1.89251328643213
0.4965176416597	0.439936506800599
-1.10197925877772	1.05899040668542
-0.812581571150023	0.683517995111368
-0.701094604389123	0.892382079377033
-0.853046028382768	1.0239777434379
-0.672821869240085	0.6954708139533
-3.45549576669823	1.25034460620717
-1.03864870587511	0.418283951060013
-1.03439373371663	0.41922059845391
-1.52633186076186	0.546365949178753
-0.542163358965279	0.448766420451556
-0.342366844950387	0.0999187527730966
0.1500643212047	0.0518518782937859
-1.13492041310201	0.349384486959602
0.168395066223425	0.0502982738562411
0.14578809704916	0.0630904017830651
-0.953924137262964	0.590086430282412
1.0375701966935	1.07245876086466
0.145837129647114	0.050508335078259
-1.80012731460838	0.40572439661199
-0.724261839758342	0.252034414225576
0.313486699602145	0.184580722399357
-0.246164022510924	0.123647724489227
-0.351639245332709	0.102368245698131
-0.305165703538064	0.141085798245182
0.0012552397191018	0.000520238616143883
-1.04537132823385	0.823050076166788
-0.447083667072449	0.343770465374886
-0.0274521791743108	0.0127943075517415
-0.13865217453835	0.0775774258592422
-0.944184102141569	0.674511066141069
-0.462627020129207	0.302532960751667
-0.191101568008546	0.100374223623148
-0.325215880216333	0.191731727034323
-0.620503557122281	0.54946375273929
-0.462270247359529	0.307044198014117
0.999250368319628	0.796173402340264
0.451753341550595	0.322361186292969
-0.307102137968082	0.248443972457018
-0.703006384892013	0.660684796956993
0.377817301978445	0.31892466774537
-0.0703794513113746	0.0514415234569101
-0.0563456640471283	0.041938952229345
0.706170468130166	0.705648282121487
0.418769370903861	0.329855927254212
-0.144922996633297	0.0817145268625636
-0.590604314518873	0.576206566255897
0.834172128200857	1.13976060504485
0.591403755855838	0.435052008853332
-0.405489355726916	0.226239997346641
-0.0312659805546344	0.0148236950355585
-0.813396110412113	0.430146042424857
-0.731306141239577	0.257130066262645
-0.624872195318547	0.152004974277265
-0.342366844950387	0.0999187527730966
-1.51309151623221	0.544844714826084
-1.79541110556836	0.406108159138969
-0.0060773006844551	0.00302797962514663
-0.328494263080361	0.310716631733985
-0.141780309118784	0.0992838400314113
-0.488072855401161	0.475569537355501
0.143552854949838	0.0622321518539146
0.1588995276689	0.0306480879354901
1.04571393839951	0.402644709089383
-0.15821957159593	0.0580782796952436
-0.34219625580044	0.0980646877575467
-0.524401134131976	0.203663422455522
0.154863985111538	0.046749770246217
0.894856875486968	0.485358751277094
-0.150339776782556	0.0847148582304436
1.32535961029423	0.590134036817937
0.141192906646216	0.0548578024293243
0.14569794572577	0.0504060636924665
1.75759650148062	1.33981226084413
2.26624240099325	1.74555299561412
-0.727539282821169	0.251965799561326
-2.64000743060135	1.65359026841949
0.147080011885509	0.0710062935931662
0.3152818669407	0.201566477412896
-1.65147081546794	1.67654753519513
-0.191584674011339	0.102720604037769
-0.238827664889888	0.154709850401935
-0.0423117394496095	0.0196893503929097
-0.393737570292483	0.167638796641671
-1.34301461700279	1.08235122421205
-0.792298858145421	0.679211988885049
-0.267475359604557	0.165694440847435
-0.165398760388438	0.127994960609391
-0.295841372070717	0.215357802447649
0.496845543015456	0.311635812248395
-0.614163218707903	0.494089185964363
-1.19644837551362	1.2242398738942
-1.02890463832562	1.14599334135622
-0.0111479507672602	0.00739380510067475
-1.82118636292226	2.76118459801667
-0.351600845417827	0.3051317723638
-0.673284418596797	0.727914332456698
-0.954208612066156	1.00035398228538
-0.806605355239102	0.81456184216524
0.11915688391683	0.0898790140024684
0.694970834674629	0.687618462684705
0.0798226224031844	0.0556714185184274
0.452553038140452	0.325337159827316
-0.404105493703255	0.225999011776204
-0.104085245392243	0.041980675436062
-0.0427267168471898	0.0274633965907222
0.105173257855465	0.0759128756485538
-0.225045575133372	0.189586794906112
-0.255776664784805	0.204761446711142
-0.508031902748268	0.264472126742363
1.45203784523897	0.484281434940963
-0.221755533699252	0.0734151122801483
-1.12965913036419	0.345874034206289
0.948141792901091	0.250604857806815
-0.229722716539759	0.0759270068257283
-0.62578517099276	0.152177768086576
-1.52204266633328	0.552410388888373
-1.6888134250202	0.967189766533588
-0.353124736985482	0.283443507239474
-0.435812211570185	0.37217150477814
-0.566452255837808	0.511700633902053
-0.41275284023262	0.282443602983576
0.280914930861921	0.208282284884323
-0.484771136359264	0.411656029439607
-0.352824712262703	0.102155795737906
0.159429495883294	0.0480039803018655
-1.02734963908132	0.419609489752489
0.166394015894957	0.0421995715384941
-1.81697249352039	0.755161927952963
-0.773774748297677	0.346345835072774
1.55842195993321	0.787317172029354
0.170483429643535	0.110286753371617
0.889477294366632	0.48333470893364
0.164226724221899	0.0416602681945232
0.35365163462073	0.177212252977986
0.140138874640786	0.0724269341525374
-0.110284919832007	0.0644716645351184
1.78024631934968	1.0190746124371
-0.783252323341163	0.339404607660532
-0.0323018522370812	0.0151495093677067
0.57264724236752	0.451288144136757
-0.284325530463397	0.177307958430633
0.293844428858852	0.210492756152747
0.791311463752943	0.472790436420088
-0.495797629209335	0.260776689753514
-1.32195168940689	0.817133327091242
-0.79272327469656	0.603028709965449
-0.350454717877603	0.101552906153879
-0.530937280824717	0.206881451169038
-0.144404962290795	0.0809747154939264
-0.622228177450647	0.302438150335973
-0.577227737784029	0.522029172837196
0.82751525611656	0.850995982780117
1.22358482807408	1.56562115776293
0.29151502151889	0.217526176156787
0.337647199479686	0.185271389152757
-0.0562342656889955	0.0353016592134669
0.0772449809884445	0.0537259067446698
0.0974542633886251	0.070911622607484
-0.343761748439051	0.27444634153849
-1.35482969240731	1.34387253784678
-0.354503237189918	0.208190867974485
0.0540357410726136	0.0328890995085136
0.250511355491579	0.215842000129508
-0.0643097032191009	0.0402201722451041
-0.806233604788999	0.612112730772872
-1.27262068294474	1.37261052640105
-0.932717735700423	0.666834926198616
-0.362720695933445	0.290682196834364
0.288089360626378	0.231364224762423
-0.458596625000549	0.422903979300802
-0.534573177728481	0.442510602312194
-0.525747247337843	0.203116302300938
0.96055594466668	0.252218652307608
-0.0307379209754284	0.0145553551603426
-1.68005216606244	0.971308925372225
0.524609312149326	0.191455924196695
-1.13074478212004	0.3459795805111
-0.235373905740827	0.116311602892067
-0.19716676220193	0.105179644361874
-0.0787472472737352	0.0477192562950783
0.70230118676377	0.698754635619096
-0.596930954052715	0.61566553905884
-0.0549284898753292	0.0342497295807234
-1.56709371903589	2.02650887473332
-1.09851840495242	0.742992916996284
0.153330488140151	0.0297415921897382
-0.216678247123947	0.0709215073405774
-0.342366844950387	0.0999187527730966
0.166760634916841	0.0427859605507963
-0.152027874499813	0.0556812356537209
0.815498351121805	0.351034974904088
-1.59833878505465	1.21173955228774
-0.789981712391931	0.428516239471262
0.157448162216912	0.082818282858068
0.163929257014708	0.0859950474929227
3.92874288694813	1.75035531053454
-1.13345886337206	0.34828321496857
1.07974619147712	0.667229098444018
0.314967290791809	0.201268850567099
-0.21782126076243	0.0717238674753132
-0.720927104825214	0.248192158412585
0.15281457847905	0.0661031141000901
0.410744475168812	0.322280217036142
-0.266267236729365	0.164510325152991
-0.576371919568655	0.409936923101494
0.0192128739183594	0.01024609329258
-0.403295360952404	0.171123840792018
-0.647844791940218	0.376575660229646
0.412626656299577	0.307110698106181
-0.0242126658285796	0.0114557537779469
0.539172875105278	0.438796855173701
-0.605818530137428	0.295281497227371
1.44938700957171	1.60780354500803
-0.437924966727818	0.375351831175647
0.650887294833837	0.685067065453209
0.861427990986278	0.627485203445417
0.42061962980046	0.316230385554458
-0.474044557081763	0.438168725824966
-0.600016519661738	0.579458513481482
-0.892936368227571	0.820916604236365
-1.06611640042594	1.10857169397169
0.158378391396065	0.0957764432981419
-0.292626365430165	0.211218318571492
-0.253612192559102	0.184986564757645
-0.116651657887274	0.0685839597606765
0.0350484772136384	0.0202193506280514
-0.420755588011678	0.356464587021466
-0.717463722495137	0.684942123873713
-0.515302863046437	0.388664378266349
-0.665826045581716	0.679029394322022
0.0609302600192726	0.0391784497093601
-0.45331502700487	0.350489078852964
0.555984527262573	0.629957414789888
0.525601197497364	0.519497308658277
-0.723272150617941	0.628481032428742
0.604946675938653	0.445920954198115
0.334739830221431	0.182629985779894
-0.00339872342151915	0.00172828349639163
-1.13238101744968	0.345367402292769
-0.685205870063028	0.537253944256865
-0.347155565709045	0.246543750904802
-0.242668340332452	0.201225358968674
0.7271614752212	0.598614068270094
0.446391505355076	0.430582664567417
-0.327122225832702	0.266309478862598
-0.279500699973177	0.175006098172997
-0.192712281041559	0.12894800188462
-0.91020732976637	0.822249181309154
0.0204895363680212	0.0109920958392669
-1.83618602015464	0.744123340429801
0.148009607409806	0.0508661285145361
1.08918486184116	0.655355135326056
1.8219271179281	0.726018448121517
-0.0585881260780501	0.0257772170695736
0.160068581562169	0.091570125810005
-0.705440684564982	0.609712818931922
0.167895482401114	0.117369063317536
-1.1750672099953	0.667869758785186
0.154863985111538	0.046749770246217
-0.228575803073719	0.0755878378969254
-0.0343709303450805	0.0161377843155024
0.180153882035113	0.12685927209456
-0.395991800617787	0.168840395606477
-2.08499320438065	0.94690969239
0.168784487809435	0.107691944521429
0.285987972470635	0.203757884681248
-0.146135680924137	0.0814224191387764
-0.497141333788721	0.262511633184996
-0.688885449408923	0.539338925896842
-0.667410994440185	0.391242077660458
0.0315674505247774	0.0182588884205308
-1.04814523754465	0.829067097034784
0.306502900352563	0.205287445445
-0.609750491500404	0.493406157593437
0.0518838257900907	0.0328877373825511
-0.401994569228784	0.315102075312678
-0.236916556997043	0.153417878147864
0.675303916742127	0.686867776971056
0.673610522196608	0.57396232140495
0.849011066812558	0.612071914177719
-0.383879134549868	0.385205547149529
-0.2491175842145	0.12380512750762
0.160445960689269	0.102270010567882
0.0418609175188442	0.0240256437705496
0.317069493569061	0.200885150162556
0.0211806542572376	0.0113447517953285
1.58522090273096	1.67245424617003
0.00118132399937915	0.000661915430230285
-0.189608365501642	0.100707519619337
-0.10552008315132	0.0426262885060725
0.149853105967217	0.0649478893208599
0.169193974563423	0.0958435954990762
-0.63919186725692	0.614261146295856
0.963396171368704	0.643936997954019
0.512761992578149	0.438204016158661
0.747278830181412	0.722839298736967
-0.297050316319782	0.214534511803526
0.192947948169338	0.156704851572845
-1.194361709711	1.21426652381191
0.612510585430773	0.458147486990289
-0.778919093445955	0.349025831228475
-0.0255832497012493	0.0121270450468336
-0.507076982290744	0.374740303173332
-0.175935707142395	0.120330563762508
-0.790253941340486	0.798911486405355
0.0843943629105219	0.0591294950059153
0.167111912503766	0.102222637668459
-0.327177328096064	0.192232188377516
-0.270210575478984	0.244338558523204
-0.130378780699181	0.0904101513708456
-1.25948873969848	1.14530324345824
0.786813453896542	0.469182263255177
-0.581691224416877	0.417926441519794
0.159702028937181	0.084000657224264
-1.0485820355225	0.823552137762219
-1.01495997233553	0.908514164065745
0.907800963020685	0.774789484719122
-0.982852729726691	0.952164442052966
0.783201536250761	0.612312432303622
-0.558661895233336	0.347351324599897
-0.268304258174265	0.166489043558877
-0.641479975992257	0.570443850371878
-0.0681683671373475	0.0425946939809706
0.175075982733487	0.107083083324841
-0.398543966634002	0.22424383797517
0.735462232471257	0.609484118487694
-0.910726257874131	0.749416243639848
-0.194690600191501	0.128093893172864
-0.00142085454331029	0.00078027413141816
-0.0954763974352959	0.0385184353113694
0.601559475846798	0.316680161366068
-1.92498231857673	1.82468620425542
0.178365200131315	0.183998215018609
-0.153774720535611	0.146921093516195
0.325312443031884	0.439313509625601
0.0228484678680519	0.0197418947828502
0.300183951185133	0.358451463176227
0.902502009554824	1.52635147038205
-0.864516685132183	0.985068815541647
-0.206593947887165	0.191059741645746
-1.09276133574827	1.26257063054469
-0.320819476214348	0.187868736084769
-0.0458371713827831	0.0502196839695501
-0.20696461570526	0.107467255683697
0.726953698388917	0.600713907427584
-0.577872172198005	0.412128497984732
-0.679442554391239	0.470746568250992
0.779242670282493	0.822842600590489
0.164470555511526	0.0864735141967148
-0.0630163153652886	0.0274730023972786
0.0791703209727869	0.0548980497305331
-0.296339704391194	0.342697443249431
-0.488494906722198	0.413978995118157
-0.331183294971272	0.231300517549728
0.713666042778007	0.464585753078006
1.61016014579646	1.12554738915833
0.355862801893773	0.17852794265263
-0.784368942795441	0.506796388729116
0.774539982323965	0.576611698917297
-0.27253937232352	0.170029293177744
0.704262934055606	0.800240637253748
0.0818375625195906	0.0726199338767612
0.273878634875319	0.219306960406058
-0.968561770682732	1.26143806369228
-0.0339261387529295	0.0221047142778438
-0.31354209462286	0.276402066452749
-0.390136382096077	0.394525421193728
-0.544428266933187	0.340634204705586
-0.386085120179653	0.362157624363298
-0.257353985867298	0.187506739121463
-0.0679621214268775	0.0565350183118814
0.287880807205463	0.222890539426136
0.552095416828957	0.318400231931391
1.23008255681107	1.17832084331732
1.70719692966629	2.2794260336305
0.571519036445661	0.445644112350244
0.307236962487452	0.218836438824613
-0.177296847125226	0.121165683885496
0.538091375486536	0.615130221201995
-0.844979187520444	1.34777305590667
-0.722770362008215	0.784745821484541
-0.234516320820823	0.197660926945345
-0.0398816826110288	0.0302897943953265
-0.336538364828742	0.333129970650907
0.803988588941564	0.951686338731316
0.795239286107132	0.733369965627374
-0.454609570349719	0.4507385892463
0.868631988123806	1.32630527791186
-0.159057118625598	0.108314557789347
-0.310866769584908	0.252942931795853
0.061817466913944	0.039754208780493
0.0273859073460035	0.0232746279475042
0.798904617971022	1.1048749180501
-0.0860454281090438	0.0524585473629061
-1.16491959003456	0.998255228779424
-0.65671142811981	0.387259286174994
-0.982110647579769	0.49530556931458
-1.98455028681943	1.38804846637962
-0.0341744967705317	0.0160458256844562
-0.0594947759017596	0.0261417215575998
-0.086094033164496	0.0524053090036994
1.04452468216074	0.398388196027822
0.146923762007403	0.0508196417525894
-0.103576098350766	0.0606820507295681
-0.231761467988808	0.174337074487845
-0.150674187199182	0.0849706601958203
-0.127854941028474	0.0881961157482247
-1.07463958130483	1.33426688429582
-0.190367801155205	0.126886258235444
-0.399596519605918	0.224762027392955
-0.796609512269497	0.679010983672615
0.160920535015628	0.0842668760654197
-0.234925173656813	0.116636566655047
0.423248830926957	0.318149863044795
-0.593193313300918	0.427414229819017
0.295967451281951	0.200991716295023
0.350837416135736	0.175564603537079
0.00522827438324658	0.00241380130138642
-0.113806585088521	0.0669612589927437
0.299130001846367	0.213293647713207
0.158478487112983	0.0825051415856065
0.470970513005602	0.316234694579616
-0.95693442164094	0.998595330796455
-0.466576136360897	0.306819277901933
0.0723712726649878	0.0464774863786526
0.0629674435127958	0.0405249896171259
-0.677629393119254	0.472339007278687
-1.4751479141425	1.03367595678852
-0.953527324719288	0.583722456392149
1.45461172869713	0.491065821848087
-3.7585100556677	1.50161254618166
-1.47885824455601	1.03256205993176
-0.851008554688645	0.9528916433425
-0.140329786541094	0.0783290484214593
-0.391815469066281	0.338174658993407
-0.243994787806034	0.201391396101566
-0.431514464943686	0.364485799660924
-0.175587557022875	0.119578089857645
0.519523818316102	0.445974539490944
0.607098351464668	0.451627513677146
-0.524252707979673	0.204085170600417
1.0690982543733	0.523983310811942
-1.51279643757503	0.547771213649107
0.688588989186597	0.329918803167546
-1.25111656863437	1.14799695645687
0.328981326420176	0.196970931186712
-0.104826688132408	0.0418100237199983
-0.492114126616855	0.362559430845604
0.159495984890574	0.0899980815457064
-0.613071741574674	0.298382997573759
-1.02849046705274	0.419931822610547
-0.108019140573194	0.0631750152042619
-1.43505219641012	1.71799129847513
0.145572833410173	0.0563319648036502
0.143514364966717	0.0486361265888356
1.39707812950571	1.07406679929981
-0.0345417305592868	0.016141635028021
-0.343816891455429	0.0996962776646578
-0.0393255443466606	0.0182542033378972
0.465543784725584	0.313450001685679
0.36125818229432	0.182603969313043
-1.15301533957152	0.97995032094667
-1.36691714317185	1.54187131332846
0.377579765767747	0.327563740751042
0.377879048878424	0.318025979756104
-0.345542526486887	0.205269523507883
-0.250071062645703	0.124376996775351
0.746559388698509	0.725000342366968
0.613068644286344	0.567544508126639
1.05212600218112	1.09525416388558
0.151121339053745	0.0792351947458473
0.148548384434432	0.0777615685382659
0.021664343592354	0.0116898093787468
-0.294378749717432	0.214443582365364
-1.03303455705095	1.15771852868182
1.35426815716773	1.19528780363334
1.23788554681086	1.01993487475563
0.0811076337840303	0.0566543441183256
-0.31404988439176	0.254832051499027
0.536049133559249	0.43941038436607
-0.49445266925743	0.257719003249511
0.14605644861433	0.0505224990642865
-1.69136686096976	0.976701674091964
-0.619634069394611	0.151716324023864
-0.226067534394568	0.0743178756022403
-0.999588135811582	0.884670814518708
-0.801094870743682	0.688450558857034
-2.07805768838125	0.973913682864122
-0.103152862860473	0.0415929454699209
-0.685823449913529	0.53677660637515
0.0759994965039034	0.0510648279632889
0.0195121636634197	0.0104168298515692
-0.78057637569226	0.719685275908538
-0.68112582236115	0.470637594460324
0.148443114711005	0.0717088744345876
-1.81672391556845	0.755139764558434
-0.159523283512501	0.058068610189777
-0.527431417964659	0.203758571862499
-0.409071253673367	0.231390777229782
0.167234769967567	0.0956115892914153
-0.403295360952404	0.171123840792018
0.139171972908913	0.0481781540681678
-0.328449005988843	0.150387021574623
-0.342457048089038	0.271790412006082
-1.47849587428309	1.01763154149724
-1.51396593073936	0.54893460092185
-2.63701380313787	1.64767601125439
-0.346167140140093	0.100935083264355
0.353531909964521	0.178766108014227
-1.139798321011	0.349782272227464
-0.00692600025136755	0.00344104066861575
0.151556975622098	0.0728613656085322
-0.701715758622502	0.551304650450278
-0.162452618914238	0.110827419053042
-0.652652987144644	0.382480892138462
-0.234370691059349	0.17670106479663
-1.27006779094394	1.16914165600581
-0.947301329237496	0.988310016778588
-0.906714255316091	0.753345135103218
0.157975175079358	0.0953157254639173
-0.272739519083511	0.166658303738715
0.0205967469477711	0.0110447402494466
-0.123970969676551	0.0855890916217914
0.316991563540891	0.18853797129547
0.78369197856312	0.73208850688891
-0.786471473418552	0.593261522975468
0.460692910700393	0.308093517527453
-0.251056805105252	0.18527779898405
0.683810765990329	0.592438067877409
-1.35179239114242	1.53886957584018
-0.347852164789034	0.278321285770763
-1.34723351591923	1.87024128233915
-0.405177809890923	0.278174453960111
0.605986896292781	0.3153778706948
-0.519762353787516	0.200048899292904
-0.722963972614807	0.250154165661167
-1.81398610755111	0.750093739397359
-0.62982953293132	0.153685936034785
-0.719426085672194	0.251004789565613
-0.0323018522370812	0.0151495093677067
-0.144109419901757	0.0811507051247808
-1.0371231932425	0.813560391341106
-0.0115880660224261	0.00567885674737254
-0.618209327626727	0.29368429995308
-1.48691192314698	0.767213175502713
-0.22458825905564	0.0738605087191762
-1.80012731460838	0.40572439661199
-0.802001557757813	0.528442547817415
-0.267734076628604	0.165366167573737
-0.630408089700421	0.5630734670109
-0.385153470244096	0.301654570179416
-0.994663499034164	0.501581634461356
-0.338232313416877	0.0987458905293902
0.158846233488997	0.0837918035832008
0.166219873280428	0.106316103486188
0.0159140289218992	0.011379376170748
0.158357408502069	0.0833262669651732
-0.617214662001483	0.302128791616088
-1.13718244779586	1.25096700735056
-0.0454244014660349	0.0291986208358878
0.292700364408296	0.23462755050803
-0.463461994174136	0.303389351065841
-0.80171518866969	0.689182532230967
0.561315059299048	0.441802918008507
0.611670589758601	0.457517943320457
-0.798128065972297	0.601306321817287
-0.0113029452910011	0.0055374611349131
0.656793199977037	0.458005238118829
0.326162626613412	0.194225954341479
0.60793317353546	0.559968079723481
-0.116544881541669	0.0825343151968116
1.07550379629764	1.23665224212043
0.164743215499689	0.115777772419847
0.387001743805487	0.327478565950551
0.162365165593658	0.0981960997797227
0.318958818041834	0.188556529481913
-0.730123386031477	0.256802322226565
-0.719194001735348	0.251086827288541
-0.736974202582871	0.25698901940374
-1.13238101744968	0.345367402292769
-1.20895041531167	1.38755382340611
-0.780222385383906	0.350064605644818
1.06141182246186	0.515959943770696
0.831362781193353	0.733228757681827
-0.492956642595205	0.258698473279103
-0.729887701984783	0.796651612380561
-0.185863086552733	0.123639391994115
-0.577156618902847	0.416297831158134
-0.524401134131976	0.203663422455522
-1.5154277743567	0.550652304944458
-1.5205822622307	0.550689829164133
0.1502236116069	0.0721032676604493
-0.718248637886495	0.248855604025161
1.05739250525133	0.522020826016938
-0.658514062827539	0.390640002430124
-1.04761357199386	1.06317239853226
1.2608010982397	0.699805085514176
-0.312510602887626	0.143437462569318
-0.649058339828041	0.382218949112789
-0.403910322078643	0.228965836743657
0.35210318577096	0.176517960592462
-1.80012731460838	0.40572439661199
-1.9798368731612	1.3733688419859
-1.34779793747009	1.10140619813285
-0.56118318462928	0.464168424975563
-1.24053292544927	0.919654932567417
-0.439674424086735	0.376549283714608
-0.802758701944473	0.68568502900751
-0.629146281614177	0.593229317480442
0.547154019299689	0.313992009539022
1.22660148460052	1.00619176695721
0.453387845663776	0.433888170596156
-1.62876812494959	2.2176650030629
-0.808627591444465	0.525489993390673
-0.232045711260523	0.150400465863624
-0.203870675252113	0.107297869532576
-0.338357399891821	0.20106563765615
1.24229984678278	1.1955388313828
-0.0199175456671504	0.0129768092130892
-0.0309821052499688	0.0198506185414613
-0.398615208535591	0.27389711114327
-0.805118729553386	0.810884950156326
0.566060852742719	0.443981226096589
-0.589343137166608	0.426412045375447
-0.443695148078973	0.341830084899571
0.777528182268744	0.597904113583685
-1.03279141777036	0.417914440602884
-2.57450915234243	0.686119713628322
-1.09763789693588	0.744725339160652
1.03395964520782	0.397385011005584
-0.779482358873567	0.346278490161475
-1.15385798773853	0.984494477085164
-0.903580911442416	0.749069182529731
0.147035556764615	0.0508245783399546
-0.794915591289788	0.436176015756917
0.141493790786818	0.0550477805246781
-0.0255642936114985	0.0121383850366808
-0.694012245421179	0.544965783001447
-0.980642105260018	0.950489545002227
0.000724334167477014	0.000261470827050887
-0.11040300185585	0.0444760204878545
-2.47086303783826	1.40033330581247
-0.249325912512765	0.124711010808627
-0.0443867116434025	0.0205406014711862
-0.106863850735119	0.0430512195381685
-0.318650423120394	0.147634879546275
0.954295652698446	0.253211023347385
-0.14203700442886	0.0515994048174538
0.684534862790765	0.326199707602974
0.146206583568132	0.0704909777204752
0.150987968499307	0.0459422956002911
-0.6044442953566	0.288308446126326
0.446580291622268	0.180898722485786
0.965181545872697	0.642456458280902
0.794592863818354	0.619009769756603
1.06401084594047	0.530069212232045
-0.674385530551396	0.465548287852765
-0.949669870961947	0.579157377850429
0.386714485169665	0.177075570399948
-0.494295442831684	0.258936101019743
-3.4678529199157	1.23374639672668
-1.04717452433811	0.816457814617636
-0.404088877477541	0.172300735136295
-0.0699647145598626	0.0306147841918201
-0.950621327877569	0.578605295322644
-0.487528343543058	0.256476702305278
-1.55759958908876	1.44893713798063
-0.00280682704889946	0.00191652825780375
0.0596134896795013	0.0397147989387596
-0.432104242295411	0.432738398148901
-0.587887149499836	0.573810239709358
-0.496716817029585	0.261024486114061
0.149085757624738	0.0580193309004684
0.00441421957372213	0.0027739376471197
0.504840450241012	0.427487483018418
0.753373710433424	0.904351079345995
0.788106617152819	0.608779225040618
-0.929083545713077	1.03037910482091
0.263416187035297	0.223123276864606
-0.163515943754138	0.124975726414932
0.78294702812627	0.601775093729477
2.35332561110829	1.20318471800451
-0.719194001735348	0.251086827288541
-2.47597365727053	1.41649919681167
-3.07880362658843	0.963967696821091
-1.82049553786231	0.755751724984709
-1.49611724693709	0.774678696534256
-1.80012731460838	0.40572439661199
-0.725896158891892	0.253805951910148
-0.652742550444794	0.386986862175698
1.00226727464681	0.807697826283797
-0.524484670459514	0.202274347007164
-0.333369421867462	0.19721483541732
-0.659244827350782	0.679844407330025
-0.349090738526678	0.279500841843296
0.0548977458456783	0.0336690822128732
-0.328570319796628	0.229998391537697
-0.581445102235242	0.421834267121255
-0.239127949190139	0.181022296055736
0.0875435466945049	0.0609210078502806
0.732484498031941	0.60613873234095
1.10132741863208	0.828263964214662
1.32408622016051	0.591171799858832
-0.733892568765604	0.254667815208945
-1.22790931752525	0.911433091633341
0.359473106712392	0.180810638142721
0.147952947503881	0.071398732039174
-0.330991000142556	0.19396577797051
-0.624872195318547	0.152004974277265
-0.99160532010116	0.505778587229041
-0.246104407268983	0.122387679137101
0.17932954306599	0.127020499297018
3.93272691418558	1.75618274206341
-0.344718928168882	0.101170101330633
0.33678177207834	0.183212177894872
0.031703378990238	0.0166651442358031
0.593565276538593	0.308233881696942
0.145780845728457	0.0698102470280941
-0.935175472395001	0.678195184946991
0.467839523098966	0.330540907071608
0.454078473219702	0.32108091192384
-0.401632594330197	0.223748905482726
-0.772752584084013	0.345638417777207
-0.226716896696532	0.146141621061954
-0.0542578350487966	0.0340555960466674
0.543124562541386	0.313847176932152
-0.497595321595637	0.262258692026379
-0.610895513519982	0.297752930337381
-0.673211197732158	0.46330763552728
-1.74280976938658	1.85540188811957
-1.04901334260296	1.063812635609
-0.957729277978742	1.00174655586137
-0.549952101021719	0.540891663822552
-0.350255260384568	0.279593250456307
0.0273101755995289	0.0146174877778487
-0.274199437648301	0.171448253595386
0.0622517581165189	0.0415588411290062
-0.392745334773887	0.268249998157881
-0.451657813699112	0.294236730412021
0.790424395731013	0.471881720424233
-0.930713399325753	0.677732641701008
1.03062885979283	0.964481272397389
-0.281498184937174	0.230704046683738
-0.342601878751927	0.273730205802588
-0.502044560457722	0.262896283754008
-0.682376241979249	0.566525508199621
-0.886338253666971	0.886877242064636
-0.793336725895364	0.606389133819718
-0.0639979674498003	0.0279513084160638
0.679211942715075	0.322720793319865
-0.343542423818443	0.10090975164114
-1.13492041310201	0.349384486959602
-0.624582031923329	0.153403426322781
-3.07880362658843	0.963967696821091
0.159003857627083	0.0480265128738231
-0.229939398443748	0.0755200119244061
0.334190602887716	0.185074917513806
-0.319550758316833	0.148035877723405
-0.525478080321758	0.204331560252006
-0.0400588784779259	0.0186286099490499
-0.339689629328073	0.0991873938654728
-0.401975592905748	0.226902567618339
-0.0768451169912958	0.03295646400942
-0.0582939314042378	0.0364822684402391
-0.0712415888715422	0.043000288486061
0.609319116028056	0.563259077273091
0.148443114711005	0.0717088744345876
-0.162579957547925	0.111510767935562
-0.0603749504561979	0.0262601951206396
-1.28517636565071	0.583892824663939
-1.12857426265837	0.342992598242117
-1.12965913036419	0.345874034206289
-0.804181665522681	0.61174057988153
-1.33418826456482	0.848307610999516
-0.344447158055429	0.0995152480238567
-0.342366844950387	0.0999187527730966
0.673553513601153	0.218109822226041
-0.0409231391045266	0.0190692116518318
-0.0608021948587106	0.0267041273360175
-0.0859658046045493	0.051868650951682
-0.10872641036116	0.0438528865909718
-0.153238647140562	0.0860783450487068
-0.49115220156058	0.256616607619424
-0.498483784770797	0.263510307702279
0.600381801701785	0.314664057881441
1.57738961560075	0.788984787259289
-0.716838691308628	0.24822899409895
0.161142768826378	0.0680310522164754
-0.480098940952923	0.243698698799352
-1.3364344688169	0.851629353982717
-0.650854193556986	0.385866944924582
-0.380215382645907	0.351278263919024
-0.15959642612308	0.123129356389065
-0.0216375564146494	0.0142273652840569
-1.04081718850259	1.15899403819964
-0.588455859423241	0.526661839415479
-0.397609704936279	0.374560320136979
-0.536254473149154	0.442072019715132
0.579968682412235	0.618714763335235
0.431062712605291	0.325612961697061
-1.09166201320283	1.3491679523311
-0.235121720142485	0.152998236782859
-1.61970374323513	1.23388379554577
-0.45792198824125	0.302457376029647
-0.904975664619433	0.740239965565621
-0.275302968302789	0.17178825201346
-0.898545071965103	0.725167991940896
-0.436597996240251	0.408632855436723
0.0720217563327357	0.0497667638108766
0.0191806132996709	0.01028421307341
-0.102732516759253	0.0415613264455241
-1.03302388557896	0.421793611703792
-0.722963972614807	0.250154165661167
-1.13238101744968	0.345367402292769
-1.13599688789171	0.349486711323194
-0.35137798744179	0.102393082124341
-0.342091382580869	0.0996589886024872
0.170541995167361	0.0433725109405701
0.167846042512584	0.0427707788849589
-3.08560892508393	0.959287165776606
-1.27865584514196	0.584961465752574
-0.443527453741685	0.340071470312552
-0.44092845586682	0.338767236898495
-2.28602353305835	1.18708996343768
-0.693618487022335	0.547029512997789
-0.381394791811473	0.322981399956702
-1.80012731460838	0.40572439661199
-4.22771230648172	2.01602370195358
0.141817300323063	0.0551396791983983
-1.16781048469993	0.662431108275816
-1.44234700800718	1.23744137005522
-1.3676573461665	1.34334238562676
1.08197600508373	0.671805047482294
-0.333701486359563	0.197341819888854
-0.243927007218507	0.122551172889955
-0.0960261688415901	0.0385972992694118
0.593914064370903	0.307579691650838
-0.620531475305306	0.150785249491411
-0.071300483055964	0.0311792331292313
0.152489836004519	0.052740500279662
-0.121845075699979	0.096370108879653
-0.380561603243536	0.294698069603442
-0.685547623630717	0.794477458783876
0.424053573197378	0.319014895191778
-0.797334668494658	0.860733575419744
0.182628168952741	0.139699029671845
0.638454975693724	0.570943475272814
-0.144530718853483	0.113487368557022
0.106868311939636	0.082533112019828
0.0341006453695088	0.0251121568342175
-0.431178514551468	0.450272345725579
-0.256235186912914	0.190368035987152
-0.701955879130175	0.652657347851163
-2.6494719838307	1.65704957610613
-0.338511026319061	0.0982184054411285
0.656081819038325	0.208379304495248
1.96025897070573	0.471212877436839
1.325541173279	0.596317804415036
-0.624582031923329	0.153403426322781
-0.128621222826449	0.10201107351435
0.144420742238617	0.0557400355711829
0.164226724221899	0.0416602681945232
-0.768390647702962	0.343134946307021
-0.19716676220193	0.105179644361874
-0.593023200589957	0.609455625325577
-0.101088692540668	0.0587630468248106
-1.0083450056904	0.894439768600411
0.164470555511526	0.0864735141967148
-0.954246369864918	0.58394769420943
0.155577045731261	0.081479125467853
-0.934900021782728	0.677846073155805
1.82073728246914	0.724274882905695
0.508388044196168	0.314627966092742
0.799145871733303	0.619744008242764
-1.73179636468337	1.4180792994065
-1.49874044389978	0.778455311524854
-0.923664740943409	0.661860997745698
-1.27798020801158	0.587966405772343
-0.334607171828691	0.235151014873984
-0.228918303106761	0.169830538767893
-0.697411006661967	0.54929642931298
-1.19040251272282	1.20078900650974
-0.0104566982459544	0.00694313705556437
1.47231712542278	1.45478402507335
-0.29726929976914	0.2391804787311
0.622528154801535	0.579988092616133
-0.306734597843953	0.222756729837937
0.538196902121755	0.444488832036016
-0.39815047809882	0.346868530620112
-0.301120487947893	0.242868281384845
-0.955189048506766	0.579793361100304
-0.763290989357201	0.335161677012573
-0.731525616406812	0.255525096859232
-0.722131735316544	0.252143474448172
-1.79541110556836	0.406108159138969
-0.731525616406812	0.255525096859232
-1.68284049756184	0.971040289110175
-0.111273890002437	0.0789644793002946
-0.0130321696439222	0.00861313955503324
-0.597589895571525	0.284386756091053
-0.556180693208499	0.349568960697782
-0.244294230838379	0.122784005473751
-1.17737940076412	0.670803125177491
-0.469302387474758	0.306219091770053
-1.34784107656086	1.09357679151498
-0.677881153904465	0.473317656698683
0.149970903195637	0.065265876842915
0.652391417533402	0.460188766847255
0.8210515671363	0.35090414072359
0.54713264332768	0.315887488810836
0.689321597083409	0.324133920530548
0.992847234170998	0.786910709267514
-0.589013410576093	0.428581604784483
-0.992573404614983	0.505703885908064
-2.12596419723763	1.60268005008682
-1.22911706520929	0.920678324387362
-1.69163476119507	0.959489576018404
-0.0494292446514128	0.0316358872629999
-1.02734963908132	0.419609489752489
-0.0300525483064234	0.0196519128830444
-0.845280919524122	0.946140495990564
0.972019494184845	1.03228266997768
-0.734861646556034	0.69314648366063
-0.404633553011844	0.225198971477941
0.0844085825550025	0.0590210315107725
-0.275671512901468	0.226755245491658
0.379770307796172	0.315187695074425
-0.0256798307743477	0.0168193336686884
-0.034991585066419	0.0223814566799968
-0.550383195112635	0.488698392689366
-0.405263815871636	0.279098626101752
0.176637505226805	0.124958048262937
0.190565353327927	0.159409692304614
-0.331107744679791	0.197929905983757
-0.401307165700661	0.171557584514759
-0.519182389064896	0.20022512922475
-0.522938609184387	0.203337039703685
-0.061388491509595	0.0269950533972654
-0.991928365674222	0.501235694208886
-0.391238157318898	0.263761619294115
0.130776813278539	0.113241929578107
0.0319372719853895	0.0241890889627308
-0.390594577673072	0.307127025339261
-1.04285607873951	0.819707403725449
-1.49001088684958	0.763921308377899
-0.0184951843481279	0.00884745287525692
-0.192104444495903	0.101719321655901
0.0393578753609412	0.0238385988982411
1.56519910944153	0.791620042971659
-0.467736967048819	0.387952576614115
-1.3522687340275	1.55091588586102
-0.55027951870142	0.345819450509592
-0.795132787022622	0.517943363754364
-0.183495230549912	0.0975396924889923
1.95397197278871	1.23427302528015
-0.496157944779727	0.262273072035715
-1.16701299725459	1.00051630086388
-0.935453502018414	0.676270914529889
-0.682299873009322	0.474022748757144
-0.649230034326243	0.378261327893881
-0.0549324392000638	0.0241101131830825
-0.501563976546634	0.376478543442747
-1.20035339680243	1.61664885869222
-0.510389915417726	0.384907314244631
-0.555415941928289	0.349219959904562
-0.388573623121175	0.265258563608118
0.00577357338443989	0.00265994235600409
0.0163833241437893	0.00876991062759873
0.915127090166813	1.01136451026817
0.0714433910380823	0.047953765944621
-0.342506169614015	0.241562211189173
-0.267964437272853	0.165980959376582
-0.653607015693663	0.38835109898306
-1.23541569545473	0.90192563427044
-1.82794229325279	0.748270130099481
-0.706767990091193	0.669039732769084
-0.414438386971758	0.233318965902396
-0.350624974780705	0.247352240730941
-0.625485105934479	0.723254061616634
0.182470061143971	0.129795151038464
-0.361358698258316	0.343451012917513
-0.513883572024028	0.387046586703338
-0.185738500845963	0.0976797854368696
0.316916779733661	0.203264550062248
-0.00969627821296301	0.00471436695750978
-0.151756236463228	0.0557391336018927
-0.33920189783152	0.202094742952368
-0.34945107302842	0.246296651725461
0.45214536230048	0.322664331161463
0.148400278263471	0.0709527191239919
-0.196415965439052	0.104032074827922
0.709616410352918	0.462718332209981
-1.15323938987625	0.994711772026852
0.546723532010424	0.315918928103674
-0.987529818778603	0.499440593130384
-0.80299890797548	0.441857489374154
-0.606286032926086	0.494046265436445
-0.528775863609232	0.204514779646363
1.77108322314955	1.00361091664285
1.56371017708573	0.796477488281912
-0.190151411659457	0.100334328354772
-0.196620084464823	0.104558191819387
-0.799977938526021	0.608505016781686
-0.378564301587097	0.29307054532583
-0.0501346929766636	0.0320730045923865
0.635522803967776	0.664582245652674
0.334773146082241	0.321106191113529
0.157636637504693	0.0951778577225102
-0.393270440154773	0.266012324413391
0.188063490304448	0.161510437569008
-0.793505860601012	0.668879147384518
0.18038195620451	0.122646267429672
-0.553384417445475	0.34822493199355
-0.795556336897769	0.595603165608828
-0.486070179118328	0.252582834843526
-0.226643871088891	0.171234323769455
-0.472510313052827	0.311535696337745
-0.568306451272534	0.511229431243177
-0.905358010769503	0.741541381390348
-0.55315220765607	0.457969533635415
-0.609756252514159	0.492574140945667
-0.545432363817956	0.538474128363397
-1.07361988950609	1.11391089795895
-0.181900173885858	0.137532142883712
-0.269189917705885	0.163314279236043
-0.158854217480739	0.108626218784516
-0.184119428980787	0.121849191118143
-0.32988990569325	0.258843400686486
-1.0097996646386	0.898845818729076
-0.337444657684139	0.202141395506107
-0.2530329806051	0.186264067244862
0.0430369942601958	0.025971306834045
-1.36071452462721	1.09601813424306
-0.27052079505271	0.220687802224312
-1.06412437138764	1.11427068289623
-0.289266213497473	0.208787653036883
-0.147971878283049	0.100173460232161
-1.00511388482695	0.897994729473393
-0.795208923817868	0.433217591109197
-0.221755533699252	0.0734151122801483
0.149085764217669	0.0776723727814572
0.356834088918763	0.179448648465633
-0.102780222267367	0.0414424096297599
0.959897679941528	0.646451917837218
-1.05547372647201	1.07450047480703
-0.520260957272751	0.201061026298512
-0.514834701041321	0.197110526569579
-2.47086303783826	1.40033330581247
-1.81046902471553	0.74131826500725
-0.255288188817005	0.211996920341567
0.434240138677959	0.302861051719708
-0.6292375806783	0.69412437070921
0.290461146220111	0.21744602266003
0.489422283656928	0.503382588443122
0.786191461898289	0.735391996043285
0.494905149931101	0.307840155102444
0.192670233731085	0.152138243057075
-0.220033067264263	0.165399077876921
1.24122777723913	1.34193346541725
-0.0682689343615717	0.0428254574628156
0.300614801282669	0.190812092225714
-0.144358642158034	0.11312527233577
-0.0832253751997836	0.0506761453632916
-0.790904037886992	0.797843727089361
-0.111086930076285	0.0778054053968844
-0.157810776150112	0.0887377983996943
-0.388464323105294	0.264261812643404
-0.0423117394496095	0.0196893503929097
-0.549747146388889	0.344868388454701
-0.407838835732146	0.276444578516644
-0.663075767040961	0.684510142750702
-0.806657800000015	0.966751009057218
-0.411539877385818	0.322796532722831
-0.0539788396645726	0.0399238058572146
-0.0710216166043365	0.052116530008313
-0.429025809930442	0.39738256714183
-0.177550981942856	0.138187367284943
-0.345838926605019	0.299716062315305
-1.22263518870168	1.55006059535955
-0.199393913185669	0.153165926151337
-0.073489276732318	0.0537985329886931
-0.0601786527404048	0.0377267931650505
-0.254578214200055	0.126455464976404
-0.773204174102663	0.340844557429885
-0.0219564057980453	0.0104497904282238
0.133628748103844	0.0516517332150908
-0.389161235138471	0.26432187396781
-0.539974809093272	0.332778757665717
-1.03016432810562	0.417494436414598
-1.5208643075246	0.552186247107342
-0.608539644001326	0.292987444583733
0.00960089197417131	0.00616811264947835
1.7926307447576	3.06105179448557
-0.438829417643706	0.465081078587098
-0.31404988439176	0.254832051499027
-0.728766571496417	0.740765980600706
0.913087944635334	1.0007536890851
-1.22601262476068	0.900015716374583
-0.112739024302972	0.096785352482277
0.0664323537823546	0.0426955772099367
-0.809744601637806	0.599532834209689
0.147142160420391	0.0570953634191739
-0.800834288499821	0.524508076168035
-0.910726257874131	0.749416243639848
-0.246164022510924	0.123647724489227
0.152182018060155	0.0588064306288629
-1.60981721176521	1.23203410211533
-0.461027464077469	0.457832328169648
0.509637140468819	0.314637351500177
0.306522674304032	0.195327420049745
-0.0335164671570546	0.0158502530352448
-0.218774743872679	0.164411009407295
-0.118095350233514	0.0929824270313457
-0.0825835183177668	0.067675651822323
-0.993515490554122	0.969311252321739
-0.0103615224252551	0.00795988015297021
-0.19089847878116	0.159653269441001
-0.17998771366564	0.135998018983933
-0.532546974902609	0.441561626322755
-0.921033293477404	1.09267116203563
-0.241373951928153	0.236895560563822
-0.236519433126094	0.206879960232058
-0.63497008359704	0.627650688324297
-0.784437143138819	0.655582095144858
-0.688373764270898	0.586476736768889
-0.0320528233364401	0.0205681391996645
-0.549672779803579	0.455449089235662
-0.135907078574013	0.10704470542848
-0.419440222819777	0.38995421575099
-1.29495360878881	1.72400948624611
-1.41918555666	2.02118531647938
-0.315511620796684	0.256474272427922
-0.280157811970426	0.230472797913136
-0.131088352102713	0.113934673501957
-0.429480890277187	0.365674454263306
-0.80531333690964	1.15549619486203
-0.456175939114962	0.456025220369942
-0.0640492152603357	0.02789599516905
-0.319993652272286	0.147340128203944
0.388572830121324	0.175605076474914
-0.30277129250962	0.139327798109722
-0.339721128516966	0.203668660486098
-0.191324681071859	0.126971373453176
-2.48908637467392	1.39631421093446
-1.27690358994486	0.587047608858878
-0.393737570292483	0.167638796641671
-1.29690063716831	0.591073168964547
-1.03530796870446	0.422510492431002
-0.64292050126683	0.83676134309517
-0.179035275960741	0.198235177528715
-0.92327819531572	1.46088520999671
-1.14617932549782	1.26215457633633
-1.14657000706933	1.26198936018185
-0.409276051496752	0.230920564942145
0.351646069667996	0.176699061956143
0.00590193100778289	0.00464355644657808
0.891924271836113	0.485408326875817
0.04092358323985	0.0248548655143396
1.56870722634889	0.794144549178341
-0.152782075404647	0.0560846680959654
0.148228629004075	0.0512983752502419
-1.81164048029005	0.747635014309802
0.155447957395554	0.0469498859464432
-0.518945913103219	0.201612309704566
-1.17968791245424	0.657525194508072
-1.16999563374531	0.659936936355548
-0.549720881393612	0.345065891483542
-0.481238792245765	0.407469946394315
0.290649063719342	0.217823257373983
-0.611278604782799	0.297732049068926
-1.85150054028111	1.18985713872001
-1.02734963908132	0.419609489752489
-0.671243032244507	0.893146769832188
-1.09187243020224	1.54757103307133
-1.35412487872811	1.52854354657639
-0.471068479319381	0.30959005962822
0.260876280093992	0.287710835236541
0.188425828350494	0.143478344566052
0.0568746678860622	0.0601591896824256
-0.58476732417581	0.74110496985866
-0.79682108044388	0.853006545795017
-0.250997588162965	0.125631598703517
-0.166041773256754	0.127366408512974
-0.22749885606815	0.146648569960353
-0.805754799674589	0.52888146896395
-0.221549116887011	0.0733586886722837
-0.0303669659644908	0.0194602153471782
0.294343276782334	0.182559143091529
-0.549006490887773	0.633931374651578
-0.422717978842217	0.452749291968943
-0.918086551731243	1.19991956345212
-0.578041204823569	0.418610752288683
-0.115559729541086	0.100659640414595
-0.528027314215746	0.737707479682715
-0.702268021288515	0.923882561137887
0.166760634916841	0.0427859605507963
-0.73050308160326	0.251536753150742
-0.845362043799347	0.939237801479621
-0.193631377475477	0.23596684725248
0.0865143712654275	0.0621660057001004
-0.585693487270053	0.841533519799288
-0.00494443959572445	0.00382436488343389
0.466961608225687	0.31234764141387
0.714571485022796	0.463230819039262
0.703928868682204	0.452017872912474
0.164164509697856	0.0416462564743448
-0.111439330909402	0.0893004836128567
1.065040484914	0.526179950612369
0.817003523318725	0.351976278955221
-0.343542423818443	0.10090975164114
-1.13492041310201	0.349384486959602
0.81561493056819	0.351685560743549
0.887260855652011	0.476955945508908
0.948141792901091	0.250604857806815
-0.625469527156518	0.152450282737538
-0.401034923550571	0.170830593731264
-0.396598182341236	0.166521287599223
0.26782871930742	0.227263187541006
0.902748351991385	0.493637104589603
-0.180377311685654	0.163289486821286
-0.105628105809893	0.0843090095350281
0.161816661520317	0.0922929797133921
0.160068581562169	0.091570125810005
-0.0920797734454957	0.0749816482943037
0.173063069322584	0.105093739731577
0.0649138021446446	0.0646437859707361
-0.0549622164003145	0.0479343014900026
0.490224509074287	0.302822077017466
-1.10604885159847	1.05206874671181
-1.1050251333511	1.30120302957198
-0.151555626196097	0.085250782736696
0.531595264123315	0.195527948373046
-0.227212618004882	0.0750820913651819
0.299708898313724	0.204533602249171
-0.396274957884838	0.166589358057386
-1.01659526360203	1.58199556102255
0.0334371415049652	0.0252296622106912
-0.503984072116102	0.377630120874912
-1.06358789454385	1.30909998346414
-0.679175486653232	0.897450626810949
-1.02317688891156	0.41384083840968
0.0652863274530586	0.0745126444929255
0.0526547863709974	0.0345281323539293
0.119683727507898	0.14354671542743
-0.0561846528347169	0.0459396116867095
0.889126545343048	0.47993556951503
-0.544736886393296	0.340408999177102
0.528873779674063	0.193445629021568
-1.01916452805406	0.40636823434504
0.118105723173673	0.0970331945314025
0.945392108065693	0.250394577044051
0.132628080482899	0.0454532308791836
-0.397239214323214	0.167334511467005
-0.623203514518812	0.152886975065438
-0.728941560495149	0.254842900527914
0.957871568697817	0.254705443855955
-2.57450915234243	0.686119713628322
-1.1412609968196	0.35088828313214
2.1098250236748	0.960200477129045
-0.620531475305306	0.150785249491411
0.470073831086864	0.31645915014505
-0.240351119046635	0.117343225789321
-0.159513824343925	0.0584877561943233
-1.139798321011	0.349782272227464
-0.518511277497877	0.681800581715683
-1.08685492173028	1.7091752973527
-0.524318733493903	0.507908115255288
0.448056971317684	0.320001383940103
-0.395022882227856	0.168315057184819
-0.658250764547212	0.901716325190448
-0.936050561020422	0.670383241561535
-0.108887920530027	0.125408458283612
0.278013945774874	0.308508510936031
0.305279899275247	0.1946246875265
0.157056474373317	0.0303984095560313
-1.095827746794	0.749453290237538
-0.420290957436411	0.35575219448065
0.157819500886876	0.0479964018015095
0.137987204026364	0.0534148805459405
1.3278832087198	0.584129944599482
0.38860834613429	0.175332276458239
-0.40001055353495	0.472661820879355
-0.0694482502234275	0.0550578356952578
-0.39630814908082	0.167858685913401
0.0297169856746787	0.0295664299773838
-0.452793393636535	0.348464858912492
0.299733345506766	0.369731256211274
0.204952628912003	0.21037124051882
-1.14235343443303	0.349148050508889
-0.805443976689482	0.529488096913971
-0.217376423974934	0.0714638472668936
0.667998554448181	0.213489165347249
0.354976833556751	0.342043032477764
-1.1412609968196	0.35088828313214
0.165310764697054	0.0422104497686673
1.03902671883926	0.401278580186936
1.83112253944877	0.720240851310307
0.956487790679547	0.25443416057231
-1.79522376365631	0.406159618358576
-3.75448747115041	1.51208464914552
-1.79522376365631	0.406159618358576
-0.623695063230009	0.152227657420805
0.152059452718086	0.029590171141199
0.166760634916841	0.0427859605507963
-1.81281284079462	0.749911386602174
-0.786686084752088	0.43131714149169
1.45207421539656	0.485631123308653
-3.46164602167476	1.25116087441461
0.677427945070776	0.216410794008318
-0.461180419406582	0.586551595373211
-0.576850721976521	0.974366396627445
-0.190682925814435	0.174154304966853
0.157133234902599	0.0829227388679478
-1.10252614876908	0.746707152302564
-0.0202657109105541	0.0201251161148416
0.0540527052333156	0.0422810867492123
1.02578928397389	0.951849455537191
0.143004663465818	0.0624148196814049
-0.358337140988707	0.103049703911164
-1.67789070544396	0.974287435452963
0.370036575715702	0.308956394217428
-0.147565245805084	0.0831456418022777
-0.407626140176017	0.174101555847361
-0.494712487865512	0.259565320453938
-0.521340294511308	0.201416056002614
-0.148698757750697	0.126968508468061
0.0448768680165041	0.0406032767623447
-0.138937659798156	0.117266063465752
-0.641242267659546	0.644917164920919
-1.24355014793699	1.12164997740219
-0.41615233210571	0.583188793858132
0.617933226851567	0.575901724895497
0.144037484021634	0.138463483442498
-0.0255338656629593	0.0165899484719168
-0.493834318256103	0.259306282665875
-0.495173501756541	0.259543099857254
0.668257563820224	0.216585127844403
-1.13384470910725	0.346451671342812
-0.391962186303603	0.30771655272504
-1.51659726126421	0.549787550108874
-0.728720853151402	0.253878074388838
-1.13384470910725	0.346451671342812
0.67210466855713	0.216488954078171
-1.79541110556836	0.406108159138969
-0.619634069394611	0.151716324023864
1.45461172869713	0.491065821848087
3.26821961846391	1.12055426106264
-0.348742022466301	0.10134765260469
-3.08471213635442	0.965314084973475
-1.04543845950873	0.416319567702257
0.144583027060061	0.0561645621695872
0.152230318137847	0.0526288187748188
0.170541995167361	0.0433725109405701
-0.378720736544702	0.379777044455552
-0.120503542699159	0.109489648446062
-0.924357355889731	1.50487553706686
0.729480757644342	0.598190535721999
0.210365011840556	0.231876104988261
-0.46056801284737	0.514701798640036
1.27159856462551	0.703465234937518
1.0404202529805	0.404466019128978
0.951547874681655	0.253003737941398
0.161910749638676	0.0490513039831909
-0.723310015883846	0.254344357266946
-0.323725724425133	0.19091896459804
-0.295927688020339	0.236936288318431
-0.411664432753084	0.174712199941108
-0.453442988650036	0.482154253450052
-0.283600697984632	0.28953650939832
-0.903988718333613	1.18151077251357
-0.722818803761969	0.782059793020042
-1.04489704668916	1.35978128734471
-0.103602163004711	0.124809890130503
-0.0601409281230805	0.0549156604038701
-0.650359842932832	0.382012666174141
-2.07265654167392	0.964136234463708
-0.406537508836191	0.481327876513032
-0.316769502251675	0.147367554895356
-0.229794930758498	0.0745679371051977
-1.03016432810562	0.417494436414598
-1.1412609968196	0.35088828313214
-1.82373483340545	0.759520768730619
-0.727076542516005	0.253677508869169
-0.767372534252304	0.342433422022686
-0.437841436241975	0.374793565631039
0.144340801616269	0.0629736658109237
-1.49201386817581	0.778707402834225
-0.227212618004882	0.0750820913651819
0.673290374161129	0.21539984522156
0.167846042512584	0.0427707788849589
-1.02507055477142	0.414631292458462
-0.315427385149135	0.146230401837304
-0.167975506217237	0.130012383089515
-0.241866321369219	0.235779226491375
-0.652789982585672	0.857717127180617
-0.0739464366468086	0.0713830311868143
-0.108767849210862	0.112019120054392
-0.919873103020344	2.15289113667816
-0.403119234962764	0.47120046158714
-0.0536506060614742	0.0532684898148622
-2.07441122030804	0.967874205840337
-0.263287143548373	0.354365740014715
-0.257883383726854	0.231485164151992
-0.0520183113021666	0.0526818935817177
0.759951465991418	1.29936514800534
-0.387986435508704	0.29949958800772
-0.107384579203446	0.0430213037775229
0.530234735136755	0.195115554796289
0.132628080482899	0.0454532308791836
0.170541995167361	0.0433725109405701
-0.153808610141153	0.056307890723225
-1.13074478212004	0.3459795805111
1.07609968208849	0.523155439397648
-0.952096854320802	0.580752915347939
-0.282090679160415	0.288412848597443
-0.338723389185358	0.38801369527122
-0.684390990447746	0.535542657144306
-0.140754238693081	0.119006887713683
-0.560930490730545	0.350118326793838
-1.55197800159128	1.47805084167585
-0.957618986102534	0.588917692389637
0.17956996597222	0.127028752557458
-0.479907704615848	0.837387539443754
-0.413526198368661	0.555629140904499
0.157720062346189	0.156178464531338
0.0761237112671536	0.0751139812832334
-0.202152566686827	0.199259996745956
-0.306762840604039	0.294029390487598
-0.381241461295718	0.451652085437231
-0.185859925336112	0.14161893858778
-1.095827746794	0.749453290237538
0.206338404778434	0.233711764958548
1.26052235296608	0.705119137259856
0.327829067132246	0.179801154609563
0.153787061115808	0.0740174486183105
-0.146135680924137	0.0814224191387764
0.115944555437303	0.0875359637337909
-0.565343708919659	0.399724298894258
-0.40146223677606	0.22239917641258
-0.992573404614983	0.505703885908064
-0.519182389064896	0.20022512922475
-0.230012458515889	0.0753532621356428
-2.11782645144116	1.6025497288641
-1.34692325889811	1.09108536012918
0.159390117965491	0.0842267994303168
-1.03047676165509	1.14329472392533
0.329482083730326	0.428909613426936
-0.141866220031642	0.130586272619766
0.106298482450796	0.104295404544499
0.515409783873323	0.701947813761494
-0.144473178421671	0.155182319655717
-0.469639501813252	0.778890329149672
-0.151490668258068	0.189867174219859
0.0301200046098633	0.0301372269529085
-0.973065631008037	0.940006723000129
-0.0991817083748816	0.0577101765378235
-0.154757067589751	0.224051184994658
0.421246080269494	0.428182616392546
0.27435266357666	0.40299526589235
0.121723796374966	0.136010031104047
-0.110604330829779	0.0788070333445884
-0.8043894509303	0.614520923410799
0.132294927891351	0.056942707707551
-0.408526937106246	0.280606989471174
-0.0717515243824015	0.0313343826139485
-0.152298652152022	0.0550845551870933
-0.346641480069564	0.204809613483979
-0.258663178791016	0.191910229524567
-0.0926518683481286	0.0941474838874713
-0.29692232950973	0.394344617816142
-0.270504715224249	0.221302490800618
-0.0400461812132196	0.0255237154435736
-0.50628142628717	0.380981509925589
-0.347821290151428	0.367038239252296
-0.185119930826284	0.225761317883136
-0.199320989870758	0.264048965426547
-0.0515861636852044	0.0493407816098474
-1.07876782722779	2.24794948470491
-0.0678368751800262	0.0648533763882662
-0.0814049929572737	0.0788727404450086
-0.217286815592942	0.198786329328301
-0.653379192534983	0.627528800047397
-0.640523170581739	0.810075197040588
-0.194219863363162	0.214868211010339
-1.03163117749246	1.15540477877029
0.47299247386494	0.316091468101237
-0.221782273602279	0.142561120240276
0.0493689306015981	0.0302361312571391
-0.503123589814512	0.561820784639944
-0.201929579144264	0.155103811586322
0.659000543306297	0.464233441930284
0.890099997823517	0.719145973475573
0.297773359901912	0.201327564131187
0.786050946832485	0.727174439324873
0.47580066830511	0.321213178067687
-0.0157333119115942	0.0103686460627355
-0.565742856388368	0.511732023913053
0.656476598447654	0.772268127678859
-0.317263922817957	0.299044180667023
-0.719250571676115	0.719073143127555
0.369084922494942	0.331325929233326
-1.28769049911624	1.55648420470087
0.595697455328428	0.567514230203886
-0.72568922773445	0.690302174487406
-0.590548533068916	0.421962377224981
-0.239900682129594	0.119622767152677
-0.192904024158624	0.163095388912303
-0.247147914355992	0.205829626178391
-0.77537227130351	0.703401650101605
0.00379444120771143	0.00238056867264278
-0.1386676862803	0.122364059178074
-0.0668188074841347	0.0490450760785978
-0.79210719867362	0.846077288042316
0.18314712461934	0.151984490697129
-0.554533015150772	0.459791124351938
-0.252322987558041	0.243247891138042
-0.130745864701556	0.120264005153422
-0.616214931868158	0.77277353615177
-0.381048992991569	0.356980991821368
-0.442105855354606	0.43530389700239
-0.411597766781415	0.437108168679676
-0.0992497826652542	0.0715201570956978
-0.420993117666676	0.422500016137142
-0.310954426666096	0.251896095931036
0.0141072186628466	0.00766841482127866
0.163450923274444	0.099802006341835
-0.102454835364006	0.0741157242789287
-0.0369043470395958	0.0236844830410971
0.0156184069250121	0.0106817185538928
0.180462680835216	0.121444229187149
-0.136876416194731	0.106793181771709
0.502933057939507	0.42624093042232
-0.262091263770641	0.211112580369969
0.926066716583747	1.01839857718415
0.249474650169977	0.233032486724021
-0.905344509802349	1.12300815495321
-0.177530085671053	0.152120054797525
0.200313800869626	0.172539854455671
0.0269040881946472	0.0156047877199106
0.149271671672469	0.0712974353556596
-2.28683175471851	1.18188716542546
-1.2752988540859	0.587647301442411
-0.768390647702962	0.343134946307021
-0.102732516759253	0.0415613264455241
-0.714110639859431	0.245794927714824
-1.27715079908349	0.591856388497322
0.1588995276689	0.0306480879354901
-1.51425919312654	0.549483381615373
-0.308060949268265	0.138888370262593
-0.515234342770255	0.472733188220868
-1.84369901935249	1.6382390553146
0.0165129864119523	0.0118019524519458
0.17622941201241	0.12956244719978
-0.480085444378067	0.406072924194644
-0.903884755324694	0.737872407527551
-0.295994419595567	0.21566586792963
-0.875625116583619	0.869028091714964
-0.189868772728085	0.159288028785348
-0.568073972596132	0.667004725847978
-0.0639979674498003	0.0279513084160638
-0.775081795193654	0.344213681745633
-0.517865286501758	0.197016139441429
-0.546620648699966	0.340110563590423
-0.308540961898064	0.223584719117337
-0.928208226077241	1.16627798825907
-0.283463670487553	0.250717062355971
-0.866907966013028	0.908163934807632
0.171584015528071	0.133510219596434
-0.363696749954797	0.345233573267994
-0.11391827001409	0.0811620269292891
-0.00273758765553679	0.00187617392469052
0.158892467366031	0.106173843333751
-0.193838900789729	0.103758509159984
0.79585141493383	0.743118269668183
0.344968186832118	0.341722880985536
1.29325412248665	1.96791723424308
0.174235025924414	0.12321359298289
1.14320368463062	1.3929858636695
-0.0334658455806119	0.0281776303476773
-0.139287782499315	0.121196219118869
-0.380157394833967	0.405126065005308
-0.31712232071428	0.185031917127716
-0.212228406615615	0.0694984410380928
0.1535714904589	0.0530493054972145
1.10269996892284	0.829894594302892
0.170541995167361	0.0433725109405701
0.155236989444065	0.046931522021964
1.45496621180374	0.489974899858239
0.658964851399056	0.20740851920413
0.668257563820224	0.216585127844403
0.163311686221074	0.0491766335657994
-1.79522376365631	0.406159618358576
-0.359989199845474	0.317562866490856
-0.229550623212146	0.192609675892012
-0.613194174412616	0.776093680910004
-0.313924957395564	0.146394167896912
-0.145681586314787	0.116510334052082
-0.049430721421595	0.036313686196237
-0.293072616128238	0.262006484542609
-0.141001274920379	0.130983817245919
-0.413153287244241	0.441147768670252
-0.173114969694732	0.148012474692995
-0.738372199061966	0.255732128918977
-0.924248863518106	0.671196754671738
-0.523402837035901	0.20049878740023
-0.881662351126949	0.805941510684608
0.152654100284554	0.0863470306078983
-0.794605904043242	0.796473968736463
-0.0989234089244398	0.0805506662265579
-0.426269733322115	0.398314657559833
-0.787073834999793	0.733556713670915
0.126719352792672	0.108880519919378
0.637160371081105	0.825796937218398
-0.158926079787279	0.122400270045911
-0.34521001993589	0.302314351411797
-0.276979214686021	0.227941626777465
-0.32639999782517	0.289770019215061
1.03706819767723	0.965206064292977
0.295784167543443	0.198972066451669
-0.24141130995913	0.20005947822637
0.415834492106319	0.417267381155145
0.695323450807043	0.792680009973482
0.0242173451895071	0.0172468861607535
0.266553537222106	0.226868048078718
-0.212199097231808	0.176053192648078
0.0816341272370134	0.0708391057231779
0.636827628061023	0.664310586903191
0.546244995926747	0.315563918414816
1.32687881734284	0.596619735020576
0.668515656075028	0.214587613419762
-0.620531475305306	0.150785249491411
-0.215317487973681	0.0708338962407764
0.138085126483428	0.0475447345001043
0.157446713573225	0.0474765777179273
0.169301214921532	0.0427592743769238
-0.961652805426225	0.586175281144782
0.191706793933447	0.165282392909876
-0.356941353971235	0.338681367820379
-0.624773420759797	0.720154647755447
-0.229206841217894	0.173148186404787
-0.19059693250375	0.198929818428039
0.26913255328554	0.271365761387053
-0.835730612743108	1.13348087468103
-0.336158471675696	0.340434649466807
-0.520260957272751	0.201061026298512
-0.340869162586215	0.0994476453021484
0.166737913090613	0.0422118222449661
-1.17045130525639	0.664973729630441
-0.801146821649968	0.527936153572097
0.290789167081874	0.232761365375642
-0.598209736740228	0.618221416636398
-0.539199598693857	0.446553486617637
-0.259571747181017	0.210187996269229
-0.505564071374564	0.459568522552497
-0.0966679788958286	0.0698781703550163
-0.729830934204867	0.747222640440199
0.381600320579966	0.319452390792337
-0.8776686586922	1.1773549074356
-0.249148602128675	0.220800576950013
-0.305166502543863	0.247117363977327
0.606533737713331	0.636648561417289
0.100613568348128	0.0745006453020326
0.509484761513481	0.436102845033174
1.11255413344914	0.986883892981653
1.24285060183234	1.19547996505616
-0.117160097838286	0.0687464345305431
0.997798066584831	1.16188782285824
0.656151503797716	0.589771251868777
-0.122729678475161	0.0968739788706
-0.507650882903766	0.456399013682502
0.687468539863551	0.589306890973505
-0.330792222051544	0.336981479186839
-0.295037110797173	0.213757767807345
0.414487041235109	0.325494213818736
0.519478061083296	0.190484525868409
0.445559696059655	0.183481849511998
-1.13492041310201	0.349384486959602
-1.13600022882357	0.347365132523473
-0.216459792863705	0.0716410349070388
-0.310340508204065	0.144382632312107
0.704623730756404	0.698691454292352
-0.189695724478434	0.144996919900522
-0.16764543197469	0.145530482022792
-0.785374955147073	0.942615160490632
0.142221521694413	0.061628906747354
-0.273758282791605	0.225070317446872
-0.112156997915266	0.06615031141907
0.389427118827155	0.313493664456835
-0.740196854260586	0.877935112400619
0.119243222492864	0.0969855063222659
-0.53707674943236	0.525754673257168
-1.13870450738851	0.347544729295153
0.15921674927226	0.0483450021306231
-1.51279643757503	0.547771213649107
-1.83307986312434	1.62787049817512
-0.226444929778261	0.144928426160936
0.0195486678975708	0.0139035705248708
-0.884887598651793	0.810624587141133
-0.462464163845505	0.428612493877916
-0.157979949003926	0.108030350190685
0.395986984153122	0.303250474682323
-1.07774268766393	1.34249504769653
-0.112484409442134	0.0799006096736207
0.449522402153343	0.517088706518206
1.3366831892335	1.38303484161303
0.197497329175566	0.151329454146402
-0.0671990571205145	0.0488039309265885
0.289414188873086	0.216084231123012
-0.129879385854185	0.0905727235940777
0.545458788355809	0.447103711980909
0.789378703814881	0.611820414183033
0.141239410545926	0.0610335529037861
0.179406160394606	0.116432896314494
-0.450643129317084	0.447783581920965
-0.155881756889884	0.143400230962645
-0.355429509767051	0.311281426774147
0.825671329045109	1.02783141792038
-1.04032600020803	1.58395822123198
-0.935358620845251	1.30188912625339
0.731945133221004	0.593791306645345
0.0185279971930668	0.0100042559383316
-0.731525616406812	0.255525096859232
-2.08227175354741	0.964703436063731
-1.139798321011	0.349782272227464
-2.57450915234243	0.686119713628322
-1.0234029277996	0.414343036193287
0.164653536373934	0.0936509906992729
0.0589665044914476	0.0378507262972419
-0.410290496241548	0.407850573070464
-0.789526510821236	0.515432982331578
-0.0366188031583585	0.0171972410608758
0.642932118971186	0.574905511694888
-0.289637984396939	0.179812338353654
0.73312673322154	0.898053839474174
-0.146529454970861	0.113059426186112
-0.233261821878285	0.196944419080094
-1.50562732160215	2.48094083168767
-0.521340294511308	0.201416056002614
-0.942957320368238	0.570802663206594
-0.994663499034164	0.501581634461356
0.155236989444065	0.046931522021964
-0.686367544034254	0.476747434743879
0.0360767905332615	0.0209053394756002
-2.19774988819551	2.5219065803819
-0.709068876886604	0.715771914881969
-1.00649225900972	1.18277185909594
-0.117164322347998	0.0941934139829647
-0.782618672692382	0.765662778251661
-0.291878482711832	0.212258331182963
1.08585206777755	1.35231197485609
-0.312158586850519	0.294910476930832
0.285233072546186	0.220944117405155
-0.603231489991843	0.487106009140131
-0.0868105795693351	0.0699728222562365
0.0254354268824195	0.0181513469521428
0.101227655220448	0.07070034013177
0.78589162354285	0.828773447623316
-0.0967814521612491	0.0391025954476972
-0.542091272644323	0.557993562612726
-0.323823576732336	0.287726829816989
0.190366382706077	0.155448305996795
-0.530109785810737	0.48591172075646
-0.316808989678418	0.280347937954135
-0.576488168611457	0.847651397265797
-0.347866732591999	0.327969721732278
-0.426000507479726	0.363013673665017
1.266803817981	0.709341561555255
0.381653392607631	0.173440128465192
-2.06876532861005	0.964719982568229
-1.28732003707332	0.589423084722208
-0.812608035261155	0.527671963090405
-0.253820737132584	0.230696388311822
-0.714426979256605	0.727670546695792
-0.741484146389946	0.965563225476181
-0.383263054530358	0.297715812928599
-0.220109901011941	0.0723811542078152
-0.654555042454692	0.38427460241691
-0.792484691215114	0.679832559830537
0.0126411193593495	0.00692929272798768
0.537405927027166	0.443466023559574
0.276678470201896	0.229353640937008
-0.0396615415054712	0.0301320339123067
-1.13870450738851	0.347544729295153
-0.650854193556986	0.385866944924582
-1.35567208932877	1.33082994760053
-1.13453748317733	0.348386420481102
-0.618209327626727	0.29368429995308
-0.356063722717414	0.252607975447125
0.446168454169326	0.320388409986929
-0.92619564544141	0.663440482757261
-0.341521966000936	0.240337258210169
-0.309198278125967	0.143464560573435
-0.0260774898873156	0.0169655915610151
0.0810799515248533	0.0565536394427039
0.0649282088057566	0.0417944929059302
0.568384872749071	0.558558828333795
0.085665561404825	0.0597258023033067
-0.707607072802349	0.615626106883612
0.177450152675482	0.130660102643008
-0.253651678416856	0.186492377121204
-0.353201321855997	0.282593216934
0.542646637142493	0.520591481503631
0.170034707791178	0.0885917353716016
0.305850167148114	0.209553078790309
-0.227429765821456	0.0748191696657807
0.506947527417818	0.431804178625398
-2.11004480680099	2.89681711244687
0.0177273197460565	0.0125481817401635
-0.202676987911712	0.155391278519899
-0.799158526849264	0.802930407475269
-0.233437432386125	0.209928546894176
0.386932868696686	0.327306015771209
-0.949273230947119	0.582124506781911
-1.02643160480815	0.412146784429271
0.444269307982615	0.182724882347965
1.04690223635623	0.400154019909315
-1.79541110556836	0.406108159138969
-0.478758926069314	0.314555912879835
-0.378829639400547	0.323566230720503
-0.395578661027012	0.345162685591148
-0.00676763580580836	0.00441472257004451
1.75427715843969	1.33881792784021
1.62068085322113	1.14294837629123
-0.327034156371516	0.193919798646682
0.295608539094974	0.211741960346538
-0.261603007400795	0.19466003165681
-0.44296527568292	0.381849384033646
-0.00291181096888987	0.00182986631891229
-3.45549576669823	1.25034460620717
-0.95149485665996	0.578301392238475
-0.951150456478943	0.580896653393548
-1.27508275392752	1.16138797929228
-0.557713374517031	0.498315169875002
0.553163182507627	0.548758618142633
-0.977083659677225	0.959528571233953
-0.245837305026882	0.179895497833861
-0.011668127315021	0.00898654171006927
0.534639526639828	0.611090301181189
-0.71824551938373	0.733454517330075
0.493264440420295	0.525814467536672
-0.528852978932618	0.479405656436745
0.261988213131209	0.234468644633165
0.479094096676056	0.438828455514185
-0.592472879217199	0.57426021232176
-0.118595494317024	0.0836171921030842
0.0973503531144003	0.0683264394026492
0.107552654859401	0.0807776846145348
-0.882602615778233	0.806581074220475
-1.4309642747391	1.90259434358533
-1.2381300071899	2.07176551638454
-0.0450012650844117	0.0341804559654702
-0.255800332271786	0.189445821090753
-0.50526152938327	0.380164410336944
-3.7585100556677	1.50161254618166
0.142470070524425	0.0554450529408985
-0.727420399689634	0.25376364736154
-0.345150316372877	0.100068376294618
-0.592434088889651	0.578734092083389
-0.0456349064980909	0.0291282810582325
0.0630867880686499	0.0418629242536299
-0.19298574742486	0.103245287239421
0.717495095039382	0.464536682931709
1.23714080951756	1.01807244223115
-0.424662586084706	0.360613703851745
0.0409758737191013	0.0311273152403457
0.186509724822771	0.14170507785166
-0.173060766561827	0.134642041961178
-0.474816976797756	0.397696851344508
-0.877100554100463	0.87687439507654
-1.55989311179953	1.48146226978454
-0.45754922263037	0.351052675206324
-0.271911393006206	0.223118096764349
-0.012517409884089	0.00830733799851458
-0.0421254764929081	0.0270960199495781
-0.163451227779479	0.111944765250668
0.421509047906812	0.331658531864587
0.651565231364866	0.681043933537337
0.519678133989136	0.444466805055233
-0.393544451371694	0.342128822593915
-0.204374407456484	0.174244293529615
0.711512352801027	0.704342489711953
0.0460482969021051	0.0281868518125244
0.313507825838617	0.202294132469354
-0.570735083252266	0.518274950630546
0.900854796880489	0.493646062916559
-0.408286260792196	0.172972338873564
-0.620532430720798	0.300930790537835
-1.51309151623221	0.544844714826084
-0.256280271354749	0.229990022686287
0.276678373069025	0.227952670095187
0.788032451824402	0.616699853535767
0.13659064890545	0.0592974663459694
-0.603191461569219	0.29145111281509
-0.552298943052451	0.34899537529032
0.166054678945994	0.0871514559391282
0.422003711146144	0.318021892016085
0.792229760565663	0.845187001765189
-0.207172308638216	0.158962297625905
0.27325477578967	0.218937762283699
-0.223385137878963	0.168338163698463
-0.691784740038268	0.594955266307849
-0.143810336150437	0.112759388457256
-0.6806262556256	0.463996656076216
-0.329684015349517	0.23043717021127
0.280542338475366	0.233641325567303
-0.0117453217449353	0.00771832875809492
-0.216336717367272	0.162519851371002
-0.337685566651224	0.239142758507364
0.168838996761784	0.114550450695421
-0.868870905758048	0.923632743093404
-0.389796593345749	0.367301406695472
-0.424552123928166	0.393908040469557
-0.00202335194425062	0.00139550783605783
-0.519012865334144	0.498916896337352
-0.191239563261874	0.101319330813165
-0.973341987929367	0.948222208814265
-1.36936597531751	1.74177584244248
-0.726498963792087	0.786300646621299
-1.05131395415838	1.37459448916795
-0.357989177501694	0.314125818092961
-0.676685477463251	0.469058650912635
-0.797375585975784	0.519263890669153
-0.938374744807994	1.33174845997622
-1.10850298918213	1.50676237170063
0.0229232750654819	0.0162192387904572
0.158378791844165	0.090489456068272
-0.402187750380948	0.224676548449472
0.42367073324684	0.316756895410766
-0.230532511788433	0.148099875383095
-0.0998851812062401	0.0723664160306809
-0.231892798183165	0.207910840823856
0.00795170674191533	0.00547373031315901
-0.256008523340787	0.229316753112093
-0.93011894298416	1.10230476858198
-0.890314185557536	0.816294808015785
-0.504307562080641	0.582775385788814
0.00730095239537933	0.00502753651372556
-0.149379141694912	0.103749808874792
-0.277379637635388	0.20562990216863
-0.1612158039986	0.110571122380004
-0.698513885554502	0.553932968280282
-0.12526730461485	0.0861472691224646
-0.657550950657294	0.38992822581305
0.79463338345346	0.743961381415841
-0.0697053000438887	0.0435879779989314
0.49255591115422	0.436900815584754
-0.502826669724732	0.37540936078061
-0.211976712318769	0.202647381319354
-0.455368098745427	0.298179735066101
-0.318243160125334	0.320440456851431
-1.04752662218592	0.833956726194709
-0.88379535436415	0.885808892584082
-1.47972918576498	1.03382915883547
-1.263611316705	1.35235259786918
0.976111875938623	1.26339276710411
-0.796684092157194	0.911860998605986
0.306480037049753	0.337646110275534
-0.328327184328548	0.312809687684355
-0.196094939532853	0.166474908557761
-0.398762377405917	0.347881589609169
-0.431134129354189	0.36589037013794
0.529554569038866	0.449602497926056
0.315874953960197	0.188070948317753
1.02682039364079	0.952594442859136
0.155528602650074	0.0822337249541598
0.310650597092841	0.183627337389186
-0.903373888539237	0.750193104104862
0.447091708948965	0.320020533697921
0.165500527795535	0.111317272704837
0.300822412792609	0.191901579466782
-0.623482898197615	0.549467857459349
-1.00717168286291	1.18930581410089
-0.349222892326031	0.246741739545031
-0.529649600325682	0.435882874078858
-0.444301455202599	0.341796614059392
-0.482883203121652	0.474112497564695
-0.156517251893315	0.123050897316796
-0.649093900492641	0.62068921251846
-0.0321418272676623	0.0206330339101675
-0.1514497530744	0.10261568811598
-0.691030887454317	0.874088121791506
-1.35062359855063	1.10670474319071
0.277325741562493	0.229659616315358
-0.0780082241878567	0.0569195416647642
0.297994087693852	0.21342695102385
0.575347947388816	0.454000338170032
-0.013673928512769	0.00664329860764186
-0.401069644275058	0.27567863079717
-0.305618580286781	0.141598692227763
-1.008813176286	0.898563204608328
0.32136857854746	0.190561743893223
0.527344344444624	0.428756860476663
0.169357586147927	0.103404795704213
0.173596584512358	0.121836855473261
-1.16189853629209	1.64537725007112
-0.0413953149964677	0.0266211073287111
-0.226123718091758	0.146112741350932
-0.793726417808478	0.601837660598936
-0.510066529650754	0.465593998624843
-0.0872981871394885	0.0533255400787125
-0.187906245897422	0.0997119069553705
-0.711280581934638	0.673998867491864
-1.53458430764312	1.68876831732597
-0.113151756757292	0.0798337598012122
-0.349547507324207	0.351387261038459
-0.364393528413979	0.357941793824452
-0.286490440437762	0.369531851252071
-0.238022085217875	0.118664767436539
-0.32328946580503	0.149067792224834
-0.541386672054044	0.338837352765289
-0.398461944759506	0.167896823886856
-0.982786319035642	0.489284323663138
-0.677040013406509	0.473071202611796
-2.63904907508558	1.64562577395845
0.594890669504873	0.309393989926098
-0.663835138792047	0.392396479294465
-0.389161235138471	0.26432187396781
-0.578413932986391	0.662996935011209
-0.983077627122339	0.497551274847704
-0.178042930824852	0.176000160072251
-0.250640956946695	0.241936767449183
-0.666199724996334	0.94791443290666
-0.216958531255687	0.253066872145819
-0.876398189238275	0.935672731834897
-0.716135404233478	1.02482357642325
0.158710576924414	0.157998453399263
0.897335696061997	0.492448294228436
0.145372687051149	0.0628577199805685
0.686783210149492	0.326529013787713
-0.537732287812399	0.206218592689375
-1.6818775999092	0.970676525221855
0.950060429053843	0.641643350800181
-0.524401134131976	0.203663422455522
-0.53335946692924	0.205976990726238
-1.06062884255957	1.56186030880427
-0.651718753314836	0.386623314531018
-1.60771169671954	1.23178213645114
-0.0713035668725677	0.0630803643987066
-0.128262325892032	0.127458054783968
-0.0671281372822309	0.0421321794673678
-0.576518482482414	0.801106321333433
0.302377074045515	0.214641451194383
0.140595592258167	0.0607787821997478
-1.15012871558886	0.97070301574623
0.575104201916023	0.455550623107231
-1.1048629183544	1.05275649767968
-1.82779903942447	1.56279843231324
-0.805017806625934	0.611068751330306
-0.675607863420211	0.471450879601314
-0.507178839898564	0.562463054273381
-0.438385324301774	0.528584090302728
-0.298554100216083	0.216277256395485
0.368792162942944	0.308132702812788
0.55337603570748	0.625070281960044
0.0999904123958111	0.0724433660888075
0.178832159690016	0.134989411250341
-0.800292543880771	0.526702712270773
-0.146237524940511	0.102333160714766
-0.450068435246029	0.44726344026673
-1.15472670339072	0.988569647942527
0.0437101205610391	0.0250332967652187
0.270872680432947	0.230331955610264
-0.802490994143448	0.814909924973253
0.276046708342904	0.229667540410585
-0.0685060986680709	0.0426558139808226
-0.0374290967275483	0.0274523275156895
-0.291585701797182	0.27642300845354
-1.42890197588463	1.69001946662563
-0.295572333352353	0.265340634251996
0.293311446378357	0.197922948040012
-0.472270859867571	0.312241601122352
0.139884813798321	0.121523980042992
-0.415464040478629	0.38437276419689
-0.269936745247551	0.220938180493567
-0.240850012318761	0.218704946870439
-0.505630714791592	0.527978358022539
-0.872767300491719	0.986352889100609
-0.0300152712824292	0.0230648238317434
-0.312992777791553	0.312772917641304
-0.792008605394067	0.672509960024599
0.45835555821583	0.328639051295059
-0.512354137440092	0.532194181782572
-0.0507703212638541	0.0324518890003051
-0.566753054777098	0.513892550127566
-0.147761818873019	0.125689598128905
-0.472412669803819	0.498395431580573
-0.5452987323218	0.454189946510691
-0.523063420159932	0.480949491116905
-0.851871370159679	0.962890894709466
-0.103576098350766	0.0606820507295681
-0.506678925928388	0.381773843074998
0.277002897491634	0.203606397447502
-0.486787666642389	0.47496099368645
-0.500972829835992	0.454431765759391
-0.548618100736239	0.567106234093724
-0.535310967996776	0.44227326666815
0.413925318153724	0.327065731178053
0.70606922194248	0.690970576294446
-1.03414447788366	1.15444687503127
-0.54868736179847	0.458090855173407
-0.28997914031045	0.209000502504611
-0.397690849192244	0.273899672332418
-1.26497843001858	1.33235975583444
-0.501617036583171	0.374194167555318
