x	y
-0.253479915906252	0.366689602282831
-0.174015980645719	0.212162731371601
-0.449297473919137	0.99454354004796
0.0469361879013508	0.0537944187267946
-0.345266191448463	0.554080015303543
-0.0544317766035081	0.0540643449915878
-0.44348615468511	0.515405535763393
-0.0164807869655786	0.0193453979462793
-0.33010773420346	0.677187832167085
-0.110439660031282	0.144773587840668
-0.245092388544082	0.320472703847754
0.100468138254423	0.0936877886346954
-0.160983800477976	0.244562963346434
0.0162484855808662	0.0181943640895448
-0.212838565320531	0.416580610546043
0.0911943209920606	0.150217255213639
-0.0670176219381041	0.10300386399866
-0.336519204111176	0.55249643828516
0.21175561979594	0.334072612768058
0.206710575227887	0.293111092409237
-0.0497564635746221	0.0375278124985067
-0.0312017252598674	0.0426472004760346
-0.0800255096777576	0.13354442130868
0.386183475812032	0.851097443696852
0.211403612222672	0.360469959673667
0.228069298126421	0.436867032874061
-0.503233494314996	1.03462034823155
0.178761164519494	0.249017559293731
0.0114774979953723	0.0133759939624701
-0.0520350479956329	0.088972663130578
-0.0440897761095984	0.0479327776186398
0.229435723896574	0.493187899234845
0.106535364584113	0.288379235237036
-0.0254356935838904	0.0459922949531554
0.0788317403426315	0.150961696196232
-0.0891424845857157	0.451958655939535
-0.0602499177965401	0.258389483645884
0.156190234968389	0.657485198251035
0.079609415390322	0.208706432712079
-0.108520714773425	0.633334367235325
-0.0935770912743662	0.473528037354387
-0.50696044456922	4.54817043954513
-0.137558242293714	0.524629286951615
-0.114174934005433	0.675909412830317
-0.21493848603271	1.4842480103451
0.106341146341774	0.45753462534706
0.134779402209236	0.563795414026175
-0.318347721799158	0.682282970281723
0.141848058772579	0.0489994167913964
0.296773804456826	0.220385816079257
1.0944443972406	0.585347622309458
-0.0635362484044799	0.293647061484642
-0.0114202647624701	0.0392717626445916
-0.0570658199171321	0.197931823273145
-0.607090090296838	1.36149785975077
-0.594380587717723	1.43509481110944
0.0567099603704105	0.0770522641891143
0.352567828079875	0.176408972878977
0.906266804573136	0.493639693075308
0.162378104800928	0.0310834456145106
0.0512908877995393	0.227284415128533
0.00981341331398995	0.0337186787628773
0.291502074095615	2.03407363585314
0.0239730516108509	0.0741201727449138
0.0410110166069555	0.125543395914712
0.260654073152023	1.28954540607936
0.0366142537018524	0.0612509685485745
0.00382542231909321	0.0049257500019094
-0.107552397852434	0.107937851127063
-0.154733526808122	0.14317991512227
2.14234639939196	2.12597961283515
0.337653486338413	0.185450539913677
0.0793097073573936	0.375832809014836
-0.147336075350648	0.795519564622432
-0.20284778819911	1.09224932099917
-0.0925761234771028	0.346399999151967
0.065134353472105	0.209050670445929
0.33505068990414	1.1937606152859
-0.0242605085521718	0.0188239234552438
0.524938478553276	0.192889918548823
0.670883773275737	0.21573252817249
1.04181404901781	0.404808808438391
0.0479935613336546	0.209904035334466
-0.0760269813624397	0.339655352980309
-0.0035499221289182	0.010563309359988
0.0491903228181805	0.159761522639897
0.267019712613633	1.07966264506935
0.133528837651175	0.274693757941592
-0.147318532272333	0.310124243828425
-0.190644352515692	0.400543167011725
0.124343968929241	0.194612391925783
0.0479300874841187	0.0461334215908648
1.09119469303295	0.668741719154206
0.149350363220682	0.0714499756287722
1.26556856075584	0.709719204155151
0.428046960604138	0.172361929168301
0.681960789933621	0.318280836616049
-0.0485565780605926	0.224183604820012
0.113256078722045	0.540889085731618
0.173180374650768	0.966600116344853
0.11298475706235	0.485818667452699
-0.0252773316729361	0.0473106304958243
-0.445504105043768	1.2575135313672
0.0388744956051647	0.0637529684104099
0.796458472666328	0.74286043186894
0.650433768197346	0.454227108312173
0.95292022183415	0.255029382628136
0.0834779314483431	0.39678249895128
0.0959664411013946	0.435376492257779
0.105621404138405	0.369432657598611
0.0494829667948841	0.0818879878170207
0.0485337028678235	0.119654912662451
-0.0302959090457671	0.049402626583551
1.77235992631789	1.00402916903607
1.0893709722161	0.806029972390306
-0.0131392333025236	0.0507116586361375
-0.246727320720947	1.84563090389165
-0.121427256035832	0.468418757534073
0.0430068778794862	0.116876179202183
-0.0752809230909345	0.204831807227401
0.0373370807574881	0.0922582900357223
0.0352044918056982	0.0588680686114676
0.169748850777783	0.396641252072636
0.0870040980954003	0.158472588738466
0.501944435297358	0.31359614278745
0.669700188276656	0.216836591054402
-0.115582663498995	0.685511685665274
-0.0123284421456281	0.0445572321880731
-0.0668926353149066	0.25600053504832
-0.0187637287800116	0.0550185499498368
0.311452549718875	1.09042866657421
0.649754988164002	1.32333014300744
0.561992788588896	1.85065745368781
-0.500425994027706	0.953825359138721
-1.79522376365631	0.406159618358576
2.75734920342264	0.799800653832186
0.0207083596244193	0.0693202793306542
-0.228634551758039	1.80477695504123
-0.0917339268815285	0.394925808722734
0.0695526502646459	0.156240190179507
0.742491487567601	1.20685655631286
0.100776457185661	0.157532205517898
-1.79522376365631	0.406159618358576
-0.624582031923329	0.153403426322781
0.157631418222578	0.0304971390385879
0.524609312149326	0.191455924196695
0.960464292948415	1.00726948717013
1.24291184152443	1.35046525091304
0.161486408205213	0.0413117168731846
0.162378104800928	0.0310834456145106
1.96025897070573	0.471212877436839
-0.0424551565167979	0.196166649844847
0.0280485689917164	0.108916663961265
0.287077386493918	1.21310524609012
1.178183632183	3.21676531204146
0.294775408573508	0.658283895379024
0.149689208363438	0.200626596562911
-1.79541110556836	0.406108159138969
1.03902671883926	0.401278580186936
-0.339689629328073	0.0991873938654728
0.157607154140132	0.0473340538421367
0.161555418668783	0.0482547329116524
-0.516791410356137	0.19899171783575
0.7883050154364	0.898812396354201
-0.0590425598127787	0.0258535546360061
-0.338511026319061	0.0982184054411285
1.96025897070573	0.471212877436839
0.0192804222780721	0.0808610404642675
-0.505179617331781	5.0541425142396
0.538950978819223	1.95316058924685
0.435677787852955	2.27583428568543
0.23781430979971	0.612059657380367
0.665440604631342	0.212579826336912
0.16183898726961	0.0410563761793581
-1.12857426265837	0.342992598242117
3.63643152651936	1.45439996443785
0.330047050044152	0.181835951538008
-0.133003633409316	0.0732178344477467
-0.37691339926891	0.343608172996124
0.405515877759941	0.314981574081699
0.156807201934892	0.0301762424591594
-0.0736114351663487	0.350370527981661
0.0988162071998065	0.406479718997356
0.1446176623811	0.632779247678877
0.220806079583229	1.0368682785913
-0.579475278022183	0.420725413518884
0.306354401453407	0.2071281360213
0.16218027031971	0.0829737675596578
-2.48441475846939	1.41073489496201
-0.339457145659749	0.239467566341367
-0.956744666296171	0.586143226351511
-0.111599368778179	0.0649108052763448
1.00107076312155	0.805478654103482
-0.0594345384335919	0.0371826344501736
0.905378526206698	0.776541738660983
-0.139833539939059	0.0779291321271727
-0.590301173391752	0.600787766032056
0.00374797823442181	0.00235265749462972
2.34813272310529	1.19556965950362
0.359129342474154	0.176993281484589
0.0400100052491539	0.145524306210961
0.137466634893266	0.588742116213091
0.16134171349474	0.614304564871726
0.315114407566404	1.18341759800667
0.399963334825358	0.180744522557435
2.5347108154239	2.31438864358581
1.87978119063752	1.99583397416018
-0.496675702437333	0.261214055422983
-0.27954282081152	0.175075528436361
-0.78050382640299	0.347499428101829
-0.0963806933102071	0.0557341182733925
-0.513077977998045	0.383864797918693
0.525131259349727	0.192999914873943
0.34246921416385	0.188629254832677
0.384459356664555	0.173850814872103
-0.105340946764016	0.0423042376026443
-0.394991982939308	0.166760846376396
-0.102780222267367	0.0414424096297599
-0.092538615377673	0.481824511451026
-0.0955515805891105	0.420717244511127
-0.0119859262178636	0.036734264078687
-0.0352659445527454	0.0163981995662752
-0.242479587236188	0.120306833307906
-1.49742870557934	0.78446264648928
0.135879545068767	0.0527837992472243
-0.406342549193427	0.173701308354649
0.155948232689401	0.066937514556079
-0.678799793224869	0.465638802831496
-0.636023364439912	0.153505134692002
1.26861046187252	0.709528047715788
0.669801689357949	0.464668795568547
-1.1759473084139	0.648786385629974
-1.17592146351295	0.667894614016805
-0.199633127481795	0.133898655136736
-0.620532430720798	0.300930790537835
-0.532019147491516	0.206951811605764
-0.160726298883985	0.964592067396843
-0.366863592781331	3.19054065014003
0.29088708182429	0.699150337753079
0.0955797937589661	0.147241180700046
-1.02507055477142	0.414631292458462
-0.198665239487747	0.132630032976487
0.140510148384066	0.048664068301297
1.57280368997465	0.801127382429996
-0.953172098482703	0.577766413448492
-0.0635663271079567	0.0276347357928682
-0.11281637483159	0.0450920127554022
-0.0995695005424182	0.0402661500676422
-0.675117038993165	0.463797464319105
-0.0454625506658207	0.197537289518371
-0.00958889919750117	0.0348911396657556
-0.152565432257375	0.733899750644814
-0.00145649131052993	0.00373059078835641
-0.129186740380526	0.424246254962501
0.0936325192307967	0.165238818421052
0.479546424205438	0.85961951530538
0.0321699146265938	0.0279094750471104
-0.15188718224051	0.237366376206519
-0.0345057642964277	0.0161343642425175
0.164278215865622	0.0494439084469955
-0.338511026319061	0.0982184054411285
0.158357408502069	0.0833262669651732
0.330230551398293	0.181333499688399
0.142649263660401	0.0617637455017553
-0.799144753122949	0.607204960975036
-0.726238487506654	0.253437335397984
-1.13453748317733	0.348386420481102
0.164164509697856	0.0416462564743448
1.03477532867731	0.398490468718945
2.11789391703942	0.967138862393588
-0.619634069394611	0.151716324023864
0.0134498507981771	0.054325252858058
-0.321625432995864	2.95128297391017
-0.296518870010599	1.854573706121
0.16262648424675	0.499403157394527
-0.129956213457867	0.199743633585829
-0.373267687305324	0.418462568890248
0.275211122689835	0.241213264728672
0.121889597492239	0.104999378003699
-0.108241889610034	0.146743548060157
-0.129961537559318	0.0907102109745868
0.519161761798591	0.187768877402774
0.1588995276689	0.0306480879354901
-2.57450915234243	0.686119713628322
-0.171074926076346	0.132717979691169
1.82336730645351	0.727498434871424
1.9613717712777	0.470903909509444
0.161910749638676	0.0490513039831909
1.03477532867731	0.398490468718945
-1.51776765519345	0.545744093373483
-2.57393942994101	0.680804613621979
2.75734920342264	0.799800653832186
-1.80012731460838	0.40572439661199
1.46900115782109	0.480426944421937
1.96025897070573	0.471212877436839
-1.79522376365631	0.406159618358576
-0.0353062728180605	0.154121802372517
-0.218734725459535	1.42225158670333
0.0537466176797127	0.155099767967822
0.216053707405481	0.450809384460878
-0.312248490420956	0.401106961869357
-0.31220057310923	0.300122187487655
0.0901833672791709	0.138929428673211
0.111605003272379	0.192319843918444
0.483693843624687	0.439966891740266
0.151146444914538	0.0517712277838049
0.386888833782198	0.175375073750176
0.158321872008447	0.03054890339565
-3.08471213635442	0.965314084973475
-1.83289627991657	0.751708259222083
0.277157506720266	0.241309273680731
3.26821961846391	1.12055426106264
0.156807201934892	0.0301762424591594
-0.728603241616642	0.252594278008489
-0.778919093445955	0.349025831228475
-0.346338838256578	0.100875906320348
0.145310647208621	0.0438088258448526
-0.401307165700661	0.171557584514759
0.164164509697856	0.0416462564743448
0.1588995276689	0.0306480879354901
0.162378104800928	0.0310834456145106
-0.623695063230009	0.152227657420805
-2.57936018855439	0.682903044011602
-1.02849046705274	0.419931822610547
0.0292148066636222	0.117800733736585
-0.337167169039328	2.73850702730645
-0.183932593994142	0.719897080018956
0.0740982744804827	0.166084583400009
-0.45847808072729	1.21647139464436
0.0705036859071459	0.0940210884529371
0.110116792157511	0.1480666620801
0.0257830999253684	0.0283303864547156
-0.47305953917719	1.62186970294662
-0.065269285201073	0.0759508730420523
0.0957785664301977	0.088870483230615
-0.395187932452833	0.311936423907997
-0.189300456354542	0.0997827988796875
0.0244581702092627	0.0131178982717779
0.0107298135624691	0.00504701685178193
0.166760634916841	0.0427859605507963
-0.728720853151402	0.253878074388838
0.516767399783005	0.187973778415715
0.174155765222325	0.11806110115978
0.951547874681655	0.253003737941398
-0.350384517924497	0.100791822395602
0.153614406882621	0.0389082179443764
0.329717630458419	0.181384491379526
-0.254060780535873	0.188204921041679
-0.423581585144188	0.360995665726099
-0.35339902830696	0.376792165880274
0.160319432930273	0.0403505576138374
-0.149706642409505	0.0545689613720988
0.140258032306573	0.0485578964849915
-2.57450915234243	0.686119713628322
0.681994760746763	0.323785191198623
-1.02620966872653	0.41818337996543
1.96025897070573	0.471212877436839
0.147142932159236	0.0509873558125847
-0.63464058543861	0.152996678104976
0.391377590712201	0.178942731741699
1.96025897070573	0.471212877436839
0.167846042512584	0.0427707788849589
0.154473907141485	0.0457291878157205
0.956965590292449	0.254225160809089
-0.0300134468858734	0.12190910733308
0.0409024786982485	0.142354837852364
-0.00303227368921704	0.00780925289291627
0.0298235209787309	0.0740523012060738
0.0514532832688733	0.116016169100142
0.0501402758222023	0.104186669464966
-0.325843579979063	0.998996033136067
-0.539055385630266	2.77802253938436
-0.112395596988406	0.273058336476037
0.216063416476475	0.558068668889558
0.114491189734318	0.220413629136258
0.194235928197931	0.382452185911689
-0.226307753737034	0.230212017121604
-0.335514688463847	0.199252718089063
-0.635965806309161	0.569167980111079
-0.983253445839293	0.949452070843178
0.0130661951262156	0.00895387841331883
0.170975074220114	0.125202419716215
-0.451858505376863	0.292030422822065
0.258145782459965	0.24667201045799
0.316005036132599	0.186342210956248
0.0436211332921504	0.025008851194823
0.0601863068647792	0.0495363005014482
-0.340032153567963	0.270292607145307
0.0915082549349119	0.0641863560399384
0.128019481640984	0.106715780302458
-0.53904785637874	0.526062138500697
-0.0824347024079976	0.0743178058281241
0.110543696696512	0.0854143381711152
-0.456087044458986	0.350880256767119
-0.155833439335292	0.0873249117755854
0.407868335757871	0.332726258540247
0.956623845579931	0.913172844076475
-0.192633504545139	0.101991330633227
0.56800774970418	0.44670763601819
0.702935809170702	0.452413127588511
0.709616410352918	0.462718332209981
0.288538320287859	0.205395783662983
0.944662739850902	0.633702493738382
1.24094702220801	1.18752762307463
0.0330443322862353	0.0191440750363554
0.142571642796801	0.0683085951121496
-0.0195171637651553	0.0127310214178551
0.843044001597813	0.740994763254908
0.400088243074668	0.311294328419943
0.729291557200835	0.599423391834774
0.0269862495489085	0.097691893045721
-0.0564009649812591	0.210936277880643
-0.196969933773427	0.668975594663561
-0.249116039702093	0.779474731207966
-0.311565251698981	0.996343867205081
-0.52599321232511	1.87126521517113
-0.72524641921025	4.06716921399022
0.194102623221191	0.499534549429944
0.254278102176095	0.653695053656462
0.150685256036471	0.0722986563958657
0.170322773378799	0.110299386422714
-0.384785373840174	0.257368583919038
-0.105389714352962	0.0424193779052806
1.10387610874022	0.823331173452081
-0.613519827796747	0.296519575488795
0.109332968560163	0.155214697319535
-0.993375703542076	0.495813446315754
-0.0704173767275576	0.030833618906223
-0.535084965969826	0.523834694848037
0.281404928301884	0.196625121280007
-0.692887369830816	0.536234400722473
-1.06423755499779	1.11272273146889
-1.20892019432046	1.39041579536418
-0.386603524377235	0.413436112688545
0.187483204680851	0.168747649166843
0.392699343228187	0.17739521277378
-1.28063049074862	0.590967255795044
0.387248611171863	0.176367037219288
-0.0990154351992337	0.0400367073340722
-2.28361142919572	1.18123677773886
0.165710512900439	0.0992600673131999
0.144340801616269	0.0629736658109237
0.706977447365862	0.459548750831662
-1.99749724017507	1.40872454669417
-0.312127367272116	0.145052222331804
-0.955315066749254	0.582106801421729
-1.65687539788637	1.68287619725622
0.155904123066399	0.0812675191037722
0.355507646706702	0.177467366889814
1.08197600508373	0.671805047482294
0.114431438475403	0.586912821334049
0.14978750361445	0.691144726444059
-0.0171464508214327	0.0440749275909381
-0.00781367157139176	0.0177096062209885
-0.761401916706757	5.16470279274619
-0.834144073389238	8.26262930997896
-0.114843186079786	0.324451976956528
-0.135053430289225	0.348047861815776
0.105571836949125	0.232571879291283
-0.0241206784228431	0.0430140453180187
0.0454590461991948	0.035500279891525
0.174130753449485	0.112572032681604
0.172989695899701	0.126664622665065
-0.231176412007556	0.175158063885368
-0.0178178910738831	0.011662253570483
-0.50506304859648	0.380591603866705
0.0396973501545209	0.0229061841574359
-0.703548360618652	0.554515736884076
-0.00850528591647417	0.0064957914306812
0.0366659847157962	0.0212356791204457
-1.29743416937477	1.7229596487515
0.0992803292410028	0.0745484786126525
-0.282141012537491	0.232919580021383
-0.467469881255542	0.431481647546132
0.369367462383606	0.339787130121646
-0.364489198815638	0.367370004178189
-0.538313923685297	0.621217674530531
-0.204673899144575	0.227807041381206
-0.236144709791489	0.153844494739619
0.643903942657695	0.579074657657404
0.0733554950432751	0.0505575367583589
0.143057073570702	0.0686521567001796
-0.238432464533969	0.154970815981377
0.303870342482511	0.207791024449024
0.536425282832256	0.307671046333361
-0.551685264816758	0.34674687072131
0.0558585470020786	0.0358222890863202
-0.391434307802636	0.26668423911035
0.0871717545093439	0.0630831360780062
0.147154482831509	0.0769984924473876
0.115051352311888	0.0920049255011333
0.172140783715839	0.110365075416273
-0.470213824267675	0.389184666849276
-0.250912517678781	0.185771350925441
1.05854534848348	1.112036446238
-0.681713713490232	0.473209699228077
0.284229566244215	0.219100253633131
0.0175122019671996	0.00938485362666287
0.168245865820717	0.114047138632811
0.13434245532076	0.720807235308454
-0.11649544312699	0.500682776604408
-0.245599052404305	1.15163952287142
-0.401520579026922	2.30438212560551
-0.836137476044103	8.15940739640582
0.242932381987894	0.700320153406242
0.0453092542520476	0.0799409844500477
0.0495489066586736	0.100719108470532
-0.130202022230938	0.309832875484062
0.0617234449992263	0.0629617184656383
0.525709839019661	0.541813392180196
-0.176947902251508	0.150548415778838
0.12565542221634	0.107600885096469
1.02957644651759	1.59212701037453
-0.301770625124293	0.289023064957569
0.540219233729147	0.600414531248748
-0.916621744351009	1.07975103822212
0.494430042680574	0.513436536411274
0.663145018936619	0.667600890616799
-0.896417607160926	1.3651186887155
1.04016406615739	1.06237783852257
0.176667792448601	0.123739909030769
0.761906901547201	1.0900617697413
0.264003880772426	0.261076501533518
-0.191265747879876	0.160843343840589
-0.405918067426192	0.371290502627774
-0.557611391893424	0.50019749467903
-0.422971595516187	0.358576457264802
0.341539306806895	0.315693975042957
1.06372763714194	1.22337686945883
0.785752010437682	0.826005039768466
0.456586119083644	0.422566611725114
-0.0243515199961415	0.0158134476962069
-0.0113885436682306	0.0075353317586154
0.163446461122061	0.0991547473067143
0.170688608168231	0.110439162585622
-0.548723575841131	0.538444682371467
0.0785705564744346	0.0529171100797689
0.185616005224801	0.146108911412591
0.378433346979441	0.318833330276571
-0.0636493390080279	0.0524817269638083
0.277512002413738	0.213357444054891
0.00144619481221083	0.00144522002031531
1.22845142570484	1.90904553055518
-0.409489106769826	0.446608361773564
-1.04017691781508	1.34837471097673
0.189876486956386	0.159171142132129
0.671172816852548	0.779834073931725
-0.169202034881489	0.131463000634729
0.0634841190891355	0.0424298723912409
0.00727055688065954	0.00500742191800709
-0.338363624686346	0.313496800737232
-0.972177636769147	1.19073198816535
0.575618970256213	0.640041105400739
-1.10384310541434	0.75291797264224
1.06072563307734	1.28196432993467
0.377249175483804	0.312457111159572
0.368492843743171	0.328209244425786
0.264488596307966	0.217417790935651
0.0409758946963528	0.0310949387622375
0.694272622999508	0.684427163449301
0.169209807020142	0.113846459038
-0.0153041937139501	0.0552222787870994
-0.136027117067054	0.615265809435586
-0.312160325874417	1.51918608670937
-0.10469350333137	0.311327894352119
-0.173922861747115	0.203225103135606
-0.14203831316248	0.133320577003048
-0.437180408363397	0.588344840611743
-0.796190670933567	1.00870726560805
-0.0506601850975006	0.0421047490864377
0.214865106698088	0.219919207796498
0.0492521459258951	0.0384654221952508
-0.112973398199988	0.0910598802122904
-0.0864202250655291	0.0696180344859067
0.106266532484437	0.0859212140131883
0.12580652617811	0.107933660529188
-0.145778366917333	0.114658781702661
0.0583290076969117	0.0524104164863788
-0.562377686643205	0.50627562314344
-0.134010266724584	0.0926253418273785
-0.0588972849617767	0.0483933134354842
-0.113258582275727	0.0998440076058532
-0.144550592355705	0.115672164439779
-0.0724378113702778	0.0451559273143091
0.608566035044147	0.453575856239006
-0.203719736483485	0.136249229251118
0.488113939768069	0.442845017358701
-0.539816531117007	0.595072577763157
-0.616169916178124	0.496525143960125
-0.0687653969871367	0.0428447228606652
0.943939786201645	0.911884382373751
-0.0720371704374397	0.0434512246052377
-0.0856939594088583	0.0505118247423023
0.182007488942214	0.134576621774079
-0.479318328071315	0.465744481557903
0.392136605066705	0.425652471595022
0.0955064232991302	0.0709632368692991
-0.539864049587806	0.595047496611321
-0.0953717107410154	0.0688019271868253
0.112607418895726	0.0920361213025371
-0.454664676643243	0.414105290246912
0.187879128583831	0.161554511665875
-0.328909840433384	0.290427753953328
-0.383322901885295	0.329439091208042
-0.447207416842284	0.444092478782502
0.646470325322902	0.672863852557935
0.771517593108616	1.07262359606092
-1.20876971091981	1.94734325560013
-0.197097455348564	0.166879616415548
0.314705753761571	0.201614939732399
-0.459266432003431	0.459036466112426
-0.602704180290912	0.585178112068002
-0.0320528233364401	0.0205681391996645
-0.586179754374699	0.650946570831543
0.203369271540465	0.167959326234936
0.379493466430488	0.409382573864778
0.0234665702516019	0.0868896560576459
0.145106214428609	0.664290840859732
0.149728830035194	0.541894931368271
0.0935828572582309	0.0912670348537429
-0.208031509659465	0.188963323270558
0.117989559783371	0.0989509672580372
0.951060918261869	1.32627775010541
-1.06007166130315	1.55894084886179
0.249387007307456	0.238072780782113
-0.201918304791407	0.153866687026807
-0.409568822038018	0.531855239979177
0.165803697590273	0.0949513100276901
-0.623999008680456	0.681736013178047
-0.125793614242822	0.113910259397336
0.895974924550103	1.3298582030349
-0.0311622371905192	0.0233034732160094
0.80269210457153	0.851835844889945
-0.32669236812102	0.228051405961443
0.439503642214055	0.416472545887849
0.647039383374011	0.678988382201922
0.802051063532366	0.951840567823944
-0.400614228285395	0.405698879656644
0.252092262896576	0.230089094402431
-0.131957603200957	0.0913265257728936
0.582897088899652	0.553962312907692
0.27968908952762	0.22193928470613
0.171911168007681	0.115097949254438
0.517548987577007	0.5294746434835
-0.564194079275327	0.509467712051144
-0.317099016908448	0.297714340343766
-0.349171872909218	0.391966904342698
-0.113181055810364	0.0799307179026855
-0.350464211127508	0.330971713345235
0.788632852753313	0.929987934598891
0.07590312156586	0.0510808590532711
0.195413223650698	0.159717391409053
0.0800122188811816	0.0538706434960186
0.18622110988518	0.167052854243825
0.200066831206871	0.181376595421899
-1.36721387653242	2.04977312481768
0.293419802959582	0.240836345259587
0.0185978522873971	0.0119697841489275
-0.46383119478682	0.42844771437321
0.252135327466864	0.240376801359719
0.435438129600879	0.427327054098531
0.181385685779342	0.133889264692086
-0.4963207978242	0.489025961114864
-0.0863226128662834	0.0693288581810421
-0.307654256815283	0.248848398035838
-0.981247422558552	1.2237182414862
0.078826524144097	0.0566432084746863
0.00503120903514504	0.0165578101299092
0.249957734943106	1.26033338627259
-0.373714180266324	0.440221735813697
-0.161373928211438	0.139562181879308
-0.17752720755903	0.138367842143714
-0.248834113557982	0.183482142615547
0.769732443469925	1.00379417635714
0.261479094184554	0.221273663688944
0.795537176362594	0.850064238499892
-0.787189517978506	0.830680087604198
0.413512053664881	0.324831494033409
0.0779758789763358	0.0521532739030765
-0.0686550855313786	0.0299624414631914
-0.0595313069423118	0.0439828496116723
1.39379448018057	1.86108980378661
0.271595935672659	0.231951756835278
-0.0742792735236067	0.055320074526979
-0.00527600458475035	0.00349803261130137
-1.17763070700309	0.996572303358562
-0.0150662583691441	0.00731704776725974
0.397419365165975	0.324844535678805
0.865675525678548	0.627601740372352
0.714571485022796	0.463230819039262
0.558411286401308	0.435284335772789
0.191385071776038	0.122481850389497
-0.148727361340597	0.0827831179246833
0.300643690414235	0.224565133116404
1.23868974467603	1.3492722046784
0.588546137361002	0.454113889001715
-0.907285103859878	0.75028619825721
-0.464055232404093	0.30328810812266
-0.259386309806202	0.192747193937315
-1.05450145466124	1.05951510038803
1.533855191194	1.29563780419558
-0.0157333119115942	0.0103686460627355
0.991309984948452	1.0756065027995
0.477733996317278	0.433255938245677
0.0267166701486851	0.0143261237239285
-1.06046924451904	1.10374083096265
0.439401572918009	0.422024732736818
-0.192781368827581	0.128987800274321
0.17801112598251	0.115445457900849
-0.233891726973742	0.177459269162289
-0.126606568572084	0.0873584515359956
0.400452215106962	0.326428911739519
-1.61268513299289	1.23076884014577
0.164866751143337	0.100785907033296
-0.0250478418509624	0.016396203494772
-0.0986229184188235	0.0710548112969798
0.899621951860904	1.09904572640393
1.36202842110597	1.23601462605849
0.41002897012318	0.322816600958029
0.0547962302784147	0.237023916729215
0.0806399176343116	0.35488368816911
-0.174276416413021	0.813998989822131
-0.169033225472119	0.557432213021107
0.117331884822049	0.186341859948459
0.0939118788273593	0.111647458646316
-0.173672105388317	0.148197081112396
-0.394794294748466	0.308910043983512
-0.96401002759283	1.35255237313926
-0.0269911395662351	0.0205360184411631
-0.915337148688781	1.14793654872693
0.883570870206949	0.875653372034894
0.547573401490659	0.450335989199844
0.279026881496728	0.224716928510602
0.0205733813199543	0.0170130843183015
-0.225081685294739	0.236682402268809
-0.737822966511504	1.00030234565483
-0.000193316115652241	0.00021706872083786
-0.480286402909298	0.523531713552204
0.205637979715236	0.256894501573499
0.0802379976941345	0.095792607807899
1.01607744143328	0.938861573760401
1.42905180497409	2.1181830154261
0.00393232777710972	0.00176805534199271
0.66438006912378	0.674874101324017
-0.274199437648301	0.171448253595386
-0.101597951834625	0.0592599407587766
-1.0493379742252	0.828620398489595
0.295585006421469	0.211716757065259
0.162322830802448	0.0773568940649381
0.297362497720627	0.202599771774869
-0.0710441042626009	0.0518882411856804
0.161816661520317	0.0922929797133921
0.540131975708639	0.447329647969883
-0.259564392902217	0.192848183561733
-0.188211953681628	0.100182955610988
0.188519746427136	0.13902490269996
-0.805837578188461	0.68677817944417
-0.0493284402915504	0.0415433237342783
-0.789633507752389	0.903628735237474
1.22545733775428	1.57726491146843
0.069659214177757	0.0447502341347412
-0.101906603890472	0.0590596422428003
-0.464544306847678	0.308779342483599
-0.269680289461196	0.167838279436718
-1.45542676512817	1.27959045417977
-0.426076054582319	0.364368747454392
-0.31009708070067	0.143643851282101
0.842709099696103	0.761613316974181
-0.300915462101508	0.217751334424743
-0.0915451766157304	0.0663176540820142
0.73415324645767	0.607287941734889
0.508303566018866	0.431881179041836
-0.0636016742874949	0.291404982752638
-0.374488538233047	3.57317628587846
-0.10093550220116	0.389095073186725
-0.469483769308477	3.03456799249976
0.014302389916723	0.0157295609253458
0.00464325188865509	0.00429744551797442
-0.568635788868428	0.849715375567694
-0.192259543821077	0.235715704102188
-0.145103125802827	0.131787645361523
-0.717632258342515	0.949593623108727
-0.340470095388327	0.32440405333509
0.195295007200064	0.17248529519919
-0.0618544868014016	0.0458517046262412
0.0779429327066919	0.0539857460909492
-0.0418918871253145	0.0267855638524003
-0.077308646251016	0.0564841117940009
-0.0979645636264906	0.070947696700564
0.115076627870628	0.0917296008206269
-0.283401937015522	0.233388325971887
-0.133948483874359	0.126234177217476
0.113283328077742	0.10920283611374
-0.0398765602322612	0.0367622202248102
-0.149695752052741	0.159075235184943
0.0631130630082516	0.0614212118173514
-0.060155861595951	0.076758322370609
1.01801919108303	1.19434011974502
0.176866788765303	0.107384606654708
0.322334764124612	0.193378528641462
-0.395708852742493	0.311221912894072
-0.657140581076001	0.389344556006656
0.856164323681073	0.619145054481995
-0.395436432161308	0.270578494767492
1.10803098871107	0.826723430218783
0.953179202293549	0.642244165989837
0.275440478073573	0.22578550893466
0.733685215696428	0.601462291781176
0.137231508251725	0.0653224112586873
0.324733902436632	0.207113997197095
-0.148656650294664	0.0840974482599823
1.67110315189632	1.52140439468771
-0.331441276216718	0.195452128216669
0.0440752281781081	0.0376344902901838
-0.0831917561906896	0.0598971220889659
-1.85194746382176	1.16427476575087
0.159549962313899	0.0762678797610131
0.154325052832514	0.0740317139441996
-0.544214155334929	0.341355101533449
0.397134828146382	0.308361657034248
0.136745630238291	0.0647813548284289
-0.394926556522254	0.271752506828854
0.71221894047028	0.458986182265853
0.170184513726971	0.103708586916609
0.891924271836113	0.485408326875817
0.152516796673776	0.0798984822047601
-0.163360049441566	0.0592738806217109
-0.197504504793211	0.105676925031031
0.727788989745635	0.600664893384486
0.108985784431691	0.612059810773278
0.114594568214971	0.537766981163413
-0.105453269548051	0.349545057762809
0.0185949794502517	0.0210967252180408
-0.293385201960546	0.332215194077838
0.0714564546805666	0.068474992848665
0.445226290775971	0.592343924172206
-0.255694954354192	0.338846082132
-0.488420130333504	0.684660592261333
0.0849844792748433	0.0568656175229016
-0.444498416318916	0.485902070656091
-0.977036400582412	1.27394631824872
0.688391862526954	0.772804882745051
-0.185459147654355	0.168883622294599
-0.0772653952519332	0.0562941957734967
0.243134106981153	0.228791996764855
0.915127090166813	1.01136451026817
0.460910209267556	0.504689617798288
0.189737151196055	0.194796214571506
0.341661271014551	0.405811964654453
-0.0767799434249649	0.0873949762903824
-0.0860274126216816	0.125106797672311
0.728266543817211	0.601559497142536
-0.701920788177056	0.553881876584627
0.142730736368908	0.0428308717507511
-0.0677710806756635	0.0294284326054214
-0.570639758922644	0.407305281148212
-0.245233413982545	0.121965397380524
0.603637573511993	0.317378219086618
0.547626876286491	0.450277885169727
0.000272054997672194	0.0000322061768693253
-0.439411275118076	0.334487149940868
0.734323574232811	0.603180219428216
0.60265768560004	0.452271559025408
1.52601972727379	1.28853872787673
0.0380705017166523	0.0220045270783583
0.33624721731089	0.339673236416665
0.652481705738397	0.583968458248726
0.550746493030847	0.316712457184901
0.154700370300556	0.0744619863590451
-0.0274731149373824	0.0130180256919096
0.294013482271166	0.199755107753648
0.152489836004519	0.052740500279662
0.304391368198209	0.191369130811087
1.08197600508373	0.671805047482294
-1.22680964707874	0.904271300922353
-0.14407401520635	0.0525703909824622
0.497901823456724	0.311374561569619
0.180050775768856	0.127964585178405
-0.14898797790818	0.0544634098656251
1.12762687407208	0.998330875740654
0.849766421957194	0.769929086720711
0.946890847642703	0.637323787218063
0.187092331114393	1.15954732159594
-0.110257373053694	0.47464564171542
-0.0618952134297421	0.0967834380133558
-0.405712910053655	0.753922739734648
-0.0928495409557871	0.119934108733678
-0.402817042743371	0.699799430633135
-0.182860379364544	0.281498350622602
-0.474856351796417	0.919676634502724
-0.883137461361416	1.53523109627133
0.270894987065989	0.380966392021741
-0.313425393949154	0.361865781345714
0.418604391921593	0.552502675468212
0.611564499773438	1.02630714328858
-0.676763368066121	0.970997813057766
-0.975885526579398	1.79778307589891
-0.474947745349905	0.626950160087357
-0.127558406710593	0.112098442682743
-0.043305009905124	0.0388442627115154
0.348151359845153	0.398317562372835
0.125338301786184	0.108321687199616
0.562577979938008	0.548227791350039
-0.68570780651939	0.540427310760055
-1.14533783587301	1.25413635552218
-0.5355021469858	0.590788120147368
-0.298493653151848	0.217797409877425
0.292115174206195	0.208179231880079
-0.168464430403338	0.130175274615163
0.394029793039204	0.319871466733759
-0.955728822551134	1.0113654807292
0.377817301978445	0.31892466774537
0.119375600181738	0.100382132739344
0.857303267475839	0.76890101753638
-0.698628182524868	0.885718804109919
-0.105299594667538	0.0982740871802434
-0.605678526621576	0.629478946894758
-0.377493077250322	0.325249673799619
0.74236046636299	0.712629373365826
-0.585335455887531	0.568093668866307
-0.292119889500816	0.210752111174846
-0.603155562466709	0.486974605133548
-0.0203106734204425	0.0133542919330148
-1.37009369047587	1.91886013917258
-0.0761422063403998	0.0541769594517089
-0.398762377405917	0.347881589609169
-0.228523277983245	0.145895240964999
0.720186278906915	0.791407116863239
0.275490013537237	0.236093836949629
0.935778747734706	1.02526604879282
-0.0201919352009306	0.0131448026797494
0.614766648392636	0.56935891125572
-0.00270477909726443	0.00203328190129899
0.149297095986636	0.82580304297292
0.0844989865440575	0.297675582982218
-0.0975640919608458	0.209515574947682
-0.10597696066561	0.196048144442848
-0.0450825402309559	0.0731637307004639
-0.109576112787702	0.167788973552261
-0.131989577616432	0.21368768580203
-0.194966632184893	0.299857496068717
-0.22586223514989	0.434739205041898
-0.0311592482078231	0.0438045164131469
-0.100450917984757	0.124623092461987
-0.672067605381709	1.52728283092681
0.209999369370241	0.246010210600579
0.160019762738855	0.195626497235086
0.0508710896470533	0.0556108055105193
-0.632707040253327	1.13005496475933
-0.315872078403457	0.414082974117991
-0.863893161330837	1.69653750020201
0.256223140403365	0.267234713200615
-0.238320075357241	0.227909552180676
-0.195405109237173	0.226468560969647
0.122126984382721	0.109100121637603
0.26402130350966	0.24043973252796
0.504694661957052	0.541236079551855
0.107533249141362	0.0833065128738785
0.260144864285133	0.224353267893354
-0.933878516724195	1.11952780857229
-0.907700965771734	1.13159990170823
0.039453909954416	0.034363216628841
-0.216853209538821	0.197471380154071
-0.0494249974147866	0.0401589191874109
0.0688559768316621	0.0548339721372483
0.44272393475832	0.479057557614154
-0.119978040033172	0.106246169243668
0.0509792954070097	0.0407278417636871
-0.40059370989442	0.378097124338103
-0.634832929397423	0.795271676647394
-1.16137299675731	1.60889761190366
-0.4733327552776	0.530767379115856
-0.314520039509249	0.340813189038023
-0.687079491483187	0.861660417670603
0.730180890718787	0.979883704862933
-0.681451235159911	0.858372928670829
-1.18935844070732	1.91923985037949
-0.0994257989050049	0.0788651348556681
-0.221006415831587	0.213403481772322
-0.34791503954023	0.354982713772676
-0.28095201139648	0.229229446314634
-0.131138570335881	0.104601179146695
0.130453239256111	0.120081701212024
0.268355765889679	0.26006826739942
-0.680064097721854	0.783232804897398
-0.143196719882359	0.124678768263289
0.329051697418777	0.321635245262118
0.916796793791689	1.12018592674327
-0.222901125507273	0.07385839070143
-2.0690075220274	0.964066831655007
0.0148804401793896	0.050835321980259
0.0729932379984148	0.252531454909571
0.141031872135599	0.442964751710571
0.0257428625846838	0.0520264788548555
0.117946320033766	0.275713787255453
-0.0734796655497658	0.129226520487579
-0.253660659533976	0.573871917556521
-0.192879160626377	0.41221505006066
-0.288153782741123	0.753564712277027
0.0862407623513028	0.145900310457893
-0.450175082687782	1.15445187917454
-0.306637013510454	0.689469897503539
-0.118144378678357	0.221188717790249
-0.216621901258535	0.422465403770318
0.0493335200797402	0.0583989146045188
0.0209654722995426	0.0257157120262846
0.105419244718565	0.11402426745395
-0.0365397079479812	0.0348128204892239
-0.215892255525179	0.308311037032893
-0.736399833201904	1.38363251067689
-0.372431139360852	0.588629641767742
0.365890141714805	0.418205311483137
-0.234450144289218	0.271093028099966
-0.328535417673431	0.463906226158076
-0.202067869104691	0.214244522512234
-0.281464991147664	0.401257611460574
-0.173089642437437	0.147189072874182
0.258690824940031	0.248554120792163
0.104125506433378	0.096452032457021
-0.138286991915866	0.138171985179656
0.395146684394277	0.422316639377833
-0.16729996456653	0.155584128726588
-0.72998651400625	1.27367192635694
0.561951900622519	0.618671965418439
-0.0807873026660816	0.0728062403038203
0.385853125446523	0.488076948371107
-0.196681379242455	0.20494916139962
0.0509436232522268	0.0446944438247913
-0.896451770279882	1.22937424860034
0.0619982432385661	0.0508362353497777
0.171508046233206	0.18670098193615
-0.862692311825211	1.30092856739579
-0.538544202965152	0.623059806896466
-0.461516705672369	0.60556466689227
-0.404065410982627	0.422804664057362
0.257287268681255	0.28397624517381
-0.163869338191608	0.152001002001798
-0.0859644818042429	0.0691978625758971
0.159679855618371	0.164065613974874
-0.0915994602055876	0.082142190843958
-0.134180461875693	0.134956471631953
-0.0883797934896461	0.0701568625298246
-1.10771290977426	1.68747174474018
0.0645322731697402	0.0415676071902969
-0.367361277975562	0.451436047510403
-0.538817746512736	0.600657253570568
-0.396524345934274	0.464840155994352
-0.654392563318783	0.863829344158375
-0.886805285145778	1.24237172506398
0.610405172955569	0.814861209418103
1.10012948863121	1.75312878731293
0.651996276068594	0.451592143259794
-0.211051192081958	0.157605225807763
0.190589525369851	0.121634788817256
0.186753117163156	0.173094754491437
0.212944717159626	0.227159866353497
-0.978671812540521	0.491844970361212
-0.52402013054653	0.203694200281952
0.0168942257354797	0.0600586979082234
0.105763969534366	0.428647004475599
0.0175680687555055	0.0413423020259234
-0.0906533724903414	0.241739091594471
-0.078784510388964	0.164981779458117
-0.178668238274688	0.403655971158774
-0.039656239676699	0.0721352063387066
-0.0835144688274192	0.168470355399281
-0.224832189659426	0.549588226761525
0.0539846937694456	0.0895260722378298
-0.327718670867194	0.80494456267686
-0.563642007143379	2.1264515683216
-0.523393800001977	1.77346111486982
0.280866572377308	0.539513326427727
-0.129775565424964	0.225801901472788
0.271317089704737	0.428267332090975
-0.338890420291876	0.600106086399768
-0.563864128262269	1.1970151162343
-0.115269008326571	0.158780829964052
-0.211186855284893	0.297363401215083
-0.622300659716703	1.14938827648376
-0.216743937835407	0.279822312025141
0.407975085449138	0.643801639374446
-0.238782863071844	0.297345903960227
-0.442473528559661	0.774762166304964
0.419470784618574	0.490893265891045
1.96463092715103	0.470372342687103
-0.148183496842096	0.167144422503151
0.563590951709348	0.768160172558852
0.187882499870699	0.193358090858744
0.235547317092799	0.276403145929581
0.0981351841848248	0.101526908629173
0.283383592566035	0.350740038612373
0.174026846968224	0.179901666117134
0.0213468578293828	0.0195192727538817
0.0664306127611664	0.0650820271737708
-0.0635786374086822	0.0626963669307826
0.420859225304419	0.503347933863428
-0.0416923302884776	0.0406253210955316
-0.0189225284331368	0.0162211833673071
-0.192591108351334	0.214594100307709
-0.0549973210419523	0.0533776981700855
-0.843151189642265	1.49465918856781
0.310629235658942	0.319408412752826
0.187943890394279	0.167239759054452
-0.064891644318177	0.0664279654392271
-0.0456711076300563	0.0423539339908491
-0.159479015407112	0.171266719966459
0.327528155541605	0.329092666145241
0.13893807469723	0.159001573773817
-0.131174518541014	0.130975749048062
-0.293349786857725	0.368222691964205
0.297034872104661	0.323249766490513
-0.186304039093855	0.19305174902004
0.650326695115789	1.00214158659592
-0.537440069482345	0.815194437774455
-0.424835385804082	0.521201565944764
-0.723001562583222	1.13875394135937
-0.136560168778224	0.133994631711338
0.256518061545678	0.264824722543806
0.686464659049908	0.589308670072419
-0.501426622772739	0.493811382623346
-0.0760298363028689	0.0473986116542169
0.375815290269282	0.315805496899366
-0.608654506166266	0.295801754807353
-0.778919093445955	0.349025831228475
0.67888497922432	0.216927289969948
-1.79541110556836	0.406108159138969
0.026511267802891	0.0978104850697845
0.0809387278424441	0.291081578519169
-0.0412313070032233	0.107211212958841
0.162194843783445	0.442509778148298
0.024743783396471	0.044474509316488
-0.0169623655871639	0.0293002687857011
0.0993883396547117	0.219528149811501
-0.166472532796342	0.391404537275837
0.240596728436769	0.57985520747334
-0.335866991798623	0.93393506355259
-0.242368344752387	0.667903884467686
-0.290442720270002	0.730910090788461
-0.322990370095721	0.613418158743348
0.0165202941368283	0.0233894592046414
-0.410208299852652	0.776089255040914
-0.246755819540385	0.384989526344237
-0.285317963382985	0.522885620773562
-0.236842133833345	0.386973130360758
-0.460818834983814	0.903546107666948
-0.913646828851653	1.82592944330312
0.159651540155696	0.19576528154256
-0.444849705059173	0.706849915446044
-0.208382027625052	0.265426674682462
-0.00533596021687908	0.00596139899566567
-0.310294300685193	0.273031987396286
-0.0194006258032845	0.0166605386189171
-0.127791646391334	0.137402174526895
0.111621173897409	0.0807401251933281
0.0184704644590045	0.0156689170712626
0.406808050691471	0.511106836122501
0.262835984657749	0.306102709320853
-0.259981920829726	0.277985801470964
-0.662612344029803	0.913742181951172
-0.017487264693323	0.0165315066882811
0.291646434884665	0.340903664960632
0.241849527467196	0.285923449871438
-0.385351593353543	0.433487475364847
0.622350091531967	0.95219763328213
-0.536969735018952	0.867222912934021
-0.175257600380411	0.172772781972956
-0.409496347129357	0.50770232632638
-0.159414284170282	0.156593466214568
-0.337914011624703	0.408079889735388
0.313396458013928	0.325782385341317
0.267990756992185	0.299886715434961
0.0392266856166419	0.0347167728263548
0.523974215054273	0.677421725180752
0.0570253625607201	0.0495469145587543
-0.13849351766342	0.138710253213435
0.372841988758007	0.423108973069563
-0.105391845420804	0.0999066195705223
0.0722244289546353	0.0699942807244495
0.345576248515066	0.41527384785368
0.322306955603761	0.356415039591006
0.189474673494902	0.149744815127515
-0.893374766448696	0.816191789716577
0.17655544902905	0.148414892527772
-0.583871135883352	0.422329391668444
-0.234316731310724	0.192956446997056
0.338645053198922	0.349111714865508
0.502230109032543	0.525188826287158
0.474378438729176	0.31895884972075
0.539534852205561	0.311896609137061
1.03912222698575	0.39971781200683
0.171634472420616	0.0433572706368662
0.956487790679547	0.25443416057231
1.33221646682829	0.599978311661845
-0.772523812046308	0.343445347925941
0.00938554703765531	0.0315757808231797
-0.0403179166874703	0.129170240034947
-0.144298220660794	0.415463228234939
-0.0149919141644689	0.0289003185051043
-0.099011748883839	0.220860220904854
-0.237092654127006	0.731025796764939
-0.0736857982085159	0.148320523482707
-0.382365149926032	1.18152425856504
-0.234637394677242	0.559357863559544
-0.0670645724008715	0.131589154612936
0.135637043224849	0.268504161391358
-0.208329838962617	0.354506876696333
-0.0114402500335271	0.015337303801151
-0.0613709852337075	0.0752418185433471
-0.106189387879962	0.129905346293298
0.0695901258385524	0.0919391871693371
-0.660787166036043	1.50190356610036
0.138495277857623	0.180125563712362
-0.0662154590270248	0.0725341852593729
0.25622840360796	0.324382560215019
-0.752078226640407	1.53483052697158
0.00234487214649374	0.00201528349708734
0.149450019158104	0.19082340607181
1.96025897070573	0.471212877436839
-0.0376439312733929	0.0314749062195682
-0.188133167739901	0.124690787958583
-0.322539041619183	0.385546279841659
-0.175922831810183	0.193473092804357
0.211544125260475	0.22530441635552
0.0269529429056355	0.0268814173439957
0.142029983249965	0.119590374864443
0.334054761230531	0.364028008052532
0.307287685650523	0.31529482045869
0.00196777311322686	0.00192385976921459
-0.244611298189936	0.252859779540628
0.516833267005529	0.722643918881669
-0.543444468324916	0.810947209464523
-0.386600076773416	0.516247445939718
-0.472002845278469	0.437096811000866
-0.277472474360453	0.296657564421337
-0.554979173386016	0.737415798868453
-0.132944934699742	0.126747238312204
-0.452911766177054	0.482517817427182
-0.484917765207185	0.581589937403857
-0.0799745286534404	0.0775245399837843
-0.815380356109548	1.32197352060832
-0.305468244730158	0.348827921206419
0.0980629331970443	0.073660613061654
-0.364379620804019	0.455521311911127
0.00457564331555153	0.00377715195117579
0.309306519342117	0.334529328205717
0.481743555933153	0.510558448228371
0.0857839898710304	0.0742174133743805
-0.380624057447812	0.493997925571043
-0.184124549404649	0.178497186674826
0.275358384889494	0.242520875482953
-0.555447569579928	0.579117410784406
0.0401534153860212	0.0232522725591375
-0.998438673625377	0.884468574418776
-0.78892944271932	0.790688037367053
-0.436401992434513	0.375307041645642
-0.028401935813175	0.0181455416407854
-0.557322456563819	0.577856404673259
1.95648749836469	1.24269746071539
0.433479902651479	0.177093447889082
0.956487790679547	0.25443416057231
0.162378104800928	0.0310834456145106
0.167846042512584	0.0427707788849589
-0.347528305961503	0.100672430355311
0.117870815893533	0.579485055093822
0.101539682252824	0.386587563439482
0.116807595998018	0.344539101979515
-0.166549023489114	0.495191629268846
-0.233361347350138	0.82528988071813
-0.195508333083245	0.538804752594364
-0.103910018331078	0.226685777801371
-0.0452000380012129	0.0860839997397773
-0.0211846617157344	0.0406479163384422
-0.157581030565108	0.324485769672814
-0.582790261813665	1.51154847389248
-0.438434476667775	1.10450910571656
-0.16776273630208	0.208770561790274
-0.266084009538361	0.470300655806025
-0.451689487124351	0.884835623920652
0.0163918283379521	0.0191074997628637
0.086896440423331	0.112784601514942
-0.501163607865934	0.7916475752755
-0.456056331122902	0.633018280109918
-0.657102368419357	1.132295258829
-0.214171151669904	0.23352977716602
0.567782975227764	0.627055333403121
-0.435343347215428	0.37141149934156
-0.0967414893088503	0.0907974940970105
-0.46124996570338	0.617103417689439
-0.0677809608926832	0.0566548512424475
0.355523425215027	0.476327915476355
-0.0211317892718456	0.0196716654189042
0.227802819304515	0.260847561868003
0.0195256875990493	0.0165656812529654
0.103907864892094	0.0984184530376762
-0.732320134585772	1.08711240655868
1.0375957544437	1.9328723263768
-0.361593135389308	0.36505916633244
-0.23265677689585	0.242988863930954
-0.573555782695174	0.744466909300692
0.348536727761506	0.43893520453816
-0.0170026382323225	0.0158261378256687
0.210228478405819	0.259855018131355
-0.470364681237994	0.55316207723544
0.0185182681555078	0.0177010216166475
-0.15225381354748	0.142472166548391
0.252623527894158	0.258427318104296
-0.279904312057821	0.29975490954385
0.569619535274571	0.648077464279989
-0.148447377499918	0.126308069206533
-0.335420607120312	0.343035228495893
0.383026441264206	0.432371944139503
-0.100183105542272	0.101191667686521
-0.00422214156509205	0.00368512471749581
-0.225510021585765	0.202027635530588
0.292817842876847	0.216046219536235
0.143797561617507	0.0750167042946735
0.575610166273325	0.545991448271004
-0.688522983858411	0.590253080434798
-0.216629910923947	0.183296440104146
-0.137569481875527	0.129486998534621
-0.00169979331011794	0.00135403164846929
-0.0352659445527454	0.0163981995662752
0.545848306203232	0.314844987177751
0.15217592618318	0.0460645385354346
0.1588995276689	0.0306480879354901
0.00897733167652513	0.0300900776488801
-0.162566165524643	0.71008950838274
-0.0402275684785791	0.104479205002171
-0.0707977972310168	0.191790150023082
0.0549298384550771	0.120583206151768
-0.158142830611009	0.373486362076934
0.155995211358316	0.338343763579047
-0.246475517330397	0.697584616037124
-0.467516788913466	1.47656024047741
0.158816690465402	0.223680124241679
0.209088660207966	0.348034316134623
-0.358173199824177	0.606178343344275
0.029801327998094	0.0371520218627112
-0.0910429715507128	0.12285269211812
-0.0423780219763029	0.0516185793939629
-0.651188698967048	1.3318991894346
-0.453209230646234	0.727233676020285
0.0606321316789488	0.0583128953074688
0.0615990830686533	0.0686766448334999
-0.740972591240505	1.23337308790036
0.440753006252176	0.67317445532661
0.177053292126737	0.164111329836581
-0.265824566491087	0.328730903676128
1.0924406510699	1.54107696838693
0.245915809977187	0.233229499154998
0.500677060674598	0.604487189699192
-0.0642849600135711	0.0543383411727194
0.0148257911451432	0.0120275781784105
-0.515860539030057	0.59961131691313
-0.375594852950841	0.375750799387492
0.0832882255649135	0.0751312722509463
-0.387353348831954	0.471671796342686
-0.304885986528338	0.309382204405957
-0.0698341388287505	0.0688118750807134
-0.630060306007056	0.752148334183667
0.397873598135827	0.41441696485307
-0.113613259957161	0.108425409127829
0.154664424614197	0.156890181586211
-0.133785031616421	0.128784031311736
-0.0337920457900085	0.0289222446252785
0.753820276634675	1.1272253753846
-0.638483533606017	0.771217586311044
-0.747824907852261	0.944829236274736
-0.310751042645739	0.291322616521893
-0.675715764609585	0.808856024030077
0.214920691890699	0.220335231604243
-0.0615592530640532	0.0507433634801331
0.140710017890883	0.129766290386183
0.193950448526218	0.182424583438515
0.40203334877038	0.421411454799349
-0.190343676464771	0.14522343579905
-1.47885824455601	1.03256205993176
-0.102130302079974	0.0589828989620874
0.283522728124518	0.219910024827837
-0.0786786034048222	0.0577777525347512
0.179318126248442	0.127536180186521
-0.856369826475531	0.958458536280206
-0.457938020385702	0.298615066990296
1.08572199616347	0.668906066727932
0.165627026668308	0.0419540958394552
0.171634472420616	0.0433572706368662
-0.609966842831359	0.297344613909476
-1.13238101744968	0.345367402292769
0.0186082844655259	0.0650273588025418
-0.138205936968487	0.615250752364743
0.0150066139569426	0.0393250852714955
-0.100598616520623	0.26308834399804
0.111869153633103	0.267235114113575
-0.252924665911547	0.69293224688162
-0.223928612804816	0.598028510682055
0.217136180354088	0.46977415663438
-0.600798192538105	1.37357133545149
-0.0911655938388985	0.129733522163604
-0.525383923039324	0.915482406124235
0.257443283785458	0.400296730471936
0.131287618335766	0.188563546515391
-0.0851089411537455	0.105788724341581
0.144920206715867	0.192970763690011
-0.539010589302082	0.897842233585545
-0.386965825190706	0.543692424612812
-0.603385212820498	0.979465342029209
-0.0575115508080335	0.0664770216216379
0.278334466247673	0.416511329863279
-0.0383394898747537	0.0361087664322515
-0.0505361205635851	0.0452583544950118
0.557760979388863	0.71117805894191
0.231617893379429	0.253658711412013
0.330894351006623	0.322982562641057
-0.743618277254016	0.943750097075376
0.6315271025726	0.749717703987446
0.462013661911464	0.511425337879948
-0.679639060614547	0.745477217051012
0.653301784538126	0.926578860879964
0.964119154576812	1.5836913501682
0.272512535009431	0.307982331533576
-0.24307793819427	0.266933981161798
-0.146782254420551	0.14531154712314
-0.260554365979962	0.217689496366285
0.356106240188682	0.394164367241642
0.00320520939366451	0.00253639488286711
0.66756358859534	0.843808789692167
0.0477952832174642	0.0438272761265596
-0.957691686068932	1.31190272425755
-0.453465295398003	0.534153184170794
0.604210590110927	0.728398187758001
0.477336697357713	0.500181834529836
0.872166251978954	1.0932262155433
-0.588922962998052	0.709263926992041
-0.774872388720516	0.958800859637358
-0.351072026732342	0.308305958374751
-0.056277784782007	0.0514307206258603
0.0294544549427865	0.0223287016361222
-0.309134105712611	0.272100171319795
-0.285135646451625	0.292197243737456
0.33253288296735	0.332602834837891
0.976166886332372	1.2621894545744
-1.35723008221188	1.32609992528868
0.406300832497323	0.318274659395886
-0.513422695087155	0.386433970496152
0.605994942822663	0.454397470410293
-0.796352133127165	0.73907352702442
-0.734897597435806	0.928363434405276
-0.580240166872971	0.417676837352266
-0.344388709177867	0.205260397296772
-0.0977102367405741	0.0395608971079152
0.0576248995266713	0.250305454031675
-0.0765204398791874	0.292315656633704
0.0426275214782006	0.106826914178777
0.0197877586079267	0.0410393668422904
-0.13458392260169	0.323626013639516
-0.168828155352752	0.428104278150927
-0.111751784461243	0.229206575023452
-0.212578699256218	0.359568207675174
0.145470599058305	0.247063689138801
0.204783848648914	0.287187260907288
-0.0118965913862225	0.0150044320412739
-0.0968871521954741	0.138042787028933
-0.421731346713118	0.754088682305153
-0.14370488146355	0.193625320560259
-0.200534432181723	0.256495957442441
-0.230437303254004	0.281984339289802
-0.247209663742655	0.338482510392898
0.100701224832285	0.0981898239854992
-0.299315773516735	0.458223540816919
-0.068944525178658	0.075641896390197
0.26324114628203	0.264039716836918
-0.249330988955749	0.234062883769154
-0.0304244635160399	0.0298028079003025
0.510612081917448	0.607604912221743
-0.379081135607869	0.489683217696904
-0.0832110429600074	0.0837688129792165
0.678394241353836	0.871344936748549
-0.152855861261867	0.144988384765629
0.338750970771521	0.347702227722889
0.120258014397883	0.0946174378416465
-0.615162789295069	0.771326445132646
-0.506003708324241	0.642365598677194
0.245193488212535	0.269570729973232
-0.182790180944239	0.195069730470551
-0.619376325144102	0.844098104097229
-1.44773417458643	2.44052159071521
-0.187316892400297	0.185548622766753
0.0941802126017059	0.0855954393210139
0.0377264858936847	0.0313579472234029
-0.499843247742632	0.629387551191729
0.198071033894764	0.175120137672113
0.248003772650015	0.240574111168686
-0.299741577811675	0.288572090531238
0.804730762665499	1.03803411114855
-0.802020929292474	1.01608607980118
0.410108897329405	0.430391799405915
0.313985776784162	0.333257125418841
0.505480228429932	0.53086493154894
0.320581169059982	0.325670741923883
-0.274307377196726	0.260649236775387
0.495437175355712	0.532512207485945
0.545507660649073	0.682371269273276
0.195205309458954	0.167020339384521
-0.72300757654394	0.821967518985384
0.0801081558625348	0.0694559093887272
0.285222063814568	0.342330667747184
0.570071009633143	0.711808765321888
-0.741239600955794	0.981663075277179
0.789601359977997	0.840759354778279
0.0516562496014191	0.0415091325057903
-0.373604827947358	0.460589565578143
-1.06086090242617	1.10390271244021
0.0183437494923611	0.0675463148344903
-0.0150784144714817	0.0460940540044877
0.0451984605485965	0.12082709416648
0.0538357547501635	0.127411384166287
-0.0210351786306799	0.0479811176697582
0.306292771609223	1.00763605286294
0.143180922914075	0.271184841585198
0.0367408056323026	0.0615416316211861
0.0700654554938791	0.0989120418753979
0.308231967549452	0.610581408549758
0.00311887314626522	0.0039852818075468
-0.0172742981229857	0.0237965232176224
-0.10247106575853	0.145391543060268
-0.416103556447369	0.690000275702296
-0.410597000095084	0.660077372124816
-0.658390007812872	1.4195985654051
-0.333715468336101	0.494111244696279
-0.193316446172946	0.293342851744237
-0.296402060675142	0.299619562271489
0.1588995276689	0.0306480879354901
2.76088021610819	0.795949787637318
-0.122337757000963	0.125132922455349
-0.279276999533609	0.422015048712701
0.0334157452254386	0.0311952642437536
-0.168434379188027	0.200726120309599
0.166222907094373	0.17644370205352
-0.343847654297381	0.497679538445033
0.117333051978384	0.123201448744647
-0.038603486979049	0.035201642090191
0.111314420831653	0.112584322543097
0.0742361578096356	0.0830975634639768
0.146742671123456	0.140965900068188
0.252223983115514	0.291808930927998
0.625733111852903	0.937025655336228
-0.0582241402002219	0.0591670535728734
-0.340505904019537	0.440006021400282
-0.813024555360241	1.26680513995288
-0.228522489452446	0.299174466564361
-0.0808507549871038	0.0662273542408989
-0.272983912862836	0.298994998355757
0.692344317660779	1.21285443314617
-0.308878906701043	0.363657286006474
0.314105777985864	0.340746778729186
-0.376296429366272	0.493806359620957
0.161277431528119	0.179271581230977
-0.0196160118422689	0.01865701802388
0.732752086161253	1.20221394999022
0.420808115086621	0.563372133937605
0.119234173406481	0.10624484971157
0.613311387221924	0.814072994421028
0.559798737769102	0.63337157404206
0.0882903399246777	0.0783433399007528
-0.551555792610675	0.792875551166571
0.170025227406957	0.182839568757146
-0.16098311124476	0.168038460636615
-0.319965919472888	0.396019972558834
0.32058909873506	0.333867148636125
0.16833913844796	0.123149903216886
-0.46502091572993	0.307170085872126
-0.00907691205315232	0.00699613060195065
0.179892993825623	0.141654277530051
-0.380733552920187	0.328929170429068
0.254801921797585	0.239198006565072
0.251109524228915	0.299657436966351
-1.73684144481808	1.85892870356456
-0.0613315606800779	0.0267875344595314
0.0191970831131072	0.0688011665134896
-0.00397912487914946	0.0114396969358576
0.0118571422817039	0.0276709165091173
-0.0838033619774306	0.225599031876687
0.00451657250003787	0.00864730721953631
-0.214258750331234	0.434511727359569
0.363396068719314	0.994116976743948
-0.123311918695907	0.167668893473522
-0.388110477797729	0.814516736181101
-0.245423965127562	0.472406161263517
0.129025523026084	0.197728243740145
0.15162648778978	0.22065619558433
-0.0499160286716491	0.0579853132508358
-0.372775433692005	0.517320942595951
-0.189455525234783	0.257073404166489
-0.137604790946895	0.169467813494117
-0.223877333987651	0.36483569842687
-0.968489754163962	1.53509521874026
-0.347585123458278	0.389929948054584
0.324088362431419	0.410867982784841
-0.205756607310529	0.279413929975527
0.249021291230793	0.267275638090219
0.187804994637769	0.199984750660542
0.105645371799337	0.10060523509434
0.293870919773081	0.383322500834247
-0.130603154134674	0.142110756212578
0.0626425209131114	0.050562632442722
0.206631837186526	0.237993903558589
-0.319444497725137	0.380271626230314
0.00943901484111223	0.00944134498988028
-0.419937521625232	0.582129599383049
-0.207134141724512	0.221627939752746
-0.528601697344731	0.705227788098726
0.411203431670604	0.422586693645675
0.0241701363968243	0.0205442289495511
0.202107898816394	0.231518323374701
0.0541016757016557	0.0509118058045572
0.206110146933893	0.243902277924793
0.641262771998883	0.808165314734084
-0.190434733501144	0.198631127512424
-0.224527794587137	0.246297079589002
-0.111321826052184	0.105945037364796
0.264384611299881	0.274366267741649
-0.0855374814313805	0.0774416712687874
0.382870982928623	0.49141706717862
0.731639892483677	1.12295674534126
-0.258621997669223	0.232419732243401
-0.685491056970166	1.14392151466831
-0.166088139829817	0.167770654077132
0.260031291949166	0.232932514455085
-0.19552840514274	0.179208004178629
0.12478397552216	0.102943550269387
0.486234984925805	0.442908911683979
-0.655765277858882	0.386864413739353
-0.116473440339984	0.0830737977291092
0.163699144967461	0.0997689086584438
0.424488324645129	0.425471628277565
0.68752274813223	0.778437540253969
-0.0128193851480698	0.0108830508809643
-0.684479269781801	0.528970719628289
-0.00446093043489976	0.0149914428025151
-0.075930831583276	0.280018169353521
0.0338095835311018	0.0917651027889728
-0.0188790103125369	0.0390718715507482
-0.0668436715835005	0.111637923830681
-0.350184060152243	0.906723209819606
0.00659622409583134	0.00896810077683517
0.0987330308493601	0.158790750586085
0.174023627160143	0.287912406902422
-0.203380644236673	0.352279022802669
-0.289601687123032	0.530447149849608
-0.453503120603865	0.903491625220944
0.231725155145057	0.294797976601918
-0.473801809660017	0.84862108730628
0.0795067204692654	0.0884566004239254
-0.131443183668621	0.174440741667764
0.406996213685413	0.505641975882995
-2.57450915234243	0.686119713628322
-0.0316726186835132	0.0316163494500086
-0.0668477133330482	0.0715415023923214
0.00118269174232934	0.00125622112250067
0.395107128289668	0.511037798321694
0.102578312218514	0.0858633824062179
1.23115781821497	1.59322435268132
0.462591901632152	0.669939648680325
-0.0297826426153555	0.0320591436994855
-0.426659129208674	0.568299196637789
0.567939977809699	1.03281984015181
-0.389882260605964	0.585053303353705
-0.115605565491722	0.108960111763722
-0.258985035191148	0.3004730962348
-0.376991804149153	0.554769555290538
-0.579799133275074	0.829687772913458
-0.148083718418497	0.149242482014342
-0.0047419552704737	0.00318407189230125
-0.172895221652494	0.172417101759099
0.300318904491564	0.331750490660864
-0.346334789060371	0.432033785639405
0.440999870326849	0.515922078478251
0.196455039380421	0.20405736462555
-0.124227216167041	0.117470392501509
0.382231467862967	0.492028858361994
-0.1760547352341	0.184185846008661
-0.301711909348216	0.30447051511348
0.0223227749099997	0.0188649544409391
-0.0152219863487483	0.0126688976243278
0.310207126771035	0.361602049954506
0.313790067358798	0.332381398893979
0.686882380409281	0.924130469340052
0.255989176823813	0.290845190291395
0.188638448341964	0.204082767496417
0.403111123222678	0.499185900696831
-0.0340131846218739	0.0309202317535626
-1.25270674611573	1.8795270977955
-0.404777349240422	0.226481577654782
0.890208076188847	0.894405302204183
1.52808698702402	1.29259404901511
0.560046861646208	0.543971135294482
0.632057625498931	0.739747206261729
0.138426849530112	0.125616733468032
-0.247033278265651	0.124069626933752
0.157218562721319	0.0600837943342438
-0.343542423818443	0.10090975164114
0.133049602222166	0.703324533721788
-0.0135457176154704	0.0424405433269142
0.0635875962515528	0.17531453103475
0.123283825652861	0.259499037495692
-0.10185944822652	0.210379257912519
0.193187628578748	0.33399173257947
-0.140196568447426	0.259279057800592
-0.0482468077206166	0.0708960824793757
-0.219722463267671	0.402117837227956
-0.255945640021476	0.445441364180144
-0.17976127164381	0.264981158558843
-0.565451432530073	1.16204857567085
-0.328036507911413	0.580210328078732
0.118385359932344	0.141547632845522
-0.373778546591956	0.711206540876904
-0.832881549383269	1.32184160023502
-0.141983197423956	0.144481730269509
0.0506161002707167	0.0551188098340057
0.00950065690837982	0.0102547500719945
-0.0670945302042169	0.0640800852640232
-0.162291076466039	0.150985237026375
-0.33046762317615	0.283747991837438
-0.141670393344148	0.176571810612071
-0.418933298187377	0.601656703324401
-0.139617823583223	0.171411385155384
-0.0166473470466417	0.0165761233731643
-0.477265084627441	0.653447849390449
-0.25474641785827	0.332840144548578
-0.397358364925166	0.443474181507772
-0.391470655813778	0.532923861143049
-0.247229803630706	0.270870368011082
-0.0907645439154778	0.0810732958823906
0.0404601871039102	0.039301049612591
-0.476363131509689	0.634145575212851
0.148180208620059	0.153081925361086
-0.199616610227491	0.221008225312946
-0.115269010488722	0.11554128562417
0.162438780424752	0.174556332052911
0.413017093136247	0.601790555100365
0.267242761992223	0.274208433100204
-0.128886661051205	0.122883886399017
-0.195782045800269	0.187672834419575
-0.3510474898606	0.399741778553511
0.146845811037578	0.14305356850543
-0.159127550453637	0.169015982196956
0.494567006400363	0.796789413447501
-0.132419276277806	0.131815662584508
0.130922151910677	0.107877073774168
0.202088904439792	0.177221028456707
0.62195959745036	0.716648209536619
0.359046179069308	0.181390062430688
0.833496702555637	0.963388970822734
0.78205498295797	0.60784914428181
-0.272519125556814	0.223183465921074
0.196618221807901	0.177522690516599
-0.346695472990134	0.326718133203278
-0.154330535432289	0.0866575607876482
-1.34068268142086	0.848495184255903
-1.79541110556836	0.406108159138969
0.0443634519271369	0.17881687556803
-0.00424118538134656	0.0131382669704403
0.0872099326243797	0.252689457586421
0.0718993663122408	0.198844792029522
0.0493994704231679	0.0964741259132433
-0.00618746054731047	0.0114178948890248
-0.224528560438189	0.627668910699641
-0.269880118218654	0.688504027423985
-0.544107010177052	1.75269181570176
-0.143354593391379	0.262117445271497
0.312546972670146	0.633052826971986
-0.176707800582128	0.345384280905671
0.118974692866285	0.184080679625
-0.609231393067796	1.8611917726559
-0.453622161172621	0.775893703234412
2.75863284516271	0.79267969100207
-0.668697440459166	1.4246908983649
-0.447312388395044	1.03052710933302
0.0122983877802495	0.015450180132551
-0.228074006991698	0.314639487868096
-0.323895066757065	0.462590569180829
-0.151882878571441	0.144560892288847
-0.247985493720122	0.325525638917541
0.0686901842829375	0.0664785498701223
0.0570701542071785	0.0659816265168207
-0.263331853770137	0.457416225419642
0.0963691597413229	0.118719181200314
0.0491914834148105	0.0610383726419715
-0.04666270872244	0.0566537515644955
0.0424799622202254	0.0532376097366906
0.0317488211865185	0.0357262077347781
0.0479108951855374	0.058058124118497
-0.056758496622558	0.0632555145809953
0.0310117063466424	0.0363246837425583
0.140449088879531	0.133931141999317
-0.128124401189244	0.144030997011957
0.150612332837714	0.183865170341482
0.374570339993296	0.615327814086884
0.0605876377996256	0.0684530981219837
0.248721882360426	0.346424371321698
0.311150052228279	0.495103623338029
-0.0478948583159285	0.0499888341449139
0.0703198472731516	0.0879189616701646
0.0275568830381501	0.0276584113224112
0.034233223823905	0.0368024597286631
0.148041621676186	0.182236775929056
-0.11416192790068	0.130472534800579
-0.0228345766241591	0.0210474858273728
0.142551237531312	0.150716994255643
0.138240170228412	0.167627077634353
0.661827229882463	1.26342167102803
0.291229616657829	0.403732503995569
-0.162051365055566	0.205064032246089
0.250444012173368	0.270215888108518
0.00980433275786981	0.00670063632237546
-0.0901564907460972	0.079516599351458
0.453985504045089	0.437564574681717
0.506761988733095	0.531311405122347
-0.856450708600774	1.38760105543516
-0.692119387315991	0.990465313161019
0.051626738094685	0.209546002531768
0.12542282328987	0.545493756111366
0.0940756643496857	0.33247070282932
-0.0220698163564561	0.0463739005222191
-0.0366441545074295	0.0812084480379968
0.00788374662009743	0.0161758199395787
-0.0728476954689019	0.154833208802371
-0.384829257125178	1.16933985613337
-0.19836782362174	0.441424127047132
-0.0404610915821448	0.0628425870571891
-0.335807323014214	0.819549246900705
-0.455273835431359	1.07016199739451
-0.177577770447407	0.368287604392913
0.213358873038431	0.325966415983766
2.76088021610819	0.795949787637318
0.95292022183415	0.255029382628136
-0.631460165831659	1.31968632724786
-0.235043343600382	0.461513369255293
-0.102057805050858	0.156193585440875
-0.35392641246574	0.593296610781966
-0.209300936735432	0.303997180223046
0.0838315734167337	0.0770164062805165
-0.241179405252431	0.265015795141273
-0.0576901841143237	0.0718914340371885
0.138103849251948	0.212372042836761
-0.490443210861055	1.02465845206817
-0.178623147873735	0.256837971170526
0.336959033283751	0.600573450947721
0.339796967606029	0.625055190017182
-0.0531073970781238	0.0621993789304678
-0.278929503958594	0.390811450225324
-0.481855830774933	0.827249858547336
-0.134041478880235	0.183149746611214
0.515046910088285	0.817107477682906
-0.100706246673131	0.114040304689189
0.293213590720157	0.427455394202435
0.239335019669663	0.348378541830845
0.0426809126820713	0.0452969134839787
0.210597903034982	0.259482207973701
0.548087844643298	0.868485017937086
0.167874481761105	0.205270435899753
0.0758088921722526	0.0974845632692845
-0.521016313584592	0.843536458262425
0.125421999407673	0.15369333634775
-0.0280096780855167	0.032037874642803
-0.472108739787412	0.777824135737904
-0.801270813043004	1.44908618405507
-0.0282980792285501	0.0263607116730918
-0.151107065920352	0.176985412831113
-0.0237699072693965	0.0218930647838285
0.0244784245730153	0.0228203848569075
0.0236255760651889	0.0222849542624998
-0.472521131322359	0.556267937066723
0.18204428925329	0.133686663427005
-0.039584857476182	0.0297165707401452
-0.457569466186948	0.456327707394746
-0.337117788971245	0.344081330494968
0.0110658682931404	0.00894082366966494
-0.798477607340206	1.14950922408373
-0.575348510262106	0.518795795860261
0.116762337010976	0.569193685089013
-0.121766328010279	0.51033870705069
-0.0688707031521694	0.167636866517108
-0.353757525714095	1.38556487870972
-0.0957542098539854	0.223243845307052
-0.111883313323627	0.23326260115868
-0.0532575535181604	0.0915814109243961
-0.0476771688894767	0.0689184792102191
-0.111639657256957	0.179627192351366
0.103977147395326	0.17222447478521
-0.389930330976653	0.814739224076043
-0.103008052097683	0.161471784182544
-0.114796625342801	0.115807813970744
0.157056474373317	0.0303984095560313
-0.0168538164452574	0.0183175316165978
0.0297274934815839	0.0247168994564984
0.00893152966272789	0.00928143793085804
0.101654515341127	0.130789416127777
-0.185374915485457	0.259461198123003
0.521204801256066	0.801670940120316
-0.111770640717758	0.117943980821982
0.0616698626520678	0.062506156780991
-0.0991431034060549	0.0930362381389521
-0.0890520015929298	0.0977167777569056
-0.357404467887932	0.526968501183815
0.060286625919629	0.0571377351122182
-0.215522265843208	0.221571403326527
-0.620057455954029	0.678617622082891
-0.449580465088274	0.598808961506913
0.338025695748226	0.413711671553308
-0.161985398172742	0.172303985171107
0.739060732558237	1.28494011142913
0.105537888069214	0.103843361105066
0.205312788278454	0.234971257558371
-0.0808918094530594	0.0875528024246186
0.00120435206841406	0.000975082829528357
-0.0432284293837731	0.039634959991957
-0.440700370439731	0.537939264895644
-0.161830635974699	0.169148629010225
0.04941451682162	0.0449759185739911
0.204560508812399	0.202474037736844
-0.059748523198346	0.0539125681125963
-0.786919833041163	1.24420570700702
-0.463168261764584	0.583561577931818
0.422316863592073	0.566892112466481
-0.353385349112172	0.41800578366679
-0.390361197289888	0.304562240570398
0.663389077231027	0.463110093565143
-1.00348685130461	0.897799357063428
0.0764887142712071	0.0529215797192836
0.930177122781007	1.03133256114151
0.52150471992026	0.530135213577982
-0.0970414116178564	0.0680450270863643
0.542730619949026	0.31347562370219
-0.102355416456368	0.0414085777319881
-3.45442672204145	1.24810798046793
-1.02734963908132	0.419609489752489
0.148410947786773	0.832727612761454
-0.155062953632273	0.669134265767234
-0.0470759615581528	0.128228278641309
-0.0339312539282058	0.0821264418480633
0.0400354365345053	0.0858216374209223
-0.389800470854557	1.36448120576172
-0.0649767557794599	0.120725104737713
-0.337682071039522	0.859631506242628
-0.147857598767957	0.298312372782003
-0.313872434702158	0.655955468261323
-0.659070787377846	2.15740246101862
-0.346409571132473	0.607655026859196
0.158321872008447	0.03054890339565
-0.37907922170602	0.730377375034761
0.121145141290432	0.192414148798808
-0.0787253469677514	0.0809254814863859
0.156265740837119	0.162611883273815
-0.0489194176440048	0.0576053238705998
0.130411046619077	0.200384010131001
-0.0223571198358902	0.0240621563426367
-0.542259914968933	0.970690573665224
-0.0868982697766294	0.106251783217041
-0.181816272906403	0.230355309199353
-0.378546884226723	0.617703074121127
0.0863907455886905	0.103308841029481
-0.651766870344987	0.997093254393664
0.291271022290217	0.429345740700123
0.127586523190122	0.159847854438592
-0.510577396744342	0.90520658341139
0.174846016895261	0.203738867292449
0.00399034253527871	0.00403786352499258
-0.255057127018521	0.328415680626686
-0.0347886050175312	0.0381577699754464
0.118667534394265	0.131592236705007
0.0459733091285046	0.0455078279542748
0.353221511843767	0.491431421684156
0.318265382703595	0.416108551976131
0.0627852460068773	0.0593810385578441
0.583268906034936	0.778158683710337
0.66104407208858	0.974742343707273
0.248121863143148	0.275315085317763
0.539373104011957	0.723085540256554
0.39928309821982	0.576056638280645
-0.97517473138913	1.74520869499986
-0.0403276966707714	0.0337934468203106
-0.0990728469849889	0.0576125511672721
-0.292434070764352	0.237365095814306
-0.383963257185869	0.332605974280839
0.0261404456100012	0.0190652399866496
-0.364815692204273	0.455081674197652
-0.423102408348819	0.466007605053732
-0.684586904135278	0.535847726242748
-0.103842708252769	0.0606722950172614
0.14938898484042	0.0448799012129405
0.160033282133955	0.0407505791232416
-1.68125191394508	0.97707160373534
-0.725669351344178	0.254938132698188
0.0967875155680947	0.422384422416204
0.0760541708530637	0.270956100855226
-0.0866956856049774	0.241408829519707
-0.179339138739432	0.466095030277815
0.129788571589745	0.268284230939145
-0.0892957598278931	0.14783259490034
-0.0189016549045234	0.0251612266547284
0.21343083564916	0.448609762229432
-0.450502263787842	0.970940524144093
-0.488665180905367	1.25465887331988
0.378282539838588	0.491582382494829
-1.79541110556836	0.406108159138969
0.362185120064955	0.528474529620972
0.26211053645858	0.319075280602238
0.673842149212239	0.833870320738426
0.372201266362952	0.418404755396531
-0.257718945039366	0.32748515813795
-0.223576564840186	0.329085444245875
-0.320164835319294	0.450803793307273
0.5003219747474	0.972553834443458
-0.00402851781855216	0.0037509959199707
0.197905214462984	0.228810418815615
-0.600859805501628	0.879126689333178
0.0626201435053548	0.0601760205012219
0.0295708017079235	0.0306405884100927
0.285499210656213	0.335216469631789
0.436018446579368	0.654399944837898
0.438554508470344	0.510137687622293
-0.741297470127792	1.01388045187931
0.25855408510455	0.265573686539183
0.0333607100532983	0.0298215648627932
0.320961954487195	0.342880122890815
-0.318797715952021	0.345926493678389
0.162364755163291	0.166968954108689
-0.429144441683397	0.506750458743545
-0.544217440011152	0.692785081580819
-0.92857589165547	1.36679123518677
0.176725332799629	0.178766990142766
0.714960624613507	0.962193357767974
-0.886051030980268	1.26350826383496
0.763892289971354	1.07104597713334
0.0810469525817568	0.0703169192777308
0.247468631073216	0.250422588181228
0.4729596255681	0.587079745554125
0.072085787147083	0.0611632945243645
-0.345320237372449	0.302020586786877
0.350541369351202	0.328555764976
-1.45232181558832	1.26508233642663
-0.801688232350541	0.526541123321222
1.24549428061301	0.864724556166646
0.604808700541667	0.557025202801433
-0.122913386528737	0.0845195230058885
-0.269993968806746	0.220275515921042
0.713559110816329	0.464768478246085
1.08329646092349	0.672533904507698
-1.13453748317733	0.348386420481102
-0.340869162586215	0.0994476453021484
-0.343693528937163	0.0996288364739292
0.162942698182568	0.0413114056520163
0.1588995276689	0.0306480879354901
-0.623203514518812	0.152886975065438
0.00713648332162322	0.0245125566613176
0.0110542437955254	0.0346815018949924
0.110644313638562	0.333541974327701
0.0952816449491108	0.229311236202366
-0.198951654352704	0.524838004968005
0.0688740889949816	0.129185534719942
-0.0216104801678739	0.036100928960125
-0.198814171704881	0.389300234448529
-0.573567475696507	2.01142087572802
-0.262785851829846	0.410146997918205
-2.57450915234243	0.686119713628322
0.95292022183415	0.255029382628136
-0.336060923056122	0.602558327626866
-0.0624614215903111	0.0893106844971919
-0.127745874136411	0.202133016626994
-0.224076149484008	0.342143588310956
-0.109542261634565	0.126771217126455
-0.158802995033269	0.165714007087583
-0.166686486060425	0.261973952942786
0.0696087832292094	0.0798209327550014
-0.37566767873756	0.529193279975203
-0.393198010500566	0.587936028771216
-0.381997377204663	0.600605463332776
0.377609803640284	0.597240363688619
0.205145476685368	0.275073634642485
0.170015940311725	0.184013183279138
0.340401291489313	0.409523332012742
0.10185817559727	0.0959715401071406
-0.423562125756498	0.63082030330145
0.475309850230492	0.837436844181339
0.306882857439098	0.402668070283936
0.0484175510697227	0.0472465915177321
0.50466759913002	0.761682018435505
0.532295457417547	0.706011434580151
0.300783247183889	0.359635604259754
0.283382835592431	0.356148119389389
0.114844071973452	0.126005509927673
0.00666796190959075	0.0061605293597325
0.310964630609861	0.397015795824629
0.0119803656035077	0.00936394289940407
0.246202705913365	0.308150116530931
0.105920459701045	0.10045220562522
0.238534498685727	0.263121871901178
0.195139972699951	0.209301722593451
0.317078423693116	0.351299476569016
-0.565707747617298	0.590024556391669
-0.405058914373109	0.172684284751207
0.0645322731697402	0.0415676071902969
1.35565633252492	1.19561576960429
-0.731361166610524	0.842189686175514
-0.020131039334346	0.0151528875126266
0.199367254275153	0.173593671635588
1.13836278006915	1.14614646737457
0.506430802672144	0.315967867490233
1.96025897070573	0.471212877436839
1.82748782049169	0.728181584217454
0.45607402712308	0.183950196835195
1.8219271179281	0.726018448121517
-0.524401134131976	0.203663422455522
0.119579169551827	0.629280024360812
-0.0243030141730296	0.0776542824988941
0.0356846008495754	0.0932902708067236
0.206044542233434	0.652325994993406
-0.168956587688179	0.42411497483048
-0.246785337870354	0.687388174807643
-0.230356980806374	0.518667092080216
-0.273720012606486	0.798235107502398
-0.0966310674125033	0.125149330458399
2.75863284516271	0.79267969100207
0.204538772111652	0.34150165213149
0.0442973474423347	0.0665331691478128
0.0810353876774134	0.124228309522135
0.0854243974036073	0.11378065334768
-0.195226482539875	0.283511148971693
-0.0555061547319591	0.0574318384728628
-0.0418770576578847	0.0514436241975183
-0.0462072816549235	0.0512695681104787
-0.0201892456943208	0.0247701176259621
-0.054337029970014	0.0640880779745243
-0.477161264353069	0.895221422462305
0.182443747644238	0.247705769651393
-0.0371153352140618	0.0409676507065154
0.202496671035494	0.270615169520783
0.225497911724002	0.299557839987409
-0.0149118972620318	0.0141613034804817
0.355076604548088	0.508526277759558
0.106643054477258	0.127737883950517
-0.128979667693523	0.156306950573261
-0.047979000790055	0.047434051875316
-0.0523801171057116	0.056544030434495
0.395190315215709	0.626221292041879
-0.962499254397524	2.12129027688456
0.189042442658537	0.244123406598171
-0.32919282032727	0.458904508638653
0.342157276846889	0.417505227262781
0.0836387015622534	0.0825728278799701
0.385885832234409	0.634823944686452
0.056564294401155	0.054131550801226
0.303398573248164	0.367168360240811
-0.199070786562657	0.233712839140354
0.100286484384072	0.1140374648259
-0.0899455157971825	0.0924842808505055
0.470057084424027	0.605392850794489
-0.603108969000775	0.614845001366108
0.804407502269182	0.619195328367335
-0.164316959041488	0.111811935209836
-0.227328713921196	0.172157057677143
-0.120762710044223	0.0948342033823988
-0.0346628537620393	0.0289170458709478
-0.577098996828112	0.633310287138758
0.38990104351526	0.311267618208086
0.898982186483448	0.491783311771135
0.152489836004519	0.052740500279662
-0.62409333671727	0.15194082521988
0.147142932159236	0.0509873558125847
1.03674127319984	0.397936005636489
-0.100454974781809	0.0404091693383214
-0.62982953293132	0.153685936034785
-0.0449608049627456	0.177457149985153
-0.0170778070352964	0.0523037099807192
-0.061077985251411	0.159909519512369
-0.0705961265902239	0.159167146773834
-0.193024696487809	0.528012398974771
-0.217831388112821	0.524597807920417
-0.224397641653724	0.593450851399135
-0.183085576301889	0.28946489975468
0.1588995276689	0.0306480879354901
-3.46056115971004	1.25132587477871
-0.347503177711712	0.693136855134431
-0.35475909551373	0.857259815127279
-0.266558645035836	0.501426751496587
-0.454395768362349	1.04436707943195
-0.103564488490681	0.120057633266799
0.191897883208751	0.292086737327859
0.152743329011639	0.223363608003417
0.133588147826689	0.144173242272171
-0.104565597636695	0.142592942814029
-0.0118336958612462	0.0137408651447588
0.247929002018947	0.389775106358374
0.525336647431222	1.09736182373785
0.1130495192025	0.136002234210186
-0.430046382558832	0.663471221658576
0.0284862589511664	0.0290542078515853
0.0330407013908033	0.029216353862438
0.214607342329817	0.263697366750752
0.758160370287133	1.50359082622628
0.320820025824208	0.456627735663335
-0.791605487117219	1.53698628436139
0.152862154442269	0.163101426960011
0.410978913533508	0.614592800612332
0.249154307759888	0.310071636671134
-0.287310607924075	0.425995515098856
-0.00362050649238214	0.00365206930352075
-0.12778335400235	0.128416964058832
0.240403670211461	0.29555745272044
-0.460513008269037	0.600305446081374
0.347168318903843	0.405746014615062
0.353632020838726	0.478035100062685
0.32555286585289	0.447126731922296
0.428105576399892	0.602307592571169
0.104185470385874	0.10053519043751
0.160352593083997	0.164521005224473
-0.686599155547002	0.861294627431828
0.315579276982893	0.187939399247381
1.01213459733672	1.19827717243813
0.335057050363808	0.185859418561357
0.864646475442731	1.07169427735236
0.55208013827035	0.701999271775802
0.13316298150924	0.115376113435502
-0.257588985046938	0.188898104924234
1.78185403317149	0.998621489002794
0.662786179108504	0.213105829711844
-0.623203514518812	0.152886975065438
2.11924580127173	1.48487537365516
0.151026861260918	0.0582920214004182
-3.07880362658843	0.963967696821091
0.0509147198932471	0.205366025887606
-0.022098025538056	0.0653058668938453
-0.118546809602369	0.329422847627975
-0.0176176334990795	0.0367504346487466
-0.216229483797699	0.553333190035156
-0.233898625267716	0.670318519352487
-0.244141140006052	0.447173739213682
0.664972986182116	0.826168075198054
-0.339412770165686	0.0990063673017856
-0.208553303748867	0.391790955782221
-0.195516892231182	0.384866991665847
-0.269786973121134	0.555360373406078
-0.0493614111660675	0.0682475611339992
0.125898010096828	0.175002315627312
0.150525100024618	0.153772973845676
0.201086712581516	0.273139762617574
-0.00810653100591828	0.00819261371635207
-0.415800679144011	0.760210251596692
0.174449834871539	0.213129838218355
0.364514458220008	0.605863146202724
0.0403351664852689	0.0430589926830546
0.34225175751795	0.562519103651892
0.19407388177363	0.186635751366043
0.0269391526343023	0.0254140202246925
-0.0406917323563205	0.0443485682906135
0.242359456835688	0.318482521769954
0.0590532395011219	0.0550073552059202
0.315842126303895	0.418228869539227
-0.19628808957765	0.216837903831145
-0.00903569677899698	0.00840434855452288
-0.010479904506055	0.00976769604012441
-0.584935881742786	0.865766071920095
-0.0468760573411462	0.0429999400566005
-0.0694865639078651	0.0665374742354592
-0.208541573190841	0.219895808877356
0.099034352633037	0.0960813799896007
0.178935186379897	0.191750139096186
-0.286161264078002	0.329054603874449
-0.351999702679756	0.472575213364807
0.058157725064772	0.0538554371481307
0.343040901664147	0.407114552360557
-0.020307483651663	0.0153776646543809
0.492500317674222	0.434606107279318
0.162816303712388	0.102950019822184
-0.587285580154444	0.571055806210059
-0.0997574091455567	0.082326507486334
0.203946901283858	0.204868797404691
-0.463106965450542	0.307768307751772
0.151321097613426	0.0795237683030461
1.3295084984824	0.599202056182031
0.156342363817318	0.05332901956033
0.165674434882817	0.0422257308822068
-0.217602968474122	0.072079936429114
0.534230784302693	0.193983916589406
0.160384885012197	0.0410552053935884
0.0743270381040428	0.311151406070531
-0.0796360255102588	0.270753801651811
-0.185408791104629	0.619658969502226
-0.0888091418277725	0.193174494786933
-0.00219250818964146	0.0040125711898613
-0.524836143401853	1.09527810896002
-0.686333264079643	0.534562309410287
0.310138218382638	0.35996150027629
0.320266009538151	0.697403096202184
-0.339599105490558	0.855825354780123
-0.343942501042223	0.794015696230648
-0.213658003237462	0.381556468902038
-0.1236716989459	0.157950828571414
-0.300266453897445	0.425954850001874
0.205646984236686	0.282591456351466
-0.558629939643528	1.04329180243168
0.205516366763706	0.258259145772727
-0.214333997314554	0.262028078701047
-0.382437501006394	0.568880774778388
-0.0620263375163659	0.0661212213849418
-0.222443681359697	0.267737460427477
-0.380596952242889	0.472652351037085
0.418716105034168	0.521729649295448
-0.746282644120856	1.0980124691357
-0.112530959270738	0.118677232736961
-0.36114433298755	0.488896553409404
-0.159256113957377	0.161658805049099
0.0035101531771322	0.00278418647961855
0.522082019615583	0.863029937946427
0.194479115317555	0.220283894008828
0.187667701558473	0.18542805330315
0.0782385575440957	0.0747909832971026
0.000993271566078399	0.000952418039500038
0.858739983937376	1.45606784049669
-0.128577977463856	0.120020858114217
-0.140649388498131	0.140294040202855
0.426313721429022	0.562491800053683
0.193561450133129	0.206808762461096
0.493030475809445	0.651922537452144
0.147026346563782	0.13360466266935
0.147952947503881	0.071398732039174
0.28698379202789	0.235863182950198
-0.0881614073412583	0.0721266342577532
0.502614853408614	0.315743622624183
-0.247033278265651	0.124069626933752
0.952024225447137	0.254550165942042
0.816700047883506	0.350207754005225
0.156845715679068	0.0472965888265206
0.147035556764615	0.0508245783399546
0.166760634916841	0.0427859605507963
-0.346501262401088	0.098634714659707
-0.0725688558606123	0.296521644491691
0.0627355074717671	0.207656716237515
-0.143796892175352	0.407119802657918
0.247499332381069	0.793384085148796
0.102692455916933	0.157859325205545
1.96463092715103	0.470372342687103
0.147142932159236	0.0509873558125847
0.195117181937707	0.366370703239263
-0.196620281118105	0.395391800746318
-0.29959261513353	0.641352824304892
-0.620684568493566	1.72288711197725
0.163237204338378	0.245897148032572
0.0997614614957167	0.110403596790052
0.34233963405767	0.443116421309736
-0.0243482511592768	0.024940032040562
-0.0516640988994994	0.0596936524274087
0.237448517320705	0.291534630532543
0.413138885647174	0.56852086736247
0.165653970404424	0.191506685095932
0.153852598317832	0.153719036423192
-0.592445934181528	0.778535864329585
-0.268536063379226	0.30928922786201
-0.0944596168972034	0.0910940985629502
-0.187306070678178	0.22524530429584
-0.494337527180547	0.707050364692564
-0.291643662399563	0.363950696122453
0.00407935333911414	0.00390417602031864
0.740889097070073	1.11410923603998
-0.224760278419618	0.213560384528395
-0.0013398955047942	0.00118660299759464
-0.177467354748968	0.163470070053725
0.255096117097242	0.280653319938494
0.426568437751024	0.512898896449219
-0.0683937503749403	0.0557510824883392
0.607759942731785	0.749918896424377
0.367486296105072	0.412441078023764
2.93408629503755	3.56764319767573
0.441720909743747	0.43621706879702
0.721814435134205	0.715071569400521
0.0154071986146005	0.0539624344628579
-0.101297959472432	0.362882111361113
0.0808960153898938	0.234953925469967
-0.16608545872643	0.344307080703207
-0.461287096513414	0.303536026587967
0.316823296952031	0.820347447020841
0.323205283810274	0.940597049857367
-0.0745035643100134	0.133951021318725
0.110776981820096	0.189667797770031
0.266490925182277	0.512717415557776
0.434562102138988	0.796498837222621
-0.13248379670736	0.160407994066453
0.165398388989919	0.229660326962778
0.293314056888702	0.440042804066039
0.203106773212713	0.304415554909209
-0.0561779283907305	0.0671150514780531
-0.87340269404888	2.01843197098703
0.0564423115118124	0.0657672858566147
0.388379365052375	0.493647463620173
-0.185950174587204	0.195298825466312
-0.0740138111351584	0.0786013844499619
-0.705595318090259	1.36676072742757
0.171178872766803	0.197126939171209
-0.274268264277795	0.312380685094734
-0.369139794070195	0.50912786406328
-0.0202243337437623	0.020142313094605
-0.704448048404929	1.22419022516204
0.203874536992435	0.223501060725071
-0.0642190105979684	0.0632747728147418
0.0631514965769461	0.0618231654933729
0.20609556490961	0.229557233297816
-0.096341183029035	0.0914253204089288
0.595426223365326	0.71163997745372
0.289116248141484	0.351212480498312
0.633522038382107	0.819163790743854
0.350521105830193	0.311156169480054
-0.152911847627603	0.0850426696469642
0.171904358536606	0.120958128182475
0.881385628354728	0.997862971117671
0.0928103483596592	0.405770830943687
-0.0404378368427945	0.124009697239902
0.321386040112649	0.973145992365626
0.162739952695401	0.0483676895791549
1.96025897070573	0.471212877436839
0.270316965628728	0.695886480827483
0.0541919359247887	0.104611347830371
-0.0654290862696181	0.118449214758381
-0.221826403393831	0.431137331989038
0.508103766084674	1.19402821148357
-0.204787211965159	0.270485151236866
-0.107926318304986	0.122513535781578
0.350376540450752	0.542592963710169
0.0963492071519204	0.108999485421298
0.0823543530018729	0.10635818100931
0.189163429106533	0.212944036216716
-0.0571788541684472	0.0626802844856494
0.192583164466363	0.242693188223716
-0.0621261918673415	0.0554115002106878
0.384876524288372	0.511420261612102
-0.375790991334381	0.486124868555765
-0.904704813133876	1.22467582248645
0.378416285524285	0.493544101090066
0.41233844024043	0.57583594569326
-0.251669032186881	0.244035059983885
-1.05666733992256	2.14867902211314
0.0505967481834223	0.0382070859085171
-0.231842383861662	0.256824944287456
0.416511105537994	0.509923817630679
-0.361945137604424	0.439377394873551
-0.000719653255563199	0.000391210737296564
0.0473940184449715	0.0439260209371889
0.360358157932055	0.181810089843331
0.317285129095607	0.188906171113546
0.289097586844759	0.21408351471369
1.37967574398325	1.95915143243885
0.112783415152818	0.151590184699503
0.244491942150902	1.25871667226855
-2.29026519133476	1.1905219179738
0.336791292531384	0.183980120657066
0.291472629342059	1.17949580748093
0.137254265335259	0.414458766132209
0.152230494296348	0.423822722655924
0.0773319598752066	0.161717152689363
-0.200536684767644	0.442971483739787
-0.198957352259472	0.349154148128115
-0.45162760901101	1.00191381751329
0.00556492740466226	0.00637511270234833
-0.0962963618347292	0.124063461179478
-0.252874554665587	0.342071927163528
-0.211499698063252	0.328373048421318
-0.0685020048358953	0.080784693025165
-0.240318420893248	0.336522662318656
-0.35979331174597	0.537203041713671
-0.453531558066445	0.676459884558328
0.232593532385654	0.312019743903314
-0.0879358270311427	0.100775177086067
-0.326316837501436	0.383710435210592
0.121863925132036	0.142852387552966
0.409632002242064	0.656457430524611
0.0980087484189407	0.0876153267246633
0.195339778233219	0.163898326502172
0.139342265480791	0.635854222905961
-1.79522376365631	0.406159618358576
0.823511828699392	1.04148958190469
0.0826700282331627	0.252598952237971
-0.158311868564702	0.432235765014803
-0.148502804304861	0.339237817974343
-0.402840665442487	1.10124388782177
-0.036296319159353	0.0504965248304165
-0.287297803311637	0.538393462321897
-0.437315641177861	0.655365496965876
-0.140415335026393	0.145100492769344
-0.492510859110032	0.657706664940903
-0.759968615442263	1.05214774918098
0.0849982511209617	0.0873764534332405
0.410967674042888	0.418056033077081
0.184067913747835	0.149366161275471
0.201026207408759	0.169054704673993
-0.0271015612055494	0.0205654510609351
-0.15400732531922	0.134813082738508
-0.38430728417278	0.386215958341122
0.377901817437114	0.318795954274623
0.373130183550451	0.323936386504828
0.268469749608169	0.228609919449046
0.346516206885292	0.315774428807414
0.274717181911945	0.225301587727374
0.68663479995556	0.325281115754533
1.23901694865753	0.83801720861497
0.311550587306185	0.222505761776263
0.1588995276689	0.0306480879354901
0.158321872008447	0.03054890339565
-1.79541110556836	0.406108159138969
-1.79522376365631	0.406159618358576
-1.79522376365631	0.406159618358576
-1.5205822622307	0.550689829164133
1.45351865984672	0.48998410568291
0.152059452718086	0.029590171141199
0.157631418222578	0.0304971390385879
-2.57507908676252	0.680490038595289
1.9613717712777	0.470903909509444
-1.79541110556836	0.406108159138969
1.96025897070573	0.471212877436839
0.10855058895268	0.47494878127027
0.017598076466588	0.0514922437089476
-0.374361641960782	1.75713513564967
-0.487827215697466	2.11118028858255
-0.276536567590468	0.76429295464571
-0.29945408383145	0.734675801997087
-0.850277429734787	4.24622508925508
-0.598914228227497	2.30186914226308
0.322842150606869	0.32840347737915
-0.124498315281004	0.108817292268021
-0.344502108044553	0.345738120085819
0.36981596507973	0.413949275711533
-0.187877895731782	0.17101594398
-0.192362445648507	0.188358818017649
-0.218194318609812	0.199406670420639
-0.360394140390575	0.341304411048519
-0.313186766902692	0.294950980222588
0.259165096712345	0.237063305407331
0.259687778979322	0.266630282103006
-0.0376588502812833	0.0280632579799485
0.186046857301637	0.150121710120066
0.0830507814243914	0.0573309676957453
0.501609566653517	0.313057686658007
0.951716207590905	0.252076454273351
0.1588995276689	0.0306480879354901
0.0728284568688524	0.315380565925444
-0.0731385945840471	0.265540738703683
-0.247882925714198	1.06943954197849
-0.0844073741689025	0.226410620751231
-0.244440437353482	0.720043548665995
-0.409939531014035	1.78509210457952
0.222619292090328	0.260079607572187
0.246295525291378	0.313976781113111
0.405967209671264	0.492222994567067
-0.0503082020573365	0.042193742790652
-0.298887334496096	0.369889254793837
-0.153644495155329	0.140798693180126
-0.34436850216286	0.385097989130988
0.362544828150051	0.412507171090507
0.202135922390768	0.195605232758538
-1.14513847207523	2.05694189445743
-0.0996224424622107	0.0884310187197051
-0.14435519511249	0.136387189159389
0.392551630316714	0.314624470400025
0.675138905018767	0.315252727223855
-0.491616593462786	0.257713399966371
-0.999818223076199	0.501129826295816
0.0284940940216891	0.106141706117744
-0.147339869059927	0.655707611832755
-0.296755264055917	1.38917453283107
-0.177718737334296	0.569634349948711
-0.622201590392757	4.15312967822268
0.472371584639307	0.581612454290621
-0.783480571311437	1.02381457666884
0.191188311309849	0.183416351049163
-0.407721456350694	0.431437773126483
-0.594135135400934	0.826076482529446
0.580912821316861	0.713023039488705
0.0361624287125554	0.0309167346538525
0.104496940660009	0.0877884918411842
0.0492455449237732	0.0374905432883123
0.202276235598423	0.178274349317487
-0.140864098671634	0.0963394150543095
0.248153865050711	0.260527560128121
0.353607901244889	0.320203463841922
0.0494800930906712	0.0301340872338508
1.08288561076264	0.671487250499981
-0.307857810110821	0.142953961858063
0.0449137613908851	0.174750246138754
-0.0362925051545168	0.119400350741319
-0.444146170304347	2.65085392531177
-0.214006790894867	0.91256651696631
0.233235827722786	0.241547037061372
0.496563604728768	0.515710038782528
-0.211083909693565	0.195621799709098
-0.023997069431945	0.0158677424674578
0.0479987016139627	0.0376083132311993
-0.0784452697481147	0.0641780220912677
0.348340158523367	0.319551818929593
-0.146457494630232	0.138980362160032
0.202802297632625	0.187599545417867
0.377548804784791	0.404210013501543
0.269302808656418	0.253939170381988
-0.442443361773989	0.468104787871101
-0.35401916245622	0.352840736650864
-0.0224165183647465	0.0170459804345437
0.0216640922977346	0.015402882864453
0.122231351536015	0.0997697844742589
-1.96356382217035	4.23508522389859
0.278416652007995	0.223399985741035
0.398103889241863	0.181475912925545
-0.00493714179544817	0.00247172871004682
0.139237941355009	0.0539463657658055
0.0734778794306111	0.314303204960326
0.00981335399921667	0.0297292161975322
-0.137746760830141	0.582094257487306
0.113600534685458	0.0904314841529392
-0.164001730708469	0.126280628518626
0.280909487416367	0.225347371997261
0.0225069683569743	0.0120589903459181
0.458414277084718	0.518514984016817
0.626400085991259	0.582322142621919
-0.139709811793939	0.0960178085122547
-0.112634460777119	0.0801125175245653
-0.232878287620846	0.210383298036244
0.269765149158647	0.206002974530994
-0.0508222352622943	0.0315737242628835
0.0163045777685166	0.0111629694519627
-0.56031009904634	0.76522802088965
0.201314853465209	0.227584187887894
0.334391425541299	0.311925423559364
0.178849287685938	0.15159504720499
-1.13907973772587	2.20063269676699
-0.890593733826348	1.1451447282512
-0.142052063930908	0.0799420412126512
-0.916586838847812	0.756096070975443
-0.660246684876296	0.390422485889757
0.074331333179951	0.31904467491642
0.119488966015761	0.54622893623549
-0.129240908235378	0.137294992374936
-0.0918649878652784	0.055655855816441
0.53425611528637	0.504871812636757
-0.145786507650781	0.0819388664961688
-0.100677553824826	0.0606964955090467
0.1599291710854	0.101664295211003
0.326962273293464	0.179377661595158
0.922196254767644	0.78706635503857
1.13847457582822	1.26279917814324
0.546379838564562	0.449252764061902
-0.867369250856657	0.918940177916619
-0.420660024051591	0.541082348099388
-0.217973996296768	0.224223191257392
0.0803891366825442	0.0696190714099834
-0.336531353466101	0.198350646024807
0.721098165443352	0.584164195730462
-0.534180317603014	0.909824421034122
0.192136849844206	0.181188210914708
-0.211558987186295	0.176684291179518
-0.839640361792351	0.923656310117895
0.286622681577485	2.44694944026999
0.453247175683428	4.39070852222669
0.354304561253358	1.05065423960493
0.0035774182637284	0.00468376501009287
0.0183966706052553	0.0256288274416418
0.0596824646704769	0.0690708403347196
-0.294701758397694	0.440240248268489
-0.249230107421932	0.182451812264335
-0.0238454913970035	0.011337541508548
0.310101377237302	0.198627504401825
0.0465153834795376	0.0266863531476685
0.38356009077175	0.308560549167605
0.203467445540657	0.306167429603622
-0.17808661194042	0.214168340955676
-0.237732000444649	0.384825569756966
-0.297929265403414	0.408096828132096
0.163749129420749	0.960862862486402
0.158929029359333	0.601880853562355
0.581848273902993	2.16602667377813
-0.225651024061441	0.472681337075765
-0.465359180922365	0.939908703176622
-0.0964838465928914	0.134347379074002
-0.232694227477843	0.280008522132252
0.146185248087383	0.607969703582109
0.151502739127738	0.467828784786801
-0.0285356521542111	0.050451868334349
0.0324935467160241	0.043711834144725
-0.00887334442700594	0.0125900891172711
-0.122268180212185	0.185588450184162
-0.146391767834071	0.0538121497783544
-1.02871170775367	0.417044529530206
0.00852844474745434	0.0261746049809491
-0.0129009977615293	0.0370760159800218
0.141911147244621	0.35869431078972
0.0830863511948954	0.158100461876383
-0.723310015883846	0.254344357266946
0.0957893518090095	0.444563515186691
0.0101577936714147	0.028116974362427
-0.0639424738012701	0.0714385791536457
0.025443207208964	0.0868487725442083
0.0527592080519641	0.170321333100876
-0.0320167694253383	0.0730064460022015
0.00441663359897629	0.00709103085801428
0.408951221066209	0.570552447522987
-0.153781155251053	0.190825968079278
0.0447262870826589	0.0480504905794277
-0.0139968708580745	0.0147439263128921
0.0829722054176474	0.358729849325031
-0.00197242813193651	0.00556914442691212
0.00594486532131115	0.0125917597621437
0.105593829411913	0.236254983144633
0.299178923393943	0.472763132163102
-0.191960152880949	0.265758603131594
-0.237756929004388	0.348885092222359
-0.0920410629598953	0.110622929476221
0.249648685499569	0.303867703150202
0.725876750716964	1.50250273910386
0.0325971420675578	0.120276796040776
0.125084913919771	0.506660382918653
0.160071488339092	0.22032996391557
0.355682901643794	0.544080172699697
-0.268802767946972	0.411645545099162
0.20502725974346	0.292758170615133
0.232443391260995	0.292929561418596
0.136048824295096	0.168926390831348
0.059995123343327	0.232591932856919
0.163977774530527	0.663867045589638
-0.0218016228381601	0.0398513164461763
0.0505101728785108	0.0788430632843143
0.0436116479395992	0.0521631217799679
-0.111507205740807	0.144937334990554
-0.521810479691954	0.933182265601468
-0.130652502954316	0.166009229925187
0.469958800299384	0.759506593405335
-0.0954120561360283	0.112626790918087
-0.0557862236068081	0.0615864512039274
0.0424450142255415	0.0454539314032684
-0.139904267160809	0.156834352394868
0.169439990670581	0.191422401837528
0.169023932597872	0.20644883312067
0.0555587469460122	0.0553225378235776
0.210339409130493	0.252365454233563
0.351891095986683	0.429718912117319
0.0636933309714856	0.242115161258063
0.00993302291360324	0.0271017059761476
-0.047937674217733	0.10155540074803
0.0116097385807667	0.0191818825337397
0.108237769099069	0.201495038491718
0.0491789265159478	0.0631522533046928
0.0903653917790206	0.11468660622528
-0.380322012382787	0.535541969680637
-0.160925365914511	0.187930045944461
0.480256541070604	0.837239595168813
0.00589591331662698	0.00681393998519408
-0.0351820214987985	0.0401977684418358
-0.101096298318432	0.114167961153819
0.304620229458631	0.411244646452089
-0.0560814531028429	0.0620152231136795
0.0854204896200465	0.100104989466417
0.812667067744201	1.42362341301098
-0.283634753762832	0.39628229326829
0.58803507359032	0.984943357498162
0.586886957985815	0.849241263677404
0.227154309916592	0.270321234103726
0.254471268734345	0.248584872812938
0.116049144724837	0.552039591643993
0.161922859968324	0.674491204794865
0.00598403923759278	0.010416310818951
0.107127298843983	0.224150214629349
-0.0954820539171488	0.162537425527198
0.347576890868664	0.795093873130743
0.237819141280391	0.424687850703925
-0.0642164216097005	0.0809420651843014
0.455590484179553	0.852194394660266
-0.116421337076676	0.158764853879375
0.144917397062304	0.21601494453401
0.0285527654024543	0.0328239143675857
-0.257905441806475	0.408174868143987
-0.251379691632083	0.395597026442792
0.0526820699477135	0.0613055958558371
-0.479324489260212	0.862740964063381
-0.164365603315022	0.215365245949085
0.196682784128736	0.21709136003177
-0.188529246085613	0.23793964272229
-0.0884802608295916	0.103067153639401
-0.0041206580975471	0.00388798838690169
-0.345678387159014	0.544049877840574
0.238340170949174	0.28095647963706
0.746567118612608	1.1228316717642
0.333564358939979	0.383820028802086
0.319593396748622	0.352194744208884
-0.0583187508346272	0.224822633405744
0.0172727581928292	0.0478944380304335
-0.0804117285250724	0.203501998439923
-0.2454611997616	0.709294145178912
-0.332128845330961	0.975243843105314
0.102009551018499	0.187361412001237
0.303615894147987	0.531545192308917
-0.0099172677481316	0.011006264020903
0.276961734641156	0.443473718076351
-0.210113860416393	0.272569689221204
0.0162247139022283	0.0174118665689206
-0.125748025250513	0.150761518173091
-0.119552701470827	0.138652329566817
0.0382116626048212	0.0404494163833869
0.0354531075370739	0.0341935475277256
0.356437657001588	0.494219768717995
0.207371410034858	0.265139285819371
0.049480174099469	0.0539186116666661
-0.267089322899753	0.348555696640593
-0.130819057515055	0.142232871319603
0.135507288795669	0.114743164076327
0.0284004891734665	0.0150807030674853
0.477889785924925	0.435497215623773
0.415073839659224	0.325693017230525
0.101201653578419	0.0904518818832245
-0.30365986807388	0.289734675165381
0.106643103967499	0.0992968631713117
0.142833154687012	0.690809730933274
-0.0214273436732378	0.0617304369437215
0.193946904456168	0.581535456248145
-0.237740403988678	0.691199917286835
-0.102242669788759	0.187529859219563
0.0331269969620052	0.0386848477148469
-0.0993010376442996	0.13070041438749
-0.252401404341248	0.339365098658519
0.0872042331241019	0.10257257118961
-0.307670439032653	0.446672031871574
0.0770154782154659	0.087278510981958
-0.0538642033910543	0.0599583937456145
-0.277534938273051	0.401921974439046
0.0349336125312462	0.0332607459600593
-0.0740956271329262	0.0763738795278617
-0.319650832100525	0.431613172614605
0.321110220389304	0.46995151521137
-0.816823233247425	1.33471248176064
-0.166417226047918	0.184593667141595
-0.251448482325611	0.242940174271572
-0.394384567402432	0.269354711316268
0.861927660069647	1.06443975982569
1.48056965302623	2.37018367616381
-0.718846668832035	0.769236893134403
0.103284726317598	0.101265215068951
0.250824146219364	0.263947536566437
0.0136194987298305	0.0460412692910567
-0.0566199688807869	0.190788471648463
-0.00393886758727342	0.00877386513553702
0.0237485348722422	0.0464689523672277
-0.0884592501342582	0.149026455692456
0.163365000614839	0.260667650690658
-0.119920919437526	0.179911807689545
0.272976057968396	0.448936244889432
0.140218132008234	0.19582207974859
-0.0828556467027522	0.111193157382288
-0.275146821204513	0.412847073133742
-0.0463006670906623	0.056983804951182
0.16942828954438	0.232545576034405
-0.140619517029124	0.168441666642007
-0.100855723802362	0.11511364130575
-0.0238735553158175	0.0270383545278234
0.0992570900351778	0.115938526472492
0.136303685893012	0.173126590533611
-0.451418064703958	0.592162799002374
0.0032290267971333	0.00273428564462576
1.44412598092013	1.59977212559797
0.209723966044006	0.185571839023893
-0.149179104878554	0.118962507037349
0.375448147339726	0.412378561709923
0.284843865670494	0.34966789851976
0.129845104532466	0.663312970511975
0.00519754563201554	0.0153032235000036
0.0385353340392201	0.0906435827141163
0.132022280109637	0.230459774001823
-0.121552274551357	0.223407204420007
-0.0187047657465428	0.0293301845603213
0.146299319480616	0.254572981010362
0.0528116141455816	0.0739245626687819
-0.000355584734769407	0.000368169251201256
0.039301954321767	0.0532658228802887
0.494803407362435	1.20741030536812
-0.172803405101738	0.257319477897463
-0.0318976292627694	0.0400858150897036
0.357126136402331	0.616985837651814
-0.269838911324357	0.448608791820881
0.030300788708097	0.0376658334291421
-0.363831829891069	0.587413516658883
0.209552177185019	0.29442057557313
-0.150346687408861	0.211054241035617
0.302495702595108	0.444736075502651
0.460469079787432	0.702989103839772
0.562163362490951	0.785663764176533
-0.396555929362502	0.312519470533638
-0.629741320391895	0.727910187117762
-0.65281936467342	0.667545295782349
0.153252635912526	0.153721983183574
0.223082326404595	0.234127028324886
0.0231937960126896	0.0846349717967502
-0.0966489193286745	0.363513089086263
0.0339929394341367	0.0849235624517159
0.106916871315541	0.219941995086356
0.32221616501467	0.85959386253148
-0.145868184623427	0.282435286368539
0.131320153525714	0.237310331878199
0.397950918930591	1.04334906317666
0.0740716993259949	0.113625171949248
-0.150054248812608	0.262752294770729
0.0783661461765622	0.108496337321215
-0.110817349552615	0.163377659481258
-0.0908383521650208	0.121267615825149
0.289076270938173	0.556096247572419
-0.00801347249995884	0.00923342540139468
0.169373200784365	0.26232258789812
-0.0227619577203537	0.0295566645225332
-0.0202942118870205	0.023712239372693
0.379170381144552	0.697400632482477
0.645359030229676	1.27170857445933
-0.0841484137737271	0.0881537813832501
0.28022357272205	0.246906666927724
0.874629659595709	1.24353739548233
0.568467783216763	0.628231178528203
0.0427150790896828	0.15804413154467
-0.0946649102261958	0.344910069526333
0.156679936251369	0.356476493691729
0.0664734814681687	0.112200022101381
-0.347482027963455	0.811215292483783
0.220898071997062	0.42784427359263
0.195010393037097	0.370562252111999
0.139951123623536	0.22463252730081
-0.0803259100365714	0.118475139670173
0.14049539082738	0.205211270527224
-0.0749929097696007	0.0997562632789516
0.386816136328627	0.67811180285194
-0.561051187394455	1.14556540888222
-0.00551055807800604	0.00593268331335376
0.294885523977834	0.494030739704046
-0.067323407583323	0.0752744304142597
0.361240413203423	0.583410995846927
0.243091280510809	0.2507911531563
-0.231418390077192	0.150606583853248
-0.28865383066985	0.255566059694277
0.513892799589502	0.541657305480988
0.341490236651054	0.388984545905495
0.0367282751268527	0.138187660229503
-0.110261628073091	0.425787114191644
-0.0492807347980061	0.127490468067522
0.0183586624045537	0.034234591431629
-0.0221454730369017	0.0417480804348958
-0.328062886971543	1.02639719709844
0.0949983415731781	0.195745137993134
-0.0227149356069327	0.0367099128078102
0.183452746212162	0.403222370924158
0.18984136838853	0.366099385115944
-0.0798111871791889	0.130042534206158
0.36098006079191	0.835546147394126
0.134720458326681	0.216221770973269
0.0699581674305408	0.0974530940429672
0.141468075702809	0.223923363318067
0.000548667596629059	0.000578147592980528
0.153312145926532	0.230953916227384
-0.0156348588661245	0.0196857950608541
0.74032653220775	1.19846723261961
0.417595752811039	0.311053831197208
0.498303621004968	0.612696894989201
0.652166405360334	0.685285397756088
0.32541834068733	0.426946147173831
0.0740918429592381	0.307472809365795
0.0436492806075963	0.143154706494586
-0.0420743120931741	0.0919699571041503
-0.0783315762616912	0.175947635424348
-0.0365801768211599	0.0760105518131534
-0.12276980854963	0.290181512394455
-0.321752722228414	0.852154186886675
-0.0677262837603374	0.119423676404801
0.0189681489590325	0.0309000895632343
0.0630607660548497	0.102705004456607
-0.129351536487378	0.232850733663075
-0.18012796397725	0.301361487946715
0.132901939308349	0.220122911731699
0.125780945320939	0.192313103547864
0.00601863897251268	0.00756931527916873
0.0229324671576706	0.0285469868743925
0.0620528570909682	0.0507068599420016
0.0739008962687168	0.0610125767683037
0.0754234779395547	0.326652997649048
0.101121738529458	0.349956545850242
-0.00255932096206378	0.00585041827156922
0.117401826184699	0.339100262879211
0.204457856928601	0.587387109039116
0.0342734591561334	0.0628904985067399
0.0533645541543325	0.0996277978078089
-0.0244205283532899	0.0405808170333858
0.0532860187306149	0.0876093547700915
0.08870391746477	0.16208740915564
0.227282048254423	0.42372635012368
-0.392846302955633	0.989934370472577
-0.315476588648722	0.644151437888309
0.302701778451957	0.609809832593272
0.411077562570252	0.766595869031776
0.30606996430288	0.583212640150209
0.30772207062458	0.493471744361678
0.111677816026852	0.121571140284313
0.411329259177352	0.512389544033776
0.09416503712934	0.43472762496703
0.0154254791020835	0.0472561307711249
0.0845451298452815	0.213125088857476
0.102465434051442	0.22955259633647
0.127864691905296	0.228702171044325
0.0359060337750042	0.0537973163816261
-0.170059432481392	0.312053095635218
0.0112469401459229	0.0160281467706309
-0.314152429736683	0.605397397378825
-0.340503732423571	0.627840742311688
-0.0236191605875115	0.0310574808455997
0.232284448952524	0.347687289570377
-0.0557758558970046	0.0697748285010008
0.0342105019901888	0.0341003409664521
0.134736736826087	0.176697701169926
0.134054906073202	0.170511219955317
-0.0131318590281124	0.0138603992657772
0.0609657029938143	0.0666080500404217
0.0763583406774838	0.327618826432474
0.105628384761377	0.403468251264505
0.200838074777142	0.632523389773112
-0.0227854068595877	0.0435111837392427
0.0506626353076585	0.101041447767267
-0.546535313979381	1.87583000379684
-0.0075670680929507	0.011838711416088
-0.238696073892207	0.530536117710138
0.115020192576043	0.199626177132283
0.146612030566278	0.246789535810441
-0.164737832667806	0.279140137342797
0.0567174633598569	0.0841488991942387
0.187808689335373	0.300614781071348
0.249779218347246	0.422078297271712
0.00908625584060725	0.0105464533443858
-0.0401998825546027	0.0452605889784913
-0.533263802762395	0.540081200708596
0.0666022156575237	0.283393362303316
0.00299883261744911	0.00863514234586159
-0.275881411958198	1.1415965455372
-0.0526879927274875	0.121746882143816
-0.15688012831251	0.432581149735408
0.0814379846380767	0.175177199320875
0.000105488059080118	0.000266749017855032
-0.0415862187907838	0.0731785126336217
0.049675713484123	0.0882163126407379
-0.238010822439231	0.53014846665691
-0.0059947237116347	0.00930365546331243
-0.0112757743351004	0.0161052530720772
-0.246748571233712	0.480012708196393
-0.176874480601588	0.259713711168893
-0.377787436552215	0.676982717726704
0.347671406786876	0.317938391162152
-0.158967253394712	0.121612229249215
0.009656062170239	0.033380767368064
-0.0202921180215062	0.0621030794871816
-0.0268058163862635	0.0684948083597478
-0.155677494054778	0.476204933160433
-0.0335071258541285	0.0667939205712864
-0.116146585450141	0.27112905831027
-0.119293568332815	0.247994053359665
0.130701433503654	0.282041153325439
-0.249486086631674	0.60466457512131
0.0651252846890309	0.117216357328412
0.0973415774901503	0.157269498081412
0.177354594913359	0.327776528724684
-0.0450972429901665	0.0683464179038219
0.16071422864001	0.292566615800602
-0.204554897935285	0.3743382851685
-0.14312516249753	0.226724606068513
0.125537132961055	0.145534864352325
0.852241505517852	1.14725042781724
-0.0684907292754512	0.0498811217432033
0.121545627775322	0.610792024802892
0.00349809383171397	0.0101101640334118
0.0250210640030428	0.0607249166672535
-0.0595392021206762	0.134732811344992
-0.21608270691347	0.649266439751386
-0.260028483154034	0.688917638172567
-0.142111408824889	0.288744134887291
0.0000331282449122421	0.000104668889728042
0.0469595414952474	0.0785123539165469
-0.161748130708982	0.280486411188881
0.0205217556930813	0.0319932194919788
0.253541251633554	0.608439047566722
0.270075669518568	0.522002730702724
0.0834578813560392	0.140461696410734
-0.00265891747317654	0.00343485709691581
-0.0742181624765467	0.0544275174547883
0.00962228150912939	0.0325432730316487
0.0279756452855337	0.0882187647286141
-0.0310030361894592	0.0786699037373004
-0.0371450427152684	0.086501420963221
0.0667505042749743	0.140689974489073
-0.00199608092814165	0.00349884041383586
0.298232721451473	0.819143148925063
-0.0958855948009803	0.185318404686064
-0.0622344783723205	0.107289089553365
-0.141213050556689	0.268196869127938
0.238810754346202	0.557143535731098
-0.00763937683129686	0.01179293794583
-1.83056417136097	1.63053945583368
-0.187825943552734	0.142067093970253
0.000454557954359548	0.00152694098850844
0.0133759724549983	0.040659511992157
-0.169424994375191	0.636543009186694
-0.00205260596631007	0.00419516673161263
-0.0398686434764821	0.0884154090539998
0.174699329504569	0.442910496517272
-0.135351495790251	0.309819939655167
-0.393137926856729	1.03933490206114
0.222050410459005	0.53489574308922
-0.203968979676432	0.494005779461843
0.0497548696873386	0.0878109311239784
0.19382786052008	0.41383645191102
0.243137448799369	0.235000627301457
0.00280596193257319	0.00260166674316126
0.423408793013954	0.678200062922107
-2.35389858083631	2.11992797171467
-0.387919890671763	0.365929633721703
-0.0718687752166341	0.0660803377901735
-0.0260609752537472	0.0959283359892473
-0.113104608790546	0.471988963653012
-0.16194266940053	0.549129889750865
0.143667211320037	0.407542909590501
-0.03633388172287	0.0751580806497224
0.040384479946207	0.0797453675489319
0.0447333348688869	0.0821883984095333
0.0282460094131229	0.0517886952277687
-0.0768359639331615	0.151745109411621
0.0821729571788414	0.148069975364478
-0.194793146042976	0.447546061413119
0.262886005134278	0.57758015004872
-0.112854181653321	0.0973190237148102
0.395492347131696	0.544629787172691
-0.46745460710978	0.30883129838094
-0.346167140140093	0.100935083264355
-1.09975438350132	0.749933979128091
-0.382122144701473	0.384163146017833
-0.383954819711838	0.454319498082077
-0.391712840383359	0.478340309846847
0.0663074796736495	0.285435572516087
0.217938562630599	1.14786196252353
0.0264059910318386	0.0678475654946645
-0.0320521286205898	0.0738557382375815
0.00277689878213567	0.0056604793993575
-0.13857075822038	0.317837330753052
0.238523874376338	0.678788801871082
0.0249832607581763	0.0465230686589036
-0.129419370814515	0.276039752428985
-0.209995828741871	0.518939188042673
1.2510144957844	2.17163208976095
-0.168092011937973	0.204667471443731
-0.0468589553889101	0.0468146090958161
-0.626056024634588	0.718172435756854
-0.69740892397299	0.548464761957373
0.593982923561624	0.311004053975875
0.408595078041482	0.334670440304004
-0.227323524788056	0.208629807038211
0.853043802612618	1.52521347788733
0.0338679934223812	0.032169314165064
-0.609759548749767	1.0094762769309
0.0516756563901349	0.202583689977161
0.100047798903312	0.37451530706185
-0.0271292965573409	0.0659185825680121
-0.0356536948353139	0.0802670314049026
0.0649872536646459	0.129997077921598
0.0674789640575434	0.128988833964296
-0.211521758288518	0.232944756332892
0.22234312957135	0.291230765241635
-0.158107867265369	0.108209657891461
0.0129816768287672	0.00706601440797942
0.780752670405059	0.460139063480307
0.140891428288908	0.060904314261619
-0.0658154376899673	0.054062216132287
0.147193749091198	0.13982294227244
-0.271714662056384	0.339217541890564
0.153664230687453	0.162950505641974
-0.98729939307552	1.96650459415213
-0.365187422071931	0.370814511440484
-0.183627313874513	0.182136028806295
0.00119842644729295	0.00403168273087724
-0.0531527957081549	0.186900984075837
-0.138832942796488	0.476146635570007
-0.13956628383147	0.377891241551432
0.0326637855715159	0.072450481291665
-0.0559263650813103	0.116992425361103
-0.104971376238943	0.242036361671819
-0.312940822807929	0.869657468175251
-0.155543371629264	0.295169736743864
-0.21507792745963	0.234382011544661
0.0551821880432826	0.0651883025138718
-0.716838691308628	0.24822899409895
-0.723081962585608	0.252158286122281
-1.13492041310201	0.349384486959602
-0.618737201948444	0.150559036504414
-0.461640180858382	0.304597695474855
-0.645451448189035	0.376303536014925
-0.984370173910544	0.498898517233409
-1.66454781100474	1.6818870437244
0.0299371609319432	0.0225635426321811
-0.0139611179898369	0.0118275936727807
-0.0890657931606719	0.0944783094655357
0.132110220518367	0.138107069212813
-0.532190812356412	0.92839709141364
-0.341799046889911	0.457043067051225
-0.123594353644434	0.133819032191834
-0.231788964591119	0.24097832694031
-0.924940066949081	1.58786272939625
-0.29790787195434	0.318211300936602
1.13414729637411	1.89437558888551
-0.0625262049130163	0.0512477572922051
-0.105098435219362	0.0833820122799912
0.0895608382304761	0.0797711365838983
-0.16663178307572	0.155508600726198
-0.418020151510115	0.389096088073921
-1.04430361823071	0.831186643769677
-0.0333061955608278	0.123683737985337
-0.0397674385876782	0.134209035721401
-0.0927536825276438	0.263313201302977
-0.0362916591354663	0.0889553064243201
-0.067298030332032	0.143096655131598
0.117699409055698	0.132119861462762
-0.0200402642938034	0.0237119687181434
-0.157195368460947	0.0576515802947247
-0.718248637886495	0.248855604025161
-0.0618667059355226	0.0272089423776807
-0.418191016243751	0.233880815111448
-0.249690151078803	0.122874890361744
-1.79541110556836	0.406108159138969
-1.16828233204575	0.664354418938644
-0.794019394614175	0.436048281445909
-0.18053452693853	0.123230472615023
-0.218718934280166	0.166440498671011
0.95412692194845	0.633751502261364
-0.788322922667579	0.510655364044452
-0.313025901077638	0.145867946745732
0.179924509607532	0.128073867617031
-0.0781681429224217	0.0742876061957094
-0.0851355459131863	0.0847674569629989
0.179783059821832	0.214727945294616
-0.273658713721705	0.335371966447434
-0.195274970535795	0.190865295778873
-0.318276673788333	0.319907426769626
-0.110577402101389	0.0976582503027691
-0.202098916809744	0.18639291166787
-0.216690795000497	0.208458204616961
0.188425100991861	0.162017460683101
-0.831202405444716	1.26596798617814
-0.00437393336855393	0.00339986675626585
-0.0516629791236822	0.0429558244175716
-0.0255246590019508	0.0166218193802451
-0.316741430056004	0.364324393725177
0.019259088166803	0.0159912730857345
0.36791401044443	0.408938825345782
-0.309770117769185	0.272403647788326
0.502237880917198	0.311328079705103
-3.45549576669823	1.25034460620717
-0.942548870085386	1.05646247813218
0.0908182517817898	0.423075267626214
-0.061709245702693	0.215712808247474
-0.0250758717463988	0.0675838488396455
0.0699931672372425	0.194166693638115
0.179182852203414	0.282332257847656
-0.773489905113118	0.345369609584891
-1.49099625807477	0.776999131898863
-0.119405474980033	0.0700093872310721
0.541767248945669	0.31307895787247
0.146144485108508	0.0632564690119536
0.157056474373317	0.0303984095560313
0.146849141005884	0.0568003585590321
-1.48866528318237	0.764073155818911
0.141192906646216	0.0548578024293243
-0.0649851681725604	0.0286426741891286
-0.304112965244932	0.139218646199766
0.955419727157363	0.645014884756396
0.153714414273349	0.0663339432849221
-1.2763835138898	0.579924457963148
0.154050490761234	0.0462665288164102
-0.793570597140759	0.435822933786668
-0.166645609548897	0.129356905880575
-0.31675836404173	0.280153858191203
0.183936849122089	0.130754241033079
-1.27972810930448	0.589686215814511
-0.723410423381345	0.740891039745907
-0.0321490377036117	0.0326472189773355
-0.372100354568519	0.528752115087066
0.0419067621655302	0.0369149157546854
-0.624377744964399	0.826342659192462
0.949575040042337	1.48922951448603
-0.0996036158726985	0.108157570195604
-0.0967418599615727	0.095106078007939
1.07791384868336	1.72969142241628
0.138224663992534	0.130351995995337
-0.2974590682609	0.321838738553019
-0.0436920325287881	0.0372182577803508
0.295496864844655	0.344062380010075
0.032748598009508	0.0289710628430344
-0.246274136327311	0.247885093277259
0.0369947965000932	0.0322149686071058
0.51213987214397	0.611233107219864
-0.0427434131579156	0.0324876088325659
0.61520718971008	0.321074486053726
-0.320585541810201	0.147864865354696
-0.494619916511312	0.366503826126008
-0.986278366936517	1.23056781778531
-0.0370191237775591	0.136755158548318
0.0214592451050438	0.0661909520281631
-0.121910827776939	0.403500461097728
0.0451751260211357	0.111616209387141
-0.147689713388894	0.054302242157111
1.3227368260847	0.589790860233971
-0.347555636251828	0.100540132112443
-0.343816891455429	0.0996962776646578
1.06098976382229	0.521455442172232
0.545817346191811	0.303896733542658
3.04523050309071	2.28848188140451
0.531382337610688	0.19416479166435
0.137841810763024	0.0591964005693457
0.602399360462441	0.31702619831985
-1.14016935299318	0.348638213237076
-0.391596429523513	0.165058821848111
-0.801087990197071	0.865874169620813
-0.612873341669273	0.665637401881017
0.285500717235724	0.211200917583698
0.523670606978157	0.190861849447837
-0.389086203960453	0.265249918686701
-0.217909039383727	0.18294446075078
0.267287846651675	0.240503721639233
-0.244381031353025	0.252865705012788
0.178378878967303	0.143140218217206
0.609350589605708	0.74432913009169
0.512554416481654	0.514576984481862
0.266691680545423	0.249918809551666
-0.142995006776465	0.12013989190253
0.582680943797604	0.718841244354285
0.0974480813151707	0.0732160224660737
0.0371251521700354	0.028227317167488
0.112502904415213	0.0874026099754678
-0.223379019392499	0.200193567739258
0.364052780968087	0.311412138480893
0.187614985442884	0.164303847933674
-0.0052744976088266	0.00353070625695501
-0.214124284853454	0.177955550099539
0.0560031604993028	0.0354884093918107
-0.271605153773621	0.168695267923381
0.678233728913857	0.322034529176371
-0.314613132014802	0.144463734637101
-1.81814593327299	0.757477944035012
-0.202156669111766	0.135520968437453
-1.03173548799336	1.14129875810293
-0.589699579148496	0.602159914938673
0.0484464158958767	0.198768456393532
-0.00531622682185819	0.01637243441293
-0.167977381914266	0.65544015828141
-0.146164273960567	0.483140483933834
-0.0276635053334632	0.0129458939715573
0.474952652555735	0.320388400035844
1.45351865984672	0.48998410568291
-0.0967814521612491	0.0391025954476972
0.698047801915747	0.44148564194227
1.23792843721456	0.845425205372407
0.433839108163082	0.328167496697066
1.24080741943626	1.19054480156543
1.38935775331285	1.02299221818943
-0.990637842627347	0.5048777109982
1.94559344770435	1.22257677446934
1.77206491776804	1.01154720592277
0.0252915573490742	0.0135638721529273
-0.682026781248558	0.470461432521518
-0.328751747421002	0.292028714995224
0.0654982821637471	0.0450104728482124
0.566461920823061	0.703679065920738
-0.0663404192151828	0.0291756320885271
-0.963030610418928	0.587658678872052
-0.795614234682307	0.608911861740459
-0.181639831020335	0.168453934804795
0.0249226814079054	0.0214846292841629
-0.251233503951506	0.261423078587861
0.863772074506854	1.15472399024866
0.252597182968634	0.274902661628828
-0.700176718130683	1.05998391690353
-0.0147032472430563	0.0124740651918794
0.393329476227468	0.404054424539778
-0.0438172539121344	0.0362899643990433
0.198692171011709	0.180317096733905
0.143904671013392	0.137299037555649
-0.28921519114104	0.313148762813998
-0.0839333693305468	0.0686417111755178
1.42549645938496	2.54588576530401
-0.255019869547809	0.247601736960856
-0.321495749165399	0.325487386826595
0.523074522175283	0.694717175365279
-0.245599319131437	0.23496018942165
0.170173444031108	0.123554479589817
1.52632970623829	1.27690902030845
0.807526724518901	0.343708246014619
-0.327742467199212	0.193515793612195
0.459087432003692	0.423720420911199
-0.565013648288207	0.510407941384014
-0.38966576760177	0.164314321058485
-1.09520749354672	1.27919470706047
0.0602221178317386	0.262162403819719
0.0059837487063011	0.0185428128881569
-0.179738838600339	0.771063434927544
-0.079107254812749	0.228197886672072
0.331964633461667	0.182430440387226
0.176016321049582	0.107170792059057
0.161694559716164	0.0487970170518378
-0.222901125507273	0.07385839070143
0.442978582599905	0.181030757263294
0.161910749638676	0.0490513039831909
0.167770503461791	0.0953026933688391
0.984412785182335	0.771135216316949
-1.34209061046796	0.840132865863597
1.08379466584866	0.666153002755587
0.671962209900591	0.212991948191992
1.07439805913142	0.652161317500427
0.442788089425193	0.181172539640702
0.920556964928287	1.01275199077663
-0.132738943424426	0.122319820906414
0.0208077135366139	0.0147926689508617
0.169963921426897	0.12004728182659
-0.0775088805970513	0.0469466578275558
0.436051221892724	0.178450617932061
0.416493651951031	0.328439693175506
-0.350938474986263	0.380410016733435
-0.531961672240254	0.51784551389017
-0.500720636239411	0.263661115582235
-0.0136548839249807	0.00902162402883917
-0.818930995239417	1.23443338147282
-0.384179174451277	0.361873233852036
-0.559913791121965	0.60922704348876
0.041384100878213	0.035291495014516
0.574960067480935	0.965725854617105
-0.314679823224443	0.36179627418896
-0.0851386839305568	0.0767486385432388
0.613749378358011	0.796822771229683
-0.0128531461620855	0.00988803041506093
0.651979107633859	0.930725224356063
0.0198882127846365	0.0160378464505377
0.019475879427777	0.0143758040911504
0.118029783637953	0.0989799660424
-0.272679664082261	0.282568488346967
-0.30353523123261	0.308293377083029
0.320041648316999	0.342038886280055
0.598481760590843	0.816106344593534
0.308566349296918	0.326735611018137
0.241127847910551	0.247933521705363
0.0536242598469526	0.0429057738014132
1.1008600666005	0.827156350952851
1.32803391147169	0.592399691809221
0.0719680405740471	0.0459144818645379
0.432663098296797	0.426600391440072
-0.577160748436006	0.519325731209356
1.05626658703627	0.52286567479763
0.545230122992673	0.526979120553771
-1.25286897295601	2.23025024703116
-0.443376286878298	0.433654285417218
-0.0372864705405342	0.147978089904031
-0.175493607567984	0.922271540662292
-0.273584763208598	1.39472857182518
-0.168403571979031	0.542582925648172
-0.164494174818772	0.316089606320551
0.0149175315681648	0.0334952275109668
-0.331690676897262	0.198193021194366
0.525131259349727	0.192999914873943
0.144360057617073	0.0496936999572725
-0.523171029238127	0.20323286573159
-0.658154629082641	0.388579463609216
-1.93579131126831	1.81788734987287
-1.47886350474632	1.03699061371494
1.8823897289653	2.04092649965076
-0.391319712919088	0.267413905963312
1.26430611791548	0.706355064237183
-0.774797596745505	0.346403427121627
1.89212375536734	1.59659001114968
0.187080396764563	0.1372822620298
0.347088632271924	0.314308374943479
0.419450218854982	0.404898503021163
-0.0710885611951149	0.0519853832600496
-0.213727598854133	0.159275809459587
-1.0248480889871	0.413348830270468
0.0107298135624691	0.00504701685178193
-0.283248599268019	0.290354261832576
-0.274502250983082	0.297893822310271
0.0947826057080335	0.0706188214986328
-0.0961350083724767	0.0691338949943764
0.0441590816917879	0.0411988684767401
0.00416186139521579	0.00332526567944954
-0.0254249762267165	0.0214051712937644
-0.987486199514273	1.22724207836092
-0.164328680717898	0.164309629692811
0.20413822246862	0.193953524643529
1.02567351171847	1.83779313825016
0.204396154149374	0.199313242792777
0.101890734605396	0.0787277500092104
-0.183840205684656	0.193083721253711
0.00467026031477318	0.00366734070524936
-0.332770782762499	0.376925024461208
0.167336483023821	0.145221892148891
-0.00492891353739943	0.00372724900841178
-0.655193902704789	0.933570851162691
0.184463286926482	0.181398699818889
0.267800398556067	0.247549291573849
-0.287111837553478	0.178965199815725
-0.989347254003255	0.503518651055263
-0.791820461764227	0.74163696223187
0.0209712924561801	0.0152759120879436
0.115694703317982	0.0945228600071332
-0.609582492901003	0.296208939108801
0.184993744143945	0.146064269982624
-0.0176562857777003	0.0115820483298748
-0.00826407375486558	0.00639742543425088
-0.0291961439432849	0.11416353483956
-0.113110442384787	0.501872778794217
-0.124837498142536	0.438964575012601
0.00295375907943771	0.00500072146680713
-0.0573311356985651	0.152809695456658
-0.100362670783243	0.294660741777212
-0.0642360638664249	0.122154714545767
-0.394926556522254	0.271752506828854
-0.771731103251104	0.34418423749677
1.24334182895335	0.840201078149448
0.582555773508467	0.551303808503893
1.25314532346628	0.868432818415009
0.60869817112492	0.315110115837584
0.433736870450855	0.177466012567766
0.822132458857381	0.349455376962626
-0.516529822635571	0.198977874731484
0.143136711727664	0.0743187009959143
-0.0170568609026921	0.0129862416975346
0.20426251982232	0.189176331135485
0.311182670814344	0.336986837514861
0.0683707987792356	0.0597432559615936
-0.135240269975781	0.0945701609479479
0.391377590712201	0.178942731741699
-1.46964892737276	1.00816530499873
-0.170632370058511	0.158889250635816
-0.113268417137991	0.108324284537231
-0.143239205700008	0.113979109938856
-0.362616173696654	0.38810831370873
0.0602893224890228	0.0585185064577035
-0.0784885629888557	0.0745254614254847
-0.174389382544902	0.18488902885047
-0.789081662337137	1.12545598778521
0.723426806807689	1.1207919490622
0.325700234616609	0.334143789607202
-0.347862578193843	0.303935335059102
0.0436290269397049	0.0377606393842859
0.400800318872695	0.407443741894605
0.417774906815412	0.578046786067128
-0.222308955595433	0.233819764897154
0.257835068412677	0.262347063695441
0.76071973245018	0.905924514327848
-0.648212853985433	0.991924560558629
-0.353226755545248	0.333342789497067
-0.0726888954824359	0.0437873179217493
0.142482706235465	0.055536351134023
0.377594617000771	0.329379361904129
-0.0489726159943217	0.0405473275432483
-0.297271256717712	0.285633832927942
-0.344718928168882	0.101170101330633
0.185272863454128	0.141366774791588
0.0415833625123627	0.0314480061102822
-0.740775912928595	0.851225175900931
-0.859184474361494	1.02079456937699
0.0258091341474988	0.0961427093880832
0.00869498128984199	0.0266692374572115
-0.11818305066102	0.381645645784573
-0.0398022536069132	0.0983414376293292
-0.175802018745486	0.414560132199733
0.0101491834904663	0.00557514504679318
-0.530113495452228	0.203568083312847
0.150056620761467	0.0582853017514104
-0.00634973022993961	0.0031224255132084
0.667707600864019	0.67968241810704
1.08636610475799	0.660570085328971
-0.277262697444564	0.171343438748421
-1.67499815241046	0.965853387101135
1.325541173279	0.596317804415036
-0.321928052881765	0.148620007821186
0.32849392662423	0.180589822762817
0.0929164905776469	0.0683469215241363
0.373743387706861	0.325747225334079
-0.407564954379075	0.404065089608348
-0.108697983379723	0.0959070429622558
0.278731782813442	0.196127176512395
2.27260389883151	1.77149188743178
-1.34508091646047	1.3107083602769
0.389406823446722	0.4335681120289
-0.13626580080331	0.152652519632333
-0.374299787692244	0.5107129144751
0.0543673492395285	0.0549656199558277
0.0149342300523744	0.015303893877408
-0.189330547850927	0.209933807914417
-0.102557238842993	0.0914940018030595
-0.0731096155062747	0.0665296644632109
-0.256580510799873	0.188372027792516
-0.791720690498249	0.795434615699446
0.00814510935504976	0.00592125352274454
-0.656815888371631	0.668275498523688
-0.345127763628341	0.363476204525552
0.0292235148357203	0.0261822695006214
-0.0301430119938889	0.0254843158020404
-0.310231478132374	0.317900734454296
0.346346192860093	0.326742191626447
-0.170289535583622	0.145253461365145
0.256370780211092	0.241324499315195
0.31764777078536	0.324477288887424
-1.13523371584312	1.24716188613985
0.0695814388772086	0.0544896754507524
-0.158466029677387	0.124440818695716
-0.621929168029813	0.796656748404623
-0.474149528200489	0.52907667385143
0.0119594779184067	0.0104354408293194
-0.0600143088296707	0.0445197263457312
-0.0985975655162623	0.0715414552090715
-0.525335160168346	0.204442902704607
0.857218731330597	0.617860122638992
0.586273544272767	0.725776141114042
0.641891570135445	0.673480052317256
0.668515656075028	0.214587613419762
0.180537286907199	0.142150698365755
0.00797140708061155	0.00546814374444009
-0.596829855281673	0.614565976007804
0.000768074933763614	0.00252960313279426
0.0909830087828567	0.336143503520138
-0.126176945586315	0.436859736672794
0.0232604358874884	0.0599455886915994
-0.288437091270055	1.21071796223014
-0.0297311801432408	0.0608214772492629
0.642545240320158	0.448289079932989
0.145572833410173	0.0563319648036502
0.896059499172306	0.480564293840846
-0.401307165700661	0.171557584514759
0.443337551236171	0.311961125355156
-0.400628083641634	0.314661215275723
0.323513853021337	0.17570803053977
-0.179187211429163	0.122264066176893
0.188329193154557	0.133061109846575
1.1145815600906	0.970481835701354
0.157676441099068	0.0830983556787599
0.51141638637416	0.437517581282628
-0.228267714680752	0.205614852743216
-0.117695825815631	0.0937966389709187
0.126139555673717	0.106575467570814
-0.22705894787437	0.204306410276468
-0.23885820608407	0.197674068964266
0.789019978122338	0.468447693202419
0.614088490045947	0.654746007403112
0.0972898455999898	0.100238898159673
-0.265628776220646	0.304730780949123
0.622969014871435	0.859260393005923
0.332165549008539	0.43284254324813
-0.253492189461807	0.226949170561763
-0.287598860405464	0.32365042253518
1.07735380161288	1.63469582647039
-0.094421958906663	0.0658809149315004
-0.661309409376122	0.682275345229932
0.48110972894663	0.583208392911563
-0.20988089920724	0.189805962607262
0.687036183752982	0.77794658988073
-0.346452405241862	0.302742946916084
-0.584012744291836	0.565549668264095
-0.0205232847126157	0.0156141156834935
0.885655728331134	0.891273639746466
-0.156378129823784	0.0878998152176968
-0.253690933774378	0.226893486897152
0.11136926813983	0.0865574335275332
0.28799677345472	0.223917268719829
-0.866491906711563	0.98740556113778
0.283901702459034	0.210900228604517
0.827917595807273	0.938549703357058
-0.367199244634998	0.309202819327991
0.339598539255113	0.326596805445795
-0.216252295871342	0.197904242736047
-1.02570346627174	0.904083806163862
0.983660968587997	1.33929734186168
-0.0933211224758304	0.0733171083594237
-0.164910547034223	0.112908333762398
-3.46565187005015	1.2332115832778
-0.315895430548921	0.252399590750976
0.0359147789988405	0.143570040776661
-0.00487584130708589	0.0162066425078031
0.000666678790589813	0.00155336882774088
-0.143200914318351	0.352290745437142
0.00333978177821319	0.00573108560041536
-0.290305683400671	1.37511315155243
0.227523062804113	0.671771201388513
0.549057802785659	0.848388410276429
0.620497273249908	0.800956100412039
0.319254828271687	0.388165963381711
0.308164659848842	0.356532474090504
0.743769927276055	1.21394506398135
0.838727291816557	1.15434747454428
0.574816663392257	0.633640364454623
0.513196322131603	0.812895843684788
0.924013885490768	1.37364956737099
0.0644173473953623	0.0541671192012857
-0.122765678444172	0.115269804139709
-0.0523403299635526	0.0552547080998737
0.119594758536948	0.137394350197294
-0.45223828783483	0.6040324106537
0.830227146349608	1.52823168057038
-0.533753747665435	0.713146835107686
0.26398653744401	0.236377084471987
-0.442954011004027	0.543022082359449
-0.039148370096296	0.0433923795588455
0.00768914419724553	0.0093685733114326
-0.179944427865198	0.199405392978024
0.705494451420735	0.697204586894194
0.864606911974105	0.629002195989839
0.262301925033672	0.205755608686355
-0.459712066075574	0.302571385362056
-0.399648187357903	0.273605674412498
-0.397687008593396	0.223293332797784
-0.99160532010116	0.505778587229041
-0.607671765120053	0.295628314805008
-0.579475278022183	0.420725413518884
0.463417853141082	0.303637446110737
-0.43328945157206	0.329855367189733
0.0205089265110691	0.0190313149837622
0.119868811799313	0.131629062043673
0.014093610286924	0.0150816842702895
0.200687452489998	0.194410979586705
0.677270326933679	0.695810344550069
-0.0170539262311222	0.0131934517163182
0.541138650668129	0.446666078964712
-0.0636231255213636	0.0399848720055648
-1.82075874395846	0.752445452911296
0.325177955122028	0.194592536169746
0.148934951995851	0.071768587151444
0.4476103620845	0.182889634004332
-0.333115462031479	0.199072134000318
0.165465958127338	0.0780345034113555
-0.256894414079835	0.12785015818825
-0.956666218475379	0.589212254250842
0.35193921702214	0.19147932787923
-0.394705602565663	0.168162718287586
-0.553712209385288	0.349268800992085
-0.543887014168297	0.339116492128059
-0.21366429006336	0.159844869316992
-0.211459388395437	0.273408195831977
-0.239915692607495	0.343227570671974
-0.586928757685836	0.842474303560982
0.138594863296233	0.066047624421457
-0.022147810746333	0.0846486026639713
-0.0608886203495437	0.227773456172984
-0.10423510303127	0.338978447106847
-0.0688846888088346	0.163322825988913
0.499568100167454	2.33694591653827
-0.229468015478243	0.853876326455566
0.156838500797673	0.355052940422984
0.528589751534086	0.686150828442921
0.360343694535669	0.406282184253309
0.920998252936877	1.60610548031878
0.734119195852361	0.808400437484678
0.196841726815054	0.177969559803268
0.118779513043358	0.0999312079286445
1.16197070375712	2.04243333347352
0.473039434457529	0.525045869314097
-0.118807612877278	0.117950638142275
-0.793963058639149	0.997253362742484
0.724575775402536	0.974708854107738
-0.389370566175448	0.366804554387452
0.300410438569968	0.361472312265221
0.289977975211635	0.338544218210277
-0.211550851058875	0.24686182171023
0.066790644987999	0.0645994416727966
0.0599981109931516	0.0483369479439943
0.256777931726914	0.28845337270606
0.689632944191568	0.784781156724866
0.229547765684291	0.250354820055723
-0.10337807857449	0.130688773197318
0.253916197832393	0.288398630688797
-0.117761083447741	0.0923035391879982
0.416666451909934	0.418434333164924
-0.200015032188685	0.17994610008854
0.490422516127646	0.429881420156386
0.288089360626378	0.231364224762423
0.0411861578578781	0.0237516978426665
0.170978014658562	0.124674416740263
-0.00523869229155574	0.00260486066113818
0.530291376531957	0.432662932421832
0.163177076567477	0.0920052447929307
-0.561558517064294	0.349454247482595
-0.791494814054643	0.677094923653132
0.427573267717923	0.298482452727014
-0.848095856028959	1.09865823671559
0.320343672746844	0.413610933333309
-0.296763907526505	0.356599425838189
-0.14047574986485	0.140345974815756
0.977422222891027	1.32659512093804
0.0522419096177509	0.0408368107378967
0.287332752423896	0.203719356240208
-0.00323972062748451	0.0016509765248558
0.172227069494584	0.110717677702572
1.52738653885765	1.28668895544531
-0.202190027160527	0.106074349651294
0.142229133781411	0.0680132031691806
0.0138159733295759	0.00753390552772309
-0.0000961483044239331	0.000147661957998011
-0.00142085454331029	0.00078027413141816
-0.222695068591131	0.0735779431251597
0.040913995886073	0.0235181269384649
-0.214578671555675	0.196215453376803
-0.184394867585805	0.204137703295284
-0.597245398256922	0.722640503440401
0.00552711236421038	0.0190990488227115
0.0499406061135936	0.16828397860132
0.0440819902723454	0.104318712224765
0.105598471233963	0.285492849459179
0.0946167493877544	0.25545669107729
0.312450940425339	0.865862664375327
0.395289911441973	0.4207787495529
0.418337952246656	0.431282949845732
0.794294362765974	0.938967898212868
0.0694957115341618	0.0463145353542259
-0.785219731641322	0.508226733256072
0.504271200520915	0.429512312711731
0.504774061443128	0.508643304668631
0.0790540918070924	0.0550664434348906
0.698861836449804	0.865829667932116
0.285914394156066	0.210585955163741
0.540690198126079	0.518853094155991
-0.349730696931623	0.305608445047747
0.35735414190818	0.335727083828652
0.0572437638453596	0.0530979358110164
-0.544354825549422	0.725366848189971
-0.05625548057465	0.041811906889779
0.472106671726078	0.428426181358743
0.0999065490937771	0.082259115623604
-0.138937659798156	0.117266063465752
-0.120744354599007	0.106934096196763
-0.127282356076326	0.144595110590546
0.822507019481601	1.20498509424055
-0.491697172573089	0.542872107671051
0.195125289309521	0.179707889423335
0.747995318924136	0.958850153577076
-0.542832272804044	0.533594572722621
0.283206480758449	0.200348671716642
0.0251205543562865	0.014435901462561
-0.137800973155519	0.119221278161919
0.253416200814648	0.307422746541452
-0.00394780136111491	0.00344931427096286
0.0878253750250596	0.0636436063621336
-0.641591636834493	0.609978318044998
-0.0329133253524067	0.0210469368032482
1.54465642989314	1.82873371878967
1.1257869608803	1.12765983456986
-0.333346838461519	0.234242333397927
0.0617147102280977	0.0395837717576479
0.0517674594667433	0.0316897019654579
0.539904011897414	0.441253032998373
-0.156376302735703	0.106254055448559
0.305046491254176	0.218932195644318
0.132057761201625	0.118215687445922
-0.290352690301645	0.34984129786423
0.14106042150546	0.13211753302131
-0.412946783705576	0.466632587545535
-0.287581089909659	0.324541504885168
0.115930071302733	0.0950084876668114
-0.443438705238299	0.484504807199494
0.193585429700564	0.162184190469248
0.302689200773643	0.205273308492713
0.333910156460827	0.198977854424821
-0.7873701421203	0.671580642517009
-0.989308118058508	0.494728600673855
0.0405101555650806	0.0233150576361098
0.0422181288903079	0.0242461713540942
-0.608667112439295	0.491429920177353
0.561315059299048	0.441802918008507
0.36357465556152	0.182958554090402
0.0488852973383572	0.0280589950946704
0.706423824756887	0.448139465374285
0.312456909556706	0.200024422452503
0.0275013800222498	0.0157832544451202
-1.4602214024625	1.28863142380579
-0.510767456647734	0.265707860822641
-0.987570547406215	1.23633122659693
-0.0112860678631793	0.00749734399962325
-0.478153997726239	0.398029096726425
-0.0457654353257469	0.175934581496305
0.201196593260972	0.972499992074548
-0.0379604392654327	0.102371427366171
-0.113859532184656	0.288741266375552
0.448913336143107	0.432234126765843
1.02244702239072	1.30117250585797
-0.0163981200544551	0.0108110922757192
0.855142144041745	0.624694223372641
1.26178287543093	0.70565851418639
0.509575754834183	0.319710833661208
2.13004433420919	2.09288149238469
0.602062299873961	0.554777932862675
0.932645557200098	0.887174006800125
-0.0630168932557263	0.0390019561076262
0.993845242046608	0.802643896796475
-0.987201892148249	0.501812284307561
1.31865663304413	1.4959361248793
-0.390054779432716	0.367315494902117
0.821588189391875	1.12202097994242
0.324552110329619	0.307827887014219
0.56911561477556	0.627101825588562
-0.141802237945548	0.121884609533834
-0.667608006023101	0.685297918994079
-0.935353608854026	1.0529363784919
-0.309525485915914	0.350703826642794
0.537245701967397	0.759199333392614
1.01280473661981	1.73007287132461
0.00631566416926356	0.00549769625233016
-0.0121439713918624	0.0114285879047121
0.673972758435711	0.930583922879689
-0.0648297031191428	0.058840368643699
0.179811742053649	0.149512194185752
-0.219924724866737	0.184548630483616
0.396400038587605	0.432815600320625
0.0822571883200488	0.07159021737861
-0.148431973610967	0.144469961100784
0.0132688096350445	0.0116135572472176
-0.234455599507631	0.240780757180757
-0.634296499816124	0.737239715318408
0.419438642518614	0.420869171065832
-1.25966318015698	1.90221218013843
0.161310790417989	0.120033201458435
-0.155810787610075	0.122655683530042
-0.262373752590485	0.193620450869316
-0.32758344368942	0.291796387679746
0.0304955846953686	0.021736576215147
1.30243278741486	1.77442826965486
-0.531129374885379	0.585819429233458
0.314148005889208	0.352556526999804
0.312131767364456	0.213169771620588
-0.104684127551218	0.0612998053882859
0.405919742200677	0.332000021957802
0.787639169085146	0.837381717458675
-0.359815623532683	0.385012106343166
-1.15486632569264	1.49043753463929
-0.940036025990659	1.33141087713482
-0.22932489912789	0.17172300080389
0.265084916057203	0.232009350116041
0.164766227393188	0.105591677196151
1.58660890170658	1.67827757926612
0.0727674541818993	0.0484836743350648
-0.0416895430424856	0.0264593339179753
-0.349102430943831	0.306973537201778
0.171303078075783	0.137639923702005
1.09743931219537	1.36351562997173
-0.887535209936365	0.871341633184188
0.786828233584084	0.737354498568814
-0.551978417851225	0.347296108175297
-0.714177882097293	0.674254891330844
0.165355302775413	0.115710866085827
0.978564450184112	1.04789984127878
-0.143810336150437	0.112759388457256
0.0658907036898987	0.042409609769264
-0.329867876187878	0.315618352508506
-0.0117905999101281	0.00781485977084125
-0.02453309371467	0.0886472873400676
0.068723799271575	0.251142108416275
0.0570319365667237	0.130761205516381
0.576965185529273	0.548239968631847
1.42484086464167	1.54505417927726
0.666328847433823	0.679906877771769
1.03654154158417	0.402707767551167
2.26829396205187	1.73757050571518
-0.247375434072875	0.123418370108923
0.537307219404332	0.305712419906216
0.531831923176557	0.43183988178873
1.05722058030373	1.106163661939
0.531080448558741	0.432815106221729
0.150776927580539	0.0790633583671963
1.78566382260107	1.01250100815393
1.45177970899331	0.920694758552088
0.385952021649203	0.175278906002336
-0.587315801703697	0.679383905163565
0.235462671741338	0.254024717437898
0.558471296131799	0.694124428273433
-0.360517834679044	0.365478067218973
-0.73519699697944	0.886439117865664
0.161827597706243	0.0770641855281209
0.826534100499874	0.954861784824027
0.289929420035399	0.332798775669411
0.0402912730993174	0.041396503115211
0.212920165498222	0.274763881598521
0.328636537204196	0.408370298633745
0.357865820020375	0.502890471101689
0.200231784444133	0.247282013002789
-0.341048207006057	0.392670884728605
-0.171719222931382	0.193279704073414
0.0343301292065464	0.0337586319521209
0.303791074174035	0.333583732962196
0.12886433627633	0.150349634403588
0.328191242084369	0.398736648920697
-0.558711755353059	0.930822367600871
0.790644708594493	1.16393927718495
0.478318918527891	0.500058773458364
-0.00472699753384889	0.00403147004892634
-0.229409529916799	0.222562994466112
-0.0773700248216821	0.0749645972408914
-0.28547666104971	0.32172643643724
0.168067256466275	0.189779457062814
-0.222670592774013	0.228617474633758
-0.0535518569482129	0.0451612264417721
-0.221448602455474	0.18290454724786
0.878120897365446	1.15647436891417
0.176977475248608	0.123911601641796
-0.41583213120222	0.233546350549483
0.612371424883889	0.319404551608445
-0.129090971367187	0.102716743043187
-0.271046249710322	0.259674296645302
0.503332032851936	0.525535392926592
-0.160171411136839	0.160655384506091
0.188746698151634	0.165420142406208
-0.459798132960278	0.510251331768378
-0.533229038789984	0.516091513966235
0.606398603530076	0.738805617261218
0.02451987747587	0.0198419150525302
0.267286681396527	0.25299144258249
0.73018983291651	1.05327986678268
-0.6024821568132	0.623191402190236
-1.44184450195759	1.52748672724993
-0.336873694818704	0.34430450133437
-0.172751364197035	0.146770728409828
-0.146087707614627	0.126967109623673
0.185824234098709	0.158909166196805
-0.350701189454217	0.279181941077328
0.0218536420650631	0.0181459186839538
-0.34647239606211	0.367904362033213
-0.373877194726697	0.395421289799281
-0.313502999101449	0.277398652222613
0.0668926410974143	0.285911937051776
0.153875240117928	0.650338054690168
0.182953504002855	0.159600855057798
1.67967178472536	2.93413381327736
-0.206121741122037	0.108960503579984
0.589253209054386	0.303418347935228
0.419374697286577	0.313017941445137
2.69949048142326	3.89388885232271
1.39155480765953	2.51927716607321
0.381830294514793	0.321825810883529
0.279160921251299	0.223270216802363
0.253586009674802	0.218683474597077
-0.0909588499115647	0.0364191606543234
0.507818288637359	0.316588231626659
0.0183406378226944	0.00985014107018764
0.194167690186473	0.204336845890154
-0.332006785916239	0.391702272891697
0.0108177180635124	0.00896933947931352
0.101249382971147	0.100938039569717
-0.423114482627233	0.47031019298286
-0.0353702985444746	0.0164127918158924
0.256572561884451	0.246411049408333
0.35123885006668	0.521611552817507
0.177380686881517	0.23462752894855
-0.0451180259757673	0.0478946172765357
0.50669004370428	0.823138298678878
0.435149703347331	0.69709519841325
-0.290325855377996	0.361686761174097
-0.454986742642662	0.625036045139455
-0.0404458635976279	0.0398335605446646
-0.0800129752047999	0.0923989989690107
0.45086517884281	0.647799408767817
0.0570011717915367	0.0602781912963034
0.341701540346406	0.480601158326353
0.253638166323743	0.306293634898173
0.497748013725344	0.668346357899539
-0.40504178371926	0.47796744146982
-0.0592972195678145	0.0494033454331762
0.362336908325856	0.411028379926945
-0.412016423600226	0.498543986250451
0.124088848131125	0.109246388848606
0.186907268916254	0.167019593514287
-0.301329598977459	0.304797013212768
-0.502897198561144	0.583380635143912
-0.373376637423501	0.417103194717993
-0.552487362315075	0.541388395705302
-0.289062080568802	0.207809684506076
0.017765840554029	0.00951120912645933
0.184859051813208	0.158495818655463
-0.143545718806854	0.134033961730806
-0.364867356026346	0.380564942122769
0.205858309688217	0.201799860149658
0.133176615220314	0.120392667537377
0.101103949826046	0.0778903574774863
-0.0204786027446665	0.0154857947418091
0.425403341314045	0.503616762107999
0.833849132867361	1.22644895233553
-0.0657395169323209	0.0485169657014458
-0.0421933333507017	0.031778342313964
-0.355583711124603	0.359964762623965
-0.429995392506729	0.448627416116023
-0.240774395960449	0.19880826991015
-1.01446308358624	1.19299940112008
0.116163874958025	0.104559092139369
-0.231910985106817	0.195931213895941
-0.0802710528033512	0.0640349396593202
-0.145039695803045	0.126518194735302
0.139401549848958	0.837430035792209
0.242288400238785	1.66024692158429
0.470222063272277	1.98386399137418
0.400019258815411	0.945232083505644
0.648472261310125	1.82672648009329
0.337870301625545	0.706162770507403
0.411916765302776	0.862529844232361
0.542257078951193	1.2586309614942
0.270746678911853	0.459846777350203
0.311610140353908	0.543879802162028
-0.23639501977978	0.277326975300136
0.353982692751539	0.59031707673171
0.393383244576307	0.601980495394443
0.267126780568847	0.401312145088224
0.0215695425290377	0.0274516913611273
0.246615545908812	0.407882796779363
0.0934069311673792	0.156504907037051
-0.343806920698279	0.624757377157001
0.147046313871963	0.200120585121412
-0.55375464962405	0.909361094078156
0.309945108103863	0.437314981127024
-0.000397058266816885	0.000250490161211133
-0.297977230396145	0.591602103805705
-0.44307180039259	1.20771435253364
-0.37311782905909	0.568769009267142
0.145495391445875	0.134617830630847
0.0340527761628976	0.0256938404439975
0.0175297739383556	0.0129471942615434
0.272505828754705	0.21765353933357
-0.548481291426417	0.57076583743933
0.954476298506959	0.935570385369318
0.384064159045269	0.334213686737606
-0.475531853907682	0.401502570461369
-0.149831456163484	0.240464646620234
0.300434496060187	0.359454494980515
-0.0607930891553157	0.0453209572687612
-1.6129193602169	1.89083847167621
1.12553738565845	0.997638792228696
0.532051271874288	0.29734174740692
1.41609726759479	1.0575600422125
-0.490319662196534	0.257008236910691
0.856353542145525	0.76789751599215
0.172290661634584	0.116071815501302
-0.692479959049823	0.539883396477736
-0.251065266194051	0.12574294419594
-0.0485638497909983	0.0481898821971678
-0.736938761544288	1.50780462287778
0.280742972573307	0.397855414742906
-0.511289132525834	0.703800730605816
-0.40976634745718	0.375872127230153
-0.242603424516819	0.2509838345107
-0.0986252412341398	0.0571961002052563
-0.903373888539237	0.750193104104862
-0.800230662446261	0.684481067304928
-0.689303760254871	0.545240139181443
-0.895249935698541	0.721916622193375
0.151919904115097	0.0517281410127947
-0.0517594640890035	0.0225036189276219
1.03773179442616	0.400174057999191
0.370403102565206	0.184913143207532
-0.200163655898935	0.1338146556138
-0.397805791869607	0.169070006272473
1.06704465495995	0.526749638672329
-0.0323018522370812	0.0151495093677067
0.33937660386133	0.187473410645589
-0.797405997175815	0.679981115621979
-0.23155170080968	1.88613677931984
-0.289322890360649	2.32063093472301
-0.2119056004982	1.22899752585107
0.504017709885805	3.36275783177598
0.266645093096265	1.12088008538323
0.376001325638683	1.65879122281917
0.0848104703821436	0.195602758710267
0.192763365095146	0.491289322637876
0.273091655177132	0.742955415786471
0.251458416130408	0.668503061067296
0.144625447117107	0.285021119671817
0.0828284126672755	0.134502906540628
0.357765096544231	0.861852533391373
0.239007301288708	0.453138378796295
-0.199812036252814	0.289108872731301
-0.050085941863166	0.0696066564857586
0.0922744011184806	0.121638311992797
-0.458645996736369	1.0633701449449
-0.118580101414605	0.177678602893592
-0.064541651652403	0.0967715107939805
-0.61563913331354	1.62593345365254
-0.788414171327808	1.96886306796385
-0.751327573178269	1.80195160267661
0.203892408549601	0.26418933127455
0.654761001410507	1.05751390861389
0.095543589693664	0.102288364211886
-0.0422578534400911	0.0550409383543823
0.0427802197629254	0.0613888904938869
-0.250144787158548	0.184630069855943
1.33265266380857	1.37783413049852
0.949258001001531	1.13154950393036
0.140891428288908	0.060904314261619
0.386763363908661	0.311892093088648
0.632297891417645	1.32046454733244
0.307043828382083	0.324521792581544
0.871075410413848	0.857249124441656
-0.282040029113924	0.176621575022711
1.03287240703905	0.959706590589288
-0.98598220863811	0.498754751168081
-0.802001557757813	0.528442547817415
1.38462264323824	1.03451246301889
-0.405263815871636	0.279098626101752
0.144616061493927	0.0500253520513714
-0.224366804519632	0.0741231334290571
-0.31491311102244	0.34092967840154
-0.666122729254958	0.727981937059778
0.100080775176259	0.0764466847173132
0.632668301661437	0.430401916657653
1.4486107344182	0.912810140512687
2.35481657035742	1.20953636231127
-0.0849920033560419	0.0360091476800578
-0.101848527109922	0.0410558052055211
-3.46565187005015	1.2332115832778
-0.223445396665255	0.0731100986253306
-1.51425919312654	0.549483381615373
-1.03956100972855	0.416698220086428
1.44614237430383	0.901056759972134
-0.724716701361779	0.253084880212333
-0.525335160168346	0.204442902704607
-1.29036537030714	0.59556127294321
-0.14824536315368	0.976608703494636
-0.0900559173690633	0.449941358381303
0.338290194462575	2.05498635293197
-0.184188351803885	0.847995271369211
0.0564352747075173	0.167645986310421
0.00895969216802789	0.0179139735257934
-0.184508576074956	0.415379711264312
0.0408943362089665	0.0704911696032374
0.316322167759917	0.904035490181791
-0.139414478615454	0.376660557275218
0.000138335165354765	0.000229822473860109
-0.0548902570332881	0.0921393355397933
0.345004055935467	0.728721756592854
0.340633893744231	0.438426210539878
-0.257261584785834	0.497052731449133
-0.349356826909439	0.622255605278919
0.0384347208725037	0.0465442571488012
-0.219664673448101	0.486075140563528
-0.108135878550511	0.203647263351955
-0.311211993737293	0.680989832939664
0.0556076595786754	0.0639026064576676
0.218906519594502	0.287421702926404
-0.176897075468338	0.209322651082909
0.108354196648971	0.0815327420531636
-0.124851703677007	0.089092222971861
0.194433920305303	0.371684736267016
0.182395018178364	0.325022071564609
-0.718248637886495	0.248855604025161
0.144360057617073	0.0496936999572725
0.386311910035253	0.175824599283655
1.57582095063623	0.803772600889529
1.77212150753567	1.01570537138898
0.423180105367067	0.557649367605079
-0.538234805096108	0.33347725760798
-0.609520921070317	0.298082193005535
1.33086270821398	0.600615079200926
0.783966562507124	0.470513419818828
1.45351865984672	0.48998410568291
-3.45549576669823	1.25034460620717
0.165310764697054	0.0422104497686673
0.816589194314741	0.34883309060809
-0.342366844950387	0.0999187527730966
0.15217592618318	0.0460645385354346
-1.79522376365631	0.406159618358576
-0.69381539817189	0.550631243346601
-0.772182500121502	0.341486733486944
-3.47188363391602	1.21825851918708
-1.0271278658152	0.415065471794964
-0.398776817471561	0.169595465995923
-0.339689629328073	0.0991873938654728
-0.624582031923329	0.153403426322781
0.150987968499307	0.0459422956002911
-0.356890995770702	0.103287401814614
-0.00840045648131687	0.0333112817508427
0.14506495656886	0.799929786177885
0.153299930914219	0.698992892213654
-0.547849160908764	6.14017510861358
-0.251611480735593	1.49386141048354
-0.405696299232547	2.31254202618105
-0.560822900404327	3.18348117679736
-0.495840416245356	2.66576087318954
-0.0646847296354454	0.157801973046187
-0.25744193895007	0.986907892966786
0.135572909345185	0.379741620698717
0.272289820123957	0.811305956514297
0.260468151212397	0.611725032535164
0.296231329167451	0.445949167471727
-0.359145445035423	0.885685336896633
-0.351218047802853	0.686948976393493
0.0213126666163278	0.0302154007211588
0.251615504855065	0.633929273577416
-0.000288204952029473	0.000419750309142201
0.193008198781472	0.376009583038848
0.323800976893366	0.551783910262578
0.344613564519401	0.582723300120065
-0.26416883113877	0.332253475826153
0.793000121085128	0.92947945872498
1.10391086144742	1.56233497016132
0.315711649884233	0.694168747692505
0.151314274394144	0.252680275032279
0.389042090995019	0.326360358396063
0.143452831699835	0.0555931267323073
2.11630521628039	0.969154823351082
-0.15305394996009	0.0561503783181607
1.02970267836685	0.396112309053988
-0.764305964970616	0.335843765598723
-0.49798515368296	0.261713818740242
0.64255549875116	0.956145565453111
-0.218747016072675	0.0723005288061521
0.670883773275737	0.21573252817249
0.133713415351955	0.0459944313368274
-0.728941560495149	0.254842900527914
0.807526724518901	0.343708246014619
0.380932240609193	0.172705339295055
1.45986014199587	0.492707629107706
-0.62982953293132	0.153685936034785
-0.221755533699252	0.0734151122801483
-0.719676344791863	0.77851607739405
-0.391980786203289	0.218030665195915
0.159212251484153	0.0837696016288573
-0.783336226727165	0.347829987541355
-2.57450915234243	0.686119713628322
0.158853586683032	0.0400451082866164
0.160614285616072	0.0483709724331317
-0.0691225103300539	0.337957454065192
-0.161618206724882	0.946878784523969
-0.431257111469842	4.29703926656821
-0.465201833950982	4.27460512918641
0.229811331102129	1.03794601160632
-0.183953084176771	0.666878001793239
-0.204212189044366	0.69209224270612
-0.182174750695539	0.564288311835555
0.0688362051496926	0.165785628195986
-0.0124294592343066	0.0217280124444342
0.0283305882802421	0.0438410493625831
0.0548006266519956	0.0888662447390489
0.474173521843968	1.12479116311744
-0.164521349260252	0.246267343468855
0.0613146733853694	0.0909360048745696
-0.121885519968743	0.172587849054272
0.0803190634436669	0.118466451529704
0.194180225272845	0.287402678981625
-0.412272202014988	0.784634370985888
0.121158361125911	0.179130785464184
-0.026073889826755	0.0273158816549242
-0.207779010388314	0.265011561887383
0.412409804984343	0.611934428663243
-0.132308054938605	0.133684893511735
-0.216878531453279	0.161029736239532
-0.213325625190253	0.278877444672877
0.098532995748432	0.122927433491479
0.445589415454943	0.319028638331856
0.169949891779772	0.103545645829338
0.795183825252466	0.618774290619016
1.44648409303505	0.90506573855407
-0.617214662001483	0.302128791616088
0.597967633327538	0.311325999370519
-0.675014672477396	0.468626391070064
0.762787341951755	0.994007571286764
0.165703599263383	0.106172446404523
-0.318549134966768	0.147968784491397
0.525131259349727	0.192999914873943
1.06731705195172	0.522552099496788
0.148114271096296	0.0576207920642664
0.903111944782587	0.488330149065764
-0.0999454745239706	0.0404223584776093
-0.145094145721108	0.0530266495888326
0.130850214142744	0.0505576404339629
0.702713858372108	0.455271945280924
-0.941772560221318	1.06373580827066
0.057202795462186	0.0365343414172852
-0.0826978580552063	0.067882035797325
-0.335514688463847	0.199252718089063
-1.51396593073936	0.54893460092185
0.294797044416042	0.211376817657108
-1.14016935299318	0.348638213237076
-0.100541686409457	0.524366941307067
-0.130099037576725	0.691712898568251
-0.14131645121754	0.615114788466178
0.635494611688484	4.3445318672338
0.259251702773051	1.02028191007189
-0.304184346795548	1.28551827181141
-0.0898069630809294	0.231292252831565
-0.111860118306795	0.286756470904761
0.102753234453914	0.158678093736121
0.212313652866921	0.326261535403378
0.350279761787987	0.751307232490516
-0.315053907810795	0.54743613214258
-0.152279755007928	0.261789001182006
0.0591251267239056	0.0807411563006206
0.0398303992786605	0.0539416543285035
-0.0835133568080228	0.124680241006973
-0.0516137707720319	0.0545847956429978
0.0408392467965445	0.0384926891628282
-0.447496964199157	0.699676539451991
0.0251137194757936	0.0263484310125058
-0.214162778452196	0.210105217131068
0.381061004532407	0.467786027268564
0.48870947051741	0.597221521970506
0.60817259085709	0.742993579638386
0.113814432535749	0.0949795310607974
0.996329128629145	1.84726670004667
0.0949100542419452	0.0686974020294188
-0.0378003967568462	0.024600487714922
-0.531270584306061	0.436596296394653
2.3934570057423	1.98857236409298
0.32432758017639	0.194081496745135
0.358073887607423	0.17916623489427
1.05117606859614	1.09747150942392
0.656015030035343	0.689906205739195
0.921047282107205	1.01237444397538
0.286292712927115	0.212387563801764
-0.462871088190873	0.306943899681266
0.942473676885557	0.629116925262022
-0.15387456759466	0.0564152538997517
-1.33664710942546	0.831543144285792
-0.652231516084271	0.387848222520974
0.383524612842682	0.174494602639641
-1.02734963908132	0.419609489752489
-2.07668472925752	0.970984741633118
-0.232901567784737	0.150996335708138
-1.15761838991419	0.990313368755375
-0.222901125507273	0.07385839070143
-0.163360049441566	0.0592738806217109
0.0470241661717352	0.210794045981811
0.0406643130907033	0.168726276621562
0.547325879516229	5.32855109332482
0.054177993311302	0.150447156764758
-0.259156099645415	0.956484800430328
-0.411863235967293	1.96720315626663
-0.0863517806906757	0.207157899618485
-0.0331155213802176	0.0643977977826579
0.356459182109248	1.07132947017996
0.182821691322882	0.396101718208505
-0.0804212087008607	0.12706228275989
-0.247653310607508	0.417597546788197
0.313351409181734	0.646006872345825
-0.46232976445913	1.0553515232522
-0.103525148268518	0.147858012599291
0.352178476765854	0.696039934030361
-0.140681022822489	0.220341125942372
-0.401559370571868	0.839486763390381
-0.0209235515635787	0.0225023830299047
0.022795118322298	0.0217250050750521
-0.312106878019481	0.404744620400405
0.62396063847165	0.809574742278787
0.245546138530283	0.365001659598337
0.13247852964155	0.174261749931733
0.187725372481966	0.127124659989398
0.339035132470656	0.184585867200869
-1.32769752580164	0.834470038647384
0.152484402607638	0.0519933534877938
-1.17235997200697	0.66993438710555
-0.794985111051708	0.439133388740415
0.0371995196813144	0.0213467970556249
0.274206463218404	0.254120556657075
0.839280455948474	0.97203186122482
3.04428182055361	2.28347343466708
1.77206491776804	1.01154720592277
-0.159813289197473	0.057588428785493
0.384655966483163	0.173420789070504
0.532741912476932	0.194574887814862
0.530234735136755	0.195115554796289
0.145881738286716	0.0563345780387698
1.06401084594047	0.530069212232045
0.160384885012197	0.0410552053935884
2.10559930382807	0.95497332014476
0.143445720753174	0.0557160838352611
-0.590172183023226	0.427819633659915
-0.00518005891641942	0.00357755459282189
-0.479060307819672	0.520249856165269
-0.724832779293065	0.252803415831091
0.0268628827246581	0.113214654889129
0.0240258141961083	0.0869726589034503
-0.203847459199501	0.882237284756925
-0.322944049003823	1.30944695138075
-0.384796194478822	1.75611723974238
-0.342114535745818	1.35288110635786
0.255927820909466	0.97691733445839
-0.140153235993077	0.373350646656468
-0.0688615485917024	0.134418792058809
-0.108238709224426	0.175428272927994
-0.84741706731817	1.77988045073422
-0.26892389945206	0.51682695433555
-0.254933677898364	0.414768340317843
-0.0270680237766394	0.0351489927027867
-0.0817613687521141	0.142026884076434
0.0998285082456218	0.178010357855343
-0.12310334495178	0.19764420687807
-0.407127239188513	0.55123032201053
0.659169681384826	1.28217827730921
0.303361628157406	0.336112946433184
-0.231921036024177	0.175493024838102
0.125248453580728	0.169738162150282
0.443993325379845	0.88980471016908
0.160959647708679	0.0981274761657477
0.352183775835726	0.177552989302329
-0.104966324124862	0.0424807019377
-0.15387456759466	0.0564152538997517
-0.339689629328073	0.0991873938654728
0.954295652698446	0.253211023347385
-0.39811919819778	0.169202407581422
0.200053621476952	0.185218344304065
0.510284415333621	0.318456679693566
0.14578809704916	0.0630904017830651
-0.342049627515181	0.0990466327294158
-1.03325215422487	0.415989175731178
1.02812537071345	0.392269342637904
-0.213949743951339	0.0700136617235171
1.8219271179281	0.726018448121517
1.83013272208757	0.725092822440417
1.81384811378872	0.711979528312714
0.40652418768588	0.318697421814214
0.272238286925129	0.232618941438343
0.432482500217958	0.513039262551106
-3.07880362658843	0.963967696821091
0.797704267178443	0.612384631611641
-0.105502849650028	0.596370146538089
-0.160681687847236	0.905474356360557
-0.487185260754535	3.83754132190353
-0.614699666378063	5.27973551671639
-0.0994337280397543	0.32278491529733
0.0656407019963946	0.205706718193908
0.208681151102976	0.733278134740004
0.163781437764819	0.493279520167164
0.23103014165456	0.58094223477597
-0.217911863967318	0.309030835898168
0.220896334790742	0.418913371616096
-0.249459388477541	0.372906295161776
0.0404870850707928	0.0525669100888136
0.110541467741108	0.206255123872075
0.304716631131678	0.744903100004337
-0.176856411738016	0.293570822987361
0.898699887893967	1.85685656995952
0.239729467502009	0.274110194480577
0.360007832507606	0.434080837205266
0.0942174684988127	0.0684980857641221
0.237860729762807	0.35791121667973
0.45110333240699	0.882369955635786
-0.343816891455429	0.0996962776646578
-0.725896158891892	0.253805951910148
0.382122023414715	0.308142355869015
-0.216233327172033	0.0712426822696432
2.11260268209087	0.963178522665624
-0.726014434586772	0.253129587844998
0.166760634916841	0.0427859605507963
1.45606145484126	0.491057209685398
-2.57936018855439	0.682903044011602
-0.625469527156518	0.152450282737538
-1.81814593327299	0.757477944035012
0.138920554075148	0.0478149779208171
-0.500704223426342	0.264177648854507
0.432969582803418	0.408708158304047
-0.720604456465959	0.251721589615544
-0.611371308748672	0.298911636167104
-0.0274222275875105	0.113685329577317
-0.243464974473293	1.78538432232949
-0.276904343544149	1.94426553153634
0.0698002285614791	0.267762518589639
-0.133961161169399	0.538947312176624
0.153378459164826	0.488736148195807
0.0588586211926753	0.142183590449926
0.0933387963392599	0.201955415262633
0.227276398512882	0.497016205669655
-0.0377672165617332	0.0612600306728816
-0.0346217190255372	0.0534636142614113
-0.1706655956956	0.341859970997595
-0.00853113268022326	0.0122774165779884
0.117202463971955	0.193477602075773
-0.216800633497938	0.352318993553388
-0.0198156172231109	0.022321047547245
-0.142114062347186	0.177283248516872
0.356304623577393	0.178778894074059
0.26152608034838	0.246488058609489
0.0942174684988127	0.0684980857641221
0.143438162521888	0.0625567083820941
1.58927113156479	1.69277099222284
0.165310764697054	0.0422104497686673
-0.624582031923329	0.153403426322781
0.160384885012197	0.0410552053935884
-0.497141333788721	0.262511633184996
-0.149434619660561	0.0546867535304298
-0.768678966005281	0.341072860478295
-0.157195368460947	0.0576515802947247
0.0625654211307499	0.0401737631985399
0.166444144305558	0.107523166130157
-0.410134615359017	0.231548350647145
-0.151833642356274	0.0557212649548327
-0.491296765489358	0.259071267837472
-0.0556478972285906	0.252872858640992
-0.13102139571281	0.712989137279579
0.0985171629217022	0.433896852318962
0.021252007699393	0.0597002243448623
-0.0305353977157294	0.0676802819658958
-0.0377033300887125	0.0848034131500701
-0.245821457690824	0.669754314623484
-0.134789152898673	0.274230423754415
-0.0613402429163291	0.116113002244202
-0.0961481082679157	0.178998945600243
-0.13792697914254	0.261823083663696
-0.44539303651449	0.988581833981428
0.584722475706811	1.34349533287387
-0.237966414337587	0.417713952178206
0.400833883241796	0.656000867205026
0.303265280665176	0.443286108942947
0.00574928450730602	0.005254020260639
0.203011298119763	0.211737178273217
0.339430390360049	0.438680069893747
-0.562493351203922	0.590306835011612
-0.183271033530847	0.152954735103243
0.783500070043406	0.603596368027683
-0.61034981008363	0.296851575272232
0.960249644819235	0.636191437359371
-0.337052788373784	0.0977805881937846
0.139263887816188	0.0542111153871456
1.06272834000266	0.528167631870496
0.0166545459492075	0.00896129881815785
-0.568378850119843	0.509973967678388
1.5659427926885	2.11474181979681
0.667998554448181	0.213489165347249
0.547794134653946	0.453806929100101
-0.0856390049008528	0.439354522680403
0.0211717138281789	0.0800514154974807
-0.300370600597031	1.98171879125671
-0.0338506264796833	0.0868816762712966
-0.087278639165016	0.236620622852128
-0.0991468376124785	0.224222778655069
-0.204023630750223	0.484001935220273
0.249258290342746	0.646637383221367
0.027548457577094	0.0493762983927558
0.0860275798746322	0.170621950328856
0.404575148033508	1.00113132218784
0.121000964701181	0.21017816597118
0.482777003086267	1.23446962424647
0.288251689318361	0.470157562466491
0.177713447729097	0.229007758808066
0.0450598163567339	0.0437998920774812
0.159470180725455	0.181543671340461
0.253562868767795	0.273615795965301
0.271125144948263	0.402147404407878
0.130050290189089	0.112591149289054
0.319957834344358	0.203813336196228
-0.351639245332709	0.102368245698131
0.705169135867992	0.454972866975357
0.444539463073101	0.180992405831587
-1.02734963908132	0.419609489752489
0.4476103620845	0.182889634004332
-0.400191062507513	0.167744125981453
0.160400851667561	0.0483731984970343
-0.16093666540973	0.122660440932814
0.0676940118338429	0.0432649406633649
0.278590697628474	0.229646598971015
0.163474565767456	0.0849998445044992
-0.115202853919373	0.045377118505661
-0.135786875923361	0.0755399014742866
-0.113023790493063	0.645588340886632
-0.380440380567298	3.73608110811111
-0.209132270518899	0.979497441317054
0.00498450085678073	0.0128620996326489
0.0852332168465855	0.217981930729626
0.277026827929106	0.801210650667727
0.201519623812188	0.490192991010166
0.0184512624673286	0.0338360535959583
0.243422338042526	0.633188934731597
-0.257661080115757	0.595607186662309
0.224726450134589	0.447601159220201
0.118079580839429	0.193658780183605
-0.114321490794118	0.15272756171774
0.691099434000024	1.45714849222018
0.391161319218815	0.553396466955999
0.564241626639271	1.0963503103214
0.0290907368323451	0.0339418589755876
0.343876217228872	0.314228040153136
0.388012940249955	0.177640021767954
-1.69475410834055	0.971099161896769
0.362141216943204	0.182588614174649
0.149750850350904	0.0579097867673353
0.36357465556152	0.182958554090402
0.54927771558812	0.305898489090891
-0.773826407262892	0.34645590203316
-1.03325215422487	0.415989175731178
-1.27739737104297	0.582756555170029
-0.0564608017407755	0.0351240525913493
-0.330503667188177	0.195598285173684
0.0750615007793443	0.0481294657284314
0.00464557877496524	0.00213731409089565
-1.02788827854837	0.413279702589203
-0.0331244402146668	0.143449384358592
0.0961259728802411	0.457450568155315
0.187687912791145	0.984193737066447
0.365718120030444	2.0152456711608
0.0249495614194748	0.0432594672221459
-0.221257979635398	0.66198356623358
0.138790418073475	0.318550330109746
-0.132247923764462	0.297061323706396
0.405768003901831	1.57692345521728
0.466165070905553	1.76718173748812
0.397739312059823	1.08636074061798
0.618567873460817	1.36526921014416
1.01367916153924	2.83360473023994
-0.252650349321228	0.303574866870645
0.542023414247639	0.625002166956898
0.598665718393562	1.60800719790523
0.263093336271261	0.473664652148252
1.52657709275405	1.8104024586602
0.507009959017699	0.180612462764826
3.93125144766702	1.74152412237937
-1.29036537030714	0.59556127294321
-0.328890291389915	0.150152208210628
-0.248385377437634	0.124004320015847
0.153568454289862	0.0464103165581933
-0.723310015883846	0.254344357266946
-0.725896158891892	0.253805951910148
0.350625955967586	0.329486678129622
-0.0585932688322683	0.280467297823127
-0.167286710564567	1.0359522954651
-0.0636451538045848	0.220347843304171
-0.329013145290109	1.20040595730542
-0.175880067238696	0.613907948543679
-0.116433155362007	0.322437798383315
0.0711067910848838	0.167710210018956
0.413923392489525	1.96220654705421
0.610938151379916	3.59836385742398
0.440258625222417	1.54167634759135
0.674772630279186	1.71822104802183
0.686923314487393	1.96585625645007
0.474943031127438	0.942128100725407
0.827819563714544	1.49649776595871
0.736125971417509	0.708313704298142
0.163929257014708	0.0859950474929227
0.380932240609193	0.172705339295055
0.142679564838216	0.0491455222440914
0.13706800358494	0.0592714190876243
0.0597122214306216	0.283658647557458
-0.307225529931424	2.60137014142418
-0.560823827244987	4.45047499810906
-0.358216667997505	2.19495239439571
-0.517900063439227	3.85069777967999
-0.291919601092728	1.43839947478111
0.218367164718995	0.848154010378989
0.377458393274262	1.70045269159982
0.0443517205564277	0.093557052553907
0.528755286357174	1.46830245939479
0.947571860065817	3.08354203790212
0.573706761598892	0.986412784921921
0.278219493370683	0.20626814835111
-0.342366844950387	0.0999187527730966
0.613169025637673	0.455242824735374
-0.247375434072875	0.123418370108923
0.364352236715314	0.182216370208909
0.359004248683021	0.181132689877048
-0.339689629328073	0.0991873938654728
-0.143220896237013	0.878817954940213
-0.0496678519777946	0.194541611455076
-0.0610116237746825	0.236224963618203
-0.297147923694896	2.04514818043308
0.0252992849034519	0.0801856092067101
0.173426338669432	0.719066728938216
0.676144509043961	5.21462136197064
0.604186565046978	3.74556450882406
-0.043593279128235	0.183599814504409
-0.219714321242309	1.48363960608139
-0.487679977084362	4.98841605177486
-0.163575751216297	0.779431073088116
-0.144483288894676	0.454971307668368
0.4020190740073	1.52958584478689
0.26075139622743	0.878982071072019
0.343318232418167	1.00852304277862
-0.113450330915739	0.659750104803537
-0.0396843367824401	0.16325625404568
0.245121904378384	1.53654968847415
0.201894216422635	0.96740407602558
0.591257458471801	4.55277515755344
0.492777554550124	3.03018939007743
-0.0659926778549198	0.313898013338152
0.0770196858720432	0.337223779189293
0.0464091890727426	0.148394424634783
0.72372467074212	6.27861280583635
0.166630959802089	0.583646353362212
-0.251040629923944	0.124546351634297
-1.32462135234267	0.811164410040028
-0.059300994643187	0.0447710327122194
-0.00396719017722029	0.014834610014229
-0.184782344527189	1.12826052979258
0.452528878170938	3.89446248664228
-0.268941905765083	1.49674490886204
0.289286779109253	1.16889283999039
0.146923762007403	0.0508196417525894
0.143454093747517	0.0746195604629944
-0.339885594562518	0.24159679496876
0.074683518911899	0.378240825805169
-0.211838498179538	1.53357501533237
-0.597272433426864	6.31275024836875
0.182397320927199	0.629892884023233
-0.774797596745505	0.346403427121627
0.146835585674207	0.0572347599611663
0.669440224929851	0.215480111776117
-0.514834701041321	0.197110526569579
-0.52402013054653	0.203694200281952
0.345002168956388	0.34508658527529
0.273878240533637	0.387351081363561
-0.0998349598908737	0.548564494704775
-0.434159086974378	4.63114403104772
0.485870568620292	3.80768486883656
0.6493518792076	0.584734687924471
1.09161111391359	0.671588751155722
-0.0939514203635847	0.0375186490087306
1.06298049234632	0.529003721857717
0.38575563568936	0.174240346498304
-0.315507627916533	0.145067078062968
-1.18417817260437	1.20238464954662
0.262672550775565	0.285040358932455
0.196814478159349	0.205395563385717
-0.12979044322853	0.788122459199666
0.31087184982702	2.60382738462147
0.86535646209296	2.1215907478152
0.140129053206756	0.132372403907142
0.0258377831978501	0.0239075265363489
0.21991193384962	0.544873138283593
1.16048444654233	1.71094607832268
0.818538287629334	0.830776411456488
0.745839429088747	0.724904505077838
0.354537298752309	0.177603257316678
1.52797208560956	1.80221112156461
-0.300979756846426	0.137887906118855
-0.23020444408269	0.194148978578565
0.201861416919729	0.209554974422024
0.00444496915012006	0.0164644304251841
0.171390990797142	0.968533444037588
-0.0232038128572465	0.0730909868436638
-0.488965995725054	4.12524513434123
-0.0163829565532863	0.0434692044953511
-0.242693644477455	1.24632349582859
-0.166052569619777	0.654765074958757
0.315014041213052	1.1030289748459
0.221345019729846	0.500884535117268
0.213898703991155	0.370630272012308
-0.134053869271162	0.224415748279802
-0.00458699069973681	0.00590362668757497
-0.121900941773339	0.157065723652574
-0.208597317533889	0.290939292816751
-0.123114789387966	0.165259545625078
0.0520035700638095	0.072552327438867
-0.506671387681153	1.96103106624805
-0.353742634515261	0.755471428884133
-0.530259109525687	0.927412377133121
0.0680295291463515	0.0665961879108905
0.294484377276782	0.319924615704816
-0.275279584224809	0.299864643551239
-0.387703399937036	0.416023987136868
0.184119136458115	0.149064599112926
0.319945382994283	0.348163776432994
-0.246270447149153	0.181323178600451
-0.172963917075616	0.154581170108709
-0.168735864542867	0.143612282188608
-0.199363372433581	0.15193925866594
0.240297407633431	0.266088302060206
0.0114059307951679	0.0443161667239896
-0.26563085409383	2.07185432356579
-0.192339942049572	1.02944064146781
0.193955194629063	0.817845309112276
0.098487974458066	0.360774423934102
0.296631894147034	1.51531029023319
0.126636825454898	0.31015149998197
0.387461677843307	1.25391099469882
0.0800536562298424	0.145352414873518
0.407057288897437	1.04076556991662
-0.252632918818571	0.534009869450031
-0.3737020526837	0.834327302025089
0.0101554373300566	0.0130160899943011
-0.0386288653640172	0.0515069121208289
-0.3834950275831	0.881176285682612
-0.297131427329564	0.8156894233751
-0.0849846038625248	0.138668065603257
-0.531504827916241	1.05970779552564
-0.233513729803569	0.356132642067861
-0.0823800625732106	0.0922218635092138
0.299081690292808	0.400889585713934
-0.367073375189062	0.49415352713322
-0.494079767339425	0.636214677889666
0.0878273460302415	0.093708551126411
0.145588518444171	0.144233820445048
-0.506664462077412	0.765293256127832
0.448811319713073	0.502833174873214
-0.0916611258659863	0.086693802356728
0.0900598249735179	0.0976709631172549
-0.033061682384717	0.135539918096717
0.0625206718002666	0.247692592093768
0.537160451128289	4.06923642045427
0.413488818422512	2.90497623800959
0.366381715914288	2.00876400064735
0.363116972280146	1.36303547007399
0.305453236248443	0.852225689424136
0.413958534611333	1.17802394337525
0.214654062640582	0.435438925020935
0.206158391332043	0.437198334001424
0.330674171436488	0.623708687080165
-0.156236539758308	0.251431882757132
-0.213993543901494	0.350346863212694
-0.372929157934472	0.894129806467731
-0.439621591433353	1.31947079802391
-0.161856833772836	0.283118375276122
0.384587720955866	0.671637525655231
-0.175490713796016	0.23036490895821
-0.373966979785267	0.548788586176118
-0.346535111655891	0.425910490425815
-0.0961808520019338	0.101345529808624
0.054587403297409	0.0514081865516756
-0.0775782877934723	0.0840851216440129
0.0397922400533697	0.0408823262928803
0.337303848648269	0.380591520299818
-0.589078994523286	0.741178324976625
-0.300625988827033	0.305867323221213
0.0532841435009431	0.229753555297384
0.0410355393981799	0.145826705048138
-0.0597364074637388	0.207111505592089
0.186940087967412	0.778370291791602
0.517294037455016	2.80657867917986
0.4512850427473	1.94403212950315
0.490525990669342	1.75974336566102
0.179172747730645	0.4074861605685
0.0280776655202051	0.0479736220214883
0.0724556733282481	0.118164050334251
0.0163697396462079	0.023579368385726
-0.457252164632156	1.14320640312872
-0.223191573805452	0.476501739849501
-1.24033234367634	8.19832299662878
-0.0966940136253279	0.174367831540028
0.0270491623942506	0.0374683416275033
0.192216671722648	0.286147009959738
0.449112790517271	0.712912986565701
-0.00264422455875426	0.0024815925480269
0.886710943692029	1.85295276880153
-0.961321651268691	1.5143511027415
0.123497056689567	0.134249791262259
-0.254973192098147	0.322754949424041
-0.607541645975114	0.95820015259401
-0.0764323559937943	0.0696349561962418
0.112365694873919	0.544058262701184
0.118083723701682	0.53953015444777
0.204115627394508	0.917595630918876
0.125884311982571	0.342025511619437
0.0161493175478199	0.0296665483244105
0.273863705175637	0.587750330202874
0.10299148680585	0.181459307573302
-0.335831139833614	0.736410916506383
-0.0829272486807616	0.115756774373726
-0.147594500395785	0.205618291053456
-0.757806879008993	1.9667720812341
-0.630398367304211	1.616146595433
-0.874551673655047	4.377004291482
-0.488681449677217	1.43463944762092
0.011724058852298	0.0130490121568779
-0.283653120751733	0.426266386723797
-0.228006061744707	0.274561389573996
0.300575013278568	0.333272522257786
-0.0526381833631951	0.0479991525471758
-0.0293931415573881	0.0243701817644326
0.318564585479618	0.353322858874063
-0.0800660611158076	0.0665812547609171
0.493923400908869	0.606949823680618
-0.0326378524956118	0.0303216911468232
-0.0272872814923497	0.0250277492637645
-0.134624114871069	0.823258389461846
-0.0849622742975074	0.394488564570024
-0.0705741027364574	0.183691524157125
0.0927600550765794	0.175413754814278
0.225672445688938	0.400037366996247
0.357790988380965	0.739095566048233
0.304573618687313	0.433855273185821
0.268219804064647	0.329806957911758
-0.360055486950963	0.485919540686778
-0.120385392796154	0.13223776314124
-0.482493371943464	0.95276833699568
-0.744812842561975	5.51850963503209
-0.320643969665807	0.611611766841471
0.759088598655999	1.15552060047807
0.30532563678888	0.329583543982664
-0.085342071377427	0.0709550548892383
0.0891157323582773	0.0642615090093396
0.488162986108338	0.445242436274648
-0.449950447192832	0.285497584428663
-0.0287124398898076	0.0186489980352056
0.103215806317626	0.074631259421693
0.420126534857608	0.328434764584976
0.84704135264957	0.869957606707489
0.0208805200360699	0.0845866908722669
0.157086798374648	0.794251949888684
0.0288772624373247	0.0745120180755891
0.154971045559896	0.392727726683847
-0.0513038038948858	0.0991883959005932
-0.0873465948891521	0.161931386373866
-0.925134858363159	3.38308243132934
-0.785443167449135	2.49307966432005
-0.625876234128404	1.82203604450709
-0.713892890690302	2.59507513033241
-0.802415061132874	3.9892913039394
-0.21157270932065	0.315998514906579
-0.705256692638721	1.47427537146887
-0.128817247963673	0.143893967626561
-0.155677987405221	0.155096030077446
0.190153147614011	0.191955569196568
0.0424467434831171	0.0383892215830191
0.00579443583328776	0.00491897992313476
0.124888105449062	0.656238270206526
0.0787848987146958	0.307911596906027
0.00299960566750268	0.00737765067953923
-0.170100976272469	0.583229134759418
-0.217368503822121	0.705725287291793
-0.537904604852909	2.5856973959888
-0.375203524669031	1.35991825615777
-0.557229478092234	2.26683857887433
-0.808929362667366	4.82091256207267
-0.585766836109997	2.95042628209039
-0.622488691154551	2.48988843761597
-0.0416028771462436	0.0656099263842033
-0.124597467026016	0.20383888676368
-0.388424463955345	0.891018825124673
-0.0186042715151951	0.0239405676180381
0.0461680112410385	0.0574305095565353
-0.122380052770888	0.182276735306415
0.163252901866514	0.246720199911858
0.113182319545913	0.568287720811715
0.123823605283812	0.530318565090354
-0.0815213609324744	0.264980372878551
-0.0797007769627118	0.239648015565716
-0.216316812010305	0.782174124173669
-0.180752254044507	0.553700657475682
-0.466944983623848	2.23632088894082
-0.472493759773923	2.21069360654357
-0.777096248115723	4.54378338547378
-0.150592777244038	0.405269677399763
-0.254733495465488	0.747832859484019
-0.247998977254067	0.645920759644877
-0.268675883563079	0.653972810989243
-0.20743207438647	0.440903290116021
-0.242591245598568	0.513671024749538
0.127210696813724	0.218178709575718
-0.154161807581261	0.30444652158503
-0.325046767319235	0.695890749227964
0.0324131795364075	0.045648545276019
0.0278128595101289	0.103717442242748
-0.107741494752188	0.453834764120363
-0.183579300968154	0.775836445653125
-0.29735845326605	1.29929420080072
-0.227608007634836	0.809381733766721
-0.120019272605316	0.331561634874962
-0.361464853151419	1.47767096611051
-0.431249831783761	1.4173769442308
-0.0260344807480434	0.0523965813404848
0.149679569572313	0.378119139438983
0.119443672885192	0.277463408791751
-0.23412323696463	0.576591473558928
0.101615289409643	0.186651660106604
0.0228495630031431	0.0386408681230917
-0.251310089019365	0.594637783439872
-0.0319919582703657	0.0523954896507517
-0.47408714972549	1.27784383788352
0.0532967433483756	0.0793327039097507
-0.0615748531663169	0.266899573797164
-0.117599924874827	0.531138688710435
-0.1487303447205	0.578946061833996
-0.254141442447227	1.06860636176269
-0.382587576626883	1.83037233275427
-0.36924468250618	1.68603354572221
-0.328956079979494	0.981192588163765
0.20944849873775	0.608488150592097
0.0254850916733215	0.0517704277479858
0.288838529925894	1.01708686832704
-0.0952916400077765	0.220300520573311
-0.125746732220657	0.263506039132634
0.153388794640299	0.360775279775085
-0.00874814464547423	0.0143179687224038
-0.0115583433474621	0.0201625897809081
-0.00153915092773318	0.00245331361746096
-0.05125489879365	0.0850618061921324
0.119432748436066	0.196489699262322
0.105705099971416	0.540191986326555
-0.0289096659865302	0.098043908818497
-0.160021264225182	0.629072900564553
-0.398529090344096	2.20645135797678
-0.463653647612619	2.5036199800524
-0.410479548780372	1.52679854913827
0.13527496746395	0.374410096058886
-0.17580195021458	0.531353167351962
0.0387008874485094	0.0880057022559486
0.209851844285462	0.595820322393678
0.150891348243702	0.349103710497957
0.398282644239066	1.37942095850263
0.118771424394624	0.242735913035358
-0.0166712722049159	0.0299179006341408
0.0294759591908331	0.0489898876500958
-0.161259900473148	0.343396385139821
0.288930375852639	0.648720923113626
-0.0346050517829111	0.131199652110625
-0.134624601944054	0.595805431667265
-0.28640009780362	1.40834237054581
-0.337845871252957	1.55483378238169
-0.0441807809676179	0.0894615096069938
0.133250983392209	0.362003725872339
0.260628208540019	0.921902856461758
0.144069990545881	0.407197873137519
0.175352213375585	0.46592415213433
0.219786041345966	0.583253477895655
0.150605700150009	0.34129832006027
0.0111241004503985	0.0174193179301577
0.168916993312768	0.37413635257068
-0.0948535270798435	0.160569000266811
0.0336495339209647	0.0566023316522044
-0.0322740599024136	0.0492446567697288
-0.0881188139515218	0.130015509883508
-0.061521051058985	0.0855803393259581
0.091593120921325	0.426336350450126
-0.124524243681118	0.522547619867042
-0.18109141565716	0.708560915242899
0.0903295504650896	0.215105942020709
0.364464486889331	1.57505028374915
0.445886027254194	2.23341924318802
0.566031894011513	3.24304586337915
0.468508652871376	2.00195593367871
0.251510063426527	0.723928897508607
0.246499491712441	0.666941233945146
0.414468729581917	1.28054394111186
0.384048722468192	1.15258367171225
0.0759084249581222	0.135546865356412
-0.103794978614189	0.185740620952991
0.106995968147067	0.186329221980489
0.0148802012005664	0.0202356123076891
0.0370073873752047	0.142085879773771
0.00111635572772893	0.00335442669070391
0.0638419455230522	0.165338200471965
0.485716757935427	3.07071241337213
0.361705860648819	1.82317881787477
0.350247925102533	1.61995763384007
0.46798991848815	2.2210534133356
0.147306796356072	0.370032381973885
-0.169035674782321	0.423462626361975
0.172158103262809	0.391923824069316
0.0719939036429014	0.143386322997018
0.0372640011838272	0.0630448268500387
0.0556727389027383	0.232477220896705
0.157677365753375	0.742358503907318
0.369880451291351	2.35584803696989
0.358523838253905	2.01954346930729
0.389284476726876	2.08049244258541
0.225882157136057	0.768948696401891
0.215640588889301	0.634035137419774
0.190927527815681	0.512419338279103
0.0233402089679596	0.0398533236386534
0.0718502802458642	0.131511744487215
-0.102977163347194	0.184392199272459
0.0975389605304999	0.49388214681579
0.142485257762928	0.70488257863965
0.430025560528373	2.51008627585822
0.19781176294183	0.63590536449152
0.461928241322988	1.88012689288106
0.249607423485002	0.590579248701214
-0.215083042589802	0.452525905192026
-0.0758057945697184	0.108820061411918
0.030229393075036	0.0398415068276461
0.190345136196573	0.313468098208217
-0.0470550450499322	0.061371321764006
-0.0273192977025057	0.106638113537614
0.0738148549978607	0.287491279130095
0.0996444280593739	0.340658320926317
-0.106490534285605	0.30718060574965
0.0325534202523119	0.068485097292763
-0.0314014831718111	0.063620468144802
0.190405011990398	0.463110541736065
0.0402417063674022	0.160937946249761
0.00918434296231679	0.0292711604064005
0.00752358519051684	0.0196344099686376
0.0391464078946094	0.0928376323435783
-0.00976575601135623	0.0180058807518278
0.0884547072752308	0.429809052052317
0.0473769109034686	0.169396272758751
-0.0483623022567481	0.134061582431312
-0.038171797747994	0.149099978216032
-0.0852881029590442	0.31074864450051
-0.0191746026035401	0.066766017797433
